 0.00000000e+00  2.32098031e-37 
 1.00000000e-11  1.03298280e-11 
 2.00000000e-11  3.80925212e-13 
 4.00000000e-11 -4.32512992e-13 
 8.00000000e-11  4.14861908e-13 
 1.60000000e-10 -4.08176470e-13 
 3.20000000e-10  4.03300656e-13 
 6.40000000e-10 -4.01464664e-13 
 1.28000000e-09  4.00480632e-13 
 2.28000000e-09 -3.99727449e-13 
 3.28000000e-09  3.99211925e-13 
 4.28000000e-09 -3.98408238e-13 
 5.28000000e-09  3.97915327e-13 
 6.28000000e-09 -3.97102568e-13 
 7.28000000e-09  3.96617578e-13 
 8.28000000e-09 -3.95800739e-13 
 9.28000000e-09  3.95322384e-13 
 1.02800000e-08 -3.94501537e-13 
 1.12800000e-08  3.94030403e-13 
 1.22800000e-08 -3.93204876e-13 
 1.32800000e-08  3.92741895e-13 
 1.42800000e-08 -3.91910809e-13 
 1.52800000e-08  3.91457063e-13 
 1.62800000e-08 -3.90619389e-13 
 1.72800000e-08  3.90176105e-13 
 1.82800000e-08 -3.89330651e-13 
 1.92800000e-08  3.88899216e-13 
 2.02800000e-08 -3.88044611e-13 
 2.12800000e-08  3.87626596e-13 
 2.22800000e-08 -3.86761263e-13 
 2.32800000e-08  3.86358449e-13 
 2.42800000e-08 -3.85480576e-13 
 2.52800000e-08  3.85094985e-13 
 2.62800000e-08 -3.84202495e-13 
 2.72800000e-08  3.83836428e-13 
 2.82800000e-08 -3.82926938e-13 
 2.92800000e-08  3.82583012e-13 
 3.02800000e-08 -3.81653794e-13 
 3.12800000e-08  3.81334991e-13 
 3.22800000e-08 -3.80382921e-13 
 3.32800000e-08  3.80092639e-13 
 3.42800000e-08 -3.79114142e-13 
 3.52800000e-08  3.78856255e-13 
 3.62800000e-08 -3.77847239e-13 
 3.72800000e-08  3.77626168e-13 
 3.82800000e-08 -3.76581956e-13 
 3.92800000e-08  3.76402745e-13 
 4.02800000e-08 -3.75317985e-13 
 4.12800000e-08  3.75186391e-13 
 4.22800000e-08 -3.74054966e-13 
 4.32800000e-08  3.73977564e-13 
 4.42800000e-08 -3.72792478e-13 
 4.52800000e-08  3.72776775e-13 
 4.62800000e-08 -3.71530032e-13 
 4.72800000e-08  3.71584603e-13 
 4.82800000e-08 -3.70267063e-13 
 4.92800000e-08  3.70401702e-13 
 5.02800000e-08 -3.69002916e-13 
 5.12800000e-08  3.69228812e-13 
 5.22800000e-08 -3.67736838e-13 
 5.32800000e-08  3.68066776e-13 
 5.42800000e-08 -3.66467963e-13 
 5.52800000e-08  3.66916549e-13 
 5.62800000e-08 -3.65195298e-13 
 5.72800000e-08  3.65779221e-13 
 5.82800000e-08 -3.63917702e-13 
 5.92800000e-08  3.64656032e-13 
 6.02800000e-08 -3.62633867e-13 
 6.12800000e-08  3.63548397e-13 
 6.22800000e-08 -3.61342297e-13 
 6.32800000e-08  3.62457929e-13 
 6.42800000e-08 -3.60041277e-13 
 6.52800000e-08  3.61386472e-13 
 6.62800000e-08 -3.58728847e-13 
 6.72800000e-08  3.60336126e-13 
 6.82800000e-08 -3.57402762e-13 
 6.92800000e-08  3.59309294e-13 
 7.02800000e-08 -3.56060459e-13 
 7.12800000e-08  3.58308719e-13 
 7.22800000e-08 -3.54699001e-13 
 7.32800000e-08  3.57337535e-13 
 7.42800000e-08 -3.53315037e-13 
 7.52800000e-08  3.56399322e-13 
 7.62800000e-08 -3.51904731e-13 
 7.72800000e-08  3.55498173e-13 
 7.82800000e-08 -3.50463703e-13 
 7.92800000e-08  3.54638763e-13 
 8.02800000e-08 -3.48986941e-13 
 8.12800000e-08  3.53826437e-13 
 8.22800000e-08 -3.47468723e-13 
 8.32800000e-08  3.53067302e-13 
 8.42800000e-08 -3.45902505e-13 
 8.52800000e-08  3.52368338e-13 
 8.62800000e-08 -3.44280808e-13 
 8.72800000e-08  3.51737524e-13 
 8.82800000e-08 -3.42595088e-13 
 8.92800000e-08  3.51183979e-13 
 9.02800000e-08 -3.40835578e-13 
 9.12800000e-08  3.50718125e-13 
 9.22800000e-08 -3.38991118e-13 
 9.32800000e-08  3.50351876e-13 
 9.42800000e-08 -3.37048951e-13 
 9.52800000e-08  3.50098846e-13 
 9.62800000e-08 -3.34994501e-13 
 9.72800000e-08  3.49974598e-13 
 9.82800000e-08 -3.32811109e-13 
 9.92800000e-08  3.49996919e-13 
 1.00280000e-07 -3.30479737e-13 
 1.01280000e-07  3.50186140e-13 
 1.02280000e-07 -3.27978627e-13 
 1.03280000e-07  3.50565497e-13 
 1.04280000e-07 -3.25282913e-13 
 1.05280000e-07  3.51161548e-13 
 1.06280000e-07 -3.22364180e-13 
 1.07280000e-07  3.52004647e-13 
 1.08280000e-07 -3.19189951e-13 
 1.09280000e-07  3.53129488e-13 
 1.10280000e-07 -3.15723111e-13 
 1.11280000e-07  3.54575724e-13 
 1.12280000e-07 -3.11921242e-13 
 1.13280000e-07  3.56388674e-13 
 1.14280000e-07 -3.07735868e-13 
 1.15280000e-07  3.58620138e-13 
 1.16280000e-07 -3.03111588e-13 
 1.17280000e-07  3.61329314e-13 
 1.18280000e-07 -2.97985083e-13 
 1.19280000e-07  3.64583866e-13 
 1.20280000e-07 -2.92283992e-13 
 1.21280000e-07  3.68461125e-13 
 1.22280000e-07 -2.85925614e-13 
 1.23280000e-07  3.73049477e-13 
 1.24280000e-07 -2.78815433e-13 
 1.25280000e-07  3.78449935e-13 
 1.26280000e-07 -2.70845429e-13 
 1.27280000e-07  3.84777952e-13 
 1.28280000e-07 -2.61892150e-13 
 1.29280000e-07  3.92165478e-13 
 1.30280000e-07 -2.51814503e-13 
 1.31280000e-07  4.00763320e-13 
 1.32280000e-07 -2.40451239e-13 
 1.33280000e-07  4.10743834e-13 
 1.34280000e-07 -2.27618070e-13 
 1.35280000e-07  4.22304008e-13 
 1.36280000e-07 -2.13104374e-13 
 1.37280000e-07  4.35668979e-13 
 1.38280000e-07 -1.96669438e-13 
 1.39280000e-07  4.51096054e-13 
 1.40280000e-07 -1.78038156e-13 
 1.41280000e-07  4.68879310e-13 
 1.42280000e-07 -1.56896114e-13 
 1.43280000e-07  4.89354845e-13 
 1.44280000e-07 -1.32883974e-13 
 1.45280000e-07  5.12906783e-13 
 1.46280000e-07 -1.05591056e-13 
 1.47280000e-07  5.39974136e-13 
 1.48280000e-07 -7.45480001e-14 
 1.49280000e-07  5.71058649e-13 
 1.50280000e-07 -3.92183843e-14 
 1.51280000e-07  6.06733758e-13 
 1.52280000e-07  1.01085847e-15 
 1.53280000e-07  6.47654838e-13 
 1.54280000e-07  4.68403903e-14 
 1.55280000e-07  6.94570910e-13 
 1.56280000e-07  9.90709858e-14 
 1.57280000e-07  7.48338019e-13 
 1.58280000e-07  1.58617834e-13 
 1.59280000e-07  8.09934524e-13 
 1.60280000e-07  2.26526889e-13 
 1.61280000e-07  8.80478581e-13 
 1.62280000e-07  3.03993548e-13 
 1.63280000e-07  9.61248108e-13 
 1.64280000e-07  3.92384007e-13 
 1.65280000e-07  1.05370362e-12 
 1.66280000e-07  4.93259664e-13 
 1.67280000e-07  1.15951430e-12 
 1.68280000e-07  6.08405005e-13 
 1.69280000e-07  1.28058784e-12 
 1.70280000e-07  7.39859479e-13 
 1.71280000e-07  1.41910450e-12 
 1.72280000e-07  8.89953928e-13 
 1.73280000e-07  1.57755603e-12 
 1.74280000e-07  1.06135221e-12 
 1.75280000e-07  1.75879024e-12 
 1.76280000e-07  1.25709879e-12 
 1.77280000e-07  1.96606176e-12 
 1.78280000e-07  1.48067309e-12 
 1.79280000e-07  2.20309028e-12 
 1.80280000e-07  1.73605167e-12 
 1.81280000e-07  2.47412690e-12 
 1.82280000e-07  2.02777921e-12 
 1.83280000e-07  2.78403010e-12 
 1.84280000e-07  2.36104969e-12 
 1.85280000e-07  3.13835248e-12 
 1.86280000e-07  2.74179916e-12 
 1.87280000e-07  3.54343994e-12 
 1.88280000e-07  3.17681173e-12 
 1.89280000e-07  4.00654500e-12 
 1.90280000e-07  3.67384071e-12 
 1.91280000e-07  4.53595630e-12 
 1.92280000e-07  4.24174708e-12 
 1.93280000e-07  5.14114662e-12 
 1.94280000e-07  4.89065774e-12 
 1.95280000e-07  5.83294205e-12 
 1.96280000e-07  5.63214625e-12 
 1.97280000e-07  6.62371523e-12 
 1.98280000e-07  6.47943959e-12 
 1.99280000e-07  7.52760635e-12 
 2.00280000e-07  7.44765423e-12 
 2.01280000e-07  8.56077552e-12 
 2.02280000e-07  8.55406602e-12 
 2.03280000e-07  9.74169132e-12 
 2.04280000e-07  9.81841865e-12 
 2.05280000e-07  1.10914605e-11 
 2.06280000e-07  1.12632760e-11 
 2.07280000e-07  1.26342046e-11 
 2.08280000e-07  1.29144251e-11 
 2.09280000e-07  1.43974909e-11 
 2.10280000e-07  1.48013361e-11 
 2.11280000e-07  1.64128239e-11 
 2.12280000e-07  1.69576883e-11 
 2.13280000e-07  1.87162077e-11 
 2.14280000e-07  1.94219713e-11 
 2.15280000e-07  2.13487888e-11 
 2.16280000e-07  2.22381717e-11 
 2.17280000e-07  2.43575897e-11 
 2.18280000e-07  2.54565575e-11 
 2.19280000e-07  2.77963481e-11 
 2.20280000e-07  2.91345754e-11 
 2.21280000e-07  3.17264750e-11 
 2.22280000e-07  3.33378744e-11 
 2.23280000e-07  3.62181502e-11 
 2.24280000e-07  3.81414774e-11 
 2.25280000e-07  4.13515733e-11 
 2.26280000e-07  4.36311178e-11 
 2.27280000e-07  4.72183932e-11 
 2.28280000e-07  4.99047679e-11 
 2.29280000e-07  5.39233414e-11 
 2.30280000e-07  5.70743845e-11 
 2.31280000e-07  6.15860978e-11 
 2.32280000e-07  6.52679027e-11 
 2.33280000e-07  7.03434218e-11 
 2.34280000e-07  7.46315143e-11 
 2.35280000e-07  8.03515871e-11 
 2.36280000e-07  8.53322691e-11 
 2.37280000e-07  9.17891620e-11 
 2.38280000e-07  9.75610473e-11 
 2.39280000e-07  1.04860186e-10 
 2.40280000e-07  1.11535953e-10 
 2.41280000e-07  1.19797794e-10 
 2.42280000e-07  1.27506188e-10 
 2.43280000e-07  1.36868362e-10 
 2.44280000e-07  1.45756480e-10 
 2.45280000e-07  1.56376231e-10 
 2.46280000e-07  1.66612133e-10 
 2.47280000e-07  1.78669105e-10 
 2.48280000e-07  1.90444790e-10 
 2.49280000e-07  2.04144213e-10 
 2.50280000e-07  2.17679020e-10 
 2.51280000e-07  2.33255337e-10 
 2.52280000e-07  2.48799822e-10 
 2.53280000e-07  2.66520833e-10 
 2.54280000e-07  2.84361195e-10 
 2.55280000e-07  3.04532782e-10 
 2.56280000e-07  3.24995904e-10 
 2.57280000e-07  3.47967417e-10 
 2.58280000e-07  3.71426623e-10 
 2.59280000e-07  3.97597021e-10 
 2.60280000e-07  4.24478628e-10 
 2.61280000e-07  4.54303477e-10 
 2.62280000e-07  4.85094264e-10 
 2.63280000e-07  5.19093706e-10 
 2.64280000e-07  5.54349417e-10 
 2.65280000e-07  5.93117242e-10 
 2.66280000e-07  6.33472265e-10 
 2.67280000e-07  6.77686234e-10 
 2.68280000e-07  7.23864608e-10 
 2.69280000e-07  7.74298191e-10 
 2.70280000e-07  8.27126119e-10 
 2.71280000e-07  8.84661828e-10 
 2.72280000e-07  9.45081888e-10 
 2.73280000e-07  1.01072642e-09 
 2.74280000e-07  1.07981368e-09 
 2.75280000e-07  1.15471508e-09 
 2.76280000e-07  1.23369540e-09 
 2.77280000e-07  1.31916252e-09 
 2.78280000e-07  1.40943321e-09 
 2.79280000e-07  1.50695770e-09 
 2.80280000e-07  1.61011094e-09 
 2.81280000e-07  1.72139211e-09 
 2.82280000e-07  1.83924134e-09 
 2.83280000e-07  1.96621422e-09 
 2.84280000e-07  2.10082388e-09 
 2.85280000e-07  2.24569072e-09 
 2.86280000e-07  2.39940970e-09 
 2.87280000e-07  2.56467542e-09 
 2.88280000e-07  2.74017457e-09 
 2.89280000e-07  2.92868642e-09 
 2.90280000e-07  3.12900041e-09 
 2.91280000e-07  3.34399224e-09 
 2.92280000e-07  3.57256633e-09 
 2.93280000e-07  3.81770777e-09 
 2.94280000e-07  4.07844960e-09 
 2.95280000e-07  4.35790061e-09 
 2.96280000e-07  4.65523740e-09 
 2.97280000e-07  4.97370821e-09 
 2.98280000e-07  5.31264960e-09 
 2.99280000e-07  5.67546640e-09 
 3.00280000e-07  6.06167294e-09 
 3.01280000e-07  6.47484918e-09 
 3.02280000e-07  6.91470634e-09 
 3.03280000e-07  7.38501943e-09 
 3.04280000e-07  7.88571692e-09 
 3.05280000e-07  8.42078980e-09 
 3.06280000e-07  8.99040523e-09 
 3.07280000e-07  9.59879198e-09 
 3.08280000e-07  1.02463779e-08 
 3.09280000e-07  1.09376517e-08 
 3.10280000e-07  1.16733241e-08 
 3.11280000e-07  1.24581658e-08 
 3.12280000e-07  1.32931916e-08 
 3.13280000e-07  1.41834751e-08 
 3.14280000e-07  1.51303553e-08 
 3.15280000e-07  1.61392271e-08 
 3.16280000e-07  1.72117702e-08 
 3.17280000e-07  1.83537159e-08 
 3.18280000e-07  1.95670968e-08 
 3.19280000e-07  2.08579895e-08 
 3.20280000e-07  2.22287848e-08 
 3.21280000e-07  2.36859058e-08 
 3.22280000e-07  2.52320972e-08 
 3.23280000e-07  2.68741185e-08 
 3.24280000e-07  2.86150520e-08 
 3.25280000e-07  3.04619694e-08 
 3.26280000e-07  3.24182574e-08 
 3.27280000e-07  3.44912579e-08 
 3.28280000e-07  3.66846093e-08 
 3.29280000e-07  3.90058591e-08 
 3.30280000e-07  4.14588204e-08 
 3.31280000e-07  4.40511555e-08 
 3.32280000e-07  4.67867464e-08 
 3.33280000e-07  4.96732494e-08 
 3.34280000e-07  5.27144776e-08 
 3.35280000e-07  5.59179263e-08 
 3.36280000e-07  5.92871674e-08 
 3.37280000e-07  6.28293450e-08 
 3.38280000e-07  6.65475809e-08 
 3.39280000e-07  7.04484426e-08 
 3.40280000e-07  7.45343593e-08 
 3.41280000e-07  7.88110636e-08 
 3.42280000e-07  8.32800205e-08 
 3.43280000e-07  8.79458444e-08 
 3.44280000e-07  9.28087444e-08 
 3.45280000e-07  9.78719201e-08 
 3.46280000e-07  1.03134027e-07 
 3.47280000e-07  1.08596555e-07 
 3.48280000e-07  1.14256322e-07 
 3.49280000e-07  1.20112841e-07 
 3.50280000e-07  1.26160841e-07 
 3.51280000e-07  1.32397636e-07 
 3.52280000e-07  1.38815684e-07 
 3.53280000e-07  1.45409953e-07 
 3.54280000e-07  1.52170529e-07 
 3.55280000e-07  1.59089995e-07 
 3.56280000e-07  1.66156077e-07 
 3.57280000e-07  1.73359047e-07 
 3.58280000e-07  1.80684415e-07 
 3.59280000e-07  1.88120352e-07 
 3.60280000e-07  1.95650428e-07 
 3.61280000e-07  2.03261055e-07 
 3.62280000e-07  2.10934272e-07 
 3.63280000e-07  2.18655192e-07 
 3.64280000e-07  2.26404835e-07 
 3.65280000e-07  2.34167575e-07 
 3.66280000e-07  2.41923998e-07 
 3.67280000e-07  2.49658351e-07 
 3.68280000e-07  2.57351414e-07 
 3.69280000e-07  2.64987925e-07 
 3.70280000e-07  2.72549464e-07 
 3.71280000e-07  2.80021851e-07 
 3.72280000e-07  2.87388020e-07 
 3.73280000e-07  2.94635378e-07 
 3.74280000e-07  3.01748670e-07 
 3.75280000e-07  3.08717290e-07 
 3.76280000e-07  3.15528130e-07 
 3.77280000e-07  3.22172840e-07 
 3.78280000e-07  3.28640659e-07 
 3.79280000e-07  3.34925627e-07 
 3.80280000e-07  3.41019398e-07 
 3.81280000e-07  3.46918406e-07 
 3.82280000e-07  3.52616666e-07 
 3.83280000e-07  3.58112899e-07 
 3.84280000e-07  3.63403328e-07 
 3.85280000e-07  3.68488766e-07 
 3.86280000e-07  3.73367415e-07 
 3.87280000e-07  3.78041922e-07 
 3.88280000e-07  3.82512192e-07 
 3.89280000e-07  3.86782417e-07 
 3.90280000e-07  3.90853904e-07 
 3.91280000e-07  3.94732086e-07 
 3.92280000e-07  3.98419369e-07 
 3.93280000e-07  4.01922131e-07 
 3.94280000e-07  4.05243595e-07 
 3.95280000e-07  4.08390807e-07 
 3.96280000e-07  4.11367544e-07 
 3.97280000e-07  4.14181278e-07 
 3.98280000e-07  4.16836111e-07 
 3.99280000e-07  4.19339735e-07 
 4.00280000e-07  4.21696385e-07 
 4.01280000e-07  4.23913798e-07 
 4.02280000e-07  4.25996191e-07 
 4.03280000e-07  4.27951207e-07 
 4.04280000e-07  4.29782926e-07 
 4.05280000e-07  4.31498792e-07 
 4.06280000e-07  4.33102657e-07 
 4.07280000e-07  4.34601693e-07 
 4.08280000e-07  4.35999460e-07 
 4.09280000e-07  4.37302807e-07 
 4.10280000e-07  4.38514963e-07 
 4.11280000e-07  4.39642421e-07 
 4.12280000e-07  4.40688055e-07 
 4.13280000e-07  4.41657991e-07 
 4.14280000e-07  4.42554739e-07 
 4.15280000e-07  4.43384054e-07 
 4.16280000e-07  4.44148088e-07 
 4.17280000e-07  4.44852228e-07 
 4.18280000e-07  4.45498279e-07 
 4.19280000e-07  4.46091279e-07 
 4.20280000e-07  4.46632697e-07 
 4.21280000e-07  4.47127240e-07 
 4.22280000e-07  4.47576065e-07 
 4.23280000e-07  4.47983567e-07 
 4.24280000e-07  4.48350614e-07 
 4.25280000e-07  4.48681310e-07 
 4.26280000e-07  4.48976257e-07 
 4.27280000e-07  4.49239294e-07 
 4.28280000e-07  4.49470776e-07 
 4.29280000e-07  4.49674303e-07 
 4.30280000e-07  4.49850008e-07 
 4.31280000e-07  4.50001268e-07 
 4.32280000e-07  4.50128017e-07 
 4.33280000e-07  4.50233435e-07 
 4.34280000e-07  4.50317276e-07 
 4.35280000e-07  4.50382538e-07 
 4.36280000e-07  4.50428817e-07 
 4.37280000e-07  4.50458950e-07 
 4.38280000e-07  4.50472390e-07 
 4.39280000e-07  4.50471828e-07 
 4.40280000e-07  4.50456592e-07 
 4.41280000e-07  4.50429246e-07 
 4.42280000e-07  4.50389002e-07 
 4.43280000e-07  4.50338311e-07 
 4.44280000e-07  4.50276287e-07 
 4.45280000e-07  4.50205277e-07 
 4.46280000e-07  4.50124310e-07 
 4.47280000e-07  4.50035641e-07 
 4.48280000e-07  4.49938221e-07 
 4.49280000e-07  4.49834227e-07 
 4.50280000e-07  4.49722542e-07 
 4.51280000e-07  4.49605271e-07 
 4.52280000e-07  4.49481239e-07 
 4.53280000e-07  4.49352486e-07 
 4.54280000e-07  4.49217787e-07 
 4.55280000e-07  4.49079126e-07 
 4.56280000e-07  4.48935233e-07 
 4.57280000e-07  4.48788042e-07 
 4.58280000e-07  4.48636244e-07 
 4.59280000e-07  4.48481728e-07 
 4.60280000e-07  4.48323153e-07 
 4.61280000e-07  4.48162368e-07 
 4.62280000e-07  4.47998003e-07 
 4.63280000e-07  4.47831871e-07 
 4.64280000e-07  4.47662579e-07 
 4.65280000e-07  4.47491907e-07 
 4.66280000e-07  4.47318441e-07 
 4.67280000e-07  4.47143934e-07 
 4.68280000e-07  4.46966953e-07 
 4.69280000e-07  4.46789226e-07 
 4.70280000e-07  4.46609306e-07 
 4.71280000e-07  4.46428897e-07 
 4.72280000e-07  4.46246539e-07 
 4.73280000e-07  4.46063916e-07 
 4.74280000e-07  4.45879559e-07 
 4.75280000e-07  4.45695132e-07 
 4.76280000e-07  4.45509158e-07 
 4.77280000e-07  4.45323284e-07 
 4.78280000e-07  4.45136026e-07 
 4.79280000e-07  4.44949016e-07 
 4.80280000e-07  4.44760764e-07 
 4.81280000e-07  4.44572889e-07 
 4.82280000e-07  4.44383896e-07 
 4.83280000e-07  4.44195393e-07 
 4.84280000e-07  4.44005880e-07 
 4.85280000e-07  4.43816953e-07 
 4.86280000e-07  4.43627113e-07 
 4.87280000e-07  4.43437943e-07 
 4.88280000e-07  4.43247941e-07 
 4.89280000e-07  4.43058682e-07 
 4.90280000e-07  4.42868665e-07 
 4.91280000e-07  4.42679454e-07 
 4.92280000e-07  4.42489548e-07 
 4.93280000e-07  4.42300502e-07 
 4.94280000e-07  4.42110816e-07 
 4.95280000e-07  4.41922037e-07 
 4.96280000e-07  4.41732666e-07 
 4.97280000e-07  4.41544244e-07 
 4.98280000e-07  4.41355271e-07 
 4.99280000e-07  4.41167281e-07 
 5.00280000e-07  4.40978778e-07 
 5.01280000e-07  4.40791288e-07 
 5.02280000e-07  4.40603316e-07 
 5.03280000e-07  4.40416382e-07 
 5.04280000e-07  4.40228995e-07 
 5.05280000e-07  4.40042667e-07 
 5.06280000e-07  4.39855909e-07 
 5.07280000e-07  4.39670229e-07 
 5.08280000e-07  4.39484141e-07 
 5.09280000e-07  4.39299145e-07 
 5.10280000e-07  4.39113759e-07 
 5.11280000e-07  4.38929478e-07 
 5.12280000e-07  4.38744823e-07 
 5.13280000e-07  4.38561283e-07 
 5.14280000e-07  4.38377382e-07 
 5.15280000e-07  4.38194605e-07 
 5.16280000e-07  4.38011479e-07 
 5.17280000e-07  4.37829482e-07 
 5.18280000e-07  4.37647146e-07 
 5.19280000e-07  4.37465946e-07 
 5.20280000e-07  4.37284414e-07 
 5.21280000e-07  4.37104020e-07 
 5.22280000e-07  4.36923303e-07 
 5.23280000e-07  4.36743727e-07 
 5.24280000e-07  4.36563833e-07 
 5.25280000e-07  4.36385081e-07 
 5.26280000e-07  4.36206016e-07 
 5.27280000e-07  4.36028094e-07 
 5.28280000e-07  4.35849863e-07 
 5.29280000e-07  4.35672775e-07 
 5.30280000e-07  4.35495381e-07 
 5.31280000e-07  4.35319128e-07 
 5.32280000e-07  4.35142573e-07 
 5.33280000e-07  4.34967157e-07 
 5.34280000e-07  4.34791441e-07 
 5.35280000e-07  4.34616863e-07 
 5.36280000e-07  4.34441986e-07 
 5.37280000e-07  4.34268244e-07 
 5.38280000e-07  4.34094204e-07 
 5.39280000e-07  4.33921297e-07 
 5.40280000e-07  4.33748093e-07 
 5.41280000e-07  4.33576019e-07 
 5.42280000e-07  4.33403649e-07 
 5.43280000e-07  4.33232405e-07 
 5.44280000e-07  4.33060866e-07 
 5.45280000e-07  4.32890449e-07 
 5.46280000e-07  4.32719737e-07 
 5.47280000e-07  4.32550145e-07 
 5.48280000e-07  4.32380258e-07 
 5.49280000e-07  4.32211487e-07 
 5.50280000e-07  4.32042422e-07 
 5.51280000e-07  4.31874468e-07 
 5.52280000e-07  4.31706221e-07 
 5.53280000e-07  4.31539082e-07 
 5.54280000e-07  4.31371650e-07 
 5.55280000e-07  4.31205323e-07 
 5.56280000e-07  4.31038704e-07 
 5.57280000e-07  4.30873186e-07 
 5.58280000e-07  4.30707378e-07 
 5.59280000e-07  4.30542667e-07 
 5.60280000e-07  4.30377667e-07 
 5.61280000e-07  4.30213762e-07 
 5.62280000e-07  4.30049568e-07 
 5.63280000e-07  4.29886468e-07 
 5.64280000e-07  4.29723082e-07 
 5.65280000e-07  4.29560787e-07 
 5.66280000e-07  4.29398209e-07 
 5.67280000e-07  4.29236720e-07 
 5.68280000e-07  4.29074951e-07 
 5.69280000e-07  4.28914272e-07 
 5.70280000e-07  4.28753315e-07 
 5.71280000e-07  4.28593449e-07 
 5.72280000e-07  4.28433311e-07 
 5.73280000e-07  4.28274265e-07 
 5.74280000e-07  4.28114952e-07 
 5.75280000e-07  4.27956733e-07 
 5.76280000e-07  4.27798256e-07 
 5.77280000e-07  4.27640876e-07 
 5.78280000e-07  4.27483247e-07 
 5.79280000e-07  4.27326721e-07 
 5.80280000e-07  4.27169956e-07 
 5.81280000e-07  4.27014303e-07 
 5.82280000e-07  4.26858422e-07 
 5.83280000e-07  4.26703664e-07 
 5.84280000e-07  4.26548694e-07 
 5.85280000e-07  4.26394859e-07 
 5.86280000e-07  4.26240832e-07 
 5.87280000e-07  4.26087956e-07 
 5.88280000e-07  4.25934909e-07 
 5.89280000e-07  4.25783035e-07 
 5.90280000e-07  4.25631016e-07 
 5.91280000e-07  4.25480196e-07 
 5.92280000e-07  4.25329263e-07 
 5.93280000e-07  4.25179560e-07 
 5.94280000e-07  4.25029783e-07 
 5.95280000e-07  4.24881273e-07 
 5.96280000e-07  4.24732735e-07 
 5.97280000e-07  4.24585512e-07 
 5.98280000e-07  4.24438315e-07 
 5.99280000e-07  4.24292488e-07 
 6.00280000e-07  4.24146754e-07 
 6.01280000e-07  4.24002459e-07 
 6.02280000e-07  4.23858334e-07 
 6.03280000e-07  4.23715731e-07 
 6.04280000e-07  4.23573393e-07 
 6.05280000e-07  4.23432676e-07 
 6.06280000e-07  4.23292337e-07 
 6.07280000e-07  4.23153738e-07 
 6.08280000e-07  4.23015654e-07 
 6.09280000e-07  4.22879457e-07 
 6.10280000e-07  4.22743937e-07 
 6.11280000e-07  4.22610480e-07 
 6.12280000e-07  4.22477900e-07 
 6.13280000e-07  4.22347598e-07 
 6.14280000e-07  4.22218415e-07 
 6.15280000e-07  4.22091775e-07 
 6.16280000e-07  4.21966551e-07 
 6.17280000e-07  4.21844197e-07 
 6.18280000e-07  4.21723631e-07 
 6.19280000e-07  4.21606346e-07 
 6.20280000e-07  4.21491317e-07 
 6.21280000e-07  4.21380095e-07 
 6.22280000e-07  4.21271728e-07 
 6.23280000e-07  4.21167851e-07 
 6.24280000e-07  4.21067616e-07 
 6.25280000e-07  4.20972776e-07 
 6.26280000e-07  4.20882629e-07 
 6.27280000e-07  4.20799096e-07 
 6.28280000e-07  4.20721683e-07 
 6.29280000e-07  4.20648221e-07 
 6.30280000e-07  4.20578718e-07 
 6.31280000e-07  4.20520067e-07 
 6.32280000e-07  4.20472154e-07 
 6.33280000e-07  4.20437316e-07 
 6.34280000e-07  4.20414809e-07 
 6.35280000e-07  4.20404734e-07 
 6.36280000e-07  4.20400110e-07 
 6.37280000e-07  4.20384132e-07 
 6.38280000e-07  4.20303604e-07 
 6.39280000e-07  4.20013242e-07 
 6.40280000e-07  4.19113579e-07 
 6.41280000e-07  4.16650326e-07 
 6.42280000e-07  4.10872607e-07 
 6.43280000e-07  3.99857203e-07 
 6.44280000e-07  3.82906064e-07 
 6.45280000e-07  3.60599458e-07 
 6.46280000e-07  3.33536406e-07 
 6.47280000e-07  3.02327099e-07 
 6.48280000e-07  2.68416980e-07 
 6.49280000e-07  2.34044991e-07 
 6.50280000e-07  2.01398638e-07 
 6.51280000e-07  1.71888811e-07 
 6.52280000e-07  1.46037053e-07 
 6.53280000e-07  1.23783739e-07 
 6.54280000e-07  1.04800105e-07 
 6.55280000e-07  8.86793573e-08 
 6.56280000e-07  7.50168895e-08 
 6.57280000e-07  6.34481226e-08 
 6.58280000e-07  5.36531504e-08 
 6.59280000e-07  4.53608384e-08 
 6.60280000e-07  3.83395512e-08 
 6.61280000e-07  3.23963073e-08 
 6.62280000e-07  2.73666161e-08 
 6.63280000e-07  2.31143682e-08 
 6.64280000e-07  1.95230289e-08 
 6.65280000e-07  1.64969643e-08 
 6.66280000e-07  1.39540281e-08 
 6.67280000e-07  1.18281359e-08 
 6.68280000e-07  1.00671400e-08 
 6.69280000e-07  8.62590269e-09 
 6.70280000e-07  7.46591447e-09 
 6.71280000e-07  6.56897475e-09 
 6.72280000e-07  5.93279052e-09 
 6.73280000e-07  5.58390322e-09 
 6.74280000e-07  5.59718743e-09 
 6.75280000e-07  6.16753297e-09 
 6.76280000e-07  7.79882917e-09 
 6.77280000e-07  1.19635080e-08 
 6.78280000e-07  2.37602570e-08 
 6.79280000e-07  6.53701099e-08 
 6.80280000e-07  2.62389642e-07 
 6.81280000e-07  1.47764043e-06 
 6.82280000e-07  7.62789639e-06 
 6.83280000e-07  1.86180881e-05 
 6.84280000e-07  2.54351894e-05 
 6.85280000e-07  3.24590708e-05 
 6.86280000e-07  4.06557085e-05 
 6.87280000e-07  4.97697061e-05 
 6.88280000e-07  5.99561431e-05 
 6.89280000e-07  7.11592999e-05 
 6.90280000e-07  8.34368169e-05 
 6.91280000e-07  9.67666906e-05 
 6.92280000e-07  1.11179645e-04 
 6.93280000e-07  1.26661322e-04 
 6.94280000e-07  1.43230649e-04 
 6.95280000e-07  1.60876302e-04 
 6.96280000e-07  1.79610310e-04 
 6.97280000e-07  1.99420869e-04 
 6.98280000e-07  2.20315654e-04 
 6.99280000e-07  2.42281079e-04 
 7.00280000e-07  2.65320099e-04 
 7.01280000e-07  2.89410367e-04 
 7.02280000e-07  3.14519348e-04 
 7.03280000e-07  3.40496421e-04 
 7.04280000e-07  3.66988220e-04 
 7.05280000e-07  3.93371806e-04 
 7.06280000e-07  4.18962713e-04 
 7.07280000e-07  4.43228169e-04 
 7.08280000e-07  4.65872814e-04 
 7.09280000e-07  4.85608881e-04 
 7.10280000e-07  4.98690835e-04 
 7.11280000e-07  5.03422869e-04 
 7.12280000e-07  5.04222173e-04 
 7.13280000e-07  5.04940337e-04 
 7.14280000e-07  5.06460900e-04 
 7.15280000e-07  5.08230595e-04 
 7.16280000e-07  5.09764035e-04 
 7.17280000e-07  5.10912094e-04 
 7.18280000e-07  5.11743772e-04 
 7.19280000e-07  5.12376915e-04 
 7.20280000e-07  5.12884057e-04 
 7.21280000e-07  5.13295675e-04 
 7.22280000e-07  5.13623241e-04 
 7.23280000e-07  5.13877021e-04 
 7.24280000e-07  5.14069755e-04 
 7.25280000e-07  5.14213460e-04 
 7.26280000e-07  5.14319407e-04 
 7.27280000e-07  5.14394700e-04 
 7.28280000e-07  5.14446611e-04 
 7.29280000e-07  5.14478680e-04 
 7.30280000e-07  5.14496344e-04 
 7.31280000e-07  5.14501258e-04 
 7.32280000e-07  5.14497820e-04 
 7.33280000e-07  5.14486295e-04 
 7.34280000e-07  5.14470360e-04 
 7.35280000e-07  5.14449285e-04 
 7.36280000e-07  5.14426328e-04 
 7.37280000e-07  5.14400075e-04 
 7.38280000e-07  5.14373564e-04 
 7.39280000e-07  5.14344897e-04 
 7.40280000e-07  5.14317002e-04 
 7.41280000e-07  5.14287632e-04 
 7.42280000e-07  5.14259681e-04 
 7.43280000e-07  5.14230644e-04 
 7.44280000e-07  5.14203425e-04 
 7.45280000e-07  5.14175325e-04 
 7.46280000e-07  5.14149283e-04 
 7.47280000e-07  5.14122453e-04 
 7.48280000e-07  5.14097820e-04 
 7.49280000e-07  5.14072421e-04 
 7.50280000e-07  5.14049296e-04 
 7.51280000e-07  5.14025385e-04 
 7.52280000e-07  5.14003786e-04 
 7.53280000e-07  5.13981357e-04 
 7.54280000e-07  5.13961254e-04 
 7.55280000e-07  5.13940266e-04 
 7.56280000e-07  5.13921602e-04 
 7.57280000e-07  5.13901993e-04 
 7.58280000e-07  5.13884698e-04 
 7.59280000e-07  5.13866396e-04 
 7.60280000e-07  5.13850396e-04 
 7.61280000e-07  5.13833325e-04 
 7.62280000e-07  5.13818542e-04 
 7.63280000e-07  5.13802629e-04 
 7.64280000e-07  5.13788988e-04 
 7.65280000e-07  5.13774159e-04 
 7.66280000e-07  5.13761589e-04 
 7.67280000e-07  5.13747777e-04 
 7.68280000e-07  5.13736209e-04 
 7.69280000e-07  5.13723348e-04 
 7.70280000e-07  5.13712720e-04 
 7.71280000e-07  5.13700749e-04 
 7.72280000e-07  5.13691000e-04 
 7.73280000e-07  5.13679864e-04 
 7.74280000e-07  5.13670940e-04 
 7.75280000e-07  5.13660585e-04 
 7.76280000e-07  5.13652435e-04 
 7.77280000e-07  5.13642812e-04 
 7.78280000e-07  5.13635388e-04 
 7.79280000e-07  5.13626453e-04 
 7.80280000e-07  5.13619711e-04 
 7.81280000e-07  5.13611421e-04 
 7.82280000e-07  5.13605320e-04 
 7.83280000e-07  5.13597637e-04 
 7.84280000e-07  5.13592139e-04 
 7.85280000e-07  5.13585025e-04 
 7.86280000e-07  5.13580095e-04 
 7.87280000e-07  5.13573517e-04 
 7.88280000e-07  5.13569122e-04 
 7.89280000e-07  5.13563049e-04 
 7.90280000e-07  5.13559157e-04 
 7.91280000e-07  5.13553560e-04 
 7.92280000e-07  5.13550144e-04 
 7.93280000e-07  5.13544995e-04 
 7.94280000e-07  5.13542027e-04 
 7.95280000e-07  5.13537301e-04 
 7.96280000e-07  5.13534757e-04 
 7.97280000e-07  5.13530430e-04 
 7.98280000e-07  5.13528287e-04 
 7.99280000e-07  5.13524336e-04 
 8.00280000e-07  5.13522572e-04 
 8.01280000e-07  5.13518977e-04 
 8.02280000e-07  5.13517571e-04 
 8.03280000e-07  5.13514313e-04 
 8.04280000e-07  5.13513245e-04 
 8.05280000e-07  5.13510306e-04 
 8.06280000e-07  5.13509560e-04 
 8.07280000e-07  5.13506921e-04 
 8.08280000e-07  5.13506480e-04 
 8.09280000e-07  5.13504126e-04 
 8.10280000e-07  5.13503974e-04 
 8.11280000e-07  5.13501890e-04 
 8.12280000e-07  5.13502011e-04 
 8.13280000e-07  5.13500184e-04 
 8.14280000e-07  5.13500565e-04 
 8.15280000e-07  5.13498981e-04 
 8.16280000e-07  5.13499608e-04 
 8.17280000e-07  5.13498254e-04 
 8.18280000e-07  5.13499116e-04 
 8.19280000e-07  5.13497980e-04 
 8.20280000e-07  5.13499064e-04 
 8.21280000e-07  5.13498137e-04 
 8.22280000e-07  5.13499432e-04 
 8.23280000e-07  5.13498702e-04 
 8.24280000e-07  5.13500199e-04 
 8.25280000e-07  5.13499656e-04 
 8.26280000e-07  5.13501344e-04 
 8.27280000e-07  5.13500979e-04 
 8.28280000e-07  5.13502849e-04 
 8.29280000e-07  5.13502654e-04 
 8.30280000e-07  5.13504697e-04 
 8.31280000e-07  5.13504663e-04 
 8.32280000e-07  5.13506871e-04 
 8.33280000e-07  5.13506991e-04 
 8.34280000e-07  5.13509357e-04 
 8.35280000e-07  5.13509623e-04 
 8.36280000e-07  5.13512138e-04 
 8.37280000e-07  5.13512543e-04 
 8.38280000e-07  5.13515201e-04 
 8.39280000e-07  5.13515739e-04 
 8.40280000e-07  5.13518533e-04 
 8.41280000e-07  5.13519198e-04 
 8.42280000e-07  5.13522122e-04 
 8.43280000e-07  5.13522908e-04 
 8.44280000e-07  5.13525955e-04 
 8.45280000e-07  5.13526856e-04 
 8.46280000e-07  5.13530021e-04 
 8.47280000e-07  5.13531032e-04 
 8.48280000e-07  5.13534310e-04 
 8.49280000e-07  5.13535426e-04 
 8.50280000e-07  5.13538811e-04 
 8.51280000e-07  5.13540028e-04 
 8.52280000e-07  5.13543516e-04 
 8.53280000e-07  5.13544829e-04 
 8.54280000e-07  5.13548415e-04 
 8.55280000e-07  5.13549819e-04 
 8.56280000e-07  5.13553498e-04 
 8.57280000e-07  5.13554990e-04 
 8.58280000e-07  5.13558759e-04 
 8.59280000e-07  5.13560335e-04 
 8.60280000e-07  5.13564190e-04 
 8.61280000e-07  5.13565846e-04 
 8.62280000e-07  5.13569782e-04 
 8.63280000e-07  5.13571515e-04 
 8.64280000e-07  5.13575529e-04 
 8.65280000e-07  5.13577335e-04 
 8.66280000e-07  5.13581424e-04 
 8.67280000e-07  5.13583301e-04 
 8.68280000e-07  5.13587461e-04 
 8.69280000e-07  5.13589405e-04 
 8.70280000e-07  5.13593634e-04 
 8.71280000e-07  5.13595643e-04 
 8.72280000e-07  5.13599936e-04 
 8.73280000e-07  5.13602008e-04 
 8.74280000e-07  5.13606363e-04 
 8.75280000e-07  5.13608494e-04 
 8.76280000e-07  5.13612910e-04 
 8.77280000e-07  5.13615097e-04 
 8.78280000e-07  5.13619570e-04 
 8.79280000e-07  5.13621812e-04 
 8.80280000e-07  5.13626340e-04 
 8.81280000e-07  5.13628635e-04 
 8.82280000e-07  5.13633214e-04 
 8.83280000e-07  5.13635560e-04 
 8.84280000e-07  5.13640189e-04 
 8.85280000e-07  5.13642583e-04 
 8.86280000e-07  5.13647260e-04 
 8.87280000e-07  5.13649701e-04 
 8.88280000e-07  5.13654424e-04 
 8.89280000e-07  5.13656909e-04 
 8.90280000e-07  5.13661676e-04 
 8.91280000e-07  5.13664205e-04 
 8.92280000e-07  5.13669013e-04 
 8.93280000e-07  5.13671583e-04 
 8.94280000e-07  5.13676432e-04 
 8.95280000e-07  5.13679041e-04 
 8.96280000e-07  5.13683928e-04 
 8.97280000e-07  5.13686576e-04 
 8.98280000e-07  5.13691500e-04 
 8.99280000e-07  5.13694185e-04 
 9.00280000e-07  5.13699144e-04 
 9.01280000e-07  5.13701864e-04 
 9.02280000e-07  5.13706856e-04 
 9.03280000e-07  5.13709611e-04 
 9.04280000e-07  5.13714635e-04 
 9.05280000e-07  5.13717423e-04 
 9.06280000e-07  5.13722478e-04 
 9.07280000e-07  5.13725298e-04 
 9.08280000e-07  5.13730382e-04 
 9.09280000e-07  5.13733232e-04 
 9.10280000e-07  5.13738344e-04 
 9.11280000e-07  5.13741224e-04 
 9.12280000e-07  5.13746363e-04 
 9.13280000e-07  5.13749271e-04 
 9.14280000e-07  5.13754436e-04 
 9.15280000e-07  5.13757372e-04 
 9.16280000e-07  5.13762561e-04 
 9.17280000e-07  5.13765523e-04 
 9.18280000e-07  5.13770736e-04 
 9.19280000e-07  5.13773723e-04 
 9.20280000e-07  5.13778959e-04 
 9.21280000e-07  5.13781971e-04 
 9.22280000e-07  5.13787227e-04 
 9.23280000e-07  5.13790263e-04 
 9.24280000e-07  5.13795540e-04 
 9.25280000e-07  5.13798599e-04 
 9.26280000e-07  5.13803896e-04 
 9.27280000e-07  5.13806977e-04 
 9.28280000e-07  5.13812292e-04 
 9.29280000e-07  5.13815395e-04 
 9.30280000e-07  5.13820728e-04 
 9.31280000e-07  5.13823851e-04 
 9.32280000e-07  5.13829201e-04 
 9.33280000e-07  5.13832345e-04 
 9.34280000e-07  5.13837710e-04 
 9.35280000e-07  5.13840873e-04 
 9.36280000e-07  5.13846254e-04 
 9.37280000e-07  5.13849436e-04 
 9.38280000e-07  5.13854832e-04 
 9.39280000e-07  5.13858032e-04 
 9.40280000e-07  5.13863442e-04 
 9.41280000e-07  5.13866659e-04 
 9.42280000e-07  5.13872082e-04 
 9.43280000e-07  5.13875317e-04 
 9.44280000e-07  5.13880752e-04 
 9.45280000e-07  5.13884003e-04 
 9.46280000e-07  5.13889451e-04 
 9.47280000e-07  5.13892718e-04 
 9.48280000e-07  5.13898177e-04 
 9.49280000e-07  5.13901459e-04 
 9.50280000e-07  5.13906929e-04 
 9.51280000e-07  5.13910226e-04 
 9.52280000e-07  5.13915706e-04 
 9.53280000e-07  5.13919018e-04 
 9.54280000e-07  5.13924507e-04 
 9.55280000e-07  5.13927834e-04 
 9.56280000e-07  5.13933332e-04 
 9.57280000e-07  5.13936672e-04 
 9.58280000e-07  5.13942179e-04 
 9.59280000e-07  5.13945532e-04 
 9.60280000e-07  5.13951048e-04 
 9.61280000e-07  5.13954414e-04 
 9.62280000e-07  5.13959937e-04 
 9.63280000e-07  5.13963315e-04 
 9.64280000e-07  5.13968846e-04 
 9.65280000e-07  5.13972236e-04 
 9.66280000e-07  5.13977773e-04 
 9.67280000e-07  5.13981176e-04 
 9.68280000e-07  5.13986719e-04 
 9.69280000e-07  5.13990133e-04 
 9.70280000e-07  5.13995683e-04 
 9.71280000e-07  5.13999107e-04 
 9.72280000e-07  5.14004663e-04 
 9.73280000e-07  5.14008098e-04 
 9.74280000e-07  5.14013659e-04 
 9.75280000e-07  5.14017105e-04 
 9.76280000e-07  5.14022670e-04 
 9.77280000e-07  5.14026126e-04 
 9.78280000e-07  5.14031696e-04 
 9.79280000e-07  5.14035162e-04 
 9.80280000e-07  5.14040737e-04 
 9.81280000e-07  5.14044212e-04 
 9.82280000e-07  5.14049791e-04 
 9.83280000e-07  5.14053276e-04 
 9.84280000e-07  5.14058858e-04 
 9.85280000e-07  5.14062352e-04 
 9.86280000e-07  5.14067937e-04 
 9.87280000e-07  5.14071440e-04 
 9.88280000e-07  5.14077028e-04 
 9.89280000e-07  5.14080540e-04 
 9.90280000e-07  5.14086131e-04 
 9.91280000e-07  5.14089651e-04 
 9.92280000e-07  5.14095244e-04 
 9.93280000e-07  5.14098772e-04 
 9.94280000e-07  5.14104368e-04 
 9.95280000e-07  5.14107904e-04 
 9.96280000e-07  5.14113502e-04 
 9.97280000e-07  5.14117046e-04 
 9.98280000e-07  5.14122646e-04 
 9.99140000e-07  5.14125541e-04 
 1.00000000e-06  5.14130498e-04 
 1.00010000e-06  5.13808896e-04 
 1.00030000e-06  5.13645965e-04 
 1.00070000e-06  5.13581063e-04 
 1.00150000e-06  5.13257666e-04 
 1.00250000e-06  5.13008090e-04 
 1.00350000e-06  5.12689464e-04 
 1.00450000e-06  5.12512510e-04 
 1.00550000e-06  5.12285133e-04 
 1.00650000e-06  5.12177584e-04 
 1.00750000e-06  5.12020672e-04 
 1.00850000e-06  5.11960019e-04 
 1.00950000e-06  5.11851794e-04 
 1.01050000e-06  5.11821666e-04 
 1.01150000e-06  5.11746854e-04 
 1.01250000e-06  5.11735454e-04 
 1.01350000e-06  5.11682773e-04 
 1.01450000e-06  5.11682028e-04 
 1.01550000e-06  5.11644008e-04 
 1.01650000e-06  5.11649003e-04 
 1.01750000e-06  5.11620853e-04 
 1.01850000e-06  5.11628614e-04 
 1.01950000e-06  5.11607207e-04 
 1.02050000e-06  5.11615987e-04 
 1.02150000e-06  5.11599298e-04 
 1.02250000e-06  5.11608125e-04 
 1.02350000e-06  5.11594831e-04 
 1.02450000e-06  5.11603189e-04 
 1.02550000e-06  5.11592408e-04 
 1.02650000e-06  5.11600054e-04 
 1.02750000e-06  5.11591184e-04 
 1.02850000e-06  5.11598032e-04 
 1.02950000e-06  5.11590652e-04 
 1.03050000e-06  5.11596701e-04 
 1.03150000e-06  5.11590509e-04 
 1.03250000e-06  5.11595804e-04 
 1.03350000e-06  5.11590576e-04 
 1.03450000e-06  5.11595182e-04 
 1.03550000e-06  5.11590747e-04 
 1.03650000e-06  5.11594737e-04 
 1.03750000e-06  5.11590963e-04 
 1.03850000e-06  5.11594409e-04 
 1.03950000e-06  5.11591190e-04 
 1.04050000e-06  5.11594160e-04 
 1.04150000e-06  5.11591408e-04 
 1.04250000e-06  5.11593965e-04 
 1.04350000e-06  5.11591610e-04 
 1.04450000e-06  5.11593809e-04 
 1.04550000e-06  5.11591792e-04 
 1.04650000e-06  5.11593682e-04 
 1.04750000e-06  5.11591954e-04 
 1.04850000e-06  5.11593576e-04 
 1.04950000e-06  5.11592095e-04 
 1.05050000e-06  5.11593488e-04 
 1.05150000e-06  5.11592217e-04 
 1.05250000e-06  5.11593413e-04 
 1.05350000e-06  5.11592324e-04 
 1.05450000e-06  5.11593349e-04 
 1.05550000e-06  5.11592415e-04 
 1.05650000e-06  5.11593295e-04 
 1.05750000e-06  5.11592494e-04 
 1.05850000e-06  5.11593248e-04 
 1.05950000e-06  5.11592561e-04 
 1.06050000e-06  5.11593208e-04 
 1.06150000e-06  5.11592619e-04 
 1.06250000e-06  5.11593173e-04 
 1.06350000e-06  5.11592669e-04 
 1.06450000e-06  5.11593143e-04 
 1.06550000e-06  5.11592712e-04 
 1.06650000e-06  5.11593117e-04 
 1.06750000e-06  5.11592749e-04 
 1.06850000e-06  5.11593094e-04 
 1.06950000e-06  5.11592780e-04 
 1.07050000e-06  5.11593075e-04 
 1.07150000e-06  5.11592807e-04 
 1.07250000e-06  5.11593058e-04 
 1.07350000e-06  5.11592831e-04 
 1.07450000e-06  5.11593043e-04 
 1.07550000e-06  5.11592851e-04 
 1.07650000e-06  5.11593030e-04 
 1.07750000e-06  5.11592868e-04 
 1.07850000e-06  5.11593019e-04 
 1.07950000e-06  5.11592883e-04 
 1.08050000e-06  5.11593009e-04 
 1.08150000e-06  5.11592896e-04 
 1.08250000e-06  5.11593000e-04 
 1.08350000e-06  5.11592907e-04 
 1.08450000e-06  5.11592993e-04 
 1.08550000e-06  5.11592916e-04 
 1.08650000e-06  5.11592986e-04 
 1.08750000e-06  5.11592925e-04 
 1.08850000e-06  5.11592981e-04 
 1.08950000e-06  5.11592932e-04 
 1.09050000e-06  5.11592976e-04 
 1.09150000e-06  5.11592938e-04 
 1.09250000e-06  5.11592971e-04 
 1.09350000e-06  5.11592944e-04 
 1.09450000e-06  5.11592967e-04 
 1.09550000e-06  5.11592948e-04 
 1.09650000e-06  5.11592964e-04 
 1.09750000e-06  5.11592953e-04 
 1.09850000e-06  5.11592961e-04 
 1.09950000e-06  5.11592956e-04 
 1.10050000e-06  5.11592958e-04 
 1.10150000e-06  5.11592960e-04 
 1.10250000e-06  5.11592956e-04 
 1.10350000e-06  5.11592962e-04 
 1.10450000e-06  5.11592953e-04 
 1.10550000e-06  5.11592965e-04 
 1.10650000e-06  5.11592951e-04 
 1.10750000e-06  5.11592967e-04 
 1.10850000e-06  5.11592950e-04 
 1.10950000e-06  5.11592969e-04 
 1.11050000e-06  5.11592948e-04 
 1.11150000e-06  5.11592971e-04 
 1.11250000e-06  5.11592947e-04 
 1.11350000e-06  5.11592972e-04 
 1.11450000e-06  5.11592945e-04 
 1.11550000e-06  5.11592974e-04 
 1.11650000e-06  5.11592944e-04 
 1.11750000e-06  5.11592975e-04 
 1.11850000e-06  5.11592943e-04 
 1.11950000e-06  5.11592976e-04 
 1.12050000e-06  5.11592942e-04 
 1.12150000e-06  5.11592977e-04 
 1.12250000e-06  5.11592941e-04 
 1.12350000e-06  5.11592978e-04 
 1.12450000e-06  5.11592940e-04 
 1.12550000e-06  5.11592979e-04 
 1.12650000e-06  5.11592940e-04 
 1.12750000e-06  5.11592980e-04 
 1.12850000e-06  5.11592939e-04 
 1.12950000e-06  5.11592981e-04 
 1.13050000e-06  5.11592938e-04 
 1.13150000e-06  5.11592981e-04 
 1.13250000e-06  5.11592938e-04 
 1.13350000e-06  5.11592982e-04 
 1.13450000e-06  5.11592937e-04 
 1.13550000e-06  5.11592982e-04 
 1.13650000e-06  5.11592937e-04 
 1.13750000e-06  5.11592983e-04 
 1.13850000e-06  5.11592936e-04 
 1.13950000e-06  5.11592983e-04 
 1.14050000e-06  5.11592936e-04 
 1.14150000e-06  5.11592984e-04 
 1.14250000e-06  5.11592935e-04 
 1.14350000e-06  5.11592984e-04 
 1.14450000e-06  5.11592935e-04 
 1.14550000e-06  5.11592985e-04 
 1.14650000e-06  5.11592935e-04 
 1.14750000e-06  5.11592985e-04 
 1.14850000e-06  5.11592934e-04 
 1.14950000e-06  5.11592985e-04 
 1.15050000e-06  5.11592934e-04 
 1.15150000e-06  5.11592986e-04 
 1.15250000e-06  5.11592934e-04 
 1.15350000e-06  5.11592986e-04 
 1.15450000e-06  5.11592933e-04 
 1.15550000e-06  5.11592986e-04 
 1.15650000e-06  5.11592933e-04 
 1.15750000e-06  5.11592987e-04 
 1.15850000e-06  5.11592933e-04 
 1.15950000e-06  5.11592987e-04 
 1.16050000e-06  5.11592933e-04 
 1.16150000e-06  5.11592987e-04 
 1.16250000e-06  5.11592932e-04 
 1.16350000e-06  5.11592987e-04 
 1.16450000e-06  5.11592932e-04 
 1.16550000e-06  5.11592987e-04 
 1.16650000e-06  5.11592932e-04 
 1.16750000e-06  5.11592988e-04 
 1.16850000e-06  5.11592932e-04 
 1.16950000e-06  5.11592988e-04 
 1.17050000e-06  5.11592932e-04 
 1.17150000e-06  5.11592988e-04 
 1.17250000e-06  5.11592932e-04 
 1.17350000e-06  5.11592988e-04 
 1.17450000e-06  5.11592931e-04 
 1.17550000e-06  5.11592988e-04 
 1.17650000e-06  5.11592931e-04 
 1.17750000e-06  5.11592988e-04 
 1.17850000e-06  5.11592931e-04 
 1.17950000e-06  5.11592989e-04 
 1.18050000e-06  5.11592931e-04 
 1.18150000e-06  5.11592989e-04 
 1.18250000e-06  5.11592931e-04 
 1.18350000e-06  5.11592989e-04 
 1.18450000e-06  5.11592931e-04 
 1.18550000e-06  5.11592989e-04 
 1.18650000e-06  5.11592931e-04 
 1.18750000e-06  5.11592989e-04 
 1.18850000e-06  5.11592931e-04 
 1.18950000e-06  5.11592989e-04 
 1.19050000e-06  5.11592931e-04 
 1.19150000e-06  5.11592989e-04 
 1.19250000e-06  5.11592930e-04 
 1.19350000e-06  5.11592989e-04 
 1.19450000e-06  5.11592930e-04 
 1.19550000e-06  5.11592989e-04 
 1.19650000e-06  5.11592930e-04 
 1.19750000e-06  5.11592989e-04 
 1.19850000e-06  5.11592930e-04 
 1.19950000e-06  5.11592989e-04 
 1.20050000e-06  5.11592930e-04 
 1.20150000e-06  5.11592989e-04 
 1.20250000e-06  5.11592930e-04 
 1.20350000e-06  5.11592989e-04 
 1.20450000e-06  5.11592930e-04 
 1.20550000e-06  5.11592989e-04 
 1.20650000e-06  5.11592930e-04 
 1.20750000e-06  5.11592989e-04 
 1.20850000e-06  5.11592930e-04 
 1.20950000e-06  5.11592989e-04 
 1.21050000e-06  5.11592930e-04 
 1.21150000e-06  5.11592989e-04 
 1.21250000e-06  5.11592930e-04 
 1.21350000e-06  5.11592989e-04 
 1.21450000e-06  5.11592930e-04 
 1.21550000e-06  5.11592989e-04 
 1.21650000e-06  5.11592930e-04 
 1.21750000e-06  5.11592989e-04 
 1.21850000e-06  5.11592930e-04 
 1.21950000e-06  5.11592989e-04 
 1.22050000e-06  5.11592930e-04 
 1.22150000e-06  5.11592989e-04 
 1.22250000e-06  5.11592930e-04 
 1.22350000e-06  5.11592989e-04 
 1.22450000e-06  5.11592930e-04 
 1.22550000e-06  5.11592989e-04 
 1.22650000e-06  5.11592930e-04 
 1.22750000e-06  5.11592989e-04 
 1.22850000e-06  5.11592930e-04 
 1.22950000e-06  5.11592989e-04 
 1.23050000e-06  5.11592930e-04 
 1.23150000e-06  5.11592989e-04 
 1.23250000e-06  5.11592930e-04 
 1.23350000e-06  5.11592989e-04 
 1.23450000e-06  5.11592930e-04 
 1.23550000e-06  5.11592989e-04 
 1.23650000e-06  5.11592930e-04 
 1.23750000e-06  5.11592989e-04 
 1.23850000e-06  5.11592930e-04 
 1.23950000e-06  5.11592989e-04 
 1.24050000e-06  5.11592930e-04 
 1.24150000e-06  5.11592989e-04 
 1.24250000e-06  5.11592930e-04 
 1.24350000e-06  5.11592989e-04 
 1.24450000e-06  5.11592930e-04 
 1.24550000e-06  5.11592989e-04 
 1.24650000e-06  5.11592930e-04 
 1.24750000e-06  5.11592989e-04 
 1.24850000e-06  5.11592931e-04 
 1.24950000e-06  5.11592989e-04 
 1.25050000e-06  5.11592931e-04 
 1.25150000e-06  5.11592989e-04 
 1.25250000e-06  5.11592931e-04 
 1.25350000e-06  5.11592989e-04 
 1.25450000e-06  5.11592931e-04 
 1.25550000e-06  5.11592989e-04 
 1.25650000e-06  5.11592931e-04 
 1.25750000e-06  5.11592989e-04 
 1.25850000e-06  5.11592931e-04 
 1.25950000e-06  5.11592989e-04 
 1.26050000e-06  5.11592931e-04 
 1.26150000e-06  5.11592989e-04 
 1.26250000e-06  5.11592931e-04 
 1.26350000e-06  5.11592989e-04 
 1.26450000e-06  5.11592931e-04 
 1.26550000e-06  5.11592989e-04 
 1.26650000e-06  5.11592931e-04 
 1.26750000e-06  5.11592988e-04 
 1.26850000e-06  5.11592931e-04 
 1.26950000e-06  5.11592988e-04 
 1.27050000e-06  5.11592931e-04 
 1.27150000e-06  5.11592988e-04 
 1.27250000e-06  5.11592931e-04 
 1.27350000e-06  5.11592988e-04 
 1.27450000e-06  5.11592931e-04 
 1.27550000e-06  5.11592988e-04 
 1.27650000e-06  5.11592931e-04 
 1.27750000e-06  5.11592988e-04 
 1.27850000e-06  5.11592932e-04 
 1.27950000e-06  5.11592988e-04 
 1.28050000e-06  5.11592932e-04 
 1.28150000e-06  5.11592988e-04 
 1.28250000e-06  5.11592932e-04 
 1.28350000e-06  5.11592988e-04 
 1.28450000e-06  5.11592932e-04 
 1.28550000e-06  5.11592988e-04 
 1.28650000e-06  5.11592932e-04 
 1.28750000e-06  5.11592988e-04 
 1.28850000e-06  5.11592932e-04 
 1.28950000e-06  5.11592988e-04 
 1.29050000e-06  5.11592932e-04 
 1.29150000e-06  5.11592988e-04 
 1.29250000e-06  5.11592932e-04 
 1.29350000e-06  5.11592987e-04 
 1.29450000e-06  5.11592932e-04 
 1.29550000e-06  5.11592987e-04 
 1.29650000e-06  5.11592932e-04 
 1.29750000e-06  5.11592987e-04 
 1.29850000e-06  5.11592932e-04 
 1.29950000e-06  5.11592987e-04 
 1.30050000e-06  5.11592932e-04 
 1.30150000e-06  5.11592987e-04 
 1.30250000e-06  5.11592933e-04 
 1.30350000e-06  5.11592987e-04 
 1.30450000e-06  5.11592933e-04 
 1.30550000e-06  5.11592987e-04 
 1.30650000e-06  5.11592933e-04 
 1.30750000e-06  5.11592987e-04 
 1.30850000e-06  5.11592933e-04 
 1.30950000e-06  5.11592987e-04 
 1.31050000e-06  5.11592933e-04 
 1.31150000e-06  5.11592987e-04 
 1.31250000e-06  5.11592933e-04 
 1.31350000e-06  5.11592987e-04 
 1.31450000e-06  5.11592933e-04 
 1.31550000e-06  5.11592986e-04 
 1.31650000e-06  5.11592933e-04 
 1.31750000e-06  5.11592986e-04 
 1.31850000e-06  5.11592933e-04 
 1.31950000e-06  5.11592986e-04 
 1.32050000e-06  5.11592933e-04 
 1.32150000e-06  5.11592986e-04 
 1.32250000e-06  5.11592933e-04 
 1.32350000e-06  5.11592986e-04 
 1.32450000e-06  5.11592934e-04 
 1.32550000e-06  5.11592986e-04 
 1.32650000e-06  5.11592934e-04 
 1.32750000e-06  5.11592986e-04 
 1.32850000e-06  5.11592934e-04 
 1.32950000e-06  5.11592986e-04 
 1.33050000e-06  5.11592934e-04 
 1.33150000e-06  5.11592986e-04 
 1.33250000e-06  5.11592934e-04 
 1.33350000e-06  5.11592986e-04 
 1.33450000e-06  5.11592934e-04 
 1.33550000e-06  5.11592986e-04 
 1.33650000e-06  5.11592934e-04 
 1.33750000e-06  5.11592985e-04 
 1.33850000e-06  5.11592934e-04 
 1.33950000e-06  5.11592985e-04 
 1.34050000e-06  5.11592934e-04 
 1.34150000e-06  5.11592985e-04 
 1.34250000e-06  5.11592934e-04 
 1.34350000e-06  5.11592985e-04 
 1.34450000e-06  5.11592935e-04 
 1.34550000e-06  5.11592985e-04 
 1.34650000e-06  5.11592935e-04 
 1.34750000e-06  5.11592985e-04 
 1.34850000e-06  5.11592935e-04 
 1.34950000e-06  5.11592985e-04 
 1.35050000e-06  5.11592935e-04 
 1.35150000e-06  5.11592985e-04 
 1.35250000e-06  5.11592935e-04 
 1.35350000e-06  5.11592985e-04 
 1.35450000e-06  5.11592935e-04 
 1.35550000e-06  5.11592985e-04 
 1.35650000e-06  5.11592935e-04 
 1.35750000e-06  5.11592984e-04 
 1.35850000e-06  5.11592935e-04 
 1.35950000e-06  5.11592984e-04 
 1.36050000e-06  5.11592935e-04 
 1.36150000e-06  5.11592984e-04 
 1.36250000e-06  5.11592935e-04 
 1.36350000e-06  5.11592984e-04 
 1.36450000e-06  5.11592935e-04 
 1.36550000e-06  5.11592984e-04 
 1.36650000e-06  5.11592936e-04 
 1.36750000e-06  5.11592984e-04 
 1.36850000e-06  5.11592936e-04 
 1.36950000e-06  5.11592984e-04 
 1.37050000e-06  5.11592936e-04 
 1.37150000e-06  5.11592984e-04 
 1.37250000e-06  5.11592936e-04 
 1.37350000e-06  5.11592984e-04 
 1.37450000e-06  5.11592936e-04 
 1.37550000e-06  5.11592984e-04 
 1.37650000e-06  5.11592936e-04 
 1.37750000e-06  5.11592983e-04 
 1.37850000e-06  5.11592936e-04 
 1.37950000e-06  5.11592983e-04 
 1.38050000e-06  5.11592936e-04 
 1.38150000e-06  5.11592983e-04 
 1.38250000e-06  5.11592936e-04 
 1.38350000e-06  5.11592983e-04 
 1.38450000e-06  5.11592936e-04 
 1.38550000e-06  5.11592983e-04 
 1.38650000e-06  5.11592937e-04 
 1.38750000e-06  5.11592983e-04 
 1.38850000e-06  5.11592937e-04 
 1.38950000e-06  5.11592983e-04 
 1.39050000e-06  5.11592937e-04 
 1.39150000e-06  5.11592983e-04 
 1.39250000e-06  5.11592937e-04 
 1.39350000e-06  5.11592983e-04 
 1.39450000e-06  5.11592937e-04 
 1.39550000e-06  5.11592983e-04 
 1.39650000e-06  5.11592937e-04 
 1.39750000e-06  5.11592983e-04 
 1.39850000e-06  5.11592937e-04 
 1.39950000e-06  5.11592982e-04 
 1.40050000e-06  5.11592937e-04 
 1.40150000e-06  5.11592982e-04 
 1.40250000e-06  5.11592937e-04 
 1.40350000e-06  5.11592982e-04 
 1.40450000e-06  5.11592937e-04 
 1.40550000e-06  5.11592982e-04 
 1.40650000e-06  5.11592937e-04 
 1.40750000e-06  5.11592982e-04 
 1.40850000e-06  5.11592938e-04 
 1.40950000e-06  5.11592982e-04 
 1.41050000e-06  5.11592938e-04 
 1.41150000e-06  5.11592982e-04 
 1.41250000e-06  5.11592938e-04 
 1.41350000e-06  5.11592982e-04 
 1.41450000e-06  5.11592938e-04 
 1.41550000e-06  5.11592982e-04 
 1.41650000e-06  5.11592938e-04 
 1.41750000e-06  5.11592982e-04 
 1.41850000e-06  5.11592938e-04 
 1.41950000e-06  5.11592982e-04 
 1.42050000e-06  5.11592938e-04 
 1.42150000e-06  5.11592981e-04 
 1.42250000e-06  5.11592938e-04 
 1.42350000e-06  5.11592981e-04 
 1.42450000e-06  5.11592938e-04 
 1.42550000e-06  5.11592981e-04 
 1.42650000e-06  5.11592938e-04 
 1.42750000e-06  5.11592981e-04 
 1.42850000e-06  5.11592938e-04 
 1.42950000e-06  5.11592981e-04 
 1.43050000e-06  5.11592939e-04 
 1.43150000e-06  5.11592981e-04 
 1.43250000e-06  5.11592939e-04 
 1.43350000e-06  5.11592981e-04 
 1.43450000e-06  5.11592939e-04 
 1.43550000e-06  5.11592981e-04 
 1.43650000e-06  5.11592939e-04 
 1.43750000e-06  5.11592981e-04 
 1.43850000e-06  5.11592939e-04 
 1.43950000e-06  5.11592981e-04 
 1.44050000e-06  5.11592939e-04 
 1.44150000e-06  5.11592981e-04 
 1.44250000e-06  5.11592939e-04 
 1.44350000e-06  5.11592980e-04 
 1.44450000e-06  5.11592939e-04 
 1.44550000e-06  5.11592980e-04 
 1.44650000e-06  5.11592939e-04 
 1.44750000e-06  5.11592980e-04 
 1.44850000e-06  5.11592939e-04 
 1.44950000e-06  5.11592980e-04 
 1.45050000e-06  5.11592939e-04 
 1.45150000e-06  5.11592980e-04 
 1.45250000e-06  5.11592940e-04 
 1.45350000e-06  5.11592980e-04 
 1.45450000e-06  5.11592940e-04 
 1.45550000e-06  5.11592980e-04 
 1.45650000e-06  5.11592940e-04 
 1.45750000e-06  5.11592980e-04 
 1.45850000e-06  5.11592940e-04 
 1.45950000e-06  5.11592980e-04 
 1.46050000e-06  5.11592940e-04 
 1.46150000e-06  5.11592980e-04 
 1.46250000e-06  5.11592940e-04 
 1.46350000e-06  5.11592980e-04 
 1.46450000e-06  5.11592940e-04 
 1.46550000e-06  5.11592979e-04 
 1.46650000e-06  5.11592940e-04 
 1.46750000e-06  5.11592979e-04 
 1.46850000e-06  5.11592940e-04 
 1.46950000e-06  5.11592979e-04 
 1.47050000e-06  5.11592940e-04 
 1.47150000e-06  5.11592979e-04 
 1.47250000e-06  5.11592940e-04 
 1.47350000e-06  5.11592979e-04 
 1.47450000e-06  5.11592940e-04 
 1.47550000e-06  5.11592979e-04 
 1.47650000e-06  5.11592941e-04 
 1.47750000e-06  5.11592979e-04 
 1.47850000e-06  5.11592941e-04 
 1.47950000e-06  5.11592979e-04 
 1.48050000e-06  5.11592941e-04 
 1.48150000e-06  5.11592979e-04 
 1.48250000e-06  5.11592941e-04 
 1.48350000e-06  5.11592979e-04 
 1.48450000e-06  5.11592941e-04 
 1.48550000e-06  5.11592979e-04 
 1.48650000e-06  5.11592941e-04 
 1.48750000e-06  5.11592979e-04 
 1.48850000e-06  5.11592941e-04 
 1.48950000e-06  5.11592978e-04 
 1.49050000e-06  5.11592941e-04 
 1.49150000e-06  5.11592978e-04 
 1.49250000e-06  5.11592941e-04 
 1.49350000e-06  5.11592978e-04 
 1.49450000e-06  5.11592941e-04 
 1.49550000e-06  5.11592978e-04 
 1.49650000e-06  5.11592941e-04 
 1.49750000e-06  5.11592978e-04 
 1.49850000e-06  5.11592941e-04 
 1.49950000e-06  5.11592978e-04 
 1.50050000e-06  5.11592942e-04 
 1.50150000e-06  5.11592978e-04 
 1.50250000e-06  5.11592942e-04 
 1.50350000e-06  5.11592978e-04 
 1.50450000e-06  5.11592942e-04 
 1.50550000e-06  5.11592978e-04 
 1.50650000e-06  5.11592942e-04 
 1.50750000e-06  5.11592978e-04 
 1.50850000e-06  5.11592942e-04 
 1.50950000e-06  5.11592978e-04 
 1.51050000e-06  5.11592942e-04 
 1.51150000e-06  5.11592978e-04 
 1.51250000e-06  5.11592942e-04 
 1.51350000e-06  5.11592978e-04 
 1.51450000e-06  5.11592942e-04 
 1.51550000e-06  5.11592977e-04 
 1.51650000e-06  5.11592942e-04 
 1.51750000e-06  5.11592977e-04 
 1.51850000e-06  5.11592942e-04 
 1.51950000e-06  5.11592977e-04 
 1.52050000e-06  5.11592942e-04 
 1.52150000e-06  5.11592977e-04 
 1.52250000e-06  5.11592942e-04 
 1.52350000e-06  5.11592977e-04 
 1.52450000e-06  5.11592942e-04 
 1.52550000e-06  5.11592977e-04 
 1.52650000e-06  5.11592943e-04 
 1.52750000e-06  5.11592977e-04 
 1.52850000e-06  5.11592943e-04 
 1.52950000e-06  5.11592977e-04 
 1.53050000e-06  5.11592943e-04 
 1.53150000e-06  5.11592977e-04 
 1.53250000e-06  5.11592943e-04 
 1.53350000e-06  5.11592977e-04 
 1.53450000e-06  5.11592943e-04 
 1.53550000e-06  5.11592977e-04 
 1.53650000e-06  5.11592943e-04 
 1.53750000e-06  5.11592977e-04 
 1.53850000e-06  5.11592943e-04 
 1.53950000e-06  5.11592977e-04 
 1.54050000e-06  5.11592943e-04 
 1.54150000e-06  5.11592976e-04 
 1.54250000e-06  5.11592943e-04 
 1.54350000e-06  5.11592976e-04 
 1.54450000e-06  5.11592943e-04 
 1.54550000e-06  5.11592976e-04 
 1.54650000e-06  5.11592943e-04 
 1.54750000e-06  5.11592976e-04 
 1.54850000e-06  5.11592943e-04 
 1.54950000e-06  5.11592976e-04 
 1.55050000e-06  5.11592943e-04 
 1.55150000e-06  5.11592976e-04 
 1.55250000e-06  5.11592944e-04 
 1.55350000e-06  5.11592976e-04 
 1.55450000e-06  5.11592944e-04 
 1.55550000e-06  5.11592976e-04 
 1.55650000e-06  5.11592944e-04 
 1.55750000e-06  5.11592976e-04 
 1.55850000e-06  5.11592944e-04 
 1.55950000e-06  5.11592976e-04 
 1.56050000e-06  5.11592944e-04 
 1.56150000e-06  5.11592976e-04 
 1.56250000e-06  5.11592944e-04 
 1.56350000e-06  5.11592976e-04 
 1.56450000e-06  5.11592944e-04 
 1.56550000e-06  5.11592976e-04 
 1.56650000e-06  5.11592944e-04 
 1.56750000e-06  5.11592976e-04 
 1.56850000e-06  5.11592944e-04 
 1.56950000e-06  5.11592975e-04 
 1.57050000e-06  5.11592944e-04 
 1.57150000e-06  5.11592975e-04 
 1.57250000e-06  5.11592944e-04 
 1.57350000e-06  5.11592975e-04 
 1.57450000e-06  5.11592944e-04 
 1.57550000e-06  5.11592975e-04 
 1.57650000e-06  5.11592944e-04 
 1.57750000e-06  5.11592975e-04 
 1.57850000e-06  5.11592944e-04 
 1.57950000e-06  5.11592975e-04 
 1.58050000e-06  5.11592945e-04 
 1.58150000e-06  5.11592975e-04 
 1.58250000e-06  5.11592945e-04 
 1.58350000e-06  5.11592975e-04 
 1.58450000e-06  5.11592945e-04 
 1.58550000e-06  5.11592975e-04 
 1.58650000e-06  5.11592945e-04 
 1.58750000e-06  5.11592975e-04 
 1.58850000e-06  5.11592945e-04 
 1.58950000e-06  5.11592975e-04 
 1.59050000e-06  5.11592945e-04 
 1.59150000e-06  5.11592975e-04 
 1.59250000e-06  5.11592945e-04 
 1.59350000e-06  5.11592975e-04 
 1.59450000e-06  5.11592945e-04 
 1.59550000e-06  5.11592975e-04 
 1.59650000e-06  5.11592945e-04 
 1.59750000e-06  5.11592974e-04 
 1.59850000e-06  5.11592945e-04 
 1.59950000e-06  5.11592974e-04 
 1.60050000e-06  5.11592945e-04 
 1.60150000e-06  5.11592974e-04 
 1.60250000e-06  5.11592945e-04 
 1.60350000e-06  5.11592974e-04 
 1.60450000e-06  5.11592945e-04 
 1.60550000e-06  5.11592974e-04 
 1.60650000e-06  5.11592945e-04 
 1.60750000e-06  5.11592974e-04 
 1.60850000e-06  5.11592945e-04 
 1.60950000e-06  5.11592974e-04 
 1.61050000e-06  5.11592946e-04 
 1.61150000e-06  5.11592974e-04 
 1.61250000e-06  5.11592946e-04 
 1.61350000e-06  5.11592974e-04 
 1.61450000e-06  5.11592946e-04 
 1.61550000e-06  5.11592974e-04 
 1.61650000e-06  5.11592946e-04 
 1.61750000e-06  5.11592974e-04 
 1.61850000e-06  5.11592946e-04 
 1.61950000e-06  5.11592974e-04 
 1.62050000e-06  5.11592946e-04 
 1.62150000e-06  5.11592974e-04 
 1.62250000e-06  5.11592946e-04 
 1.62350000e-06  5.11592974e-04 
 1.62450000e-06  5.11592946e-04 
 1.62550000e-06  5.11592974e-04 
 1.62650000e-06  5.11592946e-04 
 1.62750000e-06  5.11592974e-04 
 1.62850000e-06  5.11592946e-04 
 1.62950000e-06  5.11592973e-04 
 1.63050000e-06  5.11592946e-04 
 1.63150000e-06  5.11592973e-04 
 1.63250000e-06  5.11592946e-04 
 1.63350000e-06  5.11592973e-04 
 1.63450000e-06  5.11592946e-04 
 1.63550000e-06  5.11592973e-04 
 1.63650000e-06  5.11592946e-04 
 1.63750000e-06  5.11592973e-04 
 1.63850000e-06  5.11592946e-04 
 1.63950000e-06  5.11592973e-04 
 1.64050000e-06  5.11592946e-04 
 1.64150000e-06  5.11592973e-04 
 1.64250000e-06  5.11592946e-04 
 1.64350000e-06  5.11592973e-04 
 1.64450000e-06  5.11592947e-04 
 1.64550000e-06  5.11592973e-04 
 1.64650000e-06  5.11592947e-04 
 1.64750000e-06  5.11592973e-04 
 1.64850000e-06  5.11592947e-04 
 1.64950000e-06  5.11592973e-04 
 1.65050000e-06  5.11592947e-04 
 1.65150000e-06  5.11592973e-04 
 1.65250000e-06  5.11592947e-04 
 1.65350000e-06  5.11592973e-04 
 1.65450000e-06  5.11592947e-04 
 1.65550000e-06  5.11592973e-04 
 1.65650000e-06  5.11592947e-04 
 1.65750000e-06  5.11592973e-04 
 1.65850000e-06  5.11592947e-04 
 1.65950000e-06  5.11592973e-04 
 1.66050000e-06  5.11592947e-04 
 1.66150000e-06  5.11592973e-04 
 1.66250000e-06  5.11592947e-04 
 1.66350000e-06  5.11592972e-04 
 1.66450000e-06  5.11592947e-04 
 1.66550000e-06  5.11592972e-04 
 1.66650000e-06  5.11592947e-04 
 1.66750000e-06  5.11592972e-04 
 1.66850000e-06  5.11592947e-04 
 1.66950000e-06  5.11592972e-04 
 1.67050000e-06  5.11592947e-04 
 1.67150000e-06  5.11592972e-04 
 1.67250000e-06  5.11592947e-04 
 1.67350000e-06  5.11592972e-04 
 1.67450000e-06  5.11592947e-04 
 1.67550000e-06  5.11592972e-04 
 1.67650000e-06  5.11592947e-04 
 1.67750000e-06  5.11592972e-04 
 1.67850000e-06  5.11592948e-04 
 1.67950000e-06  5.11592972e-04 
 1.68050000e-06  5.11592948e-04 
 1.68150000e-06  5.11592972e-04 
 1.68250000e-06  5.11592948e-04 
 1.68350000e-06  5.11592972e-04 
 1.68450000e-06  5.11592948e-04 
 1.68550000e-06  5.11592972e-04 
 1.68650000e-06  5.11592948e-04 
 1.68750000e-06  5.11592972e-04 
 1.68850000e-06  5.11592948e-04 
 1.68950000e-06  5.11592972e-04 
 1.69050000e-06  5.11592948e-04 
 1.69150000e-06  5.11592972e-04 
 1.69250000e-06  5.11592948e-04 
 1.69350000e-06  5.11592972e-04 
 1.69450000e-06  5.11592948e-04 
 1.69550000e-06  5.11592972e-04 
 1.69650000e-06  5.11592948e-04 
 1.69750000e-06  5.11592972e-04 
 1.69850000e-06  5.11592948e-04 
 1.69950000e-06  5.11592971e-04 
 1.70050000e-06  5.11592948e-04 
 1.70150000e-06  5.11592971e-04 
 1.70250000e-06  5.11592948e-04 
 1.70350000e-06  5.11592971e-04 
 1.70450000e-06  5.11592948e-04 
 1.70550000e-06  5.11592971e-04 
 1.70650000e-06  5.11592948e-04 
 1.70750000e-06  5.11592971e-04 
 1.70850000e-06  5.11592948e-04 
 1.70950000e-06  5.11592971e-04 
 1.71050000e-06  5.11592948e-04 
 1.71150000e-06  5.11592971e-04 
 1.71250000e-06  5.11592948e-04 
 1.71350000e-06  5.11592971e-04 
 1.71450000e-06  5.11592948e-04 
 1.71550000e-06  5.11592971e-04 
 1.71650000e-06  5.11592949e-04 
 1.71750000e-06  5.11592971e-04 
 1.71850000e-06  5.11592949e-04 
 1.71950000e-06  5.11592971e-04 
 1.72050000e-06  5.11592949e-04 
 1.72150000e-06  5.11592971e-04 
 1.72250000e-06  5.11592949e-04 
 1.72350000e-06  5.11592971e-04 
 1.72450000e-06  5.11592949e-04 
 1.72550000e-06  5.11592971e-04 
 1.72650000e-06  5.11592949e-04 
 1.72750000e-06  5.11592971e-04 
 1.72850000e-06  5.11592949e-04 
 1.72950000e-06  5.11592971e-04 
 1.73050000e-06  5.11592949e-04 
 1.73150000e-06  5.11592971e-04 
 1.73250000e-06  5.11592949e-04 
 1.73350000e-06  5.11592971e-04 
 1.73450000e-06  5.11592949e-04 
 1.73550000e-06  5.11592971e-04 
 1.73650000e-06  5.11592949e-04 
 1.73750000e-06  5.11592971e-04 
 1.73850000e-06  5.11592949e-04 
 1.73950000e-06  5.11592970e-04 
 1.74050000e-06  5.11592949e-04 
 1.74150000e-06  5.11592970e-04 
 1.74250000e-06  5.11592949e-04 
 1.74350000e-06  5.11592970e-04 
 1.74450000e-06  5.11592949e-04 
 1.74550000e-06  5.11592970e-04 
 1.74650000e-06  5.11592949e-04 
 1.74750000e-06  5.11592970e-04 
 1.74850000e-06  5.11592949e-04 
 1.74950000e-06  5.11592970e-04 
 1.75050000e-06  5.11592949e-04 
 1.75150000e-06  5.11592970e-04 
 1.75250000e-06  5.11592949e-04 
 1.75350000e-06  5.11592970e-04 
 1.75450000e-06  5.11592949e-04 
 1.75550000e-06  5.11592970e-04 
 1.75650000e-06  5.11592949e-04 
 1.75750000e-06  5.11592970e-04 
 1.75850000e-06  5.11592950e-04 
 1.75950000e-06  5.11592970e-04 
 1.76050000e-06  5.11592950e-04 
 1.76150000e-06  5.11592970e-04 
 1.76250000e-06  5.11592950e-04 
 1.76350000e-06  5.11592970e-04 
 1.76450000e-06  5.11592950e-04 
 1.76550000e-06  5.11592970e-04 
 1.76650000e-06  5.11592950e-04 
 1.76750000e-06  5.11592970e-04 
 1.76850000e-06  5.11592950e-04 
 1.76950000e-06  5.11592970e-04 
 1.77050000e-06  5.11592950e-04 
 1.77150000e-06  5.11592970e-04 
 1.77250000e-06  5.11592950e-04 
 1.77350000e-06  5.11592970e-04 
 1.77450000e-06  5.11592950e-04 
 1.77550000e-06  5.11592970e-04 
 1.77650000e-06  5.11592950e-04 
 1.77750000e-06  5.11592970e-04 
 1.77850000e-06  5.11592950e-04 
 1.77950000e-06  5.11592970e-04 
 1.78050000e-06  5.11592950e-04 
 1.78150000e-06  5.11592970e-04 
 1.78250000e-06  5.11592950e-04 
 1.78350000e-06  5.11592969e-04 
 1.78450000e-06  5.11592950e-04 
 1.78550000e-06  5.11592969e-04 
 1.78650000e-06  5.11592950e-04 
 1.78750000e-06  5.11592969e-04 
 1.78850000e-06  5.11592950e-04 
 1.78950000e-06  5.11592969e-04 
 1.79050000e-06  5.11592950e-04 
 1.79150000e-06  5.11592969e-04 
 1.79250000e-06  5.11592950e-04 
 1.79350000e-06  5.11592969e-04 
 1.79450000e-06  5.11592950e-04 
 1.79550000e-06  5.11592969e-04 
 1.79650000e-06  5.11592950e-04 
 1.79750000e-06  5.11592969e-04 
 1.79850000e-06  5.11592950e-04 
 1.79950000e-06  5.11592969e-04 
 1.80050000e-06  5.11592950e-04 
 1.80150000e-06  5.11592969e-04 
 1.80250000e-06  5.11592951e-04 
 1.80350000e-06  5.11592969e-04 
 1.80450000e-06  5.11592951e-04 
 1.80550000e-06  5.11592969e-04 
 1.80650000e-06  5.11592951e-04 
 1.80750000e-06  5.11592969e-04 
 1.80850000e-06  5.11592951e-04 
 1.80950000e-06  5.11592969e-04 
 1.81050000e-06  5.11592951e-04 
 1.81150000e-06  5.11592969e-04 
 1.81250000e-06  5.11592951e-04 
 1.81350000e-06  5.11592969e-04 
 1.81450000e-06  5.11592951e-04 
 1.81550000e-06  5.11592969e-04 
 1.81650000e-06  5.11592951e-04 
 1.81750000e-06  5.11592969e-04 
 1.81850000e-06  5.11592951e-04 
 1.81950000e-06  5.11592969e-04 
 1.82050000e-06  5.11592951e-04 
 1.82150000e-06  5.11592969e-04 
 1.82250000e-06  5.11592951e-04 
 1.82350000e-06  5.11592969e-04 
 1.82450000e-06  5.11592951e-04 
 1.82550000e-06  5.11592969e-04 
 1.82650000e-06  5.11592951e-04 
 1.82750000e-06  5.11592969e-04 
 1.82850000e-06  5.11592951e-04 
 1.82950000e-06  5.11592969e-04 
 1.83050000e-06  5.11592951e-04 
 1.83150000e-06  5.11592968e-04 
 1.83250000e-06  5.11592951e-04 
 1.83350000e-06  5.11592968e-04 
 1.83450000e-06  5.11592951e-04 
 1.83550000e-06  5.11592968e-04 
 1.83650000e-06  5.11592951e-04 
 1.83750000e-06  5.11592968e-04 
 1.83850000e-06  5.11592951e-04 
 1.83950000e-06  5.11592968e-04 
 1.84050000e-06  5.11592951e-04 
 1.84150000e-06  5.11592968e-04 
 1.84250000e-06  5.11592951e-04 
 1.84350000e-06  5.11592968e-04 
 1.84450000e-06  5.11592951e-04 
 1.84550000e-06  5.11592968e-04 
 1.84650000e-06  5.11592951e-04 
 1.84750000e-06  5.11592968e-04 
 1.84850000e-06  5.11592951e-04 
 1.84950000e-06  5.11592968e-04 
 1.85050000e-06  5.11592951e-04 
 1.85150000e-06  5.11592968e-04 
 1.85250000e-06  5.11592952e-04 
 1.85350000e-06  5.11592968e-04 
 1.85450000e-06  5.11592952e-04 
 1.85550000e-06  5.11592968e-04 
 1.85650000e-06  5.11592952e-04 
 1.85750000e-06  5.11592968e-04 
 1.85850000e-06  5.11592952e-04 
 1.85950000e-06  5.11592968e-04 
 1.86050000e-06  5.11592952e-04 
 1.86150000e-06  5.11592968e-04 
 1.86250000e-06  5.11592952e-04 
 1.86350000e-06  5.11592968e-04 
 1.86450000e-06  5.11592952e-04 
 1.86550000e-06  5.11592968e-04 
 1.86650000e-06  5.11592952e-04 
 1.86750000e-06  5.11592968e-04 
 1.86850000e-06  5.11592952e-04 
 1.86950000e-06  5.11592968e-04 
 1.87050000e-06  5.11592952e-04 
 1.87150000e-06  5.11592968e-04 
 1.87250000e-06  5.11592952e-04 
 1.87350000e-06  5.11592968e-04 
 1.87450000e-06  5.11592952e-04 
 1.87550000e-06  5.11592968e-04 
 1.87650000e-06  5.11592952e-04 
 1.87750000e-06  5.11592968e-04 
 1.87850000e-06  5.11592952e-04 
 1.87950000e-06  5.11592968e-04 
 1.88050000e-06  5.11592952e-04 
 1.88150000e-06  5.11592968e-04 
 1.88250000e-06  5.11592952e-04 
 1.88350000e-06  5.11592968e-04 
 1.88450000e-06  5.11592952e-04 
 1.88550000e-06  5.11592967e-04 
 1.88650000e-06  5.11592952e-04 
 1.88750000e-06  5.11592967e-04 
 1.88850000e-06  5.11592952e-04 
 1.88950000e-06  5.11592967e-04 
 1.89050000e-06  5.11592952e-04 
 1.89150000e-06  5.11592967e-04 
 1.89250000e-06  5.11592952e-04 
 1.89350000e-06  5.11592967e-04 
 1.89450000e-06  5.11592952e-04 
 1.89550000e-06  5.11592967e-04 
 1.89650000e-06  5.11592952e-04 
 1.89750000e-06  5.11592967e-04 
 1.89850000e-06  5.11592952e-04 
 1.89950000e-06  5.11592967e-04 
 1.90050000e-06  5.11592952e-04 
 1.90150000e-06  5.11592967e-04 
 1.90250000e-06  5.11592952e-04 
 1.90350000e-06  5.11592967e-04 
 1.90450000e-06  5.11592952e-04 
 1.90550000e-06  5.11592967e-04 
 1.90650000e-06  5.11592952e-04 
 1.90750000e-06  5.11592967e-04 
 1.90850000e-06  5.11592952e-04 
 1.90950000e-06  5.11592967e-04 
 1.91050000e-06  5.11592953e-04 
 1.91150000e-06  5.11592967e-04 
 1.91250000e-06  5.11592953e-04 
 1.91350000e-06  5.11592967e-04 
 1.91450000e-06  5.11592953e-04 
 1.91550000e-06  5.11592967e-04 
 1.91650000e-06  5.11592953e-04 
 1.91750000e-06  5.11592967e-04 
 1.91850000e-06  5.11592953e-04 
 1.91950000e-06  5.11592967e-04 
 1.92050000e-06  5.11592953e-04 
 1.92150000e-06  5.11592967e-04 
 1.92250000e-06  5.11592953e-04 
 1.92350000e-06  5.11592967e-04 
 1.92450000e-06  5.11592953e-04 
 1.92550000e-06  5.11592967e-04 
 1.92650000e-06  5.11592953e-04 
 1.92750000e-06  5.11592967e-04 
 1.92850000e-06  5.11592953e-04 
 1.92950000e-06  5.11592967e-04 
 1.93050000e-06  5.11592953e-04 
 1.93150000e-06  5.11592967e-04 
 1.93250000e-06  5.11592953e-04 
 1.93350000e-06  5.11592967e-04 
 1.93450000e-06  5.11592953e-04 
 1.93550000e-06  5.11592967e-04 
 1.93650000e-06  5.11592953e-04 
 1.93750000e-06  5.11592967e-04 
 1.93850000e-06  5.11592953e-04 
 1.93950000e-06  5.11592967e-04 
 1.94050000e-06  5.11592953e-04 
 1.94150000e-06  5.11592967e-04 
 1.94250000e-06  5.11592953e-04 
 1.94350000e-06  5.11592967e-04 
 1.94450000e-06  5.11592953e-04 
 1.94550000e-06  5.11592966e-04 
 1.94650000e-06  5.11592953e-04 
 1.94750000e-06  5.11592966e-04 
 1.94850000e-06  5.11592953e-04 
 1.94950000e-06  5.11592966e-04 
 1.95050000e-06  5.11592953e-04 
 1.95150000e-06  5.11592966e-04 
 1.95250000e-06  5.11592953e-04 
 1.95350000e-06  5.11592966e-04 
 1.95450000e-06  5.11592953e-04 
 1.95550000e-06  5.11592966e-04 
 1.95650000e-06  5.11592953e-04 
 1.95750000e-06  5.11592966e-04 
 1.95850000e-06  5.11592953e-04 
 1.95950000e-06  5.11592966e-04 
 1.96050000e-06  5.11592953e-04 
 1.96150000e-06  5.11592966e-04 
 1.96250000e-06  5.11592953e-04 
 1.96350000e-06  5.11592966e-04 
 1.96450000e-06  5.11592953e-04 
 1.96550000e-06  5.11592966e-04 
 1.96650000e-06  5.11592953e-04 
 1.96750000e-06  5.11592966e-04 
 1.96850000e-06  5.11592953e-04 
 1.96950000e-06  5.11592966e-04 
 1.97050000e-06  5.11592953e-04 
 1.97150000e-06  5.11592966e-04 
 1.97250000e-06  5.11592953e-04 
 1.97350000e-06  5.11592966e-04 
 1.97450000e-06  5.11592954e-04 
 1.97550000e-06  5.11592966e-04 
 1.97650000e-06  5.11592954e-04 
 1.97750000e-06  5.11592966e-04 
 1.97850000e-06  5.11592954e-04 
 1.97950000e-06  5.11592966e-04 
 1.98050000e-06  5.11592954e-04 
 1.98150000e-06  5.11592966e-04 
 1.98250000e-06  5.11592954e-04 
 1.98350000e-06  5.11592966e-04 
 1.98450000e-06  5.11592954e-04 
 1.98550000e-06  5.11592966e-04 
 1.98650000e-06  5.11592954e-04 
 1.98750000e-06  5.11592966e-04 
 1.98850000e-06  5.11592954e-04 
 1.98950000e-06  5.11592966e-04 
 1.99050000e-06  5.11592954e-04 
 1.99150000e-06  5.11592966e-04 
 1.99250000e-06  5.11592954e-04 
 1.99350000e-06  5.11592966e-04 
 1.99450000e-06  5.11592954e-04 
 1.99550000e-06  5.11592966e-04 
 1.99650000e-06  5.11592954e-04 
 1.99750000e-06  5.11592966e-04 
 1.99850000e-06  5.11592954e-04 
 1.99950000e-06  5.11592966e-04 
 2.00050000e-06  5.11592954e-04 
 2.00150000e-06  5.11592966e-04 
 2.00250000e-06  5.11592954e-04 
 2.00350000e-06  5.11592966e-04 
 2.00450000e-06  5.11592954e-04 
 2.00550000e-06  5.11592966e-04 
 2.00650000e-06  5.11592954e-04 
 2.00750000e-06  5.11592966e-04 
 2.00850000e-06  5.11592954e-04 
 2.00950000e-06  5.11592966e-04 
 2.01050000e-06  5.11592954e-04 
 2.01150000e-06  5.11592966e-04 
 2.01250000e-06  5.11592954e-04 
 2.01350000e-06  5.11592966e-04 
 2.01450000e-06  5.11592954e-04 
 2.01550000e-06  5.11592966e-04 
 2.01650000e-06  5.11592954e-04 
 2.01750000e-06  5.11592965e-04 
 2.01850000e-06  5.11592954e-04 
 2.01950000e-06  5.11592965e-04 
 2.02050000e-06  5.11592954e-04 
 2.02150000e-06  5.11592965e-04 
 2.02250000e-06  5.11592954e-04 
 2.02350000e-06  5.11592965e-04 
 2.02450000e-06  5.11592954e-04 
 2.02550000e-06  5.11592965e-04 
 2.02650000e-06  5.11592954e-04 
 2.02750000e-06  5.11592965e-04 
 2.02850000e-06  5.11592954e-04 
 2.02950000e-06  5.11592965e-04 
 2.03050000e-06  5.11592954e-04 
 2.03150000e-06  5.11592965e-04 
 2.03250000e-06  5.11592954e-04 
 2.03350000e-06  5.11592965e-04 
 2.03450000e-06  5.11592954e-04 
 2.03550000e-06  5.11592965e-04 
 2.03650000e-06  5.11592954e-04 
 2.03750000e-06  5.11592965e-04 
 2.03850000e-06  5.11592954e-04 
 2.03950000e-06  5.11592965e-04 
 2.04050000e-06  5.11592954e-04 
 2.04150000e-06  5.11592965e-04 
 2.04250000e-06  5.11592954e-04 
 2.04350000e-06  5.11592965e-04 
 2.04450000e-06  5.11592954e-04 
 2.04550000e-06  5.11592965e-04 
 2.04650000e-06  5.11592954e-04 
 2.04750000e-06  5.11592965e-04 
 2.04850000e-06  5.11592954e-04 
 2.04950000e-06  5.11592965e-04 
 2.05050000e-06  5.11592955e-04 
 2.05150000e-06  5.11592965e-04 
 2.05250000e-06  5.11592955e-04 
 2.05350000e-06  5.11592965e-04 
 2.05450000e-06  5.11592955e-04 
 2.05550000e-06  5.11592965e-04 
 2.05650000e-06  5.11592955e-04 
 2.05750000e-06  5.11592965e-04 
 2.05850000e-06  5.11592955e-04 
 2.05950000e-06  5.11592965e-04 
 2.06050000e-06  5.11592955e-04 
 2.06150000e-06  5.11592965e-04 
 2.06250000e-06  5.11592955e-04 
 2.06350000e-06  5.11592965e-04 
 2.06450000e-06  5.11592955e-04 
 2.06550000e-06  5.11592965e-04 
 2.06650000e-06  5.11592955e-04 
 2.06750000e-06  5.11592965e-04 
 2.06850000e-06  5.11592955e-04 
 2.06950000e-06  5.11592965e-04 
 2.07050000e-06  5.11592955e-04 
 2.07150000e-06  5.11592965e-04 
 2.07250000e-06  5.11592955e-04 
 2.07350000e-06  5.11592965e-04 
 2.07450000e-06  5.11592955e-04 
 2.07550000e-06  5.11592965e-04 
 2.07650000e-06  5.11592955e-04 
 2.07750000e-06  5.11592965e-04 
 2.07850000e-06  5.11592955e-04 
 2.07950000e-06  5.11592965e-04 
 2.08050000e-06  5.11592955e-04 
 2.08150000e-06  5.11592965e-04 
 2.08250000e-06  5.11592955e-04 
 2.08350000e-06  5.11592965e-04 
 2.08450000e-06  5.11592955e-04 
 2.08550000e-06  5.11592965e-04 
 2.08650000e-06  5.11592955e-04 
 2.08750000e-06  5.11592965e-04 
 2.08850000e-06  5.11592955e-04 
 2.08950000e-06  5.11592965e-04 
 2.09050000e-06  5.11592955e-04 
 2.09150000e-06  5.11592965e-04 
 2.09250000e-06  5.11592955e-04 
 2.09350000e-06  5.11592965e-04 
 2.09450000e-06  5.11592955e-04 
 2.09550000e-06  5.11592965e-04 
 2.09650000e-06  5.11592955e-04 
 2.09750000e-06  5.11592965e-04 
 2.09850000e-06  5.11592955e-04 
 2.09950000e-06  5.11592965e-04 
 2.10050000e-06  5.11592955e-04 
 2.10150000e-06  5.11592964e-04 
 2.10250000e-06  5.11592955e-04 
 2.10350000e-06  5.11592964e-04 
 2.10450000e-06  5.11592955e-04 
 2.10550000e-06  5.11592964e-04 
 2.10650000e-06  5.11592955e-04 
 2.10750000e-06  5.11592964e-04 
 2.10850000e-06  5.11592955e-04 
 2.10950000e-06  5.11592964e-04 
 2.11050000e-06  5.11592955e-04 
 2.11150000e-06  5.11592964e-04 
 2.11250000e-06  5.11592955e-04 
 2.11350000e-06  5.11592964e-04 
 2.11450000e-06  5.11592955e-04 
 2.11550000e-06  5.11592964e-04 
 2.11650000e-06  5.11592955e-04 
 2.11750000e-06  5.11592964e-04 
 2.11850000e-06  5.11592955e-04 
 2.11950000e-06  5.11592964e-04 
 2.12050000e-06  5.11592955e-04 
 2.12150000e-06  5.11592964e-04 
 2.12250000e-06  5.11592955e-04 
 2.12350000e-06  5.11592964e-04 
 2.12450000e-06  5.11592955e-04 
 2.12550000e-06  5.11592964e-04 
 2.12650000e-06  5.11592955e-04 
 2.12750000e-06  5.11592964e-04 
 2.12850000e-06  5.11592955e-04 
 2.12950000e-06  5.11592964e-04 
 2.13050000e-06  5.11592955e-04 
 2.13150000e-06  5.11592964e-04 
 2.13250000e-06  5.11592955e-04 
 2.13350000e-06  5.11592964e-04 
 2.13450000e-06  5.11592955e-04 
 2.13550000e-06  5.11592964e-04 
 2.13650000e-06  5.11592955e-04 
 2.13750000e-06  5.11592964e-04 
 2.13850000e-06  5.11592955e-04 
 2.13950000e-06  5.11592964e-04 
 2.14050000e-06  5.11592955e-04 
 2.14150000e-06  5.11592964e-04 
 2.14250000e-06  5.11592956e-04 
 2.14350000e-06  5.11592964e-04 
 2.14450000e-06  5.11592956e-04 
 2.14550000e-06  5.11592964e-04 
 2.14650000e-06  5.11592956e-04 
 2.14750000e-06  5.11592964e-04 
 2.14850000e-06  5.11592956e-04 
 2.14950000e-06  5.11592964e-04 
 2.15050000e-06  5.11592956e-04 
 2.15150000e-06  5.11592964e-04 
 2.15250000e-06  5.11592956e-04 
 2.15350000e-06  5.11592964e-04 
 2.15450000e-06  5.11592956e-04 
 2.15550000e-06  5.11592964e-04 
 2.15650000e-06  5.11592956e-04 
 2.15750000e-06  5.11592964e-04 
 2.15850000e-06  5.11592956e-04 
 2.15950000e-06  5.11592964e-04 
 2.16050000e-06  5.11592956e-04 
 2.16150000e-06  5.11592964e-04 
 2.16250000e-06  5.11592956e-04 
 2.16350000e-06  5.11592964e-04 
 2.16450000e-06  5.11592956e-04 
 2.16550000e-06  5.11592964e-04 
 2.16650000e-06  5.11592956e-04 
 2.16750000e-06  5.11592964e-04 
 2.16850000e-06  5.11592956e-04 
 2.16950000e-06  5.11592964e-04 
 2.17050000e-06  5.11592956e-04 
 2.17150000e-06  5.11592964e-04 
 2.17250000e-06  5.11592956e-04 
 2.17350000e-06  5.11592964e-04 
 2.17450000e-06  5.11592956e-04 
 2.17550000e-06  5.11592964e-04 
 2.17650000e-06  5.11592956e-04 
 2.17750000e-06  5.11592964e-04 
 2.17850000e-06  5.11592956e-04 
 2.17950000e-06  5.11592964e-04 
 2.18050000e-06  5.11592956e-04 
 2.18150000e-06  5.11592964e-04 
 2.18250000e-06  5.11592956e-04 
 2.18350000e-06  5.11592964e-04 
 2.18450000e-06  5.11592956e-04 
 2.18550000e-06  5.11592964e-04 
 2.18650000e-06  5.11592956e-04 
 2.18750000e-06  5.11592964e-04 
 2.18850000e-06  5.11592956e-04 
 2.18950000e-06  5.11592964e-04 
 2.19050000e-06  5.11592956e-04 
 2.19150000e-06  5.11592964e-04 
 2.19250000e-06  5.11592956e-04 
 2.19350000e-06  5.11592964e-04 
 2.19450000e-06  5.11592956e-04 
 2.19550000e-06  5.11592964e-04 
 2.19650000e-06  5.11592956e-04 
 2.19750000e-06  5.11592964e-04 
 2.19850000e-06  5.11592956e-04 
 2.19950000e-06  5.11592964e-04 
 2.20050000e-06  5.11592956e-04 
 2.20150000e-06  5.11592964e-04 
 2.20250000e-06  5.11592956e-04 
 2.20350000e-06  5.11592963e-04 
 2.20450000e-06  5.11592956e-04 
 2.20550000e-06  5.11592963e-04 
 2.20650000e-06  5.11592956e-04 
 2.20750000e-06  5.11592963e-04 
 2.20850000e-06  5.11592956e-04 
 2.20950000e-06  5.11592963e-04 
 2.21050000e-06  5.11592956e-04 
 2.21150000e-06  5.11592963e-04 
 2.21250000e-06  5.11592956e-04 
 2.21350000e-06  5.11592963e-04 
 2.21450000e-06  5.11592956e-04 
 2.21550000e-06  5.11592963e-04 
 2.21650000e-06  5.11592956e-04 
 2.21750000e-06  5.11592963e-04 
 2.21850000e-06  5.11592956e-04 
 2.21950000e-06  5.11592963e-04 
 2.22050000e-06  5.11592956e-04 
 2.22150000e-06  5.11592963e-04 
 2.22250000e-06  5.11592956e-04 
 2.22350000e-06  5.11592963e-04 
 2.22450000e-06  5.11592956e-04 
 2.22550000e-06  5.11592963e-04 
 2.22650000e-06  5.11592956e-04 
 2.22750000e-06  5.11592963e-04 
 2.22850000e-06  5.11592956e-04 
 2.22950000e-06  5.11592963e-04 
 2.23050000e-06  5.11592956e-04 
 2.23150000e-06  5.11592963e-04 
 2.23250000e-06  5.11592956e-04 
 2.23350000e-06  5.11592963e-04 
 2.23450000e-06  5.11592956e-04 
 2.23550000e-06  5.11592963e-04 
 2.23650000e-06  5.11592956e-04 
 2.23750000e-06  5.11592963e-04 
 2.23850000e-06  5.11592956e-04 
 2.23950000e-06  5.11592963e-04 
 2.24050000e-06  5.11592956e-04 
 2.24150000e-06  5.11592963e-04 
 2.24250000e-06  5.11592956e-04 
 2.24350000e-06  5.11592963e-04 
 2.24450000e-06  5.11592956e-04 
 2.24550000e-06  5.11592963e-04 
 2.24650000e-06  5.11592956e-04 
 2.24750000e-06  5.11592963e-04 
 2.24850000e-06  5.11592956e-04 
 2.24950000e-06  5.11592963e-04 
 2.25050000e-06  5.11592956e-04 
 2.25150000e-06  5.11592963e-04 
 2.25250000e-06  5.11592956e-04 
 2.25350000e-06  5.11592963e-04 
 2.25450000e-06  5.11592956e-04 
 2.25550000e-06  5.11592963e-04 
 2.25650000e-06  5.11592957e-04 
 2.25750000e-06  5.11592963e-04 
 2.25850000e-06  5.11592957e-04 
 2.25950000e-06  5.11592963e-04 
 2.26050000e-06  5.11592957e-04 
 2.26150000e-06  5.11592963e-04 
 2.26250000e-06  5.11592957e-04 
 2.26350000e-06  5.11592963e-04 
 2.26450000e-06  5.11592957e-04 
 2.26550000e-06  5.11592963e-04 
 2.26650000e-06  5.11592957e-04 
 2.26750000e-06  5.11592963e-04 
 2.26850000e-06  5.11592957e-04 
 2.26950000e-06  5.11592963e-04 
 2.27050000e-06  5.11592957e-04 
 2.27150000e-06  5.11592963e-04 
 2.27250000e-06  5.11592957e-04 
 2.27350000e-06  5.11592963e-04 
 2.27450000e-06  5.11592957e-04 
 2.27550000e-06  5.11592963e-04 
 2.27650000e-06  5.11592957e-04 
 2.27750000e-06  5.11592963e-04 
 2.27850000e-06  5.11592957e-04 
 2.27950000e-06  5.11592963e-04 
 2.28050000e-06  5.11592957e-04 
 2.28150000e-06  5.11592963e-04 
 2.28250000e-06  5.11592957e-04 
 2.28350000e-06  5.11592963e-04 
 2.28450000e-06  5.11592957e-04 
 2.28550000e-06  5.11592963e-04 
 2.28650000e-06  5.11592957e-04 
 2.28750000e-06  5.11592963e-04 
 2.28850000e-06  5.11592957e-04 
 2.28950000e-06  5.11592963e-04 
 2.29050000e-06  5.11592957e-04 
 2.29150000e-06  5.11592963e-04 
 2.29250000e-06  5.11592957e-04 
 2.29350000e-06  5.11592963e-04 
 2.29450000e-06  5.11592957e-04 
 2.29550000e-06  5.11592963e-04 
 2.29650000e-06  5.11592957e-04 
 2.29750000e-06  5.11592963e-04 
 2.29850000e-06  5.11592957e-04 
 2.29950000e-06  5.11592963e-04 
 2.30050000e-06  5.11592957e-04 
 2.30150000e-06  5.11592963e-04 
 2.30250000e-06  5.11592957e-04 
 2.30350000e-06  5.11592963e-04 
 2.30450000e-06  5.11592957e-04 
 2.30550000e-06  5.11592963e-04 
 2.30650000e-06  5.11592957e-04 
 2.30750000e-06  5.11592963e-04 
 2.30850000e-06  5.11592957e-04 
 2.30950000e-06  5.11592963e-04 
 2.31050000e-06  5.11592957e-04 
 2.31150000e-06  5.11592963e-04 
 2.31250000e-06  5.11592957e-04 
 2.31350000e-06  5.11592963e-04 
 2.31450000e-06  5.11592957e-04 
 2.31550000e-06  5.11592963e-04 
 2.31650000e-06  5.11592957e-04 
 2.31750000e-06  5.11592963e-04 
 2.31850000e-06  5.11592957e-04 
 2.31950000e-06  5.11592963e-04 
 2.32050000e-06  5.11592957e-04 
 2.32150000e-06  5.11592963e-04 
 2.32250000e-06  5.11592957e-04 
 2.32350000e-06  5.11592963e-04 
 2.32450000e-06  5.11592957e-04 
 2.32550000e-06  5.11592963e-04 
 2.32650000e-06  5.11592957e-04 
 2.32750000e-06  5.11592963e-04 
 2.32850000e-06  5.11592957e-04 
 2.32950000e-06  5.11592963e-04 
 2.33050000e-06  5.11592957e-04 
 2.33150000e-06  5.11592963e-04 
 2.33250000e-06  5.11592957e-04 
 2.33350000e-06  5.11592963e-04 
 2.33450000e-06  5.11592957e-04 
 2.33550000e-06  5.11592963e-04 
 2.33650000e-06  5.11592957e-04 
 2.33750000e-06  5.11592963e-04 
 2.33850000e-06  5.11592957e-04 
 2.33950000e-06  5.11592962e-04 
 2.34050000e-06  5.11592957e-04 
 2.34150000e-06  5.11592962e-04 
 2.34250000e-06  5.11592957e-04 
 2.34350000e-06  5.11592962e-04 
 2.34450000e-06  5.11592957e-04 
 2.34550000e-06  5.11592962e-04 
 2.34650000e-06  5.11592957e-04 
 2.34750000e-06  5.11592962e-04 
 2.34850000e-06  5.11592957e-04 
 2.34950000e-06  5.11592962e-04 
 2.35050000e-06  5.11592957e-04 
 2.35150000e-06  5.11592962e-04 
 2.35250000e-06  5.11592957e-04 
 2.35350000e-06  5.11592962e-04 
 2.35450000e-06  5.11592957e-04 
 2.35550000e-06  5.11592962e-04 
 2.35650000e-06  5.11592957e-04 
 2.35750000e-06  5.11592962e-04 
 2.35850000e-06  5.11592957e-04 
 2.35950000e-06  5.11592962e-04 
 2.36050000e-06  5.11592957e-04 
 2.36150000e-06  5.11592962e-04 
 2.36250000e-06  5.11592957e-04 
 2.36350000e-06  5.11592962e-04 
 2.36450000e-06  5.11592957e-04 
 2.36550000e-06  5.11592962e-04 
 2.36650000e-06  5.11592957e-04 
 2.36750000e-06  5.11592962e-04 
 2.36850000e-06  5.11592957e-04 
 2.36950000e-06  5.11592962e-04 
 2.37050000e-06  5.11592957e-04 
 2.37150000e-06  5.11592962e-04 
 2.37250000e-06  5.11592957e-04 
 2.37350000e-06  5.11592962e-04 
 2.37450000e-06  5.11592957e-04 
 2.37550000e-06  5.11592962e-04 
 2.37650000e-06  5.11592957e-04 
 2.37750000e-06  5.11592962e-04 
 2.37850000e-06  5.11592957e-04 
 2.37950000e-06  5.11592962e-04 
 2.38050000e-06  5.11592957e-04 
 2.38150000e-06  5.11592962e-04 
 2.38250000e-06  5.11592957e-04 
 2.38350000e-06  5.11592962e-04 
 2.38450000e-06  5.11592957e-04 
 2.38550000e-06  5.11592962e-04 
 2.38650000e-06  5.11592957e-04 
 2.38750000e-06  5.11592962e-04 
 2.38850000e-06  5.11592957e-04 
 2.38950000e-06  5.11592962e-04 
 2.39050000e-06  5.11592957e-04 
 2.39150000e-06  5.11592962e-04 
 2.39250000e-06  5.11592957e-04 
 2.39350000e-06  5.11592962e-04 
 2.39450000e-06  5.11592957e-04 
 2.39550000e-06  5.11592962e-04 
 2.39650000e-06  5.11592957e-04 
 2.39750000e-06  5.11592962e-04 
 2.39850000e-06  5.11592957e-04 
 2.39950000e-06  5.11592962e-04 
 2.40050000e-06  5.11592957e-04 
 2.40150000e-06  5.11592962e-04 
 2.40250000e-06  5.11592957e-04 
 2.40350000e-06  5.11592962e-04 
 2.40450000e-06  5.11592957e-04 
 2.40550000e-06  5.11592962e-04 
 2.40650000e-06  5.11592957e-04 
 2.40750000e-06  5.11592962e-04 
 2.40850000e-06  5.11592957e-04 
 2.40950000e-06  5.11592962e-04 
 2.41050000e-06  5.11592957e-04 
 2.41150000e-06  5.11592962e-04 
 2.41250000e-06  5.11592958e-04 
 2.41350000e-06  5.11592962e-04 
 2.41450000e-06  5.11592958e-04 
 2.41550000e-06  5.11592962e-04 
 2.41650000e-06  5.11592958e-04 
 2.41750000e-06  5.11592962e-04 
 2.41850000e-06  5.11592958e-04 
 2.41950000e-06  5.11592962e-04 
 2.42050000e-06  5.11592958e-04 
 2.42150000e-06  5.11592962e-04 
 2.42250000e-06  5.11592958e-04 
 2.42350000e-06  5.11592962e-04 
 2.42450000e-06  5.11592958e-04 
 2.42550000e-06  5.11592962e-04 
 2.42650000e-06  5.11592958e-04 
 2.42750000e-06  5.11592962e-04 
 2.42850000e-06  5.11592958e-04 
 2.42950000e-06  5.11592962e-04 
 2.43050000e-06  5.11592958e-04 
 2.43150000e-06  5.11592962e-04 
 2.43250000e-06  5.11592958e-04 
 2.43350000e-06  5.11592962e-04 
 2.43450000e-06  5.11592958e-04 
 2.43550000e-06  5.11592962e-04 
 2.43650000e-06  5.11592958e-04 
 2.43750000e-06  5.11592962e-04 
 2.43850000e-06  5.11592958e-04 
 2.43950000e-06  5.11592962e-04 
 2.44050000e-06  5.11592958e-04 
 2.44150000e-06  5.11592962e-04 
 2.44250000e-06  5.11592958e-04 
 2.44350000e-06  5.11592962e-04 
 2.44450000e-06  5.11592958e-04 
 2.44550000e-06  5.11592962e-04 
 2.44650000e-06  5.11592958e-04 
 2.44750000e-06  5.11592962e-04 
 2.44850000e-06  5.11592958e-04 
 2.44950000e-06  5.11592962e-04 
 2.45050000e-06  5.11592958e-04 
 2.45150000e-06  5.11592962e-04 
 2.45250000e-06  5.11592958e-04 
 2.45350000e-06  5.11592962e-04 
 2.45450000e-06  5.11592958e-04 
 2.45550000e-06  5.11592962e-04 
 2.45650000e-06  5.11592958e-04 
 2.45750000e-06  5.11592962e-04 
 2.45850000e-06  5.11592958e-04 
 2.45950000e-06  5.11592962e-04 
 2.46050000e-06  5.11592958e-04 
 2.46150000e-06  5.11592962e-04 
 2.46250000e-06  5.11592958e-04 
 2.46350000e-06  5.11592962e-04 
 2.46450000e-06  5.11592958e-04 
 2.46550000e-06  5.11592962e-04 
 2.46650000e-06  5.11592958e-04 
 2.46750000e-06  5.11592962e-04 
 2.46850000e-06  5.11592958e-04 
 2.46950000e-06  5.11592962e-04 
 2.47050000e-06  5.11592958e-04 
 2.47150000e-06  5.11592962e-04 
 2.47250000e-06  5.11592958e-04 
 2.47350000e-06  5.11592962e-04 
 2.47450000e-06  5.11592958e-04 
 2.47550000e-06  5.11592962e-04 
 2.47650000e-06  5.11592958e-04 
 2.47750000e-06  5.11592962e-04 
 2.47850000e-06  5.11592958e-04 
 2.47950000e-06  5.11592962e-04 
 2.48050000e-06  5.11592958e-04 
 2.48150000e-06  5.11592962e-04 
 2.48250000e-06  5.11592958e-04 
 2.48350000e-06  5.11592962e-04 
 2.48450000e-06  5.11592958e-04 
 2.48550000e-06  5.11592962e-04 
 2.48650000e-06  5.11592958e-04 
 2.48750000e-06  5.11592962e-04 
 2.48850000e-06  5.11592958e-04 
 2.48950000e-06  5.11592962e-04 
 2.49050000e-06  5.11592958e-04 
 2.49150000e-06  5.11592962e-04 
 2.49250000e-06  5.11592958e-04 
 2.49350000e-06  5.11592962e-04 
 2.49450000e-06  5.11592958e-04 
 2.49550000e-06  5.11592962e-04 
 2.49650000e-06  5.11592958e-04 
 2.49750000e-06  5.11592962e-04 
 2.49850000e-06  5.11592958e-04 
 2.49950000e-06  5.11592962e-04 
 2.50050000e-06  5.11592958e-04 
 2.50150000e-06  5.11592962e-04 
 2.50250000e-06  5.11592958e-04 
 2.50350000e-06  5.11592962e-04 
 2.50450000e-06  5.11592958e-04 
 2.50550000e-06  5.11592962e-04 
 2.50650000e-06  5.11592958e-04 
 2.50750000e-06  5.11592962e-04 
 2.50850000e-06  5.11592958e-04 
 2.50950000e-06  5.11592962e-04 
 2.51050000e-06  5.11592958e-04 
 2.51150000e-06  5.11592962e-04 
 2.51250000e-06  5.11592958e-04 
 2.51350000e-06  5.11592962e-04 
 2.51450000e-06  5.11592958e-04 
 2.51550000e-06  5.11592962e-04 
 2.51650000e-06  5.11592958e-04 
 2.51750000e-06  5.11592962e-04 
 2.51850000e-06  5.11592958e-04 
 2.51950000e-06  5.11592962e-04 
 2.52050000e-06  5.11592958e-04 
 2.52150000e-06  5.11592962e-04 
 2.52250000e-06  5.11592958e-04 
 2.52350000e-06  5.11592962e-04 
 2.52450000e-06  5.11592958e-04 
 2.52550000e-06  5.11592962e-04 
 2.52650000e-06  5.11592958e-04 
 2.52750000e-06  5.11592962e-04 
 2.52850000e-06  5.11592958e-04 
 2.52950000e-06  5.11592962e-04 
 2.53050000e-06  5.11592958e-04 
 2.53150000e-06  5.11592962e-04 
 2.53250000e-06  5.11592958e-04 
 2.53350000e-06  5.11592962e-04 
 2.53450000e-06  5.11592958e-04 
 2.53550000e-06  5.11592961e-04 
 2.53650000e-06  5.11592958e-04 
 2.53750000e-06  5.11592961e-04 
 2.53850000e-06  5.11592958e-04 
 2.53950000e-06  5.11592961e-04 
 2.54050000e-06  5.11592958e-04 
 2.54150000e-06  5.11592961e-04 
 2.54250000e-06  5.11592958e-04 
 2.54350000e-06  5.11592961e-04 
 2.54450000e-06  5.11592958e-04 
 2.54550000e-06  5.11592961e-04 
 2.54650000e-06  5.11592958e-04 
 2.54750000e-06  5.11592961e-04 
 2.54850000e-06  5.11592958e-04 
 2.54950000e-06  5.11592961e-04 
 2.55050000e-06  5.11592958e-04 
 2.55150000e-06  5.11592961e-04 
 2.55250000e-06  5.11592958e-04 
 2.55350000e-06  5.11592961e-04 
 2.55450000e-06  5.11592958e-04 
 2.55550000e-06  5.11592961e-04 
 2.55650000e-06  5.11592958e-04 
 2.55750000e-06  5.11592961e-04 
 2.55850000e-06  5.11592958e-04 
 2.55950000e-06  5.11592961e-04 
 2.56050000e-06  5.11592958e-04 
 2.56150000e-06  5.11592961e-04 
 2.56250000e-06  5.11592958e-04 
 2.56350000e-06  5.11592961e-04 
 2.56450000e-06  5.11592958e-04 
 2.56550000e-06  5.11592961e-04 
 2.56650000e-06  5.11592958e-04 
 2.56750000e-06  5.11592961e-04 
 2.56850000e-06  5.11592958e-04 
 2.56950000e-06  5.11592961e-04 
 2.57050000e-06  5.11592958e-04 
 2.57150000e-06  5.11592961e-04 
 2.57250000e-06  5.11592958e-04 
 2.57350000e-06  5.11592961e-04 
 2.57450000e-06  5.11592958e-04 
 2.57550000e-06  5.11592961e-04 
 2.57650000e-06  5.11592958e-04 
 2.57750000e-06  5.11592961e-04 
 2.57850000e-06  5.11592958e-04 
 2.57950000e-06  5.11592961e-04 
 2.58050000e-06  5.11592958e-04 
 2.58150000e-06  5.11592961e-04 
 2.58250000e-06  5.11592958e-04 
 2.58350000e-06  5.11592961e-04 
 2.58450000e-06  5.11592958e-04 
 2.58550000e-06  5.11592961e-04 
 2.58650000e-06  5.11592958e-04 
 2.58750000e-06  5.11592961e-04 
 2.58850000e-06  5.11592958e-04 
 2.58950000e-06  5.11592961e-04 
 2.59050000e-06  5.11592958e-04 
 2.59150000e-06  5.11592961e-04 
 2.59250000e-06  5.11592958e-04 
 2.59350000e-06  5.11592961e-04 
 2.59450000e-06  5.11592958e-04 
 2.59550000e-06  5.11592961e-04 
 2.59650000e-06  5.11592958e-04 
 2.59750000e-06  5.11592961e-04 
 2.59850000e-06  5.11592958e-04 
 2.59950000e-06  5.11592961e-04 
 2.60050000e-06  5.11592958e-04 
 2.60150000e-06  5.11592961e-04 
 2.60250000e-06  5.11592958e-04 
 2.60350000e-06  5.11592961e-04 
 2.60450000e-06  5.11592958e-04 
 2.60550000e-06  5.11592961e-04 
 2.60650000e-06  5.11592958e-04 
 2.60750000e-06  5.11592961e-04 
 2.60850000e-06  5.11592958e-04 
 2.60950000e-06  5.11592961e-04 
 2.61050000e-06  5.11592958e-04 
 2.61150000e-06  5.11592961e-04 
 2.61250000e-06  5.11592958e-04 
 2.61350000e-06  5.11592961e-04 
 2.61450000e-06  5.11592958e-04 
 2.61550000e-06  5.11592961e-04 
 2.61650000e-06  5.11592958e-04 
 2.61750000e-06  5.11592961e-04 
 2.61850000e-06  5.11592958e-04 
 2.61950000e-06  5.11592961e-04 
 2.62050000e-06  5.11592958e-04 
 2.62150000e-06  5.11592961e-04 
 2.62250000e-06  5.11592958e-04 
 2.62350000e-06  5.11592961e-04 
 2.62450000e-06  5.11592958e-04 
 2.62550000e-06  5.11592961e-04 
 2.62650000e-06  5.11592958e-04 
 2.62750000e-06  5.11592961e-04 
 2.62850000e-06  5.11592958e-04 
 2.62950000e-06  5.11592961e-04 
 2.63050000e-06  5.11592958e-04 
 2.63150000e-06  5.11592961e-04 
 2.63250000e-06  5.11592958e-04 
 2.63350000e-06  5.11592961e-04 
 2.63450000e-06  5.11592958e-04 
 2.63550000e-06  5.11592961e-04 
 2.63650000e-06  5.11592958e-04 
 2.63750000e-06  5.11592961e-04 
 2.63850000e-06  5.11592958e-04 
 2.63950000e-06  5.11592961e-04 
 2.64050000e-06  5.11592958e-04 
 2.64150000e-06  5.11592961e-04 
 2.64250000e-06  5.11592958e-04 
 2.64350000e-06  5.11592961e-04 
 2.64450000e-06  5.11592958e-04 
 2.64550000e-06  5.11592961e-04 
 2.64650000e-06  5.11592958e-04 
 2.64750000e-06  5.11592961e-04 
 2.64850000e-06  5.11592958e-04 
 2.64950000e-06  5.11592961e-04 
 2.65050000e-06  5.11592958e-04 
 2.65150000e-06  5.11592961e-04 
 2.65250000e-06  5.11592958e-04 
 2.65350000e-06  5.11592961e-04 
 2.65450000e-06  5.11592959e-04 
 2.65550000e-06  5.11592961e-04 
 2.65650000e-06  5.11592959e-04 
 2.65750000e-06  5.11592961e-04 
 2.65850000e-06  5.11592959e-04 
 2.65950000e-06  5.11592961e-04 
 2.66050000e-06  5.11592959e-04 
 2.66150000e-06  5.11592961e-04 
 2.66250000e-06  5.11592959e-04 
 2.66350000e-06  5.11592961e-04 
 2.66450000e-06  5.11592959e-04 
 2.66550000e-06  5.11592961e-04 
 2.66650000e-06  5.11592959e-04 
 2.66750000e-06  5.11592961e-04 
 2.66850000e-06  5.11592959e-04 
 2.66950000e-06  5.11592961e-04 
 2.67050000e-06  5.11592959e-04 
 2.67150000e-06  5.11592961e-04 
 2.67250000e-06  5.11592959e-04 
 2.67350000e-06  5.11592961e-04 
 2.67450000e-06  5.11592959e-04 
 2.67550000e-06  5.11592961e-04 
 2.67650000e-06  5.11592959e-04 
 2.67750000e-06  5.11592961e-04 
 2.67850000e-06  5.11592959e-04 
 2.67950000e-06  5.11592961e-04 
 2.68050000e-06  5.11592959e-04 
 2.68150000e-06  5.11592961e-04 
 2.68250000e-06  5.11592959e-04 
 2.68350000e-06  5.11592961e-04 
 2.68450000e-06  5.11592959e-04 
 2.68550000e-06  5.11592961e-04 
 2.68650000e-06  5.11592959e-04 
 2.68750000e-06  5.11592961e-04 
 2.68850000e-06  5.11592959e-04 
 2.68950000e-06  5.11592961e-04 
 2.69050000e-06  5.11592959e-04 
 2.69150000e-06  5.11592961e-04 
 2.69250000e-06  5.11592959e-04 
 2.69350000e-06  5.11592961e-04 
 2.69450000e-06  5.11592959e-04 
 2.69550000e-06  5.11592961e-04 
 2.69650000e-06  5.11592959e-04 
 2.69750000e-06  5.11592961e-04 
 2.69850000e-06  5.11592959e-04 
 2.69950000e-06  5.11592961e-04 
 2.70050000e-06  5.11592959e-04 
 2.70150000e-06  5.11592961e-04 
 2.70250000e-06  5.11592959e-04 
 2.70350000e-06  5.11592961e-04 
 2.70450000e-06  5.11592959e-04 
 2.70550000e-06  5.11592961e-04 
 2.70650000e-06  5.11592959e-04 
 2.70750000e-06  5.11592961e-04 
 2.70850000e-06  5.11592959e-04 
 2.70950000e-06  5.11592961e-04 
 2.71050000e-06  5.11592959e-04 
 2.71150000e-06  5.11592961e-04 
 2.71250000e-06  5.11592959e-04 
 2.71350000e-06  5.11592961e-04 
 2.71450000e-06  5.11592959e-04 
 2.71550000e-06  5.11592961e-04 
 2.71650000e-06  5.11592959e-04 
 2.71750000e-06  5.11592961e-04 
 2.71850000e-06  5.11592959e-04 
 2.71950000e-06  5.11592961e-04 
 2.72050000e-06  5.11592959e-04 
 2.72150000e-06  5.11592961e-04 
 2.72250000e-06  5.11592959e-04 
 2.72350000e-06  5.11592961e-04 
 2.72450000e-06  5.11592959e-04 
 2.72550000e-06  5.11592961e-04 
 2.72650000e-06  5.11592959e-04 
 2.72750000e-06  5.11592961e-04 
 2.72850000e-06  5.11592959e-04 
 2.72950000e-06  5.11592961e-04 
 2.73050000e-06  5.11592959e-04 
 2.73150000e-06  5.11592961e-04 
 2.73250000e-06  5.11592959e-04 
 2.73350000e-06  5.11592961e-04 
 2.73450000e-06  5.11592959e-04 
 2.73550000e-06  5.11592961e-04 
 2.73650000e-06  5.11592959e-04 
 2.73750000e-06  5.11592961e-04 
 2.73850000e-06  5.11592959e-04 
 2.73950000e-06  5.11592961e-04 
 2.74050000e-06  5.11592959e-04 
 2.74150000e-06  5.11592961e-04 
 2.74250000e-06  5.11592959e-04 
 2.74350000e-06  5.11592961e-04 
 2.74450000e-06  5.11592959e-04 
 2.74550000e-06  5.11592961e-04 
 2.74650000e-06  5.11592959e-04 
 2.74750000e-06  5.11592961e-04 
 2.74850000e-06  5.11592959e-04 
 2.74950000e-06  5.11592961e-04 
 2.75050000e-06  5.11592959e-04 
 2.75150000e-06  5.11592961e-04 
 2.75250000e-06  5.11592959e-04 
 2.75350000e-06  5.11592961e-04 
 2.75450000e-06  5.11592959e-04 
 2.75550000e-06  5.11592961e-04 
 2.75650000e-06  5.11592959e-04 
 2.75750000e-06  5.11592961e-04 
 2.75850000e-06  5.11592959e-04 
 2.75950000e-06  5.11592961e-04 
 2.76050000e-06  5.11592959e-04 
 2.76150000e-06  5.11592961e-04 
 2.76250000e-06  5.11592959e-04 
 2.76350000e-06  5.11592961e-04 
 2.76450000e-06  5.11592959e-04 
 2.76550000e-06  5.11592961e-04 
 2.76650000e-06  5.11592959e-04 
 2.76750000e-06  5.11592961e-04 
 2.76850000e-06  5.11592959e-04 
 2.76950000e-06  5.11592961e-04 
 2.77050000e-06  5.11592959e-04 
 2.77150000e-06  5.11592961e-04 
 2.77250000e-06  5.11592959e-04 
 2.77350000e-06  5.11592961e-04 
 2.77450000e-06  5.11592959e-04 
 2.77550000e-06  5.11592961e-04 
 2.77650000e-06  5.11592959e-04 
 2.77750000e-06  5.11592961e-04 
 2.77850000e-06  5.11592959e-04 
 2.77950000e-06  5.11592961e-04 
 2.78050000e-06  5.11592959e-04 
 2.78150000e-06  5.11592961e-04 
 2.78250000e-06  5.11592959e-04 
 2.78350000e-06  5.11592961e-04 
 2.78450000e-06  5.11592959e-04 
 2.78550000e-06  5.11592961e-04 
 2.78650000e-06  5.11592959e-04 
 2.78750000e-06  5.11592961e-04 
 2.78850000e-06  5.11592959e-04 
 2.78950000e-06  5.11592961e-04 
 2.79050000e-06  5.11592959e-04 
 2.79150000e-06  5.11592961e-04 
 2.79250000e-06  5.11592959e-04 
 2.79350000e-06  5.11592961e-04 
 2.79450000e-06  5.11592959e-04 
 2.79550000e-06  5.11592961e-04 
 2.79650000e-06  5.11592959e-04 
 2.79750000e-06  5.11592961e-04 
 2.79850000e-06  5.11592959e-04 
 2.79950000e-06  5.11592961e-04 
 2.80050000e-06  5.11592959e-04 
 2.80150000e-06  5.11592961e-04 
 2.80250000e-06  5.11592959e-04 
 2.80350000e-06  5.11592961e-04 
 2.80450000e-06  5.11592959e-04 
 2.80550000e-06  5.11592961e-04 
 2.80650000e-06  5.11592959e-04 
 2.80750000e-06  5.11592961e-04 
 2.80850000e-06  5.11592959e-04 
 2.80950000e-06  5.11592961e-04 
 2.81050000e-06  5.11592959e-04 
 2.81150000e-06  5.11592961e-04 
 2.81250000e-06  5.11592959e-04 
 2.81350000e-06  5.11592961e-04 
 2.81450000e-06  5.11592959e-04 
 2.81550000e-06  5.11592961e-04 
 2.81650000e-06  5.11592959e-04 
 2.81750000e-06  5.11592961e-04 
 2.81850000e-06  5.11592959e-04 
 2.81950000e-06  5.11592961e-04 
 2.82050000e-06  5.11592959e-04 
 2.82150000e-06  5.11592961e-04 
 2.82250000e-06  5.11592959e-04 
 2.82350000e-06  5.11592961e-04 
 2.82450000e-06  5.11592959e-04 
 2.82550000e-06  5.11592961e-04 
 2.82650000e-06  5.11592959e-04 
 2.82750000e-06  5.11592961e-04 
 2.82850000e-06  5.11592959e-04 
 2.82950000e-06  5.11592961e-04 
 2.83050000e-06  5.11592959e-04 
 2.83150000e-06  5.11592961e-04 
 2.83250000e-06  5.11592959e-04 
 2.83350000e-06  5.11592961e-04 
 2.83450000e-06  5.11592959e-04 
 2.83550000e-06  5.11592961e-04 
 2.83650000e-06  5.11592959e-04 
 2.83750000e-06  5.11592961e-04 
 2.83850000e-06  5.11592959e-04 
 2.83950000e-06  5.11592961e-04 
 2.84050000e-06  5.11592959e-04 
 2.84150000e-06  5.11592961e-04 
 2.84250000e-06  5.11592959e-04 
 2.84350000e-06  5.11592961e-04 
 2.84450000e-06  5.11592959e-04 
 2.84550000e-06  5.11592961e-04 
 2.84650000e-06  5.11592959e-04 
 2.84750000e-06  5.11592961e-04 
 2.84850000e-06  5.11592959e-04 
 2.84950000e-06  5.11592961e-04 
 2.85050000e-06  5.11592959e-04 
 2.85150000e-06  5.11592961e-04 
 2.85250000e-06  5.11592959e-04 
 2.85350000e-06  5.11592961e-04 
 2.85450000e-06  5.11592959e-04 
 2.85550000e-06  5.11592961e-04 
 2.85650000e-06  5.11592959e-04 
 2.85750000e-06  5.11592961e-04 
 2.85850000e-06  5.11592959e-04 
 2.85950000e-06  5.11592961e-04 
 2.86050000e-06  5.11592959e-04 
 2.86150000e-06  5.11592961e-04 
 2.86250000e-06  5.11592959e-04 
 2.86350000e-06  5.11592961e-04 
 2.86450000e-06  5.11592959e-04 
 2.86550000e-06  5.11592961e-04 
 2.86650000e-06  5.11592959e-04 
 2.86750000e-06  5.11592961e-04 
 2.86850000e-06  5.11592959e-04 
 2.86950000e-06  5.11592961e-04 
 2.87050000e-06  5.11592959e-04 
 2.87150000e-06  5.11592961e-04 
 2.87250000e-06  5.11592959e-04 
 2.87350000e-06  5.11592961e-04 
 2.87450000e-06  5.11592959e-04 
 2.87550000e-06  5.11592961e-04 
 2.87650000e-06  5.11592959e-04 
 2.87750000e-06  5.11592961e-04 
 2.87850000e-06  5.11592959e-04 
 2.87950000e-06  5.11592961e-04 
 2.88050000e-06  5.11592959e-04 
 2.88150000e-06  5.11592961e-04 
 2.88250000e-06  5.11592959e-04 
 2.88350000e-06  5.11592961e-04 
 2.88450000e-06  5.11592959e-04 
 2.88550000e-06  5.11592961e-04 
 2.88650000e-06  5.11592959e-04 
 2.88750000e-06  5.11592961e-04 
 2.88850000e-06  5.11592959e-04 
 2.88950000e-06  5.11592961e-04 
 2.89050000e-06  5.11592959e-04 
 2.89150000e-06  5.11592961e-04 
 2.89250000e-06  5.11592959e-04 
 2.89350000e-06  5.11592961e-04 
 2.89450000e-06  5.11592959e-04 
 2.89550000e-06  5.11592961e-04 
 2.89650000e-06  5.11592959e-04 
 2.89750000e-06  5.11592960e-04 
 2.89850000e-06  5.11592959e-04 
 2.89950000e-06  5.11592960e-04 
 2.90050000e-06  5.11592959e-04 
 2.90150000e-06  5.11592960e-04 
 2.90250000e-06  5.11592959e-04 
 2.90350000e-06  5.11592960e-04 
 2.90450000e-06  5.11592959e-04 
 2.90550000e-06  5.11592960e-04 
 2.90650000e-06  5.11592959e-04 
 2.90750000e-06  5.11592960e-04 
 2.90850000e-06  5.11592959e-04 
 2.90950000e-06  5.11592960e-04 
 2.91050000e-06  5.11592959e-04 
 2.91150000e-06  5.11592960e-04 
 2.91250000e-06  5.11592959e-04 
 2.91350000e-06  5.11592960e-04 
 2.91450000e-06  5.11592959e-04 
 2.91550000e-06  5.11592960e-04 
 2.91650000e-06  5.11592959e-04 
 2.91750000e-06  5.11592960e-04 
 2.91850000e-06  5.11592959e-04 
 2.91950000e-06  5.11592960e-04 
 2.92050000e-06  5.11592959e-04 
 2.92150000e-06  5.11592960e-04 
 2.92250000e-06  5.11592959e-04 
 2.92350000e-06  5.11592960e-04 
 2.92450000e-06  5.11592959e-04 
 2.92550000e-06  5.11592960e-04 
 2.92650000e-06  5.11592959e-04 
 2.92750000e-06  5.11592960e-04 
 2.92850000e-06  5.11592959e-04 
 2.92950000e-06  5.11592960e-04 
 2.93050000e-06  5.11592959e-04 
 2.93150000e-06  5.11592960e-04 
 2.93250000e-06  5.11592959e-04 
 2.93350000e-06  5.11592960e-04 
 2.93450000e-06  5.11592959e-04 
 2.93550000e-06  5.11592960e-04 
 2.93650000e-06  5.11592959e-04 
 2.93750000e-06  5.11592960e-04 
 2.93850000e-06  5.11592959e-04 
 2.93950000e-06  5.11592960e-04 
 2.94050000e-06  5.11592959e-04 
 2.94150000e-06  5.11592960e-04 
 2.94250000e-06  5.11592959e-04 
 2.94350000e-06  5.11592960e-04 
 2.94450000e-06  5.11592959e-04 
 2.94550000e-06  5.11592960e-04 
 2.94650000e-06  5.11592959e-04 
 2.94750000e-06  5.11592960e-04 
 2.94850000e-06  5.11592959e-04 
 2.94950000e-06  5.11592960e-04 
 2.95050000e-06  5.11592959e-04 
 2.95150000e-06  5.11592960e-04 
 2.95250000e-06  5.11592959e-04 
 2.95350000e-06  5.11592960e-04 
 2.95450000e-06  5.11592959e-04 
 2.95550000e-06  5.11592960e-04 
 2.95650000e-06  5.11592959e-04 
 2.95750000e-06  5.11592960e-04 
 2.95850000e-06  5.11592959e-04 
 2.95950000e-06  5.11592960e-04 
 2.96050000e-06  5.11592959e-04 
 2.96150000e-06  5.11592960e-04 
 2.96250000e-06  5.11592959e-04 
 2.96350000e-06  5.11592960e-04 
 2.96450000e-06  5.11592959e-04 
 2.96550000e-06  5.11592960e-04 
 2.96650000e-06  5.11592959e-04 
 2.96750000e-06  5.11592960e-04 
 2.96850000e-06  5.11592959e-04 
 2.96950000e-06  5.11592960e-04 
 2.97050000e-06  5.11592959e-04 
 2.97150000e-06  5.11592960e-04 
 2.97250000e-06  5.11592959e-04 
 2.97350000e-06  5.11592960e-04 
 2.97450000e-06  5.11592959e-04 
 2.97550000e-06  5.11592960e-04 
 2.97650000e-06  5.11592959e-04 
 2.97750000e-06  5.11592960e-04 
 2.97850000e-06  5.11592959e-04 
 2.97950000e-06  5.11592960e-04 
 2.98050000e-06  5.11592959e-04 
 2.98150000e-06  5.11592960e-04 
 2.98250000e-06  5.11592959e-04 
 2.98350000e-06  5.11592960e-04 
 2.98450000e-06  5.11592959e-04 
 2.98550000e-06  5.11592960e-04 
 2.98650000e-06  5.11592959e-04 
 2.98750000e-06  5.11592960e-04 
 2.98850000e-06  5.11592959e-04 
 2.98950000e-06  5.11592960e-04 
 2.99050000e-06  5.11592959e-04 
 2.99150000e-06  5.11592960e-04 
 2.99250000e-06  5.11592959e-04 
 2.99350000e-06  5.11592960e-04 
 2.99450000e-06  5.11592959e-04 
 2.99550000e-06  5.11592960e-04 
 2.99650000e-06  5.11592959e-04 
 2.99750000e-06  5.11592960e-04 
 2.99850000e-06  5.11592959e-04 
 2.99950000e-06  5.11592960e-04 
 3.00050000e-06  5.11592959e-04 
 3.00150000e-06  5.11592960e-04 
 3.00250000e-06  5.11592959e-04 
 3.00350000e-06  5.11592960e-04 
 3.00450000e-06  5.11592959e-04 
 3.00550000e-06  5.11592960e-04 
 3.00650000e-06  5.11592959e-04 
 3.00750000e-06  5.11592960e-04 
 3.00850000e-06  5.11592959e-04 
 3.00950000e-06  5.11592960e-04 
 3.01050000e-06  5.11592959e-04 
 3.01150000e-06  5.11592960e-04 
 3.01250000e-06  5.11592959e-04 
 3.01350000e-06  5.11592960e-04 
 3.01450000e-06  5.11592959e-04 
 3.01550000e-06  5.11592960e-04 
 3.01650000e-06  5.11592959e-04 
 3.01750000e-06  5.11592960e-04 
 3.01850000e-06  5.11592959e-04 
 3.01950000e-06  5.11592960e-04 
 3.02050000e-06  5.11592959e-04 
 3.02150000e-06  5.11592960e-04 
 3.02250000e-06  5.11592959e-04 
 3.02350000e-06  5.11592960e-04 
 3.02450000e-06  5.11592959e-04 
 3.02550000e-06  5.11592960e-04 
 3.02650000e-06  5.11592959e-04 
 3.02750000e-06  5.11592960e-04 
 3.02850000e-06  5.11592959e-04 
 3.02950000e-06  5.11592960e-04 
 3.03050000e-06  5.11592959e-04 
 3.03150000e-06  5.11592960e-04 
 3.03250000e-06  5.11592959e-04 
 3.03350000e-06  5.11592960e-04 
 3.03450000e-06  5.11592959e-04 
 3.03550000e-06  5.11592960e-04 
 3.03650000e-06  5.11592959e-04 
 3.03750000e-06  5.11592960e-04 
 3.03850000e-06  5.11592959e-04 
 3.03950000e-06  5.11592960e-04 
 3.04050000e-06  5.11592959e-04 
 3.04150000e-06  5.11592960e-04 
 3.04250000e-06  5.11592959e-04 
 3.04350000e-06  5.11592960e-04 
 3.04450000e-06  5.11592959e-04 
 3.04550000e-06  5.11592960e-04 
 3.04650000e-06  5.11592959e-04 
 3.04750000e-06  5.11592960e-04 
 3.04850000e-06  5.11592959e-04 
 3.04950000e-06  5.11592960e-04 
 3.05050000e-06  5.11592959e-04 
 3.05150000e-06  5.11592960e-04 
 3.05250000e-06  5.11592959e-04 
 3.05350000e-06  5.11592960e-04 
 3.05450000e-06  5.11592959e-04 
 3.05550000e-06  5.11592960e-04 
 3.05650000e-06  5.11592959e-04 
 3.05750000e-06  5.11592960e-04 
 3.05850000e-06  5.11592959e-04 
 3.05950000e-06  5.11592960e-04 
 3.06050000e-06  5.11592959e-04 
 3.06150000e-06  5.11592960e-04 
 3.06250000e-06  5.11592959e-04 
 3.06350000e-06  5.11592960e-04 
 3.06450000e-06  5.11592959e-04 
 3.06550000e-06  5.11592960e-04 
 3.06650000e-06  5.11592959e-04 
 3.06750000e-06  5.11592960e-04 
 3.06850000e-06  5.11592959e-04 
 3.06950000e-06  5.11592960e-04 
 3.07050000e-06  5.11592959e-04 
 3.07150000e-06  5.11592960e-04 
 3.07250000e-06  5.11592959e-04 
 3.07350000e-06  5.11592960e-04 
 3.07450000e-06  5.11592959e-04 
 3.07550000e-06  5.11592960e-04 
 3.07650000e-06  5.11592959e-04 
 3.07750000e-06  5.11592960e-04 
 3.07850000e-06  5.11592959e-04 
 3.07950000e-06  5.11592960e-04 
 3.08050000e-06  5.11592959e-04 
 3.08150000e-06  5.11592960e-04 
 3.08250000e-06  5.11592959e-04 
 3.08350000e-06  5.11592960e-04 
 3.08450000e-06  5.11592959e-04 
 3.08550000e-06  5.11592960e-04 
 3.08650000e-06  5.11592959e-04 
 3.08750000e-06  5.11592960e-04 
 3.08850000e-06  5.11592959e-04 
 3.08950000e-06  5.11592960e-04 
 3.09050000e-06  5.11592959e-04 
 3.09150000e-06  5.11592960e-04 
 3.09250000e-06  5.11592959e-04 
 3.09350000e-06  5.11592960e-04 
 3.09450000e-06  5.11592959e-04 
 3.09550000e-06  5.11592960e-04 
 3.09650000e-06  5.11592959e-04 
 3.09750000e-06  5.11592960e-04 
 3.09850000e-06  5.11592959e-04 
 3.09950000e-06  5.11592960e-04 
 3.10050000e-06  5.11592959e-04 
 3.10150000e-06  5.11592960e-04 
 3.10250000e-06  5.11592959e-04 
 3.10350000e-06  5.11592960e-04 
 3.10450000e-06  5.11592959e-04 
 3.10550000e-06  5.11592960e-04 
 3.10650000e-06  5.11592959e-04 
 3.10750000e-06  5.11592960e-04 
 3.10850000e-06  5.11592959e-04 
 3.10950000e-06  5.11592960e-04 
 3.11050000e-06  5.11592959e-04 
 3.11150000e-06  5.11592960e-04 
 3.11250000e-06  5.11592959e-04 
 3.11350000e-06  5.11592960e-04 
 3.11450000e-06  5.11592959e-04 
 3.11550000e-06  5.11592960e-04 
 3.11650000e-06  5.11592959e-04 
 3.11750000e-06  5.11592960e-04 
 3.11850000e-06  5.11592959e-04 
 3.11950000e-06  5.11592960e-04 
 3.12050000e-06  5.11592959e-04 
 3.12150000e-06  5.11592960e-04 
 3.12250000e-06  5.11592959e-04 
 3.12350000e-06  5.11592960e-04 
 3.12450000e-06  5.11592959e-04 
 3.12550000e-06  5.11592960e-04 
 3.12650000e-06  5.11592959e-04 
 3.12750000e-06  5.11592960e-04 
 3.12850000e-06  5.11592959e-04 
 3.12950000e-06  5.11592960e-04 
 3.13050000e-06  5.11592959e-04 
 3.13150000e-06  5.11592960e-04 
 3.13250000e-06  5.11592959e-04 
 3.13350000e-06  5.11592960e-04 
 3.13450000e-06  5.11592959e-04 
 3.13550000e-06  5.11592960e-04 
 3.13650000e-06  5.11592959e-04 
 3.13750000e-06  5.11592960e-04 
 3.13850000e-06  5.11592959e-04 
 3.13950000e-06  5.11592960e-04 
 3.14050000e-06  5.11592959e-04 
 3.14150000e-06  5.11592960e-04 
 3.14250000e-06  5.11592959e-04 
 3.14350000e-06  5.11592960e-04 
 3.14450000e-06  5.11592959e-04 
 3.14550000e-06  5.11592960e-04 
 3.14650000e-06  5.11592959e-04 
 3.14750000e-06  5.11592960e-04 
 3.14850000e-06  5.11592959e-04 
 3.14950000e-06  5.11592960e-04 
 3.15050000e-06  5.11592959e-04 
 3.15150000e-06  5.11592960e-04 
 3.15250000e-06  5.11592959e-04 
 3.15350000e-06  5.11592960e-04 
 3.15450000e-06  5.11592959e-04 
 3.15550000e-06  5.11592960e-04 
 3.15650000e-06  5.11592959e-04 
 3.15750000e-06  5.11592960e-04 
 3.15850000e-06  5.11592959e-04 
 3.15950000e-06  5.11592960e-04 
 3.16050000e-06  5.11592959e-04 
 3.16150000e-06  5.11592960e-04 
 3.16250000e-06  5.11592959e-04 
 3.16350000e-06  5.11592960e-04 
 3.16450000e-06  5.11592959e-04 
 3.16550000e-06  5.11592960e-04 
 3.16650000e-06  5.11592959e-04 
 3.16750000e-06  5.11592960e-04 
 3.16850000e-06  5.11592959e-04 
 3.16950000e-06  5.11592960e-04 
 3.17050000e-06  5.11592959e-04 
 3.17150000e-06  5.11592960e-04 
 3.17250000e-06  5.11592959e-04 
 3.17350000e-06  5.11592960e-04 
 3.17450000e-06  5.11592959e-04 
 3.17550000e-06  5.11592960e-04 
 3.17650000e-06  5.11592959e-04 
 3.17750000e-06  5.11592960e-04 
 3.17850000e-06  5.11592959e-04 
 3.17950000e-06  5.11592960e-04 
 3.18050000e-06  5.11592959e-04 
 3.18150000e-06  5.11592960e-04 
 3.18250000e-06  5.11592959e-04 
 3.18350000e-06  5.11592960e-04 
 3.18450000e-06  5.11592959e-04 
 3.18550000e-06  5.11592960e-04 
 3.18650000e-06  5.11592959e-04 
 3.18750000e-06  5.11592960e-04 
 3.18850000e-06  5.11592959e-04 
 3.18950000e-06  5.11592960e-04 
 3.19050000e-06  5.11592959e-04 
 3.19150000e-06  5.11592960e-04 
 3.19250000e-06  5.11592959e-04 
 3.19350000e-06  5.11592960e-04 
 3.19450000e-06  5.11592959e-04 
 3.19550000e-06  5.11592960e-04 
 3.19650000e-06  5.11592959e-04 
 3.19750000e-06  5.11592960e-04 
 3.19850000e-06  5.11592959e-04 
 3.19950000e-06  5.11592960e-04 
 3.20050000e-06  5.11592959e-04 
 3.20150000e-06  5.11592960e-04 
 3.20250000e-06  5.11592959e-04 
 3.20350000e-06  5.11592960e-04 
 3.20450000e-06  5.11592959e-04 
 3.20550000e-06  5.11592960e-04 
 3.20650000e-06  5.11592959e-04 
 3.20750000e-06  5.11592960e-04 
 3.20850000e-06  5.11592959e-04 
 3.20950000e-06  5.11592960e-04 
 3.21050000e-06  5.11592959e-04 
 3.21150000e-06  5.11592960e-04 
 3.21250000e-06  5.11592959e-04 
 3.21350000e-06  5.11592960e-04 
 3.21450000e-06  5.11592959e-04 
 3.21550000e-06  5.11592960e-04 
 3.21650000e-06  5.11592959e-04 
 3.21750000e-06  5.11592960e-04 
 3.21850000e-06  5.11592959e-04 
 3.21950000e-06  5.11592960e-04 
 3.22050000e-06  5.11592959e-04 
 3.22150000e-06  5.11592960e-04 
 3.22250000e-06  5.11592959e-04 
 3.22350000e-06  5.11592960e-04 
 3.22450000e-06  5.11592959e-04 
 3.22550000e-06  5.11592960e-04 
 3.22650000e-06  5.11592959e-04 
 3.22750000e-06  5.11592960e-04 
 3.22850000e-06  5.11592959e-04 
 3.22950000e-06  5.11592960e-04 
 3.23050000e-06  5.11592959e-04 
 3.23150000e-06  5.11592960e-04 
 3.23250000e-06  5.11592959e-04 
 3.23350000e-06  5.11592960e-04 
 3.23450000e-06  5.11592959e-04 
 3.23550000e-06  5.11592960e-04 
 3.23650000e-06  5.11592959e-04 
 3.23750000e-06  5.11592960e-04 
 3.23850000e-06  5.11592959e-04 
 3.23950000e-06  5.11592960e-04 
 3.24050000e-06  5.11592959e-04 
 3.24150000e-06  5.11592960e-04 
 3.24250000e-06  5.11592959e-04 
 3.24350000e-06  5.11592960e-04 
 3.24450000e-06  5.11592959e-04 
 3.24550000e-06  5.11592960e-04 
 3.24650000e-06  5.11592959e-04 
 3.24750000e-06  5.11592960e-04 
 3.24850000e-06  5.11592959e-04 
 3.24950000e-06  5.11592960e-04 
 3.25050000e-06  5.11592959e-04 
 3.25150000e-06  5.11592960e-04 
 3.25250000e-06  5.11592960e-04 
 3.25350000e-06  5.11592960e-04 
 3.25450000e-06  5.11592960e-04 
 3.25550000e-06  5.11592960e-04 
 3.25650000e-06  5.11592960e-04 
 3.25750000e-06  5.11592960e-04 
 3.25850000e-06  5.11592960e-04 
 3.25950000e-06  5.11592960e-04 
 3.26050000e-06  5.11592960e-04 
 3.26150000e-06  5.11592960e-04 
 3.26250000e-06  5.11592960e-04 
 3.26350000e-06  5.11592960e-04 
 3.26450000e-06  5.11592960e-04 
 3.26550000e-06  5.11592960e-04 
 3.26650000e-06  5.11592960e-04 
 3.26750000e-06  5.11592960e-04 
 3.26850000e-06  5.11592960e-04 
 3.26950000e-06  5.11592960e-04 
 3.27050000e-06  5.11592960e-04 
 3.27150000e-06  5.11592960e-04 
 3.27250000e-06  5.11592960e-04 
 3.27350000e-06  5.11592960e-04 
 3.27450000e-06  5.11592960e-04 
 3.27550000e-06  5.11592960e-04 
 3.27650000e-06  5.11592960e-04 
 3.27750000e-06  5.11592960e-04 
 3.27850000e-06  5.11592960e-04 
 3.27950000e-06  5.11592960e-04 
 3.28050000e-06  5.11592960e-04 
 3.28150000e-06  5.11592960e-04 
 3.28250000e-06  5.11592960e-04 
 3.28350000e-06  5.11592960e-04 
 3.28450000e-06  5.11592960e-04 
 3.28550000e-06  5.11592960e-04 
 3.28650000e-06  5.11592960e-04 
 3.28750000e-06  5.11592960e-04 
 3.28850000e-06  5.11592960e-04 
 3.28950000e-06  5.11592960e-04 
 3.29050000e-06  5.11592960e-04 
 3.29150000e-06  5.11592960e-04 
 3.29250000e-06  5.11592960e-04 
 3.29350000e-06  5.11592960e-04 
 3.29450000e-06  5.11592960e-04 
 3.29550000e-06  5.11592960e-04 
 3.29650000e-06  5.11592960e-04 
 3.29750000e-06  5.11592960e-04 
 3.29850000e-06  5.11592960e-04 
 3.29950000e-06  5.11592960e-04 
 3.30050000e-06  5.11592960e-04 
 3.30150000e-06  5.11592960e-04 
 3.30250000e-06  5.11592960e-04 
 3.30350000e-06  5.11592960e-04 
 3.30450000e-06  5.11592960e-04 
 3.30550000e-06  5.11592960e-04 
 3.30650000e-06  5.11592960e-04 
 3.30750000e-06  5.11592960e-04 
 3.30850000e-06  5.11592960e-04 
 3.30950000e-06  5.11592960e-04 
 3.31050000e-06  5.11592960e-04 
 3.31150000e-06  5.11592960e-04 
 3.31250000e-06  5.11592960e-04 
 3.31350000e-06  5.11592960e-04 
 3.31450000e-06  5.11592960e-04 
 3.31550000e-06  5.11592960e-04 
 3.31650000e-06  5.11592960e-04 
 3.31750000e-06  5.11592960e-04 
 3.31850000e-06  5.11592960e-04 
 3.31950000e-06  5.11592960e-04 
 3.32050000e-06  5.11592960e-04 
 3.32150000e-06  5.11592960e-04 
 3.32250000e-06  5.11592960e-04 
 3.32350000e-06  5.11592960e-04 
 3.32450000e-06  5.11592960e-04 
 3.32550000e-06  5.11592960e-04 
 3.32650000e-06  5.11592960e-04 
 3.32750000e-06  5.11592960e-04 
 3.32850000e-06  5.11592960e-04 
 3.32950000e-06  5.11592960e-04 
 3.33050000e-06  5.11592960e-04 
 3.33150000e-06  5.11592960e-04 
 3.33250000e-06  5.11592960e-04 
 3.33350000e-06  5.11592960e-04 
 3.33450000e-06  5.11592960e-04 
 3.33550000e-06  5.11592960e-04 
 3.33650000e-06  5.11592960e-04 
 3.33750000e-06  5.11592960e-04 
 3.33850000e-06  5.11592960e-04 
 3.33950000e-06  5.11592960e-04 
 3.34050000e-06  5.11592960e-04 
 3.34150000e-06  5.11592960e-04 
 3.34250000e-06  5.11592960e-04 
 3.34350000e-06  5.11592960e-04 
 3.34450000e-06  5.11592960e-04 
 3.34550000e-06  5.11592960e-04 
 3.34650000e-06  5.11592960e-04 
 3.34750000e-06  5.11592960e-04 
 3.34850000e-06  5.11592960e-04 
 3.34950000e-06  5.11592960e-04 
 3.35050000e-06  5.11592960e-04 
 3.35150000e-06  5.11592960e-04 
 3.35250000e-06  5.11592960e-04 
 3.35350000e-06  5.11592960e-04 
 3.35450000e-06  5.11592960e-04 
 3.35550000e-06  5.11592960e-04 
 3.35650000e-06  5.11592960e-04 
 3.35750000e-06  5.11592960e-04 
 3.35850000e-06  5.11592960e-04 
 3.35950000e-06  5.11592960e-04 
 3.36050000e-06  5.11592960e-04 
 3.36150000e-06  5.11592960e-04 
 3.36250000e-06  5.11592960e-04 
 3.36350000e-06  5.11592960e-04 
 3.36450000e-06  5.11592960e-04 
 3.36550000e-06  5.11592960e-04 
 3.36650000e-06  5.11592960e-04 
 3.36750000e-06  5.11592960e-04 
 3.36850000e-06  5.11592960e-04 
 3.36950000e-06  5.11592960e-04 
 3.37050000e-06  5.11592960e-04 
 3.37150000e-06  5.11592960e-04 
 3.37250000e-06  5.11592960e-04 
 3.37350000e-06  5.11592960e-04 
 3.37450000e-06  5.11592960e-04 
 3.37550000e-06  5.11592960e-04 
 3.37650000e-06  5.11592960e-04 
 3.37750000e-06  5.11592960e-04 
 3.37850000e-06  5.11592960e-04 
 3.37950000e-06  5.11592960e-04 
 3.38050000e-06  5.11592960e-04 
 3.38150000e-06  5.11592960e-04 
 3.38250000e-06  5.11592960e-04 
 3.38350000e-06  5.11592960e-04 
 3.38450000e-06  5.11592960e-04 
 3.38550000e-06  5.11592960e-04 
 3.38650000e-06  5.11592960e-04 
 3.38750000e-06  5.11592960e-04 
 3.38850000e-06  5.11592960e-04 
 3.38950000e-06  5.11592960e-04 
 3.39050000e-06  5.11592960e-04 
 3.39150000e-06  5.11592960e-04 
 3.39250000e-06  5.11592960e-04 
 3.39350000e-06  5.11592960e-04 
 3.39450000e-06  5.11592960e-04 
 3.39550000e-06  5.11592960e-04 
 3.39650000e-06  5.11592960e-04 
 3.39750000e-06  5.11592960e-04 
 3.39850000e-06  5.11592960e-04 
 3.39950000e-06  5.11592960e-04 
 3.40050000e-06  5.11592960e-04 
 3.40150000e-06  5.11592960e-04 
 3.40250000e-06  5.11592960e-04 
 3.40350000e-06  5.11592960e-04 
 3.40450000e-06  5.11592960e-04 
 3.40550000e-06  5.11592960e-04 
 3.40650000e-06  5.11592960e-04 
 3.40750000e-06  5.11592960e-04 
 3.40850000e-06  5.11592960e-04 
 3.40950000e-06  5.11592960e-04 
 3.41050000e-06  5.11592960e-04 
 3.41150000e-06  5.11592960e-04 
 3.41250000e-06  5.11592960e-04 
 3.41350000e-06  5.11592960e-04 
 3.41450000e-06  5.11592960e-04 
 3.41550000e-06  5.11592960e-04 
 3.41650000e-06  5.11592960e-04 
 3.41750000e-06  5.11592960e-04 
 3.41850000e-06  5.11592960e-04 
 3.41950000e-06  5.11592960e-04 
 3.42050000e-06  5.11592960e-04 
 3.42150000e-06  5.11592960e-04 
 3.42250000e-06  5.11592960e-04 
 3.42350000e-06  5.11592960e-04 
 3.42450000e-06  5.11592960e-04 
 3.42550000e-06  5.11592960e-04 
 3.42650000e-06  5.11592960e-04 
 3.42750000e-06  5.11592960e-04 
 3.42850000e-06  5.11592960e-04 
 3.42950000e-06  5.11592960e-04 
 3.43050000e-06  5.11592960e-04 
 3.43150000e-06  5.11592960e-04 
 3.43250000e-06  5.11592960e-04 
 3.43350000e-06  5.11592960e-04 
 3.43450000e-06  5.11592960e-04 
 3.43550000e-06  5.11592960e-04 
 3.43650000e-06  5.11592960e-04 
 3.43750000e-06  5.11592960e-04 
 3.43850000e-06  5.11592960e-04 
 3.43950000e-06  5.11592960e-04 
 3.44050000e-06  5.11592960e-04 
 3.44150000e-06  5.11592960e-04 
 3.44250000e-06  5.11592960e-04 
 3.44350000e-06  5.11592960e-04 
 3.44450000e-06  5.11592960e-04 
 3.44550000e-06  5.11592960e-04 
 3.44650000e-06  5.11592960e-04 
 3.44750000e-06  5.11592960e-04 
 3.44850000e-06  5.11592960e-04 
 3.44950000e-06  5.11592960e-04 
 3.45050000e-06  5.11592960e-04 
 3.45150000e-06  5.11592960e-04 
 3.45250000e-06  5.11592960e-04 
 3.45350000e-06  5.11592960e-04 
 3.45450000e-06  5.11592960e-04 
 3.45550000e-06  5.11592960e-04 
 3.45650000e-06  5.11592960e-04 
 3.45750000e-06  5.11592960e-04 
 3.45850000e-06  5.11592960e-04 
 3.45950000e-06  5.11592960e-04 
 3.46050000e-06  5.11592960e-04 
 3.46150000e-06  5.11592960e-04 
 3.46250000e-06  5.11592960e-04 
 3.46350000e-06  5.11592960e-04 
 3.46450000e-06  5.11592960e-04 
 3.46550000e-06  5.11592960e-04 
 3.46650000e-06  5.11592960e-04 
 3.46750000e-06  5.11592960e-04 
 3.46850000e-06  5.11592960e-04 
 3.46950000e-06  5.11592960e-04 
 3.47050000e-06  5.11592960e-04 
 3.47150000e-06  5.11592960e-04 
 3.47250000e-06  5.11592960e-04 
 3.47350000e-06  5.11592960e-04 
 3.47450000e-06  5.11592960e-04 
 3.47550000e-06  5.11592960e-04 
 3.47650000e-06  5.11592960e-04 
 3.47750000e-06  5.11592960e-04 
 3.47850000e-06  5.11592960e-04 
 3.47950000e-06  5.11592960e-04 
 3.48050000e-06  5.11592960e-04 
 3.48150000e-06  5.11592960e-04 
 3.48250000e-06  5.11592960e-04 
 3.48350000e-06  5.11592960e-04 
 3.48450000e-06  5.11592960e-04 
 3.48550000e-06  5.11592960e-04 
 3.48650000e-06  5.11592960e-04 
 3.48750000e-06  5.11592960e-04 
 3.48850000e-06  5.11592960e-04 
 3.48950000e-06  5.11592960e-04 
 3.49050000e-06  5.11592960e-04 
 3.49150000e-06  5.11592960e-04 
 3.49250000e-06  5.11592960e-04 
 3.49350000e-06  5.11592960e-04 
 3.49450000e-06  5.11592960e-04 
 3.49550000e-06  5.11592960e-04 
 3.49650000e-06  5.11592960e-04 
 3.49750000e-06  5.11592960e-04 
 3.49850000e-06  5.11592960e-04 
 3.49950000e-06  5.11592960e-04 
 3.50050000e-06  5.11592960e-04 
 3.50150000e-06  5.11592960e-04 
 3.50250000e-06  5.11592960e-04 
 3.50350000e-06  5.11592960e-04 
 3.50450000e-06  5.11592960e-04 
 3.50550000e-06  5.11592960e-04 
 3.50650000e-06  5.11592960e-04 
 3.50750000e-06  5.11592960e-04 
 3.50850000e-06  5.11592960e-04 
 3.50950000e-06  5.11592960e-04 
 3.51050000e-06  5.11592960e-04 
 3.51150000e-06  5.11592960e-04 
 3.51250000e-06  5.11592960e-04 
 3.51350000e-06  5.11592960e-04 
 3.51450000e-06  5.11592960e-04 
 3.51550000e-06  5.11592960e-04 
 3.51650000e-06  5.11592960e-04 
 3.51750000e-06  5.11592960e-04 
 3.51850000e-06  5.11592960e-04 
 3.51950000e-06  5.11592960e-04 
 3.52050000e-06  5.11592960e-04 
 3.52150000e-06  5.11592960e-04 
 3.52250000e-06  5.11592960e-04 
 3.52350000e-06  5.11592960e-04 
 3.52450000e-06  5.11592960e-04 
 3.52550000e-06  5.11592960e-04 
 3.52650000e-06  5.11592960e-04 
 3.52750000e-06  5.11592960e-04 
 3.52850000e-06  5.11592960e-04 
 3.52950000e-06  5.11592960e-04 
 3.53050000e-06  5.11592960e-04 
 3.53150000e-06  5.11592960e-04 
 3.53250000e-06  5.11592960e-04 
 3.53350000e-06  5.11592960e-04 
 3.53450000e-06  5.11592960e-04 
 3.53550000e-06  5.11592960e-04 
 3.53650000e-06  5.11592960e-04 
 3.53750000e-06  5.11592960e-04 
 3.53850000e-06  5.11592960e-04 
 3.53950000e-06  5.11592960e-04 
 3.54050000e-06  5.11592960e-04 
 3.54150000e-06  5.11592960e-04 
 3.54250000e-06  5.11592960e-04 
 3.54350000e-06  5.11592960e-04 
 3.54450000e-06  5.11592960e-04 
 3.54550000e-06  5.11592960e-04 
 3.54650000e-06  5.11592960e-04 
 3.54750000e-06  5.11592960e-04 
 3.54850000e-06  5.11592960e-04 
 3.54950000e-06  5.11592960e-04 
 3.55050000e-06  5.11592960e-04 
 3.55150000e-06  5.11592960e-04 
 3.55250000e-06  5.11592960e-04 
 3.55350000e-06  5.11592960e-04 
 3.55450000e-06  5.11592960e-04 
 3.55550000e-06  5.11592960e-04 
 3.55650000e-06  5.11592960e-04 
 3.55750000e-06  5.11592960e-04 
 3.55850000e-06  5.11592960e-04 
 3.55950000e-06  5.11592960e-04 
 3.56050000e-06  5.11592960e-04 
 3.56150000e-06  5.11592960e-04 
 3.56250000e-06  5.11592960e-04 
 3.56350000e-06  5.11592960e-04 
 3.56450000e-06  5.11592960e-04 
 3.56550000e-06  5.11592960e-04 
 3.56650000e-06  5.11592960e-04 
 3.56750000e-06  5.11592960e-04 
 3.56850000e-06  5.11592960e-04 
 3.56950000e-06  5.11592960e-04 
 3.57050000e-06  5.11592960e-04 
 3.57150000e-06  5.11592960e-04 
 3.57250000e-06  5.11592960e-04 
 3.57350000e-06  5.11592960e-04 
 3.57450000e-06  5.11592960e-04 
 3.57550000e-06  5.11592960e-04 
 3.57650000e-06  5.11592960e-04 
 3.57750000e-06  5.11592960e-04 
 3.57850000e-06  5.11592960e-04 
 3.57950000e-06  5.11592960e-04 
 3.58050000e-06  5.11592960e-04 
 3.58150000e-06  5.11592960e-04 
 3.58250000e-06  5.11592960e-04 
 3.58350000e-06  5.11592960e-04 
 3.58450000e-06  5.11592960e-04 
 3.58550000e-06  5.11592960e-04 
 3.58650000e-06  5.11592960e-04 
 3.58750000e-06  5.11592960e-04 
 3.58850000e-06  5.11592960e-04 
 3.58950000e-06  5.11592960e-04 
 3.59050000e-06  5.11592960e-04 
 3.59150000e-06  5.11592960e-04 
 3.59250000e-06  5.11592960e-04 
 3.59350000e-06  5.11592960e-04 
 3.59450000e-06  5.11592960e-04 
 3.59550000e-06  5.11592960e-04 
 3.59650000e-06  5.11592960e-04 
 3.59750000e-06  5.11592960e-04 
 3.59850000e-06  5.11592960e-04 
 3.59950000e-06  5.11592960e-04 
 3.60050000e-06  5.11592960e-04 
 3.60150000e-06  5.11592960e-04 
 3.60250000e-06  5.11592960e-04 
 3.60350000e-06  5.11592960e-04 
 3.60450000e-06  5.11592960e-04 
 3.60550000e-06  5.11592960e-04 
 3.60650000e-06  5.11592960e-04 
 3.60750000e-06  5.11592960e-04 
 3.60850000e-06  5.11592960e-04 
 3.60950000e-06  5.11592960e-04 
 3.61050000e-06  5.11592960e-04 
 3.61150000e-06  5.11592960e-04 
 3.61250000e-06  5.11592960e-04 
 3.61350000e-06  5.11592960e-04 
 3.61450000e-06  5.11592960e-04 
 3.61550000e-06  5.11592960e-04 
 3.61650000e-06  5.11592960e-04 
 3.61750000e-06  5.11592960e-04 
 3.61850000e-06  5.11592960e-04 
 3.61950000e-06  5.11592960e-04 
 3.62050000e-06  5.11592960e-04 
 3.62150000e-06  5.11592960e-04 
 3.62250000e-06  5.11592960e-04 
 3.62350000e-06  5.11592960e-04 
 3.62450000e-06  5.11592960e-04 
 3.62550000e-06  5.11592960e-04 
 3.62650000e-06  5.11592960e-04 
 3.62750000e-06  5.11592960e-04 
 3.62850000e-06  5.11592960e-04 
 3.62950000e-06  5.11592960e-04 
 3.63050000e-06  5.11592960e-04 
 3.63150000e-06  5.11592960e-04 
 3.63250000e-06  5.11592960e-04 
 3.63350000e-06  5.11592960e-04 
 3.63450000e-06  5.11592960e-04 
 3.63550000e-06  5.11592960e-04 
 3.63650000e-06  5.11592960e-04 
 3.63750000e-06  5.11592960e-04 
 3.63850000e-06  5.11592960e-04 
 3.63950000e-06  5.11592960e-04 
 3.64050000e-06  5.11592960e-04 
 3.64150000e-06  5.11592960e-04 
 3.64250000e-06  5.11592960e-04 
 3.64350000e-06  5.11592960e-04 
 3.64450000e-06  5.11592960e-04 
 3.64550000e-06  5.11592960e-04 
 3.64650000e-06  5.11592960e-04 
 3.64750000e-06  5.11592960e-04 
 3.64850000e-06  5.11592960e-04 
 3.64950000e-06  5.11592960e-04 
 3.65050000e-06  5.11592960e-04 
 3.65150000e-06  5.11592960e-04 
 3.65250000e-06  5.11592960e-04 
 3.65350000e-06  5.11592960e-04 
 3.65450000e-06  5.11592960e-04 
 3.65550000e-06  5.11592960e-04 
 3.65650000e-06  5.11592960e-04 
 3.65750000e-06  5.11592960e-04 
 3.65850000e-06  5.11592960e-04 
 3.65950000e-06  5.11592960e-04 
 3.66050000e-06  5.11592960e-04 
 3.66150000e-06  5.11592960e-04 
 3.66250000e-06  5.11592960e-04 
 3.66350000e-06  5.11592960e-04 
 3.66450000e-06  5.11592960e-04 
 3.66550000e-06  5.11592960e-04 
 3.66650000e-06  5.11592960e-04 
 3.66750000e-06  5.11592960e-04 
 3.66850000e-06  5.11592960e-04 
 3.66950000e-06  5.11592960e-04 
 3.67050000e-06  5.11592960e-04 
 3.67150000e-06  5.11592960e-04 
 3.67250000e-06  5.11592960e-04 
 3.67350000e-06  5.11592960e-04 
 3.67450000e-06  5.11592960e-04 
 3.67550000e-06  5.11592960e-04 
 3.67650000e-06  5.11592960e-04 
 3.67750000e-06  5.11592960e-04 
 3.67850000e-06  5.11592960e-04 
 3.67950000e-06  5.11592960e-04 
 3.68050000e-06  5.11592960e-04 
 3.68150000e-06  5.11592960e-04 
 3.68250000e-06  5.11592960e-04 
 3.68350000e-06  5.11592960e-04 
 3.68450000e-06  5.11592960e-04 
 3.68550000e-06  5.11592960e-04 
 3.68650000e-06  5.11592960e-04 
 3.68750000e-06  5.11592960e-04 
 3.68850000e-06  5.11592960e-04 
 3.68950000e-06  5.11592960e-04 
 3.69050000e-06  5.11592960e-04 
 3.69150000e-06  5.11592960e-04 
 3.69250000e-06  5.11592960e-04 
 3.69350000e-06  5.11592960e-04 
 3.69450000e-06  5.11592960e-04 
 3.69550000e-06  5.11592960e-04 
 3.69650000e-06  5.11592960e-04 
 3.69750000e-06  5.11592960e-04 
 3.69850000e-06  5.11592960e-04 
 3.69950000e-06  5.11592960e-04 
 3.70050000e-06  5.11592960e-04 
 3.70150000e-06  5.11592960e-04 
 3.70250000e-06  5.11592960e-04 
 3.70350000e-06  5.11592960e-04 
 3.70450000e-06  5.11592960e-04 
 3.70550000e-06  5.11592960e-04 
 3.70650000e-06  5.11592960e-04 
 3.70750000e-06  5.11592960e-04 
 3.70850000e-06  5.11592960e-04 
 3.70950000e-06  5.11592960e-04 
 3.71050000e-06  5.11592960e-04 
 3.71150000e-06  5.11592960e-04 
 3.71250000e-06  5.11592960e-04 
 3.71350000e-06  5.11592960e-04 
 3.71450000e-06  5.11592960e-04 
 3.71550000e-06  5.11592960e-04 
 3.71650000e-06  5.11592960e-04 
 3.71750000e-06  5.11592960e-04 
 3.71850000e-06  5.11592960e-04 
 3.71950000e-06  5.11592960e-04 
 3.72050000e-06  5.11592960e-04 
 3.72150000e-06  5.11592960e-04 
 3.72250000e-06  5.11592960e-04 
 3.72350000e-06  5.11592960e-04 
 3.72450000e-06  5.11592960e-04 
 3.72550000e-06  5.11592960e-04 
 3.72650000e-06  5.11592960e-04 
 3.72750000e-06  5.11592960e-04 
 3.72850000e-06  5.11592960e-04 
 3.72950000e-06  5.11592960e-04 
 3.73050000e-06  5.11592960e-04 
 3.73150000e-06  5.11592960e-04 
 3.73250000e-06  5.11592960e-04 
 3.73350000e-06  5.11592960e-04 
 3.73450000e-06  5.11592960e-04 
 3.73550000e-06  5.11592960e-04 
 3.73650000e-06  5.11592960e-04 
 3.73750000e-06  5.11592960e-04 
 3.73850000e-06  5.11592960e-04 
 3.73950000e-06  5.11592960e-04 
 3.74050000e-06  5.11592960e-04 
 3.74150000e-06  5.11592960e-04 
 3.74250000e-06  5.11592960e-04 
 3.74350000e-06  5.11592960e-04 
 3.74450000e-06  5.11592960e-04 
 3.74550000e-06  5.11592960e-04 
 3.74650000e-06  5.11592960e-04 
 3.74750000e-06  5.11592960e-04 
 3.74850000e-06  5.11592960e-04 
 3.74950000e-06  5.11592960e-04 
 3.75050000e-06  5.11592960e-04 
 3.75150000e-06  5.11592960e-04 
 3.75250000e-06  5.11592960e-04 
 3.75350000e-06  5.11592960e-04 
 3.75450000e-06  5.11592960e-04 
 3.75550000e-06  5.11592960e-04 
 3.75650000e-06  5.11592960e-04 
 3.75750000e-06  5.11592960e-04 
 3.75850000e-06  5.11592960e-04 
 3.75950000e-06  5.11592960e-04 
 3.76050000e-06  5.11592960e-04 
 3.76150000e-06  5.11592960e-04 
 3.76250000e-06  5.11592960e-04 
 3.76350000e-06  5.11592960e-04 
 3.76450000e-06  5.11592960e-04 
 3.76550000e-06  5.11592960e-04 
 3.76650000e-06  5.11592960e-04 
 3.76750000e-06  5.11592960e-04 
 3.76850000e-06  5.11592960e-04 
 3.76950000e-06  5.11592960e-04 
 3.77050000e-06  5.11592960e-04 
 3.77150000e-06  5.11592960e-04 
 3.77250000e-06  5.11592960e-04 
 3.77350000e-06  5.11592960e-04 
 3.77450000e-06  5.11592960e-04 
 3.77550000e-06  5.11592960e-04 
 3.77650000e-06  5.11592960e-04 
 3.77750000e-06  5.11592960e-04 
 3.77850000e-06  5.11592960e-04 
 3.77950000e-06  5.11592960e-04 
 3.78050000e-06  5.11592960e-04 
 3.78150000e-06  5.11592960e-04 
 3.78250000e-06  5.11592960e-04 
 3.78350000e-06  5.11592960e-04 
 3.78450000e-06  5.11592960e-04 
 3.78550000e-06  5.11592960e-04 
 3.78650000e-06  5.11592960e-04 
 3.78750000e-06  5.11592960e-04 
 3.78850000e-06  5.11592960e-04 
 3.78950000e-06  5.11592960e-04 
 3.79050000e-06  5.11592960e-04 
 3.79150000e-06  5.11592960e-04 
 3.79250000e-06  5.11592960e-04 
 3.79350000e-06  5.11592960e-04 
 3.79450000e-06  5.11592960e-04 
 3.79550000e-06  5.11592960e-04 
 3.79650000e-06  5.11592960e-04 
 3.79750000e-06  5.11592960e-04 
 3.79850000e-06  5.11592960e-04 
 3.79950000e-06  5.11592960e-04 
 3.80050000e-06  5.11592960e-04 
 3.80150000e-06  5.11592960e-04 
 3.80250000e-06  5.11592960e-04 
 3.80350000e-06  5.11592960e-04 
 3.80450000e-06  5.11592960e-04 
 3.80550000e-06  5.11592960e-04 
 3.80650000e-06  5.11592960e-04 
 3.80750000e-06  5.11592960e-04 
 3.80850000e-06  5.11592960e-04 
 3.80950000e-06  5.11592960e-04 
 3.81050000e-06  5.11592960e-04 
 3.81150000e-06  5.11592960e-04 
 3.81250000e-06  5.11592960e-04 
 3.81350000e-06  5.11592960e-04 
 3.81450000e-06  5.11592960e-04 
 3.81550000e-06  5.11592960e-04 
 3.81650000e-06  5.11592960e-04 
 3.81750000e-06  5.11592960e-04 
 3.81850000e-06  5.11592960e-04 
 3.81950000e-06  5.11592960e-04 
 3.82050000e-06  5.11592960e-04 
 3.82150000e-06  5.11592960e-04 
 3.82250000e-06  5.11592960e-04 
 3.82350000e-06  5.11592960e-04 
 3.82450000e-06  5.11592960e-04 
 3.82550000e-06  5.11592960e-04 
 3.82650000e-06  5.11592960e-04 
 3.82750000e-06  5.11592960e-04 
 3.82850000e-06  5.11592960e-04 
 3.82950000e-06  5.11592960e-04 
 3.83050000e-06  5.11592960e-04 
 3.83150000e-06  5.11592960e-04 
 3.83250000e-06  5.11592960e-04 
 3.83350000e-06  5.11592960e-04 
 3.83450000e-06  5.11592960e-04 
 3.83550000e-06  5.11592960e-04 
 3.83650000e-06  5.11592960e-04 
 3.83750000e-06  5.11592960e-04 
 3.83850000e-06  5.11592960e-04 
 3.83950000e-06  5.11592960e-04 
 3.84050000e-06  5.11592960e-04 
 3.84150000e-06  5.11592960e-04 
 3.84250000e-06  5.11592960e-04 
 3.84350000e-06  5.11592960e-04 
 3.84450000e-06  5.11592960e-04 
 3.84550000e-06  5.11592960e-04 
 3.84650000e-06  5.11592960e-04 
 3.84750000e-06  5.11592960e-04 
 3.84850000e-06  5.11592960e-04 
 3.84950000e-06  5.11592960e-04 
 3.85050000e-06  5.11592960e-04 
 3.85150000e-06  5.11592960e-04 
 3.85250000e-06  5.11592960e-04 
 3.85350000e-06  5.11592960e-04 
 3.85450000e-06  5.11592960e-04 
 3.85550000e-06  5.11592960e-04 
 3.85650000e-06  5.11592960e-04 
 3.85750000e-06  5.11592960e-04 
 3.85850000e-06  5.11592960e-04 
 3.85950000e-06  5.11592960e-04 
 3.86050000e-06  5.11592960e-04 
 3.86150000e-06  5.11592960e-04 
 3.86250000e-06  5.11592960e-04 
 3.86350000e-06  5.11592960e-04 
 3.86450000e-06  5.11592960e-04 
 3.86550000e-06  5.11592960e-04 
 3.86650000e-06  5.11592960e-04 
 3.86750000e-06  5.11592960e-04 
 3.86850000e-06  5.11592960e-04 
 3.86950000e-06  5.11592960e-04 
 3.87050000e-06  5.11592960e-04 
 3.87150000e-06  5.11592960e-04 
 3.87250000e-06  5.11592960e-04 
 3.87350000e-06  5.11592960e-04 
 3.87450000e-06  5.11592960e-04 
 3.87550000e-06  5.11592960e-04 
 3.87650000e-06  5.11592960e-04 
 3.87750000e-06  5.11592960e-04 
 3.87850000e-06  5.11592960e-04 
 3.87950000e-06  5.11592960e-04 
 3.88050000e-06  5.11592960e-04 
 3.88150000e-06  5.11592960e-04 
 3.88250000e-06  5.11592960e-04 
 3.88350000e-06  5.11592960e-04 
 3.88450000e-06  5.11592960e-04 
 3.88550000e-06  5.11592960e-04 
 3.88650000e-06  5.11592960e-04 
 3.88750000e-06  5.11592960e-04 
 3.88850000e-06  5.11592960e-04 
 3.88950000e-06  5.11592960e-04 
 3.89050000e-06  5.11592960e-04 
 3.89150000e-06  5.11592960e-04 
 3.89250000e-06  5.11592960e-04 
 3.89350000e-06  5.11592960e-04 
 3.89450000e-06  5.11592960e-04 
 3.89550000e-06  5.11592960e-04 
 3.89650000e-06  5.11592960e-04 
 3.89750000e-06  5.11592960e-04 
 3.89850000e-06  5.11592960e-04 
 3.89950000e-06  5.11592960e-04 
 3.90050000e-06  5.11592960e-04 
 3.90150000e-06  5.11592960e-04 
 3.90250000e-06  5.11592960e-04 
 3.90350000e-06  5.11592960e-04 
 3.90450000e-06  5.11592960e-04 
 3.90550000e-06  5.11592960e-04 
 3.90650000e-06  5.11592960e-04 
 3.90750000e-06  5.11592960e-04 
 3.90850000e-06  5.11592960e-04 
 3.90950000e-06  5.11592960e-04 
 3.91050000e-06  5.11592960e-04 
 3.91150000e-06  5.11592960e-04 
 3.91250000e-06  5.11592960e-04 
 3.91350000e-06  5.11592960e-04 
 3.91450000e-06  5.11592960e-04 
 3.91550000e-06  5.11592960e-04 
 3.91650000e-06  5.11592960e-04 
 3.91750000e-06  5.11592960e-04 
 3.91850000e-06  5.11592960e-04 
 3.91950000e-06  5.11592960e-04 
 3.92050000e-06  5.11592960e-04 
 3.92150000e-06  5.11592960e-04 
 3.92250000e-06  5.11592960e-04 
 3.92350000e-06  5.11592960e-04 
 3.92450000e-06  5.11592960e-04 
 3.92550000e-06  5.11592960e-04 
 3.92650000e-06  5.11592960e-04 
 3.92750000e-06  5.11592960e-04 
 3.92850000e-06  5.11592960e-04 
 3.92950000e-06  5.11592960e-04 
 3.93050000e-06  5.11592960e-04 
 3.93150000e-06  5.11592960e-04 
 3.93250000e-06  5.11592960e-04 
 3.93350000e-06  5.11592960e-04 
 3.93450000e-06  5.11592960e-04 
 3.93550000e-06  5.11592960e-04 
 3.93650000e-06  5.11592960e-04 
 3.93750000e-06  5.11592960e-04 
 3.93850000e-06  5.11592960e-04 
 3.93950000e-06  5.11592960e-04 
 3.94050000e-06  5.11592960e-04 
 3.94150000e-06  5.11592960e-04 
 3.94250000e-06  5.11592960e-04 
 3.94350000e-06  5.11592960e-04 
 3.94450000e-06  5.11592960e-04 
 3.94550000e-06  5.11592960e-04 
 3.94650000e-06  5.11592960e-04 
 3.94750000e-06  5.11592960e-04 
 3.94850000e-06  5.11592960e-04 
 3.94950000e-06  5.11592960e-04 
 3.95050000e-06  5.11592960e-04 
 3.95150000e-06  5.11592960e-04 
 3.95250000e-06  5.11592960e-04 
 3.95350000e-06  5.11592960e-04 
 3.95450000e-06  5.11592960e-04 
 3.95550000e-06  5.11592960e-04 
 3.95650000e-06  5.11592960e-04 
 3.95750000e-06  5.11592960e-04 
 3.95850000e-06  5.11592960e-04 
 3.95950000e-06  5.11592960e-04 
 3.96050000e-06  5.11592960e-04 
 3.96150000e-06  5.11592960e-04 
 3.96250000e-06  5.11592960e-04 
 3.96350000e-06  5.11592960e-04 
 3.96450000e-06  5.11592960e-04 
 3.96550000e-06  5.11592960e-04 
 3.96650000e-06  5.11592960e-04 
 3.96750000e-06  5.11592960e-04 
 3.96850000e-06  5.11592960e-04 
 3.96950000e-06  5.11592960e-04 
 3.97050000e-06  5.11592960e-04 
 3.97150000e-06  5.11592960e-04 
 3.97250000e-06  5.11592960e-04 
 3.97350000e-06  5.11592960e-04 
 3.97450000e-06  5.11592960e-04 
 3.97550000e-06  5.11592960e-04 
 3.97650000e-06  5.11592960e-04 
 3.97750000e-06  5.11592960e-04 
 3.97850000e-06  5.11592960e-04 
 3.97950000e-06  5.11592960e-04 
 3.98050000e-06  5.11592960e-04 
 3.98150000e-06  5.11592960e-04 
 3.98250000e-06  5.11592960e-04 
 3.98350000e-06  5.11592960e-04 
 3.98450000e-06  5.11592960e-04 
 3.98550000e-06  5.11592960e-04 
 3.98650000e-06  5.11592960e-04 
 3.98750000e-06  5.11592960e-04 
 3.98850000e-06  5.11592960e-04 
 3.98950000e-06  5.11592960e-04 
 3.99050000e-06  5.11592960e-04 
 3.99150000e-06  5.11592960e-04 
 3.99250000e-06  5.11592960e-04 
 3.99350000e-06  5.11592960e-04 
 3.99450000e-06  5.11592960e-04 
 3.99550000e-06  5.11592960e-04 
 3.99650000e-06  5.11592960e-04 
 3.99750000e-06  5.11592960e-04 
 3.99850000e-06  5.11592960e-04 
 3.99950000e-06  5.11592960e-04 
 4.00050000e-06  5.11592960e-04 
 4.00150000e-06  5.11592960e-04 
 4.00250000e-06  5.11592960e-04 
 4.00350000e-06  5.11592960e-04 
 4.00450000e-06  5.11592960e-04 
 4.00550000e-06  5.11592960e-04 
 4.00650000e-06  5.11592960e-04 
 4.00750000e-06  5.11592960e-04 
 4.00850000e-06  5.11592960e-04 
 4.00950000e-06  5.11592960e-04 
 4.01050000e-06  5.11592960e-04 
 4.01150000e-06  5.11592960e-04 
 4.01250000e-06  5.11592960e-04 
 4.01350000e-06  5.11592960e-04 
 4.01450000e-06  5.11592960e-04 
 4.01550000e-06  5.11592960e-04 
 4.01650000e-06  5.11592960e-04 
 4.01750000e-06  5.11592960e-04 
 4.01850000e-06  5.11592960e-04 
 4.01950000e-06  5.11592960e-04 
 4.02050000e-06  5.11592960e-04 
 4.02150000e-06  5.11592960e-04 
 4.02250000e-06  5.11592960e-04 
 4.02350000e-06  5.11592960e-04 
 4.02450000e-06  5.11592960e-04 
 4.02550000e-06  5.11592960e-04 
 4.02650000e-06  5.11592960e-04 
 4.02750000e-06  5.11592960e-04 
 4.02850000e-06  5.11592960e-04 
 4.02950000e-06  5.11592960e-04 
 4.03050000e-06  5.11592960e-04 
 4.03150000e-06  5.11592960e-04 
 4.03250000e-06  5.11592960e-04 
 4.03350000e-06  5.11592960e-04 
 4.03450000e-06  5.11592960e-04 
 4.03550000e-06  5.11592960e-04 
 4.03650000e-06  5.11592960e-04 
 4.03750000e-06  5.11592960e-04 
 4.03850000e-06  5.11592960e-04 
 4.03950000e-06  5.11592960e-04 
 4.04050000e-06  5.11592960e-04 
 4.04150000e-06  5.11592960e-04 
 4.04250000e-06  5.11592960e-04 
 4.04350000e-06  5.11592960e-04 
 4.04450000e-06  5.11592960e-04 
 4.04550000e-06  5.11592960e-04 
 4.04650000e-06  5.11592960e-04 
 4.04750000e-06  5.11592960e-04 
 4.04850000e-06  5.11592960e-04 
 4.04950000e-06  5.11592960e-04 
 4.05050000e-06  5.11592960e-04 
 4.05150000e-06  5.11592960e-04 
 4.05250000e-06  5.11592960e-04 
 4.05350000e-06  5.11592960e-04 
 4.05450000e-06  5.11592960e-04 
 4.05550000e-06  5.11592960e-04 
 4.05650000e-06  5.11592960e-04 
 4.05750000e-06  5.11592960e-04 
 4.05850000e-06  5.11592960e-04 
 4.05950000e-06  5.11592960e-04 
 4.06050000e-06  5.11592960e-04 
 4.06150000e-06  5.11592960e-04 
 4.06250000e-06  5.11592960e-04 
 4.06350000e-06  5.11592960e-04 
 4.06450000e-06  5.11592960e-04 
 4.06550000e-06  5.11592960e-04 
 4.06650000e-06  5.11592960e-04 
 4.06750000e-06  5.11592960e-04 
 4.06850000e-06  5.11592960e-04 
 4.06950000e-06  5.11592960e-04 
 4.07050000e-06  5.11592960e-04 
 4.07150000e-06  5.11592960e-04 
 4.07250000e-06  5.11592960e-04 
 4.07350000e-06  5.11592960e-04 
 4.07450000e-06  5.11592960e-04 
 4.07550000e-06  5.11592960e-04 
 4.07650000e-06  5.11592960e-04 
 4.07750000e-06  5.11592960e-04 
 4.07850000e-06  5.11592960e-04 
 4.07950000e-06  5.11592960e-04 
 4.08050000e-06  5.11592960e-04 
 4.08150000e-06  5.11592960e-04 
 4.08250000e-06  5.11592960e-04 
 4.08350000e-06  5.11592960e-04 
 4.08450000e-06  5.11592960e-04 
 4.08550000e-06  5.11592960e-04 
 4.08650000e-06  5.11592960e-04 
 4.08750000e-06  5.11592960e-04 
 4.08850000e-06  5.11592960e-04 
 4.08950000e-06  5.11592960e-04 
 4.09050000e-06  5.11592960e-04 
 4.09150000e-06  5.11592960e-04 
 4.09250000e-06  5.11592960e-04 
 4.09350000e-06  5.11592960e-04 
 4.09450000e-06  5.11592960e-04 
 4.09550000e-06  5.11592960e-04 
 4.09650000e-06  5.11592960e-04 
 4.09750000e-06  5.11592960e-04 
 4.09850000e-06  5.11592960e-04 
 4.09950000e-06  5.11592960e-04 
 4.10050000e-06  5.11592960e-04 
 4.10150000e-06  5.11592960e-04 
 4.10250000e-06  5.11592960e-04 
 4.10350000e-06  5.11592960e-04 
 4.10450000e-06  5.11592960e-04 
 4.10550000e-06  5.11592960e-04 
 4.10650000e-06  5.11592960e-04 
 4.10750000e-06  5.11592960e-04 
 4.10850000e-06  5.11592960e-04 
 4.10950000e-06  5.11592960e-04 
 4.11050000e-06  5.11592960e-04 
 4.11150000e-06  5.11592960e-04 
 4.11250000e-06  5.11592960e-04 
 4.11350000e-06  5.11592960e-04 
 4.11450000e-06  5.11592960e-04 
 4.11550000e-06  5.11592960e-04 
 4.11650000e-06  5.11592960e-04 
 4.11750000e-06  5.11592960e-04 
 4.11850000e-06  5.11592960e-04 
 4.11950000e-06  5.11592960e-04 
 4.12050000e-06  5.11592960e-04 
 4.12150000e-06  5.11592960e-04 
 4.12250000e-06  5.11592960e-04 
 4.12350000e-06  5.11592960e-04 
 4.12450000e-06  5.11592960e-04 
 4.12550000e-06  5.11592960e-04 
 4.12650000e-06  5.11592960e-04 
 4.12750000e-06  5.11592960e-04 
 4.12850000e-06  5.11592960e-04 
 4.12950000e-06  5.11592960e-04 
 4.13050000e-06  5.11592960e-04 
 4.13150000e-06  5.11592960e-04 
 4.13250000e-06  5.11592960e-04 
 4.13350000e-06  5.11592960e-04 
 4.13450000e-06  5.11592960e-04 
 4.13550000e-06  5.11592960e-04 
 4.13650000e-06  5.11592960e-04 
 4.13750000e-06  5.11592960e-04 
 4.13850000e-06  5.11592960e-04 
 4.13950000e-06  5.11592960e-04 
 4.14050000e-06  5.11592960e-04 
 4.14150000e-06  5.11592960e-04 
 4.14250000e-06  5.11592960e-04 
 4.14350000e-06  5.11592960e-04 
 4.14450000e-06  5.11592960e-04 
 4.14550000e-06  5.11592960e-04 
 4.14650000e-06  5.11592960e-04 
 4.14750000e-06  5.11592960e-04 
 4.14850000e-06  5.11592960e-04 
 4.14950000e-06  5.11592960e-04 
 4.15050000e-06  5.11592960e-04 
 4.15150000e-06  5.11592960e-04 
 4.15250000e-06  5.11592960e-04 
 4.15350000e-06  5.11592960e-04 
 4.15450000e-06  5.11592960e-04 
 4.15550000e-06  5.11592960e-04 
 4.15650000e-06  5.11592960e-04 
 4.15750000e-06  5.11592960e-04 
 4.15850000e-06  5.11592960e-04 
 4.15950000e-06  5.11592960e-04 
 4.16050000e-06  5.11592960e-04 
 4.16150000e-06  5.11592960e-04 
 4.16250000e-06  5.11592960e-04 
 4.16350000e-06  5.11592960e-04 
 4.16450000e-06  5.11592960e-04 
 4.16550000e-06  5.11592960e-04 
 4.16650000e-06  5.11592960e-04 
 4.16750000e-06  5.11592960e-04 
 4.16850000e-06  5.11592960e-04 
 4.16950000e-06  5.11592960e-04 
 4.17050000e-06  5.11592960e-04 
 4.17150000e-06  5.11592960e-04 
 4.17250000e-06  5.11592960e-04 
 4.17350000e-06  5.11592960e-04 
 4.17450000e-06  5.11592960e-04 
 4.17550000e-06  5.11592960e-04 
 4.17650000e-06  5.11592960e-04 
 4.17750000e-06  5.11592960e-04 
 4.17850000e-06  5.11592960e-04 
 4.17950000e-06  5.11592960e-04 
 4.18050000e-06  5.11592960e-04 
 4.18150000e-06  5.11592960e-04 
 4.18250000e-06  5.11592960e-04 
 4.18350000e-06  5.11592960e-04 
 4.18450000e-06  5.11592960e-04 
 4.18550000e-06  5.11592960e-04 
 4.18650000e-06  5.11592960e-04 
 4.18750000e-06  5.11592960e-04 
 4.18850000e-06  5.11592960e-04 
 4.18950000e-06  5.11592960e-04 
 4.19050000e-06  5.11592960e-04 
 4.19150000e-06  5.11592960e-04 
 4.19250000e-06  5.11592960e-04 
 4.19350000e-06  5.11592960e-04 
 4.19450000e-06  5.11592960e-04 
 4.19550000e-06  5.11592960e-04 
 4.19650000e-06  5.11592960e-04 
 4.19750000e-06  5.11592960e-04 
 4.19850000e-06  5.11592960e-04 
 4.19950000e-06  5.11592960e-04 
 4.20050000e-06  5.11592960e-04 
 4.20150000e-06  5.11592960e-04 
 4.20250000e-06  5.11592960e-04 
 4.20350000e-06  5.11592960e-04 
 4.20450000e-06  5.11592960e-04 
 4.20550000e-06  5.11592960e-04 
 4.20650000e-06  5.11592960e-04 
 4.20750000e-06  5.11592960e-04 
 4.20850000e-06  5.11592960e-04 
 4.20950000e-06  5.11592960e-04 
 4.21050000e-06  5.11592960e-04 
 4.21150000e-06  5.11592960e-04 
 4.21250000e-06  5.11592960e-04 
 4.21350000e-06  5.11592960e-04 
 4.21450000e-06  5.11592960e-04 
 4.21550000e-06  5.11592960e-04 
 4.21650000e-06  5.11592960e-04 
 4.21750000e-06  5.11592960e-04 
 4.21850000e-06  5.11592960e-04 
 4.21950000e-06  5.11592960e-04 
 4.22050000e-06  5.11592960e-04 
 4.22150000e-06  5.11592960e-04 
 4.22250000e-06  5.11592960e-04 
 4.22350000e-06  5.11592960e-04 
 4.22450000e-06  5.11592960e-04 
 4.22550000e-06  5.11592960e-04 
 4.22650000e-06  5.11592960e-04 
 4.22750000e-06  5.11592960e-04 
 4.22850000e-06  5.11592960e-04 
 4.22950000e-06  5.11592960e-04 
 4.23050000e-06  5.11592960e-04 
 4.23150000e-06  5.11592960e-04 
 4.23250000e-06  5.11592960e-04 
 4.23350000e-06  5.11592960e-04 
 4.23450000e-06  5.11592960e-04 
 4.23550000e-06  5.11592960e-04 
 4.23650000e-06  5.11592960e-04 
 4.23750000e-06  5.11592960e-04 
 4.23850000e-06  5.11592960e-04 
 4.23950000e-06  5.11592960e-04 
 4.24050000e-06  5.11592960e-04 
 4.24150000e-06  5.11592960e-04 
 4.24250000e-06  5.11592960e-04 
 4.24350000e-06  5.11592960e-04 
 4.24450000e-06  5.11592960e-04 
 4.24550000e-06  5.11592960e-04 
 4.24650000e-06  5.11592960e-04 
 4.24750000e-06  5.11592960e-04 
 4.24850000e-06  5.11592960e-04 
 4.24950000e-06  5.11592960e-04 
 4.25050000e-06  5.11592960e-04 
 4.25150000e-06  5.11592960e-04 
 4.25250000e-06  5.11592960e-04 
 4.25350000e-06  5.11592960e-04 
 4.25450000e-06  5.11592960e-04 
 4.25550000e-06  5.11592960e-04 
 4.25650000e-06  5.11592960e-04 
 4.25750000e-06  5.11592960e-04 
 4.25850000e-06  5.11592960e-04 
 4.25950000e-06  5.11592960e-04 
 4.26050000e-06  5.11592960e-04 
 4.26150000e-06  5.11592960e-04 
 4.26250000e-06  5.11592960e-04 
 4.26350000e-06  5.11592960e-04 
 4.26450000e-06  5.11592960e-04 
 4.26550000e-06  5.11592960e-04 
 4.26650000e-06  5.11592960e-04 
 4.26750000e-06  5.11592960e-04 
 4.26850000e-06  5.11592960e-04 
 4.26950000e-06  5.11592960e-04 
 4.27050000e-06  5.11592960e-04 
 4.27150000e-06  5.11592960e-04 
 4.27250000e-06  5.11592960e-04 
 4.27350000e-06  5.11592960e-04 
 4.27450000e-06  5.11592960e-04 
 4.27550000e-06  5.11592960e-04 
 4.27650000e-06  5.11592960e-04 
 4.27750000e-06  5.11592960e-04 
 4.27850000e-06  5.11592960e-04 
 4.27950000e-06  5.11592960e-04 
 4.28050000e-06  5.11592960e-04 
 4.28150000e-06  5.11592960e-04 
 4.28250000e-06  5.11592960e-04 
 4.28350000e-06  5.11592960e-04 
 4.28450000e-06  5.11592960e-04 
 4.28550000e-06  5.11592960e-04 
 4.28650000e-06  5.11592960e-04 
 4.28750000e-06  5.11592960e-04 
 4.28850000e-06  5.11592960e-04 
 4.28950000e-06  5.11592960e-04 
 4.29050000e-06  5.11592960e-04 
 4.29150000e-06  5.11592960e-04 
 4.29250000e-06  5.11592960e-04 
 4.29350000e-06  5.11592960e-04 
 4.29450000e-06  5.11592960e-04 
 4.29550000e-06  5.11592960e-04 
 4.29650000e-06  5.11592960e-04 
 4.29750000e-06  5.11592960e-04 
 4.29850000e-06  5.11592960e-04 
 4.29950000e-06  5.11592960e-04 
 4.30050000e-06  5.11592960e-04 
 4.30150000e-06  5.11592960e-04 
 4.30250000e-06  5.11592960e-04 
 4.30350000e-06  5.11592960e-04 
 4.30450000e-06  5.11592960e-04 
 4.30550000e-06  5.11592960e-04 
 4.30650000e-06  5.11592960e-04 
 4.30750000e-06  5.11592960e-04 
 4.30850000e-06  5.11592960e-04 
 4.30950000e-06  5.11592960e-04 
 4.31050000e-06  5.11592960e-04 
 4.31150000e-06  5.11592960e-04 
 4.31250000e-06  5.11592960e-04 
 4.31350000e-06  5.11592960e-04 
 4.31450000e-06  5.11592960e-04 
 4.31550000e-06  5.11592960e-04 
 4.31650000e-06  5.11592960e-04 
 4.31750000e-06  5.11592960e-04 
 4.31850000e-06  5.11592960e-04 
 4.31950000e-06  5.11592960e-04 
 4.32050000e-06  5.11592960e-04 
 4.32150000e-06  5.11592960e-04 
 4.32250000e-06  5.11592960e-04 
 4.32350000e-06  5.11592960e-04 
 4.32450000e-06  5.11592960e-04 
 4.32550000e-06  5.11592960e-04 
 4.32650000e-06  5.11592960e-04 
 4.32750000e-06  5.11592960e-04 
 4.32850000e-06  5.11592960e-04 
 4.32950000e-06  5.11592960e-04 
 4.33050000e-06  5.11592960e-04 
 4.33150000e-06  5.11592960e-04 
 4.33250000e-06  5.11592960e-04 
 4.33350000e-06  5.11592960e-04 
 4.33450000e-06  5.11592960e-04 
 4.33550000e-06  5.11592960e-04 
 4.33650000e-06  5.11592960e-04 
 4.33750000e-06  5.11592960e-04 
 4.33850000e-06  5.11592960e-04 
 4.33950000e-06  5.11592960e-04 
 4.34050000e-06  5.11592960e-04 
 4.34150000e-06  5.11592960e-04 
 4.34250000e-06  5.11592960e-04 
 4.34350000e-06  5.11592960e-04 
 4.34450000e-06  5.11592960e-04 
 4.34550000e-06  5.11592960e-04 
 4.34650000e-06  5.11592960e-04 
 4.34750000e-06  5.11592960e-04 
 4.34850000e-06  5.11592960e-04 
 4.34950000e-06  5.11592960e-04 
 4.35050000e-06  5.11592960e-04 
 4.35150000e-06  5.11592960e-04 
 4.35250000e-06  5.11592960e-04 
 4.35350000e-06  5.11592960e-04 
 4.35450000e-06  5.11592960e-04 
 4.35550000e-06  5.11592960e-04 
 4.35650000e-06  5.11592960e-04 
 4.35750000e-06  5.11592960e-04 
 4.35850000e-06  5.11592960e-04 
 4.35950000e-06  5.11592960e-04 
 4.36050000e-06  5.11592960e-04 
 4.36150000e-06  5.11592960e-04 
 4.36250000e-06  5.11592960e-04 
 4.36350000e-06  5.11592960e-04 
 4.36450000e-06  5.11592960e-04 
 4.36550000e-06  5.11592960e-04 
 4.36650000e-06  5.11592960e-04 
 4.36750000e-06  5.11592960e-04 
 4.36850000e-06  5.11592960e-04 
 4.36950000e-06  5.11592960e-04 
 4.37050000e-06  5.11592960e-04 
 4.37150000e-06  5.11592960e-04 
 4.37250000e-06  5.11592960e-04 
 4.37350000e-06  5.11592960e-04 
 4.37450000e-06  5.11592960e-04 
 4.37550000e-06  5.11592960e-04 
 4.37650000e-06  5.11592960e-04 
 4.37750000e-06  5.11592960e-04 
 4.37850000e-06  5.11592960e-04 
 4.37950000e-06  5.11592960e-04 
 4.38050000e-06  5.11592960e-04 
 4.38150000e-06  5.11592960e-04 
 4.38250000e-06  5.11592960e-04 
 4.38350000e-06  5.11592960e-04 
 4.38450000e-06  5.11592960e-04 
 4.38550000e-06  5.11592960e-04 
 4.38650000e-06  5.11592960e-04 
 4.38750000e-06  5.11592960e-04 
 4.38850000e-06  5.11592960e-04 
 4.38950000e-06  5.11592960e-04 
 4.39050000e-06  5.11592960e-04 
 4.39150000e-06  5.11592960e-04 
 4.39250000e-06  5.11592960e-04 
 4.39350000e-06  5.11592960e-04 
 4.39450000e-06  5.11592960e-04 
 4.39550000e-06  5.11592960e-04 
 4.39650000e-06  5.11592960e-04 
 4.39750000e-06  5.11592960e-04 
 4.39850000e-06  5.11592960e-04 
 4.39950000e-06  5.11592960e-04 
 4.40050000e-06  5.11592960e-04 
 4.40150000e-06  5.11592960e-04 
 4.40250000e-06  5.11592960e-04 
 4.40350000e-06  5.11592960e-04 
 4.40450000e-06  5.11592960e-04 
 4.40550000e-06  5.11592960e-04 
 4.40650000e-06  5.11592960e-04 
 4.40750000e-06  5.11592960e-04 
 4.40850000e-06  5.11592960e-04 
 4.40950000e-06  5.11592960e-04 
 4.41050000e-06  5.11592960e-04 
 4.41150000e-06  5.11592960e-04 
 4.41250000e-06  5.11592960e-04 
 4.41350000e-06  5.11592960e-04 
 4.41450000e-06  5.11592960e-04 
 4.41550000e-06  5.11592960e-04 
 4.41650000e-06  5.11592960e-04 
 4.41750000e-06  5.11592960e-04 
 4.41850000e-06  5.11592960e-04 
 4.41950000e-06  5.11592960e-04 
 4.42050000e-06  5.11592960e-04 
 4.42150000e-06  5.11592960e-04 
 4.42250000e-06  5.11592960e-04 
 4.42350000e-06  5.11592960e-04 
 4.42450000e-06  5.11592960e-04 
 4.42550000e-06  5.11592960e-04 
 4.42650000e-06  5.11592960e-04 
 4.42750000e-06  5.11592960e-04 
 4.42850000e-06  5.11592960e-04 
 4.42950000e-06  5.11592960e-04 
 4.43050000e-06  5.11592960e-04 
 4.43150000e-06  5.11592960e-04 
 4.43250000e-06  5.11592960e-04 
 4.43350000e-06  5.11592960e-04 
 4.43450000e-06  5.11592960e-04 
 4.43550000e-06  5.11592960e-04 
 4.43650000e-06  5.11592960e-04 
 4.43750000e-06  5.11592960e-04 
 4.43850000e-06  5.11592960e-04 
 4.43950000e-06  5.11592960e-04 
 4.44050000e-06  5.11592960e-04 
 4.44150000e-06  5.11592960e-04 
 4.44250000e-06  5.11592960e-04 
 4.44350000e-06  5.11592960e-04 
 4.44450000e-06  5.11592960e-04 
 4.44550000e-06  5.11592960e-04 
 4.44650000e-06  5.11592960e-04 
 4.44750000e-06  5.11592960e-04 
 4.44850000e-06  5.11592960e-04 
 4.44950000e-06  5.11592960e-04 
 4.45050000e-06  5.11592960e-04 
 4.45150000e-06  5.11592960e-04 
 4.45250000e-06  5.11592960e-04 
 4.45350000e-06  5.11592960e-04 
 4.45450000e-06  5.11592960e-04 
 4.45550000e-06  5.11592960e-04 
 4.45650000e-06  5.11592960e-04 
 4.45750000e-06  5.11592960e-04 
 4.45850000e-06  5.11592960e-04 
 4.45950000e-06  5.11592960e-04 
 4.46050000e-06  5.11592960e-04 
 4.46150000e-06  5.11592960e-04 
 4.46250000e-06  5.11592960e-04 
 4.46350000e-06  5.11592960e-04 
 4.46450000e-06  5.11592960e-04 
 4.46550000e-06  5.11592960e-04 
 4.46650000e-06  5.11592960e-04 
 4.46750000e-06  5.11592960e-04 
 4.46850000e-06  5.11592960e-04 
 4.46950000e-06  5.11592960e-04 
 4.47050000e-06  5.11592960e-04 
 4.47150000e-06  5.11592960e-04 
 4.47250000e-06  5.11592960e-04 
 4.47350000e-06  5.11592960e-04 
 4.47450000e-06  5.11592960e-04 
 4.47550000e-06  5.11592960e-04 
 4.47650000e-06  5.11592960e-04 
 4.47750000e-06  5.11592960e-04 
 4.47850000e-06  5.11592960e-04 
 4.47950000e-06  5.11592960e-04 
 4.48050000e-06  5.11592960e-04 
 4.48150000e-06  5.11592960e-04 
 4.48250000e-06  5.11592960e-04 
 4.48350000e-06  5.11592960e-04 
 4.48450000e-06  5.11592960e-04 
 4.48550000e-06  5.11592960e-04 
 4.48650000e-06  5.11592960e-04 
 4.48750000e-06  5.11592960e-04 
 4.48850000e-06  5.11592960e-04 
 4.48950000e-06  5.11592960e-04 
 4.49050000e-06  5.11592960e-04 
 4.49150000e-06  5.11592960e-04 
 4.49250000e-06  5.11592960e-04 
 4.49350000e-06  5.11592960e-04 
 4.49450000e-06  5.11592960e-04 
 4.49550000e-06  5.11592960e-04 
 4.49650000e-06  5.11592960e-04 
 4.49750000e-06  5.11592960e-04 
 4.49850000e-06  5.11592960e-04 
 4.49950000e-06  5.11592960e-04 
 4.50050000e-06  5.11592960e-04 
 4.50150000e-06  5.11592960e-04 
 4.50250000e-06  5.11592960e-04 
 4.50350000e-06  5.11592960e-04 
 4.50450000e-06  5.11592960e-04 
 4.50550000e-06  5.11592960e-04 
 4.50650000e-06  5.11592960e-04 
 4.50750000e-06  5.11592960e-04 
 4.50850000e-06  5.11592960e-04 
 4.50950000e-06  5.11592960e-04 
 4.51050000e-06  5.11592960e-04 
 4.51150000e-06  5.11592960e-04 
 4.51250000e-06  5.11592960e-04 
 4.51350000e-06  5.11592960e-04 
 4.51450000e-06  5.11592960e-04 
 4.51550000e-06  5.11592960e-04 
 4.51650000e-06  5.11592960e-04 
 4.51750000e-06  5.11592960e-04 
 4.51850000e-06  5.11592960e-04 
 4.51950000e-06  5.11592960e-04 
 4.52050000e-06  5.11592960e-04 
 4.52150000e-06  5.11592960e-04 
 4.52250000e-06  5.11592960e-04 
 4.52350000e-06  5.11592960e-04 
 4.52450000e-06  5.11592960e-04 
 4.52550000e-06  5.11592960e-04 
 4.52650000e-06  5.11592960e-04 
 4.52750000e-06  5.11592960e-04 
 4.52850000e-06  5.11592960e-04 
 4.52950000e-06  5.11592960e-04 
 4.53050000e-06  5.11592960e-04 
 4.53150000e-06  5.11592960e-04 
 4.53250000e-06  5.11592960e-04 
 4.53350000e-06  5.11592960e-04 
 4.53450000e-06  5.11592960e-04 
 4.53550000e-06  5.11592960e-04 
 4.53650000e-06  5.11592960e-04 
 4.53750000e-06  5.11592960e-04 
 4.53850000e-06  5.11592960e-04 
 4.53950000e-06  5.11592960e-04 
 4.54050000e-06  5.11592960e-04 
 4.54150000e-06  5.11592960e-04 
 4.54250000e-06  5.11592960e-04 
 4.54350000e-06  5.11592960e-04 
 4.54450000e-06  5.11592960e-04 
 4.54550000e-06  5.11592960e-04 
 4.54650000e-06  5.11592960e-04 
 4.54750000e-06  5.11592960e-04 
 4.54850000e-06  5.11592960e-04 
 4.54950000e-06  5.11592960e-04 
 4.55050000e-06  5.11592960e-04 
 4.55150000e-06  5.11592960e-04 
 4.55250000e-06  5.11592960e-04 
 4.55350000e-06  5.11592960e-04 
 4.55450000e-06  5.11592960e-04 
 4.55550000e-06  5.11592960e-04 
 4.55650000e-06  5.11592960e-04 
 4.55750000e-06  5.11592960e-04 
 4.55850000e-06  5.11592960e-04 
 4.55950000e-06  5.11592960e-04 
 4.56050000e-06  5.11592960e-04 
 4.56150000e-06  5.11592960e-04 
 4.56250000e-06  5.11592960e-04 
 4.56350000e-06  5.11592960e-04 
 4.56450000e-06  5.11592960e-04 
 4.56550000e-06  5.11592960e-04 
 4.56650000e-06  5.11592960e-04 
 4.56750000e-06  5.11592960e-04 
 4.56850000e-06  5.11592960e-04 
 4.56950000e-06  5.11592960e-04 
 4.57050000e-06  5.11592960e-04 
 4.57150000e-06  5.11592960e-04 
 4.57250000e-06  5.11592960e-04 
 4.57350000e-06  5.11592960e-04 
 4.57450000e-06  5.11592960e-04 
 4.57550000e-06  5.11592960e-04 
 4.57650000e-06  5.11592960e-04 
 4.57750000e-06  5.11592960e-04 
 4.57850000e-06  5.11592960e-04 
 4.57950000e-06  5.11592960e-04 
 4.58050000e-06  5.11592960e-04 
 4.58150000e-06  5.11592960e-04 
 4.58250000e-06  5.11592960e-04 
 4.58350000e-06  5.11592960e-04 
 4.58450000e-06  5.11592960e-04 
 4.58550000e-06  5.11592960e-04 
 4.58650000e-06  5.11592960e-04 
 4.58750000e-06  5.11592960e-04 
 4.58850000e-06  5.11592960e-04 
 4.58950000e-06  5.11592960e-04 
 4.59050000e-06  5.11592960e-04 
 4.59150000e-06  5.11592960e-04 
 4.59250000e-06  5.11592960e-04 
 4.59350000e-06  5.11592960e-04 
 4.59450000e-06  5.11592960e-04 
 4.59550000e-06  5.11592960e-04 
 4.59650000e-06  5.11592960e-04 
 4.59750000e-06  5.11592960e-04 
 4.59850000e-06  5.11592960e-04 
 4.59950000e-06  5.11592960e-04 
 4.60050000e-06  5.11592960e-04 
 4.60150000e-06  5.11592960e-04 
 4.60250000e-06  5.11592960e-04 
 4.60350000e-06  5.11592960e-04 
 4.60450000e-06  5.11592960e-04 
 4.60550000e-06  5.11592960e-04 
 4.60650000e-06  5.11592960e-04 
 4.60750000e-06  5.11592960e-04 
 4.60850000e-06  5.11592960e-04 
 4.60950000e-06  5.11592960e-04 
 4.61050000e-06  5.11592960e-04 
 4.61150000e-06  5.11592960e-04 
 4.61250000e-06  5.11592960e-04 
 4.61350000e-06  5.11592960e-04 
 4.61450000e-06  5.11592960e-04 
 4.61550000e-06  5.11592960e-04 
 4.61650000e-06  5.11592960e-04 
 4.61750000e-06  5.11592960e-04 
 4.61850000e-06  5.11592960e-04 
 4.61950000e-06  5.11592960e-04 
 4.62050000e-06  5.11592960e-04 
 4.62150000e-06  5.11592960e-04 
 4.62250000e-06  5.11592960e-04 
 4.62350000e-06  5.11592960e-04 
 4.62450000e-06  5.11592960e-04 
 4.62550000e-06  5.11592960e-04 
 4.62650000e-06  5.11592960e-04 
 4.62750000e-06  5.11592960e-04 
 4.62850000e-06  5.11592960e-04 
 4.62950000e-06  5.11592960e-04 
 4.63050000e-06  5.11592960e-04 
 4.63150000e-06  5.11592960e-04 
 4.63250000e-06  5.11592960e-04 
 4.63350000e-06  5.11592960e-04 
 4.63450000e-06  5.11592960e-04 
 4.63550000e-06  5.11592960e-04 
 4.63650000e-06  5.11592960e-04 
 4.63750000e-06  5.11592960e-04 
 4.63850000e-06  5.11592960e-04 
 4.63950000e-06  5.11592960e-04 
 4.64050000e-06  5.11592960e-04 
 4.64150000e-06  5.11592960e-04 
 4.64250000e-06  5.11592960e-04 
 4.64350000e-06  5.11592960e-04 
 4.64450000e-06  5.11592960e-04 
 4.64550000e-06  5.11592960e-04 
 4.64650000e-06  5.11592960e-04 
 4.64750000e-06  5.11592960e-04 
 4.64850000e-06  5.11592960e-04 
 4.64950000e-06  5.11592960e-04 
 4.65050000e-06  5.11592960e-04 
 4.65150000e-06  5.11592960e-04 
 4.65250000e-06  5.11592960e-04 
 4.65350000e-06  5.11592960e-04 
 4.65450000e-06  5.11592960e-04 
 4.65550000e-06  5.11592960e-04 
 4.65650000e-06  5.11592960e-04 
 4.65750000e-06  5.11592960e-04 
 4.65850000e-06  5.11592960e-04 
 4.65950000e-06  5.11592960e-04 
 4.66050000e-06  5.11592960e-04 
 4.66150000e-06  5.11592960e-04 
 4.66250000e-06  5.11592960e-04 
 4.66350000e-06  5.11592960e-04 
 4.66450000e-06  5.11592960e-04 
 4.66550000e-06  5.11592960e-04 
 4.66650000e-06  5.11592960e-04 
 4.66750000e-06  5.11592960e-04 
 4.66850000e-06  5.11592960e-04 
 4.66950000e-06  5.11592960e-04 
 4.67050000e-06  5.11592960e-04 
 4.67150000e-06  5.11592960e-04 
 4.67250000e-06  5.11592960e-04 
 4.67350000e-06  5.11592960e-04 
 4.67450000e-06  5.11592960e-04 
 4.67550000e-06  5.11592960e-04 
 4.67650000e-06  5.11592960e-04 
 4.67750000e-06  5.11592960e-04 
 4.67850000e-06  5.11592960e-04 
 4.67950000e-06  5.11592960e-04 
 4.68050000e-06  5.11592960e-04 
 4.68150000e-06  5.11592960e-04 
 4.68250000e-06  5.11592960e-04 
 4.68350000e-06  5.11592960e-04 
 4.68450000e-06  5.11592960e-04 
 4.68550000e-06  5.11592960e-04 
 4.68650000e-06  5.11592960e-04 
 4.68750000e-06  5.11592960e-04 
 4.68850000e-06  5.11592960e-04 
 4.68950000e-06  5.11592960e-04 
 4.69050000e-06  5.11592960e-04 
 4.69150000e-06  5.11592960e-04 
 4.69250000e-06  5.11592960e-04 
 4.69350000e-06  5.11592960e-04 
 4.69450000e-06  5.11592960e-04 
 4.69550000e-06  5.11592960e-04 
 4.69650000e-06  5.11592960e-04 
 4.69750000e-06  5.11592960e-04 
 4.69850000e-06  5.11592960e-04 
 4.69950000e-06  5.11592960e-04 
 4.70050000e-06  5.11592960e-04 
 4.70150000e-06  5.11592960e-04 
 4.70250000e-06  5.11592960e-04 
 4.70350000e-06  5.11592960e-04 
 4.70450000e-06  5.11592960e-04 
 4.70550000e-06  5.11592960e-04 
 4.70650000e-06  5.11592960e-04 
 4.70750000e-06  5.11592960e-04 
 4.70850000e-06  5.11592960e-04 
 4.70950000e-06  5.11592960e-04 
 4.71050000e-06  5.11592960e-04 
 4.71150000e-06  5.11592960e-04 
 4.71250000e-06  5.11592960e-04 
 4.71350000e-06  5.11592960e-04 
 4.71450000e-06  5.11592960e-04 
 4.71550000e-06  5.11592960e-04 
 4.71650000e-06  5.11592960e-04 
 4.71750000e-06  5.11592960e-04 
 4.71850000e-06  5.11592960e-04 
 4.71950000e-06  5.11592960e-04 
 4.72050000e-06  5.11592960e-04 
 4.72150000e-06  5.11592960e-04 
 4.72250000e-06  5.11592960e-04 
 4.72350000e-06  5.11592960e-04 
 4.72450000e-06  5.11592960e-04 
 4.72550000e-06  5.11592960e-04 
 4.72650000e-06  5.11592960e-04 
 4.72750000e-06  5.11592960e-04 
 4.72850000e-06  5.11592960e-04 
 4.72950000e-06  5.11592960e-04 
 4.73050000e-06  5.11592960e-04 
 4.73150000e-06  5.11592960e-04 
 4.73250000e-06  5.11592960e-04 
 4.73350000e-06  5.11592960e-04 
 4.73450000e-06  5.11592960e-04 
 4.73550000e-06  5.11592960e-04 
 4.73650000e-06  5.11592960e-04 
 4.73750000e-06  5.11592960e-04 
 4.73850000e-06  5.11592960e-04 
 4.73950000e-06  5.11592960e-04 
 4.74050000e-06  5.11592960e-04 
 4.74150000e-06  5.11592960e-04 
 4.74250000e-06  5.11592960e-04 
 4.74350000e-06  5.11592960e-04 
 4.74450000e-06  5.11592960e-04 
 4.74550000e-06  5.11592960e-04 
 4.74650000e-06  5.11592960e-04 
 4.74750000e-06  5.11592960e-04 
 4.74850000e-06  5.11592960e-04 
 4.74950000e-06  5.11592960e-04 
 4.75050000e-06  5.11592960e-04 
 4.75150000e-06  5.11592960e-04 
 4.75250000e-06  5.11592960e-04 
 4.75350000e-06  5.11592960e-04 
 4.75450000e-06  5.11592960e-04 
 4.75550000e-06  5.11592960e-04 
 4.75650000e-06  5.11592960e-04 
 4.75750000e-06  5.11592960e-04 
 4.75850000e-06  5.11592960e-04 
 4.75950000e-06  5.11592960e-04 
 4.76050000e-06  5.11592960e-04 
 4.76150000e-06  5.11592960e-04 
 4.76250000e-06  5.11592960e-04 
 4.76350000e-06  5.11592960e-04 
 4.76450000e-06  5.11592960e-04 
 4.76550000e-06  5.11592960e-04 
 4.76650000e-06  5.11592960e-04 
 4.76750000e-06  5.11592960e-04 
 4.76850000e-06  5.11592960e-04 
 4.76950000e-06  5.11592960e-04 
 4.77050000e-06  5.11592960e-04 
 4.77150000e-06  5.11592960e-04 
 4.77250000e-06  5.11592960e-04 
 4.77350000e-06  5.11592960e-04 
 4.77450000e-06  5.11592960e-04 
 4.77550000e-06  5.11592960e-04 
 4.77650000e-06  5.11592960e-04 
 4.77750000e-06  5.11592960e-04 
 4.77850000e-06  5.11592960e-04 
 4.77950000e-06  5.11592960e-04 
 4.78050000e-06  5.11592960e-04 
 4.78150000e-06  5.11592960e-04 
 4.78250000e-06  5.11592960e-04 
 4.78350000e-06  5.11592960e-04 
 4.78450000e-06  5.11592960e-04 
 4.78550000e-06  5.11592960e-04 
 4.78650000e-06  5.11592960e-04 
 4.78750000e-06  5.11592960e-04 
 4.78850000e-06  5.11592960e-04 
 4.78950000e-06  5.11592960e-04 
 4.79050000e-06  5.11592960e-04 
 4.79150000e-06  5.11592960e-04 
 4.79250000e-06  5.11592960e-04 
 4.79350000e-06  5.11592960e-04 
 4.79450000e-06  5.11592960e-04 
 4.79550000e-06  5.11592960e-04 
 4.79650000e-06  5.11592960e-04 
 4.79750000e-06  5.11592960e-04 
 4.79850000e-06  5.11592960e-04 
 4.79950000e-06  5.11592960e-04 
 4.80050000e-06  5.11592960e-04 
 4.80150000e-06  5.11592960e-04 
 4.80250000e-06  5.11592960e-04 
 4.80350000e-06  5.11592960e-04 
 4.80450000e-06  5.11592960e-04 
 4.80550000e-06  5.11592960e-04 
 4.80650000e-06  5.11592960e-04 
 4.80750000e-06  5.11592960e-04 
 4.80850000e-06  5.11592960e-04 
 4.80950000e-06  5.11592960e-04 
 4.81050000e-06  5.11592960e-04 
 4.81150000e-06  5.11592960e-04 
 4.81250000e-06  5.11592960e-04 
 4.81350000e-06  5.11592960e-04 
 4.81450000e-06  5.11592960e-04 
 4.81550000e-06  5.11592960e-04 
 4.81650000e-06  5.11592960e-04 
 4.81750000e-06  5.11592960e-04 
 4.81850000e-06  5.11592960e-04 
 4.81950000e-06  5.11592960e-04 
 4.82050000e-06  5.11592960e-04 
 4.82150000e-06  5.11592960e-04 
 4.82250000e-06  5.11592960e-04 
 4.82350000e-06  5.11592960e-04 
 4.82450000e-06  5.11592960e-04 
 4.82550000e-06  5.11592960e-04 
 4.82650000e-06  5.11592960e-04 
 4.82750000e-06  5.11592960e-04 
 4.82850000e-06  5.11592960e-04 
 4.82950000e-06  5.11592960e-04 
 4.83050000e-06  5.11592960e-04 
 4.83150000e-06  5.11592960e-04 
 4.83250000e-06  5.11592960e-04 
 4.83350000e-06  5.11592960e-04 
 4.83450000e-06  5.11592960e-04 
 4.83550000e-06  5.11592960e-04 
 4.83650000e-06  5.11592960e-04 
 4.83750000e-06  5.11592960e-04 
 4.83850000e-06  5.11592960e-04 
 4.83950000e-06  5.11592960e-04 
 4.84050000e-06  5.11592960e-04 
 4.84150000e-06  5.11592960e-04 
 4.84250000e-06  5.11592960e-04 
 4.84350000e-06  5.11592960e-04 
 4.84450000e-06  5.11592960e-04 
 4.84550000e-06  5.11592960e-04 
 4.84650000e-06  5.11592960e-04 
 4.84750000e-06  5.11592960e-04 
 4.84850000e-06  5.11592960e-04 
 4.84950000e-06  5.11592960e-04 
 4.85050000e-06  5.11592960e-04 
 4.85150000e-06  5.11592960e-04 
 4.85250000e-06  5.11592960e-04 
 4.85350000e-06  5.11592960e-04 
 4.85450000e-06  5.11592960e-04 
 4.85550000e-06  5.11592960e-04 
 4.85650000e-06  5.11592960e-04 
 4.85750000e-06  5.11592960e-04 
 4.85850000e-06  5.11592960e-04 
 4.85950000e-06  5.11592960e-04 
 4.86050000e-06  5.11592960e-04 
 4.86150000e-06  5.11592960e-04 
 4.86250000e-06  5.11592960e-04 
 4.86350000e-06  5.11592960e-04 
 4.86450000e-06  5.11592960e-04 
 4.86550000e-06  5.11592960e-04 
 4.86650000e-06  5.11592960e-04 
 4.86750000e-06  5.11592960e-04 
 4.86850000e-06  5.11592960e-04 
 4.86950000e-06  5.11592960e-04 
 4.87050000e-06  5.11592960e-04 
 4.87150000e-06  5.11592960e-04 
 4.87250000e-06  5.11592960e-04 
 4.87350000e-06  5.11592960e-04 
 4.87450000e-06  5.11592960e-04 
 4.87550000e-06  5.11592960e-04 
 4.87650000e-06  5.11592960e-04 
 4.87750000e-06  5.11592960e-04 
 4.87850000e-06  5.11592960e-04 
 4.87950000e-06  5.11592960e-04 
 4.88050000e-06  5.11592960e-04 
 4.88150000e-06  5.11592960e-04 
 4.88250000e-06  5.11592960e-04 
 4.88350000e-06  5.11592960e-04 
 4.88450000e-06  5.11592960e-04 
 4.88550000e-06  5.11592960e-04 
 4.88650000e-06  5.11592960e-04 
 4.88750000e-06  5.11592960e-04 
 4.88850000e-06  5.11592960e-04 
 4.88950000e-06  5.11592960e-04 
 4.89050000e-06  5.11592960e-04 
 4.89150000e-06  5.11592960e-04 
 4.89250000e-06  5.11592960e-04 
 4.89350000e-06  5.11592960e-04 
 4.89450000e-06  5.11592960e-04 
 4.89550000e-06  5.11592960e-04 
 4.89650000e-06  5.11592960e-04 
 4.89750000e-06  5.11592960e-04 
 4.89850000e-06  5.11592960e-04 
 4.89950000e-06  5.11592960e-04 
 4.90050000e-06  5.11592960e-04 
 4.90150000e-06  5.11592960e-04 
 4.90250000e-06  5.11592960e-04 
 4.90350000e-06  5.11592960e-04 
 4.90450000e-06  5.11592960e-04 
 4.90550000e-06  5.11592960e-04 
 4.90650000e-06  5.11592960e-04 
 4.90750000e-06  5.11592960e-04 
 4.90850000e-06  5.11592960e-04 
 4.90950000e-06  5.11592960e-04 
 4.91050000e-06  5.11592960e-04 
 4.91150000e-06  5.11592960e-04 
 4.91250000e-06  5.11592960e-04 
 4.91350000e-06  5.11592960e-04 
 4.91450000e-06  5.11592960e-04 
 4.91550000e-06  5.11592960e-04 
 4.91650000e-06  5.11592960e-04 
 4.91750000e-06  5.11592960e-04 
 4.91850000e-06  5.11592960e-04 
 4.91950000e-06  5.11592960e-04 
 4.92050000e-06  5.11592960e-04 
 4.92150000e-06  5.11592960e-04 
 4.92250000e-06  5.11592960e-04 
 4.92350000e-06  5.11592960e-04 
 4.92450000e-06  5.11592960e-04 
 4.92550000e-06  5.11592960e-04 
 4.92650000e-06  5.11592960e-04 
 4.92750000e-06  5.11592960e-04 
 4.92850000e-06  5.11592960e-04 
 4.92950000e-06  5.11592960e-04 
 4.93050000e-06  5.11592960e-04 
 4.93150000e-06  5.11592960e-04 
 4.93250000e-06  5.11592960e-04 
 4.93350000e-06  5.11592960e-04 
 4.93450000e-06  5.11592960e-04 
 4.93550000e-06  5.11592960e-04 
 4.93650000e-06  5.11592960e-04 
 4.93750000e-06  5.11592960e-04 
 4.93850000e-06  5.11592960e-04 
 4.93950000e-06  5.11592960e-04 
 4.94050000e-06  5.11592960e-04 
 4.94150000e-06  5.11592960e-04 
 4.94250000e-06  5.11592960e-04 
 4.94350000e-06  5.11592960e-04 
 4.94450000e-06  5.11592960e-04 
 4.94550000e-06  5.11592960e-04 
 4.94650000e-06  5.11592960e-04 
 4.94750000e-06  5.11592960e-04 
 4.94850000e-06  5.11592960e-04 
 4.94950000e-06  5.11592960e-04 
 4.95050000e-06  5.11592960e-04 
 4.95150000e-06  5.11592960e-04 
 4.95250000e-06  5.11592960e-04 
 4.95350000e-06  5.11592960e-04 
 4.95450000e-06  5.11592960e-04 
 4.95550000e-06  5.11592960e-04 
 4.95650000e-06  5.11592960e-04 
 4.95750000e-06  5.11592960e-04 
 4.95850000e-06  5.11592960e-04 
 4.95950000e-06  5.11592960e-04 
 4.96050000e-06  5.11592960e-04 
 4.96150000e-06  5.11592960e-04 
 4.96250000e-06  5.11592960e-04 
 4.96350000e-06  5.11592960e-04 
 4.96450000e-06  5.11592960e-04 
 4.96550000e-06  5.11592960e-04 
 4.96650000e-06  5.11592960e-04 
 4.96750000e-06  5.11592960e-04 
 4.96850000e-06  5.11592960e-04 
 4.96950000e-06  5.11592960e-04 
 4.97050000e-06  5.11592960e-04 
 4.97150000e-06  5.11592960e-04 
 4.97250000e-06  5.11592960e-04 
 4.97350000e-06  5.11592960e-04 
 4.97450000e-06  5.11592960e-04 
 4.97550000e-06  5.11592960e-04 
 4.97650000e-06  5.11592960e-04 
 4.97750000e-06  5.11592960e-04 
 4.97850000e-06  5.11592960e-04 
 4.97950000e-06  5.11592960e-04 
 4.98050000e-06  5.11592960e-04 
 4.98150000e-06  5.11592960e-04 
 4.98250000e-06  5.11592960e-04 
 4.98350000e-06  5.11592960e-04 
 4.98450000e-06  5.11592960e-04 
 4.98550000e-06  5.11592960e-04 
 4.98650000e-06  5.11592960e-04 
 4.98750000e-06  5.11592960e-04 
 4.98850000e-06  5.11592960e-04 
 4.98950000e-06  5.11592960e-04 
 4.99050000e-06  5.11592960e-04 
 4.99150000e-06  5.11592960e-04 
 4.99250000e-06  5.11592960e-04 
 4.99350000e-06  5.11592960e-04 
 4.99450000e-06  5.11592960e-04 
 4.99550000e-06  5.11592960e-04 
 4.99650000e-06  5.11592960e-04 
 4.99750000e-06  5.11592960e-04 
 4.99850000e-06  5.11592960e-04 
 4.99950000e-06  5.11592960e-04 
 5.00050000e-06  5.11592960e-04 
 5.00150000e-06  5.11592960e-04 
 5.00250000e-06  5.11592960e-04 
 5.00350000e-06  5.11592960e-04 
 5.00450000e-06  5.11592960e-04 
 5.00550000e-06  5.11592960e-04 
 5.00650000e-06  5.11592960e-04 
 5.00750000e-06  5.11592960e-04 
 5.00850000e-06  5.11592960e-04 
 5.00950000e-06  5.11592960e-04 
 5.01050000e-06  5.11592960e-04 
 5.01150000e-06  5.11592960e-04 
 5.01250000e-06  5.11592960e-04 
 5.01350000e-06  5.11592960e-04 
 5.01450000e-06  5.11592960e-04 
 5.01550000e-06  5.11592960e-04 
 5.01650000e-06  5.11592960e-04 
 5.01750000e-06  5.11592960e-04 
 5.01850000e-06  5.11592960e-04 
 5.01950000e-06  5.11592960e-04 
 5.02050000e-06  5.11592960e-04 
 5.02150000e-06  5.11592960e-04 
 5.02250000e-06  5.11592960e-04 
 5.02350000e-06  5.11592960e-04 
 5.02450000e-06  5.11592960e-04 
 5.02550000e-06  5.11592960e-04 
 5.02650000e-06  5.11592960e-04 
 5.02750000e-06  5.11592960e-04 
 5.02850000e-06  5.11592960e-04 
 5.02950000e-06  5.11592960e-04 
 5.03050000e-06  5.11592960e-04 
 5.03150000e-06  5.11592960e-04 
 5.03250000e-06  5.11592960e-04 
 5.03350000e-06  5.11592960e-04 
 5.03450000e-06  5.11592960e-04 
 5.03550000e-06  5.11592960e-04 
 5.03650000e-06  5.11592960e-04 
 5.03750000e-06  5.11592960e-04 
 5.03850000e-06  5.11592960e-04 
 5.03950000e-06  5.11592960e-04 
 5.04050000e-06  5.11592960e-04 
 5.04150000e-06  5.11592960e-04 
 5.04250000e-06  5.11592960e-04 
 5.04350000e-06  5.11592960e-04 
 5.04450000e-06  5.11592960e-04 
 5.04550000e-06  5.11592960e-04 
 5.04650000e-06  5.11592960e-04 
 5.04750000e-06  5.11592960e-04 
 5.04850000e-06  5.11592960e-04 
 5.04950000e-06  5.11592960e-04 
 5.05050000e-06  5.11592960e-04 
 5.05150000e-06  5.11592960e-04 
 5.05250000e-06  5.11592960e-04 
 5.05350000e-06  5.11592960e-04 
 5.05450000e-06  5.11592960e-04 
 5.05550000e-06  5.11592960e-04 
 5.05650000e-06  5.11592960e-04 
 5.05750000e-06  5.11592960e-04 
 5.05850000e-06  5.11592960e-04 
 5.05950000e-06  5.11592960e-04 
 5.06050000e-06  5.11592960e-04 
 5.06150000e-06  5.11592960e-04 
 5.06250000e-06  5.11592960e-04 
 5.06350000e-06  5.11592960e-04 
 5.06450000e-06  5.11592960e-04 
 5.06550000e-06  5.11592960e-04 
 5.06650000e-06  5.11592960e-04 
 5.06750000e-06  5.11592960e-04 
 5.06850000e-06  5.11592960e-04 
 5.06950000e-06  5.11592960e-04 
 5.07050000e-06  5.11592960e-04 
 5.07150000e-06  5.11592960e-04 
 5.07250000e-06  5.11592960e-04 
 5.07350000e-06  5.11592960e-04 
 5.07450000e-06  5.11592960e-04 
 5.07550000e-06  5.11592960e-04 
 5.07650000e-06  5.11592960e-04 
 5.07750000e-06  5.11592960e-04 
 5.07850000e-06  5.11592960e-04 
 5.07950000e-06  5.11592960e-04 
 5.08050000e-06  5.11592960e-04 
 5.08150000e-06  5.11592960e-04 
 5.08250000e-06  5.11592960e-04 
 5.08350000e-06  5.11592960e-04 
 5.08450000e-06  5.11592960e-04 
 5.08550000e-06  5.11592960e-04 
 5.08650000e-06  5.11592960e-04 
 5.08750000e-06  5.11592960e-04 
 5.08850000e-06  5.11592960e-04 
 5.08950000e-06  5.11592960e-04 
 5.09050000e-06  5.11592960e-04 
 5.09150000e-06  5.11592960e-04 
 5.09250000e-06  5.11592960e-04 
 5.09350000e-06  5.11592960e-04 
 5.09450000e-06  5.11592960e-04 
 5.09550000e-06  5.11592960e-04 
 5.09650000e-06  5.11592960e-04 
 5.09750000e-06  5.11592960e-04 
 5.09850000e-06  5.11592960e-04 
 5.09950000e-06  5.11592960e-04 
 5.10050000e-06  5.11592960e-04 
 5.10150000e-06  5.11592960e-04 
 5.10250000e-06  5.11592960e-04 
 5.10350000e-06  5.11592960e-04 
 5.10450000e-06  5.11592960e-04 
 5.10550000e-06  5.11592960e-04 
 5.10650000e-06  5.11592960e-04 
 5.10750000e-06  5.11592960e-04 
 5.10850000e-06  5.11592960e-04 
 5.10950000e-06  5.11592960e-04 
 5.11050000e-06  5.11592960e-04 
 5.11150000e-06  5.11592960e-04 
 5.11250000e-06  5.11592960e-04 
 5.11350000e-06  5.11592960e-04 
 5.11450000e-06  5.11592960e-04 
 5.11550000e-06  5.11592960e-04 
 5.11650000e-06  5.11592960e-04 
 5.11750000e-06  5.11592960e-04 
 5.11850000e-06  5.11592960e-04 
 5.11950000e-06  5.11592960e-04 
 5.12050000e-06  5.11592960e-04 
 5.12150000e-06  5.11592960e-04 
 5.12250000e-06  5.11592960e-04 
 5.12350000e-06  5.11592960e-04 
 5.12450000e-06  5.11592960e-04 
 5.12550000e-06  5.11592960e-04 
 5.12650000e-06  5.11592960e-04 
 5.12750000e-06  5.11592960e-04 
 5.12850000e-06  5.11592960e-04 
 5.12950000e-06  5.11592960e-04 
 5.13050000e-06  5.11592960e-04 
 5.13150000e-06  5.11592960e-04 
 5.13250000e-06  5.11592960e-04 
 5.13350000e-06  5.11592960e-04 
 5.13450000e-06  5.11592960e-04 
 5.13550000e-06  5.11592960e-04 
 5.13650000e-06  5.11592960e-04 
 5.13750000e-06  5.11592960e-04 
 5.13850000e-06  5.11592960e-04 
 5.13950000e-06  5.11592960e-04 
 5.14050000e-06  5.11592960e-04 
 5.14150000e-06  5.11592960e-04 
 5.14250000e-06  5.11592960e-04 
 5.14350000e-06  5.11592960e-04 
 5.14450000e-06  5.11592960e-04 
 5.14550000e-06  5.11592960e-04 
 5.14650000e-06  5.11592960e-04 
 5.14750000e-06  5.11592960e-04 
 5.14850000e-06  5.11592960e-04 
 5.14950000e-06  5.11592960e-04 
 5.15050000e-06  5.11592960e-04 
 5.15150000e-06  5.11592960e-04 
 5.15250000e-06  5.11592960e-04 
 5.15350000e-06  5.11592960e-04 
 5.15450000e-06  5.11592960e-04 
 5.15550000e-06  5.11592960e-04 
 5.15650000e-06  5.11592960e-04 
 5.15750000e-06  5.11592960e-04 
 5.15850000e-06  5.11592960e-04 
 5.15950000e-06  5.11592960e-04 
 5.16050000e-06  5.11592960e-04 
 5.16150000e-06  5.11592960e-04 
 5.16250000e-06  5.11592960e-04 
 5.16350000e-06  5.11592960e-04 
 5.16450000e-06  5.11592960e-04 
 5.16550000e-06  5.11592960e-04 
 5.16650000e-06  5.11592960e-04 
 5.16750000e-06  5.11592960e-04 
 5.16850000e-06  5.11592960e-04 
 5.16950000e-06  5.11592960e-04 
 5.17050000e-06  5.11592960e-04 
 5.17150000e-06  5.11592960e-04 
 5.17250000e-06  5.11592960e-04 
 5.17350000e-06  5.11592960e-04 
 5.17450000e-06  5.11592960e-04 
 5.17550000e-06  5.11592960e-04 
 5.17650000e-06  5.11592960e-04 
 5.17750000e-06  5.11592960e-04 
 5.17850000e-06  5.11592960e-04 
 5.17950000e-06  5.11592960e-04 
 5.18050000e-06  5.11592960e-04 
 5.18150000e-06  5.11592960e-04 
 5.18250000e-06  5.11592960e-04 
 5.18350000e-06  5.11592960e-04 
 5.18450000e-06  5.11592960e-04 
 5.18550000e-06  5.11592960e-04 
 5.18650000e-06  5.11592960e-04 
 5.18750000e-06  5.11592960e-04 
 5.18850000e-06  5.11592960e-04 
 5.18950000e-06  5.11592960e-04 
 5.19050000e-06  5.11592960e-04 
 5.19150000e-06  5.11592960e-04 
 5.19250000e-06  5.11592960e-04 
 5.19350000e-06  5.11592960e-04 
 5.19450000e-06  5.11592960e-04 
 5.19550000e-06  5.11592960e-04 
 5.19650000e-06  5.11592960e-04 
 5.19750000e-06  5.11592960e-04 
 5.19850000e-06  5.11592960e-04 
 5.19950000e-06  5.11592960e-04 
 5.20050000e-06  5.11592960e-04 
 5.20150000e-06  5.11592960e-04 
 5.20250000e-06  5.11592960e-04 
 5.20350000e-06  5.11592960e-04 
 5.20450000e-06  5.11592960e-04 
 5.20550000e-06  5.11592960e-04 
 5.20650000e-06  5.11592960e-04 
 5.20750000e-06  5.11592960e-04 
 5.20850000e-06  5.11592960e-04 
 5.20950000e-06  5.11592960e-04 
 5.21050000e-06  5.11592960e-04 
 5.21150000e-06  5.11592960e-04 
 5.21250000e-06  5.11592960e-04 
 5.21350000e-06  5.11592960e-04 
 5.21450000e-06  5.11592960e-04 
 5.21550000e-06  5.11592960e-04 
 5.21650000e-06  5.11592960e-04 
 5.21750000e-06  5.11592960e-04 
 5.21850000e-06  5.11592960e-04 
 5.21950000e-06  5.11592960e-04 
 5.22050000e-06  5.11592960e-04 
 5.22150000e-06  5.11592960e-04 
 5.22250000e-06  5.11592960e-04 
 5.22350000e-06  5.11592960e-04 
 5.22450000e-06  5.11592960e-04 
 5.22550000e-06  5.11592960e-04 
 5.22650000e-06  5.11592960e-04 
 5.22750000e-06  5.11592960e-04 
 5.22850000e-06  5.11592960e-04 
 5.22950000e-06  5.11592960e-04 
 5.23050000e-06  5.11592960e-04 
 5.23150000e-06  5.11592960e-04 
 5.23250000e-06  5.11592960e-04 
 5.23350000e-06  5.11592960e-04 
 5.23450000e-06  5.11592960e-04 
 5.23550000e-06  5.11592960e-04 
 5.23650000e-06  5.11592960e-04 
 5.23750000e-06  5.11592960e-04 
 5.23850000e-06  5.11592960e-04 
 5.23950000e-06  5.11592960e-04 
 5.24050000e-06  5.11592960e-04 
 5.24150000e-06  5.11592960e-04 
 5.24250000e-06  5.11592960e-04 
 5.24350000e-06  5.11592960e-04 
 5.24450000e-06  5.11592960e-04 
 5.24550000e-06  5.11592960e-04 
 5.24650000e-06  5.11592960e-04 
 5.24750000e-06  5.11592960e-04 
 5.24850000e-06  5.11592960e-04 
 5.24950000e-06  5.11592960e-04 
 5.25050000e-06  5.11592960e-04 
 5.25150000e-06  5.11592960e-04 
 5.25250000e-06  5.11592960e-04 
 5.25350000e-06  5.11592960e-04 
 5.25450000e-06  5.11592960e-04 
 5.25550000e-06  5.11592960e-04 
 5.25650000e-06  5.11592960e-04 
 5.25750000e-06  5.11592960e-04 
 5.25850000e-06  5.11592960e-04 
 5.25950000e-06  5.11592960e-04 
 5.26050000e-06  5.11592960e-04 
 5.26150000e-06  5.11592960e-04 
 5.26250000e-06  5.11592960e-04 
 5.26350000e-06  5.11592960e-04 
 5.26450000e-06  5.11592960e-04 
 5.26550000e-06  5.11592960e-04 
 5.26650000e-06  5.11592960e-04 
 5.26750000e-06  5.11592960e-04 
 5.26850000e-06  5.11592960e-04 
 5.26950000e-06  5.11592960e-04 
 5.27050000e-06  5.11592960e-04 
 5.27150000e-06  5.11592960e-04 
 5.27250000e-06  5.11592960e-04 
 5.27350000e-06  5.11592960e-04 
 5.27450000e-06  5.11592960e-04 
 5.27550000e-06  5.11592960e-04 
 5.27650000e-06  5.11592960e-04 
 5.27750000e-06  5.11592960e-04 
 5.27850000e-06  5.11592960e-04 
 5.27950000e-06  5.11592960e-04 
 5.28050000e-06  5.11592960e-04 
 5.28150000e-06  5.11592960e-04 
 5.28250000e-06  5.11592960e-04 
 5.28350000e-06  5.11592960e-04 
 5.28450000e-06  5.11592960e-04 
 5.28550000e-06  5.11592960e-04 
 5.28650000e-06  5.11592960e-04 
 5.28750000e-06  5.11592960e-04 
 5.28850000e-06  5.11592960e-04 
 5.28950000e-06  5.11592960e-04 
 5.29050000e-06  5.11592960e-04 
 5.29150000e-06  5.11592960e-04 
 5.29250000e-06  5.11592960e-04 
 5.29350000e-06  5.11592960e-04 
 5.29450000e-06  5.11592960e-04 
 5.29550000e-06  5.11592960e-04 
 5.29650000e-06  5.11592960e-04 
 5.29750000e-06  5.11592960e-04 
 5.29850000e-06  5.11592960e-04 
 5.29950000e-06  5.11592960e-04 
 5.30050000e-06  5.11592960e-04 
 5.30150000e-06  5.11592960e-04 
 5.30250000e-06  5.11592960e-04 
 5.30350000e-06  5.11592960e-04 
 5.30450000e-06  5.11592960e-04 
 5.30550000e-06  5.11592960e-04 
 5.30650000e-06  5.11592960e-04 
 5.30750000e-06  5.11592960e-04 
 5.30850000e-06  5.11592960e-04 
 5.30950000e-06  5.11592960e-04 
 5.31050000e-06  5.11592960e-04 
 5.31150000e-06  5.11592960e-04 
 5.31250000e-06  5.11592960e-04 
 5.31350000e-06  5.11592960e-04 
 5.31450000e-06  5.11592960e-04 
 5.31550000e-06  5.11592960e-04 
 5.31650000e-06  5.11592960e-04 
 5.31750000e-06  5.11592960e-04 
 5.31850000e-06  5.11592960e-04 
 5.31950000e-06  5.11592960e-04 
 5.32050000e-06  5.11592960e-04 
 5.32150000e-06  5.11592960e-04 
 5.32250000e-06  5.11592960e-04 
 5.32350000e-06  5.11592960e-04 
 5.32450000e-06  5.11592960e-04 
 5.32550000e-06  5.11592960e-04 
 5.32650000e-06  5.11592960e-04 
 5.32750000e-06  5.11592960e-04 
 5.32850000e-06  5.11592960e-04 
 5.32950000e-06  5.11592960e-04 
 5.33050000e-06  5.11592960e-04 
 5.33150000e-06  5.11592960e-04 
 5.33250000e-06  5.11592960e-04 
 5.33350000e-06  5.11592960e-04 
 5.33450000e-06  5.11592960e-04 
 5.33550000e-06  5.11592960e-04 
 5.33650000e-06  5.11592960e-04 
 5.33750000e-06  5.11592960e-04 
 5.33850000e-06  5.11592960e-04 
 5.33950000e-06  5.11592960e-04 
 5.34050000e-06  5.11592960e-04 
 5.34150000e-06  5.11592960e-04 
 5.34250000e-06  5.11592960e-04 
 5.34350000e-06  5.11592960e-04 
 5.34450000e-06  5.11592960e-04 
 5.34550000e-06  5.11592960e-04 
 5.34650000e-06  5.11592960e-04 
 5.34750000e-06  5.11592960e-04 
 5.34850000e-06  5.11592960e-04 
 5.34950000e-06  5.11592960e-04 
 5.35050000e-06  5.11592960e-04 
 5.35150000e-06  5.11592960e-04 
 5.35250000e-06  5.11592960e-04 
 5.35350000e-06  5.11592960e-04 
 5.35450000e-06  5.11592960e-04 
 5.35550000e-06  5.11592960e-04 
 5.35650000e-06  5.11592960e-04 
 5.35750000e-06  5.11592960e-04 
 5.35850000e-06  5.11592960e-04 
 5.35950000e-06  5.11592960e-04 
 5.36050000e-06  5.11592960e-04 
 5.36150000e-06  5.11592960e-04 
 5.36250000e-06  5.11592960e-04 
 5.36350000e-06  5.11592960e-04 
 5.36450000e-06  5.11592960e-04 
 5.36550000e-06  5.11592960e-04 
 5.36650000e-06  5.11592960e-04 
 5.36750000e-06  5.11592960e-04 
 5.36850000e-06  5.11592960e-04 
 5.36950000e-06  5.11592960e-04 
 5.37050000e-06  5.11592960e-04 
 5.37150000e-06  5.11592960e-04 
 5.37250000e-06  5.11592960e-04 
 5.37350000e-06  5.11592960e-04 
 5.37450000e-06  5.11592960e-04 
 5.37550000e-06  5.11592960e-04 
 5.37650000e-06  5.11592960e-04 
 5.37750000e-06  5.11592960e-04 
 5.37850000e-06  5.11592960e-04 
 5.37950000e-06  5.11592960e-04 
 5.38050000e-06  5.11592960e-04 
 5.38150000e-06  5.11592960e-04 
 5.38250000e-06  5.11592960e-04 
 5.38350000e-06  5.11592960e-04 
 5.38450000e-06  5.11592960e-04 
 5.38550000e-06  5.11592960e-04 
 5.38650000e-06  5.11592960e-04 
 5.38750000e-06  5.11592960e-04 
 5.38850000e-06  5.11592960e-04 
 5.38950000e-06  5.11592960e-04 
 5.39050000e-06  5.11592960e-04 
 5.39150000e-06  5.11592960e-04 
 5.39250000e-06  5.11592960e-04 
 5.39350000e-06  5.11592960e-04 
 5.39450000e-06  5.11592960e-04 
 5.39550000e-06  5.11592960e-04 
 5.39650000e-06  5.11592960e-04 
 5.39750000e-06  5.11592960e-04 
 5.39850000e-06  5.11592960e-04 
 5.39950000e-06  5.11592960e-04 
 5.40050000e-06  5.11592960e-04 
 5.40150000e-06  5.11592960e-04 
 5.40250000e-06  5.11592960e-04 
 5.40350000e-06  5.11592960e-04 
 5.40450000e-06  5.11592960e-04 
 5.40550000e-06  5.11592960e-04 
 5.40650000e-06  5.11592960e-04 
 5.40750000e-06  5.11592960e-04 
 5.40850000e-06  5.11592960e-04 
 5.40950000e-06  5.11592960e-04 
 5.41050000e-06  5.11592960e-04 
 5.41150000e-06  5.11592960e-04 
 5.41250000e-06  5.11592960e-04 
 5.41350000e-06  5.11592960e-04 
 5.41450000e-06  5.11592960e-04 
 5.41550000e-06  5.11592960e-04 
 5.41650000e-06  5.11592960e-04 
 5.41750000e-06  5.11592960e-04 
 5.41850000e-06  5.11592960e-04 
 5.41950000e-06  5.11592960e-04 
 5.42050000e-06  5.11592960e-04 
 5.42150000e-06  5.11592960e-04 
 5.42250000e-06  5.11592960e-04 
 5.42350000e-06  5.11592960e-04 
 5.42450000e-06  5.11592960e-04 
 5.42550000e-06  5.11592960e-04 
 5.42650000e-06  5.11592960e-04 
 5.42750000e-06  5.11592960e-04 
 5.42850000e-06  5.11592960e-04 
 5.42950000e-06  5.11592960e-04 
 5.43050000e-06  5.11592960e-04 
 5.43150000e-06  5.11592960e-04 
 5.43250000e-06  5.11592960e-04 
 5.43350000e-06  5.11592960e-04 
 5.43450000e-06  5.11592960e-04 
 5.43550000e-06  5.11592960e-04 
 5.43650000e-06  5.11592960e-04 
 5.43750000e-06  5.11592960e-04 
 5.43850000e-06  5.11592960e-04 
 5.43950000e-06  5.11592960e-04 
 5.44050000e-06  5.11592960e-04 
 5.44150000e-06  5.11592960e-04 
 5.44250000e-06  5.11592960e-04 
 5.44350000e-06  5.11592960e-04 
 5.44450000e-06  5.11592960e-04 
 5.44550000e-06  5.11592960e-04 
 5.44650000e-06  5.11592960e-04 
 5.44750000e-06  5.11592960e-04 
 5.44850000e-06  5.11592960e-04 
 5.44950000e-06  5.11592960e-04 
 5.45050000e-06  5.11592960e-04 
 5.45150000e-06  5.11592960e-04 
 5.45250000e-06  5.11592960e-04 
 5.45350000e-06  5.11592960e-04 
 5.45450000e-06  5.11592960e-04 
 5.45550000e-06  5.11592960e-04 
 5.45650000e-06  5.11592960e-04 
 5.45750000e-06  5.11592960e-04 
 5.45850000e-06  5.11592960e-04 
 5.45950000e-06  5.11592960e-04 
 5.46050000e-06  5.11592960e-04 
 5.46150000e-06  5.11592960e-04 
 5.46250000e-06  5.11592960e-04 
 5.46350000e-06  5.11592960e-04 
 5.46450000e-06  5.11592960e-04 
 5.46550000e-06  5.11592960e-04 
 5.46650000e-06  5.11592960e-04 
 5.46750000e-06  5.11592960e-04 
 5.46850000e-06  5.11592960e-04 
 5.46950000e-06  5.11592960e-04 
 5.47050000e-06  5.11592960e-04 
 5.47150000e-06  5.11592960e-04 
 5.47250000e-06  5.11592960e-04 
 5.47350000e-06  5.11592960e-04 
 5.47450000e-06  5.11592960e-04 
 5.47550000e-06  5.11592960e-04 
 5.47650000e-06  5.11592960e-04 
 5.47750000e-06  5.11592960e-04 
 5.47850000e-06  5.11592960e-04 
 5.47950000e-06  5.11592960e-04 
 5.48050000e-06  5.11592960e-04 
 5.48150000e-06  5.11592960e-04 
 5.48250000e-06  5.11592960e-04 
 5.48350000e-06  5.11592960e-04 
 5.48450000e-06  5.11592960e-04 
 5.48550000e-06  5.11592960e-04 
 5.48650000e-06  5.11592960e-04 
 5.48750000e-06  5.11592960e-04 
 5.48850000e-06  5.11592960e-04 
 5.48950000e-06  5.11592960e-04 
 5.49050000e-06  5.11592960e-04 
 5.49150000e-06  5.11592960e-04 
 5.49250000e-06  5.11592960e-04 
 5.49350000e-06  5.11592960e-04 
 5.49450000e-06  5.11592960e-04 
 5.49550000e-06  5.11592960e-04 
 5.49650000e-06  5.11592960e-04 
 5.49750000e-06  5.11592960e-04 
 5.49850000e-06  5.11592960e-04 
 5.49950000e-06  5.11592960e-04 
 5.50050000e-06  5.11592960e-04 
 5.50150000e-06  5.11592960e-04 
 5.50250000e-06  5.11592960e-04 
 5.50350000e-06  5.11592960e-04 
 5.50450000e-06  5.11592960e-04 
 5.50550000e-06  5.11592960e-04 
 5.50650000e-06  5.11592960e-04 
 5.50750000e-06  5.11592960e-04 
 5.50850000e-06  5.11592960e-04 
 5.50950000e-06  5.11592960e-04 
 5.51050000e-06  5.11592960e-04 
 5.51150000e-06  5.11592960e-04 
 5.51250000e-06  5.11592960e-04 
 5.51350000e-06  5.11592960e-04 
 5.51450000e-06  5.11592960e-04 
 5.51550000e-06  5.11592960e-04 
 5.51650000e-06  5.11592960e-04 
 5.51750000e-06  5.11592960e-04 
 5.51850000e-06  5.11592960e-04 
 5.51950000e-06  5.11592960e-04 
 5.52050000e-06  5.11592960e-04 
 5.52150000e-06  5.11592960e-04 
 5.52250000e-06  5.11592960e-04 
 5.52350000e-06  5.11592960e-04 
 5.52450000e-06  5.11592960e-04 
 5.52550000e-06  5.11592960e-04 
 5.52650000e-06  5.11592960e-04 
 5.52750000e-06  5.11592960e-04 
 5.52850000e-06  5.11592960e-04 
 5.52950000e-06  5.11592960e-04 
 5.53050000e-06  5.11592960e-04 
 5.53150000e-06  5.11592960e-04 
 5.53250000e-06  5.11592960e-04 
 5.53350000e-06  5.11592960e-04 
 5.53450000e-06  5.11592960e-04 
 5.53550000e-06  5.11592960e-04 
 5.53650000e-06  5.11592960e-04 
 5.53750000e-06  5.11592960e-04 
 5.53850000e-06  5.11592960e-04 
 5.53950000e-06  5.11592960e-04 
 5.54050000e-06  5.11592960e-04 
 5.54150000e-06  5.11592960e-04 
 5.54250000e-06  5.11592960e-04 
 5.54350000e-06  5.11592960e-04 
 5.54450000e-06  5.11592960e-04 
 5.54550000e-06  5.11592960e-04 
 5.54650000e-06  5.11592960e-04 
 5.54750000e-06  5.11592960e-04 
 5.54850000e-06  5.11592960e-04 
 5.54950000e-06  5.11592960e-04 
 5.55050000e-06  5.11592960e-04 
 5.55150000e-06  5.11592960e-04 
 5.55250000e-06  5.11592960e-04 
 5.55350000e-06  5.11592960e-04 
 5.55450000e-06  5.11592960e-04 
 5.55550000e-06  5.11592960e-04 
 5.55650000e-06  5.11592960e-04 
 5.55750000e-06  5.11592960e-04 
 5.55850000e-06  5.11592960e-04 
 5.55950000e-06  5.11592960e-04 
 5.56050000e-06  5.11592960e-04 
 5.56150000e-06  5.11592960e-04 
 5.56250000e-06  5.11592960e-04 
 5.56350000e-06  5.11592960e-04 
 5.56450000e-06  5.11592960e-04 
 5.56550000e-06  5.11592960e-04 
 5.56650000e-06  5.11592960e-04 
 5.56750000e-06  5.11592960e-04 
 5.56850000e-06  5.11592960e-04 
 5.56950000e-06  5.11592960e-04 
 5.57050000e-06  5.11592960e-04 
 5.57150000e-06  5.11592960e-04 
 5.57250000e-06  5.11592960e-04 
 5.57350000e-06  5.11592960e-04 
 5.57450000e-06  5.11592960e-04 
 5.57550000e-06  5.11592960e-04 
 5.57650000e-06  5.11592960e-04 
 5.57750000e-06  5.11592960e-04 
 5.57850000e-06  5.11592960e-04 
 5.57950000e-06  5.11592960e-04 
 5.58050000e-06  5.11592960e-04 
 5.58150000e-06  5.11592960e-04 
 5.58250000e-06  5.11592960e-04 
 5.58350000e-06  5.11592960e-04 
 5.58450000e-06  5.11592960e-04 
 5.58550000e-06  5.11592960e-04 
 5.58650000e-06  5.11592960e-04 
 5.58750000e-06  5.11592960e-04 
 5.58850000e-06  5.11592960e-04 
 5.58950000e-06  5.11592960e-04 
 5.59050000e-06  5.11592960e-04 
 5.59150000e-06  5.11592960e-04 
 5.59250000e-06  5.11592960e-04 
 5.59350000e-06  5.11592960e-04 
 5.59450000e-06  5.11592960e-04 
 5.59550000e-06  5.11592960e-04 
 5.59650000e-06  5.11592960e-04 
 5.59750000e-06  5.11592960e-04 
 5.59850000e-06  5.11592960e-04 
 5.59950000e-06  5.11592960e-04 
 5.60050000e-06  5.11592960e-04 
 5.60150000e-06  5.11592960e-04 
 5.60250000e-06  5.11592960e-04 
 5.60350000e-06  5.11592960e-04 
 5.60450000e-06  5.11592960e-04 
 5.60550000e-06  5.11592960e-04 
 5.60650000e-06  5.11592960e-04 
 5.60750000e-06  5.11592960e-04 
 5.60850000e-06  5.11592960e-04 
 5.60950000e-06  5.11592960e-04 
 5.61050000e-06  5.11592960e-04 
 5.61150000e-06  5.11592960e-04 
 5.61250000e-06  5.11592960e-04 
 5.61350000e-06  5.11592960e-04 
 5.61450000e-06  5.11592960e-04 
 5.61550000e-06  5.11592960e-04 
 5.61650000e-06  5.11592960e-04 
 5.61750000e-06  5.11592960e-04 
 5.61850000e-06  5.11592960e-04 
 5.61950000e-06  5.11592960e-04 
 5.62050000e-06  5.11592960e-04 
 5.62150000e-06  5.11592960e-04 
 5.62250000e-06  5.11592960e-04 
 5.62350000e-06  5.11592960e-04 
 5.62450000e-06  5.11592960e-04 
 5.62550000e-06  5.11592960e-04 
 5.62650000e-06  5.11592960e-04 
 5.62750000e-06  5.11592960e-04 
 5.62850000e-06  5.11592960e-04 
 5.62950000e-06  5.11592960e-04 
 5.63050000e-06  5.11592960e-04 
 5.63150000e-06  5.11592960e-04 
 5.63250000e-06  5.11592960e-04 
 5.63350000e-06  5.11592960e-04 
 5.63450000e-06  5.11592960e-04 
 5.63550000e-06  5.11592960e-04 
 5.63650000e-06  5.11592960e-04 
 5.63750000e-06  5.11592960e-04 
 5.63850000e-06  5.11592960e-04 
 5.63950000e-06  5.11592960e-04 
 5.64050000e-06  5.11592960e-04 
 5.64150000e-06  5.11592960e-04 
 5.64250000e-06  5.11592960e-04 
 5.64350000e-06  5.11592960e-04 
 5.64450000e-06  5.11592960e-04 
 5.64550000e-06  5.11592960e-04 
 5.64650000e-06  5.11592960e-04 
 5.64750000e-06  5.11592960e-04 
 5.64850000e-06  5.11592960e-04 
 5.64950000e-06  5.11592960e-04 
 5.65050000e-06  5.11592960e-04 
 5.65150000e-06  5.11592960e-04 
 5.65250000e-06  5.11592960e-04 
 5.65350000e-06  5.11592960e-04 
 5.65450000e-06  5.11592960e-04 
 5.65550000e-06  5.11592960e-04 
 5.65650000e-06  5.11592960e-04 
 5.65750000e-06  5.11592960e-04 
 5.65850000e-06  5.11592960e-04 
 5.65950000e-06  5.11592960e-04 
 5.66050000e-06  5.11592960e-04 
 5.66150000e-06  5.11592960e-04 
 5.66250000e-06  5.11592960e-04 
 5.66350000e-06  5.11592960e-04 
 5.66450000e-06  5.11592960e-04 
 5.66550000e-06  5.11592960e-04 
 5.66650000e-06  5.11592960e-04 
 5.66750000e-06  5.11592960e-04 
 5.66850000e-06  5.11592960e-04 
 5.66950000e-06  5.11592960e-04 
 5.67050000e-06  5.11592960e-04 
 5.67150000e-06  5.11592960e-04 
 5.67250000e-06  5.11592960e-04 
 5.67350000e-06  5.11592960e-04 
 5.67450000e-06  5.11592960e-04 
 5.67550000e-06  5.11592960e-04 
 5.67650000e-06  5.11592960e-04 
 5.67750000e-06  5.11592960e-04 
 5.67850000e-06  5.11592960e-04 
 5.67950000e-06  5.11592960e-04 
 5.68050000e-06  5.11592960e-04 
 5.68150000e-06  5.11592960e-04 
 5.68250000e-06  5.11592960e-04 
 5.68350000e-06  5.11592960e-04 
 5.68450000e-06  5.11592960e-04 
 5.68550000e-06  5.11592960e-04 
 5.68650000e-06  5.11592960e-04 
 5.68750000e-06  5.11592960e-04 
 5.68850000e-06  5.11592960e-04 
 5.68950000e-06  5.11592960e-04 
 5.69050000e-06  5.11592960e-04 
 5.69150000e-06  5.11592960e-04 
 5.69250000e-06  5.11592960e-04 
 5.69350000e-06  5.11592960e-04 
 5.69450000e-06  5.11592960e-04 
 5.69550000e-06  5.11592960e-04 
 5.69650000e-06  5.11592960e-04 
 5.69750000e-06  5.11592960e-04 
 5.69850000e-06  5.11592960e-04 
 5.69950000e-06  5.11592960e-04 
 5.70050000e-06  5.11592960e-04 
 5.70150000e-06  5.11592960e-04 
 5.70250000e-06  5.11592960e-04 
 5.70350000e-06  5.11592960e-04 
 5.70450000e-06  5.11592960e-04 
 5.70550000e-06  5.11592960e-04 
 5.70650000e-06  5.11592960e-04 
 5.70750000e-06  5.11592960e-04 
 5.70850000e-06  5.11592960e-04 
 5.70950000e-06  5.11592960e-04 
 5.71050000e-06  5.11592960e-04 
 5.71150000e-06  5.11592960e-04 
 5.71250000e-06  5.11592960e-04 
 5.71350000e-06  5.11592960e-04 
 5.71450000e-06  5.11592960e-04 
 5.71550000e-06  5.11592960e-04 
 5.71650000e-06  5.11592960e-04 
 5.71750000e-06  5.11592960e-04 
 5.71850000e-06  5.11592960e-04 
 5.71950000e-06  5.11592960e-04 
 5.72050000e-06  5.11592960e-04 
 5.72150000e-06  5.11592960e-04 
 5.72250000e-06  5.11592960e-04 
 5.72350000e-06  5.11592960e-04 
 5.72450000e-06  5.11592960e-04 
 5.72550000e-06  5.11592960e-04 
 5.72650000e-06  5.11592960e-04 
 5.72750000e-06  5.11592960e-04 
 5.72850000e-06  5.11592960e-04 
 5.72950000e-06  5.11592960e-04 
 5.73050000e-06  5.11592960e-04 
 5.73150000e-06  5.11592960e-04 
 5.73250000e-06  5.11592960e-04 
 5.73350000e-06  5.11592960e-04 
 5.73450000e-06  5.11592960e-04 
 5.73550000e-06  5.11592960e-04 
 5.73650000e-06  5.11592960e-04 
 5.73750000e-06  5.11592960e-04 
 5.73850000e-06  5.11592960e-04 
 5.73950000e-06  5.11592960e-04 
 5.74050000e-06  5.11592960e-04 
 5.74150000e-06  5.11592960e-04 
 5.74250000e-06  5.11592960e-04 
 5.74350000e-06  5.11592960e-04 
 5.74450000e-06  5.11592960e-04 
 5.74550000e-06  5.11592960e-04 
 5.74650000e-06  5.11592960e-04 
 5.74750000e-06  5.11592960e-04 
 5.74850000e-06  5.11592960e-04 
 5.74950000e-06  5.11592960e-04 
 5.75050000e-06  5.11592960e-04 
 5.75150000e-06  5.11592960e-04 
 5.75250000e-06  5.11592960e-04 
 5.75350000e-06  5.11592960e-04 
 5.75450000e-06  5.11592960e-04 
 5.75550000e-06  5.11592960e-04 
 5.75650000e-06  5.11592960e-04 
 5.75750000e-06  5.11592960e-04 
 5.75850000e-06  5.11592960e-04 
 5.75950000e-06  5.11592960e-04 
 5.76050000e-06  5.11592960e-04 
 5.76150000e-06  5.11592960e-04 
 5.76250000e-06  5.11592960e-04 
 5.76350000e-06  5.11592960e-04 
 5.76450000e-06  5.11592960e-04 
 5.76550000e-06  5.11592960e-04 
 5.76650000e-06  5.11592960e-04 
 5.76750000e-06  5.11592960e-04 
 5.76850000e-06  5.11592960e-04 
 5.76950000e-06  5.11592960e-04 
 5.77050000e-06  5.11592960e-04 
 5.77150000e-06  5.11592960e-04 
 5.77250000e-06  5.11592960e-04 
 5.77350000e-06  5.11592960e-04 
 5.77450000e-06  5.11592960e-04 
 5.77550000e-06  5.11592960e-04 
 5.77650000e-06  5.11592960e-04 
 5.77750000e-06  5.11592960e-04 
 5.77850000e-06  5.11592960e-04 
 5.77950000e-06  5.11592960e-04 
 5.78050000e-06  5.11592960e-04 
 5.78150000e-06  5.11592960e-04 
 5.78250000e-06  5.11592960e-04 
 5.78350000e-06  5.11592960e-04 
 5.78450000e-06  5.11592960e-04 
 5.78550000e-06  5.11592960e-04 
 5.78650000e-06  5.11592960e-04 
 5.78750000e-06  5.11592960e-04 
 5.78850000e-06  5.11592960e-04 
 5.78950000e-06  5.11592960e-04 
 5.79050000e-06  5.11592960e-04 
 5.79150000e-06  5.11592960e-04 
 5.79250000e-06  5.11592960e-04 
 5.79350000e-06  5.11592960e-04 
 5.79450000e-06  5.11592960e-04 
 5.79550000e-06  5.11592960e-04 
 5.79650000e-06  5.11592960e-04 
 5.79750000e-06  5.11592960e-04 
 5.79850000e-06  5.11592960e-04 
 5.79950000e-06  5.11592960e-04 
 5.80050000e-06  5.11592960e-04 
 5.80150000e-06  5.11592960e-04 
 5.80250000e-06  5.11592960e-04 
 5.80350000e-06  5.11592960e-04 
 5.80450000e-06  5.11592960e-04 
 5.80550000e-06  5.11592960e-04 
 5.80650000e-06  5.11592960e-04 
 5.80750000e-06  5.11592960e-04 
 5.80850000e-06  5.11592960e-04 
 5.80950000e-06  5.11592960e-04 
 5.81050000e-06  5.11592960e-04 
 5.81150000e-06  5.11592960e-04 
 5.81250000e-06  5.11592960e-04 
 5.81350000e-06  5.11592960e-04 
 5.81450000e-06  5.11592960e-04 
 5.81550000e-06  5.11592960e-04 
 5.81650000e-06  5.11592960e-04 
 5.81750000e-06  5.11592960e-04 
 5.81850000e-06  5.11592960e-04 
 5.81950000e-06  5.11592960e-04 
 5.82050000e-06  5.11592960e-04 
 5.82150000e-06  5.11592960e-04 
 5.82250000e-06  5.11592960e-04 
 5.82350000e-06  5.11592960e-04 
 5.82450000e-06  5.11592960e-04 
 5.82550000e-06  5.11592960e-04 
 5.82650000e-06  5.11592960e-04 
 5.82750000e-06  5.11592960e-04 
 5.82850000e-06  5.11592960e-04 
 5.82950000e-06  5.11592960e-04 
 5.83050000e-06  5.11592960e-04 
 5.83150000e-06  5.11592960e-04 
 5.83250000e-06  5.11592960e-04 
 5.83350000e-06  5.11592960e-04 
 5.83450000e-06  5.11592960e-04 
 5.83550000e-06  5.11592960e-04 
 5.83650000e-06  5.11592960e-04 
 5.83750000e-06  5.11592960e-04 
 5.83850000e-06  5.11592960e-04 
 5.83950000e-06  5.11592960e-04 
 5.84050000e-06  5.11592960e-04 
 5.84150000e-06  5.11592960e-04 
 5.84250000e-06  5.11592960e-04 
 5.84350000e-06  5.11592960e-04 
 5.84450000e-06  5.11592960e-04 
 5.84550000e-06  5.11592960e-04 
 5.84650000e-06  5.11592960e-04 
 5.84750000e-06  5.11592960e-04 
 5.84850000e-06  5.11592960e-04 
 5.84950000e-06  5.11592960e-04 
 5.85050000e-06  5.11592960e-04 
 5.85150000e-06  5.11592960e-04 
 5.85250000e-06  5.11592960e-04 
 5.85350000e-06  5.11592960e-04 
 5.85450000e-06  5.11592960e-04 
 5.85550000e-06  5.11592960e-04 
 5.85650000e-06  5.11592960e-04 
 5.85750000e-06  5.11592960e-04 
 5.85850000e-06  5.11592960e-04 
 5.85950000e-06  5.11592960e-04 
 5.86050000e-06  5.11592960e-04 
 5.86150000e-06  5.11592960e-04 
 5.86250000e-06  5.11592960e-04 
 5.86350000e-06  5.11592960e-04 
 5.86450000e-06  5.11592960e-04 
 5.86550000e-06  5.11592960e-04 
 5.86650000e-06  5.11592960e-04 
 5.86750000e-06  5.11592960e-04 
 5.86850000e-06  5.11592960e-04 
 5.86950000e-06  5.11592960e-04 
 5.87050000e-06  5.11592960e-04 
 5.87150000e-06  5.11592960e-04 
 5.87250000e-06  5.11592960e-04 
 5.87350000e-06  5.11592960e-04 
 5.87450000e-06  5.11592960e-04 
 5.87550000e-06  5.11592960e-04 
 5.87650000e-06  5.11592960e-04 
 5.87750000e-06  5.11592960e-04 
 5.87850000e-06  5.11592960e-04 
 5.87950000e-06  5.11592960e-04 
 5.88050000e-06  5.11592960e-04 
 5.88150000e-06  5.11592960e-04 
 5.88250000e-06  5.11592960e-04 
 5.88350000e-06  5.11592960e-04 
 5.88450000e-06  5.11592960e-04 
 5.88550000e-06  5.11592960e-04 
 5.88650000e-06  5.11592960e-04 
 5.88750000e-06  5.11592960e-04 
 5.88850000e-06  5.11592960e-04 
 5.88950000e-06  5.11592960e-04 
 5.89050000e-06  5.11592960e-04 
 5.89150000e-06  5.11592960e-04 
 5.89250000e-06  5.11592960e-04 
 5.89350000e-06  5.11592960e-04 
 5.89450000e-06  5.11592960e-04 
 5.89550000e-06  5.11592960e-04 
 5.89650000e-06  5.11592960e-04 
 5.89750000e-06  5.11592960e-04 
 5.89850000e-06  5.11592960e-04 
 5.89950000e-06  5.11592960e-04 
 5.90050000e-06  5.11592960e-04 
 5.90150000e-06  5.11592960e-04 
 5.90250000e-06  5.11592960e-04 
 5.90350000e-06  5.11592960e-04 
 5.90450000e-06  5.11592960e-04 
 5.90550000e-06  5.11592960e-04 
 5.90650000e-06  5.11592960e-04 
 5.90750000e-06  5.11592960e-04 
 5.90850000e-06  5.11592960e-04 
 5.90950000e-06  5.11592960e-04 
 5.91050000e-06  5.11592960e-04 
 5.91150000e-06  5.11592960e-04 
 5.91250000e-06  5.11592960e-04 
 5.91350000e-06  5.11592960e-04 
 5.91450000e-06  5.11592960e-04 
 5.91550000e-06  5.11592960e-04 
 5.91650000e-06  5.11592960e-04 
 5.91750000e-06  5.11592960e-04 
 5.91850000e-06  5.11592960e-04 
 5.91950000e-06  5.11592960e-04 
 5.92050000e-06  5.11592960e-04 
 5.92150000e-06  5.11592960e-04 
 5.92250000e-06  5.11592960e-04 
 5.92350000e-06  5.11592960e-04 
 5.92450000e-06  5.11592960e-04 
 5.92550000e-06  5.11592960e-04 
 5.92650000e-06  5.11592960e-04 
 5.92750000e-06  5.11592960e-04 
 5.92850000e-06  5.11592960e-04 
 5.92950000e-06  5.11592960e-04 
 5.93050000e-06  5.11592960e-04 
 5.93150000e-06  5.11592960e-04 
 5.93250000e-06  5.11592960e-04 
 5.93350000e-06  5.11592960e-04 
 5.93450000e-06  5.11592960e-04 
 5.93550000e-06  5.11592960e-04 
 5.93650000e-06  5.11592960e-04 
 5.93750000e-06  5.11592960e-04 
 5.93850000e-06  5.11592960e-04 
 5.93950000e-06  5.11592960e-04 
 5.94050000e-06  5.11592960e-04 
 5.94150000e-06  5.11592960e-04 
 5.94250000e-06  5.11592960e-04 
 5.94350000e-06  5.11592960e-04 
 5.94450000e-06  5.11592960e-04 
 5.94550000e-06  5.11592960e-04 
 5.94650000e-06  5.11592960e-04 
 5.94750000e-06  5.11592960e-04 
 5.94850000e-06  5.11592960e-04 
 5.94950000e-06  5.11592960e-04 
 5.95050000e-06  5.11592960e-04 
 5.95150000e-06  5.11592960e-04 
 5.95250000e-06  5.11592960e-04 
 5.95350000e-06  5.11592960e-04 
 5.95450000e-06  5.11592960e-04 
 5.95550000e-06  5.11592960e-04 
 5.95650000e-06  5.11592960e-04 
 5.95750000e-06  5.11592960e-04 
 5.95850000e-06  5.11592960e-04 
 5.95950000e-06  5.11592960e-04 
 5.96050000e-06  5.11592960e-04 
 5.96150000e-06  5.11592960e-04 
 5.96250000e-06  5.11592960e-04 
 5.96350000e-06  5.11592960e-04 
 5.96450000e-06  5.11592960e-04 
 5.96550000e-06  5.11592960e-04 
 5.96650000e-06  5.11592960e-04 
 5.96750000e-06  5.11592960e-04 
 5.96850000e-06  5.11592960e-04 
 5.96950000e-06  5.11592960e-04 
 5.97050000e-06  5.11592960e-04 
 5.97150000e-06  5.11592960e-04 
 5.97250000e-06  5.11592960e-04 
 5.97350000e-06  5.11592960e-04 
 5.97450000e-06  5.11592960e-04 
 5.97550000e-06  5.11592960e-04 
 5.97650000e-06  5.11592960e-04 
 5.97750000e-06  5.11592960e-04 
 5.97850000e-06  5.11592960e-04 
 5.97950000e-06  5.11592960e-04 
 5.98050000e-06  5.11592960e-04 
 5.98150000e-06  5.11592960e-04 
 5.98250000e-06  5.11592960e-04 
 5.98350000e-06  5.11592960e-04 
 5.98450000e-06  5.11592960e-04 
 5.98550000e-06  5.11592960e-04 
 5.98650000e-06  5.11592960e-04 
 5.98750000e-06  5.11592960e-04 
 5.98850000e-06  5.11592960e-04 
 5.98950000e-06  5.11592960e-04 
 5.99050000e-06  5.11592960e-04 
 5.99150000e-06  5.11592960e-04 
 5.99250000e-06  5.11592960e-04 
 5.99350000e-06  5.11592960e-04 
 5.99450000e-06  5.11592960e-04 
 5.99550000e-06  5.11592960e-04 
 5.99650000e-06  5.11592960e-04 
 5.99750000e-06  5.11592960e-04 
 5.99850000e-06  5.11592960e-04 
 5.99950000e-06  5.11592960e-04 
 6.00050000e-06  5.11592960e-04 
 6.00150000e-06  5.11592960e-04 
 6.00250000e-06  5.11592960e-04 
 6.00350000e-06  5.11592960e-04 
 6.00450000e-06  5.11592960e-04 
 6.00550000e-06  5.11592960e-04 
 6.00650000e-06  5.11592960e-04 
 6.00750000e-06  5.11592960e-04 
 6.00850000e-06  5.11592960e-04 
 6.00950000e-06  5.11592960e-04 
 6.01050000e-06  5.11592960e-04 
 6.01150000e-06  5.11592960e-04 
 6.01250000e-06  5.11592960e-04 
 6.01350000e-06  5.11592960e-04 
 6.01450000e-06  5.11592960e-04 
 6.01550000e-06  5.11592960e-04 
 6.01650000e-06  5.11592960e-04 
 6.01750000e-06  5.11592960e-04 
 6.01850000e-06  5.11592960e-04 
 6.01950000e-06  5.11592960e-04 
 6.02050000e-06  5.11592960e-04 
 6.02150000e-06  5.11592960e-04 
 6.02250000e-06  5.11592960e-04 
 6.02350000e-06  5.11592960e-04 
 6.02450000e-06  5.11592960e-04 
 6.02550000e-06  5.11592960e-04 
 6.02650000e-06  5.11592960e-04 
 6.02750000e-06  5.11592960e-04 
 6.02850000e-06  5.11592960e-04 
 6.02950000e-06  5.11592960e-04 
 6.03050000e-06  5.11592960e-04 
 6.03150000e-06  5.11592960e-04 
 6.03250000e-06  5.11592960e-04 
 6.03350000e-06  5.11592960e-04 
 6.03450000e-06  5.11592960e-04 
 6.03550000e-06  5.11592960e-04 
 6.03650000e-06  5.11592960e-04 
 6.03750000e-06  5.11592960e-04 
 6.03850000e-06  5.11592960e-04 
 6.03950000e-06  5.11592960e-04 
 6.04050000e-06  5.11592960e-04 
 6.04150000e-06  5.11592960e-04 
 6.04250000e-06  5.11592960e-04 
 6.04350000e-06  5.11592960e-04 
 6.04450000e-06  5.11592960e-04 
 6.04550000e-06  5.11592960e-04 
 6.04650000e-06  5.11592960e-04 
 6.04750000e-06  5.11592960e-04 
 6.04850000e-06  5.11592960e-04 
 6.04950000e-06  5.11592960e-04 
 6.05050000e-06  5.11592960e-04 
 6.05150000e-06  5.11592960e-04 
 6.05250000e-06  5.11592960e-04 
 6.05350000e-06  5.11592960e-04 
 6.05450000e-06  5.11592960e-04 
 6.05550000e-06  5.11592960e-04 
 6.05650000e-06  5.11592960e-04 
 6.05750000e-06  5.11592960e-04 
 6.05850000e-06  5.11592960e-04 
 6.05950000e-06  5.11592960e-04 
 6.06050000e-06  5.11592960e-04 
 6.06150000e-06  5.11592960e-04 
 6.06250000e-06  5.11592960e-04 
 6.06350000e-06  5.11592960e-04 
 6.06450000e-06  5.11592960e-04 
 6.06550000e-06  5.11592960e-04 
 6.06650000e-06  5.11592960e-04 
 6.06750000e-06  5.11592960e-04 
 6.06850000e-06  5.11592960e-04 
 6.06950000e-06  5.11592960e-04 
 6.07050000e-06  5.11592960e-04 
 6.07150000e-06  5.11592960e-04 
 6.07250000e-06  5.11592960e-04 
 6.07350000e-06  5.11592960e-04 
 6.07450000e-06  5.11592960e-04 
 6.07550000e-06  5.11592960e-04 
 6.07650000e-06  5.11592960e-04 
 6.07750000e-06  5.11592960e-04 
 6.07850000e-06  5.11592960e-04 
 6.07950000e-06  5.11592960e-04 
 6.08050000e-06  5.11592960e-04 
 6.08150000e-06  5.11592960e-04 
 6.08250000e-06  5.11592960e-04 
 6.08350000e-06  5.11592960e-04 
 6.08450000e-06  5.11592960e-04 
 6.08550000e-06  5.11592960e-04 
 6.08650000e-06  5.11592960e-04 
 6.08750000e-06  5.11592960e-04 
 6.08850000e-06  5.11592960e-04 
 6.08950000e-06  5.11592960e-04 
 6.09050000e-06  5.11592960e-04 
 6.09150000e-06  5.11592960e-04 
 6.09250000e-06  5.11592960e-04 
 6.09350000e-06  5.11592960e-04 
 6.09450000e-06  5.11592960e-04 
 6.09550000e-06  5.11592960e-04 
 6.09650000e-06  5.11592960e-04 
 6.09750000e-06  5.11592960e-04 
 6.09850000e-06  5.11592960e-04 
 6.09950000e-06  5.11592960e-04 
 6.10050000e-06  5.11592960e-04 
 6.10150000e-06  5.11592960e-04 
 6.10250000e-06  5.11592960e-04 
 6.10350000e-06  5.11592960e-04 
 6.10450000e-06  5.11592960e-04 
 6.10550000e-06  5.11592960e-04 
 6.10650000e-06  5.11592960e-04 
 6.10750000e-06  5.11592960e-04 
 6.10850000e-06  5.11592960e-04 
 6.10950000e-06  5.11592960e-04 
 6.11050000e-06  5.11592960e-04 
 6.11150000e-06  5.11592960e-04 
 6.11250000e-06  5.11592960e-04 
 6.11350000e-06  5.11592960e-04 
 6.11450000e-06  5.11592960e-04 
 6.11550000e-06  5.11592960e-04 
 6.11650000e-06  5.11592960e-04 
 6.11750000e-06  5.11592960e-04 
 6.11850000e-06  5.11592960e-04 
 6.11950000e-06  5.11592960e-04 
 6.12050000e-06  5.11592960e-04 
 6.12150000e-06  5.11592960e-04 
 6.12250000e-06  5.11592960e-04 
 6.12350000e-06  5.11592960e-04 
 6.12450000e-06  5.11592960e-04 
 6.12550000e-06  5.11592960e-04 
 6.12650000e-06  5.11592960e-04 
 6.12750000e-06  5.11592960e-04 
 6.12850000e-06  5.11592960e-04 
 6.12950000e-06  5.11592960e-04 
 6.13050000e-06  5.11592960e-04 
 6.13150000e-06  5.11592960e-04 
 6.13250000e-06  5.11592960e-04 
 6.13350000e-06  5.11592960e-04 
 6.13450000e-06  5.11592960e-04 
 6.13550000e-06  5.11592960e-04 
 6.13650000e-06  5.11592960e-04 
 6.13750000e-06  5.11592960e-04 
 6.13850000e-06  5.11592960e-04 
 6.13950000e-06  5.11592960e-04 
 6.14050000e-06  5.11592960e-04 
 6.14150000e-06  5.11592960e-04 
 6.14250000e-06  5.11592960e-04 
 6.14350000e-06  5.11592960e-04 
 6.14450000e-06  5.11592960e-04 
 6.14550000e-06  5.11592960e-04 
 6.14650000e-06  5.11592960e-04 
 6.14750000e-06  5.11592960e-04 
 6.14850000e-06  5.11592960e-04 
 6.14950000e-06  5.11592960e-04 
 6.15050000e-06  5.11592960e-04 
 6.15150000e-06  5.11592960e-04 
 6.15250000e-06  5.11592960e-04 
 6.15350000e-06  5.11592960e-04 
 6.15450000e-06  5.11592960e-04 
 6.15550000e-06  5.11592960e-04 
 6.15650000e-06  5.11592960e-04 
 6.15750000e-06  5.11592960e-04 
 6.15850000e-06  5.11592960e-04 
 6.15950000e-06  5.11592960e-04 
 6.16050000e-06  5.11592960e-04 
 6.16150000e-06  5.11592960e-04 
 6.16250000e-06  5.11592960e-04 
 6.16350000e-06  5.11592960e-04 
 6.16450000e-06  5.11592960e-04 
 6.16550000e-06  5.11592960e-04 
 6.16650000e-06  5.11592960e-04 
 6.16750000e-06  5.11592960e-04 
 6.16850000e-06  5.11592960e-04 
 6.16950000e-06  5.11592960e-04 
 6.17050000e-06  5.11592960e-04 
 6.17150000e-06  5.11592960e-04 
 6.17250000e-06  5.11592960e-04 
 6.17350000e-06  5.11592960e-04 
 6.17450000e-06  5.11592960e-04 
 6.17550000e-06  5.11592960e-04 
 6.17650000e-06  5.11592960e-04 
 6.17750000e-06  5.11592960e-04 
 6.17850000e-06  5.11592960e-04 
 6.17950000e-06  5.11592960e-04 
 6.18050000e-06  5.11592960e-04 
 6.18150000e-06  5.11592960e-04 
 6.18250000e-06  5.11592960e-04 
 6.18350000e-06  5.11592960e-04 
 6.18450000e-06  5.11592960e-04 
 6.18550000e-06  5.11592960e-04 
 6.18650000e-06  5.11592960e-04 
 6.18750000e-06  5.11592960e-04 
 6.18850000e-06  5.11592960e-04 
 6.18950000e-06  5.11592960e-04 
 6.19050000e-06  5.11592960e-04 
 6.19150000e-06  5.11592960e-04 
 6.19250000e-06  5.11592960e-04 
 6.19350000e-06  5.11592960e-04 
 6.19450000e-06  5.11592960e-04 
 6.19550000e-06  5.11592960e-04 
 6.19650000e-06  5.11592960e-04 
 6.19750000e-06  5.11592960e-04 
 6.19850000e-06  5.11592960e-04 
 6.19950000e-06  5.11592960e-04 
 6.20050000e-06  5.11592960e-04 
 6.20150000e-06  5.11592960e-04 
 6.20250000e-06  5.11592960e-04 
 6.20350000e-06  5.11592960e-04 
 6.20450000e-06  5.11592960e-04 
 6.20550000e-06  5.11592960e-04 
 6.20650000e-06  5.11592960e-04 
 6.20750000e-06  5.11592960e-04 
 6.20850000e-06  5.11592960e-04 
 6.20950000e-06  5.11592960e-04 
 6.21050000e-06  5.11592960e-04 
 6.21150000e-06  5.11592960e-04 
 6.21250000e-06  5.11592960e-04 
 6.21350000e-06  5.11592960e-04 
 6.21450000e-06  5.11592960e-04 
 6.21550000e-06  5.11592960e-04 
 6.21650000e-06  5.11592960e-04 
 6.21750000e-06  5.11592960e-04 
 6.21850000e-06  5.11592960e-04 
 6.21950000e-06  5.11592960e-04 
 6.22050000e-06  5.11592960e-04 
 6.22150000e-06  5.11592960e-04 
 6.22250000e-06  5.11592960e-04 
 6.22350000e-06  5.11592960e-04 
 6.22450000e-06  5.11592960e-04 
 6.22550000e-06  5.11592960e-04 
 6.22650000e-06  5.11592960e-04 
 6.22750000e-06  5.11592960e-04 
 6.22850000e-06  5.11592960e-04 
 6.22950000e-06  5.11592960e-04 
 6.23050000e-06  5.11592960e-04 
 6.23150000e-06  5.11592960e-04 
 6.23250000e-06  5.11592960e-04 
 6.23350000e-06  5.11592960e-04 
 6.23450000e-06  5.11592960e-04 
 6.23550000e-06  5.11592960e-04 
 6.23650000e-06  5.11592960e-04 
 6.23750000e-06  5.11592960e-04 
 6.23850000e-06  5.11592960e-04 
 6.23950000e-06  5.11592960e-04 
 6.24050000e-06  5.11592960e-04 
 6.24150000e-06  5.11592960e-04 
 6.24250000e-06  5.11592960e-04 
 6.24350000e-06  5.11592960e-04 
 6.24450000e-06  5.11592960e-04 
 6.24550000e-06  5.11592960e-04 
 6.24650000e-06  5.11592960e-04 
 6.24750000e-06  5.11592960e-04 
 6.24850000e-06  5.11592960e-04 
 6.24950000e-06  5.11592960e-04 
 6.25050000e-06  5.11592960e-04 
 6.25150000e-06  5.11592960e-04 
 6.25250000e-06  5.11592960e-04 
 6.25350000e-06  5.11592960e-04 
 6.25450000e-06  5.11592960e-04 
 6.25550000e-06  5.11592960e-04 
 6.25650000e-06  5.11592960e-04 
 6.25750000e-06  5.11592960e-04 
 6.25850000e-06  5.11592960e-04 
 6.25950000e-06  5.11592960e-04 
 6.26050000e-06  5.11592960e-04 
 6.26150000e-06  5.11592960e-04 
 6.26250000e-06  5.11592960e-04 
 6.26350000e-06  5.11592960e-04 
 6.26450000e-06  5.11592960e-04 
 6.26550000e-06  5.11592960e-04 
 6.26650000e-06  5.11592960e-04 
 6.26750000e-06  5.11592960e-04 
 6.26850000e-06  5.11592960e-04 
 6.26950000e-06  5.11592960e-04 
 6.27050000e-06  5.11592960e-04 
 6.27150000e-06  5.11592960e-04 
 6.27250000e-06  5.11592960e-04 
 6.27350000e-06  5.11592960e-04 
 6.27450000e-06  5.11592960e-04 
 6.27550000e-06  5.11592960e-04 
 6.27650000e-06  5.11592960e-04 
 6.27750000e-06  5.11592960e-04 
 6.27850000e-06  5.11592960e-04 
 6.27950000e-06  5.11592960e-04 
 6.28050000e-06  5.11592960e-04 
 6.28150000e-06  5.11592960e-04 
 6.28250000e-06  5.11592960e-04 
 6.28350000e-06  5.11592960e-04 
 6.28450000e-06  5.11592960e-04 
 6.28550000e-06  5.11592960e-04 
 6.28650000e-06  5.11592960e-04 
 6.28750000e-06  5.11592960e-04 
 6.28850000e-06  5.11592960e-04 
 6.28950000e-06  5.11592960e-04 
 6.29050000e-06  5.11592960e-04 
 6.29150000e-06  5.11592960e-04 
 6.29250000e-06  5.11592960e-04 
 6.29350000e-06  5.11592960e-04 
 6.29450000e-06  5.11592960e-04 
 6.29550000e-06  5.11592960e-04 
 6.29650000e-06  5.11592960e-04 
 6.29750000e-06  5.11592960e-04 
 6.29850000e-06  5.11592960e-04 
 6.29950000e-06  5.11592960e-04 
 6.30050000e-06  5.11592960e-04 
 6.30150000e-06  5.11592960e-04 
 6.30250000e-06  5.11592960e-04 
 6.30350000e-06  5.11592960e-04 
 6.30450000e-06  5.11592960e-04 
 6.30550000e-06  5.11592960e-04 
 6.30650000e-06  5.11592960e-04 
 6.30750000e-06  5.11592960e-04 
 6.30850000e-06  5.11592960e-04 
 6.30950000e-06  5.11592960e-04 
 6.31050000e-06  5.11592960e-04 
 6.31150000e-06  5.11592960e-04 
 6.31250000e-06  5.11592960e-04 
 6.31350000e-06  5.11592960e-04 
 6.31450000e-06  5.11592960e-04 
 6.31550000e-06  5.11592960e-04 
 6.31650000e-06  5.11592960e-04 
 6.31750000e-06  5.11592960e-04 
 6.31850000e-06  5.11592960e-04 
 6.31950000e-06  5.11592960e-04 
 6.32050000e-06  5.11592960e-04 
 6.32150000e-06  5.11592960e-04 
 6.32250000e-06  5.11592960e-04 
 6.32350000e-06  5.11592960e-04 
 6.32450000e-06  5.11592960e-04 
 6.32550000e-06  5.11592960e-04 
 6.32650000e-06  5.11592960e-04 
 6.32750000e-06  5.11592960e-04 
 6.32850000e-06  5.11592960e-04 
 6.32950000e-06  5.11592960e-04 
 6.33050000e-06  5.11592960e-04 
 6.33150000e-06  5.11592960e-04 
 6.33250000e-06  5.11592960e-04 
 6.33350000e-06  5.11592960e-04 
 6.33450000e-06  5.11592960e-04 
 6.33550000e-06  5.11592960e-04 
 6.33650000e-06  5.11592960e-04 
 6.33750000e-06  5.11592960e-04 
 6.33850000e-06  5.11592960e-04 
 6.33950000e-06  5.11592960e-04 
 6.34050000e-06  5.11592960e-04 
 6.34150000e-06  5.11592960e-04 
 6.34250000e-06  5.11592960e-04 
 6.34350000e-06  5.11592960e-04 
 6.34450000e-06  5.11592960e-04 
 6.34550000e-06  5.11592960e-04 
 6.34650000e-06  5.11592960e-04 
 6.34750000e-06  5.11592960e-04 
 6.34850000e-06  5.11592960e-04 
 6.34950000e-06  5.11592960e-04 
 6.35050000e-06  5.11592960e-04 
 6.35150000e-06  5.11592960e-04 
 6.35250000e-06  5.11592960e-04 
 6.35350000e-06  5.11592960e-04 
 6.35450000e-06  5.11592960e-04 
 6.35550000e-06  5.11592960e-04 
 6.35650000e-06  5.11592960e-04 
 6.35750000e-06  5.11592960e-04 
 6.35850000e-06  5.11592960e-04 
 6.35950000e-06  5.11592960e-04 
 6.36050000e-06  5.11592960e-04 
 6.36150000e-06  5.11592960e-04 
 6.36250000e-06  5.11592960e-04 
 6.36350000e-06  5.11592960e-04 
 6.36450000e-06  5.11592960e-04 
 6.36550000e-06  5.11592960e-04 
 6.36650000e-06  5.11592960e-04 
 6.36750000e-06  5.11592960e-04 
 6.36850000e-06  5.11592960e-04 
 6.36950000e-06  5.11592960e-04 
 6.37050000e-06  5.11592960e-04 
 6.37150000e-06  5.11592960e-04 
 6.37250000e-06  5.11592960e-04 
 6.37350000e-06  5.11592960e-04 
 6.37450000e-06  5.11592960e-04 
 6.37550000e-06  5.11592960e-04 
 6.37650000e-06  5.11592960e-04 
 6.37750000e-06  5.11592960e-04 
 6.37850000e-06  5.11592960e-04 
 6.37950000e-06  5.11592960e-04 
 6.38050000e-06  5.11592960e-04 
 6.38150000e-06  5.11592960e-04 
 6.38250000e-06  5.11592960e-04 
 6.38350000e-06  5.11592960e-04 
 6.38450000e-06  5.11592960e-04 
 6.38550000e-06  5.11592960e-04 
 6.38650000e-06  5.11592960e-04 
 6.38750000e-06  5.11592960e-04 
 6.38850000e-06  5.11592960e-04 
 6.38950000e-06  5.11592960e-04 
 6.39050000e-06  5.11592960e-04 
 6.39150000e-06  5.11592960e-04 
 6.39250000e-06  5.11592960e-04 
 6.39350000e-06  5.11592960e-04 
 6.39450000e-06  5.11592960e-04 
 6.39550000e-06  5.11592960e-04 
 6.39650000e-06  5.11592960e-04 
 6.39750000e-06  5.11592960e-04 
 6.39850000e-06  5.11592960e-04 
 6.39950000e-06  5.11592960e-04 
 6.40050000e-06  5.11592960e-04 
 6.40150000e-06  5.11592960e-04 
 6.40250000e-06  5.11592960e-04 
 6.40350000e-06  5.11592960e-04 
 6.40450000e-06  5.11592960e-04 
 6.40550000e-06  5.11592960e-04 
 6.40650000e-06  5.11592960e-04 
 6.40750000e-06  5.11592960e-04 
 6.40850000e-06  5.11592960e-04 
 6.40950000e-06  5.11592960e-04 
 6.41050000e-06  5.11592960e-04 
 6.41150000e-06  5.11592960e-04 
 6.41250000e-06  5.11592960e-04 
 6.41350000e-06  5.11592960e-04 
 6.41450000e-06  5.11592960e-04 
 6.41550000e-06  5.11592960e-04 
 6.41650000e-06  5.11592960e-04 
 6.41750000e-06  5.11592960e-04 
 6.41850000e-06  5.11592960e-04 
 6.41950000e-06  5.11592960e-04 
 6.42050000e-06  5.11592960e-04 
 6.42150000e-06  5.11592960e-04 
 6.42250000e-06  5.11592960e-04 
 6.42350000e-06  5.11592960e-04 
 6.42450000e-06  5.11592960e-04 
 6.42550000e-06  5.11592960e-04 
 6.42650000e-06  5.11592960e-04 
 6.42750000e-06  5.11592960e-04 
 6.42850000e-06  5.11592960e-04 
 6.42950000e-06  5.11592960e-04 
 6.43050000e-06  5.11592960e-04 
 6.43150000e-06  5.11592960e-04 
 6.43250000e-06  5.11592960e-04 
 6.43350000e-06  5.11592960e-04 
 6.43450000e-06  5.11592960e-04 
 6.43550000e-06  5.11592960e-04 
 6.43650000e-06  5.11592960e-04 
 6.43750000e-06  5.11592960e-04 
 6.43850000e-06  5.11592960e-04 
 6.43950000e-06  5.11592960e-04 
 6.44050000e-06  5.11592960e-04 
 6.44150000e-06  5.11592960e-04 
 6.44250000e-06  5.11592960e-04 
 6.44350000e-06  5.11592960e-04 
 6.44450000e-06  5.11592960e-04 
 6.44550000e-06  5.11592960e-04 
 6.44650000e-06  5.11592960e-04 
 6.44750000e-06  5.11592960e-04 
 6.44850000e-06  5.11592960e-04 
 6.44950000e-06  5.11592960e-04 
 6.45050000e-06  5.11592960e-04 
 6.45150000e-06  5.11592960e-04 
 6.45250000e-06  5.11592960e-04 
 6.45350000e-06  5.11592960e-04 
 6.45450000e-06  5.11592960e-04 
 6.45550000e-06  5.11592960e-04 
 6.45650000e-06  5.11592960e-04 
 6.45750000e-06  5.11592960e-04 
 6.45850000e-06  5.11592960e-04 
 6.45950000e-06  5.11592960e-04 
 6.46050000e-06  5.11592960e-04 
 6.46150000e-06  5.11592960e-04 
 6.46250000e-06  5.11592960e-04 
 6.46350000e-06  5.11592960e-04 
 6.46450000e-06  5.11592960e-04 
 6.46550000e-06  5.11592960e-04 
 6.46650000e-06  5.11592960e-04 
 6.46750000e-06  5.11592960e-04 
 6.46850000e-06  5.11592960e-04 
 6.46950000e-06  5.11592960e-04 
 6.47050000e-06  5.11592960e-04 
 6.47150000e-06  5.11592960e-04 
 6.47250000e-06  5.11592960e-04 
 6.47350000e-06  5.11592960e-04 
 6.47450000e-06  5.11592960e-04 
 6.47550000e-06  5.11592960e-04 
 6.47650000e-06  5.11592960e-04 
 6.47750000e-06  5.11592960e-04 
 6.47850000e-06  5.11592960e-04 
 6.47950000e-06  5.11592960e-04 
 6.48050000e-06  5.11592960e-04 
 6.48150000e-06  5.11592960e-04 
 6.48250000e-06  5.11592960e-04 
 6.48350000e-06  5.11592960e-04 
 6.48450000e-06  5.11592960e-04 
 6.48550000e-06  5.11592960e-04 
 6.48650000e-06  5.11592960e-04 
 6.48750000e-06  5.11592960e-04 
 6.48850000e-06  5.11592960e-04 
 6.48950000e-06  5.11592960e-04 
 6.49050000e-06  5.11592960e-04 
 6.49150000e-06  5.11592960e-04 
 6.49250000e-06  5.11592960e-04 
 6.49350000e-06  5.11592960e-04 
 6.49450000e-06  5.11592960e-04 
 6.49550000e-06  5.11592960e-04 
 6.49650000e-06  5.11592960e-04 
 6.49750000e-06  5.11592960e-04 
 6.49850000e-06  5.11592960e-04 
 6.49950000e-06  5.11592960e-04 
 6.50050000e-06  5.11592960e-04 
 6.50150000e-06  5.11592960e-04 
 6.50250000e-06  5.11592960e-04 
 6.50350000e-06  5.11592960e-04 
 6.50450000e-06  5.11592960e-04 
 6.50550000e-06  5.11592960e-04 
 6.50650000e-06  5.11592960e-04 
 6.50750000e-06  5.11592960e-04 
 6.50850000e-06  5.11592960e-04 
 6.50950000e-06  5.11592960e-04 
 6.51050000e-06  5.11592960e-04 
 6.51150000e-06  5.11592960e-04 
 6.51250000e-06  5.11592960e-04 
 6.51350000e-06  5.11592960e-04 
 6.51450000e-06  5.11592960e-04 
 6.51550000e-06  5.11592960e-04 
 6.51650000e-06  5.11592960e-04 
 6.51750000e-06  5.11592960e-04 
 6.51850000e-06  5.11592960e-04 
 6.51950000e-06  5.11592960e-04 
 6.52050000e-06  5.11592960e-04 
 6.52150000e-06  5.11592960e-04 
 6.52250000e-06  5.11592960e-04 
 6.52350000e-06  5.11592960e-04 
 6.52450000e-06  5.11592960e-04 
 6.52550000e-06  5.11592960e-04 
 6.52650000e-06  5.11592960e-04 
 6.52750000e-06  5.11592960e-04 
 6.52850000e-06  5.11592960e-04 
 6.52950000e-06  5.11592960e-04 
 6.53050000e-06  5.11592960e-04 
 6.53150000e-06  5.11592960e-04 
 6.53250000e-06  5.11592960e-04 
 6.53350000e-06  5.11592960e-04 
 6.53450000e-06  5.11592960e-04 
 6.53550000e-06  5.11592960e-04 
 6.53650000e-06  5.11592960e-04 
 6.53750000e-06  5.11592960e-04 
 6.53850000e-06  5.11592960e-04 
 6.53950000e-06  5.11592960e-04 
 6.54050000e-06  5.11592960e-04 
 6.54150000e-06  5.11592960e-04 
 6.54250000e-06  5.11592960e-04 
 6.54350000e-06  5.11592960e-04 
 6.54450000e-06  5.11592960e-04 
 6.54550000e-06  5.11592960e-04 
 6.54650000e-06  5.11592960e-04 
 6.54750000e-06  5.11592960e-04 
 6.54850000e-06  5.11592960e-04 
 6.54950000e-06  5.11592960e-04 
 6.55050000e-06  5.11592960e-04 
 6.55150000e-06  5.11592960e-04 
 6.55250000e-06  5.11592960e-04 
 6.55350000e-06  5.11592960e-04 
 6.55450000e-06  5.11592960e-04 
 6.55550000e-06  5.11592960e-04 
 6.55650000e-06  5.11592960e-04 
 6.55750000e-06  5.11592960e-04 
 6.55850000e-06  5.11592960e-04 
 6.55950000e-06  5.11592960e-04 
 6.56050000e-06  5.11592960e-04 
 6.56150000e-06  5.11592960e-04 
 6.56250000e-06  5.11592960e-04 
 6.56350000e-06  5.11592960e-04 
 6.56450000e-06  5.11592960e-04 
 6.56550000e-06  5.11592960e-04 
 6.56650000e-06  5.11592960e-04 
 6.56750000e-06  5.11592960e-04 
 6.56850000e-06  5.11592960e-04 
 6.56950000e-06  5.11592960e-04 
 6.57050000e-06  5.11592960e-04 
 6.57150000e-06  5.11592960e-04 
 6.57250000e-06  5.11592960e-04 
 6.57350000e-06  5.11592960e-04 
 6.57450000e-06  5.11592960e-04 
 6.57550000e-06  5.11592960e-04 
 6.57650000e-06  5.11592960e-04 
 6.57750000e-06  5.11592960e-04 
 6.57850000e-06  5.11592960e-04 
 6.57950000e-06  5.11592960e-04 
 6.58050000e-06  5.11592960e-04 
 6.58150000e-06  5.11592960e-04 
 6.58250000e-06  5.11592960e-04 
 6.58350000e-06  5.11592960e-04 
 6.58450000e-06  5.11592960e-04 
 6.58550000e-06  5.11592960e-04 
 6.58650000e-06  5.11592960e-04 
 6.58750000e-06  5.11592960e-04 
 6.58850000e-06  5.11592960e-04 
 6.58950000e-06  5.11592960e-04 
 6.59050000e-06  5.11592960e-04 
 6.59150000e-06  5.11592960e-04 
 6.59250000e-06  5.11592960e-04 
 6.59350000e-06  5.11592960e-04 
 6.59450000e-06  5.11592960e-04 
 6.59550000e-06  5.11592960e-04 
 6.59650000e-06  5.11592960e-04 
 6.59750000e-06  5.11592960e-04 
 6.59850000e-06  5.11592960e-04 
 6.59950000e-06  5.11592960e-04 
 6.60050000e-06  5.11592960e-04 
 6.60150000e-06  5.11592960e-04 
 6.60250000e-06  5.11592960e-04 
 6.60350000e-06  5.11592960e-04 
 6.60450000e-06  5.11592960e-04 
 6.60550000e-06  5.11592960e-04 
 6.60650000e-06  5.11592960e-04 
 6.60750000e-06  5.11592960e-04 
 6.60850000e-06  5.11592960e-04 
 6.60950000e-06  5.11592960e-04 
 6.61050000e-06  5.11592960e-04 
 6.61150000e-06  5.11592960e-04 
 6.61250000e-06  5.11592960e-04 
 6.61350000e-06  5.11592960e-04 
 6.61450000e-06  5.11592960e-04 
 6.61550000e-06  5.11592960e-04 
 6.61650000e-06  5.11592960e-04 
 6.61750000e-06  5.11592960e-04 
 6.61850000e-06  5.11592960e-04 
 6.61950000e-06  5.11592960e-04 
 6.62050000e-06  5.11592960e-04 
 6.62150000e-06  5.11592960e-04 
 6.62250000e-06  5.11592960e-04 
 6.62350000e-06  5.11592960e-04 
 6.62450000e-06  5.11592960e-04 
 6.62550000e-06  5.11592960e-04 
 6.62650000e-06  5.11592960e-04 
 6.62750000e-06  5.11592960e-04 
 6.62850000e-06  5.11592960e-04 
 6.62950000e-06  5.11592960e-04 
 6.63050000e-06  5.11592960e-04 
 6.63150000e-06  5.11592960e-04 
 6.63250000e-06  5.11592960e-04 
 6.63350000e-06  5.11592960e-04 
 6.63450000e-06  5.11592960e-04 
 6.63550000e-06  5.11592960e-04 
 6.63650000e-06  5.11592960e-04 
 6.63750000e-06  5.11592960e-04 
 6.63850000e-06  5.11592960e-04 
 6.63950000e-06  5.11592960e-04 
 6.64050000e-06  5.11592960e-04 
 6.64150000e-06  5.11592960e-04 
 6.64250000e-06  5.11592960e-04 
 6.64350000e-06  5.11592960e-04 
 6.64450000e-06  5.11592960e-04 
 6.64550000e-06  5.11592960e-04 
 6.64650000e-06  5.11592960e-04 
 6.64750000e-06  5.11592960e-04 
 6.64850000e-06  5.11592960e-04 
 6.64950000e-06  5.11592960e-04 
 6.65050000e-06  5.11592960e-04 
 6.65150000e-06  5.11592960e-04 
 6.65250000e-06  5.11592960e-04 
 6.65350000e-06  5.11592960e-04 
 6.65450000e-06  5.11592960e-04 
 6.65550000e-06  5.11592960e-04 
 6.65650000e-06  5.11592960e-04 
 6.65750000e-06  5.11592960e-04 
 6.65850000e-06  5.11592960e-04 
 6.65950000e-06  5.11592960e-04 
 6.66050000e-06  5.11592960e-04 
 6.66150000e-06  5.11592960e-04 
 6.66250000e-06  5.11592960e-04 
 6.66350000e-06  5.11592960e-04 
 6.66450000e-06  5.11592960e-04 
 6.66550000e-06  5.11592960e-04 
 6.66650000e-06  5.11592960e-04 
 6.66750000e-06  5.11592960e-04 
 6.66850000e-06  5.11592960e-04 
 6.66950000e-06  5.11592960e-04 
 6.67050000e-06  5.11592960e-04 
 6.67150000e-06  5.11592960e-04 
 6.67250000e-06  5.11592960e-04 
 6.67350000e-06  5.11592960e-04 
 6.67450000e-06  5.11592960e-04 
 6.67550000e-06  5.11592960e-04 
 6.67650000e-06  5.11592960e-04 
 6.67750000e-06  5.11592960e-04 
 6.67850000e-06  5.11592960e-04 
 6.67950000e-06  5.11592960e-04 
 6.68050000e-06  5.11592960e-04 
 6.68150000e-06  5.11592960e-04 
 6.68250000e-06  5.11592960e-04 
 6.68350000e-06  5.11592960e-04 
 6.68450000e-06  5.11592960e-04 
 6.68550000e-06  5.11592960e-04 
 6.68650000e-06  5.11592960e-04 
 6.68750000e-06  5.11592960e-04 
 6.68850000e-06  5.11592960e-04 
 6.68950000e-06  5.11592960e-04 
 6.69050000e-06  5.11592960e-04 
 6.69150000e-06  5.11592960e-04 
 6.69250000e-06  5.11592960e-04 
 6.69350000e-06  5.11592960e-04 
 6.69450000e-06  5.11592960e-04 
 6.69550000e-06  5.11592960e-04 
 6.69650000e-06  5.11592960e-04 
 6.69750000e-06  5.11592960e-04 
 6.69850000e-06  5.11592960e-04 
 6.69950000e-06  5.11592960e-04 
 6.70050000e-06  5.11592960e-04 
 6.70150000e-06  5.11592960e-04 
 6.70250000e-06  5.11592960e-04 
 6.70350000e-06  5.11592960e-04 
 6.70450000e-06  5.11592960e-04 
 6.70550000e-06  5.11592960e-04 
 6.70650000e-06  5.11592960e-04 
 6.70750000e-06  5.11592960e-04 
 6.70850000e-06  5.11592960e-04 
 6.70950000e-06  5.11592960e-04 
 6.71050000e-06  5.11592960e-04 
 6.71150000e-06  5.11592960e-04 
 6.71250000e-06  5.11592960e-04 
 6.71350000e-06  5.11592960e-04 
 6.71450000e-06  5.11592960e-04 
 6.71550000e-06  5.11592960e-04 
 6.71650000e-06  5.11592960e-04 
 6.71750000e-06  5.11592960e-04 
 6.71850000e-06  5.11592960e-04 
 6.71950000e-06  5.11592960e-04 
 6.72050000e-06  5.11592960e-04 
 6.72150000e-06  5.11592960e-04 
 6.72250000e-06  5.11592960e-04 
 6.72350000e-06  5.11592960e-04 
 6.72450000e-06  5.11592960e-04 
 6.72550000e-06  5.11592960e-04 
 6.72650000e-06  5.11592960e-04 
 6.72750000e-06  5.11592960e-04 
 6.72850000e-06  5.11592960e-04 
 6.72950000e-06  5.11592960e-04 
 6.73050000e-06  5.11592960e-04 
 6.73150000e-06  5.11592960e-04 
 6.73250000e-06  5.11592960e-04 
 6.73350000e-06  5.11592960e-04 
 6.73450000e-06  5.11592960e-04 
 6.73550000e-06  5.11592960e-04 
 6.73650000e-06  5.11592960e-04 
 6.73750000e-06  5.11592960e-04 
 6.73850000e-06  5.11592960e-04 
 6.73950000e-06  5.11592960e-04 
 6.74050000e-06  5.11592960e-04 
 6.74150000e-06  5.11592960e-04 
 6.74250000e-06  5.11592960e-04 
 6.74350000e-06  5.11592960e-04 
 6.74450000e-06  5.11592960e-04 
 6.74550000e-06  5.11592960e-04 
 6.74650000e-06  5.11592960e-04 
 6.74750000e-06  5.11592960e-04 
 6.74850000e-06  5.11592960e-04 
 6.74950000e-06  5.11592960e-04 
 6.75050000e-06  5.11592960e-04 
 6.75150000e-06  5.11592960e-04 
 6.75250000e-06  5.11592960e-04 
 6.75350000e-06  5.11592960e-04 
 6.75450000e-06  5.11592960e-04 
 6.75550000e-06  5.11592960e-04 
 6.75650000e-06  5.11592960e-04 
 6.75750000e-06  5.11592960e-04 
 6.75850000e-06  5.11592960e-04 
 6.75950000e-06  5.11592960e-04 
 6.76050000e-06  5.11592960e-04 
 6.76150000e-06  5.11592960e-04 
 6.76250000e-06  5.11592960e-04 
 6.76350000e-06  5.11592960e-04 
 6.76450000e-06  5.11592960e-04 
 6.76550000e-06  5.11592960e-04 
 6.76650000e-06  5.11592960e-04 
 6.76750000e-06  5.11592960e-04 
 6.76850000e-06  5.11592960e-04 
 6.76950000e-06  5.11592960e-04 
 6.77050000e-06  5.11592960e-04 
 6.77150000e-06  5.11592960e-04 
 6.77250000e-06  5.11592960e-04 
 6.77350000e-06  5.11592960e-04 
 6.77450000e-06  5.11592960e-04 
 6.77550000e-06  5.11592960e-04 
 6.77650000e-06  5.11592960e-04 
 6.77750000e-06  5.11592960e-04 
 6.77850000e-06  5.11592960e-04 
 6.77950000e-06  5.11592960e-04 
 6.78050000e-06  5.11592960e-04 
 6.78150000e-06  5.11592960e-04 
 6.78250000e-06  5.11592960e-04 
 6.78350000e-06  5.11592960e-04 
 6.78450000e-06  5.11592960e-04 
 6.78550000e-06  5.11592960e-04 
 6.78650000e-06  5.11592960e-04 
 6.78750000e-06  5.11592960e-04 
 6.78850000e-06  5.11592960e-04 
 6.78950000e-06  5.11592960e-04 
 6.79050000e-06  5.11592960e-04 
 6.79150000e-06  5.11592960e-04 
 6.79250000e-06  5.11592960e-04 
 6.79350000e-06  5.11592960e-04 
 6.79450000e-06  5.11592960e-04 
 6.79550000e-06  5.11592960e-04 
 6.79650000e-06  5.11592960e-04 
 6.79750000e-06  5.11592960e-04 
 6.79850000e-06  5.11592960e-04 
 6.79950000e-06  5.11592960e-04 
 6.80050000e-06  5.11592960e-04 
 6.80150000e-06  5.11592960e-04 
 6.80250000e-06  5.11592960e-04 
 6.80350000e-06  5.11592960e-04 
 6.80450000e-06  5.11592960e-04 
 6.80550000e-06  5.11592960e-04 
 6.80650000e-06  5.11592960e-04 
 6.80750000e-06  5.11592960e-04 
 6.80850000e-06  5.11592960e-04 
 6.80950000e-06  5.11592960e-04 
 6.81050000e-06  5.11592960e-04 
 6.81150000e-06  5.11592960e-04 
 6.81250000e-06  5.11592960e-04 
 6.81350000e-06  5.11592960e-04 
 6.81450000e-06  5.11592960e-04 
 6.81550000e-06  5.11592960e-04 
 6.81650000e-06  5.11592960e-04 
 6.81750000e-06  5.11592960e-04 
 6.81850000e-06  5.11592960e-04 
 6.81950000e-06  5.11592960e-04 
 6.82050000e-06  5.11592960e-04 
 6.82150000e-06  5.11592960e-04 
 6.82250000e-06  5.11592960e-04 
 6.82350000e-06  5.11592960e-04 
 6.82450000e-06  5.11592960e-04 
 6.82550000e-06  5.11592960e-04 
 6.82650000e-06  5.11592960e-04 
 6.82750000e-06  5.11592960e-04 
 6.82850000e-06  5.11592960e-04 
 6.82950000e-06  5.11592960e-04 
 6.83050000e-06  5.11592960e-04 
 6.83150000e-06  5.11592960e-04 
 6.83250000e-06  5.11592960e-04 
 6.83350000e-06  5.11592960e-04 
 6.83450000e-06  5.11592960e-04 
 6.83550000e-06  5.11592960e-04 
 6.83650000e-06  5.11592960e-04 
 6.83750000e-06  5.11592960e-04 
 6.83850000e-06  5.11592960e-04 
 6.83950000e-06  5.11592960e-04 
 6.84050000e-06  5.11592960e-04 
 6.84150000e-06  5.11592960e-04 
 6.84250000e-06  5.11592960e-04 
 6.84350000e-06  5.11592960e-04 
 6.84450000e-06  5.11592960e-04 
 6.84550000e-06  5.11592960e-04 
 6.84650000e-06  5.11592960e-04 
 6.84750000e-06  5.11592960e-04 
 6.84850000e-06  5.11592960e-04 
 6.84950000e-06  5.11592960e-04 
 6.85050000e-06  5.11592960e-04 
 6.85150000e-06  5.11592960e-04 
 6.85250000e-06  5.11592960e-04 
 6.85350000e-06  5.11592960e-04 
 6.85450000e-06  5.11592960e-04 
 6.85550000e-06  5.11592960e-04 
 6.85650000e-06  5.11592960e-04 
 6.85750000e-06  5.11592960e-04 
 6.85850000e-06  5.11592960e-04 
 6.85950000e-06  5.11592960e-04 
 6.86050000e-06  5.11592960e-04 
 6.86150000e-06  5.11592960e-04 
 6.86250000e-06  5.11592960e-04 
 6.86350000e-06  5.11592960e-04 
 6.86450000e-06  5.11592960e-04 
 6.86550000e-06  5.11592960e-04 
 6.86650000e-06  5.11592960e-04 
 6.86750000e-06  5.11592960e-04 
 6.86850000e-06  5.11592960e-04 
 6.86950000e-06  5.11592960e-04 
 6.87050000e-06  5.11592960e-04 
 6.87150000e-06  5.11592960e-04 
 6.87250000e-06  5.11592960e-04 
 6.87350000e-06  5.11592960e-04 
 6.87450000e-06  5.11592960e-04 
 6.87550000e-06  5.11592960e-04 
 6.87650000e-06  5.11592960e-04 
 6.87750000e-06  5.11592960e-04 
 6.87850000e-06  5.11592960e-04 
 6.87950000e-06  5.11592960e-04 
 6.88050000e-06  5.11592960e-04 
 6.88150000e-06  5.11592960e-04 
 6.88250000e-06  5.11592960e-04 
 6.88350000e-06  5.11592960e-04 
 6.88450000e-06  5.11592960e-04 
 6.88550000e-06  5.11592960e-04 
 6.88650000e-06  5.11592960e-04 
 6.88750000e-06  5.11592960e-04 
 6.88850000e-06  5.11592960e-04 
 6.88950000e-06  5.11592960e-04 
 6.89050000e-06  5.11592960e-04 
 6.89150000e-06  5.11592960e-04 
 6.89250000e-06  5.11592960e-04 
 6.89350000e-06  5.11592960e-04 
 6.89450000e-06  5.11592960e-04 
 6.89550000e-06  5.11592960e-04 
 6.89650000e-06  5.11592960e-04 
 6.89750000e-06  5.11592960e-04 
 6.89850000e-06  5.11592960e-04 
 6.89950000e-06  5.11592960e-04 
 6.90050000e-06  5.11592960e-04 
 6.90150000e-06  5.11592960e-04 
 6.90250000e-06  5.11592960e-04 
 6.90350000e-06  5.11592960e-04 
 6.90450000e-06  5.11592960e-04 
 6.90550000e-06  5.11592960e-04 
 6.90650000e-06  5.11592960e-04 
 6.90750000e-06  5.11592960e-04 
 6.90850000e-06  5.11592960e-04 
 6.90950000e-06  5.11592960e-04 
 6.91050000e-06  5.11592960e-04 
 6.91150000e-06  5.11592960e-04 
 6.91250000e-06  5.11592960e-04 
 6.91350000e-06  5.11592960e-04 
 6.91450000e-06  5.11592960e-04 
 6.91550000e-06  5.11592960e-04 
 6.91650000e-06  5.11592960e-04 
 6.91750000e-06  5.11592960e-04 
 6.91850000e-06  5.11592960e-04 
 6.91950000e-06  5.11592960e-04 
 6.92050000e-06  5.11592960e-04 
 6.92150000e-06  5.11592960e-04 
 6.92250000e-06  5.11592960e-04 
 6.92350000e-06  5.11592960e-04 
 6.92450000e-06  5.11592960e-04 
 6.92550000e-06  5.11592960e-04 
 6.92650000e-06  5.11592960e-04 
 6.92750000e-06  5.11592960e-04 
 6.92850000e-06  5.11592960e-04 
 6.92950000e-06  5.11592960e-04 
 6.93050000e-06  5.11592960e-04 
 6.93150000e-06  5.11592960e-04 
 6.93250000e-06  5.11592960e-04 
 6.93350000e-06  5.11592960e-04 
 6.93450000e-06  5.11592960e-04 
 6.93550000e-06  5.11592960e-04 
 6.93650000e-06  5.11592960e-04 
 6.93750000e-06  5.11592960e-04 
 6.93850000e-06  5.11592960e-04 
 6.93950000e-06  5.11592960e-04 
 6.94050000e-06  5.11592960e-04 
 6.94150000e-06  5.11592960e-04 
 6.94250000e-06  5.11592960e-04 
 6.94350000e-06  5.11592960e-04 
 6.94450000e-06  5.11592960e-04 
 6.94550000e-06  5.11592960e-04 
 6.94650000e-06  5.11592960e-04 
 6.94750000e-06  5.11592960e-04 
 6.94850000e-06  5.11592960e-04 
 6.94950000e-06  5.11592960e-04 
 6.95050000e-06  5.11592960e-04 
 6.95150000e-06  5.11592960e-04 
 6.95250000e-06  5.11592960e-04 
 6.95350000e-06  5.11592960e-04 
 6.95450000e-06  5.11592960e-04 
 6.95550000e-06  5.11592960e-04 
 6.95650000e-06  5.11592960e-04 
 6.95750000e-06  5.11592960e-04 
 6.95850000e-06  5.11592960e-04 
 6.95950000e-06  5.11592960e-04 
 6.96050000e-06  5.11592960e-04 
 6.96150000e-06  5.11592960e-04 
 6.96250000e-06  5.11592960e-04 
 6.96350000e-06  5.11592960e-04 
 6.96450000e-06  5.11592960e-04 
 6.96550000e-06  5.11592960e-04 
 6.96650000e-06  5.11592960e-04 
 6.96750000e-06  5.11592960e-04 
 6.96850000e-06  5.11592960e-04 
 6.96950000e-06  5.11592960e-04 
 6.97050000e-06  5.11592960e-04 
 6.97150000e-06  5.11592960e-04 
 6.97250000e-06  5.11592960e-04 
 6.97350000e-06  5.11592960e-04 
 6.97450000e-06  5.11592960e-04 
 6.97550000e-06  5.11592960e-04 
 6.97650000e-06  5.11592960e-04 
 6.97750000e-06  5.11592960e-04 
 6.97850000e-06  5.11592960e-04 
 6.97950000e-06  5.11592960e-04 
 6.98050000e-06  5.11592960e-04 
 6.98150000e-06  5.11592960e-04 
 6.98250000e-06  5.11592960e-04 
 6.98350000e-06  5.11592960e-04 
 6.98450000e-06  5.11592960e-04 
 6.98550000e-06  5.11592960e-04 
 6.98650000e-06  5.11592960e-04 
 6.98750000e-06  5.11592960e-04 
 6.98850000e-06  5.11592960e-04 
 6.98950000e-06  5.11592960e-04 
 6.99050000e-06  5.11592960e-04 
 6.99150000e-06  5.11592960e-04 
 6.99250000e-06  5.11592960e-04 
 6.99350000e-06  5.11592960e-04 
 6.99450000e-06  5.11592960e-04 
 6.99550000e-06  5.11592960e-04 
 6.99650000e-06  5.11592960e-04 
 6.99750000e-06  5.11592960e-04 
 6.99850000e-06  5.11592960e-04 
 6.99950000e-06  5.11592960e-04 
 7.00050000e-06  5.11592960e-04 
 7.00150000e-06  5.11592960e-04 
 7.00250000e-06  5.11592960e-04 
 7.00350000e-06  5.11592960e-04 
 7.00450000e-06  5.11592960e-04 
 7.00550000e-06  5.11592960e-04 
 7.00650000e-06  5.11592960e-04 
 7.00750000e-06  5.11592960e-04 
 7.00850000e-06  5.11592960e-04 
 7.00950000e-06  5.11592960e-04 
 7.01050000e-06  5.11592960e-04 
 7.01150000e-06  5.11592960e-04 
 7.01250000e-06  5.11592960e-04 
 7.01350000e-06  5.11592960e-04 
 7.01450000e-06  5.11592960e-04 
 7.01550000e-06  5.11592960e-04 
 7.01650000e-06  5.11592960e-04 
 7.01750000e-06  5.11592960e-04 
 7.01850000e-06  5.11592960e-04 
 7.01950000e-06  5.11592960e-04 
 7.02050000e-06  5.11592960e-04 
 7.02150000e-06  5.11592960e-04 
 7.02250000e-06  5.11592960e-04 
 7.02350000e-06  5.11592960e-04 
 7.02450000e-06  5.11592960e-04 
 7.02550000e-06  5.11592960e-04 
 7.02650000e-06  5.11592960e-04 
 7.02750000e-06  5.11592960e-04 
 7.02850000e-06  5.11592960e-04 
 7.02950000e-06  5.11592960e-04 
 7.03050000e-06  5.11592960e-04 
 7.03150000e-06  5.11592960e-04 
 7.03250000e-06  5.11592960e-04 
 7.03350000e-06  5.11592960e-04 
 7.03450000e-06  5.11592960e-04 
 7.03550000e-06  5.11592960e-04 
 7.03650000e-06  5.11592960e-04 
 7.03750000e-06  5.11592960e-04 
 7.03850000e-06  5.11592960e-04 
 7.03950000e-06  5.11592960e-04 
 7.04050000e-06  5.11592960e-04 
 7.04150000e-06  5.11592960e-04 
 7.04250000e-06  5.11592960e-04 
 7.04350000e-06  5.11592960e-04 
 7.04450000e-06  5.11592960e-04 
 7.04550000e-06  5.11592960e-04 
 7.04650000e-06  5.11592960e-04 
 7.04750000e-06  5.11592960e-04 
 7.04850000e-06  5.11592960e-04 
 7.04950000e-06  5.11592960e-04 
 7.05050000e-06  5.11592960e-04 
 7.05150000e-06  5.11592960e-04 
 7.05250000e-06  5.11592960e-04 
 7.05350000e-06  5.11592960e-04 
 7.05450000e-06  5.11592960e-04 
 7.05550000e-06  5.11592960e-04 
 7.05650000e-06  5.11592960e-04 
 7.05750000e-06  5.11592960e-04 
 7.05850000e-06  5.11592960e-04 
 7.05950000e-06  5.11592960e-04 
 7.06050000e-06  5.11592960e-04 
 7.06150000e-06  5.11592960e-04 
 7.06250000e-06  5.11592960e-04 
 7.06350000e-06  5.11592960e-04 
 7.06450000e-06  5.11592960e-04 
 7.06550000e-06  5.11592960e-04 
 7.06650000e-06  5.11592960e-04 
 7.06750000e-06  5.11592960e-04 
 7.06850000e-06  5.11592960e-04 
 7.06950000e-06  5.11592960e-04 
 7.07050000e-06  5.11592960e-04 
 7.07150000e-06  5.11592960e-04 
 7.07250000e-06  5.11592960e-04 
 7.07350000e-06  5.11592960e-04 
 7.07450000e-06  5.11592960e-04 
 7.07550000e-06  5.11592960e-04 
 7.07650000e-06  5.11592960e-04 
 7.07750000e-06  5.11592960e-04 
 7.07850000e-06  5.11592960e-04 
 7.07950000e-06  5.11592960e-04 
 7.08050000e-06  5.11592960e-04 
 7.08150000e-06  5.11592960e-04 
 7.08250000e-06  5.11592960e-04 
 7.08350000e-06  5.11592960e-04 
 7.08450000e-06  5.11592960e-04 
 7.08550000e-06  5.11592960e-04 
 7.08650000e-06  5.11592960e-04 
 7.08750000e-06  5.11592960e-04 
 7.08850000e-06  5.11592960e-04 
 7.08950000e-06  5.11592960e-04 
 7.09050000e-06  5.11592960e-04 
 7.09150000e-06  5.11592960e-04 
 7.09250000e-06  5.11592960e-04 
 7.09350000e-06  5.11592960e-04 
 7.09450000e-06  5.11592960e-04 
 7.09550000e-06  5.11592960e-04 
 7.09650000e-06  5.11592960e-04 
 7.09750000e-06  5.11592960e-04 
 7.09850000e-06  5.11592960e-04 
 7.09950000e-06  5.11592960e-04 
 7.10050000e-06  5.11592960e-04 
 7.10150000e-06  5.11592960e-04 
 7.10250000e-06  5.11592960e-04 
 7.10350000e-06  5.11592960e-04 
 7.10450000e-06  5.11592960e-04 
 7.10550000e-06  5.11592960e-04 
 7.10650000e-06  5.11592960e-04 
 7.10750000e-06  5.11592960e-04 
 7.10850000e-06  5.11592960e-04 
 7.10950000e-06  5.11592960e-04 
 7.11050000e-06  5.11592960e-04 
 7.11150000e-06  5.11592960e-04 
 7.11250000e-06  5.11592960e-04 
 7.11350000e-06  5.11592960e-04 
 7.11450000e-06  5.11592960e-04 
 7.11550000e-06  5.11592960e-04 
 7.11650000e-06  5.11592960e-04 
 7.11750000e-06  5.11592960e-04 
 7.11850000e-06  5.11592960e-04 
 7.11950000e-06  5.11592960e-04 
 7.12050000e-06  5.11592960e-04 
 7.12150000e-06  5.11592960e-04 
 7.12250000e-06  5.11592960e-04 
 7.12350000e-06  5.11592960e-04 
 7.12450000e-06  5.11592960e-04 
 7.12550000e-06  5.11592960e-04 
 7.12650000e-06  5.11592960e-04 
 7.12750000e-06  5.11592960e-04 
 7.12850000e-06  5.11592960e-04 
 7.12950000e-06  5.11592960e-04 
 7.13050000e-06  5.11592960e-04 
 7.13150000e-06  5.11592960e-04 
 7.13250000e-06  5.11592960e-04 
 7.13350000e-06  5.11592960e-04 
 7.13450000e-06  5.11592960e-04 
 7.13550000e-06  5.11592960e-04 
 7.13650000e-06  5.11592960e-04 
 7.13750000e-06  5.11592960e-04 
 7.13850000e-06  5.11592960e-04 
 7.13950000e-06  5.11592960e-04 
 7.14050000e-06  5.11592960e-04 
 7.14150000e-06  5.11592960e-04 
 7.14250000e-06  5.11592960e-04 
 7.14350000e-06  5.11592960e-04 
 7.14450000e-06  5.11592960e-04 
 7.14550000e-06  5.11592960e-04 
 7.14650000e-06  5.11592960e-04 
 7.14750000e-06  5.11592960e-04 
 7.14850000e-06  5.11592960e-04 
 7.14950000e-06  5.11592960e-04 
 7.15050000e-06  5.11592960e-04 
 7.15150000e-06  5.11592960e-04 
 7.15250000e-06  5.11592960e-04 
 7.15350000e-06  5.11592960e-04 
 7.15450000e-06  5.11592960e-04 
 7.15550000e-06  5.11592960e-04 
 7.15650000e-06  5.11592960e-04 
 7.15750000e-06  5.11592960e-04 
 7.15850000e-06  5.11592960e-04 
 7.15950000e-06  5.11592960e-04 
 7.16050000e-06  5.11592960e-04 
 7.16150000e-06  5.11592960e-04 
 7.16250000e-06  5.11592960e-04 
 7.16350000e-06  5.11592960e-04 
 7.16450000e-06  5.11592960e-04 
 7.16550000e-06  5.11592960e-04 
 7.16650000e-06  5.11592960e-04 
 7.16750000e-06  5.11592960e-04 
 7.16850000e-06  5.11592960e-04 
 7.16950000e-06  5.11592960e-04 
 7.17050000e-06  5.11592960e-04 
 7.17150000e-06  5.11592960e-04 
 7.17250000e-06  5.11592960e-04 
 7.17350000e-06  5.11592960e-04 
 7.17450000e-06  5.11592960e-04 
 7.17550000e-06  5.11592960e-04 
 7.17650000e-06  5.11592960e-04 
 7.17750000e-06  5.11592960e-04 
 7.17850000e-06  5.11592960e-04 
 7.17950000e-06  5.11592960e-04 
 7.18050000e-06  5.11592960e-04 
 7.18150000e-06  5.11592960e-04 
 7.18250000e-06  5.11592960e-04 
 7.18350000e-06  5.11592960e-04 
 7.18450000e-06  5.11592960e-04 
 7.18550000e-06  5.11592960e-04 
 7.18650000e-06  5.11592960e-04 
 7.18750000e-06  5.11592960e-04 
 7.18850000e-06  5.11592960e-04 
 7.18950000e-06  5.11592960e-04 
 7.19050000e-06  5.11592960e-04 
 7.19150000e-06  5.11592960e-04 
 7.19250000e-06  5.11592960e-04 
 7.19350000e-06  5.11592960e-04 
 7.19450000e-06  5.11592960e-04 
 7.19550000e-06  5.11592960e-04 
 7.19650000e-06  5.11592960e-04 
 7.19750000e-06  5.11592960e-04 
 7.19850000e-06  5.11592960e-04 
 7.19950000e-06  5.11592960e-04 
 7.20050000e-06  5.11592960e-04 
 7.20150000e-06  5.11592960e-04 
 7.20250000e-06  5.11592960e-04 
 7.20350000e-06  5.11592960e-04 
 7.20450000e-06  5.11592960e-04 
 7.20550000e-06  5.11592960e-04 
 7.20650000e-06  5.11592960e-04 
 7.20750000e-06  5.11592960e-04 
 7.20850000e-06  5.11592960e-04 
 7.20950000e-06  5.11592960e-04 
 7.21050000e-06  5.11592960e-04 
 7.21150000e-06  5.11592960e-04 
 7.21250000e-06  5.11592960e-04 
 7.21350000e-06  5.11592960e-04 
 7.21450000e-06  5.11592960e-04 
 7.21550000e-06  5.11592960e-04 
 7.21650000e-06  5.11592960e-04 
 7.21750000e-06  5.11592960e-04 
 7.21850000e-06  5.11592960e-04 
 7.21950000e-06  5.11592960e-04 
 7.22050000e-06  5.11592960e-04 
 7.22150000e-06  5.11592960e-04 
 7.22250000e-06  5.11592960e-04 
 7.22350000e-06  5.11592960e-04 
 7.22450000e-06  5.11592960e-04 
 7.22550000e-06  5.11592960e-04 
 7.22650000e-06  5.11592960e-04 
 7.22750000e-06  5.11592960e-04 
 7.22850000e-06  5.11592960e-04 
 7.22950000e-06  5.11592960e-04 
 7.23050000e-06  5.11592960e-04 
 7.23150000e-06  5.11592960e-04 
 7.23250000e-06  5.11592960e-04 
 7.23350000e-06  5.11592960e-04 
 7.23450000e-06  5.11592960e-04 
 7.23550000e-06  5.11592960e-04 
 7.23650000e-06  5.11592960e-04 
 7.23750000e-06  5.11592960e-04 
 7.23850000e-06  5.11592960e-04 
 7.23950000e-06  5.11592960e-04 
 7.24050000e-06  5.11592960e-04 
 7.24150000e-06  5.11592960e-04 
 7.24250000e-06  5.11592960e-04 
 7.24350000e-06  5.11592960e-04 
 7.24450000e-06  5.11592960e-04 
 7.24550000e-06  5.11592960e-04 
 7.24650000e-06  5.11592960e-04 
 7.24750000e-06  5.11592960e-04 
 7.24850000e-06  5.11592960e-04 
 7.24950000e-06  5.11592960e-04 
 7.25050000e-06  5.11592960e-04 
 7.25150000e-06  5.11592960e-04 
 7.25250000e-06  5.11592960e-04 
 7.25350000e-06  5.11592960e-04 
 7.25450000e-06  5.11592960e-04 
 7.25550000e-06  5.11592960e-04 
 7.25650000e-06  5.11592960e-04 
 7.25750000e-06  5.11592960e-04 
 7.25850000e-06  5.11592960e-04 
 7.25950000e-06  5.11592960e-04 
 7.26050000e-06  5.11592960e-04 
 7.26150000e-06  5.11592960e-04 
 7.26250000e-06  5.11592960e-04 
 7.26350000e-06  5.11592960e-04 
 7.26450000e-06  5.11592960e-04 
 7.26550000e-06  5.11592960e-04 
 7.26650000e-06  5.11592960e-04 
 7.26750000e-06  5.11592960e-04 
 7.26850000e-06  5.11592960e-04 
 7.26950000e-06  5.11592960e-04 
 7.27050000e-06  5.11592960e-04 
 7.27150000e-06  5.11592960e-04 
 7.27250000e-06  5.11592960e-04 
 7.27350000e-06  5.11592960e-04 
 7.27450000e-06  5.11592960e-04 
 7.27550000e-06  5.11592960e-04 
 7.27650000e-06  5.11592960e-04 
 7.27750000e-06  5.11592960e-04 
 7.27850000e-06  5.11592960e-04 
 7.27950000e-06  5.11592960e-04 
 7.28050000e-06  5.11592960e-04 
 7.28150000e-06  5.11592960e-04 
 7.28250000e-06  5.11592960e-04 
 7.28350000e-06  5.11592960e-04 
 7.28450000e-06  5.11592960e-04 
 7.28550000e-06  5.11592960e-04 
 7.28650000e-06  5.11592960e-04 
 7.28750000e-06  5.11592960e-04 
 7.28850000e-06  5.11592960e-04 
 7.28950000e-06  5.11592960e-04 
 7.29050000e-06  5.11592960e-04 
 7.29150000e-06  5.11592960e-04 
 7.29250000e-06  5.11592960e-04 
 7.29350000e-06  5.11592960e-04 
 7.29450000e-06  5.11592960e-04 
 7.29550000e-06  5.11592960e-04 
 7.29650000e-06  5.11592960e-04 
 7.29750000e-06  5.11592960e-04 
 7.29850000e-06  5.11592960e-04 
 7.29950000e-06  5.11592960e-04 
 7.30050000e-06  5.11592960e-04 
 7.30150000e-06  5.11592960e-04 
 7.30250000e-06  5.11592960e-04 
 7.30350000e-06  5.11592960e-04 
 7.30450000e-06  5.11592960e-04 
 7.30550000e-06  5.11592960e-04 
 7.30650000e-06  5.11592960e-04 
 7.30750000e-06  5.11592960e-04 
 7.30850000e-06  5.11592960e-04 
 7.30950000e-06  5.11592960e-04 
 7.31050000e-06  5.11592960e-04 
 7.31150000e-06  5.11592960e-04 
 7.31250000e-06  5.11592960e-04 
 7.31350000e-06  5.11592960e-04 
 7.31450000e-06  5.11592960e-04 
 7.31550000e-06  5.11592960e-04 
 7.31650000e-06  5.11592960e-04 
 7.31750000e-06  5.11592960e-04 
 7.31850000e-06  5.11592960e-04 
 7.31950000e-06  5.11592960e-04 
 7.32050000e-06  5.11592960e-04 
 7.32150000e-06  5.11592960e-04 
 7.32250000e-06  5.11592960e-04 
 7.32350000e-06  5.11592960e-04 
 7.32450000e-06  5.11592960e-04 
 7.32550000e-06  5.11592960e-04 
 7.32650000e-06  5.11592960e-04 
 7.32750000e-06  5.11592960e-04 
 7.32850000e-06  5.11592960e-04 
 7.32950000e-06  5.11592960e-04 
 7.33050000e-06  5.11592960e-04 
 7.33150000e-06  5.11592960e-04 
 7.33250000e-06  5.11592960e-04 
 7.33350000e-06  5.11592960e-04 
 7.33450000e-06  5.11592960e-04 
 7.33550000e-06  5.11592960e-04 
 7.33650000e-06  5.11592960e-04 
 7.33750000e-06  5.11592960e-04 
 7.33850000e-06  5.11592960e-04 
 7.33950000e-06  5.11592960e-04 
 7.34050000e-06  5.11592960e-04 
 7.34150000e-06  5.11592960e-04 
 7.34250000e-06  5.11592960e-04 
 7.34350000e-06  5.11592960e-04 
 7.34450000e-06  5.11592960e-04 
 7.34550000e-06  5.11592960e-04 
 7.34650000e-06  5.11592960e-04 
 7.34750000e-06  5.11592960e-04 
 7.34850000e-06  5.11592960e-04 
 7.34950000e-06  5.11592960e-04 
 7.35050000e-06  5.11592960e-04 
 7.35150000e-06  5.11592960e-04 
 7.35250000e-06  5.11592960e-04 
 7.35350000e-06  5.11592960e-04 
 7.35450000e-06  5.11592960e-04 
 7.35550000e-06  5.11592960e-04 
 7.35650000e-06  5.11592960e-04 
 7.35750000e-06  5.11592960e-04 
 7.35850000e-06  5.11592960e-04 
 7.35950000e-06  5.11592960e-04 
 7.36050000e-06  5.11592960e-04 
 7.36150000e-06  5.11592960e-04 
 7.36250000e-06  5.11592960e-04 
 7.36350000e-06  5.11592960e-04 
 7.36450000e-06  5.11592960e-04 
 7.36550000e-06  5.11592960e-04 
 7.36650000e-06  5.11592960e-04 
 7.36750000e-06  5.11592960e-04 
 7.36850000e-06  5.11592960e-04 
 7.36950000e-06  5.11592960e-04 
 7.37050000e-06  5.11592960e-04 
 7.37150000e-06  5.11592960e-04 
 7.37250000e-06  5.11592960e-04 
 7.37350000e-06  5.11592960e-04 
 7.37450000e-06  5.11592960e-04 
 7.37550000e-06  5.11592960e-04 
 7.37650000e-06  5.11592960e-04 
 7.37750000e-06  5.11592960e-04 
 7.37850000e-06  5.11592960e-04 
 7.37950000e-06  5.11592960e-04 
 7.38050000e-06  5.11592960e-04 
 7.38150000e-06  5.11592960e-04 
 7.38250000e-06  5.11592960e-04 
 7.38350000e-06  5.11592960e-04 
 7.38450000e-06  5.11592960e-04 
 7.38550000e-06  5.11592960e-04 
 7.38650000e-06  5.11592960e-04 
 7.38750000e-06  5.11592960e-04 
 7.38850000e-06  5.11592960e-04 
 7.38950000e-06  5.11592960e-04 
 7.39050000e-06  5.11592960e-04 
 7.39150000e-06  5.11592960e-04 
 7.39250000e-06  5.11592960e-04 
 7.39350000e-06  5.11592960e-04 
 7.39450000e-06  5.11592960e-04 
 7.39550000e-06  5.11592960e-04 
 7.39650000e-06  5.11592960e-04 
 7.39750000e-06  5.11592960e-04 
 7.39850000e-06  5.11592960e-04 
 7.39950000e-06  5.11592960e-04 
 7.40050000e-06  5.11592960e-04 
 7.40150000e-06  5.11592960e-04 
 7.40250000e-06  5.11592960e-04 
 7.40350000e-06  5.11592960e-04 
 7.40450000e-06  5.11592960e-04 
 7.40550000e-06  5.11592960e-04 
 7.40650000e-06  5.11592960e-04 
 7.40750000e-06  5.11592960e-04 
 7.40850000e-06  5.11592960e-04 
 7.40950000e-06  5.11592960e-04 
 7.41050000e-06  5.11592960e-04 
 7.41150000e-06  5.11592960e-04 
 7.41250000e-06  5.11592960e-04 
 7.41350000e-06  5.11592960e-04 
 7.41450000e-06  5.11592960e-04 
 7.41550000e-06  5.11592960e-04 
 7.41650000e-06  5.11592960e-04 
 7.41750000e-06  5.11592960e-04 
 7.41850000e-06  5.11592960e-04 
 7.41950000e-06  5.11592960e-04 
 7.42050000e-06  5.11592960e-04 
 7.42150000e-06  5.11592960e-04 
 7.42250000e-06  5.11592960e-04 
 7.42350000e-06  5.11592960e-04 
 7.42450000e-06  5.11592960e-04 
 7.42550000e-06  5.11592960e-04 
 7.42650000e-06  5.11592960e-04 
 7.42750000e-06  5.11592960e-04 
 7.42850000e-06  5.11592960e-04 
 7.42950000e-06  5.11592960e-04 
 7.43050000e-06  5.11592960e-04 
 7.43150000e-06  5.11592960e-04 
 7.43250000e-06  5.11592960e-04 
 7.43350000e-06  5.11592960e-04 
 7.43450000e-06  5.11592960e-04 
 7.43550000e-06  5.11592960e-04 
 7.43650000e-06  5.11592960e-04 
 7.43750000e-06  5.11592960e-04 
 7.43850000e-06  5.11592960e-04 
 7.43950000e-06  5.11592960e-04 
 7.44050000e-06  5.11592960e-04 
 7.44150000e-06  5.11592960e-04 
 7.44250000e-06  5.11592960e-04 
 7.44350000e-06  5.11592960e-04 
 7.44450000e-06  5.11592960e-04 
 7.44550000e-06  5.11592960e-04 
 7.44650000e-06  5.11592960e-04 
 7.44750000e-06  5.11592960e-04 
 7.44850000e-06  5.11592960e-04 
 7.44950000e-06  5.11592960e-04 
 7.45050000e-06  5.11592960e-04 
 7.45150000e-06  5.11592960e-04 
 7.45250000e-06  5.11592960e-04 
 7.45350000e-06  5.11592960e-04 
 7.45450000e-06  5.11592960e-04 
 7.45550000e-06  5.11592960e-04 
 7.45650000e-06  5.11592960e-04 
 7.45750000e-06  5.11592960e-04 
 7.45850000e-06  5.11592960e-04 
 7.45950000e-06  5.11592960e-04 
 7.46050000e-06  5.11592960e-04 
 7.46150000e-06  5.11592960e-04 
 7.46250000e-06  5.11592960e-04 
 7.46350000e-06  5.11592960e-04 
 7.46450000e-06  5.11592960e-04 
 7.46550000e-06  5.11592960e-04 
 7.46650000e-06  5.11592960e-04 
 7.46750000e-06  5.11592960e-04 
 7.46850000e-06  5.11592960e-04 
 7.46950000e-06  5.11592960e-04 
 7.47050000e-06  5.11592960e-04 
 7.47150000e-06  5.11592960e-04 
 7.47250000e-06  5.11592960e-04 
 7.47350000e-06  5.11592960e-04 
 7.47450000e-06  5.11592960e-04 
 7.47550000e-06  5.11592960e-04 
 7.47650000e-06  5.11592960e-04 
 7.47750000e-06  5.11592960e-04 
 7.47850000e-06  5.11592960e-04 
 7.47950000e-06  5.11592960e-04 
 7.48050000e-06  5.11592960e-04 
 7.48150000e-06  5.11592960e-04 
 7.48250000e-06  5.11592960e-04 
 7.48350000e-06  5.11592960e-04 
 7.48450000e-06  5.11592960e-04 
 7.48550000e-06  5.11592960e-04 
 7.48650000e-06  5.11592960e-04 
 7.48750000e-06  5.11592960e-04 
 7.48850000e-06  5.11592960e-04 
 7.48950000e-06  5.11592960e-04 
 7.49050000e-06  5.11592960e-04 
 7.49150000e-06  5.11592960e-04 
 7.49250000e-06  5.11592960e-04 
 7.49350000e-06  5.11592960e-04 
 7.49450000e-06  5.11592960e-04 
 7.49550000e-06  5.11592960e-04 
 7.49650000e-06  5.11592960e-04 
 7.49750000e-06  5.11592960e-04 
 7.49850000e-06  5.11592960e-04 
 7.49950000e-06  5.11592960e-04 
 7.50050000e-06  5.11592960e-04 
 7.50150000e-06  5.11592960e-04 
 7.50250000e-06  5.11592960e-04 
 7.50350000e-06  5.11592960e-04 
 7.50450000e-06  5.11592960e-04 
 7.50550000e-06  5.11592960e-04 
 7.50650000e-06  5.11592960e-04 
 7.50750000e-06  5.11592960e-04 
 7.50850000e-06  5.11592960e-04 
 7.50950000e-06  5.11592960e-04 
 7.51050000e-06  5.11592960e-04 
 7.51150000e-06  5.11592960e-04 
 7.51250000e-06  5.11592960e-04 
 7.51350000e-06  5.11592960e-04 
 7.51450000e-06  5.11592960e-04 
 7.51550000e-06  5.11592960e-04 
 7.51650000e-06  5.11592960e-04 
 7.51750000e-06  5.11592960e-04 
 7.51850000e-06  5.11592960e-04 
 7.51950000e-06  5.11592960e-04 
 7.52050000e-06  5.11592960e-04 
 7.52150000e-06  5.11592960e-04 
 7.52250000e-06  5.11592960e-04 
 7.52350000e-06  5.11592960e-04 
 7.52450000e-06  5.11592960e-04 
 7.52550000e-06  5.11592960e-04 
 7.52650000e-06  5.11592960e-04 
 7.52750000e-06  5.11592960e-04 
 7.52850000e-06  5.11592960e-04 
 7.52950000e-06  5.11592960e-04 
 7.53050000e-06  5.11592960e-04 
 7.53150000e-06  5.11592960e-04 
 7.53250000e-06  5.11592960e-04 
 7.53350000e-06  5.11592960e-04 
 7.53450000e-06  5.11592960e-04 
 7.53550000e-06  5.11592960e-04 
 7.53650000e-06  5.11592960e-04 
 7.53750000e-06  5.11592960e-04 
 7.53850000e-06  5.11592960e-04 
 7.53950000e-06  5.11592960e-04 
 7.54050000e-06  5.11592960e-04 
 7.54150000e-06  5.11592960e-04 
 7.54250000e-06  5.11592960e-04 
 7.54350000e-06  5.11592960e-04 
 7.54450000e-06  5.11592960e-04 
 7.54550000e-06  5.11592960e-04 
 7.54650000e-06  5.11592960e-04 
 7.54750000e-06  5.11592960e-04 
 7.54850000e-06  5.11592960e-04 
 7.54950000e-06  5.11592960e-04 
 7.55050000e-06  5.11592960e-04 
 7.55150000e-06  5.11592960e-04 
 7.55250000e-06  5.11592960e-04 
 7.55350000e-06  5.11592960e-04 
 7.55450000e-06  5.11592960e-04 
 7.55550000e-06  5.11592960e-04 
 7.55650000e-06  5.11592960e-04 
 7.55750000e-06  5.11592960e-04 
 7.55850000e-06  5.11592960e-04 
 7.55950000e-06  5.11592960e-04 
 7.56050000e-06  5.11592960e-04 
 7.56150000e-06  5.11592960e-04 
 7.56250000e-06  5.11592960e-04 
 7.56350000e-06  5.11592960e-04 
 7.56450000e-06  5.11592960e-04 
 7.56550000e-06  5.11592960e-04 
 7.56650000e-06  5.11592960e-04 
 7.56750000e-06  5.11592960e-04 
 7.56850000e-06  5.11592960e-04 
 7.56950000e-06  5.11592960e-04 
 7.57050000e-06  5.11592960e-04 
 7.57150000e-06  5.11592960e-04 
 7.57250000e-06  5.11592960e-04 
 7.57350000e-06  5.11592960e-04 
 7.57450000e-06  5.11592960e-04 
 7.57550000e-06  5.11592960e-04 
 7.57650000e-06  5.11592960e-04 
 7.57750000e-06  5.11592960e-04 
 7.57850000e-06  5.11592960e-04 
 7.57950000e-06  5.11592960e-04 
 7.58050000e-06  5.11592960e-04 
 7.58150000e-06  5.11592960e-04 
 7.58250000e-06  5.11592960e-04 
 7.58350000e-06  5.11592960e-04 
 7.58450000e-06  5.11592960e-04 
 7.58550000e-06  5.11592960e-04 
 7.58650000e-06  5.11592960e-04 
 7.58750000e-06  5.11592960e-04 
 7.58850000e-06  5.11592960e-04 
 7.58950000e-06  5.11592960e-04 
 7.59050000e-06  5.11592960e-04 
 7.59150000e-06  5.11592960e-04 
 7.59250000e-06  5.11592960e-04 
 7.59350000e-06  5.11592960e-04 
 7.59450000e-06  5.11592960e-04 
 7.59550000e-06  5.11592960e-04 
 7.59650000e-06  5.11592960e-04 
 7.59750000e-06  5.11592960e-04 
 7.59850000e-06  5.11592960e-04 
 7.59950000e-06  5.11592960e-04 
 7.60050000e-06  5.11592960e-04 
 7.60150000e-06  5.11592960e-04 
 7.60250000e-06  5.11592960e-04 
 7.60350000e-06  5.11592960e-04 
 7.60450000e-06  5.11592960e-04 
 7.60550000e-06  5.11592960e-04 
 7.60650000e-06  5.11592960e-04 
 7.60750000e-06  5.11592960e-04 
 7.60850000e-06  5.11592960e-04 
 7.60950000e-06  5.11592960e-04 
 7.61050000e-06  5.11592960e-04 
 7.61150000e-06  5.11592960e-04 
 7.61250000e-06  5.11592960e-04 
 7.61350000e-06  5.11592960e-04 
 7.61450000e-06  5.11592960e-04 
 7.61550000e-06  5.11592960e-04 
 7.61650000e-06  5.11592960e-04 
 7.61750000e-06  5.11592960e-04 
 7.61850000e-06  5.11592960e-04 
 7.61950000e-06  5.11592960e-04 
 7.62050000e-06  5.11592960e-04 
 7.62150000e-06  5.11592960e-04 
 7.62250000e-06  5.11592960e-04 
 7.62350000e-06  5.11592960e-04 
 7.62450000e-06  5.11592960e-04 
 7.62550000e-06  5.11592960e-04 
 7.62650000e-06  5.11592960e-04 
 7.62750000e-06  5.11592960e-04 
 7.62850000e-06  5.11592960e-04 
 7.62950000e-06  5.11592960e-04 
 7.63050000e-06  5.11592960e-04 
 7.63150000e-06  5.11592960e-04 
 7.63250000e-06  5.11592960e-04 
 7.63350000e-06  5.11592960e-04 
 7.63450000e-06  5.11592960e-04 
 7.63550000e-06  5.11592960e-04 
 7.63650000e-06  5.11592960e-04 
 7.63750000e-06  5.11592960e-04 
 7.63850000e-06  5.11592960e-04 
 7.63950000e-06  5.11592960e-04 
 7.64050000e-06  5.11592960e-04 
 7.64150000e-06  5.11592960e-04 
 7.64250000e-06  5.11592960e-04 
 7.64350000e-06  5.11592960e-04 
 7.64450000e-06  5.11592960e-04 
 7.64550000e-06  5.11592960e-04 
 7.64650000e-06  5.11592960e-04 
 7.64750000e-06  5.11592960e-04 
 7.64850000e-06  5.11592960e-04 
 7.64950000e-06  5.11592960e-04 
 7.65050000e-06  5.11592960e-04 
 7.65150000e-06  5.11592960e-04 
 7.65250000e-06  5.11592960e-04 
 7.65350000e-06  5.11592960e-04 
 7.65450000e-06  5.11592960e-04 
 7.65550000e-06  5.11592960e-04 
 7.65650000e-06  5.11592960e-04 
 7.65750000e-06  5.11592960e-04 
 7.65850000e-06  5.11592960e-04 
 7.65950000e-06  5.11592960e-04 
 7.66050000e-06  5.11592960e-04 
 7.66150000e-06  5.11592960e-04 
 7.66250000e-06  5.11592960e-04 
 7.66350000e-06  5.11592960e-04 
 7.66450000e-06  5.11592960e-04 
 7.66550000e-06  5.11592960e-04 
 7.66650000e-06  5.11592960e-04 
 7.66750000e-06  5.11592960e-04 
 7.66850000e-06  5.11592960e-04 
 7.66950000e-06  5.11592960e-04 
 7.67050000e-06  5.11592960e-04 
 7.67150000e-06  5.11592960e-04 
 7.67250000e-06  5.11592960e-04 
 7.67350000e-06  5.11592960e-04 
 7.67450000e-06  5.11592960e-04 
 7.67550000e-06  5.11592960e-04 
 7.67650000e-06  5.11592960e-04 
 7.67750000e-06  5.11592960e-04 
 7.67850000e-06  5.11592960e-04 
 7.67950000e-06  5.11592960e-04 
 7.68050000e-06  5.11592960e-04 
 7.68150000e-06  5.11592960e-04 
 7.68250000e-06  5.11592960e-04 
 7.68350000e-06  5.11592960e-04 
 7.68450000e-06  5.11592960e-04 
 7.68550000e-06  5.11592960e-04 
 7.68650000e-06  5.11592960e-04 
 7.68750000e-06  5.11592960e-04 
 7.68850000e-06  5.11592960e-04 
 7.68950000e-06  5.11592960e-04 
 7.69050000e-06  5.11592960e-04 
 7.69150000e-06  5.11592960e-04 
 7.69250000e-06  5.11592960e-04 
 7.69350000e-06  5.11592960e-04 
 7.69450000e-06  5.11592960e-04 
 7.69550000e-06  5.11592960e-04 
 7.69650000e-06  5.11592960e-04 
 7.69750000e-06  5.11592960e-04 
 7.69850000e-06  5.11592960e-04 
 7.69950000e-06  5.11592960e-04 
 7.70050000e-06  5.11592960e-04 
 7.70150000e-06  5.11592960e-04 
 7.70250000e-06  5.11592960e-04 
 7.70350000e-06  5.11592960e-04 
 7.70450000e-06  5.11592960e-04 
 7.70550000e-06  5.11592960e-04 
 7.70650000e-06  5.11592960e-04 
 7.70750000e-06  5.11592960e-04 
 7.70850000e-06  5.11592960e-04 
 7.70950000e-06  5.11592960e-04 
 7.71050000e-06  5.11592960e-04 
 7.71150000e-06  5.11592960e-04 
 7.71250000e-06  5.11592960e-04 
 7.71350000e-06  5.11592960e-04 
 7.71450000e-06  5.11592960e-04 
 7.71550000e-06  5.11592960e-04 
 7.71650000e-06  5.11592960e-04 
 7.71750000e-06  5.11592960e-04 
 7.71850000e-06  5.11592960e-04 
 7.71950000e-06  5.11592960e-04 
 7.72050000e-06  5.11592960e-04 
 7.72150000e-06  5.11592960e-04 
 7.72250000e-06  5.11592960e-04 
 7.72350000e-06  5.11592960e-04 
 7.72450000e-06  5.11592960e-04 
 7.72550000e-06  5.11592960e-04 
 7.72650000e-06  5.11592960e-04 
 7.72750000e-06  5.11592960e-04 
 7.72850000e-06  5.11592960e-04 
 7.72950000e-06  5.11592960e-04 
 7.73050000e-06  5.11592960e-04 
 7.73150000e-06  5.11592960e-04 
 7.73250000e-06  5.11592960e-04 
 7.73350000e-06  5.11592960e-04 
 7.73450000e-06  5.11592960e-04 
 7.73550000e-06  5.11592960e-04 
 7.73650000e-06  5.11592960e-04 
 7.73750000e-06  5.11592960e-04 
 7.73850000e-06  5.11592960e-04 
 7.73950000e-06  5.11592960e-04 
 7.74050000e-06  5.11592960e-04 
 7.74150000e-06  5.11592960e-04 
 7.74250000e-06  5.11592960e-04 
 7.74350000e-06  5.11592960e-04 
 7.74450000e-06  5.11592960e-04 
 7.74550000e-06  5.11592960e-04 
 7.74650000e-06  5.11592960e-04 
 7.74750000e-06  5.11592960e-04 
 7.74850000e-06  5.11592960e-04 
 7.74950000e-06  5.11592960e-04 
 7.75050000e-06  5.11592960e-04 
 7.75150000e-06  5.11592960e-04 
 7.75250000e-06  5.11592960e-04 
 7.75350000e-06  5.11592960e-04 
 7.75450000e-06  5.11592960e-04 
 7.75550000e-06  5.11592960e-04 
 7.75650000e-06  5.11592960e-04 
 7.75750000e-06  5.11592960e-04 
 7.75850000e-06  5.11592960e-04 
 7.75950000e-06  5.11592960e-04 
 7.76050000e-06  5.11592960e-04 
 7.76150000e-06  5.11592960e-04 
 7.76250000e-06  5.11592960e-04 
 7.76350000e-06  5.11592960e-04 
 7.76450000e-06  5.11592960e-04 
 7.76550000e-06  5.11592960e-04 
 7.76650000e-06  5.11592960e-04 
 7.76750000e-06  5.11592960e-04 
 7.76850000e-06  5.11592960e-04 
 7.76950000e-06  5.11592960e-04 
 7.77050000e-06  5.11592960e-04 
 7.77150000e-06  5.11592960e-04 
 7.77250000e-06  5.11592960e-04 
 7.77350000e-06  5.11592960e-04 
 7.77450000e-06  5.11592960e-04 
 7.77550000e-06  5.11592960e-04 
 7.77650000e-06  5.11592960e-04 
 7.77750000e-06  5.11592960e-04 
 7.77850000e-06  5.11592960e-04 
 7.77950000e-06  5.11592960e-04 
 7.78050000e-06  5.11592960e-04 
 7.78150000e-06  5.11592960e-04 
 7.78250000e-06  5.11592960e-04 
 7.78350000e-06  5.11592960e-04 
 7.78450000e-06  5.11592960e-04 
 7.78550000e-06  5.11592960e-04 
 7.78650000e-06  5.11592960e-04 
 7.78750000e-06  5.11592960e-04 
 7.78850000e-06  5.11592960e-04 
 7.78950000e-06  5.11592960e-04 
 7.79050000e-06  5.11592960e-04 
 7.79150000e-06  5.11592960e-04 
 7.79250000e-06  5.11592960e-04 
 7.79350000e-06  5.11592960e-04 
 7.79450000e-06  5.11592960e-04 
 7.79550000e-06  5.11592960e-04 
 7.79650000e-06  5.11592960e-04 
 7.79750000e-06  5.11592960e-04 
 7.79850000e-06  5.11592960e-04 
 7.79950000e-06  5.11592960e-04 
 7.80050000e-06  5.11592960e-04 
 7.80150000e-06  5.11592960e-04 
 7.80250000e-06  5.11592960e-04 
 7.80350000e-06  5.11592960e-04 
 7.80450000e-06  5.11592960e-04 
 7.80550000e-06  5.11592960e-04 
 7.80650000e-06  5.11592960e-04 
 7.80750000e-06  5.11592960e-04 
 7.80850000e-06  5.11592960e-04 
 7.80950000e-06  5.11592960e-04 
 7.81050000e-06  5.11592960e-04 
 7.81150000e-06  5.11592960e-04 
 7.81250000e-06  5.11592960e-04 
 7.81350000e-06  5.11592960e-04 
 7.81450000e-06  5.11592960e-04 
 7.81550000e-06  5.11592960e-04 
 7.81650000e-06  5.11592960e-04 
 7.81750000e-06  5.11592960e-04 
 7.81850000e-06  5.11592960e-04 
 7.81950000e-06  5.11592960e-04 
 7.82050000e-06  5.11592960e-04 
 7.82150000e-06  5.11592960e-04 
 7.82250000e-06  5.11592960e-04 
 7.82350000e-06  5.11592960e-04 
 7.82450000e-06  5.11592960e-04 
 7.82550000e-06  5.11592960e-04 
 7.82650000e-06  5.11592960e-04 
 7.82750000e-06  5.11592960e-04 
 7.82850000e-06  5.11592960e-04 
 7.82950000e-06  5.11592960e-04 
 7.83050000e-06  5.11592960e-04 
 7.83150000e-06  5.11592960e-04 
 7.83250000e-06  5.11592960e-04 
 7.83350000e-06  5.11592960e-04 
 7.83450000e-06  5.11592960e-04 
 7.83550000e-06  5.11592960e-04 
 7.83650000e-06  5.11592960e-04 
 7.83750000e-06  5.11592960e-04 
 7.83850000e-06  5.11592960e-04 
 7.83950000e-06  5.11592960e-04 
 7.84050000e-06  5.11592960e-04 
 7.84150000e-06  5.11592960e-04 
 7.84250000e-06  5.11592960e-04 
 7.84350000e-06  5.11592960e-04 
 7.84450000e-06  5.11592960e-04 
 7.84550000e-06  5.11592960e-04 
 7.84650000e-06  5.11592960e-04 
 7.84750000e-06  5.11592960e-04 
 7.84850000e-06  5.11592960e-04 
 7.84950000e-06  5.11592960e-04 
 7.85050000e-06  5.11592960e-04 
 7.85150000e-06  5.11592960e-04 
 7.85250000e-06  5.11592960e-04 
 7.85350000e-06  5.11592960e-04 
 7.85450000e-06  5.11592960e-04 
 7.85550000e-06  5.11592960e-04 
 7.85650000e-06  5.11592960e-04 
 7.85750000e-06  5.11592960e-04 
 7.85850000e-06  5.11592960e-04 
 7.85950000e-06  5.11592960e-04 
 7.86050000e-06  5.11592960e-04 
 7.86150000e-06  5.11592960e-04 
 7.86250000e-06  5.11592960e-04 
 7.86350000e-06  5.11592960e-04 
 7.86450000e-06  5.11592960e-04 
 7.86550000e-06  5.11592960e-04 
 7.86650000e-06  5.11592960e-04 
 7.86750000e-06  5.11592960e-04 
 7.86850000e-06  5.11592960e-04 
 7.86950000e-06  5.11592960e-04 
 7.87050000e-06  5.11592960e-04 
 7.87150000e-06  5.11592960e-04 
 7.87250000e-06  5.11592960e-04 
 7.87350000e-06  5.11592960e-04 
 7.87450000e-06  5.11592960e-04 
 7.87550000e-06  5.11592960e-04 
 7.87650000e-06  5.11592960e-04 
 7.87750000e-06  5.11592960e-04 
 7.87850000e-06  5.11592960e-04 
 7.87950000e-06  5.11592960e-04 
 7.88050000e-06  5.11592960e-04 
 7.88150000e-06  5.11592960e-04 
 7.88250000e-06  5.11592960e-04 
 7.88350000e-06  5.11592960e-04 
 7.88450000e-06  5.11592960e-04 
 7.88550000e-06  5.11592960e-04 
 7.88650000e-06  5.11592960e-04 
 7.88750000e-06  5.11592960e-04 
 7.88850000e-06  5.11592960e-04 
 7.88950000e-06  5.11592960e-04 
 7.89050000e-06  5.11592960e-04 
 7.89150000e-06  5.11592960e-04 
 7.89250000e-06  5.11592960e-04 
 7.89350000e-06  5.11592960e-04 
 7.89450000e-06  5.11592960e-04 
 7.89550000e-06  5.11592960e-04 
 7.89650000e-06  5.11592960e-04 
 7.89750000e-06  5.11592960e-04 
 7.89850000e-06  5.11592960e-04 
 7.89950000e-06  5.11592960e-04 
 7.90050000e-06  5.11592960e-04 
 7.90150000e-06  5.11592960e-04 
 7.90250000e-06  5.11592960e-04 
 7.90350000e-06  5.11592960e-04 
 7.90450000e-06  5.11592960e-04 
 7.90550000e-06  5.11592960e-04 
 7.90650000e-06  5.11592960e-04 
 7.90750000e-06  5.11592960e-04 
 7.90850000e-06  5.11592960e-04 
 7.90950000e-06  5.11592960e-04 
 7.91050000e-06  5.11592960e-04 
 7.91150000e-06  5.11592960e-04 
 7.91250000e-06  5.11592960e-04 
 7.91350000e-06  5.11592960e-04 
 7.91450000e-06  5.11592960e-04 
 7.91550000e-06  5.11592960e-04 
 7.91650000e-06  5.11592960e-04 
 7.91750000e-06  5.11592960e-04 
 7.91850000e-06  5.11592960e-04 
 7.91950000e-06  5.11592960e-04 
 7.92050000e-06  5.11592960e-04 
 7.92150000e-06  5.11592960e-04 
 7.92250000e-06  5.11592960e-04 
 7.92350000e-06  5.11592960e-04 
 7.92450000e-06  5.11592960e-04 
 7.92550000e-06  5.11592960e-04 
 7.92650000e-06  5.11592960e-04 
 7.92750000e-06  5.11592960e-04 
 7.92850000e-06  5.11592960e-04 
 7.92950000e-06  5.11592960e-04 
 7.93050000e-06  5.11592960e-04 
 7.93150000e-06  5.11592960e-04 
 7.93250000e-06  5.11592960e-04 
 7.93350000e-06  5.11592960e-04 
 7.93450000e-06  5.11592960e-04 
 7.93550000e-06  5.11592960e-04 
 7.93650000e-06  5.11592960e-04 
 7.93750000e-06  5.11592960e-04 
 7.93850000e-06  5.11592960e-04 
 7.93950000e-06  5.11592960e-04 
 7.94050000e-06  5.11592960e-04 
 7.94150000e-06  5.11592960e-04 
 7.94250000e-06  5.11592960e-04 
 7.94350000e-06  5.11592960e-04 
 7.94450000e-06  5.11592960e-04 
 7.94550000e-06  5.11592960e-04 
 7.94650000e-06  5.11592960e-04 
 7.94750000e-06  5.11592960e-04 
 7.94850000e-06  5.11592960e-04 
 7.94950000e-06  5.11592960e-04 
 7.95050000e-06  5.11592960e-04 
 7.95150000e-06  5.11592960e-04 
 7.95250000e-06  5.11592960e-04 
 7.95350000e-06  5.11592960e-04 
 7.95450000e-06  5.11592960e-04 
 7.95550000e-06  5.11592960e-04 
 7.95650000e-06  5.11592960e-04 
 7.95750000e-06  5.11592960e-04 
 7.95850000e-06  5.11592960e-04 
 7.95950000e-06  5.11592960e-04 
 7.96050000e-06  5.11592960e-04 
 7.96150000e-06  5.11592960e-04 
 7.96250000e-06  5.11592960e-04 
 7.96350000e-06  5.11592960e-04 
 7.96450000e-06  5.11592960e-04 
 7.96550000e-06  5.11592960e-04 
 7.96650000e-06  5.11592960e-04 
 7.96750000e-06  5.11592960e-04 
 7.96850000e-06  5.11592960e-04 
 7.96950000e-06  5.11592960e-04 
 7.97050000e-06  5.11592960e-04 
 7.97150000e-06  5.11592960e-04 
 7.97250000e-06  5.11592960e-04 
 7.97350000e-06  5.11592960e-04 
 7.97450000e-06  5.11592960e-04 
 7.97550000e-06  5.11592960e-04 
 7.97650000e-06  5.11592960e-04 
 7.97750000e-06  5.11592960e-04 
 7.97850000e-06  5.11592960e-04 
 7.97950000e-06  5.11592960e-04 
 7.98050000e-06  5.11592960e-04 
 7.98150000e-06  5.11592960e-04 
 7.98250000e-06  5.11592960e-04 
 7.98350000e-06  5.11592960e-04 
 7.98450000e-06  5.11592960e-04 
 7.98550000e-06  5.11592960e-04 
 7.98650000e-06  5.11592960e-04 
 7.98750000e-06  5.11592960e-04 
 7.98850000e-06  5.11592960e-04 
 7.98950000e-06  5.11592960e-04 
 7.99050000e-06  5.11592960e-04 
 7.99150000e-06  5.11592960e-04 
 7.99250000e-06  5.11592960e-04 
 7.99350000e-06  5.11592960e-04 
 7.99450000e-06  5.11592960e-04 
 7.99550000e-06  5.11592960e-04 
 7.99650000e-06  5.11592960e-04 
 7.99750000e-06  5.11592960e-04 
 7.99850000e-06  5.11592960e-04 
 7.99950000e-06  5.11592960e-04 
 8.00050000e-06  5.11592960e-04 
 8.00150000e-06  5.11592960e-04 
 8.00250000e-06  5.11592960e-04 
 8.00350000e-06  5.11592960e-04 
 8.00450000e-06  5.11592960e-04 
 8.00550000e-06  5.11592960e-04 
 8.00650000e-06  5.11592960e-04 
 8.00750000e-06  5.11592960e-04 
 8.00850000e-06  5.11592960e-04 
 8.00950000e-06  5.11592960e-04 
 8.01050000e-06  5.11592960e-04 
 8.01150000e-06  5.11592960e-04 
 8.01250000e-06  5.11592960e-04 
 8.01350000e-06  5.11592960e-04 
 8.01450000e-06  5.11592960e-04 
 8.01550000e-06  5.11592960e-04 
 8.01650000e-06  5.11592960e-04 
 8.01750000e-06  5.11592960e-04 
 8.01850000e-06  5.11592960e-04 
 8.01950000e-06  5.11592960e-04 
 8.02050000e-06  5.11592960e-04 
 8.02150000e-06  5.11592960e-04 
 8.02250000e-06  5.11592960e-04 
 8.02350000e-06  5.11592960e-04 
 8.02450000e-06  5.11592960e-04 
 8.02550000e-06  5.11592960e-04 
 8.02650000e-06  5.11592960e-04 
 8.02750000e-06  5.11592960e-04 
 8.02850000e-06  5.11592960e-04 
 8.02950000e-06  5.11592960e-04 
 8.03050000e-06  5.11592960e-04 
 8.03150000e-06  5.11592960e-04 
 8.03250000e-06  5.11592960e-04 
 8.03350000e-06  5.11592960e-04 
 8.03450000e-06  5.11592960e-04 
 8.03550000e-06  5.11592960e-04 
 8.03650000e-06  5.11592960e-04 
 8.03750000e-06  5.11592960e-04 
 8.03850000e-06  5.11592960e-04 
 8.03950000e-06  5.11592960e-04 
 8.04050000e-06  5.11592960e-04 
 8.04150000e-06  5.11592960e-04 
 8.04250000e-06  5.11592960e-04 
 8.04350000e-06  5.11592960e-04 
 8.04450000e-06  5.11592960e-04 
 8.04550000e-06  5.11592960e-04 
 8.04650000e-06  5.11592960e-04 
 8.04750000e-06  5.11592960e-04 
 8.04850000e-06  5.11592960e-04 
 8.04950000e-06  5.11592960e-04 
 8.05050000e-06  5.11592960e-04 
 8.05150000e-06  5.11592960e-04 
 8.05250000e-06  5.11592960e-04 
 8.05350000e-06  5.11592960e-04 
 8.05450000e-06  5.11592960e-04 
 8.05550000e-06  5.11592960e-04 
 8.05650000e-06  5.11592960e-04 
 8.05750000e-06  5.11592960e-04 
 8.05850000e-06  5.11592960e-04 
 8.05950000e-06  5.11592960e-04 
 8.06050000e-06  5.11592960e-04 
 8.06150000e-06  5.11592960e-04 
 8.06250000e-06  5.11592960e-04 
 8.06350000e-06  5.11592960e-04 
 8.06450000e-06  5.11592960e-04 
 8.06550000e-06  5.11592960e-04 
 8.06650000e-06  5.11592960e-04 
 8.06750000e-06  5.11592960e-04 
 8.06850000e-06  5.11592960e-04 
 8.06950000e-06  5.11592960e-04 
 8.07050000e-06  5.11592960e-04 
 8.07150000e-06  5.11592960e-04 
 8.07250000e-06  5.11592960e-04 
 8.07350000e-06  5.11592960e-04 
 8.07450000e-06  5.11592960e-04 
 8.07550000e-06  5.11592960e-04 
 8.07650000e-06  5.11592960e-04 
 8.07750000e-06  5.11592960e-04 
 8.07850000e-06  5.11592960e-04 
 8.07950000e-06  5.11592960e-04 
 8.08050000e-06  5.11592960e-04 
 8.08150000e-06  5.11592960e-04 
 8.08250000e-06  5.11592960e-04 
 8.08350000e-06  5.11592960e-04 
 8.08450000e-06  5.11592960e-04 
 8.08550000e-06  5.11592960e-04 
 8.08650000e-06  5.11592960e-04 
 8.08750000e-06  5.11592960e-04 
 8.08850000e-06  5.11592960e-04 
 8.08950000e-06  5.11592960e-04 
 8.09050000e-06  5.11592960e-04 
 8.09150000e-06  5.11592960e-04 
 8.09250000e-06  5.11592960e-04 
 8.09350000e-06  5.11592960e-04 
 8.09450000e-06  5.11592960e-04 
 8.09550000e-06  5.11592960e-04 
 8.09650000e-06  5.11592960e-04 
 8.09750000e-06  5.11592960e-04 
 8.09850000e-06  5.11592960e-04 
 8.09950000e-06  5.11592960e-04 
 8.10050000e-06  5.11592960e-04 
 8.10150000e-06  5.11592960e-04 
 8.10250000e-06  5.11592960e-04 
 8.10350000e-06  5.11592960e-04 
 8.10450000e-06  5.11592960e-04 
 8.10550000e-06  5.11592960e-04 
 8.10650000e-06  5.11592960e-04 
 8.10750000e-06  5.11592960e-04 
 8.10850000e-06  5.11592960e-04 
 8.10950000e-06  5.11592960e-04 
 8.11050000e-06  5.11592960e-04 
 8.11150000e-06  5.11592960e-04 
 8.11250000e-06  5.11592960e-04 
 8.11350000e-06  5.11592960e-04 
 8.11450000e-06  5.11592960e-04 
 8.11550000e-06  5.11592960e-04 
 8.11650000e-06  5.11592960e-04 
 8.11750000e-06  5.11592960e-04 
 8.11850000e-06  5.11592960e-04 
 8.11950000e-06  5.11592960e-04 
 8.12050000e-06  5.11592960e-04 
 8.12150000e-06  5.11592960e-04 
 8.12250000e-06  5.11592960e-04 
 8.12350000e-06  5.11592960e-04 
 8.12450000e-06  5.11592960e-04 
 8.12550000e-06  5.11592960e-04 
 8.12650000e-06  5.11592960e-04 
 8.12750000e-06  5.11592960e-04 
 8.12850000e-06  5.11592960e-04 
 8.12950000e-06  5.11592960e-04 
 8.13050000e-06  5.11592960e-04 
 8.13150000e-06  5.11592960e-04 
 8.13250000e-06  5.11592960e-04 
 8.13350000e-06  5.11592960e-04 
 8.13450000e-06  5.11592960e-04 
 8.13550000e-06  5.11592960e-04 
 8.13650000e-06  5.11592960e-04 
 8.13750000e-06  5.11592960e-04 
 8.13850000e-06  5.11592960e-04 
 8.13950000e-06  5.11592960e-04 
 8.14050000e-06  5.11592960e-04 
 8.14150000e-06  5.11592960e-04 
 8.14250000e-06  5.11592960e-04 
 8.14350000e-06  5.11592960e-04 
 8.14450000e-06  5.11592960e-04 
 8.14550000e-06  5.11592960e-04 
 8.14650000e-06  5.11592960e-04 
 8.14750000e-06  5.11592960e-04 
 8.14850000e-06  5.11592960e-04 
 8.14950000e-06  5.11592960e-04 
 8.15050000e-06  5.11592960e-04 
 8.15150000e-06  5.11592960e-04 
 8.15250000e-06  5.11592960e-04 
 8.15350000e-06  5.11592960e-04 
 8.15450000e-06  5.11592960e-04 
 8.15550000e-06  5.11592960e-04 
 8.15650000e-06  5.11592960e-04 
 8.15750000e-06  5.11592960e-04 
 8.15850000e-06  5.11592960e-04 
 8.15950000e-06  5.11592960e-04 
 8.16050000e-06  5.11592960e-04 
 8.16150000e-06  5.11592960e-04 
 8.16250000e-06  5.11592960e-04 
 8.16350000e-06  5.11592960e-04 
 8.16450000e-06  5.11592960e-04 
 8.16550000e-06  5.11592960e-04 
 8.16650000e-06  5.11592960e-04 
 8.16750000e-06  5.11592960e-04 
 8.16850000e-06  5.11592960e-04 
 8.16950000e-06  5.11592960e-04 
 8.17050000e-06  5.11592960e-04 
 8.17150000e-06  5.11592960e-04 
 8.17250000e-06  5.11592960e-04 
 8.17350000e-06  5.11592960e-04 
 8.17450000e-06  5.11592960e-04 
 8.17550000e-06  5.11592960e-04 
 8.17650000e-06  5.11592960e-04 
 8.17750000e-06  5.11592960e-04 
 8.17850000e-06  5.11592960e-04 
 8.17950000e-06  5.11592960e-04 
 8.18050000e-06  5.11592960e-04 
 8.18150000e-06  5.11592960e-04 
 8.18250000e-06  5.11592960e-04 
 8.18350000e-06  5.11592960e-04 
 8.18450000e-06  5.11592960e-04 
 8.18550000e-06  5.11592960e-04 
 8.18650000e-06  5.11592960e-04 
 8.18750000e-06  5.11592960e-04 
 8.18850000e-06  5.11592960e-04 
 8.18950000e-06  5.11592960e-04 
 8.19050000e-06  5.11592960e-04 
 8.19150000e-06  5.11592960e-04 
 8.19250000e-06  5.11592960e-04 
 8.19350000e-06  5.11592960e-04 
 8.19450000e-06  5.11592960e-04 
 8.19550000e-06  5.11592960e-04 
 8.19650000e-06  5.11592960e-04 
 8.19750000e-06  5.11592960e-04 
 8.19850000e-06  5.11592960e-04 
 8.19950000e-06  5.11592960e-04 
 8.20050000e-06  5.11592960e-04 
 8.20150000e-06  5.11592960e-04 
 8.20250000e-06  5.11592960e-04 
 8.20350000e-06  5.11592960e-04 
 8.20450000e-06  5.11592960e-04 
 8.20550000e-06  5.11592960e-04 
 8.20650000e-06  5.11592960e-04 
 8.20750000e-06  5.11592960e-04 
 8.20850000e-06  5.11592960e-04 
 8.20950000e-06  5.11592960e-04 
 8.21050000e-06  5.11592960e-04 
 8.21150000e-06  5.11592960e-04 
 8.21250000e-06  5.11592960e-04 
 8.21350000e-06  5.11592960e-04 
 8.21450000e-06  5.11592960e-04 
 8.21550000e-06  5.11592960e-04 
 8.21650000e-06  5.11592960e-04 
 8.21750000e-06  5.11592960e-04 
 8.21850000e-06  5.11592960e-04 
 8.21950000e-06  5.11592960e-04 
 8.22050000e-06  5.11592960e-04 
 8.22150000e-06  5.11592960e-04 
 8.22250000e-06  5.11592960e-04 
 8.22350000e-06  5.11592960e-04 
 8.22450000e-06  5.11592960e-04 
 8.22550000e-06  5.11592960e-04 
 8.22650000e-06  5.11592960e-04 
 8.22750000e-06  5.11592960e-04 
 8.22850000e-06  5.11592960e-04 
 8.22950000e-06  5.11592960e-04 
 8.23050000e-06  5.11592960e-04 
 8.23150000e-06  5.11592960e-04 
 8.23250000e-06  5.11592960e-04 
 8.23350000e-06  5.11592960e-04 
 8.23450000e-06  5.11592960e-04 
 8.23550000e-06  5.11592960e-04 
 8.23650000e-06  5.11592960e-04 
 8.23750000e-06  5.11592960e-04 
 8.23850000e-06  5.11592960e-04 
 8.23950000e-06  5.11592960e-04 
 8.24050000e-06  5.11592960e-04 
 8.24150000e-06  5.11592960e-04 
 8.24250000e-06  5.11592960e-04 
 8.24350000e-06  5.11592960e-04 
 8.24450000e-06  5.11592960e-04 
 8.24550000e-06  5.11592960e-04 
 8.24650000e-06  5.11592960e-04 
 8.24750000e-06  5.11592960e-04 
 8.24850000e-06  5.11592960e-04 
 8.24950000e-06  5.11592960e-04 
 8.25050000e-06  5.11592960e-04 
 8.25150000e-06  5.11592960e-04 
 8.25250000e-06  5.11592960e-04 
 8.25350000e-06  5.11592960e-04 
 8.25450000e-06  5.11592960e-04 
 8.25550000e-06  5.11592960e-04 
 8.25650000e-06  5.11592960e-04 
 8.25750000e-06  5.11592960e-04 
 8.25850000e-06  5.11592960e-04 
 8.25950000e-06  5.11592960e-04 
 8.26050000e-06  5.11592960e-04 
 8.26150000e-06  5.11592960e-04 
 8.26250000e-06  5.11592960e-04 
 8.26350000e-06  5.11592960e-04 
 8.26450000e-06  5.11592960e-04 
 8.26550000e-06  5.11592960e-04 
 8.26650000e-06  5.11592960e-04 
 8.26750000e-06  5.11592960e-04 
 8.26850000e-06  5.11592960e-04 
 8.26950000e-06  5.11592960e-04 
 8.27050000e-06  5.11592960e-04 
 8.27150000e-06  5.11592960e-04 
 8.27250000e-06  5.11592960e-04 
 8.27350000e-06  5.11592960e-04 
 8.27450000e-06  5.11592960e-04 
 8.27550000e-06  5.11592960e-04 
 8.27650000e-06  5.11592960e-04 
 8.27750000e-06  5.11592960e-04 
 8.27850000e-06  5.11592960e-04 
 8.27950000e-06  5.11592960e-04 
 8.28050000e-06  5.11592960e-04 
 8.28150000e-06  5.11592960e-04 
 8.28250000e-06  5.11592960e-04 
 8.28350000e-06  5.11592960e-04 
 8.28450000e-06  5.11592960e-04 
 8.28550000e-06  5.11592960e-04 
 8.28650000e-06  5.11592960e-04 
 8.28750000e-06  5.11592960e-04 
 8.28850000e-06  5.11592960e-04 
 8.28950000e-06  5.11592960e-04 
 8.29050000e-06  5.11592960e-04 
 8.29150000e-06  5.11592960e-04 
 8.29250000e-06  5.11592960e-04 
 8.29350000e-06  5.11592960e-04 
 8.29450000e-06  5.11592960e-04 
 8.29550000e-06  5.11592960e-04 
 8.29650000e-06  5.11592960e-04 
 8.29750000e-06  5.11592960e-04 
 8.29850000e-06  5.11592960e-04 
 8.29950000e-06  5.11592960e-04 
 8.30050000e-06  5.11592960e-04 
 8.30150000e-06  5.11592960e-04 
 8.30250000e-06  5.11592960e-04 
 8.30350000e-06  5.11592960e-04 
 8.30450000e-06  5.11592960e-04 
 8.30550000e-06  5.11592960e-04 
 8.30650000e-06  5.11592960e-04 
 8.30750000e-06  5.11592960e-04 
 8.30850000e-06  5.11592960e-04 
 8.30950000e-06  5.11592960e-04 
 8.31050000e-06  5.11592960e-04 
 8.31150000e-06  5.11592960e-04 
 8.31250000e-06  5.11592960e-04 
 8.31350000e-06  5.11592960e-04 
 8.31450000e-06  5.11592960e-04 
 8.31550000e-06  5.11592960e-04 
 8.31650000e-06  5.11592960e-04 
 8.31750000e-06  5.11592960e-04 
 8.31850000e-06  5.11592960e-04 
 8.31950000e-06  5.11592960e-04 
 8.32050000e-06  5.11592960e-04 
 8.32150000e-06  5.11592960e-04 
 8.32250000e-06  5.11592960e-04 
 8.32350000e-06  5.11592960e-04 
 8.32450000e-06  5.11592960e-04 
 8.32550000e-06  5.11592960e-04 
 8.32650000e-06  5.11592960e-04 
 8.32750000e-06  5.11592960e-04 
 8.32850000e-06  5.11592960e-04 
 8.32950000e-06  5.11592960e-04 
 8.33050000e-06  5.11592960e-04 
 8.33150000e-06  5.11592960e-04 
 8.33250000e-06  5.11592960e-04 
 8.33350000e-06  5.11592960e-04 
 8.33450000e-06  5.11592960e-04 
 8.33550000e-06  5.11592960e-04 
 8.33650000e-06  5.11592960e-04 
 8.33750000e-06  5.11592960e-04 
 8.33850000e-06  5.11592960e-04 
 8.33950000e-06  5.11592960e-04 
 8.34050000e-06  5.11592960e-04 
 8.34150000e-06  5.11592960e-04 
 8.34250000e-06  5.11592960e-04 
 8.34350000e-06  5.11592960e-04 
 8.34450000e-06  5.11592960e-04 
 8.34550000e-06  5.11592960e-04 
 8.34650000e-06  5.11592960e-04 
 8.34750000e-06  5.11592960e-04 
 8.34850000e-06  5.11592960e-04 
 8.34950000e-06  5.11592960e-04 
 8.35050000e-06  5.11592960e-04 
 8.35150000e-06  5.11592960e-04 
 8.35250000e-06  5.11592960e-04 
 8.35350000e-06  5.11592960e-04 
 8.35450000e-06  5.11592960e-04 
 8.35550000e-06  5.11592960e-04 
 8.35650000e-06  5.11592960e-04 
 8.35750000e-06  5.11592960e-04 
 8.35850000e-06  5.11592960e-04 
 8.35950000e-06  5.11592960e-04 
 8.36050000e-06  5.11592960e-04 
 8.36150000e-06  5.11592960e-04 
 8.36250000e-06  5.11592960e-04 
 8.36350000e-06  5.11592960e-04 
 8.36450000e-06  5.11592960e-04 
 8.36550000e-06  5.11592960e-04 
 8.36650000e-06  5.11592960e-04 
 8.36750000e-06  5.11592960e-04 
 8.36850000e-06  5.11592960e-04 
 8.36950000e-06  5.11592960e-04 
 8.37050000e-06  5.11592960e-04 
 8.37150000e-06  5.11592960e-04 
 8.37250000e-06  5.11592960e-04 
 8.37350000e-06  5.11592960e-04 
 8.37450000e-06  5.11592960e-04 
 8.37550000e-06  5.11592960e-04 
 8.37650000e-06  5.11592960e-04 
 8.37750000e-06  5.11592960e-04 
 8.37850000e-06  5.11592960e-04 
 8.37950000e-06  5.11592960e-04 
 8.38050000e-06  5.11592960e-04 
 8.38150000e-06  5.11592960e-04 
 8.38250000e-06  5.11592960e-04 
 8.38350000e-06  5.11592960e-04 
 8.38450000e-06  5.11592960e-04 
 8.38550000e-06  5.11592960e-04 
 8.38650000e-06  5.11592960e-04 
 8.38750000e-06  5.11592960e-04 
 8.38850000e-06  5.11592960e-04 
 8.38950000e-06  5.11592960e-04 
 8.39050000e-06  5.11592960e-04 
 8.39150000e-06  5.11592960e-04 
 8.39250000e-06  5.11592960e-04 
 8.39350000e-06  5.11592960e-04 
 8.39450000e-06  5.11592960e-04 
 8.39550000e-06  5.11592960e-04 
 8.39650000e-06  5.11592960e-04 
 8.39750000e-06  5.11592960e-04 
 8.39850000e-06  5.11592960e-04 
 8.39950000e-06  5.11592960e-04 
 8.40050000e-06  5.11592960e-04 
 8.40150000e-06  5.11592960e-04 
 8.40250000e-06  5.11592960e-04 
 8.40350000e-06  5.11592960e-04 
 8.40450000e-06  5.11592960e-04 
 8.40550000e-06  5.11592960e-04 
 8.40650000e-06  5.11592960e-04 
 8.40750000e-06  5.11592960e-04 
 8.40850000e-06  5.11592960e-04 
 8.40950000e-06  5.11592960e-04 
 8.41050000e-06  5.11592960e-04 
 8.41150000e-06  5.11592960e-04 
 8.41250000e-06  5.11592960e-04 
 8.41350000e-06  5.11592960e-04 
 8.41450000e-06  5.11592960e-04 
 8.41550000e-06  5.11592960e-04 
 8.41650000e-06  5.11592960e-04 
 8.41750000e-06  5.11592960e-04 
 8.41850000e-06  5.11592960e-04 
 8.41950000e-06  5.11592960e-04 
 8.42050000e-06  5.11592960e-04 
 8.42150000e-06  5.11592960e-04 
 8.42250000e-06  5.11592960e-04 
 8.42350000e-06  5.11592960e-04 
 8.42450000e-06  5.11592960e-04 
 8.42550000e-06  5.11592960e-04 
 8.42650000e-06  5.11592960e-04 
 8.42750000e-06  5.11592960e-04 
 8.42850000e-06  5.11592960e-04 
 8.42950000e-06  5.11592960e-04 
 8.43050000e-06  5.11592960e-04 
 8.43150000e-06  5.11592960e-04 
 8.43250000e-06  5.11592960e-04 
 8.43350000e-06  5.11592960e-04 
 8.43450000e-06  5.11592960e-04 
 8.43550000e-06  5.11592960e-04 
 8.43650000e-06  5.11592960e-04 
 8.43750000e-06  5.11592960e-04 
 8.43850000e-06  5.11592960e-04 
 8.43950000e-06  5.11592960e-04 
 8.44050000e-06  5.11592960e-04 
 8.44150000e-06  5.11592960e-04 
 8.44250000e-06  5.11592960e-04 
 8.44350000e-06  5.11592960e-04 
 8.44450000e-06  5.11592960e-04 
 8.44550000e-06  5.11592960e-04 
 8.44650000e-06  5.11592960e-04 
 8.44750000e-06  5.11592960e-04 
 8.44850000e-06  5.11592960e-04 
 8.44950000e-06  5.11592960e-04 
 8.45050000e-06  5.11592960e-04 
 8.45150000e-06  5.11592960e-04 
 8.45250000e-06  5.11592960e-04 
 8.45350000e-06  5.11592960e-04 
 8.45450000e-06  5.11592960e-04 
 8.45550000e-06  5.11592960e-04 
 8.45650000e-06  5.11592960e-04 
 8.45750000e-06  5.11592960e-04 
 8.45850000e-06  5.11592960e-04 
 8.45950000e-06  5.11592960e-04 
 8.46050000e-06  5.11592960e-04 
 8.46150000e-06  5.11592960e-04 
 8.46250000e-06  5.11592960e-04 
 8.46350000e-06  5.11592960e-04 
 8.46450000e-06  5.11592960e-04 
 8.46550000e-06  5.11592960e-04 
 8.46650000e-06  5.11592960e-04 
 8.46750000e-06  5.11592960e-04 
 8.46850000e-06  5.11592960e-04 
 8.46950000e-06  5.11592960e-04 
 8.47050000e-06  5.11592960e-04 
 8.47150000e-06  5.11592960e-04 
 8.47250000e-06  5.11592960e-04 
 8.47350000e-06  5.11592960e-04 
 8.47450000e-06  5.11592960e-04 
 8.47550000e-06  5.11592960e-04 
 8.47650000e-06  5.11592960e-04 
 8.47750000e-06  5.11592960e-04 
 8.47850000e-06  5.11592960e-04 
 8.47950000e-06  5.11592960e-04 
 8.48050000e-06  5.11592960e-04 
 8.48150000e-06  5.11592960e-04 
 8.48250000e-06  5.11592960e-04 
 8.48350000e-06  5.11592960e-04 
 8.48450000e-06  5.11592960e-04 
 8.48550000e-06  5.11592960e-04 
 8.48650000e-06  5.11592960e-04 
 8.48750000e-06  5.11592960e-04 
 8.48850000e-06  5.11592960e-04 
 8.48950000e-06  5.11592960e-04 
 8.49050000e-06  5.11592960e-04 
 8.49150000e-06  5.11592960e-04 
 8.49250000e-06  5.11592960e-04 
 8.49350000e-06  5.11592960e-04 
 8.49450000e-06  5.11592960e-04 
 8.49550000e-06  5.11592960e-04 
 8.49650000e-06  5.11592960e-04 
 8.49750000e-06  5.11592960e-04 
 8.49850000e-06  5.11592960e-04 
 8.49950000e-06  5.11592960e-04 
 8.50050000e-06  5.11592960e-04 
 8.50150000e-06  5.11592960e-04 
 8.50250000e-06  5.11592960e-04 
 8.50350000e-06  5.11592960e-04 
 8.50450000e-06  5.11592960e-04 
 8.50550000e-06  5.11592960e-04 
 8.50650000e-06  5.11592960e-04 
 8.50750000e-06  5.11592960e-04 
 8.50850000e-06  5.11592960e-04 
 8.50950000e-06  5.11592960e-04 
 8.51050000e-06  5.11592960e-04 
 8.51150000e-06  5.11592960e-04 
 8.51250000e-06  5.11592960e-04 
 8.51350000e-06  5.11592960e-04 
 8.51450000e-06  5.11592960e-04 
 8.51550000e-06  5.11592960e-04 
 8.51650000e-06  5.11592960e-04 
 8.51750000e-06  5.11592960e-04 
 8.51850000e-06  5.11592960e-04 
 8.51950000e-06  5.11592960e-04 
 8.52050000e-06  5.11592960e-04 
 8.52150000e-06  5.11592960e-04 
 8.52250000e-06  5.11592960e-04 
 8.52350000e-06  5.11592960e-04 
 8.52450000e-06  5.11592960e-04 
 8.52550000e-06  5.11592960e-04 
 8.52650000e-06  5.11592960e-04 
 8.52750000e-06  5.11592960e-04 
 8.52850000e-06  5.11592960e-04 
 8.52950000e-06  5.11592960e-04 
 8.53050000e-06  5.11592960e-04 
 8.53150000e-06  5.11592960e-04 
 8.53250000e-06  5.11592960e-04 
 8.53350000e-06  5.11592960e-04 
 8.53450000e-06  5.11592960e-04 
 8.53550000e-06  5.11592960e-04 
 8.53650000e-06  5.11592960e-04 
 8.53750000e-06  5.11592960e-04 
 8.53850000e-06  5.11592960e-04 
 8.53950000e-06  5.11592960e-04 
 8.54050000e-06  5.11592960e-04 
 8.54150000e-06  5.11592960e-04 
 8.54250000e-06  5.11592960e-04 
 8.54350000e-06  5.11592960e-04 
 8.54450000e-06  5.11592960e-04 
 8.54550000e-06  5.11592960e-04 
 8.54650000e-06  5.11592960e-04 
 8.54750000e-06  5.11592960e-04 
 8.54850000e-06  5.11592960e-04 
 8.54950000e-06  5.11592960e-04 
 8.55050000e-06  5.11592960e-04 
 8.55150000e-06  5.11592960e-04 
 8.55250000e-06  5.11592960e-04 
 8.55350000e-06  5.11592960e-04 
 8.55450000e-06  5.11592960e-04 
 8.55550000e-06  5.11592960e-04 
 8.55650000e-06  5.11592960e-04 
 8.55750000e-06  5.11592960e-04 
 8.55850000e-06  5.11592960e-04 
 8.55950000e-06  5.11592960e-04 
 8.56050000e-06  5.11592960e-04 
 8.56150000e-06  5.11592960e-04 
 8.56250000e-06  5.11592960e-04 
 8.56350000e-06  5.11592960e-04 
 8.56450000e-06  5.11592960e-04 
 8.56550000e-06  5.11592960e-04 
 8.56650000e-06  5.11592960e-04 
 8.56750000e-06  5.11592960e-04 
 8.56850000e-06  5.11592960e-04 
 8.56950000e-06  5.11592960e-04 
 8.57050000e-06  5.11592960e-04 
 8.57150000e-06  5.11592960e-04 
 8.57250000e-06  5.11592960e-04 
 8.57350000e-06  5.11592960e-04 
 8.57450000e-06  5.11592960e-04 
 8.57550000e-06  5.11592960e-04 
 8.57650000e-06  5.11592960e-04 
 8.57750000e-06  5.11592960e-04 
 8.57850000e-06  5.11592960e-04 
 8.57950000e-06  5.11592960e-04 
 8.58050000e-06  5.11592960e-04 
 8.58150000e-06  5.11592960e-04 
 8.58250000e-06  5.11592960e-04 
 8.58350000e-06  5.11592960e-04 
 8.58450000e-06  5.11592960e-04 
 8.58550000e-06  5.11592960e-04 
 8.58650000e-06  5.11592960e-04 
 8.58750000e-06  5.11592960e-04 
 8.58850000e-06  5.11592960e-04 
 8.58950000e-06  5.11592960e-04 
 8.59050000e-06  5.11592960e-04 
 8.59150000e-06  5.11592960e-04 
 8.59250000e-06  5.11592960e-04 
 8.59350000e-06  5.11592960e-04 
 8.59450000e-06  5.11592960e-04 
 8.59550000e-06  5.11592960e-04 
 8.59650000e-06  5.11592960e-04 
 8.59750000e-06  5.11592960e-04 
 8.59850000e-06  5.11592960e-04 
 8.59950000e-06  5.11592960e-04 
 8.60050000e-06  5.11592960e-04 
 8.60150000e-06  5.11592960e-04 
 8.60250000e-06  5.11592960e-04 
 8.60350000e-06  5.11592960e-04 
 8.60450000e-06  5.11592960e-04 
 8.60550000e-06  5.11592960e-04 
 8.60650000e-06  5.11592960e-04 
 8.60750000e-06  5.11592960e-04 
 8.60850000e-06  5.11592960e-04 
 8.60950000e-06  5.11592960e-04 
 8.61050000e-06  5.11592960e-04 
 8.61150000e-06  5.11592960e-04 
 8.61250000e-06  5.11592960e-04 
 8.61350000e-06  5.11592960e-04 
 8.61450000e-06  5.11592960e-04 
 8.61550000e-06  5.11592960e-04 
 8.61650000e-06  5.11592960e-04 
 8.61750000e-06  5.11592960e-04 
 8.61850000e-06  5.11592960e-04 
 8.61950000e-06  5.11592960e-04 
 8.62050000e-06  5.11592960e-04 
 8.62150000e-06  5.11592960e-04 
 8.62250000e-06  5.11592960e-04 
 8.62350000e-06  5.11592960e-04 
 8.62450000e-06  5.11592960e-04 
 8.62550000e-06  5.11592960e-04 
 8.62650000e-06  5.11592960e-04 
 8.62750000e-06  5.11592960e-04 
 8.62850000e-06  5.11592960e-04 
 8.62950000e-06  5.11592960e-04 
 8.63050000e-06  5.11592960e-04 
 8.63150000e-06  5.11592960e-04 
 8.63250000e-06  5.11592960e-04 
 8.63350000e-06  5.11592960e-04 
 8.63450000e-06  5.11592960e-04 
 8.63550000e-06  5.11592960e-04 
 8.63650000e-06  5.11592960e-04 
 8.63750000e-06  5.11592960e-04 
 8.63850000e-06  5.11592960e-04 
 8.63950000e-06  5.11592960e-04 
 8.64050000e-06  5.11592960e-04 
 8.64150000e-06  5.11592960e-04 
 8.64250000e-06  5.11592960e-04 
 8.64350000e-06  5.11592960e-04 
 8.64450000e-06  5.11592960e-04 
 8.64550000e-06  5.11592960e-04 
 8.64650000e-06  5.11592960e-04 
 8.64750000e-06  5.11592960e-04 
 8.64850000e-06  5.11592960e-04 
 8.64950000e-06  5.11592960e-04 
 8.65050000e-06  5.11592960e-04 
 8.65150000e-06  5.11592960e-04 
 8.65250000e-06  5.11592960e-04 
 8.65350000e-06  5.11592960e-04 
 8.65450000e-06  5.11592960e-04 
 8.65550000e-06  5.11592960e-04 
 8.65650000e-06  5.11592960e-04 
 8.65750000e-06  5.11592960e-04 
 8.65850000e-06  5.11592960e-04 
 8.65950000e-06  5.11592960e-04 
 8.66050000e-06  5.11592960e-04 
 8.66150000e-06  5.11592960e-04 
 8.66250000e-06  5.11592960e-04 
 8.66350000e-06  5.11592960e-04 
 8.66450000e-06  5.11592960e-04 
 8.66550000e-06  5.11592960e-04 
 8.66650000e-06  5.11592960e-04 
 8.66750000e-06  5.11592960e-04 
 8.66850000e-06  5.11592960e-04 
 8.66950000e-06  5.11592960e-04 
 8.67050000e-06  5.11592960e-04 
 8.67150000e-06  5.11592960e-04 
 8.67250000e-06  5.11592960e-04 
 8.67350000e-06  5.11592960e-04 
 8.67450000e-06  5.11592960e-04 
 8.67550000e-06  5.11592960e-04 
 8.67650000e-06  5.11592960e-04 
 8.67750000e-06  5.11592960e-04 
 8.67850000e-06  5.11592960e-04 
 8.67950000e-06  5.11592960e-04 
 8.68050000e-06  5.11592960e-04 
 8.68150000e-06  5.11592960e-04 
 8.68250000e-06  5.11592960e-04 
 8.68350000e-06  5.11592960e-04 
 8.68450000e-06  5.11592960e-04 
 8.68550000e-06  5.11592960e-04 
 8.68650000e-06  5.11592960e-04 
 8.68750000e-06  5.11592960e-04 
 8.68850000e-06  5.11592960e-04 
 8.68950000e-06  5.11592960e-04 
 8.69050000e-06  5.11592960e-04 
 8.69150000e-06  5.11592960e-04 
 8.69250000e-06  5.11592960e-04 
 8.69350000e-06  5.11592960e-04 
 8.69450000e-06  5.11592960e-04 
 8.69550000e-06  5.11592960e-04 
 8.69650000e-06  5.11592960e-04 
 8.69750000e-06  5.11592960e-04 
 8.69850000e-06  5.11592960e-04 
 8.69950000e-06  5.11592960e-04 
 8.70050000e-06  5.11592960e-04 
 8.70150000e-06  5.11592960e-04 
 8.70250000e-06  5.11592960e-04 
 8.70350000e-06  5.11592960e-04 
 8.70450000e-06  5.11592960e-04 
 8.70550000e-06  5.11592960e-04 
 8.70650000e-06  5.11592960e-04 
 8.70750000e-06  5.11592960e-04 
 8.70850000e-06  5.11592960e-04 
 8.70950000e-06  5.11592960e-04 
 8.71050000e-06  5.11592960e-04 
 8.71150000e-06  5.11592960e-04 
 8.71250000e-06  5.11592960e-04 
 8.71350000e-06  5.11592960e-04 
 8.71450000e-06  5.11592960e-04 
 8.71550000e-06  5.11592960e-04 
 8.71650000e-06  5.11592960e-04 
 8.71750000e-06  5.11592960e-04 
 8.71850000e-06  5.11592960e-04 
 8.71950000e-06  5.11592960e-04 
 8.72050000e-06  5.11592960e-04 
 8.72150000e-06  5.11592960e-04 
 8.72250000e-06  5.11592960e-04 
 8.72350000e-06  5.11592960e-04 
 8.72450000e-06  5.11592960e-04 
 8.72550000e-06  5.11592960e-04 
 8.72650000e-06  5.11592960e-04 
 8.72750000e-06  5.11592960e-04 
 8.72850000e-06  5.11592960e-04 
 8.72950000e-06  5.11592960e-04 
 8.73050000e-06  5.11592960e-04 
 8.73150000e-06  5.11592960e-04 
 8.73250000e-06  5.11592960e-04 
 8.73350000e-06  5.11592960e-04 
 8.73450000e-06  5.11592960e-04 
 8.73550000e-06  5.11592960e-04 
 8.73650000e-06  5.11592960e-04 
 8.73750000e-06  5.11592960e-04 
 8.73850000e-06  5.11592960e-04 
 8.73950000e-06  5.11592960e-04 
 8.74050000e-06  5.11592960e-04 
 8.74150000e-06  5.11592960e-04 
 8.74250000e-06  5.11592960e-04 
 8.74350000e-06  5.11592960e-04 
 8.74450000e-06  5.11592960e-04 
 8.74550000e-06  5.11592960e-04 
 8.74650000e-06  5.11592960e-04 
 8.74750000e-06  5.11592960e-04 
 8.74850000e-06  5.11592960e-04 
 8.74950000e-06  5.11592960e-04 
 8.75050000e-06  5.11592960e-04 
 8.75150000e-06  5.11592960e-04 
 8.75250000e-06  5.11592960e-04 
 8.75350000e-06  5.11592960e-04 
 8.75450000e-06  5.11592960e-04 
 8.75550000e-06  5.11592960e-04 
 8.75650000e-06  5.11592960e-04 
 8.75750000e-06  5.11592960e-04 
 8.75850000e-06  5.11592960e-04 
 8.75950000e-06  5.11592960e-04 
 8.76050000e-06  5.11592960e-04 
 8.76150000e-06  5.11592960e-04 
 8.76250000e-06  5.11592960e-04 
 8.76350000e-06  5.11592960e-04 
 8.76450000e-06  5.11592960e-04 
 8.76550000e-06  5.11592960e-04 
 8.76650000e-06  5.11592960e-04 
 8.76750000e-06  5.11592960e-04 
 8.76850000e-06  5.11592960e-04 
 8.76950000e-06  5.11592960e-04 
 8.77050000e-06  5.11592960e-04 
 8.77150000e-06  5.11592960e-04 
 8.77250000e-06  5.11592960e-04 
 8.77350000e-06  5.11592960e-04 
 8.77450000e-06  5.11592960e-04 
 8.77550000e-06  5.11592960e-04 
 8.77650000e-06  5.11592960e-04 
 8.77750000e-06  5.11592960e-04 
 8.77850000e-06  5.11592960e-04 
 8.77950000e-06  5.11592960e-04 
 8.78050000e-06  5.11592960e-04 
 8.78150000e-06  5.11592960e-04 
 8.78250000e-06  5.11592960e-04 
 8.78350000e-06  5.11592960e-04 
 8.78450000e-06  5.11592960e-04 
 8.78550000e-06  5.11592960e-04 
 8.78650000e-06  5.11592960e-04 
 8.78750000e-06  5.11592960e-04 
 8.78850000e-06  5.11592960e-04 
 8.78950000e-06  5.11592960e-04 
 8.79050000e-06  5.11592960e-04 
 8.79150000e-06  5.11592960e-04 
 8.79250000e-06  5.11592960e-04 
 8.79350000e-06  5.11592960e-04 
 8.79450000e-06  5.11592960e-04 
 8.79550000e-06  5.11592960e-04 
 8.79650000e-06  5.11592960e-04 
 8.79750000e-06  5.11592960e-04 
 8.79850000e-06  5.11592960e-04 
 8.79950000e-06  5.11592960e-04 
 8.80050000e-06  5.11592960e-04 
 8.80150000e-06  5.11592960e-04 
 8.80250000e-06  5.11592960e-04 
 8.80350000e-06  5.11592960e-04 
 8.80450000e-06  5.11592960e-04 
 8.80550000e-06  5.11592960e-04 
 8.80650000e-06  5.11592960e-04 
 8.80750000e-06  5.11592960e-04 
 8.80850000e-06  5.11592960e-04 
 8.80950000e-06  5.11592960e-04 
 8.81050000e-06  5.11592960e-04 
 8.81150000e-06  5.11592960e-04 
 8.81250000e-06  5.11592960e-04 
 8.81350000e-06  5.11592960e-04 
 8.81450000e-06  5.11592960e-04 
 8.81550000e-06  5.11592960e-04 
 8.81650000e-06  5.11592960e-04 
 8.81750000e-06  5.11592960e-04 
 8.81850000e-06  5.11592960e-04 
 8.81950000e-06  5.11592960e-04 
 8.82050000e-06  5.11592960e-04 
 8.82150000e-06  5.11592960e-04 
 8.82250000e-06  5.11592960e-04 
 8.82350000e-06  5.11592960e-04 
 8.82450000e-06  5.11592960e-04 
 8.82550000e-06  5.11592960e-04 
 8.82650000e-06  5.11592960e-04 
 8.82750000e-06  5.11592960e-04 
 8.82850000e-06  5.11592960e-04 
 8.82950000e-06  5.11592960e-04 
 8.83050000e-06  5.11592960e-04 
 8.83150000e-06  5.11592960e-04 
 8.83250000e-06  5.11592960e-04 
 8.83350000e-06  5.11592960e-04 
 8.83450000e-06  5.11592960e-04 
 8.83550000e-06  5.11592960e-04 
 8.83650000e-06  5.11592960e-04 
 8.83750000e-06  5.11592960e-04 
 8.83850000e-06  5.11592960e-04 
 8.83950000e-06  5.11592960e-04 
 8.84050000e-06  5.11592960e-04 
 8.84150000e-06  5.11592960e-04 
 8.84250000e-06  5.11592960e-04 
 8.84350000e-06  5.11592960e-04 
 8.84450000e-06  5.11592960e-04 
 8.84550000e-06  5.11592960e-04 
 8.84650000e-06  5.11592960e-04 
 8.84750000e-06  5.11592960e-04 
 8.84850000e-06  5.11592960e-04 
 8.84950000e-06  5.11592960e-04 
 8.85050000e-06  5.11592960e-04 
 8.85150000e-06  5.11592960e-04 
 8.85250000e-06  5.11592960e-04 
 8.85350000e-06  5.11592960e-04 
 8.85450000e-06  5.11592960e-04 
 8.85550000e-06  5.11592960e-04 
 8.85650000e-06  5.11592960e-04 
 8.85750000e-06  5.11592960e-04 
 8.85850000e-06  5.11592960e-04 
 8.85950000e-06  5.11592960e-04 
 8.86050000e-06  5.11592960e-04 
 8.86150000e-06  5.11592960e-04 
 8.86250000e-06  5.11592960e-04 
 8.86350000e-06  5.11592960e-04 
 8.86450000e-06  5.11592960e-04 
 8.86550000e-06  5.11592960e-04 
 8.86650000e-06  5.11592960e-04 
 8.86750000e-06  5.11592960e-04 
 8.86850000e-06  5.11592960e-04 
 8.86950000e-06  5.11592960e-04 
 8.87050000e-06  5.11592960e-04 
 8.87150000e-06  5.11592960e-04 
 8.87250000e-06  5.11592960e-04 
 8.87350000e-06  5.11592960e-04 
 8.87450000e-06  5.11592960e-04 
 8.87550000e-06  5.11592960e-04 
 8.87650000e-06  5.11592960e-04 
 8.87750000e-06  5.11592960e-04 
 8.87850000e-06  5.11592960e-04 
 8.87950000e-06  5.11592960e-04 
 8.88050000e-06  5.11592960e-04 
 8.88150000e-06  5.11592960e-04 
 8.88250000e-06  5.11592960e-04 
 8.88350000e-06  5.11592960e-04 
 8.88450000e-06  5.11592960e-04 
 8.88550000e-06  5.11592960e-04 
 8.88650000e-06  5.11592960e-04 
 8.88750000e-06  5.11592960e-04 
 8.88850000e-06  5.11592960e-04 
 8.88950000e-06  5.11592960e-04 
 8.89050000e-06  5.11592960e-04 
 8.89150000e-06  5.11592960e-04 
 8.89250000e-06  5.11592960e-04 
 8.89350000e-06  5.11592960e-04 
 8.89450000e-06  5.11592960e-04 
 8.89550000e-06  5.11592960e-04 
 8.89650000e-06  5.11592960e-04 
 8.89750000e-06  5.11592960e-04 
 8.89850000e-06  5.11592960e-04 
 8.89950000e-06  5.11592960e-04 
 8.90050000e-06  5.11592960e-04 
 8.90150000e-06  5.11592960e-04 
 8.90250000e-06  5.11592960e-04 
 8.90350000e-06  5.11592960e-04 
 8.90450000e-06  5.11592960e-04 
 8.90550000e-06  5.11592960e-04 
 8.90650000e-06  5.11592960e-04 
 8.90750000e-06  5.11592960e-04 
 8.90850000e-06  5.11592960e-04 
 8.90950000e-06  5.11592960e-04 
 8.91050000e-06  5.11592960e-04 
 8.91150000e-06  5.11592960e-04 
 8.91250000e-06  5.11592960e-04 
 8.91350000e-06  5.11592960e-04 
 8.91450000e-06  5.11592960e-04 
 8.91550000e-06  5.11592960e-04 
 8.91650000e-06  5.11592960e-04 
 8.91750000e-06  5.11592960e-04 
 8.91850000e-06  5.11592960e-04 
 8.91950000e-06  5.11592960e-04 
 8.92050000e-06  5.11592960e-04 
 8.92150000e-06  5.11592960e-04 
 8.92250000e-06  5.11592960e-04 
 8.92350000e-06  5.11592960e-04 
 8.92450000e-06  5.11592960e-04 
 8.92550000e-06  5.11592960e-04 
 8.92650000e-06  5.11592960e-04 
 8.92750000e-06  5.11592960e-04 
 8.92850000e-06  5.11592960e-04 
 8.92950000e-06  5.11592960e-04 
 8.93050000e-06  5.11592960e-04 
 8.93150000e-06  5.11592960e-04 
 8.93250000e-06  5.11592960e-04 
 8.93350000e-06  5.11592960e-04 
 8.93450000e-06  5.11592960e-04 
 8.93550000e-06  5.11592960e-04 
 8.93650000e-06  5.11592960e-04 
 8.93750000e-06  5.11592960e-04 
 8.93850000e-06  5.11592960e-04 
 8.93950000e-06  5.11592960e-04 
 8.94050000e-06  5.11592960e-04 
 8.94150000e-06  5.11592960e-04 
 8.94250000e-06  5.11592960e-04 
 8.94350000e-06  5.11592960e-04 
 8.94450000e-06  5.11592960e-04 
 8.94550000e-06  5.11592960e-04 
 8.94650000e-06  5.11592960e-04 
 8.94750000e-06  5.11592960e-04 
 8.94850000e-06  5.11592960e-04 
 8.94950000e-06  5.11592960e-04 
 8.95050000e-06  5.11592960e-04 
 8.95150000e-06  5.11592960e-04 
 8.95250000e-06  5.11592960e-04 
 8.95350000e-06  5.11592960e-04 
 8.95450000e-06  5.11592960e-04 
 8.95550000e-06  5.11592960e-04 
 8.95650000e-06  5.11592960e-04 
 8.95750000e-06  5.11592960e-04 
 8.95850000e-06  5.11592960e-04 
 8.95950000e-06  5.11592960e-04 
 8.96050000e-06  5.11592960e-04 
 8.96150000e-06  5.11592960e-04 
 8.96250000e-06  5.11592960e-04 
 8.96350000e-06  5.11592960e-04 
 8.96450000e-06  5.11592960e-04 
 8.96550000e-06  5.11592960e-04 
 8.96650000e-06  5.11592960e-04 
 8.96750000e-06  5.11592960e-04 
 8.96850000e-06  5.11592960e-04 
 8.96950000e-06  5.11592960e-04 
 8.97050000e-06  5.11592960e-04 
 8.97150000e-06  5.11592960e-04 
 8.97250000e-06  5.11592960e-04 
 8.97350000e-06  5.11592960e-04 
 8.97450000e-06  5.11592960e-04 
 8.97550000e-06  5.11592960e-04 
 8.97650000e-06  5.11592960e-04 
 8.97750000e-06  5.11592960e-04 
 8.97850000e-06  5.11592960e-04 
 8.97950000e-06  5.11592960e-04 
 8.98050000e-06  5.11592960e-04 
 8.98150000e-06  5.11592960e-04 
 8.98250000e-06  5.11592960e-04 
 8.98350000e-06  5.11592960e-04 
 8.98450000e-06  5.11592960e-04 
 8.98550000e-06  5.11592960e-04 
 8.98650000e-06  5.11592960e-04 
 8.98750000e-06  5.11592960e-04 
 8.98850000e-06  5.11592960e-04 
 8.98950000e-06  5.11592960e-04 
 8.99050000e-06  5.11592960e-04 
 8.99150000e-06  5.11592960e-04 
 8.99250000e-06  5.11592960e-04 
 8.99350000e-06  5.11592960e-04 
 8.99450000e-06  5.11592960e-04 
 8.99550000e-06  5.11592960e-04 
 8.99650000e-06  5.11592960e-04 
 8.99750000e-06  5.11592960e-04 
 8.99850000e-06  5.11592960e-04 
 8.99950000e-06  5.11592960e-04 
 9.00050000e-06  5.11592960e-04 
 9.00150000e-06  5.11592960e-04 
 9.00250000e-06  5.11592960e-04 
 9.00350000e-06  5.11592960e-04 
 9.00450000e-06  5.11592960e-04 
 9.00550000e-06  5.11592960e-04 
 9.00650000e-06  5.11592960e-04 
 9.00750000e-06  5.11592960e-04 
 9.00850000e-06  5.11592960e-04 
 9.00950000e-06  5.11592960e-04 
 9.01050000e-06  5.11592960e-04 
 9.01150000e-06  5.11592960e-04 
 9.01250000e-06  5.11592960e-04 
 9.01350000e-06  5.11592960e-04 
 9.01450000e-06  5.11592960e-04 
 9.01550000e-06  5.11592960e-04 
 9.01650000e-06  5.11592960e-04 
 9.01750000e-06  5.11592960e-04 
 9.01850000e-06  5.11592960e-04 
 9.01950000e-06  5.11592960e-04 
 9.02050000e-06  5.11592960e-04 
 9.02150000e-06  5.11592960e-04 
 9.02250000e-06  5.11592960e-04 
 9.02350000e-06  5.11592960e-04 
 9.02450000e-06  5.11592960e-04 
 9.02550000e-06  5.11592960e-04 
 9.02650000e-06  5.11592960e-04 
 9.02750000e-06  5.11592960e-04 
 9.02850000e-06  5.11592960e-04 
 9.02950000e-06  5.11592960e-04 
 9.03050000e-06  5.11592960e-04 
 9.03150000e-06  5.11592960e-04 
 9.03250000e-06  5.11592960e-04 
 9.03350000e-06  5.11592960e-04 
 9.03450000e-06  5.11592960e-04 
 9.03550000e-06  5.11592960e-04 
 9.03650000e-06  5.11592960e-04 
 9.03750000e-06  5.11592960e-04 
 9.03850000e-06  5.11592960e-04 
 9.03950000e-06  5.11592960e-04 
 9.04050000e-06  5.11592960e-04 
 9.04150000e-06  5.11592960e-04 
 9.04250000e-06  5.11592960e-04 
 9.04350000e-06  5.11592960e-04 
 9.04450000e-06  5.11592960e-04 
 9.04550000e-06  5.11592960e-04 
 9.04650000e-06  5.11592960e-04 
 9.04750000e-06  5.11592960e-04 
 9.04850000e-06  5.11592960e-04 
 9.04950000e-06  5.11592960e-04 
 9.05050000e-06  5.11592960e-04 
 9.05150000e-06  5.11592960e-04 
 9.05250000e-06  5.11592960e-04 
 9.05350000e-06  5.11592960e-04 
 9.05450000e-06  5.11592960e-04 
 9.05550000e-06  5.11592960e-04 
 9.05650000e-06  5.11592960e-04 
 9.05750000e-06  5.11592960e-04 
 9.05850000e-06  5.11592960e-04 
 9.05950000e-06  5.11592960e-04 
 9.06050000e-06  5.11592960e-04 
 9.06150000e-06  5.11592960e-04 
 9.06250000e-06  5.11592960e-04 
 9.06350000e-06  5.11592960e-04 
 9.06450000e-06  5.11592960e-04 
 9.06550000e-06  5.11592960e-04 
 9.06650000e-06  5.11592960e-04 
 9.06750000e-06  5.11592960e-04 
 9.06850000e-06  5.11592960e-04 
 9.06950000e-06  5.11592960e-04 
 9.07050000e-06  5.11592960e-04 
 9.07150000e-06  5.11592960e-04 
 9.07250000e-06  5.11592960e-04 
 9.07350000e-06  5.11592960e-04 
 9.07450000e-06  5.11592960e-04 
 9.07550000e-06  5.11592960e-04 
 9.07650000e-06  5.11592960e-04 
 9.07750000e-06  5.11592960e-04 
 9.07850000e-06  5.11592960e-04 
 9.07950000e-06  5.11592960e-04 
 9.08050000e-06  5.11592960e-04 
 9.08150000e-06  5.11592960e-04 
 9.08250000e-06  5.11592960e-04 
 9.08350000e-06  5.11592960e-04 
 9.08450000e-06  5.11592960e-04 
 9.08550000e-06  5.11592960e-04 
 9.08650000e-06  5.11592960e-04 
 9.08750000e-06  5.11592960e-04 
 9.08850000e-06  5.11592960e-04 
 9.08950000e-06  5.11592960e-04 
 9.09050000e-06  5.11592960e-04 
 9.09150000e-06  5.11592960e-04 
 9.09250000e-06  5.11592960e-04 
 9.09350000e-06  5.11592960e-04 
 9.09450000e-06  5.11592960e-04 
 9.09550000e-06  5.11592960e-04 
 9.09650000e-06  5.11592960e-04 
 9.09750000e-06  5.11592960e-04 
 9.09850000e-06  5.11592960e-04 
 9.09950000e-06  5.11592960e-04 
 9.10050000e-06  5.11592960e-04 
 9.10150000e-06  5.11592960e-04 
 9.10250000e-06  5.11592960e-04 
 9.10350000e-06  5.11592960e-04 
 9.10450000e-06  5.11592960e-04 
 9.10550000e-06  5.11592960e-04 
 9.10650000e-06  5.11592960e-04 
 9.10750000e-06  5.11592960e-04 
 9.10850000e-06  5.11592960e-04 
 9.10950000e-06  5.11592960e-04 
 9.11050000e-06  5.11592960e-04 
 9.11150000e-06  5.11592960e-04 
 9.11250000e-06  5.11592960e-04 
 9.11350000e-06  5.11592960e-04 
 9.11450000e-06  5.11592960e-04 
 9.11550000e-06  5.11592960e-04 
 9.11650000e-06  5.11592960e-04 
 9.11750000e-06  5.11592960e-04 
 9.11850000e-06  5.11592960e-04 
 9.11950000e-06  5.11592960e-04 
 9.12050000e-06  5.11592960e-04 
 9.12150000e-06  5.11592960e-04 
 9.12250000e-06  5.11592960e-04 
 9.12350000e-06  5.11592960e-04 
 9.12450000e-06  5.11592960e-04 
 9.12550000e-06  5.11592960e-04 
 9.12650000e-06  5.11592960e-04 
 9.12750000e-06  5.11592960e-04 
 9.12850000e-06  5.11592960e-04 
 9.12950000e-06  5.11592960e-04 
 9.13050000e-06  5.11592960e-04 
 9.13150000e-06  5.11592960e-04 
 9.13250000e-06  5.11592960e-04 
 9.13350000e-06  5.11592960e-04 
 9.13450000e-06  5.11592960e-04 
 9.13550000e-06  5.11592960e-04 
 9.13650000e-06  5.11592960e-04 
 9.13750000e-06  5.11592960e-04 
 9.13850000e-06  5.11592960e-04 
 9.13950000e-06  5.11592960e-04 
 9.14050000e-06  5.11592960e-04 
 9.14150000e-06  5.11592960e-04 
 9.14250000e-06  5.11592960e-04 
 9.14350000e-06  5.11592960e-04 
 9.14450000e-06  5.11592960e-04 
 9.14550000e-06  5.11592960e-04 
 9.14650000e-06  5.11592960e-04 
 9.14750000e-06  5.11592960e-04 
 9.14850000e-06  5.11592960e-04 
 9.14950000e-06  5.11592960e-04 
 9.15050000e-06  5.11592960e-04 
 9.15150000e-06  5.11592960e-04 
 9.15250000e-06  5.11592960e-04 
 9.15350000e-06  5.11592960e-04 
 9.15450000e-06  5.11592960e-04 
 9.15550000e-06  5.11592960e-04 
 9.15650000e-06  5.11592960e-04 
 9.15750000e-06  5.11592960e-04 
 9.15850000e-06  5.11592960e-04 
 9.15950000e-06  5.11592960e-04 
 9.16050000e-06  5.11592960e-04 
 9.16150000e-06  5.11592960e-04 
 9.16250000e-06  5.11592960e-04 
 9.16350000e-06  5.11592960e-04 
 9.16450000e-06  5.11592960e-04 
 9.16550000e-06  5.11592960e-04 
 9.16650000e-06  5.11592960e-04 
 9.16750000e-06  5.11592960e-04 
 9.16850000e-06  5.11592960e-04 
 9.16950000e-06  5.11592960e-04 
 9.17050000e-06  5.11592960e-04 
 9.17150000e-06  5.11592960e-04 
 9.17250000e-06  5.11592960e-04 
 9.17350000e-06  5.11592960e-04 
 9.17450000e-06  5.11592960e-04 
 9.17550000e-06  5.11592960e-04 
 9.17650000e-06  5.11592960e-04 
 9.17750000e-06  5.11592960e-04 
 9.17850000e-06  5.11592960e-04 
 9.17950000e-06  5.11592960e-04 
 9.18050000e-06  5.11592960e-04 
 9.18150000e-06  5.11592960e-04 
 9.18250000e-06  5.11592960e-04 
 9.18350000e-06  5.11592960e-04 
 9.18450000e-06  5.11592960e-04 
 9.18550000e-06  5.11592960e-04 
 9.18650000e-06  5.11592960e-04 
 9.18750000e-06  5.11592960e-04 
 9.18850000e-06  5.11592960e-04 
 9.18950000e-06  5.11592960e-04 
 9.19050000e-06  5.11592960e-04 
 9.19150000e-06  5.11592960e-04 
 9.19250000e-06  5.11592960e-04 
 9.19350000e-06  5.11592960e-04 
 9.19450000e-06  5.11592960e-04 
 9.19550000e-06  5.11592960e-04 
 9.19650000e-06  5.11592960e-04 
 9.19750000e-06  5.11592960e-04 
 9.19850000e-06  5.11592960e-04 
 9.19950000e-06  5.11592960e-04 
 9.20050000e-06  5.11592960e-04 
 9.20150000e-06  5.11592960e-04 
 9.20250000e-06  5.11592960e-04 
 9.20350000e-06  5.11592960e-04 
 9.20450000e-06  5.11592960e-04 
 9.20550000e-06  5.11592960e-04 
 9.20650000e-06  5.11592960e-04 
 9.20750000e-06  5.11592960e-04 
 9.20850000e-06  5.11592960e-04 
 9.20950000e-06  5.11592960e-04 
 9.21050000e-06  5.11592960e-04 
 9.21150000e-06  5.11592960e-04 
 9.21250000e-06  5.11592960e-04 
 9.21350000e-06  5.11592960e-04 
 9.21450000e-06  5.11592960e-04 
 9.21550000e-06  5.11592960e-04 
 9.21650000e-06  5.11592960e-04 
 9.21750000e-06  5.11592960e-04 
 9.21850000e-06  5.11592960e-04 
 9.21950000e-06  5.11592960e-04 
 9.22050000e-06  5.11592960e-04 
 9.22150000e-06  5.11592960e-04 
 9.22250000e-06  5.11592960e-04 
 9.22350000e-06  5.11592960e-04 
 9.22450000e-06  5.11592960e-04 
 9.22550000e-06  5.11592960e-04 
 9.22650000e-06  5.11592960e-04 
 9.22750000e-06  5.11592960e-04 
 9.22850000e-06  5.11592960e-04 
 9.22950000e-06  5.11592960e-04 
 9.23050000e-06  5.11592960e-04 
 9.23150000e-06  5.11592960e-04 
 9.23250000e-06  5.11592960e-04 
 9.23350000e-06  5.11592960e-04 
 9.23450000e-06  5.11592960e-04 
 9.23550000e-06  5.11592960e-04 
 9.23650000e-06  5.11592960e-04 
 9.23750000e-06  5.11592960e-04 
 9.23850000e-06  5.11592960e-04 
 9.23950000e-06  5.11592960e-04 
 9.24050000e-06  5.11592960e-04 
 9.24150000e-06  5.11592960e-04 
 9.24250000e-06  5.11592960e-04 
 9.24350000e-06  5.11592960e-04 
 9.24450000e-06  5.11592960e-04 
 9.24550000e-06  5.11592960e-04 
 9.24650000e-06  5.11592960e-04 
 9.24750000e-06  5.11592960e-04 
 9.24850000e-06  5.11592960e-04 
 9.24950000e-06  5.11592960e-04 
 9.25050000e-06  5.11592960e-04 
 9.25150000e-06  5.11592960e-04 
 9.25250000e-06  5.11592960e-04 
 9.25350000e-06  5.11592960e-04 
 9.25450000e-06  5.11592960e-04 
 9.25550000e-06  5.11592960e-04 
 9.25650000e-06  5.11592960e-04 
 9.25750000e-06  5.11592960e-04 
 9.25850000e-06  5.11592960e-04 
 9.25950000e-06  5.11592960e-04 
 9.26050000e-06  5.11592960e-04 
 9.26150000e-06  5.11592960e-04 
 9.26250000e-06  5.11592960e-04 
 9.26350000e-06  5.11592960e-04 
 9.26450000e-06  5.11592960e-04 
 9.26550000e-06  5.11592960e-04 
 9.26650000e-06  5.11592960e-04 
 9.26750000e-06  5.11592960e-04 
 9.26850000e-06  5.11592960e-04 
 9.26950000e-06  5.11592960e-04 
 9.27050000e-06  5.11592960e-04 
 9.27150000e-06  5.11592960e-04 
 9.27250000e-06  5.11592960e-04 
 9.27350000e-06  5.11592960e-04 
 9.27450000e-06  5.11592960e-04 
 9.27550000e-06  5.11592960e-04 
 9.27650000e-06  5.11592960e-04 
 9.27750000e-06  5.11592960e-04 
 9.27850000e-06  5.11592960e-04 
 9.27950000e-06  5.11592960e-04 
 9.28050000e-06  5.11592960e-04 
 9.28150000e-06  5.11592960e-04 
 9.28250000e-06  5.11592960e-04 
 9.28350000e-06  5.11592960e-04 
 9.28450000e-06  5.11592960e-04 
 9.28550000e-06  5.11592960e-04 
 9.28650000e-06  5.11592960e-04 
 9.28750000e-06  5.11592960e-04 
 9.28850000e-06  5.11592960e-04 
 9.28950000e-06  5.11592960e-04 
 9.29050000e-06  5.11592960e-04 
 9.29150000e-06  5.11592960e-04 
 9.29250000e-06  5.11592960e-04 
 9.29350000e-06  5.11592960e-04 
 9.29450000e-06  5.11592960e-04 
 9.29550000e-06  5.11592960e-04 
 9.29650000e-06  5.11592960e-04 
 9.29750000e-06  5.11592960e-04 
 9.29850000e-06  5.11592960e-04 
 9.29950000e-06  5.11592960e-04 
 9.30050000e-06  5.11592960e-04 
 9.30150000e-06  5.11592960e-04 
 9.30250000e-06  5.11592960e-04 
 9.30350000e-06  5.11592960e-04 
 9.30450000e-06  5.11592960e-04 
 9.30550000e-06  5.11592960e-04 
 9.30650000e-06  5.11592960e-04 
 9.30750000e-06  5.11592960e-04 
 9.30850000e-06  5.11592960e-04 
 9.30950000e-06  5.11592960e-04 
 9.31050000e-06  5.11592960e-04 
 9.31150000e-06  5.11592960e-04 
 9.31250000e-06  5.11592960e-04 
 9.31350000e-06  5.11592960e-04 
 9.31450000e-06  5.11592960e-04 
 9.31550000e-06  5.11592960e-04 
 9.31650000e-06  5.11592960e-04 
 9.31750000e-06  5.11592960e-04 
 9.31850000e-06  5.11592960e-04 
 9.31950000e-06  5.11592960e-04 
 9.32050000e-06  5.11592960e-04 
 9.32150000e-06  5.11592960e-04 
 9.32250000e-06  5.11592960e-04 
 9.32350000e-06  5.11592960e-04 
 9.32450000e-06  5.11592960e-04 
 9.32550000e-06  5.11592960e-04 
 9.32650000e-06  5.11592960e-04 
 9.32750000e-06  5.11592960e-04 
 9.32850000e-06  5.11592960e-04 
 9.32950000e-06  5.11592960e-04 
 9.33050000e-06  5.11592960e-04 
 9.33150000e-06  5.11592960e-04 
 9.33250000e-06  5.11592960e-04 
 9.33350000e-06  5.11592960e-04 
 9.33450000e-06  5.11592960e-04 
 9.33550000e-06  5.11592960e-04 
 9.33650000e-06  5.11592960e-04 
 9.33750000e-06  5.11592960e-04 
 9.33850000e-06  5.11592960e-04 
 9.33950000e-06  5.11592960e-04 
 9.34050000e-06  5.11592960e-04 
 9.34150000e-06  5.11592960e-04 
 9.34250000e-06  5.11592960e-04 
 9.34350000e-06  5.11592960e-04 
 9.34450000e-06  5.11592960e-04 
 9.34550000e-06  5.11592960e-04 
 9.34650000e-06  5.11592960e-04 
 9.34750000e-06  5.11592960e-04 
 9.34850000e-06  5.11592960e-04 
 9.34950000e-06  5.11592960e-04 
 9.35050000e-06  5.11592960e-04 
 9.35150000e-06  5.11592960e-04 
 9.35250000e-06  5.11592960e-04 
 9.35350000e-06  5.11592960e-04 
 9.35450000e-06  5.11592960e-04 
 9.35550000e-06  5.11592960e-04 
 9.35650000e-06  5.11592960e-04 
 9.35750000e-06  5.11592960e-04 
 9.35850000e-06  5.11592960e-04 
 9.35950000e-06  5.11592960e-04 
 9.36050000e-06  5.11592960e-04 
 9.36150000e-06  5.11592960e-04 
 9.36250000e-06  5.11592960e-04 
 9.36350000e-06  5.11592960e-04 
 9.36450000e-06  5.11592960e-04 
 9.36550000e-06  5.11592960e-04 
 9.36650000e-06  5.11592960e-04 
 9.36750000e-06  5.11592960e-04 
 9.36850000e-06  5.11592960e-04 
 9.36950000e-06  5.11592960e-04 
 9.37050000e-06  5.11592960e-04 
 9.37150000e-06  5.11592960e-04 
 9.37250000e-06  5.11592960e-04 
 9.37350000e-06  5.11592960e-04 
 9.37450000e-06  5.11592960e-04 
 9.37550000e-06  5.11592960e-04 
 9.37650000e-06  5.11592960e-04 
 9.37750000e-06  5.11592960e-04 
 9.37850000e-06  5.11592960e-04 
 9.37950000e-06  5.11592960e-04 
 9.38050000e-06  5.11592960e-04 
 9.38150000e-06  5.11592960e-04 
 9.38250000e-06  5.11592960e-04 
 9.38350000e-06  5.11592960e-04 
 9.38450000e-06  5.11592960e-04 
 9.38550000e-06  5.11592960e-04 
 9.38650000e-06  5.11592960e-04 
 9.38750000e-06  5.11592960e-04 
 9.38850000e-06  5.11592960e-04 
 9.38950000e-06  5.11592960e-04 
 9.39050000e-06  5.11592960e-04 
 9.39150000e-06  5.11592960e-04 
 9.39250000e-06  5.11592960e-04 
 9.39350000e-06  5.11592960e-04 
 9.39450000e-06  5.11592960e-04 
 9.39550000e-06  5.11592960e-04 
 9.39650000e-06  5.11592960e-04 
 9.39750000e-06  5.11592960e-04 
 9.39850000e-06  5.11592960e-04 
 9.39950000e-06  5.11592960e-04 
 9.40050000e-06  5.11592960e-04 
 9.40150000e-06  5.11592960e-04 
 9.40250000e-06  5.11592960e-04 
 9.40350000e-06  5.11592960e-04 
 9.40450000e-06  5.11592960e-04 
 9.40550000e-06  5.11592960e-04 
 9.40650000e-06  5.11592960e-04 
 9.40750000e-06  5.11592960e-04 
 9.40850000e-06  5.11592960e-04 
 9.40950000e-06  5.11592960e-04 
 9.41050000e-06  5.11592960e-04 
 9.41150000e-06  5.11592960e-04 
 9.41250000e-06  5.11592960e-04 
 9.41350000e-06  5.11592960e-04 
 9.41450000e-06  5.11592960e-04 
 9.41550000e-06  5.11592960e-04 
 9.41650000e-06  5.11592960e-04 
 9.41750000e-06  5.11592960e-04 
 9.41850000e-06  5.11592960e-04 
 9.41950000e-06  5.11592960e-04 
 9.42050000e-06  5.11592960e-04 
 9.42150000e-06  5.11592960e-04 
 9.42250000e-06  5.11592960e-04 
 9.42350000e-06  5.11592960e-04 
 9.42450000e-06  5.11592960e-04 
 9.42550000e-06  5.11592960e-04 
 9.42650000e-06  5.11592960e-04 
 9.42750000e-06  5.11592960e-04 
 9.42850000e-06  5.11592960e-04 
 9.42950000e-06  5.11592960e-04 
 9.43050000e-06  5.11592960e-04 
 9.43150000e-06  5.11592960e-04 
 9.43250000e-06  5.11592960e-04 
 9.43350000e-06  5.11592960e-04 
 9.43450000e-06  5.11592960e-04 
 9.43550000e-06  5.11592960e-04 
 9.43650000e-06  5.11592960e-04 
 9.43750000e-06  5.11592960e-04 
 9.43850000e-06  5.11592960e-04 
 9.43950000e-06  5.11592960e-04 
 9.44050000e-06  5.11592960e-04 
 9.44150000e-06  5.11592960e-04 
 9.44250000e-06  5.11592960e-04 
 9.44350000e-06  5.11592960e-04 
 9.44450000e-06  5.11592960e-04 
 9.44550000e-06  5.11592960e-04 
 9.44650000e-06  5.11592960e-04 
 9.44750000e-06  5.11592960e-04 
 9.44850000e-06  5.11592960e-04 
 9.44950000e-06  5.11592960e-04 
 9.45050000e-06  5.11592960e-04 
 9.45150000e-06  5.11592960e-04 
 9.45250000e-06  5.11592960e-04 
 9.45350000e-06  5.11592960e-04 
 9.45450000e-06  5.11592960e-04 
 9.45550000e-06  5.11592960e-04 
 9.45650000e-06  5.11592960e-04 
 9.45750000e-06  5.11592960e-04 
 9.45850000e-06  5.11592960e-04 
 9.45950000e-06  5.11592960e-04 
 9.46050000e-06  5.11592960e-04 
 9.46150000e-06  5.11592960e-04 
 9.46250000e-06  5.11592960e-04 
 9.46350000e-06  5.11592960e-04 
 9.46450000e-06  5.11592960e-04 
 9.46550000e-06  5.11592960e-04 
 9.46650000e-06  5.11592960e-04 
 9.46750000e-06  5.11592960e-04 
 9.46850000e-06  5.11592960e-04 
 9.46950000e-06  5.11592960e-04 
 9.47050000e-06  5.11592960e-04 
 9.47150000e-06  5.11592960e-04 
 9.47250000e-06  5.11592960e-04 
 9.47350000e-06  5.11592960e-04 
 9.47450000e-06  5.11592960e-04 
 9.47550000e-06  5.11592960e-04 
 9.47650000e-06  5.11592960e-04 
 9.47750000e-06  5.11592960e-04 
 9.47850000e-06  5.11592960e-04 
 9.47950000e-06  5.11592960e-04 
 9.48050000e-06  5.11592960e-04 
 9.48150000e-06  5.11592960e-04 
 9.48250000e-06  5.11592960e-04 
 9.48350000e-06  5.11592960e-04 
 9.48450000e-06  5.11592960e-04 
 9.48550000e-06  5.11592960e-04 
 9.48650000e-06  5.11592960e-04 
 9.48750000e-06  5.11592960e-04 
 9.48850000e-06  5.11592960e-04 
 9.48950000e-06  5.11592960e-04 
 9.49050000e-06  5.11592960e-04 
 9.49150000e-06  5.11592960e-04 
 9.49250000e-06  5.11592960e-04 
 9.49350000e-06  5.11592960e-04 
 9.49450000e-06  5.11592960e-04 
 9.49550000e-06  5.11592960e-04 
 9.49650000e-06  5.11592960e-04 
 9.49750000e-06  5.11592960e-04 
 9.49850000e-06  5.11592960e-04 
 9.49950000e-06  5.11592960e-04 
 9.50050000e-06  5.11592960e-04 
 9.50150000e-06  5.11592960e-04 
 9.50250000e-06  5.11592960e-04 
 9.50350000e-06  5.11592960e-04 
 9.50450000e-06  5.11592960e-04 
 9.50550000e-06  5.11592960e-04 
 9.50650000e-06  5.11592960e-04 
 9.50750000e-06  5.11592960e-04 
 9.50850000e-06  5.11592960e-04 
 9.50950000e-06  5.11592960e-04 
 9.51050000e-06  5.11592960e-04 
 9.51150000e-06  5.11592960e-04 
 9.51250000e-06  5.11592960e-04 
 9.51350000e-06  5.11592960e-04 
 9.51450000e-06  5.11592960e-04 
 9.51550000e-06  5.11592960e-04 
 9.51650000e-06  5.11592960e-04 
 9.51750000e-06  5.11592960e-04 
 9.51850000e-06  5.11592960e-04 
 9.51950000e-06  5.11592960e-04 
 9.52050000e-06  5.11592960e-04 
 9.52150000e-06  5.11592960e-04 
 9.52250000e-06  5.11592960e-04 
 9.52350000e-06  5.11592960e-04 
 9.52450000e-06  5.11592960e-04 
 9.52550000e-06  5.11592960e-04 
 9.52650000e-06  5.11592960e-04 
 9.52750000e-06  5.11592960e-04 
 9.52850000e-06  5.11592960e-04 
 9.52950000e-06  5.11592960e-04 
 9.53050000e-06  5.11592960e-04 
 9.53150000e-06  5.11592960e-04 
 9.53250000e-06  5.11592960e-04 
 9.53350000e-06  5.11592960e-04 
 9.53450000e-06  5.11592960e-04 
 9.53550000e-06  5.11592960e-04 
 9.53650000e-06  5.11592960e-04 
 9.53750000e-06  5.11592960e-04 
 9.53850000e-06  5.11592960e-04 
 9.53950000e-06  5.11592960e-04 
 9.54050000e-06  5.11592960e-04 
 9.54150000e-06  5.11592960e-04 
 9.54250000e-06  5.11592960e-04 
 9.54350000e-06  5.11592960e-04 
 9.54450000e-06  5.11592960e-04 
 9.54550000e-06  5.11592960e-04 
 9.54650000e-06  5.11592960e-04 
 9.54750000e-06  5.11592960e-04 
 9.54850000e-06  5.11592960e-04 
 9.54950000e-06  5.11592960e-04 
 9.55050000e-06  5.11592960e-04 
 9.55150000e-06  5.11592960e-04 
 9.55250000e-06  5.11592960e-04 
 9.55350000e-06  5.11592960e-04 
 9.55450000e-06  5.11592960e-04 
 9.55550000e-06  5.11592960e-04 
 9.55650000e-06  5.11592960e-04 
 9.55750000e-06  5.11592960e-04 
 9.55850000e-06  5.11592960e-04 
 9.55950000e-06  5.11592960e-04 
 9.56050000e-06  5.11592960e-04 
 9.56150000e-06  5.11592960e-04 
 9.56250000e-06  5.11592960e-04 
 9.56350000e-06  5.11592960e-04 
 9.56450000e-06  5.11592960e-04 
 9.56550000e-06  5.11592960e-04 
 9.56650000e-06  5.11592960e-04 
 9.56750000e-06  5.11592960e-04 
 9.56850000e-06  5.11592960e-04 
 9.56950000e-06  5.11592960e-04 
 9.57050000e-06  5.11592960e-04 
 9.57150000e-06  5.11592960e-04 
 9.57250000e-06  5.11592960e-04 
 9.57350000e-06  5.11592960e-04 
 9.57450000e-06  5.11592960e-04 
 9.57550000e-06  5.11592960e-04 
 9.57650000e-06  5.11592960e-04 
 9.57750000e-06  5.11592960e-04 
 9.57850000e-06  5.11592960e-04 
 9.57950000e-06  5.11592960e-04 
 9.58050000e-06  5.11592960e-04 
 9.58150000e-06  5.11592960e-04 
 9.58250000e-06  5.11592960e-04 
 9.58350000e-06  5.11592960e-04 
 9.58450000e-06  5.11592960e-04 
 9.58550000e-06  5.11592960e-04 
 9.58650000e-06  5.11592960e-04 
 9.58750000e-06  5.11592960e-04 
 9.58850000e-06  5.11592960e-04 
 9.58950000e-06  5.11592960e-04 
 9.59050000e-06  5.11592960e-04 
 9.59150000e-06  5.11592960e-04 
 9.59250000e-06  5.11592960e-04 
 9.59350000e-06  5.11592960e-04 
 9.59450000e-06  5.11592960e-04 
 9.59550000e-06  5.11592960e-04 
 9.59650000e-06  5.11592960e-04 
 9.59750000e-06  5.11592960e-04 
 9.59850000e-06  5.11592960e-04 
 9.59950000e-06  5.11592960e-04 
 9.60050000e-06  5.11592960e-04 
 9.60150000e-06  5.11592960e-04 
 9.60250000e-06  5.11592960e-04 
 9.60350000e-06  5.11592960e-04 
 9.60450000e-06  5.11592960e-04 
 9.60550000e-06  5.11592960e-04 
 9.60650000e-06  5.11592960e-04 
 9.60750000e-06  5.11592960e-04 
 9.60850000e-06  5.11592960e-04 
 9.60950000e-06  5.11592960e-04 
 9.61050000e-06  5.11592960e-04 
 9.61150000e-06  5.11592960e-04 
 9.61250000e-06  5.11592960e-04 
 9.61350000e-06  5.11592960e-04 
 9.61450000e-06  5.11592960e-04 
 9.61550000e-06  5.11592960e-04 
 9.61650000e-06  5.11592960e-04 
 9.61750000e-06  5.11592960e-04 
 9.61850000e-06  5.11592960e-04 
 9.61950000e-06  5.11592960e-04 
 9.62050000e-06  5.11592960e-04 
 9.62150000e-06  5.11592960e-04 
 9.62250000e-06  5.11592960e-04 
 9.62350000e-06  5.11592960e-04 
 9.62450000e-06  5.11592960e-04 
 9.62550000e-06  5.11592960e-04 
 9.62650000e-06  5.11592960e-04 
 9.62750000e-06  5.11592960e-04 
 9.62850000e-06  5.11592960e-04 
 9.62950000e-06  5.11592960e-04 
 9.63050000e-06  5.11592960e-04 
 9.63150000e-06  5.11592960e-04 
 9.63250000e-06  5.11592960e-04 
 9.63350000e-06  5.11592960e-04 
 9.63450000e-06  5.11592960e-04 
 9.63550000e-06  5.11592960e-04 
 9.63650000e-06  5.11592960e-04 
 9.63750000e-06  5.11592960e-04 
 9.63850000e-06  5.11592960e-04 
 9.63950000e-06  5.11592960e-04 
 9.64050000e-06  5.11592960e-04 
 9.64150000e-06  5.11592960e-04 
 9.64250000e-06  5.11592960e-04 
 9.64350000e-06  5.11592960e-04 
 9.64450000e-06  5.11592960e-04 
 9.64550000e-06  5.11592960e-04 
 9.64650000e-06  5.11592960e-04 
 9.64750000e-06  5.11592960e-04 
 9.64850000e-06  5.11592960e-04 
 9.64950000e-06  5.11592960e-04 
 9.65050000e-06  5.11592960e-04 
 9.65150000e-06  5.11592960e-04 
 9.65250000e-06  5.11592960e-04 
 9.65350000e-06  5.11592960e-04 
 9.65450000e-06  5.11592960e-04 
 9.65550000e-06  5.11592960e-04 
 9.65650000e-06  5.11592960e-04 
 9.65750000e-06  5.11592960e-04 
 9.65850000e-06  5.11592960e-04 
 9.65950000e-06  5.11592960e-04 
 9.66050000e-06  5.11592960e-04 
 9.66150000e-06  5.11592960e-04 
 9.66250000e-06  5.11592960e-04 
 9.66350000e-06  5.11592960e-04 
 9.66450000e-06  5.11592960e-04 
 9.66550000e-06  5.11592960e-04 
 9.66650000e-06  5.11592960e-04 
 9.66750000e-06  5.11592960e-04 
 9.66850000e-06  5.11592960e-04 
 9.66950000e-06  5.11592960e-04 
 9.67050000e-06  5.11592960e-04 
 9.67150000e-06  5.11592960e-04 
 9.67250000e-06  5.11592960e-04 
 9.67350000e-06  5.11592960e-04 
 9.67450000e-06  5.11592960e-04 
 9.67550000e-06  5.11592960e-04 
 9.67650000e-06  5.11592960e-04 
 9.67750000e-06  5.11592960e-04 
 9.67850000e-06  5.11592960e-04 
 9.67950000e-06  5.11592960e-04 
 9.68050000e-06  5.11592960e-04 
 9.68150000e-06  5.11592960e-04 
 9.68250000e-06  5.11592960e-04 
 9.68350000e-06  5.11592960e-04 
 9.68450000e-06  5.11592960e-04 
 9.68550000e-06  5.11592960e-04 
 9.68650000e-06  5.11592960e-04 
 9.68750000e-06  5.11592960e-04 
 9.68850000e-06  5.11592960e-04 
 9.68950000e-06  5.11592960e-04 
 9.69050000e-06  5.11592960e-04 
 9.69150000e-06  5.11592960e-04 
 9.69250000e-06  5.11592960e-04 
 9.69350000e-06  5.11592960e-04 
 9.69450000e-06  5.11592960e-04 
 9.69550000e-06  5.11592960e-04 
 9.69650000e-06  5.11592960e-04 
 9.69750000e-06  5.11592960e-04 
 9.69850000e-06  5.11592960e-04 
 9.69950000e-06  5.11592960e-04 
 9.70050000e-06  5.11592960e-04 
 9.70150000e-06  5.11592960e-04 
 9.70250000e-06  5.11592960e-04 
 9.70350000e-06  5.11592960e-04 
 9.70450000e-06  5.11592960e-04 
 9.70550000e-06  5.11592960e-04 
 9.70650000e-06  5.11592960e-04 
 9.70750000e-06  5.11592960e-04 
 9.70850000e-06  5.11592960e-04 
 9.70950000e-06  5.11592960e-04 
 9.71050000e-06  5.11592960e-04 
 9.71150000e-06  5.11592960e-04 
 9.71250000e-06  5.11592960e-04 
 9.71350000e-06  5.11592960e-04 
 9.71450000e-06  5.11592960e-04 
 9.71550000e-06  5.11592960e-04 
 9.71650000e-06  5.11592960e-04 
 9.71750000e-06  5.11592960e-04 
 9.71850000e-06  5.11592960e-04 
 9.71950000e-06  5.11592960e-04 
 9.72050000e-06  5.11592960e-04 
 9.72150000e-06  5.11592960e-04 
 9.72250000e-06  5.11592960e-04 
 9.72350000e-06  5.11592960e-04 
 9.72450000e-06  5.11592960e-04 
 9.72550000e-06  5.11592960e-04 
 9.72650000e-06  5.11592960e-04 
 9.72750000e-06  5.11592960e-04 
 9.72850000e-06  5.11592960e-04 
 9.72950000e-06  5.11592960e-04 
 9.73050000e-06  5.11592960e-04 
 9.73150000e-06  5.11592960e-04 
 9.73250000e-06  5.11592960e-04 
 9.73350000e-06  5.11592960e-04 
 9.73450000e-06  5.11592960e-04 
 9.73550000e-06  5.11592960e-04 
 9.73650000e-06  5.11592960e-04 
 9.73750000e-06  5.11592960e-04 
 9.73850000e-06  5.11592960e-04 
 9.73950000e-06  5.11592960e-04 
 9.74050000e-06  5.11592960e-04 
 9.74150000e-06  5.11592960e-04 
 9.74250000e-06  5.11592960e-04 
 9.74350000e-06  5.11592960e-04 
 9.74450000e-06  5.11592960e-04 
 9.74550000e-06  5.11592960e-04 
 9.74650000e-06  5.11592960e-04 
 9.74750000e-06  5.11592960e-04 
 9.74850000e-06  5.11592960e-04 
 9.74950000e-06  5.11592960e-04 
 9.75050000e-06  5.11592960e-04 
 9.75150000e-06  5.11592960e-04 
 9.75250000e-06  5.11592960e-04 
 9.75350000e-06  5.11592960e-04 
 9.75450000e-06  5.11592960e-04 
 9.75550000e-06  5.11592960e-04 
 9.75650000e-06  5.11592960e-04 
 9.75750000e-06  5.11592960e-04 
 9.75850000e-06  5.11592960e-04 
 9.75950000e-06  5.11592960e-04 
 9.76050000e-06  5.11592960e-04 
 9.76150000e-06  5.11592960e-04 
 9.76250000e-06  5.11592960e-04 
 9.76350000e-06  5.11592960e-04 
 9.76450000e-06  5.11592960e-04 
 9.76550000e-06  5.11592960e-04 
 9.76650000e-06  5.11592960e-04 
 9.76750000e-06  5.11592960e-04 
 9.76850000e-06  5.11592960e-04 
 9.76950000e-06  5.11592960e-04 
 9.77050000e-06  5.11592960e-04 
 9.77150000e-06  5.11592960e-04 
 9.77250000e-06  5.11592960e-04 
 9.77350000e-06  5.11592960e-04 
 9.77450000e-06  5.11592960e-04 
 9.77550000e-06  5.11592960e-04 
 9.77650000e-06  5.11592960e-04 
 9.77750000e-06  5.11592960e-04 
 9.77850000e-06  5.11592960e-04 
 9.77950000e-06  5.11592960e-04 
 9.78050000e-06  5.11592960e-04 
 9.78150000e-06  5.11592960e-04 
 9.78250000e-06  5.11592960e-04 
 9.78350000e-06  5.11592960e-04 
 9.78450000e-06  5.11592960e-04 
 9.78550000e-06  5.11592960e-04 
 9.78650000e-06  5.11592960e-04 
 9.78750000e-06  5.11592960e-04 
 9.78850000e-06  5.11592960e-04 
 9.78950000e-06  5.11592960e-04 
 9.79050000e-06  5.11592960e-04 
 9.79150000e-06  5.11592960e-04 
 9.79250000e-06  5.11592960e-04 
 9.79350000e-06  5.11592960e-04 
 9.79450000e-06  5.11592960e-04 
 9.79550000e-06  5.11592960e-04 
 9.79650000e-06  5.11592960e-04 
 9.79750000e-06  5.11592960e-04 
 9.79850000e-06  5.11592960e-04 
 9.79950000e-06  5.11592960e-04 
 9.80050000e-06  5.11592960e-04 
 9.80150000e-06  5.11592960e-04 
 9.80250000e-06  5.11592960e-04 
 9.80350000e-06  5.11592960e-04 
 9.80450000e-06  5.11592960e-04 
 9.80550000e-06  5.11592960e-04 
 9.80650000e-06  5.11592960e-04 
 9.80750000e-06  5.11592960e-04 
 9.80850000e-06  5.11592960e-04 
 9.80950000e-06  5.11592960e-04 
 9.81050000e-06  5.11592960e-04 
 9.81150000e-06  5.11592960e-04 
 9.81250000e-06  5.11592960e-04 
 9.81350000e-06  5.11592960e-04 
 9.81450000e-06  5.11592960e-04 
 9.81550000e-06  5.11592960e-04 
 9.81650000e-06  5.11592960e-04 
 9.81750000e-06  5.11592960e-04 
 9.81850000e-06  5.11592960e-04 
 9.81950000e-06  5.11592960e-04 
 9.82050000e-06  5.11592960e-04 
 9.82150000e-06  5.11592960e-04 
 9.82250000e-06  5.11592960e-04 
 9.82350000e-06  5.11592960e-04 
 9.82450000e-06  5.11592960e-04 
 9.82550000e-06  5.11592960e-04 
 9.82650000e-06  5.11592960e-04 
 9.82750000e-06  5.11592960e-04 
 9.82850000e-06  5.11592960e-04 
 9.82950000e-06  5.11592960e-04 
 9.83050000e-06  5.11592960e-04 
 9.83150000e-06  5.11592960e-04 
 9.83250000e-06  5.11592960e-04 
 9.83350000e-06  5.11592960e-04 
 9.83450000e-06  5.11592960e-04 
 9.83550000e-06  5.11592960e-04 
 9.83650000e-06  5.11592960e-04 
 9.83750000e-06  5.11592960e-04 
 9.83850000e-06  5.11592960e-04 
 9.83950000e-06  5.11592960e-04 
 9.84050000e-06  5.11592960e-04 
 9.84150000e-06  5.11592960e-04 
 9.84250000e-06  5.11592960e-04 
 9.84350000e-06  5.11592960e-04 
 9.84450000e-06  5.11592960e-04 
 9.84550000e-06  5.11592960e-04 
 9.84650000e-06  5.11592960e-04 
 9.84750000e-06  5.11592960e-04 
 9.84850000e-06  5.11592960e-04 
 9.84950000e-06  5.11592960e-04 
 9.85050000e-06  5.11592960e-04 
 9.85150000e-06  5.11592960e-04 
 9.85250000e-06  5.11592960e-04 
 9.85350000e-06  5.11592960e-04 
 9.85450000e-06  5.11592960e-04 
 9.85550000e-06  5.11592960e-04 
 9.85650000e-06  5.11592960e-04 
 9.85750000e-06  5.11592960e-04 
 9.85850000e-06  5.11592960e-04 
 9.85950000e-06  5.11592960e-04 
 9.86050000e-06  5.11592960e-04 
 9.86150000e-06  5.11592960e-04 
 9.86250000e-06  5.11592960e-04 
 9.86350000e-06  5.11592960e-04 
 9.86450000e-06  5.11592960e-04 
 9.86550000e-06  5.11592960e-04 
 9.86650000e-06  5.11592960e-04 
 9.86750000e-06  5.11592960e-04 
 9.86850000e-06  5.11592960e-04 
 9.86950000e-06  5.11592960e-04 
 9.87050000e-06  5.11592960e-04 
 9.87150000e-06  5.11592960e-04 
 9.87250000e-06  5.11592960e-04 
 9.87350000e-06  5.11592960e-04 
 9.87450000e-06  5.11592960e-04 
 9.87550000e-06  5.11592960e-04 
 9.87650000e-06  5.11592960e-04 
 9.87750000e-06  5.11592960e-04 
 9.87850000e-06  5.11592960e-04 
 9.87950000e-06  5.11592960e-04 
 9.88050000e-06  5.11592960e-04 
 9.88150000e-06  5.11592960e-04 
 9.88250000e-06  5.11592960e-04 
 9.88350000e-06  5.11592960e-04 
 9.88450000e-06  5.11592960e-04 
 9.88550000e-06  5.11592960e-04 
 9.88650000e-06  5.11592960e-04 
 9.88750000e-06  5.11592960e-04 
 9.88850000e-06  5.11592960e-04 
 9.88950000e-06  5.11592960e-04 
 9.89050000e-06  5.11592960e-04 
 9.89150000e-06  5.11592960e-04 
 9.89250000e-06  5.11592960e-04 
 9.89350000e-06  5.11592960e-04 
 9.89450000e-06  5.11592960e-04 
 9.89550000e-06  5.11592960e-04 
 9.89650000e-06  5.11592960e-04 
 9.89750000e-06  5.11592960e-04 
 9.89850000e-06  5.11592960e-04 
 9.89950000e-06  5.11592960e-04 
 9.90050000e-06  5.11592960e-04 
 9.90150000e-06  5.11592960e-04 
 9.90250000e-06  5.11592960e-04 
 9.90350000e-06  5.11592960e-04 
 9.90450000e-06  5.11592960e-04 
 9.90550000e-06  5.11592960e-04 
 9.90650000e-06  5.11592960e-04 
 9.90750000e-06  5.11592960e-04 
 9.90850000e-06  5.11592960e-04 
 9.90950000e-06  5.11592960e-04 
 9.91050000e-06  5.11592960e-04 
 9.91150000e-06  5.11592960e-04 
 9.91250000e-06  5.11592960e-04 
 9.91350000e-06  5.11592960e-04 
 9.91450000e-06  5.11592960e-04 
 9.91550000e-06  5.11592960e-04 
 9.91650000e-06  5.11592960e-04 
 9.91750000e-06  5.11592960e-04 
 9.91850000e-06  5.11592960e-04 
 9.91950000e-06  5.11592960e-04 
 9.92050000e-06  5.11592960e-04 
 9.92150000e-06  5.11592960e-04 
 9.92250000e-06  5.11592960e-04 
 9.92350000e-06  5.11592960e-04 
 9.92450000e-06  5.11592960e-04 
 9.92550000e-06  5.11592960e-04 
 9.92650000e-06  5.11592960e-04 
 9.92750000e-06  5.11592960e-04 
 9.92850000e-06  5.11592960e-04 
 9.92950000e-06  5.11592960e-04 
 9.93050000e-06  5.11592960e-04 
 9.93150000e-06  5.11592960e-04 
 9.93250000e-06  5.11592960e-04 
 9.93350000e-06  5.11592960e-04 
 9.93450000e-06  5.11592960e-04 
 9.93550000e-06  5.11592960e-04 
 9.93650000e-06  5.11592960e-04 
 9.93750000e-06  5.11592960e-04 
 9.93850000e-06  5.11592960e-04 
 9.93950000e-06  5.11592960e-04 
 9.94050000e-06  5.11592960e-04 
 9.94150000e-06  5.11592960e-04 
 9.94250000e-06  5.11592960e-04 
 9.94350000e-06  5.11592960e-04 
 9.94450000e-06  5.11592960e-04 
 9.94550000e-06  5.11592960e-04 
 9.94650000e-06  5.11592960e-04 
 9.94750000e-06  5.11592960e-04 
 9.94850000e-06  5.11592960e-04 
 9.94950000e-06  5.11592960e-04 
 9.95050000e-06  5.11592960e-04 
 9.95150000e-06  5.11592960e-04 
 9.95250000e-06  5.11592960e-04 
 9.95350000e-06  5.11592960e-04 
 9.95450000e-06  5.11592960e-04 
 9.95550000e-06  5.11592960e-04 
 9.95650000e-06  5.11592960e-04 
 9.95750000e-06  5.11592960e-04 
 9.95850000e-06  5.11592960e-04 
 9.95950000e-06  5.11592960e-04 
 9.96050000e-06  5.11592960e-04 
 9.96150000e-06  5.11592960e-04 
 9.96250000e-06  5.11592960e-04 
 9.96350000e-06  5.11592960e-04 
 9.96450000e-06  5.11592960e-04 
 9.96550000e-06  5.11592960e-04 
 9.96650000e-06  5.11592960e-04 
 9.96750000e-06  5.11592960e-04 
 9.96850000e-06  5.11592960e-04 
 9.96950000e-06  5.11592960e-04 
 9.97050000e-06  5.11592960e-04 
 9.97150000e-06  5.11592960e-04 
 9.97250000e-06  5.11592960e-04 
 9.97350000e-06  5.11592960e-04 
 9.97450000e-06  5.11592960e-04 
 9.97550000e-06  5.11592960e-04 
 9.97650000e-06  5.11592960e-04 
 9.97750000e-06  5.11592960e-04 
 9.97850000e-06  5.11592960e-04 
 9.97950000e-06  5.11592960e-04 
 9.98050000e-06  5.11592960e-04 
 9.98150000e-06  5.11592960e-04 
 9.98250000e-06  5.11592960e-04 
 9.98350000e-06  5.11592960e-04 
 9.98450000e-06  5.11592960e-04 
 9.98550000e-06  5.11592960e-04 
 9.98650000e-06  5.11592960e-04 
 9.98750000e-06  5.11592960e-04 
 9.98850000e-06  5.11592960e-04 
 9.98950000e-06  5.11592960e-04 
 9.99050000e-06  5.11592960e-04 
 9.99150000e-06  5.11592960e-04 
 9.99250000e-06  5.11592960e-04 
 9.99350000e-06  5.11592960e-04 
 9.99450000e-06  5.11592960e-04 
 9.99550000e-06  5.11592960e-04 
 9.99650000e-06  5.11592960e-04 
 9.99750000e-06  5.11592960e-04 
 9.99850000e-06  5.11592960e-04 
 9.99950000e-06  5.11592960e-04 
 1.00005000e-05  5.11592960e-04 
 1.00015000e-05  5.11592960e-04 
 1.00025000e-05  5.11592960e-04 
 1.00035000e-05  5.11592960e-04 
 1.00045000e-05  5.11592960e-04 
 1.00055000e-05  5.11592960e-04 
 1.00065000e-05  5.11592960e-04 
 1.00075000e-05  5.11592960e-04 
 1.00085000e-05  5.11592960e-04 
 1.00095000e-05  5.11592960e-04 
 1.00105000e-05  5.11592960e-04 
 1.00115000e-05  5.11592960e-04 
 1.00125000e-05  5.11592960e-04 
 1.00135000e-05  5.11592960e-04 
 1.00145000e-05  5.11592960e-04 
 1.00155000e-05  5.11592960e-04 
 1.00165000e-05  5.11592960e-04 
 1.00175000e-05  5.11592960e-04 
 1.00185000e-05  5.11592960e-04 
 1.00195000e-05  5.11592960e-04 
 1.00205000e-05  5.11592960e-04 
 1.00215000e-05  5.11592960e-04 
 1.00225000e-05  5.11592960e-04 
 1.00235000e-05  5.11592960e-04 
 1.00245000e-05  5.11592960e-04 
 1.00255000e-05  5.11592960e-04 
 1.00265000e-05  5.11592960e-04 
 1.00275000e-05  5.11592960e-04 
 1.00285000e-05  5.11592960e-04 
 1.00295000e-05  5.11592960e-04 
 1.00305000e-05  5.11592960e-04 
 1.00315000e-05  5.11592960e-04 
 1.00325000e-05  5.11592960e-04 
 1.00335000e-05  5.11592960e-04 
 1.00345000e-05  5.11592960e-04 
 1.00355000e-05  5.11592960e-04 
 1.00365000e-05  5.11592960e-04 
 1.00375000e-05  5.11592960e-04 
 1.00385000e-05  5.11592960e-04 
 1.00395000e-05  5.11592960e-04 
 1.00405000e-05  5.11592960e-04 
 1.00415000e-05  5.11592960e-04 
 1.00425000e-05  5.11592960e-04 
 1.00435000e-05  5.11592960e-04 
 1.00445000e-05  5.11592960e-04 
 1.00455000e-05  5.11592960e-04 
 1.00465000e-05  5.11592960e-04 
 1.00475000e-05  5.11592960e-04 
 1.00485000e-05  5.11592960e-04 
 1.00495000e-05  5.11592960e-04 
 1.00505000e-05  5.11592960e-04 
 1.00515000e-05  5.11592960e-04 
 1.00525000e-05  5.11592960e-04 
 1.00535000e-05  5.11592960e-04 
 1.00545000e-05  5.11592960e-04 
 1.00555000e-05  5.11592960e-04 
 1.00565000e-05  5.11592960e-04 
 1.00575000e-05  5.11592960e-04 
 1.00585000e-05  5.11592960e-04 
 1.00595000e-05  5.11592960e-04 
 1.00605000e-05  5.11592960e-04 
 1.00615000e-05  5.11592960e-04 
 1.00625000e-05  5.11592960e-04 
 1.00635000e-05  5.11592960e-04 
 1.00645000e-05  5.11592960e-04 
 1.00655000e-05  5.11592960e-04 
 1.00665000e-05  5.11592960e-04 
 1.00675000e-05  5.11592960e-04 
 1.00685000e-05  5.11592960e-04 
 1.00695000e-05  5.11592960e-04 
 1.00705000e-05  5.11592960e-04 
 1.00715000e-05  5.11592960e-04 
 1.00725000e-05  5.11592960e-04 
 1.00735000e-05  5.11592960e-04 
 1.00745000e-05  5.11592960e-04 
 1.00755000e-05  5.11592960e-04 
 1.00765000e-05  5.11592960e-04 
 1.00775000e-05  5.11592960e-04 
 1.00785000e-05  5.11592960e-04 
 1.00795000e-05  5.11592960e-04 
 1.00805000e-05  5.11592960e-04 
 1.00815000e-05  5.11592960e-04 
 1.00825000e-05  5.11592960e-04 
 1.00835000e-05  5.11592960e-04 
 1.00845000e-05  5.11592960e-04 
 1.00855000e-05  5.11592960e-04 
 1.00865000e-05  5.11592960e-04 
 1.00875000e-05  5.11592960e-04 
 1.00885000e-05  5.11592960e-04 
 1.00895000e-05  5.11592960e-04 
 1.00905000e-05  5.11592960e-04 
 1.00915000e-05  5.11592960e-04 
 1.00925000e-05  5.11592960e-04 
 1.00935000e-05  5.11592960e-04 
 1.00945000e-05  5.11592960e-04 
 1.00955000e-05  5.11592960e-04 
 1.00965000e-05  5.11592960e-04 
 1.00975000e-05  5.11592960e-04 
 1.00985000e-05  5.11592960e-04 
 1.00995000e-05  5.11592960e-04 
 1.01005000e-05  5.11592960e-04 
 1.01015000e-05  5.11592960e-04 
 1.01025000e-05  5.11592960e-04 
 1.01035000e-05  5.11592960e-04 
 1.01045000e-05  5.11592960e-04 
 1.01055000e-05  5.11592960e-04 
 1.01065000e-05  5.11592960e-04 
 1.01075000e-05  5.11592960e-04 
 1.01085000e-05  5.11592960e-04 
 1.01095000e-05  5.11592960e-04 
 1.01105000e-05  5.11592960e-04 
 1.01115000e-05  5.11592960e-04 
 1.01125000e-05  5.11592960e-04 
 1.01135000e-05  5.11592960e-04 
 1.01145000e-05  5.11592960e-04 
 1.01155000e-05  5.11592960e-04 
 1.01165000e-05  5.11592960e-04 
 1.01175000e-05  5.11592960e-04 
 1.01185000e-05  5.11592960e-04 
 1.01195000e-05  5.11592960e-04 
 1.01205000e-05  5.11592960e-04 
 1.01215000e-05  5.11592960e-04 
 1.01225000e-05  5.11592960e-04 
 1.01235000e-05  5.11592960e-04 
 1.01245000e-05  5.11592960e-04 
 1.01255000e-05  5.11592960e-04 
 1.01265000e-05  5.11592960e-04 
 1.01275000e-05  5.11592960e-04 
 1.01285000e-05  5.11592960e-04 
 1.01295000e-05  5.11592960e-04 
 1.01305000e-05  5.11592960e-04 
 1.01315000e-05  5.11592960e-04 
 1.01325000e-05  5.11592960e-04 
 1.01335000e-05  5.11592960e-04 
 1.01345000e-05  5.11592960e-04 
 1.01355000e-05  5.11592960e-04 
 1.01365000e-05  5.11592960e-04 
 1.01375000e-05  5.11592960e-04 
 1.01385000e-05  5.11592960e-04 
 1.01395000e-05  5.11592960e-04 
 1.01405000e-05  5.11592960e-04 
 1.01415000e-05  5.11592960e-04 
 1.01425000e-05  5.11592960e-04 
 1.01435000e-05  5.11592960e-04 
 1.01445000e-05  5.11592960e-04 
 1.01455000e-05  5.11592960e-04 
 1.01465000e-05  5.11592960e-04 
 1.01475000e-05  5.11592960e-04 
 1.01485000e-05  5.11592960e-04 
 1.01495000e-05  5.11592960e-04 
 1.01505000e-05  5.11592960e-04 
 1.01515000e-05  5.11592960e-04 
 1.01525000e-05  5.11592960e-04 
 1.01535000e-05  5.11592960e-04 
 1.01545000e-05  5.11592960e-04 
 1.01555000e-05  5.11592960e-04 
 1.01565000e-05  5.11592960e-04 
 1.01575000e-05  5.11592960e-04 
 1.01585000e-05  5.11592960e-04 
 1.01595000e-05  5.11592960e-04 
 1.01605000e-05  5.11592960e-04 
 1.01615000e-05  5.11592960e-04 
 1.01625000e-05  5.11592960e-04 
 1.01635000e-05  5.11592960e-04 
 1.01645000e-05  5.11592960e-04 
 1.01655000e-05  5.11592960e-04 
 1.01665000e-05  5.11592960e-04 
 1.01675000e-05  5.11592960e-04 
 1.01685000e-05  5.11592960e-04 
 1.01695000e-05  5.11592960e-04 
 1.01705000e-05  5.11592960e-04 
 1.01715000e-05  5.11592960e-04 
 1.01725000e-05  5.11592960e-04 
 1.01735000e-05  5.11592960e-04 
 1.01745000e-05  5.11592960e-04 
 1.01755000e-05  5.11592960e-04 
 1.01765000e-05  5.11592960e-04 
 1.01775000e-05  5.11592960e-04 
 1.01785000e-05  5.11592960e-04 
 1.01795000e-05  5.11592960e-04 
 1.01805000e-05  5.11592960e-04 
 1.01815000e-05  5.11592960e-04 
 1.01825000e-05  5.11592960e-04 
 1.01835000e-05  5.11592960e-04 
 1.01845000e-05  5.11592960e-04 
 1.01855000e-05  5.11592960e-04 
 1.01865000e-05  5.11592960e-04 
 1.01875000e-05  5.11592960e-04 
 1.01885000e-05  5.11592960e-04 
 1.01895000e-05  5.11592960e-04 
 1.01905000e-05  5.11592960e-04 
 1.01915000e-05  5.11592960e-04 
 1.01925000e-05  5.11592960e-04 
 1.01935000e-05  5.11592960e-04 
 1.01945000e-05  5.11592960e-04 
 1.01955000e-05  5.11592960e-04 
 1.01965000e-05  5.11592960e-04 
 1.01975000e-05  5.11592960e-04 
 1.01985000e-05  5.11592960e-04 
 1.01995000e-05  5.11592960e-04 
 1.02005000e-05  5.11592960e-04 
 1.02015000e-05  5.11592960e-04 
 1.02025000e-05  5.11592960e-04 
 1.02035000e-05  5.11592960e-04 
 1.02045000e-05  5.11592960e-04 
 1.02055000e-05  5.11592960e-04 
 1.02065000e-05  5.11592960e-04 
 1.02075000e-05  5.11592960e-04 
 1.02085000e-05  5.11592960e-04 
 1.02095000e-05  5.11592960e-04 
 1.02105000e-05  5.11592960e-04 
 1.02115000e-05  5.11592960e-04 
 1.02125000e-05  5.11592960e-04 
 1.02135000e-05  5.11592960e-04 
 1.02145000e-05  5.11592960e-04 
 1.02155000e-05  5.11592960e-04 
 1.02165000e-05  5.11592960e-04 
 1.02175000e-05  5.11592960e-04 
 1.02185000e-05  5.11592960e-04 
 1.02195000e-05  5.11592960e-04 
 1.02205000e-05  5.11592960e-04 
 1.02215000e-05  5.11592960e-04 
 1.02225000e-05  5.11592960e-04 
 1.02235000e-05  5.11592960e-04 
 1.02245000e-05  5.11592960e-04 
 1.02255000e-05  5.11592960e-04 
 1.02265000e-05  5.11592960e-04 
 1.02275000e-05  5.11592960e-04 
 1.02285000e-05  5.11592960e-04 
 1.02295000e-05  5.11592960e-04 
 1.02305000e-05  5.11592960e-04 
 1.02315000e-05  5.11592960e-04 
 1.02325000e-05  5.11592960e-04 
 1.02335000e-05  5.11592960e-04 
 1.02345000e-05  5.11592960e-04 
 1.02355000e-05  5.11592960e-04 
 1.02365000e-05  5.11592960e-04 
 1.02375000e-05  5.11592960e-04 
 1.02385000e-05  5.11592960e-04 
 1.02395000e-05  5.11592960e-04 
 1.02405000e-05  5.11592960e-04 
 1.02415000e-05  5.11592960e-04 
 1.02425000e-05  5.11592960e-04 
 1.02435000e-05  5.11592960e-04 
 1.02445000e-05  5.11592960e-04 
 1.02455000e-05  5.11592960e-04 
 1.02465000e-05  5.11592960e-04 
 1.02475000e-05  5.11592960e-04 
 1.02485000e-05  5.11592960e-04 
 1.02495000e-05  5.11592960e-04 
 1.02505000e-05  5.11592960e-04 
 1.02515000e-05  5.11592960e-04 
 1.02525000e-05  5.11592960e-04 
 1.02535000e-05  5.11592960e-04 
 1.02545000e-05  5.11592960e-04 
 1.02555000e-05  5.11592960e-04 
 1.02565000e-05  5.11592960e-04 
 1.02575000e-05  5.11592960e-04 
 1.02585000e-05  5.11592960e-04 
 1.02595000e-05  5.11592960e-04 
 1.02605000e-05  5.11592960e-04 
 1.02615000e-05  5.11592960e-04 
 1.02625000e-05  5.11592960e-04 
 1.02635000e-05  5.11592960e-04 
 1.02645000e-05  5.11592960e-04 
 1.02655000e-05  5.11592960e-04 
 1.02665000e-05  5.11592960e-04 
 1.02675000e-05  5.11592960e-04 
 1.02685000e-05  5.11592960e-04 
 1.02695000e-05  5.11592960e-04 
 1.02705000e-05  5.11592960e-04 
 1.02715000e-05  5.11592960e-04 
 1.02725000e-05  5.11592960e-04 
 1.02735000e-05  5.11592960e-04 
 1.02745000e-05  5.11592960e-04 
 1.02755000e-05  5.11592960e-04 
 1.02765000e-05  5.11592960e-04 
 1.02775000e-05  5.11592960e-04 
 1.02785000e-05  5.11592960e-04 
 1.02795000e-05  5.11592960e-04 
 1.02805000e-05  5.11592960e-04 
 1.02815000e-05  5.11592960e-04 
 1.02825000e-05  5.11592960e-04 
 1.02835000e-05  5.11592960e-04 
 1.02845000e-05  5.11592960e-04 
 1.02855000e-05  5.11592960e-04 
 1.02865000e-05  5.11592960e-04 
 1.02875000e-05  5.11592960e-04 
 1.02885000e-05  5.11592960e-04 
 1.02895000e-05  5.11592960e-04 
 1.02905000e-05  5.11592960e-04 
 1.02915000e-05  5.11592960e-04 
 1.02925000e-05  5.11592960e-04 
 1.02935000e-05  5.11592960e-04 
 1.02945000e-05  5.11592960e-04 
 1.02955000e-05  5.11592960e-04 
 1.02965000e-05  5.11592960e-04 
 1.02975000e-05  5.11592960e-04 
 1.02985000e-05  5.11592960e-04 
 1.02995000e-05  5.11592960e-04 
 1.03005000e-05  5.11592960e-04 
 1.03015000e-05  5.11592960e-04 
 1.03025000e-05  5.11592960e-04 
 1.03035000e-05  5.11592960e-04 
 1.03045000e-05  5.11592960e-04 
 1.03055000e-05  5.11592960e-04 
 1.03065000e-05  5.11592960e-04 
 1.03075000e-05  5.11592960e-04 
 1.03085000e-05  5.11592960e-04 
 1.03095000e-05  5.11592960e-04 
 1.03105000e-05  5.11592960e-04 
 1.03115000e-05  5.11592960e-04 
 1.03125000e-05  5.11592960e-04 
 1.03135000e-05  5.11592960e-04 
 1.03145000e-05  5.11592960e-04 
 1.03155000e-05  5.11592960e-04 
 1.03165000e-05  5.11592960e-04 
 1.03175000e-05  5.11592960e-04 
 1.03185000e-05  5.11592960e-04 
 1.03195000e-05  5.11592960e-04 
 1.03205000e-05  5.11592960e-04 
 1.03215000e-05  5.11592960e-04 
 1.03225000e-05  5.11592960e-04 
 1.03235000e-05  5.11592960e-04 
 1.03245000e-05  5.11592960e-04 
 1.03255000e-05  5.11592960e-04 
 1.03265000e-05  5.11592960e-04 
 1.03275000e-05  5.11592960e-04 
 1.03285000e-05  5.11592960e-04 
 1.03295000e-05  5.11592960e-04 
 1.03305000e-05  5.11592960e-04 
 1.03315000e-05  5.11592960e-04 
 1.03325000e-05  5.11592960e-04 
 1.03335000e-05  5.11592960e-04 
 1.03345000e-05  5.11592960e-04 
 1.03355000e-05  5.11592960e-04 
 1.03365000e-05  5.11592960e-04 
 1.03375000e-05  5.11592960e-04 
 1.03385000e-05  5.11592960e-04 
 1.03395000e-05  5.11592960e-04 
 1.03405000e-05  5.11592960e-04 
 1.03415000e-05  5.11592960e-04 
 1.03425000e-05  5.11592960e-04 
 1.03435000e-05  5.11592960e-04 
 1.03445000e-05  5.11592960e-04 
 1.03455000e-05  5.11592960e-04 
 1.03465000e-05  5.11592960e-04 
 1.03475000e-05  5.11592960e-04 
 1.03485000e-05  5.11592960e-04 
 1.03495000e-05  5.11592960e-04 
 1.03505000e-05  5.11592960e-04 
 1.03515000e-05  5.11592960e-04 
 1.03525000e-05  5.11592960e-04 
 1.03535000e-05  5.11592960e-04 
 1.03545000e-05  5.11592960e-04 
 1.03555000e-05  5.11592960e-04 
 1.03565000e-05  5.11592960e-04 
 1.03575000e-05  5.11592960e-04 
 1.03585000e-05  5.11592960e-04 
 1.03595000e-05  5.11592960e-04 
 1.03605000e-05  5.11592960e-04 
 1.03615000e-05  5.11592960e-04 
 1.03625000e-05  5.11592960e-04 
 1.03635000e-05  5.11592960e-04 
 1.03645000e-05  5.11592960e-04 
 1.03655000e-05  5.11592960e-04 
 1.03665000e-05  5.11592960e-04 
 1.03675000e-05  5.11592960e-04 
 1.03685000e-05  5.11592960e-04 
 1.03695000e-05  5.11592960e-04 
 1.03705000e-05  5.11592960e-04 
 1.03715000e-05  5.11592960e-04 
 1.03725000e-05  5.11592960e-04 
 1.03735000e-05  5.11592960e-04 
 1.03745000e-05  5.11592960e-04 
 1.03755000e-05  5.11592960e-04 
 1.03765000e-05  5.11592960e-04 
 1.03775000e-05  5.11592960e-04 
 1.03785000e-05  5.11592960e-04 
 1.03795000e-05  5.11592960e-04 
 1.03805000e-05  5.11592960e-04 
 1.03815000e-05  5.11592960e-04 
 1.03825000e-05  5.11592960e-04 
 1.03835000e-05  5.11592960e-04 
 1.03845000e-05  5.11592960e-04 
 1.03855000e-05  5.11592960e-04 
 1.03865000e-05  5.11592960e-04 
 1.03875000e-05  5.11592960e-04 
 1.03885000e-05  5.11592960e-04 
 1.03895000e-05  5.11592960e-04 
 1.03905000e-05  5.11592960e-04 
 1.03915000e-05  5.11592960e-04 
 1.03925000e-05  5.11592960e-04 
 1.03935000e-05  5.11592960e-04 
 1.03945000e-05  5.11592960e-04 
 1.03955000e-05  5.11592960e-04 
 1.03965000e-05  5.11592960e-04 
 1.03975000e-05  5.11592960e-04 
 1.03985000e-05  5.11592960e-04 
 1.03995000e-05  5.11592960e-04 
 1.04005000e-05  5.11592960e-04 
 1.04015000e-05  5.11592960e-04 
 1.04025000e-05  5.11592960e-04 
 1.04035000e-05  5.11592960e-04 
 1.04045000e-05  5.11592960e-04 
 1.04055000e-05  5.11592960e-04 
 1.04065000e-05  5.11592960e-04 
 1.04075000e-05  5.11592960e-04 
 1.04085000e-05  5.11592960e-04 
 1.04095000e-05  5.11592960e-04 
 1.04105000e-05  5.11592960e-04 
 1.04115000e-05  5.11592960e-04 
 1.04125000e-05  5.11592960e-04 
 1.04135000e-05  5.11592960e-04 
 1.04145000e-05  5.11592960e-04 
 1.04155000e-05  5.11592960e-04 
 1.04165000e-05  5.11592960e-04 
 1.04175000e-05  5.11592960e-04 
 1.04185000e-05  5.11592960e-04 
 1.04195000e-05  5.11592960e-04 
 1.04205000e-05  5.11592960e-04 
 1.04215000e-05  5.11592960e-04 
 1.04225000e-05  5.11592960e-04 
 1.04235000e-05  5.11592960e-04 
 1.04245000e-05  5.11592960e-04 
 1.04255000e-05  5.11592960e-04 
 1.04265000e-05  5.11592960e-04 
 1.04275000e-05  5.11592960e-04 
 1.04285000e-05  5.11592960e-04 
 1.04295000e-05  5.11592960e-04 
 1.04305000e-05  5.11592960e-04 
 1.04315000e-05  5.11592960e-04 
 1.04325000e-05  5.11592960e-04 
 1.04335000e-05  5.11592960e-04 
 1.04345000e-05  5.11592960e-04 
 1.04355000e-05  5.11592960e-04 
 1.04365000e-05  5.11592960e-04 
 1.04375000e-05  5.11592960e-04 
 1.04385000e-05  5.11592960e-04 
 1.04395000e-05  5.11592960e-04 
 1.04405000e-05  5.11592960e-04 
 1.04415000e-05  5.11592960e-04 
 1.04425000e-05  5.11592960e-04 
 1.04435000e-05  5.11592960e-04 
 1.04445000e-05  5.11592960e-04 
 1.04455000e-05  5.11592960e-04 
 1.04465000e-05  5.11592960e-04 
 1.04475000e-05  5.11592960e-04 
 1.04485000e-05  5.11592960e-04 
 1.04495000e-05  5.11592960e-04 
 1.04505000e-05  5.11592960e-04 
 1.04515000e-05  5.11592960e-04 
 1.04525000e-05  5.11592960e-04 
 1.04535000e-05  5.11592960e-04 
 1.04545000e-05  5.11592960e-04 
 1.04555000e-05  5.11592960e-04 
 1.04565000e-05  5.11592960e-04 
 1.04575000e-05  5.11592960e-04 
 1.04585000e-05  5.11592960e-04 
 1.04595000e-05  5.11592960e-04 
 1.04605000e-05  5.11592960e-04 
 1.04615000e-05  5.11592960e-04 
 1.04625000e-05  5.11592960e-04 
 1.04635000e-05  5.11592960e-04 
 1.04645000e-05  5.11592960e-04 
 1.04655000e-05  5.11592960e-04 
 1.04665000e-05  5.11592960e-04 
 1.04675000e-05  5.11592960e-04 
 1.04685000e-05  5.11592960e-04 
 1.04695000e-05  5.11592960e-04 
 1.04705000e-05  5.11592960e-04 
 1.04715000e-05  5.11592960e-04 
 1.04725000e-05  5.11592960e-04 
 1.04735000e-05  5.11592960e-04 
 1.04745000e-05  5.11592960e-04 
 1.04755000e-05  5.11592960e-04 
 1.04765000e-05  5.11592960e-04 
 1.04775000e-05  5.11592960e-04 
 1.04785000e-05  5.11592960e-04 
 1.04795000e-05  5.11592960e-04 
 1.04805000e-05  5.11592960e-04 
 1.04815000e-05  5.11592960e-04 
 1.04825000e-05  5.11592960e-04 
 1.04835000e-05  5.11592960e-04 
 1.04845000e-05  5.11592960e-04 
 1.04855000e-05  5.11592960e-04 
 1.04865000e-05  5.11592960e-04 
 1.04875000e-05  5.11592960e-04 
 1.04885000e-05  5.11592960e-04 
 1.04895000e-05  5.11592960e-04 
 1.04905000e-05  5.11592960e-04 
 1.04915000e-05  5.11592960e-04 
 1.04925000e-05  5.11592960e-04 
 1.04935000e-05  5.11592960e-04 
 1.04945000e-05  5.11592960e-04 
 1.04955000e-05  5.11592960e-04 
 1.04965000e-05  5.11592960e-04 
 1.04975000e-05  5.11592960e-04 
 1.04985000e-05  5.11592960e-04 
 1.04995000e-05  5.11592960e-04 
 1.05005000e-05  5.11592960e-04 
 1.05015000e-05  5.11592960e-04 
 1.05025000e-05  5.11592960e-04 
 1.05035000e-05  5.11592960e-04 
 1.05045000e-05  5.11592960e-04 
 1.05055000e-05  5.11592960e-04 
 1.05065000e-05  5.11592960e-04 
 1.05075000e-05  5.11592960e-04 
 1.05085000e-05  5.11592960e-04 
 1.05095000e-05  5.11592960e-04 
 1.05105000e-05  5.11592960e-04 
 1.05115000e-05  5.11592960e-04 
 1.05125000e-05  5.11592960e-04 
 1.05135000e-05  5.11592960e-04 
 1.05145000e-05  5.11592960e-04 
 1.05155000e-05  5.11592960e-04 
 1.05165000e-05  5.11592960e-04 
 1.05175000e-05  5.11592960e-04 
 1.05185000e-05  5.11592960e-04 
 1.05195000e-05  5.11592960e-04 
 1.05205000e-05  5.11592960e-04 
 1.05215000e-05  5.11592960e-04 
 1.05225000e-05  5.11592960e-04 
 1.05235000e-05  5.11592960e-04 
 1.05245000e-05  5.11592960e-04 
 1.05255000e-05  5.11592960e-04 
 1.05265000e-05  5.11592960e-04 
 1.05275000e-05  5.11592960e-04 
 1.05285000e-05  5.11592960e-04 
 1.05295000e-05  5.11592960e-04 
 1.05305000e-05  5.11592960e-04 
 1.05315000e-05  5.11592960e-04 
 1.05325000e-05  5.11592960e-04 
 1.05335000e-05  5.11592960e-04 
 1.05345000e-05  5.11592960e-04 
 1.05355000e-05  5.11592960e-04 
 1.05365000e-05  5.11592960e-04 
 1.05375000e-05  5.11592960e-04 
 1.05385000e-05  5.11592960e-04 
 1.05395000e-05  5.11592960e-04 
 1.05405000e-05  5.11592960e-04 
 1.05415000e-05  5.11592960e-04 
 1.05425000e-05  5.11592960e-04 
 1.05435000e-05  5.11592960e-04 
 1.05445000e-05  5.11592960e-04 
 1.05455000e-05  5.11592960e-04 
 1.05465000e-05  5.11592960e-04 
 1.05475000e-05  5.11592960e-04 
 1.05485000e-05  5.11592960e-04 
 1.05495000e-05  5.11592960e-04 
 1.05505000e-05  5.11592960e-04 
 1.05515000e-05  5.11592960e-04 
 1.05525000e-05  5.11592960e-04 
 1.05535000e-05  5.11592960e-04 
 1.05545000e-05  5.11592960e-04 
 1.05555000e-05  5.11592960e-04 
 1.05565000e-05  5.11592960e-04 
 1.05575000e-05  5.11592960e-04 
 1.05585000e-05  5.11592960e-04 
 1.05595000e-05  5.11592960e-04 
 1.05605000e-05  5.11592960e-04 
 1.05615000e-05  5.11592960e-04 
 1.05625000e-05  5.11592960e-04 
 1.05635000e-05  5.11592960e-04 
 1.05645000e-05  5.11592960e-04 
 1.05655000e-05  5.11592960e-04 
 1.05665000e-05  5.11592960e-04 
 1.05675000e-05  5.11592960e-04 
 1.05685000e-05  5.11592960e-04 
 1.05695000e-05  5.11592960e-04 
 1.05705000e-05  5.11592960e-04 
 1.05715000e-05  5.11592960e-04 
 1.05725000e-05  5.11592960e-04 
 1.05735000e-05  5.11592960e-04 
 1.05745000e-05  5.11592960e-04 
 1.05755000e-05  5.11592960e-04 
 1.05765000e-05  5.11592960e-04 
 1.05775000e-05  5.11592960e-04 
 1.05785000e-05  5.11592960e-04 
 1.05795000e-05  5.11592960e-04 
 1.05805000e-05  5.11592960e-04 
 1.05815000e-05  5.11592960e-04 
 1.05825000e-05  5.11592960e-04 
 1.05835000e-05  5.11592960e-04 
 1.05845000e-05  5.11592960e-04 
 1.05855000e-05  5.11592960e-04 
 1.05865000e-05  5.11592960e-04 
 1.05875000e-05  5.11592960e-04 
 1.05885000e-05  5.11592960e-04 
 1.05895000e-05  5.11592960e-04 
 1.05905000e-05  5.11592960e-04 
 1.05915000e-05  5.11592960e-04 
 1.05925000e-05  5.11592960e-04 
 1.05935000e-05  5.11592960e-04 
 1.05945000e-05  5.11592960e-04 
 1.05955000e-05  5.11592960e-04 
 1.05965000e-05  5.11592960e-04 
 1.05975000e-05  5.11592960e-04 
 1.05985000e-05  5.11592960e-04 
 1.05995000e-05  5.11592960e-04 
 1.06005000e-05  5.11592960e-04 
 1.06015000e-05  5.11592960e-04 
 1.06025000e-05  5.11592960e-04 
 1.06035000e-05  5.11592960e-04 
 1.06045000e-05  5.11592960e-04 
 1.06055000e-05  5.11592960e-04 
 1.06065000e-05  5.11592960e-04 
 1.06075000e-05  5.11592960e-04 
 1.06085000e-05  5.11592960e-04 
 1.06095000e-05  5.11592960e-04 
 1.06105000e-05  5.11592960e-04 
 1.06115000e-05  5.11592960e-04 
 1.06125000e-05  5.11592960e-04 
 1.06135000e-05  5.11592960e-04 
 1.06145000e-05  5.11592960e-04 
 1.06155000e-05  5.11592960e-04 
 1.06165000e-05  5.11592960e-04 
 1.06175000e-05  5.11592960e-04 
 1.06185000e-05  5.11592960e-04 
 1.06195000e-05  5.11592960e-04 
 1.06205000e-05  5.11592960e-04 
 1.06215000e-05  5.11592960e-04 
 1.06225000e-05  5.11592960e-04 
 1.06235000e-05  5.11592960e-04 
 1.06245000e-05  5.11592960e-04 
 1.06255000e-05  5.11592960e-04 
 1.06265000e-05  5.11592960e-04 
 1.06275000e-05  5.11592960e-04 
 1.06285000e-05  5.11592960e-04 
 1.06295000e-05  5.11592960e-04 
 1.06305000e-05  5.11592960e-04 
 1.06315000e-05  5.11592960e-04 
 1.06325000e-05  5.11592960e-04 
 1.06335000e-05  5.11592960e-04 
 1.06345000e-05  5.11592960e-04 
 1.06355000e-05  5.11592960e-04 
 1.06365000e-05  5.11592960e-04 
 1.06375000e-05  5.11592960e-04 
 1.06385000e-05  5.11592960e-04 
 1.06395000e-05  5.11592960e-04 
 1.06405000e-05  5.11592960e-04 
 1.06415000e-05  5.11592960e-04 
 1.06425000e-05  5.11592960e-04 
 1.06435000e-05  5.11592960e-04 
 1.06445000e-05  5.11592960e-04 
 1.06455000e-05  5.11592960e-04 
 1.06465000e-05  5.11592960e-04 
 1.06475000e-05  5.11592960e-04 
 1.06485000e-05  5.11592960e-04 
 1.06495000e-05  5.11592960e-04 
 1.06505000e-05  5.11592960e-04 
 1.06515000e-05  5.11592960e-04 
 1.06525000e-05  5.11592960e-04 
 1.06535000e-05  5.11592960e-04 
 1.06545000e-05  5.11592960e-04 
 1.06555000e-05  5.11592960e-04 
 1.06565000e-05  5.11592960e-04 
 1.06575000e-05  5.11592960e-04 
 1.06585000e-05  5.11592960e-04 
 1.06595000e-05  5.11592960e-04 
 1.06605000e-05  5.11592960e-04 
 1.06615000e-05  5.11592960e-04 
 1.06625000e-05  5.11592960e-04 
 1.06635000e-05  5.11592960e-04 
 1.06645000e-05  5.11592960e-04 
 1.06655000e-05  5.11592960e-04 
 1.06665000e-05  5.11592960e-04 
 1.06675000e-05  5.11592960e-04 
 1.06685000e-05  5.11592960e-04 
 1.06695000e-05  5.11592960e-04 
 1.06705000e-05  5.11592960e-04 
 1.06715000e-05  5.11592960e-04 
 1.06725000e-05  5.11592960e-04 
 1.06735000e-05  5.11592960e-04 
 1.06745000e-05  5.11592960e-04 
 1.06755000e-05  5.11592960e-04 
 1.06765000e-05  5.11592960e-04 
 1.06775000e-05  5.11592960e-04 
 1.06785000e-05  5.11592960e-04 
 1.06795000e-05  5.11592960e-04 
 1.06805000e-05  5.11592960e-04 
 1.06815000e-05  5.11592960e-04 
 1.06825000e-05  5.11592960e-04 
 1.06835000e-05  5.11592960e-04 
 1.06845000e-05  5.11592960e-04 
 1.06855000e-05  5.11592960e-04 
 1.06865000e-05  5.11592960e-04 
 1.06875000e-05  5.11592960e-04 
 1.06885000e-05  5.11592960e-04 
 1.06895000e-05  5.11592960e-04 
 1.06905000e-05  5.11592960e-04 
 1.06915000e-05  5.11592960e-04 
 1.06925000e-05  5.11592960e-04 
 1.06935000e-05  5.11592960e-04 
 1.06945000e-05  5.11592960e-04 
 1.06955000e-05  5.11592960e-04 
 1.06965000e-05  5.11592960e-04 
 1.06975000e-05  5.11592960e-04 
 1.06985000e-05  5.11592960e-04 
 1.06995000e-05  5.11592960e-04 
 1.07005000e-05  5.11592960e-04 
 1.07015000e-05  5.11592960e-04 
 1.07025000e-05  5.11592960e-04 
 1.07035000e-05  5.11592960e-04 
 1.07045000e-05  5.11592960e-04 
 1.07055000e-05  5.11592960e-04 
 1.07065000e-05  5.11592960e-04 
 1.07075000e-05  5.11592960e-04 
 1.07085000e-05  5.11592960e-04 
 1.07095000e-05  5.11592960e-04 
 1.07105000e-05  5.11592960e-04 
 1.07115000e-05  5.11592960e-04 
 1.07125000e-05  5.11592960e-04 
 1.07135000e-05  5.11592960e-04 
 1.07145000e-05  5.11592960e-04 
 1.07155000e-05  5.11592960e-04 
 1.07165000e-05  5.11592960e-04 
 1.07175000e-05  5.11592960e-04 
 1.07185000e-05  5.11592960e-04 
 1.07195000e-05  5.11592960e-04 
 1.07205000e-05  5.11592960e-04 
 1.07215000e-05  5.11592960e-04 
 1.07225000e-05  5.11592960e-04 
 1.07235000e-05  5.11592960e-04 
 1.07245000e-05  5.11592960e-04 
 1.07255000e-05  5.11592960e-04 
 1.07265000e-05  5.11592960e-04 
 1.07275000e-05  5.11592960e-04 
 1.07285000e-05  5.11592960e-04 
 1.07295000e-05  5.11592960e-04 
 1.07305000e-05  5.11592960e-04 
 1.07315000e-05  5.11592960e-04 
 1.07325000e-05  5.11592960e-04 
 1.07335000e-05  5.11592960e-04 
 1.07345000e-05  5.11592960e-04 
 1.07355000e-05  5.11592960e-04 
 1.07365000e-05  5.11592960e-04 
 1.07375000e-05  5.11592960e-04 
 1.07385000e-05  5.11592960e-04 
 1.07395000e-05  5.11592960e-04 
 1.07405000e-05  5.11592960e-04 
 1.07415000e-05  5.11592960e-04 
 1.07425000e-05  5.11592960e-04 
 1.07435000e-05  5.11592960e-04 
 1.07445000e-05  5.11592960e-04 
 1.07455000e-05  5.11592960e-04 
 1.07465000e-05  5.11592960e-04 
 1.07475000e-05  5.11592960e-04 
 1.07485000e-05  5.11592960e-04 
 1.07495000e-05  5.11592960e-04 
 1.07505000e-05  5.11592960e-04 
 1.07515000e-05  5.11592960e-04 
 1.07525000e-05  5.11592960e-04 
 1.07535000e-05  5.11592960e-04 
 1.07545000e-05  5.11592960e-04 
 1.07555000e-05  5.11592960e-04 
 1.07565000e-05  5.11592960e-04 
 1.07575000e-05  5.11592960e-04 
 1.07585000e-05  5.11592960e-04 
 1.07595000e-05  5.11592960e-04 
 1.07605000e-05  5.11592960e-04 
 1.07615000e-05  5.11592960e-04 
 1.07625000e-05  5.11592960e-04 
 1.07635000e-05  5.11592960e-04 
 1.07645000e-05  5.11592960e-04 
 1.07655000e-05  5.11592960e-04 
 1.07665000e-05  5.11592960e-04 
 1.07675000e-05  5.11592960e-04 
 1.07685000e-05  5.11592960e-04 
 1.07695000e-05  5.11592960e-04 
 1.07705000e-05  5.11592960e-04 
 1.07715000e-05  5.11592960e-04 
 1.07725000e-05  5.11592960e-04 
 1.07735000e-05  5.11592960e-04 
 1.07745000e-05  5.11592960e-04 
 1.07755000e-05  5.11592960e-04 
 1.07765000e-05  5.11592960e-04 
 1.07775000e-05  5.11592960e-04 
 1.07785000e-05  5.11592960e-04 
 1.07795000e-05  5.11592960e-04 
 1.07805000e-05  5.11592960e-04 
 1.07815000e-05  5.11592960e-04 
 1.07825000e-05  5.11592960e-04 
 1.07835000e-05  5.11592960e-04 
 1.07845000e-05  5.11592960e-04 
 1.07855000e-05  5.11592960e-04 
 1.07865000e-05  5.11592960e-04 
 1.07875000e-05  5.11592960e-04 
 1.07885000e-05  5.11592960e-04 
 1.07895000e-05  5.11592960e-04 
 1.07905000e-05  5.11592960e-04 
 1.07915000e-05  5.11592960e-04 
 1.07925000e-05  5.11592960e-04 
 1.07935000e-05  5.11592960e-04 
 1.07945000e-05  5.11592960e-04 
 1.07955000e-05  5.11592960e-04 
 1.07965000e-05  5.11592960e-04 
 1.07975000e-05  5.11592960e-04 
 1.07985000e-05  5.11592960e-04 
 1.07995000e-05  5.11592960e-04 
 1.08005000e-05  5.11592960e-04 
 1.08015000e-05  5.11592960e-04 
 1.08025000e-05  5.11592960e-04 
 1.08035000e-05  5.11592960e-04 
 1.08045000e-05  5.11592960e-04 
 1.08055000e-05  5.11592960e-04 
 1.08065000e-05  5.11592960e-04 
 1.08075000e-05  5.11592960e-04 
 1.08085000e-05  5.11592960e-04 
 1.08095000e-05  5.11592960e-04 
 1.08105000e-05  5.11592960e-04 
 1.08115000e-05  5.11592960e-04 
 1.08125000e-05  5.11592960e-04 
 1.08135000e-05  5.11592960e-04 
 1.08145000e-05  5.11592960e-04 
 1.08155000e-05  5.11592960e-04 
 1.08165000e-05  5.11592960e-04 
 1.08175000e-05  5.11592960e-04 
 1.08185000e-05  5.11592960e-04 
 1.08195000e-05  5.11592960e-04 
 1.08205000e-05  5.11592960e-04 
 1.08215000e-05  5.11592960e-04 
 1.08225000e-05  5.11592960e-04 
 1.08235000e-05  5.11592960e-04 
 1.08245000e-05  5.11592960e-04 
 1.08255000e-05  5.11592960e-04 
 1.08265000e-05  5.11592960e-04 
 1.08275000e-05  5.11592960e-04 
 1.08285000e-05  5.11592960e-04 
 1.08295000e-05  5.11592960e-04 
 1.08305000e-05  5.11592960e-04 
 1.08315000e-05  5.11592960e-04 
 1.08325000e-05  5.11592960e-04 
 1.08335000e-05  5.11592960e-04 
 1.08345000e-05  5.11592960e-04 
 1.08355000e-05  5.11592960e-04 
 1.08365000e-05  5.11592960e-04 
 1.08375000e-05  5.11592960e-04 
 1.08385000e-05  5.11592960e-04 
 1.08395000e-05  5.11592960e-04 
 1.08405000e-05  5.11592960e-04 
 1.08415000e-05  5.11592960e-04 
 1.08425000e-05  5.11592960e-04 
 1.08435000e-05  5.11592960e-04 
 1.08445000e-05  5.11592960e-04 
 1.08455000e-05  5.11592960e-04 
 1.08465000e-05  5.11592960e-04 
 1.08475000e-05  5.11592960e-04 
 1.08485000e-05  5.11592960e-04 
 1.08495000e-05  5.11592960e-04 
 1.08505000e-05  5.11592960e-04 
 1.08515000e-05  5.11592960e-04 
 1.08525000e-05  5.11592960e-04 
 1.08535000e-05  5.11592960e-04 
 1.08545000e-05  5.11592960e-04 
 1.08555000e-05  5.11592960e-04 
 1.08565000e-05  5.11592960e-04 
 1.08575000e-05  5.11592960e-04 
 1.08585000e-05  5.11592960e-04 
 1.08595000e-05  5.11592960e-04 
 1.08605000e-05  5.11592960e-04 
 1.08615000e-05  5.11592960e-04 
 1.08625000e-05  5.11592960e-04 
 1.08635000e-05  5.11592960e-04 
 1.08645000e-05  5.11592960e-04 
 1.08655000e-05  5.11592960e-04 
 1.08665000e-05  5.11592960e-04 
 1.08675000e-05  5.11592960e-04 
 1.08685000e-05  5.11592960e-04 
 1.08695000e-05  5.11592960e-04 
 1.08705000e-05  5.11592960e-04 
 1.08715000e-05  5.11592960e-04 
 1.08725000e-05  5.11592960e-04 
 1.08735000e-05  5.11592960e-04 
 1.08745000e-05  5.11592960e-04 
 1.08755000e-05  5.11592960e-04 
 1.08765000e-05  5.11592960e-04 
 1.08775000e-05  5.11592960e-04 
 1.08785000e-05  5.11592960e-04 
 1.08795000e-05  5.11592960e-04 
 1.08805000e-05  5.11592960e-04 
 1.08815000e-05  5.11592960e-04 
 1.08825000e-05  5.11592960e-04 
 1.08835000e-05  5.11592960e-04 
 1.08845000e-05  5.11592960e-04 
 1.08855000e-05  5.11592960e-04 
 1.08865000e-05  5.11592960e-04 
 1.08875000e-05  5.11592960e-04 
 1.08885000e-05  5.11592960e-04 
 1.08895000e-05  5.11592960e-04 
 1.08905000e-05  5.11592960e-04 
 1.08915000e-05  5.11592960e-04 
 1.08925000e-05  5.11592960e-04 
 1.08935000e-05  5.11592960e-04 
 1.08945000e-05  5.11592960e-04 
 1.08955000e-05  5.11592960e-04 
 1.08965000e-05  5.11592960e-04 
 1.08975000e-05  5.11592960e-04 
 1.08985000e-05  5.11592960e-04 
 1.08995000e-05  5.11592960e-04 
 1.09005000e-05  5.11592960e-04 
 1.09015000e-05  5.11592960e-04 
 1.09025000e-05  5.11592960e-04 
 1.09035000e-05  5.11592960e-04 
 1.09045000e-05  5.11592960e-04 
 1.09055000e-05  5.11592960e-04 
 1.09065000e-05  5.11592960e-04 
 1.09075000e-05  5.11592960e-04 
 1.09085000e-05  5.11592960e-04 
 1.09095000e-05  5.11592960e-04 
 1.09105000e-05  5.11592960e-04 
 1.09115000e-05  5.11592960e-04 
 1.09125000e-05  5.11592960e-04 
 1.09135000e-05  5.11592960e-04 
 1.09145000e-05  5.11592960e-04 
 1.09155000e-05  5.11592960e-04 
 1.09165000e-05  5.11592960e-04 
 1.09175000e-05  5.11592960e-04 
 1.09185000e-05  5.11592960e-04 
 1.09195000e-05  5.11592960e-04 
 1.09205000e-05  5.11592960e-04 
 1.09215000e-05  5.11592960e-04 
 1.09225000e-05  5.11592960e-04 
 1.09235000e-05  5.11592960e-04 
 1.09245000e-05  5.11592960e-04 
 1.09255000e-05  5.11592960e-04 
 1.09265000e-05  5.11592960e-04 
 1.09275000e-05  5.11592960e-04 
 1.09285000e-05  5.11592960e-04 
 1.09295000e-05  5.11592960e-04 
 1.09305000e-05  5.11592960e-04 
 1.09315000e-05  5.11592960e-04 
 1.09325000e-05  5.11592960e-04 
 1.09335000e-05  5.11592960e-04 
 1.09345000e-05  5.11592960e-04 
 1.09355000e-05  5.11592960e-04 
 1.09365000e-05  5.11592960e-04 
 1.09375000e-05  5.11592960e-04 
 1.09385000e-05  5.11592960e-04 
 1.09395000e-05  5.11592960e-04 
 1.09405000e-05  5.11592960e-04 
 1.09415000e-05  5.11592960e-04 
 1.09425000e-05  5.11592960e-04 
 1.09435000e-05  5.11592960e-04 
 1.09445000e-05  5.11592960e-04 
 1.09455000e-05  5.11592960e-04 
 1.09465000e-05  5.11592960e-04 
 1.09475000e-05  5.11592960e-04 
 1.09485000e-05  5.11592960e-04 
 1.09495000e-05  5.11592960e-04 
 1.09505000e-05  5.11592960e-04 
 1.09515000e-05  5.11592960e-04 
 1.09525000e-05  5.11592960e-04 
 1.09535000e-05  5.11592960e-04 
 1.09545000e-05  5.11592960e-04 
 1.09555000e-05  5.11592960e-04 
 1.09565000e-05  5.11592960e-04 
 1.09575000e-05  5.11592960e-04 
 1.09585000e-05  5.11592960e-04 
 1.09595000e-05  5.11592960e-04 
 1.09605000e-05  5.11592960e-04 
 1.09615000e-05  5.11592960e-04 
 1.09625000e-05  5.11592960e-04 
 1.09635000e-05  5.11592960e-04 
 1.09645000e-05  5.11592960e-04 
 1.09655000e-05  5.11592960e-04 
 1.09665000e-05  5.11592960e-04 
 1.09675000e-05  5.11592960e-04 
 1.09685000e-05  5.11592960e-04 
 1.09695000e-05  5.11592960e-04 
 1.09705000e-05  5.11592960e-04 
 1.09715000e-05  5.11592960e-04 
 1.09725000e-05  5.11592960e-04 
 1.09735000e-05  5.11592960e-04 
 1.09745000e-05  5.11592960e-04 
 1.09755000e-05  5.11592960e-04 
 1.09765000e-05  5.11592960e-04 
 1.09775000e-05  5.11592960e-04 
 1.09785000e-05  5.11592960e-04 
 1.09795000e-05  5.11592960e-04 
 1.09805000e-05  5.11592960e-04 
 1.09815000e-05  5.11592960e-04 
 1.09825000e-05  5.11592960e-04 
 1.09835000e-05  5.11592960e-04 
 1.09845000e-05  5.11592960e-04 
 1.09855000e-05  5.11592960e-04 
 1.09865000e-05  5.11592960e-04 
 1.09875000e-05  5.11592960e-04 
 1.09885000e-05  5.11592960e-04 
 1.09895000e-05  5.11592960e-04 
 1.09905000e-05  5.11592960e-04 
 1.09915000e-05  5.11592960e-04 
 1.09925000e-05  5.11592960e-04 
 1.09935000e-05  5.11592960e-04 
 1.09945000e-05  5.11592960e-04 
 1.09955000e-05  5.11592960e-04 
 1.09965000e-05  5.11592960e-04 
 1.09975000e-05  5.11592960e-04 
 1.09985000e-05  5.11592960e-04 
 1.09995000e-05  5.11592960e-04 
 1.10005000e-05  5.11592960e-04 
 1.10015000e-05  5.11592960e-04 
 1.10025000e-05  5.11592960e-04 
 1.10035000e-05  5.11592960e-04 
 1.10045000e-05  5.11592960e-04 
 1.10055000e-05  5.11592960e-04 
 1.10065000e-05  5.11592960e-04 
 1.10075000e-05  5.11592960e-04 
 1.10085000e-05  5.11592960e-04 
 1.10095000e-05  5.11592960e-04 
 1.10105000e-05  5.11592960e-04 
 1.10115000e-05  5.11592960e-04 
 1.10125000e-05  5.11592960e-04 
 1.10135000e-05  5.11592960e-04 
 1.10145000e-05  5.11592960e-04 
 1.10155000e-05  5.11592960e-04 
 1.10165000e-05  5.11592960e-04 
 1.10175000e-05  5.11592960e-04 
 1.10185000e-05  5.11592960e-04 
 1.10195000e-05  5.11592960e-04 
 1.10205000e-05  5.11592960e-04 
 1.10215000e-05  5.11592960e-04 
 1.10225000e-05  5.11592960e-04 
 1.10235000e-05  5.11592960e-04 
 1.10245000e-05  5.11592960e-04 
 1.10255000e-05  5.11592960e-04 
 1.10265000e-05  5.11592960e-04 
 1.10275000e-05  5.11592960e-04 
 1.10285000e-05  5.11592960e-04 
 1.10295000e-05  5.11592960e-04 
 1.10305000e-05  5.11592960e-04 
 1.10315000e-05  5.11592960e-04 
 1.10325000e-05  5.11592960e-04 
 1.10335000e-05  5.11592960e-04 
 1.10345000e-05  5.11592960e-04 
 1.10355000e-05  5.11592960e-04 
 1.10365000e-05  5.11592960e-04 
 1.10375000e-05  5.11592960e-04 
 1.10385000e-05  5.11592960e-04 
 1.10395000e-05  5.11592960e-04 
 1.10405000e-05  5.11592960e-04 
 1.10415000e-05  5.11592960e-04 
 1.10425000e-05  5.11592960e-04 
 1.10435000e-05  5.11592960e-04 
 1.10445000e-05  5.11592960e-04 
 1.10455000e-05  5.11592960e-04 
 1.10465000e-05  5.11592960e-04 
 1.10475000e-05  5.11592960e-04 
 1.10485000e-05  5.11592960e-04 
 1.10495000e-05  5.11592960e-04 
 1.10505000e-05  5.11592960e-04 
 1.10515000e-05  5.11592960e-04 
 1.10525000e-05  5.11592960e-04 
 1.10535000e-05  5.11592960e-04 
 1.10545000e-05  5.11592960e-04 
 1.10555000e-05  5.11592960e-04 
 1.10565000e-05  5.11592960e-04 
 1.10575000e-05  5.11592960e-04 
 1.10585000e-05  5.11592960e-04 
 1.10595000e-05  5.11592960e-04 
 1.10605000e-05  5.11592960e-04 
 1.10615000e-05  5.11592960e-04 
 1.10625000e-05  5.11592960e-04 
 1.10635000e-05  5.11592960e-04 
 1.10645000e-05  5.11592960e-04 
 1.10655000e-05  5.11592960e-04 
 1.10665000e-05  5.11592960e-04 
 1.10675000e-05  5.11592960e-04 
 1.10685000e-05  5.11592960e-04 
 1.10695000e-05  5.11592960e-04 
 1.10705000e-05  5.11592960e-04 
 1.10715000e-05  5.11592960e-04 
 1.10725000e-05  5.11592960e-04 
 1.10735000e-05  5.11592960e-04 
 1.10745000e-05  5.11592960e-04 
 1.10755000e-05  5.11592960e-04 
 1.10765000e-05  5.11592960e-04 
 1.10775000e-05  5.11592960e-04 
 1.10785000e-05  5.11592960e-04 
 1.10795000e-05  5.11592960e-04 
 1.10805000e-05  5.11592960e-04 
 1.10815000e-05  5.11592960e-04 
 1.10825000e-05  5.11592960e-04 
 1.10835000e-05  5.11592960e-04 
 1.10845000e-05  5.11592960e-04 
 1.10855000e-05  5.11592960e-04 
 1.10865000e-05  5.11592960e-04 
 1.10875000e-05  5.11592960e-04 
 1.10885000e-05  5.11592960e-04 
 1.10895000e-05  5.11592960e-04 
 1.10905000e-05  5.11592960e-04 
 1.10915000e-05  5.11592960e-04 
 1.10925000e-05  5.11592960e-04 
 1.10935000e-05  5.11592960e-04 
 1.10945000e-05  5.11592960e-04 
 1.10955000e-05  5.11592960e-04 
 1.10965000e-05  5.11592960e-04 
 1.10975000e-05  5.11592960e-04 
 1.10985000e-05  5.11592960e-04 
 1.10995000e-05  5.11592960e-04 
 1.11005000e-05  5.11592960e-04 
 1.11015000e-05  5.11592960e-04 
 1.11025000e-05  5.11592960e-04 
 1.11035000e-05  5.11592960e-04 
 1.11045000e-05  5.11592960e-04 
 1.11055000e-05  5.11592960e-04 
 1.11065000e-05  5.11592960e-04 
 1.11075000e-05  5.11592960e-04 
 1.11085000e-05  5.11592960e-04 
 1.11095000e-05  5.11592960e-04 
 1.11105000e-05  5.11592960e-04 
 1.11115000e-05  5.11592960e-04 
 1.11125000e-05  5.11592960e-04 
 1.11135000e-05  5.11592960e-04 
 1.11145000e-05  5.11592960e-04 
 1.11155000e-05  5.11592960e-04 
 1.11165000e-05  5.11592960e-04 
 1.11175000e-05  5.11592960e-04 
 1.11185000e-05  5.11592960e-04 
 1.11195000e-05  5.11592960e-04 
 1.11205000e-05  5.11592960e-04 
 1.11215000e-05  5.11592960e-04 
 1.11225000e-05  5.11592960e-04 
 1.11235000e-05  5.11592960e-04 
 1.11245000e-05  5.11592960e-04 
 1.11255000e-05  5.11592960e-04 
 1.11265000e-05  5.11592960e-04 
 1.11275000e-05  5.11592960e-04 
 1.11285000e-05  5.11592960e-04 
 1.11295000e-05  5.11592960e-04 
 1.11305000e-05  5.11592960e-04 
 1.11315000e-05  5.11592960e-04 
 1.11325000e-05  5.11592960e-04 
 1.11335000e-05  5.11592960e-04 
 1.11345000e-05  5.11592960e-04 
 1.11355000e-05  5.11592960e-04 
 1.11365000e-05  5.11592960e-04 
 1.11375000e-05  5.11592960e-04 
 1.11385000e-05  5.11592960e-04 
 1.11395000e-05  5.11592960e-04 
 1.11405000e-05  5.11592960e-04 
 1.11415000e-05  5.11592960e-04 
 1.11425000e-05  5.11592960e-04 
 1.11435000e-05  5.11592960e-04 
 1.11445000e-05  5.11592960e-04 
 1.11455000e-05  5.11592960e-04 
 1.11465000e-05  5.11592960e-04 
 1.11475000e-05  5.11592960e-04 
 1.11485000e-05  5.11592960e-04 
 1.11495000e-05  5.11592960e-04 
 1.11505000e-05  5.11592960e-04 
 1.11515000e-05  5.11592960e-04 
 1.11525000e-05  5.11592960e-04 
 1.11535000e-05  5.11592960e-04 
 1.11545000e-05  5.11592960e-04 
 1.11555000e-05  5.11592960e-04 
 1.11565000e-05  5.11592960e-04 
 1.11575000e-05  5.11592960e-04 
 1.11585000e-05  5.11592960e-04 
 1.11595000e-05  5.11592960e-04 
 1.11605000e-05  5.11592960e-04 
 1.11615000e-05  5.11592960e-04 
 1.11625000e-05  5.11592960e-04 
 1.11635000e-05  5.11592960e-04 
 1.11645000e-05  5.11592960e-04 
 1.11655000e-05  5.11592960e-04 
 1.11665000e-05  5.11592960e-04 
 1.11675000e-05  5.11592960e-04 
 1.11685000e-05  5.11592960e-04 
 1.11695000e-05  5.11592960e-04 
 1.11705000e-05  5.11592960e-04 
 1.11715000e-05  5.11592960e-04 
 1.11725000e-05  5.11592960e-04 
 1.11735000e-05  5.11592960e-04 
 1.11745000e-05  5.11592960e-04 
 1.11755000e-05  5.11592960e-04 
 1.11765000e-05  5.11592960e-04 
 1.11775000e-05  5.11592960e-04 
 1.11785000e-05  5.11592960e-04 
 1.11795000e-05  5.11592960e-04 
 1.11805000e-05  5.11592960e-04 
 1.11815000e-05  5.11592960e-04 
 1.11825000e-05  5.11592960e-04 
 1.11835000e-05  5.11592960e-04 
 1.11845000e-05  5.11592960e-04 
 1.11855000e-05  5.11592960e-04 
 1.11865000e-05  5.11592960e-04 
 1.11875000e-05  5.11592960e-04 
 1.11885000e-05  5.11592960e-04 
 1.11895000e-05  5.11592960e-04 
 1.11905000e-05  5.11592960e-04 
 1.11915000e-05  5.11592960e-04 
 1.11925000e-05  5.11592960e-04 
 1.11935000e-05  5.11592960e-04 
 1.11945000e-05  5.11592960e-04 
 1.11955000e-05  5.11592960e-04 
 1.11965000e-05  5.11592960e-04 
 1.11975000e-05  5.11592960e-04 
 1.11985000e-05  5.11592960e-04 
 1.11995000e-05  5.11592960e-04 
 1.12005000e-05  5.11592960e-04 
 1.12015000e-05  5.11592960e-04 
 1.12025000e-05  5.11592960e-04 
 1.12035000e-05  5.11592960e-04 
 1.12045000e-05  5.11592960e-04 
 1.12055000e-05  5.11592960e-04 
 1.12065000e-05  5.11592960e-04 
 1.12075000e-05  5.11592960e-04 
 1.12085000e-05  5.11592960e-04 
 1.12095000e-05  5.11592960e-04 
 1.12105000e-05  5.11592960e-04 
 1.12115000e-05  5.11592960e-04 
 1.12125000e-05  5.11592960e-04 
 1.12135000e-05  5.11592960e-04 
 1.12145000e-05  5.11592960e-04 
 1.12155000e-05  5.11592960e-04 
 1.12165000e-05  5.11592960e-04 
 1.12175000e-05  5.11592960e-04 
 1.12185000e-05  5.11592960e-04 
 1.12195000e-05  5.11592960e-04 
 1.12205000e-05  5.11592960e-04 
 1.12215000e-05  5.11592960e-04 
 1.12225000e-05  5.11592960e-04 
 1.12235000e-05  5.11592960e-04 
 1.12245000e-05  5.11592960e-04 
 1.12255000e-05  5.11592960e-04 
 1.12265000e-05  5.11592960e-04 
 1.12275000e-05  5.11592960e-04 
 1.12285000e-05  5.11592960e-04 
 1.12295000e-05  5.11592960e-04 
 1.12305000e-05  5.11592960e-04 
 1.12315000e-05  5.11592960e-04 
 1.12325000e-05  5.11592960e-04 
 1.12335000e-05  5.11592960e-04 
 1.12345000e-05  5.11592960e-04 
 1.12355000e-05  5.11592960e-04 
 1.12365000e-05  5.11592960e-04 
 1.12375000e-05  5.11592960e-04 
 1.12385000e-05  5.11592960e-04 
 1.12395000e-05  5.11592960e-04 
 1.12405000e-05  5.11592960e-04 
 1.12415000e-05  5.11592960e-04 
 1.12425000e-05  5.11592960e-04 
 1.12435000e-05  5.11592960e-04 
 1.12445000e-05  5.11592960e-04 
 1.12455000e-05  5.11592960e-04 
 1.12465000e-05  5.11592960e-04 
 1.12475000e-05  5.11592960e-04 
 1.12485000e-05  5.11592960e-04 
 1.12495000e-05  5.11592960e-04 
 1.12505000e-05  5.11592960e-04 
 1.12515000e-05  5.11592960e-04 
 1.12525000e-05  5.11592960e-04 
 1.12535000e-05  5.11592960e-04 
 1.12545000e-05  5.11592960e-04 
 1.12555000e-05  5.11592960e-04 
 1.12565000e-05  5.11592960e-04 
 1.12575000e-05  5.11592960e-04 
 1.12585000e-05  5.11592960e-04 
 1.12595000e-05  5.11592960e-04 
 1.12605000e-05  5.11592960e-04 
 1.12615000e-05  5.11592960e-04 
 1.12625000e-05  5.11592960e-04 
 1.12635000e-05  5.11592960e-04 
 1.12645000e-05  5.11592960e-04 
 1.12655000e-05  5.11592960e-04 
 1.12665000e-05  5.11592960e-04 
 1.12675000e-05  5.11592960e-04 
 1.12685000e-05  5.11592960e-04 
 1.12695000e-05  5.11592960e-04 
 1.12705000e-05  5.11592960e-04 
 1.12715000e-05  5.11592960e-04 
 1.12725000e-05  5.11592960e-04 
 1.12735000e-05  5.11592960e-04 
 1.12745000e-05  5.11592960e-04 
 1.12755000e-05  5.11592960e-04 
 1.12765000e-05  5.11592960e-04 
 1.12775000e-05  5.11592960e-04 
 1.12785000e-05  5.11592960e-04 
 1.12795000e-05  5.11592960e-04 
 1.12805000e-05  5.11592960e-04 
 1.12815000e-05  5.11592960e-04 
 1.12825000e-05  5.11592960e-04 
 1.12835000e-05  5.11592960e-04 
 1.12845000e-05  5.11592960e-04 
 1.12855000e-05  5.11592960e-04 
 1.12865000e-05  5.11592960e-04 
 1.12875000e-05  5.11592960e-04 
 1.12885000e-05  5.11592960e-04 
 1.12895000e-05  5.11592960e-04 
 1.12905000e-05  5.11592960e-04 
 1.12915000e-05  5.11592960e-04 
 1.12925000e-05  5.11592960e-04 
 1.12935000e-05  5.11592960e-04 
 1.12945000e-05  5.11592960e-04 
 1.12955000e-05  5.11592960e-04 
 1.12965000e-05  5.11592960e-04 
 1.12975000e-05  5.11592960e-04 
 1.12985000e-05  5.11592960e-04 
 1.12995000e-05  5.11592960e-04 
 1.13005000e-05  5.11592960e-04 
 1.13015000e-05  5.11592960e-04 
 1.13025000e-05  5.11592960e-04 
 1.13035000e-05  5.11592960e-04 
 1.13045000e-05  5.11592960e-04 
 1.13055000e-05  5.11592960e-04 
 1.13065000e-05  5.11592960e-04 
 1.13075000e-05  5.11592960e-04 
 1.13085000e-05  5.11592960e-04 
 1.13095000e-05  5.11592960e-04 
 1.13105000e-05  5.11592960e-04 
 1.13115000e-05  5.11592960e-04 
 1.13125000e-05  5.11592960e-04 
 1.13135000e-05  5.11592960e-04 
 1.13145000e-05  5.11592960e-04 
 1.13155000e-05  5.11592960e-04 
 1.13165000e-05  5.11592960e-04 
 1.13175000e-05  5.11592960e-04 
 1.13185000e-05  5.11592960e-04 
 1.13195000e-05  5.11592960e-04 
 1.13205000e-05  5.11592960e-04 
 1.13215000e-05  5.11592960e-04 
 1.13225000e-05  5.11592960e-04 
 1.13235000e-05  5.11592960e-04 
 1.13245000e-05  5.11592960e-04 
 1.13255000e-05  5.11592960e-04 
 1.13265000e-05  5.11592960e-04 
 1.13275000e-05  5.11592960e-04 
 1.13285000e-05  5.11592960e-04 
 1.13295000e-05  5.11592960e-04 
 1.13305000e-05  5.11592960e-04 
 1.13315000e-05  5.11592960e-04 
 1.13325000e-05  5.11592960e-04 
 1.13335000e-05  5.11592960e-04 
 1.13345000e-05  5.11592960e-04 
 1.13355000e-05  5.11592960e-04 
 1.13365000e-05  5.11592960e-04 
 1.13375000e-05  5.11592960e-04 
 1.13385000e-05  5.11592960e-04 
 1.13395000e-05  5.11592960e-04 
 1.13405000e-05  5.11592960e-04 
 1.13415000e-05  5.11592960e-04 
 1.13425000e-05  5.11592960e-04 
 1.13435000e-05  5.11592960e-04 
 1.13445000e-05  5.11592960e-04 
 1.13455000e-05  5.11592960e-04 
 1.13465000e-05  5.11592960e-04 
 1.13475000e-05  5.11592960e-04 
 1.13485000e-05  5.11592960e-04 
 1.13495000e-05  5.11592960e-04 
 1.13505000e-05  5.11592960e-04 
 1.13515000e-05  5.11592960e-04 
 1.13525000e-05  5.11592960e-04 
 1.13535000e-05  5.11592960e-04 
 1.13545000e-05  5.11592960e-04 
 1.13555000e-05  5.11592960e-04 
 1.13565000e-05  5.11592960e-04 
 1.13575000e-05  5.11592960e-04 
 1.13585000e-05  5.11592960e-04 
 1.13595000e-05  5.11592960e-04 
 1.13605000e-05  5.11592960e-04 
 1.13615000e-05  5.11592960e-04 
 1.13625000e-05  5.11592960e-04 
 1.13635000e-05  5.11592960e-04 
 1.13645000e-05  5.11592960e-04 
 1.13655000e-05  5.11592960e-04 
 1.13665000e-05  5.11592960e-04 
 1.13675000e-05  5.11592960e-04 
 1.13685000e-05  5.11592960e-04 
 1.13695000e-05  5.11592960e-04 
 1.13705000e-05  5.11592960e-04 
 1.13715000e-05  5.11592960e-04 
 1.13725000e-05  5.11592960e-04 
 1.13735000e-05  5.11592960e-04 
 1.13745000e-05  5.11592960e-04 
 1.13755000e-05  5.11592960e-04 
 1.13765000e-05  5.11592960e-04 
 1.13775000e-05  5.11592960e-04 
 1.13785000e-05  5.11592960e-04 
 1.13795000e-05  5.11592960e-04 
 1.13805000e-05  5.11592960e-04 
 1.13815000e-05  5.11592960e-04 
 1.13825000e-05  5.11592960e-04 
 1.13835000e-05  5.11592960e-04 
 1.13845000e-05  5.11592960e-04 
 1.13855000e-05  5.11592960e-04 
 1.13865000e-05  5.11592960e-04 
 1.13875000e-05  5.11592960e-04 
 1.13885000e-05  5.11592960e-04 
 1.13895000e-05  5.11592960e-04 
 1.13905000e-05  5.11592960e-04 
 1.13915000e-05  5.11592960e-04 
 1.13925000e-05  5.11592960e-04 
 1.13935000e-05  5.11592960e-04 
 1.13945000e-05  5.11592960e-04 
 1.13955000e-05  5.11592960e-04 
 1.13965000e-05  5.11592960e-04 
 1.13975000e-05  5.11592960e-04 
 1.13985000e-05  5.11592960e-04 
 1.13995000e-05  5.11592960e-04 
 1.14005000e-05  5.11592960e-04 
 1.14015000e-05  5.11592960e-04 
 1.14025000e-05  5.11592960e-04 
 1.14035000e-05  5.11592960e-04 
 1.14045000e-05  5.11592960e-04 
 1.14055000e-05  5.11592960e-04 
 1.14065000e-05  5.11592960e-04 
 1.14075000e-05  5.11592960e-04 
 1.14085000e-05  5.11592960e-04 
 1.14095000e-05  5.11592960e-04 
 1.14105000e-05  5.11592960e-04 
 1.14115000e-05  5.11592960e-04 
 1.14125000e-05  5.11592960e-04 
 1.14135000e-05  5.11592960e-04 
 1.14145000e-05  5.11592960e-04 
 1.14155000e-05  5.11592960e-04 
 1.14165000e-05  5.11592960e-04 
 1.14175000e-05  5.11592960e-04 
 1.14185000e-05  5.11592960e-04 
 1.14195000e-05  5.11592960e-04 
 1.14205000e-05  5.11592960e-04 
 1.14215000e-05  5.11592960e-04 
 1.14225000e-05  5.11592960e-04 
 1.14235000e-05  5.11592960e-04 
 1.14245000e-05  5.11592960e-04 
 1.14255000e-05  5.11592960e-04 
 1.14265000e-05  5.11592960e-04 
 1.14275000e-05  5.11592960e-04 
 1.14285000e-05  5.11592960e-04 
 1.14295000e-05  5.11592960e-04 
 1.14305000e-05  5.11592960e-04 
 1.14315000e-05  5.11592960e-04 
 1.14325000e-05  5.11592960e-04 
 1.14335000e-05  5.11592960e-04 
 1.14345000e-05  5.11592960e-04 
 1.14355000e-05  5.11592960e-04 
 1.14365000e-05  5.11592960e-04 
 1.14375000e-05  5.11592960e-04 
 1.14385000e-05  5.11592960e-04 
 1.14395000e-05  5.11592960e-04 
 1.14405000e-05  5.11592960e-04 
 1.14415000e-05  5.11592960e-04 
 1.14425000e-05  5.11592960e-04 
 1.14435000e-05  5.11592960e-04 
 1.14445000e-05  5.11592960e-04 
 1.14455000e-05  5.11592960e-04 
 1.14465000e-05  5.11592960e-04 
 1.14475000e-05  5.11592960e-04 
 1.14485000e-05  5.11592960e-04 
 1.14495000e-05  5.11592960e-04 
 1.14505000e-05  5.11592960e-04 
 1.14515000e-05  5.11592960e-04 
 1.14525000e-05  5.11592960e-04 
 1.14535000e-05  5.11592960e-04 
 1.14545000e-05  5.11592960e-04 
 1.14555000e-05  5.11592960e-04 
 1.14565000e-05  5.11592960e-04 
 1.14575000e-05  5.11592960e-04 
 1.14585000e-05  5.11592960e-04 
 1.14595000e-05  5.11592960e-04 
 1.14605000e-05  5.11592960e-04 
 1.14615000e-05  5.11592960e-04 
 1.14625000e-05  5.11592960e-04 
 1.14635000e-05  5.11592960e-04 
 1.14645000e-05  5.11592960e-04 
 1.14655000e-05  5.11592960e-04 
 1.14665000e-05  5.11592960e-04 
 1.14675000e-05  5.11592960e-04 
 1.14685000e-05  5.11592960e-04 
 1.14695000e-05  5.11592960e-04 
 1.14705000e-05  5.11592960e-04 
 1.14715000e-05  5.11592960e-04 
 1.14725000e-05  5.11592960e-04 
 1.14735000e-05  5.11592960e-04 
 1.14745000e-05  5.11592960e-04 
 1.14755000e-05  5.11592960e-04 
 1.14765000e-05  5.11592960e-04 
 1.14775000e-05  5.11592960e-04 
 1.14785000e-05  5.11592960e-04 
 1.14795000e-05  5.11592960e-04 
 1.14805000e-05  5.11592960e-04 
 1.14815000e-05  5.11592960e-04 
 1.14825000e-05  5.11592960e-04 
 1.14835000e-05  5.11592960e-04 
 1.14845000e-05  5.11592960e-04 
 1.14855000e-05  5.11592960e-04 
 1.14865000e-05  5.11592960e-04 
 1.14875000e-05  5.11592960e-04 
 1.14885000e-05  5.11592960e-04 
 1.14895000e-05  5.11592960e-04 
 1.14905000e-05  5.11592960e-04 
 1.14915000e-05  5.11592960e-04 
 1.14925000e-05  5.11592960e-04 
 1.14935000e-05  5.11592960e-04 
 1.14945000e-05  5.11592960e-04 
 1.14955000e-05  5.11592960e-04 
 1.14965000e-05  5.11592960e-04 
 1.14975000e-05  5.11592960e-04 
 1.14985000e-05  5.11592960e-04 
 1.14995000e-05  5.11592960e-04 
 1.15005000e-05  5.11592960e-04 
 1.15015000e-05  5.11592960e-04 
 1.15025000e-05  5.11592960e-04 
 1.15035000e-05  5.11592960e-04 
 1.15045000e-05  5.11592960e-04 
 1.15055000e-05  5.11592960e-04 
 1.15065000e-05  5.11592960e-04 
 1.15075000e-05  5.11592960e-04 
 1.15085000e-05  5.11592960e-04 
 1.15095000e-05  5.11592960e-04 
 1.15105000e-05  5.11592960e-04 
 1.15115000e-05  5.11592960e-04 
 1.15125000e-05  5.11592960e-04 
 1.15135000e-05  5.11592960e-04 
 1.15145000e-05  5.11592960e-04 
 1.15155000e-05  5.11592960e-04 
 1.15165000e-05  5.11592960e-04 
 1.15175000e-05  5.11592960e-04 
 1.15185000e-05  5.11592960e-04 
 1.15195000e-05  5.11592960e-04 
 1.15205000e-05  5.11592960e-04 
 1.15215000e-05  5.11592960e-04 
 1.15225000e-05  5.11592960e-04 
 1.15235000e-05  5.11592960e-04 
 1.15245000e-05  5.11592960e-04 
 1.15255000e-05  5.11592960e-04 
 1.15265000e-05  5.11592960e-04 
 1.15275000e-05  5.11592960e-04 
 1.15285000e-05  5.11592960e-04 
 1.15295000e-05  5.11592960e-04 
 1.15305000e-05  5.11592960e-04 
 1.15315000e-05  5.11592960e-04 
 1.15325000e-05  5.11592960e-04 
 1.15335000e-05  5.11592960e-04 
 1.15345000e-05  5.11592960e-04 
 1.15355000e-05  5.11592960e-04 
 1.15365000e-05  5.11592960e-04 
 1.15375000e-05  5.11592960e-04 
 1.15385000e-05  5.11592960e-04 
 1.15395000e-05  5.11592960e-04 
 1.15405000e-05  5.11592960e-04 
 1.15415000e-05  5.11592960e-04 
 1.15425000e-05  5.11592960e-04 
 1.15435000e-05  5.11592960e-04 
 1.15445000e-05  5.11592960e-04 
 1.15455000e-05  5.11592960e-04 
 1.15465000e-05  5.11592960e-04 
 1.15475000e-05  5.11592960e-04 
 1.15485000e-05  5.11592960e-04 
 1.15495000e-05  5.11592960e-04 
 1.15505000e-05  5.11592960e-04 
 1.15515000e-05  5.11592960e-04 
 1.15525000e-05  5.11592960e-04 
 1.15535000e-05  5.11592960e-04 
 1.15545000e-05  5.11592960e-04 
 1.15555000e-05  5.11592960e-04 
 1.15565000e-05  5.11592960e-04 
 1.15575000e-05  5.11592960e-04 
 1.15585000e-05  5.11592960e-04 
 1.15595000e-05  5.11592960e-04 
 1.15605000e-05  5.11592960e-04 
 1.15615000e-05  5.11592960e-04 
 1.15625000e-05  5.11592960e-04 
 1.15635000e-05  5.11592960e-04 
 1.15645000e-05  5.11592960e-04 
 1.15655000e-05  5.11592960e-04 
 1.15665000e-05  5.11592960e-04 
 1.15675000e-05  5.11592960e-04 
 1.15685000e-05  5.11592960e-04 
 1.15695000e-05  5.11592960e-04 
 1.15705000e-05  5.11592960e-04 
 1.15715000e-05  5.11592960e-04 
 1.15725000e-05  5.11592960e-04 
 1.15735000e-05  5.11592960e-04 
 1.15745000e-05  5.11592960e-04 
 1.15755000e-05  5.11592960e-04 
 1.15765000e-05  5.11592960e-04 
 1.15775000e-05  5.11592960e-04 
 1.15785000e-05  5.11592960e-04 
 1.15795000e-05  5.11592960e-04 
 1.15805000e-05  5.11592960e-04 
 1.15815000e-05  5.11592960e-04 
 1.15825000e-05  5.11592960e-04 
 1.15835000e-05  5.11592960e-04 
 1.15845000e-05  5.11592960e-04 
 1.15855000e-05  5.11592960e-04 
 1.15865000e-05  5.11592960e-04 
 1.15875000e-05  5.11592960e-04 
 1.15885000e-05  5.11592960e-04 
 1.15895000e-05  5.11592960e-04 
 1.15905000e-05  5.11592960e-04 
 1.15915000e-05  5.11592960e-04 
 1.15925000e-05  5.11592960e-04 
 1.15935000e-05  5.11592960e-04 
 1.15945000e-05  5.11592960e-04 
 1.15955000e-05  5.11592960e-04 
 1.15965000e-05  5.11592960e-04 
 1.15975000e-05  5.11592960e-04 
 1.15985000e-05  5.11592960e-04 
 1.15995000e-05  5.11592960e-04 
 1.16005000e-05  5.11592960e-04 
 1.16015000e-05  5.11592960e-04 
 1.16025000e-05  5.11592960e-04 
 1.16035000e-05  5.11592960e-04 
 1.16045000e-05  5.11592960e-04 
 1.16055000e-05  5.11592960e-04 
 1.16065000e-05  5.11592960e-04 
 1.16075000e-05  5.11592960e-04 
 1.16085000e-05  5.11592960e-04 
 1.16095000e-05  5.11592960e-04 
 1.16105000e-05  5.11592960e-04 
 1.16115000e-05  5.11592960e-04 
 1.16125000e-05  5.11592960e-04 
 1.16135000e-05  5.11592960e-04 
 1.16145000e-05  5.11592960e-04 
 1.16155000e-05  5.11592960e-04 
 1.16165000e-05  5.11592960e-04 
 1.16175000e-05  5.11592960e-04 
 1.16185000e-05  5.11592960e-04 
 1.16195000e-05  5.11592960e-04 
 1.16205000e-05  5.11592960e-04 
 1.16215000e-05  5.11592960e-04 
 1.16225000e-05  5.11592960e-04 
 1.16235000e-05  5.11592960e-04 
 1.16245000e-05  5.11592960e-04 
 1.16255000e-05  5.11592960e-04 
 1.16265000e-05  5.11592960e-04 
 1.16275000e-05  5.11592960e-04 
 1.16285000e-05  5.11592960e-04 
 1.16295000e-05  5.11592960e-04 
 1.16305000e-05  5.11592960e-04 
 1.16315000e-05  5.11592960e-04 
 1.16325000e-05  5.11592960e-04 
 1.16335000e-05  5.11592960e-04 
 1.16345000e-05  5.11592960e-04 
 1.16355000e-05  5.11592960e-04 
 1.16365000e-05  5.11592960e-04 
 1.16375000e-05  5.11592960e-04 
 1.16385000e-05  5.11592960e-04 
 1.16395000e-05  5.11592960e-04 
 1.16405000e-05  5.11592960e-04 
 1.16415000e-05  5.11592960e-04 
 1.16425000e-05  5.11592960e-04 
 1.16435000e-05  5.11592960e-04 
 1.16445000e-05  5.11592960e-04 
 1.16455000e-05  5.11592960e-04 
 1.16465000e-05  5.11592960e-04 
 1.16475000e-05  5.11592960e-04 
 1.16485000e-05  5.11592960e-04 
 1.16495000e-05  5.11592960e-04 
 1.16505000e-05  5.11592960e-04 
 1.16515000e-05  5.11592960e-04 
 1.16525000e-05  5.11592960e-04 
 1.16535000e-05  5.11592960e-04 
 1.16545000e-05  5.11592960e-04 
 1.16555000e-05  5.11592960e-04 
 1.16565000e-05  5.11592960e-04 
 1.16575000e-05  5.11592960e-04 
 1.16585000e-05  5.11592960e-04 
 1.16595000e-05  5.11592960e-04 
 1.16605000e-05  5.11592960e-04 
 1.16615000e-05  5.11592960e-04 
 1.16625000e-05  5.11592960e-04 
 1.16635000e-05  5.11592960e-04 
 1.16645000e-05  5.11592960e-04 
 1.16655000e-05  5.11592960e-04 
 1.16665000e-05  5.11592960e-04 
 1.16675000e-05  5.11592960e-04 
 1.16685000e-05  5.11592960e-04 
 1.16695000e-05  5.11592960e-04 
 1.16705000e-05  5.11592960e-04 
 1.16715000e-05  5.11592960e-04 
 1.16725000e-05  5.11592960e-04 
 1.16735000e-05  5.11592960e-04 
 1.16745000e-05  5.11592960e-04 
 1.16755000e-05  5.11592960e-04 
 1.16765000e-05  5.11592960e-04 
 1.16775000e-05  5.11592960e-04 
 1.16785000e-05  5.11592960e-04 
 1.16795000e-05  5.11592960e-04 
 1.16805000e-05  5.11592960e-04 
 1.16815000e-05  5.11592960e-04 
 1.16825000e-05  5.11592960e-04 
 1.16835000e-05  5.11592960e-04 
 1.16845000e-05  5.11592960e-04 
 1.16855000e-05  5.11592960e-04 
 1.16865000e-05  5.11592960e-04 
 1.16875000e-05  5.11592960e-04 
 1.16885000e-05  5.11592960e-04 
 1.16895000e-05  5.11592960e-04 
 1.16905000e-05  5.11592960e-04 
 1.16915000e-05  5.11592960e-04 
 1.16925000e-05  5.11592960e-04 
 1.16935000e-05  5.11592960e-04 
 1.16945000e-05  5.11592960e-04 
 1.16955000e-05  5.11592960e-04 
 1.16965000e-05  5.11592960e-04 
 1.16975000e-05  5.11592960e-04 
 1.16985000e-05  5.11592960e-04 
 1.16995000e-05  5.11592960e-04 
 1.17005000e-05  5.11592960e-04 
 1.17015000e-05  5.11592960e-04 
 1.17025000e-05  5.11592960e-04 
 1.17035000e-05  5.11592960e-04 
 1.17045000e-05  5.11592960e-04 
 1.17055000e-05  5.11592960e-04 
 1.17065000e-05  5.11592960e-04 
 1.17075000e-05  5.11592960e-04 
 1.17085000e-05  5.11592960e-04 
 1.17095000e-05  5.11592960e-04 
 1.17105000e-05  5.11592960e-04 
 1.17115000e-05  5.11592960e-04 
 1.17125000e-05  5.11592960e-04 
 1.17135000e-05  5.11592960e-04 
 1.17145000e-05  5.11592960e-04 
 1.17155000e-05  5.11592960e-04 
 1.17165000e-05  5.11592960e-04 
 1.17175000e-05  5.11592960e-04 
 1.17185000e-05  5.11592960e-04 
 1.17195000e-05  5.11592960e-04 
 1.17205000e-05  5.11592960e-04 
 1.17215000e-05  5.11592960e-04 
 1.17225000e-05  5.11592960e-04 
 1.17235000e-05  5.11592960e-04 
 1.17245000e-05  5.11592960e-04 
 1.17255000e-05  5.11592960e-04 
 1.17265000e-05  5.11592960e-04 
 1.17275000e-05  5.11592960e-04 
 1.17285000e-05  5.11592960e-04 
 1.17295000e-05  5.11592960e-04 
 1.17305000e-05  5.11592960e-04 
 1.17315000e-05  5.11592960e-04 
 1.17325000e-05  5.11592960e-04 
 1.17335000e-05  5.11592960e-04 
 1.17345000e-05  5.11592960e-04 
 1.17355000e-05  5.11592960e-04 
 1.17365000e-05  5.11592960e-04 
 1.17375000e-05  5.11592960e-04 
 1.17385000e-05  5.11592960e-04 
 1.17395000e-05  5.11592960e-04 
 1.17405000e-05  5.11592960e-04 
 1.17415000e-05  5.11592960e-04 
 1.17425000e-05  5.11592960e-04 
 1.17435000e-05  5.11592960e-04 
 1.17445000e-05  5.11592960e-04 
 1.17455000e-05  5.11592960e-04 
 1.17465000e-05  5.11592960e-04 
 1.17475000e-05  5.11592960e-04 
 1.17485000e-05  5.11592960e-04 
 1.17495000e-05  5.11592960e-04 
 1.17505000e-05  5.11592960e-04 
 1.17515000e-05  5.11592960e-04 
 1.17525000e-05  5.11592960e-04 
 1.17535000e-05  5.11592960e-04 
 1.17545000e-05  5.11592960e-04 
 1.17555000e-05  5.11592960e-04 
 1.17565000e-05  5.11592960e-04 
 1.17575000e-05  5.11592960e-04 
 1.17585000e-05  5.11592960e-04 
 1.17595000e-05  5.11592960e-04 
 1.17605000e-05  5.11592960e-04 
 1.17615000e-05  5.11592960e-04 
 1.17625000e-05  5.11592960e-04 
 1.17635000e-05  5.11592960e-04 
 1.17645000e-05  5.11592960e-04 
 1.17655000e-05  5.11592960e-04 
 1.17665000e-05  5.11592960e-04 
 1.17675000e-05  5.11592960e-04 
 1.17685000e-05  5.11592960e-04 
 1.17695000e-05  5.11592960e-04 
 1.17705000e-05  5.11592960e-04 
 1.17715000e-05  5.11592960e-04 
 1.17725000e-05  5.11592960e-04 
 1.17735000e-05  5.11592960e-04 
 1.17745000e-05  5.11592960e-04 
 1.17755000e-05  5.11592960e-04 
 1.17765000e-05  5.11592960e-04 
 1.17775000e-05  5.11592960e-04 
 1.17785000e-05  5.11592960e-04 
 1.17795000e-05  5.11592960e-04 
 1.17805000e-05  5.11592960e-04 
 1.17815000e-05  5.11592960e-04 
 1.17825000e-05  5.11592960e-04 
 1.17835000e-05  5.11592960e-04 
 1.17845000e-05  5.11592960e-04 
 1.17855000e-05  5.11592960e-04 
 1.17865000e-05  5.11592960e-04 
 1.17875000e-05  5.11592960e-04 
 1.17885000e-05  5.11592960e-04 
 1.17895000e-05  5.11592960e-04 
 1.17905000e-05  5.11592960e-04 
 1.17915000e-05  5.11592960e-04 
 1.17925000e-05  5.11592960e-04 
 1.17935000e-05  5.11592960e-04 
 1.17945000e-05  5.11592960e-04 
 1.17955000e-05  5.11592960e-04 
 1.17965000e-05  5.11592960e-04 
 1.17975000e-05  5.11592960e-04 
 1.17985000e-05  5.11592960e-04 
 1.17995000e-05  5.11592960e-04 
 1.18005000e-05  5.11592960e-04 
 1.18015000e-05  5.11592960e-04 
 1.18025000e-05  5.11592960e-04 
 1.18035000e-05  5.11592960e-04 
 1.18045000e-05  5.11592960e-04 
 1.18055000e-05  5.11592960e-04 
 1.18065000e-05  5.11592960e-04 
 1.18075000e-05  5.11592960e-04 
 1.18085000e-05  5.11592960e-04 
 1.18095000e-05  5.11592960e-04 
 1.18105000e-05  5.11592960e-04 
 1.18115000e-05  5.11592960e-04 
 1.18125000e-05  5.11592960e-04 
 1.18135000e-05  5.11592960e-04 
 1.18145000e-05  5.11592960e-04 
 1.18155000e-05  5.11592960e-04 
 1.18165000e-05  5.11592960e-04 
 1.18175000e-05  5.11592960e-04 
 1.18185000e-05  5.11592960e-04 
 1.18195000e-05  5.11592960e-04 
 1.18205000e-05  5.11592960e-04 
 1.18215000e-05  5.11592960e-04 
 1.18225000e-05  5.11592960e-04 
 1.18235000e-05  5.11592960e-04 
 1.18245000e-05  5.11592960e-04 
 1.18255000e-05  5.11592960e-04 
 1.18265000e-05  5.11592960e-04 
 1.18275000e-05  5.11592960e-04 
 1.18285000e-05  5.11592960e-04 
 1.18295000e-05  5.11592960e-04 
 1.18305000e-05  5.11592960e-04 
 1.18315000e-05  5.11592960e-04 
 1.18325000e-05  5.11592960e-04 
 1.18335000e-05  5.11592960e-04 
 1.18345000e-05  5.11592960e-04 
 1.18355000e-05  5.11592960e-04 
 1.18365000e-05  5.11592960e-04 
 1.18375000e-05  5.11592960e-04 
 1.18385000e-05  5.11592960e-04 
 1.18395000e-05  5.11592960e-04 
 1.18405000e-05  5.11592960e-04 
 1.18415000e-05  5.11592960e-04 
 1.18425000e-05  5.11592960e-04 
 1.18435000e-05  5.11592960e-04 
 1.18445000e-05  5.11592960e-04 
 1.18455000e-05  5.11592960e-04 
 1.18465000e-05  5.11592960e-04 
 1.18475000e-05  5.11592960e-04 
 1.18485000e-05  5.11592960e-04 
 1.18495000e-05  5.11592960e-04 
 1.18505000e-05  5.11592960e-04 
 1.18515000e-05  5.11592960e-04 
 1.18525000e-05  5.11592960e-04 
 1.18535000e-05  5.11592960e-04 
 1.18545000e-05  5.11592960e-04 
 1.18555000e-05  5.11592960e-04 
 1.18565000e-05  5.11592960e-04 
 1.18575000e-05  5.11592960e-04 
 1.18585000e-05  5.11592960e-04 
 1.18595000e-05  5.11592960e-04 
 1.18605000e-05  5.11592960e-04 
 1.18615000e-05  5.11592960e-04 
 1.18625000e-05  5.11592960e-04 
 1.18635000e-05  5.11592960e-04 
 1.18645000e-05  5.11592960e-04 
 1.18655000e-05  5.11592960e-04 
 1.18665000e-05  5.11592960e-04 
 1.18675000e-05  5.11592960e-04 
 1.18685000e-05  5.11592960e-04 
 1.18695000e-05  5.11592960e-04 
 1.18705000e-05  5.11592960e-04 
 1.18715000e-05  5.11592960e-04 
 1.18725000e-05  5.11592960e-04 
 1.18735000e-05  5.11592960e-04 
 1.18745000e-05  5.11592960e-04 
 1.18755000e-05  5.11592960e-04 
 1.18765000e-05  5.11592960e-04 
 1.18775000e-05  5.11592960e-04 
 1.18785000e-05  5.11592960e-04 
 1.18795000e-05  5.11592960e-04 
 1.18805000e-05  5.11592960e-04 
 1.18815000e-05  5.11592960e-04 
 1.18825000e-05  5.11592960e-04 
 1.18835000e-05  5.11592960e-04 
 1.18845000e-05  5.11592960e-04 
 1.18855000e-05  5.11592960e-04 
 1.18865000e-05  5.11592960e-04 
 1.18875000e-05  5.11592960e-04 
 1.18885000e-05  5.11592960e-04 
 1.18895000e-05  5.11592960e-04 
 1.18905000e-05  5.11592960e-04 
 1.18915000e-05  5.11592960e-04 
 1.18925000e-05  5.11592960e-04 
 1.18935000e-05  5.11592960e-04 
 1.18945000e-05  5.11592960e-04 
 1.18955000e-05  5.11592960e-04 
 1.18965000e-05  5.11592960e-04 
 1.18975000e-05  5.11592960e-04 
 1.18985000e-05  5.11592960e-04 
 1.18995000e-05  5.11592960e-04 
 1.19005000e-05  5.11592960e-04 
 1.19015000e-05  5.11592960e-04 
 1.19025000e-05  5.11592960e-04 
 1.19035000e-05  5.11592960e-04 
 1.19045000e-05  5.11592960e-04 
 1.19055000e-05  5.11592960e-04 
 1.19065000e-05  5.11592960e-04 
 1.19075000e-05  5.11592960e-04 
 1.19085000e-05  5.11592960e-04 
 1.19095000e-05  5.11592960e-04 
 1.19105000e-05  5.11592960e-04 
 1.19115000e-05  5.11592960e-04 
 1.19125000e-05  5.11592960e-04 
 1.19135000e-05  5.11592960e-04 
 1.19145000e-05  5.11592960e-04 
 1.19155000e-05  5.11592960e-04 
 1.19165000e-05  5.11592960e-04 
 1.19175000e-05  5.11592960e-04 
 1.19185000e-05  5.11592960e-04 
 1.19195000e-05  5.11592960e-04 
 1.19205000e-05  5.11592960e-04 
 1.19215000e-05  5.11592960e-04 
 1.19225000e-05  5.11592960e-04 
 1.19235000e-05  5.11592960e-04 
 1.19245000e-05  5.11592960e-04 
 1.19255000e-05  5.11592960e-04 
 1.19265000e-05  5.11592960e-04 
 1.19275000e-05  5.11592960e-04 
 1.19285000e-05  5.11592960e-04 
 1.19295000e-05  5.11592960e-04 
 1.19305000e-05  5.11592960e-04 
 1.19315000e-05  5.11592960e-04 
 1.19325000e-05  5.11592960e-04 
 1.19335000e-05  5.11592960e-04 
 1.19345000e-05  5.11592960e-04 
 1.19355000e-05  5.11592960e-04 
 1.19365000e-05  5.11592960e-04 
 1.19375000e-05  5.11592960e-04 
 1.19385000e-05  5.11592960e-04 
 1.19395000e-05  5.11592960e-04 
 1.19405000e-05  5.11592960e-04 
 1.19415000e-05  5.11592960e-04 
 1.19425000e-05  5.11592960e-04 
 1.19435000e-05  5.11592960e-04 
 1.19445000e-05  5.11592960e-04 
 1.19455000e-05  5.11592960e-04 
 1.19465000e-05  5.11592960e-04 
 1.19475000e-05  5.11592960e-04 
 1.19485000e-05  5.11592960e-04 
 1.19495000e-05  5.11592960e-04 
 1.19505000e-05  5.11592960e-04 
 1.19515000e-05  5.11592960e-04 
 1.19525000e-05  5.11592960e-04 
 1.19535000e-05  5.11592960e-04 
 1.19545000e-05  5.11592960e-04 
 1.19555000e-05  5.11592960e-04 
 1.19565000e-05  5.11592960e-04 
 1.19575000e-05  5.11592960e-04 
 1.19585000e-05  5.11592960e-04 
 1.19595000e-05  5.11592960e-04 
 1.19605000e-05  5.11592960e-04 
 1.19615000e-05  5.11592960e-04 
 1.19625000e-05  5.11592960e-04 
 1.19635000e-05  5.11592960e-04 
 1.19645000e-05  5.11592960e-04 
 1.19655000e-05  5.11592960e-04 
 1.19665000e-05  5.11592960e-04 
 1.19675000e-05  5.11592960e-04 
 1.19685000e-05  5.11592960e-04 
 1.19695000e-05  5.11592960e-04 
 1.19705000e-05  5.11592960e-04 
 1.19715000e-05  5.11592960e-04 
 1.19725000e-05  5.11592960e-04 
 1.19735000e-05  5.11592960e-04 
 1.19745000e-05  5.11592960e-04 
 1.19755000e-05  5.11592960e-04 
 1.19765000e-05  5.11592960e-04 
 1.19775000e-05  5.11592960e-04 
 1.19785000e-05  5.11592960e-04 
 1.19795000e-05  5.11592960e-04 
 1.19805000e-05  5.11592960e-04 
 1.19815000e-05  5.11592960e-04 
 1.19825000e-05  5.11592960e-04 
 1.19835000e-05  5.11592960e-04 
 1.19845000e-05  5.11592960e-04 
 1.19855000e-05  5.11592960e-04 
 1.19865000e-05  5.11592960e-04 
 1.19875000e-05  5.11592960e-04 
 1.19885000e-05  5.11592960e-04 
 1.19895000e-05  5.11592960e-04 
 1.19905000e-05  5.11592960e-04 
 1.19915000e-05  5.11592960e-04 
 1.19925000e-05  5.11592960e-04 
 1.19935000e-05  5.11592960e-04 
 1.19945000e-05  5.11592960e-04 
 1.19955000e-05  5.11592960e-04 
 1.19965000e-05  5.11592960e-04 
 1.19975000e-05  5.11592960e-04 
 1.19985000e-05  5.11592960e-04 
 1.19992500e-05  5.11592960e-04 
 1.20000000e-05  5.11592960e-04 
