point_id,bench,role,corner_label,hbt_section,temp_c,nx,selft,rb_label,rb_ohm,ic_a,ic_per_nx_a,vce_v,vb_v,ie_a
a_nx1_typ_-40c_rbopen_st1,A,extraction,typ,hbt_typ,-40,1,1,open,1e12,1E-10,1.000000e-10,1.50521,0.568871,9.84948E-11
a_nx1_typ_-40c_rbopen_st1,A,extraction,typ,hbt_typ,-40,1,1,open,1e12,1.33352E-10,1.333520e-10,1.52448,0.574888,1.31828E-10
a_nx1_typ_-40c_rbopen_st1,A,extraction,typ,hbt_typ,-40,1,1,open,1e12,1.77828E-10,1.778280e-10,1.54111,0.580864,1.76287E-10
a_nx1_typ_-40c_rbopen_st1,A,extraction,typ,hbt_typ,-40,1,1,open,1e12,2.37137E-10,2.371370e-10,1.55465,0.586811,2.35582E-10
a_nx1_typ_-40c_rbopen_st1,A,extraction,typ,hbt_typ,-40,1,1,open,1e12,3.16228E-10,3.162280e-10,1.56495,0.592734,3.14663E-10
a_nx1_typ_-40c_rbopen_st1,A,extraction,typ,hbt_typ,-40,1,1,open,1e12,4.21697E-10,4.216970e-10,1.57209,0.598641,4.20125E-10
a_nx1_typ_-40c_rbopen_st1,A,extraction,typ,hbt_typ,-40,1,1,open,1e12,5.62341E-10,5.623410e-10,1.57643,0.604534,5.60765E-10
a_nx1_typ_-40c_rbopen_st1,A,extraction,typ,hbt_typ,-40,1,1,open,1e12,7.49894E-10,7.498940e-10,1.57844,0.610417,7.48316E-10
a_nx1_typ_-40c_rbopen_st1,A,extraction,typ,hbt_typ,-40,1,1,open,1e12,1E-09,1.000000e-09,1.57864,0.616293,9.98421E-10
a_nx1_typ_-40c_rbopen_st1,A,extraction,typ,hbt_typ,-40,1,1,open,1e12,1.33352E-09,1.333520e-09,1.57756,0.622163,1.33194E-09
a_nx1_typ_-40c_rbopen_st1,A,extraction,typ,hbt_typ,-40,1,1,open,1e12,1.77828E-09,1.778280e-09,1.57565,0.628029,1.7767E-09
a_nx1_typ_-40c_rbopen_st1,A,extraction,typ,hbt_typ,-40,1,1,open,1e12,2.37137E-09,2.371370e-09,1.57328,0.633891,2.3698E-09
a_nx1_typ_-40c_rbopen_st1,A,extraction,typ,hbt_typ,-40,1,1,open,1e12,3.16228E-09,3.162280e-09,1.57076,0.639751,3.16071E-09
a_nx1_typ_-40c_rbopen_st1,A,extraction,typ,hbt_typ,-40,1,1,open,1e12,4.21697E-09,4.216970e-09,1.56829,0.645609,4.2154E-09
a_nx1_typ_-40c_rbopen_st1,A,extraction,typ,hbt_typ,-40,1,1,open,1e12,5.62341E-09,5.623410e-09,1.56605,0.651465,5.62184E-09
a_nx1_typ_-40c_rbopen_st1,A,extraction,typ,hbt_typ,-40,1,1,open,1e12,7.49894E-09,7.498940e-09,1.56412,0.657321,7.49738E-09
a_nx1_typ_-40c_rbopen_st1,A,extraction,typ,hbt_typ,-40,1,1,open,1e12,1E-08,1.000000e-08,1.56257,0.663175,9.99844E-09
a_nx1_typ_-40c_rbopen_st1,A,extraction,typ,hbt_typ,-40,1,1,open,1e12,1.33352E-08,1.333520e-08,1.56142,0.669029,1.33336E-08
a_nx1_typ_-40c_rbopen_st1,A,extraction,typ,hbt_typ,-40,1,1,open,1e12,1.77828E-08,1.778280e-08,1.56068,0.674882,1.77812E-08
a_nx1_typ_-40c_rbopen_st1,A,extraction,typ,hbt_typ,-40,1,1,open,1e12,2.37137E-08,2.371370e-08,1.56034,0.680735,2.37121E-08
a_nx1_typ_-40c_rbopen_st1,A,extraction,typ,hbt_typ,-40,1,1,open,1e12,3.16228E-08,3.162280e-08,1.56038,0.686587,3.16212E-08
a_nx1_typ_-40c_rbopen_st1,A,extraction,typ,hbt_typ,-40,1,1,open,1e12,4.21697E-08,4.216970e-08,1.56078,0.69244,4.21681E-08
a_nx1_typ_-40c_rbopen_st1,A,extraction,typ,hbt_typ,-40,1,1,open,1e12,5.62341E-08,5.623410e-08,1.56149,0.698292,5.62325E-08
a_nx1_typ_-40c_rbopen_st1,A,extraction,typ,hbt_typ,-40,1,1,open,1e12,7.49894E-08,7.498940e-08,1.5625,0.704144,7.49878E-08
a_nx1_typ_-40c_rbopen_st1,A,extraction,typ,hbt_typ,-40,1,1,open,1e12,1E-07,1.000000e-07,1.56377,0.709996,9.99984E-08
a_nx1_typ_-40c_rbopen_st1,A,extraction,typ,hbt_typ,-40,1,1,open,1e12,1.33352E-07,1.333520e-07,1.56528,0.715848,1.3335E-07
a_nx1_typ_-40c_rbopen_st1,A,extraction,typ,hbt_typ,-40,1,1,open,1e12,1.77828E-07,1.778280e-07,1.56701,0.721701,1.77826E-07
a_nx1_typ_-40c_rbopen_st1,A,extraction,typ,hbt_typ,-40,1,1,open,1e12,2.37137E-07,2.371370e-07,1.56892,0.727553,2.37135E-07
a_nx1_typ_-40c_rbopen_st1,A,extraction,typ,hbt_typ,-40,1,1,open,1e12,3.16228E-07,3.162280e-07,1.571,0.733406,3.16226E-07
a_nx1_typ_-40c_rbopen_st1,A,extraction,typ,hbt_typ,-40,1,1,open,1e12,4.21697E-07,4.216970e-07,1.57323,0.739259,4.21695E-07
a_nx1_typ_-40c_rbopen_st1,A,extraction,typ,hbt_typ,-40,1,1,open,1e12,5.62341E-07,5.623410e-07,1.5756,0.745113,5.62339E-07
a_nx1_typ_-40c_rbopen_st1,A,extraction,typ,hbt_typ,-40,1,1,open,1e12,7.49894E-07,7.498940e-07,1.57809,0.750967,7.49892E-07
a_nx1_typ_-40c_rbopen_st1,A,extraction,typ,hbt_typ,-40,1,1,open,1e12,1E-06,1.000000e-06,1.5807,0.756823,9.99998E-07
a_nx1_typ_-40c_rbopen_st1,A,extraction,typ,hbt_typ,-40,1,1,open,1e12,1.33352E-06,1.333520e-06,1.58341,0.76268,1.33352E-06
a_nx1_typ_-40c_rbopen_st1,A,extraction,typ,hbt_typ,-40,1,1,open,1e12,1.77828E-06,1.778280e-06,1.58622,0.768539,1.77828E-06
a_nx1_typ_-40c_rbopen_st1,A,extraction,typ,hbt_typ,-40,1,1,open,1e12,2.37137E-06,2.371370e-06,1.58914,0.774401,2.37137E-06
a_nx1_typ_-40c_rbopen_st1,A,extraction,typ,hbt_typ,-40,1,1,open,1e12,3.16228E-06,3.162280e-06,1.59215,0.780267,3.16228E-06
a_nx1_typ_-40c_rbopen_st1,A,extraction,typ,hbt_typ,-40,1,1,open,1e12,4.21697E-06,4.216970e-06,1.59528,0.786138,4.21697E-06
a_nx1_typ_-40c_rbopen_st1,A,extraction,typ,hbt_typ,-40,1,1,open,1e12,5.62341E-06,5.623410e-06,1.59852,0.792016,5.62341E-06
a_nx1_typ_-40c_rbopen_st1,A,extraction,typ,hbt_typ,-40,1,1,open,1e12,7.49894E-06,7.498940e-06,1.6019,0.797904,7.49894E-06
a_nx1_typ_-40c_rbopen_st1,A,extraction,typ,hbt_typ,-40,1,1,open,1e12,1E-05,1.000000e-05,1.60545,0.803805,1E-05
a_nx1_typ_-40c_rbopen_st1,A,extraction,typ,hbt_typ,-40,1,1,open,1e12,1.33352E-05,1.333520e-05,1.6092,0.809723,1.33352E-05
a_nx1_typ_-40c_rbopen_st1,A,extraction,typ,hbt_typ,-40,1,1,open,1e12,1.77828E-05,1.778280e-05,1.61321,0.815665,1.77828E-05
a_nx1_typ_-40c_rbopen_st1,A,extraction,typ,hbt_typ,-40,1,1,open,1e12,2.37137E-05,2.371370e-05,1.61755,0.82164,2.37137E-05
a_nx1_typ_-40c_rbopen_st1,A,extraction,typ,hbt_typ,-40,1,1,open,1e12,3.16228E-05,3.162280e-05,1.62231,0.827659,3.16228E-05
a_nx1_typ_-40c_rbopen_st1,A,extraction,typ,hbt_typ,-40,1,1,open,1e12,4.21697E-05,4.216970e-05,1.62763,0.833737,4.21697E-05
a_nx1_typ_-40c_rbopen_st1,A,extraction,typ,hbt_typ,-40,1,1,open,1e12,5.62341E-05,5.623410e-05,1.63368,0.839894,5.62341E-05
a_nx1_typ_-40c_rbopen_st1,A,extraction,typ,hbt_typ,-40,1,1,open,1e12,7.49894E-05,7.498940e-05,1.64069,0.84616,7.49894E-05
a_nx1_typ_-40c_rbopen_st1,A,extraction,typ,hbt_typ,-40,1,1,open,1e12,0.0001,1.000000e-04,1.64897,0.852571,0.0001
a_nx1_typ_-40c_rbopen_st1,A,extraction,typ,hbt_typ,-40,1,1,open,1e12,0.000133352,1.333520e-04,1.65894,0.859175,0.000133352
a_nx1_typ_-40c_rbopen_st1,A,extraction,typ,hbt_typ,-40,1,1,open,1e12,0.000177828,1.778280e-04,1.67113,0.866036,0.000177828
a_nx1_typ_-40c_rbopen_st1,A,extraction,typ,hbt_typ,-40,1,1,open,1e12,0.000237137,2.371370e-04,1.68626,0.873238,0.000237137
a_nx1_typ_-40c_rbopen_st1,A,extraction,typ,hbt_typ,-40,1,1,open,1e12,0.000316228,3.162280e-04,1.70526,0.880886,0.000316228
a_nx1_typ_-40c_rbopen_st1,A,extraction,typ,hbt_typ,-40,1,1,open,1e12,0.000421697,4.216970e-04,1.72935,0.889114,0.000421697
a_nx1_typ_-40c_rbopen_st1,A,extraction,typ,hbt_typ,-40,1,1,open,1e12,0.000562341,5.623410e-04,1.7601,0.898081,0.000562341
a_nx1_typ_-40c_rbopen_st1,A,extraction,typ,hbt_typ,-40,1,1,open,1e12,0.000749894,7.498940e-04,1.79953,0.907973,0.000749894
a_nx1_typ_-40c_rbopen_st1,A,extraction,typ,hbt_typ,-40,1,1,open,1e12,0.001,1.000000e-03,1.85018,0.91899,0.001
a_nx1_typ_-40c_rbopen_st1,A,extraction,typ,hbt_typ,-40,1,1,open,1e12,0.00133352,1.333520e-03,1.9152,0.931312,0.00133352
a_nx1_typ_-40c_rbopen_st1,A,extraction,typ,hbt_typ,-40,1,1,open,1e12,0.00177828,1.778280e-03,1.99837,0.945038,0.00177828
a_nx1_typ_-40c_rbopen_st1,A,extraction,typ,hbt_typ,-40,1,1,open,1e12,0.00237137,2.371370e-03,2.10394,0.96007,0.00237137
a_nx1_typ_-40c_rbopen_st1,A,extraction,typ,hbt_typ,-40,1,1,open,1e12,0.00316228,3.162280e-03,2.23606,0.975917,0.00316228
a_nx1_typ_-40c_rbopen_st0,A,extraction,typ,hbt_typ,-40,1,0,open,1e12,1E-10,1.000000e-10,1.50521,0.568871,9.84948E-11
a_nx1_typ_-40c_rbopen_st0,A,extraction,typ,hbt_typ,-40,1,0,open,1e12,1.33352E-10,1.333520e-10,1.52448,0.574888,1.31828E-10
a_nx1_typ_-40c_rbopen_st0,A,extraction,typ,hbt_typ,-40,1,0,open,1e12,1.77828E-10,1.778280e-10,1.54111,0.580864,1.76287E-10
a_nx1_typ_-40c_rbopen_st0,A,extraction,typ,hbt_typ,-40,1,0,open,1e12,2.37137E-10,2.371370e-10,1.55469,0.586817,2.35582E-10
a_nx1_typ_-40c_rbopen_st0,A,extraction,typ,hbt_typ,-40,1,0,open,1e12,3.16228E-10,3.162280e-10,1.56495,0.592735,3.14663E-10
a_nx1_typ_-40c_rbopen_st0,A,extraction,typ,hbt_typ,-40,1,0,open,1e12,4.21697E-10,4.216970e-10,1.57209,0.598641,4.20125E-10
a_nx1_typ_-40c_rbopen_st0,A,extraction,typ,hbt_typ,-40,1,0,open,1e12,5.62341E-10,5.623410e-10,1.57643,0.604534,5.60765E-10
a_nx1_typ_-40c_rbopen_st0,A,extraction,typ,hbt_typ,-40,1,0,open,1e12,7.49894E-10,7.498940e-10,1.57843,0.61042,7.48316E-10
a_nx1_typ_-40c_rbopen_st0,A,extraction,typ,hbt_typ,-40,1,0,open,1e12,1E-09,1.000000e-09,1.57864,0.616293,9.98421E-10
a_nx1_typ_-40c_rbopen_st0,A,extraction,typ,hbt_typ,-40,1,0,open,1e12,1.33352E-09,1.333520e-09,1.57756,0.622163,1.33194E-09
a_nx1_typ_-40c_rbopen_st0,A,extraction,typ,hbt_typ,-40,1,0,open,1e12,1.77828E-09,1.778280e-09,1.57565,0.628029,1.7767E-09
a_nx1_typ_-40c_rbopen_st0,A,extraction,typ,hbt_typ,-40,1,0,open,1e12,2.37137E-09,2.371370e-09,1.57328,0.633892,2.3698E-09
a_nx1_typ_-40c_rbopen_st0,A,extraction,typ,hbt_typ,-40,1,0,open,1e12,3.16228E-09,3.162280e-09,1.57076,0.639751,3.16071E-09
a_nx1_typ_-40c_rbopen_st0,A,extraction,typ,hbt_typ,-40,1,0,open,1e12,4.21697E-09,4.216970e-09,1.56829,0.645609,4.2154E-09
a_nx1_typ_-40c_rbopen_st0,A,extraction,typ,hbt_typ,-40,1,0,open,1e12,5.62341E-09,5.623410e-09,1.56605,0.651466,5.62184E-09
a_nx1_typ_-40c_rbopen_st0,A,extraction,typ,hbt_typ,-40,1,0,open,1e12,7.49894E-09,7.498940e-09,1.56412,0.657321,7.49738E-09
a_nx1_typ_-40c_rbopen_st0,A,extraction,typ,hbt_typ,-40,1,0,open,1e12,1E-08,1.000000e-08,1.56257,0.663175,9.99844E-09
a_nx1_typ_-40c_rbopen_st0,A,extraction,typ,hbt_typ,-40,1,0,open,1e12,1.33352E-08,1.333520e-08,1.56142,0.669029,1.33336E-08
a_nx1_typ_-40c_rbopen_st0,A,extraction,typ,hbt_typ,-40,1,0,open,1e12,1.77828E-08,1.778280e-08,1.56068,0.674883,1.77812E-08
a_nx1_typ_-40c_rbopen_st0,A,extraction,typ,hbt_typ,-40,1,0,open,1e12,2.37137E-08,2.371370e-08,1.56034,0.680735,2.37121E-08
a_nx1_typ_-40c_rbopen_st0,A,extraction,typ,hbt_typ,-40,1,0,open,1e12,3.16228E-08,3.162280e-08,1.56038,0.686589,3.16212E-08
a_nx1_typ_-40c_rbopen_st0,A,extraction,typ,hbt_typ,-40,1,0,open,1e12,4.21697E-08,4.216970e-08,1.56078,0.692441,4.21681E-08
a_nx1_typ_-40c_rbopen_st0,A,extraction,typ,hbt_typ,-40,1,0,open,1e12,5.62341E-08,5.623410e-08,1.56149,0.698293,5.62325E-08
a_nx1_typ_-40c_rbopen_st0,A,extraction,typ,hbt_typ,-40,1,0,open,1e12,7.49894E-08,7.498940e-08,1.5625,0.704146,7.49878E-08
a_nx1_typ_-40c_rbopen_st0,A,extraction,typ,hbt_typ,-40,1,0,open,1e12,1E-07,1.000000e-07,1.56377,0.709999,9.99984E-08
a_nx1_typ_-40c_rbopen_st0,A,extraction,typ,hbt_typ,-40,1,0,open,1e12,1.33352E-07,1.333520e-07,1.56529,0.715852,1.3335E-07
a_nx1_typ_-40c_rbopen_st0,A,extraction,typ,hbt_typ,-40,1,0,open,1e12,1.77828E-07,1.778280e-07,1.56701,0.721705,1.77826E-07
a_nx1_typ_-40c_rbopen_st0,A,extraction,typ,hbt_typ,-40,1,0,open,1e12,2.37137E-07,2.371370e-07,1.56892,0.727559,2.37135E-07
a_nx1_typ_-40c_rbopen_st0,A,extraction,typ,hbt_typ,-40,1,0,open,1e12,3.16228E-07,3.162280e-07,1.571,0.733414,3.16226E-07
a_nx1_typ_-40c_rbopen_st0,A,extraction,typ,hbt_typ,-40,1,0,open,1e12,4.21697E-07,4.216970e-07,1.57324,0.73927,4.21695E-07
a_nx1_typ_-40c_rbopen_st0,A,extraction,typ,hbt_typ,-40,1,0,open,1e12,5.62341E-07,5.623410e-07,1.57561,0.745127,5.62339E-07
a_nx1_typ_-40c_rbopen_st0,A,extraction,typ,hbt_typ,-40,1,0,open,1e12,7.49894E-07,7.498940e-07,1.5781,0.750986,7.49892E-07
a_nx1_typ_-40c_rbopen_st0,A,extraction,typ,hbt_typ,-40,1,0,open,1e12,1E-06,1.000000e-06,1.58071,0.756848,9.99998E-07
a_nx1_typ_-40c_rbopen_st0,A,extraction,typ,hbt_typ,-40,1,0,open,1e12,1.33352E-06,1.333520e-06,1.58342,0.762712,1.33352E-06
a_nx1_typ_-40c_rbopen_st0,A,extraction,typ,hbt_typ,-40,1,0,open,1e12,1.77828E-06,1.778280e-06,1.58624,0.768582,1.77828E-06
a_nx1_typ_-40c_rbopen_st0,A,extraction,typ,hbt_typ,-40,1,0,open,1e12,2.37137E-06,2.371370e-06,1.58915,0.774457,2.37137E-06
a_nx1_typ_-40c_rbopen_st0,A,extraction,typ,hbt_typ,-40,1,0,open,1e12,3.16228E-06,3.162280e-06,1.59217,0.78034,3.16228E-06
a_nx1_typ_-40c_rbopen_st0,A,extraction,typ,hbt_typ,-40,1,0,open,1e12,4.21697E-06,4.216970e-06,1.5953,0.786233,4.21697E-06
a_nx1_typ_-40c_rbopen_st0,A,extraction,typ,hbt_typ,-40,1,0,open,1e12,5.62341E-06,5.623410e-06,1.59855,0.792141,5.62341E-06
a_nx1_typ_-40c_rbopen_st0,A,extraction,typ,hbt_typ,-40,1,0,open,1e12,7.49894E-06,7.498940e-06,1.60194,0.798067,7.49894E-06
a_nx1_typ_-40c_rbopen_st0,A,extraction,typ,hbt_typ,-40,1,0,open,1e12,1E-05,1.000000e-05,1.6055,0.804017,1E-05
a_nx1_typ_-40c_rbopen_st0,A,extraction,typ,hbt_typ,-40,1,0,open,1e12,1.33352E-05,1.333520e-05,1.60926,0.810001,1.33352E-05
a_nx1_typ_-40c_rbopen_st0,A,extraction,typ,hbt_typ,-40,1,0,open,1e12,1.77828E-05,1.778280e-05,1.61328,0.816028,1.77828E-05
a_nx1_typ_-40c_rbopen_st0,A,extraction,typ,hbt_typ,-40,1,0,open,1e12,2.37137E-05,2.371370e-05,1.61762,0.822113,2.37137E-05
a_nx1_typ_-40c_rbopen_st0,A,extraction,typ,hbt_typ,-40,1,0,open,1e12,3.16228E-05,3.162280e-05,1.62239,0.828277,3.16228E-05
a_nx1_typ_-40c_rbopen_st0,A,extraction,typ,hbt_typ,-40,1,0,open,1e12,4.21697E-05,4.216970e-05,1.62771,0.834544,4.21697E-05
a_nx1_typ_-40c_rbopen_st0,A,extraction,typ,hbt_typ,-40,1,0,open,1e12,5.62341E-05,5.623410e-05,1.63374,0.840948,5.62341E-05
a_nx1_typ_-40c_rbopen_st0,A,extraction,typ,hbt_typ,-40,1,0,open,1e12,7.49894E-05,7.498940e-05,1.64073,0.847536,7.49894E-05
a_nx1_typ_-40c_rbopen_st0,A,extraction,typ,hbt_typ,-40,1,0,open,1e12,0.0001,1.000000e-04,1.64898,0.854367,0.0001
a_nx1_typ_-40c_rbopen_st0,A,extraction,typ,hbt_typ,-40,1,0,open,1e12,0.000133352,1.333520e-04,1.65887,0.861522,0.000133352
a_nx1_typ_-40c_rbopen_st0,A,extraction,typ,hbt_typ,-40,1,0,open,1e12,0.000177828,1.778280e-04,1.67094,0.869106,0.000177828
a_nx1_typ_-40c_rbopen_st0,A,extraction,typ,hbt_typ,-40,1,0,open,1e12,0.000237137,2.371370e-04,1.68588,0.877259,0.000237137
a_nx1_typ_-40c_rbopen_st0,A,extraction,typ,hbt_typ,-40,1,0,open,1e12,0.000316228,3.162280e-04,1.70459,0.886167,0.000316228
a_nx1_typ_-40c_rbopen_st0,A,extraction,typ,hbt_typ,-40,1,0,open,1e12,0.000421697,4.216970e-04,1.72827,0.896069,0.000421697
a_nx1_typ_-40c_rbopen_st0,A,extraction,typ,hbt_typ,-40,1,0,open,1e12,0.000562341,5.623410e-04,1.75844,0.907285,0.000562341
a_nx1_typ_-40c_rbopen_st0,A,extraction,typ,hbt_typ,-40,1,0,open,1e12,0.000749894,7.498940e-04,1.7971,0.920228,0.000749894
a_nx1_typ_-40c_rbopen_st0,A,extraction,typ,hbt_typ,-40,1,0,open,1e12,0.001,1.000000e-03,1.84684,0.935441,0.001
a_nx1_typ_-40c_rbopen_st0,A,extraction,typ,hbt_typ,-40,1,0,open,1e12,0.00133352,1.333520e-03,1.91101,0.953627,0.00133352
a_nx1_typ_-40c_rbopen_st0,A,extraction,typ,hbt_typ,-40,1,0,open,1e12,0.00177828,1.778280e-03,1.99405,0.97571,0.00177828
a_nx1_typ_-40c_rbopen_st0,A,extraction,typ,hbt_typ,-40,1,0,open,1e12,0.00237137,2.371370e-03,2.10197,1.00289,0.00237137
a_nx1_typ_-40c_rbopen_st0,A,extraction,typ,hbt_typ,-40,1,0,open,1e12,0.00316228,3.162280e-03,2.24333,1.03676,0.00316228
a_nx8_typ_-40c_rbopen_st1,A,extraction,typ,hbt_typ,-40,8,1,open,1e12,8E-10,1.000000e-10,1.6341,0.56944,7.98366E-10
a_nx8_typ_-40c_rbopen_st1,A,extraction,typ,hbt_typ,-40,8,1,open,1e12,1.06682E-09,1.333525e-10,1.63071,0.575316,1.06519E-09
a_nx8_typ_-40c_rbopen_st1,A,extraction,typ,hbt_typ,-40,8,1,open,1e12,1.42262E-09,1.778275e-10,1.62565,0.581188,1.42099E-09
a_nx8_typ_-40c_rbopen_st1,A,extraction,typ,hbt_typ,-40,8,1,open,1e12,1.8971E-09,2.371375e-10,1.61953,0.587055,1.89548E-09
a_nx8_typ_-40c_rbopen_st1,A,extraction,typ,hbt_typ,-40,8,1,open,1e12,2.52982E-09,3.162275e-10,1.61284,0.592919,2.52821E-09
a_nx8_typ_-40c_rbopen_st1,A,extraction,typ,hbt_typ,-40,8,1,open,1e12,3.37357E-09,4.216962e-10,1.60596,0.59878,3.37196E-09
a_nx8_typ_-40c_rbopen_st1,A,extraction,typ,hbt_typ,-40,8,1,open,1e12,4.49873E-09,5.623413e-10,1.59918,0.60464,4.49713E-09
a_nx8_typ_-40c_rbopen_st1,A,extraction,typ,hbt_typ,-40,8,1,open,1e12,5.99915E-09,7.498938e-10,1.59271,0.610497,5.99756E-09
a_nx8_typ_-40c_rbopen_st1,A,extraction,typ,hbt_typ,-40,8,1,open,1e12,8E-09,1.000000e-09,1.58669,0.616354,7.99841E-09
a_nx8_typ_-40c_rbopen_st1,A,extraction,typ,hbt_typ,-40,8,1,open,1e12,1.06682E-08,1.333525e-09,1.58122,0.622209,1.06666E-08
a_nx8_typ_-40c_rbopen_st1,A,extraction,typ,hbt_typ,-40,8,1,open,1e12,1.42262E-08,1.778275e-09,1.57635,0.628064,1.42246E-08
a_nx8_typ_-40c_rbopen_st1,A,extraction,typ,hbt_typ,-40,8,1,open,1e12,1.8971E-08,2.371375e-09,1.57211,0.633918,1.89694E-08
a_nx8_typ_-40c_rbopen_st1,A,extraction,typ,hbt_typ,-40,8,1,open,1e12,2.52982E-08,3.162275e-09,1.56849,0.639771,2.52966E-08
a_nx8_typ_-40c_rbopen_st1,A,extraction,typ,hbt_typ,-40,8,1,open,1e12,3.37357E-08,4.216963e-09,1.56549,0.645624,3.37341E-08
a_nx8_typ_-40c_rbopen_st1,A,extraction,typ,hbt_typ,-40,8,1,open,1e12,4.49873E-08,5.623413e-09,1.56307,0.651477,4.49857E-08
a_nx8_typ_-40c_rbopen_st1,A,extraction,typ,hbt_typ,-40,8,1,open,1e12,5.99915E-08,7.498937e-09,1.56121,0.657329,5.99899E-08
a_nx8_typ_-40c_rbopen_st1,A,extraction,typ,hbt_typ,-40,8,1,open,1e12,8E-08,1.000000e-08,1.55986,0.663182,7.99984E-08
a_nx8_typ_-40c_rbopen_st1,A,extraction,typ,hbt_typ,-40,8,1,open,1e12,1.06682E-07,1.333525e-08,1.55899,0.669034,1.0668E-07
a_nx8_typ_-40c_rbopen_st1,A,extraction,typ,hbt_typ,-40,8,1,open,1e12,1.42262E-07,1.778275e-08,1.55855,0.674886,1.4226E-07
a_nx8_typ_-40c_rbopen_st1,A,extraction,typ,hbt_typ,-40,8,1,open,1e12,1.8971E-07,2.371375e-08,1.55851,0.680737,1.89708E-07
a_nx8_typ_-40c_rbopen_st1,A,extraction,typ,hbt_typ,-40,8,1,open,1e12,2.52982E-07,3.162275e-08,1.55883,0.686589,2.5298E-07
a_nx8_typ_-40c_rbopen_st1,A,extraction,typ,hbt_typ,-40,8,1,open,1e12,3.37357E-07,4.216963e-08,1.55948,0.692441,3.37355E-07
a_nx8_typ_-40c_rbopen_st1,A,extraction,typ,hbt_typ,-40,8,1,open,1e12,4.49873E-07,5.623413e-08,1.56042,0.698293,4.49871E-07
a_nx8_typ_-40c_rbopen_st1,A,extraction,typ,hbt_typ,-40,8,1,open,1e12,5.99915E-07,7.498937e-08,1.56162,0.704144,5.99913E-07
a_nx8_typ_-40c_rbopen_st1,A,extraction,typ,hbt_typ,-40,8,1,open,1e12,8E-07,1.000000e-07,1.56305,0.709996,7.99998E-07
a_nx8_typ_-40c_rbopen_st1,A,extraction,typ,hbt_typ,-40,8,1,open,1e12,1.06682E-06,1.333525e-07,1.5647,0.715848,1.06682E-06
a_nx8_typ_-40c_rbopen_st1,A,extraction,typ,hbt_typ,-40,8,1,open,1e12,1.42262E-06,1.778275e-07,1.56653,0.7217,1.42262E-06
a_nx8_typ_-40c_rbopen_st1,A,extraction,typ,hbt_typ,-40,8,1,open,1e12,1.8971E-06,2.371375e-07,1.56854,0.727552,1.8971E-06
a_nx8_typ_-40c_rbopen_st1,A,extraction,typ,hbt_typ,-40,8,1,open,1e12,2.52982E-06,3.162275e-07,1.5707,0.733404,2.52982E-06
a_nx8_typ_-40c_rbopen_st1,A,extraction,typ,hbt_typ,-40,8,1,open,1e12,3.37357E-06,4.216963e-07,1.57299,0.739257,3.37357E-06
a_nx8_typ_-40c_rbopen_st1,A,extraction,typ,hbt_typ,-40,8,1,open,1e12,4.49873E-06,5.623413e-07,1.57541,0.74511,4.49873E-06
a_nx8_typ_-40c_rbopen_st1,A,extraction,typ,hbt_typ,-40,8,1,open,1e12,5.99915E-06,7.498937e-07,1.57794,0.750963,5.99915E-06
a_nx8_typ_-40c_rbopen_st1,A,extraction,typ,hbt_typ,-40,8,1,open,1e12,8E-06,1.000000e-06,1.58058,0.756817,8E-06
a_nx8_typ_-40c_rbopen_st1,A,extraction,typ,hbt_typ,-40,8,1,open,1e12,1.06682E-05,1.333525e-06,1.58331,0.762673,1.06682E-05
a_nx8_typ_-40c_rbopen_st1,A,extraction,typ,hbt_typ,-40,8,1,open,1e12,1.42262E-05,1.778275e-06,1.58614,0.76853,1.42262E-05
a_nx8_typ_-40c_rbopen_st1,A,extraction,typ,hbt_typ,-40,8,1,open,1e12,1.8971E-05,2.371375e-06,1.58907,0.774389,1.8971E-05
a_nx8_typ_-40c_rbopen_st1,A,extraction,typ,hbt_typ,-40,8,1,open,1e12,2.52982E-05,3.162275e-06,1.5921,0.780251,2.52982E-05
a_nx8_typ_-40c_rbopen_st1,A,extraction,typ,hbt_typ,-40,8,1,open,1e12,3.37357E-05,4.216963e-06,1.59523,0.786116,3.37357E-05
a_nx8_typ_-40c_rbopen_st1,A,extraction,typ,hbt_typ,-40,8,1,open,1e12,4.49873E-05,5.623413e-06,1.59848,0.791988,4.49873E-05
a_nx8_typ_-40c_rbopen_st1,A,extraction,typ,hbt_typ,-40,8,1,open,1e12,5.99915E-05,7.498938e-06,1.60187,0.797867,5.99915E-05
a_nx8_typ_-40c_rbopen_st1,A,extraction,typ,hbt_typ,-40,8,1,open,1e12,8E-05,1.000000e-05,1.60542,0.803756,8E-05
a_nx8_typ_-40c_rbopen_st1,A,extraction,typ,hbt_typ,-40,8,1,open,1e12,0.000106682,1.333525e-05,1.60918,0.809659,0.000106682
a_nx8_typ_-40c_rbopen_st1,A,extraction,typ,hbt_typ,-40,8,1,open,1e12,0.000142262,1.778275e-05,1.61319,0.815581,0.000142262
a_nx8_typ_-40c_rbopen_st1,A,extraction,typ,hbt_typ,-40,8,1,open,1e12,0.00018971,2.371375e-05,1.61752,0.821531,0.00018971
a_nx8_typ_-40c_rbopen_st1,A,extraction,typ,hbt_typ,-40,8,1,open,1e12,0.000252982,3.162275e-05,1.62229,0.827516,0.000252982
a_nx8_typ_-40c_rbopen_st1,A,extraction,typ,hbt_typ,-40,8,1,open,1e12,0.000337357,4.216962e-05,1.62761,0.83355,0.000337357
a_nx8_typ_-40c_rbopen_st1,A,extraction,typ,hbt_typ,-40,8,1,open,1e12,0.000449873,5.623412e-05,1.63365,0.839651,0.000449873
a_nx8_typ_-40c_rbopen_st1,A,extraction,typ,hbt_typ,-40,8,1,open,1e12,0.000599915,7.498938e-05,1.64067,0.845842,0.000599915
a_nx8_typ_-40c_rbopen_st1,A,extraction,typ,hbt_typ,-40,8,1,open,1e12,0.0008,1.000000e-04,1.64896,0.852155,0.0008
a_nx8_typ_-40c_rbopen_st1,A,extraction,typ,hbt_typ,-40,8,1,open,1e12,0.00106682,1.333525e-04,1.65894,0.858631,0.00106682
a_nx8_typ_-40c_rbopen_st1,A,extraction,typ,hbt_typ,-40,8,1,open,1e12,0.00142262,1.778275e-04,1.67114,0.865325,0.00142262
a_nx8_typ_-40c_rbopen_st1,A,extraction,typ,hbt_typ,-40,8,1,open,1e12,0.0018971,2.371375e-04,1.68629,0.872305,0.0018971
a_nx8_typ_-40c_rbopen_st1,A,extraction,typ,hbt_typ,-40,8,1,open,1e12,0.00252982,3.162275e-04,1.70532,0.87966,0.00252982
a_nx8_typ_-40c_rbopen_st1,A,extraction,typ,hbt_typ,-40,8,1,open,1e12,0.00337357,4.216963e-04,1.72944,0.887495,0.00337357
a_nx8_typ_-40c_rbopen_st1,A,extraction,typ,hbt_typ,-40,8,1,open,1e12,0.00449873,5.623413e-04,1.7602,0.895935,0.00449873
a_nx8_typ_-40c_rbopen_st1,A,extraction,typ,hbt_typ,-40,8,1,open,1e12,0.00599915,7.498937e-04,1.79958,0.905111,0.00599915
a_nx8_typ_-40c_rbopen_st1,A,extraction,typ,hbt_typ,-40,8,1,open,1e12,0.008,1.000000e-03,1.85002,0.91514,0.008
a_nx8_typ_-40c_rbopen_st1,A,extraction,typ,hbt_typ,-40,8,1,open,1e12,0.0106682,1.333525e-03,1.91447,0.926084,0.0106682
a_nx8_typ_-40c_rbopen_st1,A,extraction,typ,hbt_typ,-40,8,1,open,1e12,0.0142262,1.778275e-03,1.99626,0.93786,0.0142262
a_nx8_typ_-40c_rbopen_st1,A,extraction,typ,hbt_typ,-40,8,1,open,1e12,0.018971,2.371375e-03,2.09881,0.950112,0.018971
a_nx8_typ_-40c_rbopen_st1,A,extraction,typ,hbt_typ,-40,8,1,open,1e12,0.0252982,3.162275e-03,2.2247,0.961989,0.0252982
a_nx8_typ_-40c_rbopen_st0,A,extraction,typ,hbt_typ,-40,8,0,open,1e12,8E-10,1.000000e-10,1.6341,0.56944,7.98366E-10
a_nx8_typ_-40c_rbopen_st0,A,extraction,typ,hbt_typ,-40,8,0,open,1e12,1.06682E-09,1.333525e-10,1.63071,0.575316,1.06519E-09
a_nx8_typ_-40c_rbopen_st0,A,extraction,typ,hbt_typ,-40,8,0,open,1e12,1.42262E-09,1.778275e-10,1.62565,0.581188,1.42099E-09
a_nx8_typ_-40c_rbopen_st0,A,extraction,typ,hbt_typ,-40,8,0,open,1e12,1.8971E-09,2.371375e-10,1.61953,0.587055,1.89548E-09
a_nx8_typ_-40c_rbopen_st0,A,extraction,typ,hbt_typ,-40,8,0,open,1e12,2.52982E-09,3.162275e-10,1.61283,0.59292,2.52821E-09
a_nx8_typ_-40c_rbopen_st0,A,extraction,typ,hbt_typ,-40,8,0,open,1e12,3.37357E-09,4.216962e-10,1.60596,0.59878,3.37196E-09
a_nx8_typ_-40c_rbopen_st0,A,extraction,typ,hbt_typ,-40,8,0,open,1e12,4.49873E-09,5.623413e-10,1.59918,0.60464,4.49713E-09
a_nx8_typ_-40c_rbopen_st0,A,extraction,typ,hbt_typ,-40,8,0,open,1e12,5.99915E-09,7.498938e-10,1.59271,0.610497,5.99756E-09
a_nx8_typ_-40c_rbopen_st0,A,extraction,typ,hbt_typ,-40,8,0,open,1e12,8E-09,1.000000e-09,1.58669,0.616354,7.99841E-09
a_nx8_typ_-40c_rbopen_st0,A,extraction,typ,hbt_typ,-40,8,0,open,1e12,1.06682E-08,1.333525e-09,1.58122,0.622209,1.06666E-08
a_nx8_typ_-40c_rbopen_st0,A,extraction,typ,hbt_typ,-40,8,0,open,1e12,1.42262E-08,1.778275e-09,1.57635,0.628064,1.42246E-08
a_nx8_typ_-40c_rbopen_st0,A,extraction,typ,hbt_typ,-40,8,0,open,1e12,1.8971E-08,2.371375e-09,1.57211,0.633918,1.89694E-08
a_nx8_typ_-40c_rbopen_st0,A,extraction,typ,hbt_typ,-40,8,0,open,1e12,2.52982E-08,3.162275e-09,1.5685,0.639778,2.52966E-08
a_nx8_typ_-40c_rbopen_st0,A,extraction,typ,hbt_typ,-40,8,0,open,1e12,3.37357E-08,4.216963e-09,1.56549,0.645624,3.37341E-08
a_nx8_typ_-40c_rbopen_st0,A,extraction,typ,hbt_typ,-40,8,0,open,1e12,4.49873E-08,5.623413e-09,1.56307,0.651477,4.49857E-08
a_nx8_typ_-40c_rbopen_st0,A,extraction,typ,hbt_typ,-40,8,0,open,1e12,5.99915E-08,7.498937e-09,1.56121,0.65733,5.99899E-08
a_nx8_typ_-40c_rbopen_st0,A,extraction,typ,hbt_typ,-40,8,0,open,1e12,8E-08,1.000000e-08,1.55986,0.663182,7.99984E-08
a_nx8_typ_-40c_rbopen_st0,A,extraction,typ,hbt_typ,-40,8,0,open,1e12,1.06682E-07,1.333525e-08,1.55899,0.669034,1.0668E-07
a_nx8_typ_-40c_rbopen_st0,A,extraction,typ,hbt_typ,-40,8,0,open,1e12,1.42262E-07,1.778275e-08,1.55855,0.674886,1.4226E-07
a_nx8_typ_-40c_rbopen_st0,A,extraction,typ,hbt_typ,-40,8,0,open,1e12,1.8971E-07,2.371375e-08,1.55851,0.680738,1.89708E-07
a_nx8_typ_-40c_rbopen_st0,A,extraction,typ,hbt_typ,-40,8,0,open,1e12,2.52982E-07,3.162275e-08,1.55883,0.68659,2.5298E-07
a_nx8_typ_-40c_rbopen_st0,A,extraction,typ,hbt_typ,-40,8,0,open,1e12,3.37357E-07,4.216963e-08,1.55948,0.692443,3.37355E-07
a_nx8_typ_-40c_rbopen_st0,A,extraction,typ,hbt_typ,-40,8,0,open,1e12,4.49873E-07,5.623413e-08,1.56042,0.698295,4.49871E-07
a_nx8_typ_-40c_rbopen_st0,A,extraction,typ,hbt_typ,-40,8,0,open,1e12,5.99915E-07,7.498937e-08,1.56162,0.704147,5.99913E-07
a_nx8_typ_-40c_rbopen_st0,A,extraction,typ,hbt_typ,-40,8,0,open,1e12,8E-07,1.000000e-07,1.56305,0.71,7.99998E-07
a_nx8_typ_-40c_rbopen_st0,A,extraction,typ,hbt_typ,-40,8,0,open,1e12,1.06682E-06,1.333525e-07,1.5647,0.715853,1.06682E-06
a_nx8_typ_-40c_rbopen_st0,A,extraction,typ,hbt_typ,-40,8,0,open,1e12,1.42262E-06,1.778275e-07,1.56654,0.721706,1.42262E-06
a_nx8_typ_-40c_rbopen_st0,A,extraction,typ,hbt_typ,-40,8,0,open,1e12,1.8971E-06,2.371375e-07,1.56854,0.72756,1.8971E-06
a_nx8_typ_-40c_rbopen_st0,A,extraction,typ,hbt_typ,-40,8,0,open,1e12,2.52982E-06,3.162275e-07,1.5707,0.733414,2.52982E-06
a_nx8_typ_-40c_rbopen_st0,A,extraction,typ,hbt_typ,-40,8,0,open,1e12,3.37357E-06,4.216963e-07,1.57299,0.73927,3.37357E-06
a_nx8_typ_-40c_rbopen_st0,A,extraction,typ,hbt_typ,-40,8,0,open,1e12,4.49873E-06,5.623413e-07,1.57541,0.745127,4.49873E-06
a_nx8_typ_-40c_rbopen_st0,A,extraction,typ,hbt_typ,-40,8,0,open,1e12,5.99915E-06,7.498937e-07,1.57795,0.750986,5.99915E-06
a_nx8_typ_-40c_rbopen_st0,A,extraction,typ,hbt_typ,-40,8,0,open,1e12,8E-06,1.000000e-06,1.58059,0.756848,8E-06
a_nx8_typ_-40c_rbopen_st0,A,extraction,typ,hbt_typ,-40,8,0,open,1e12,1.06682E-05,1.333525e-06,1.58333,0.762713,1.06682E-05
a_nx8_typ_-40c_rbopen_st0,A,extraction,typ,hbt_typ,-40,8,0,open,1e12,1.42262E-05,1.778275e-06,1.58616,0.768582,1.42262E-05
a_nx8_typ_-40c_rbopen_st0,A,extraction,typ,hbt_typ,-40,8,0,open,1e12,1.8971E-05,2.371375e-06,1.5891,0.774457,1.8971E-05
a_nx8_typ_-40c_rbopen_st0,A,extraction,typ,hbt_typ,-40,8,0,open,1e12,2.52982E-05,3.162275e-06,1.59213,0.78034,2.52982E-05
a_nx8_typ_-40c_rbopen_st0,A,extraction,typ,hbt_typ,-40,8,0,open,1e12,3.37357E-05,4.216963e-06,1.59527,0.786233,3.37357E-05
a_nx8_typ_-40c_rbopen_st0,A,extraction,typ,hbt_typ,-40,8,0,open,1e12,4.49873E-05,5.623413e-06,1.59853,0.792141,4.49873E-05
a_nx8_typ_-40c_rbopen_st0,A,extraction,typ,hbt_typ,-40,8,0,open,1e12,5.99915E-05,7.498938e-06,1.60192,0.798067,5.99915E-05
a_nx8_typ_-40c_rbopen_st0,A,extraction,typ,hbt_typ,-40,8,0,open,1e12,8E-05,1.000000e-05,1.60548,0.804017,8E-05
a_nx8_typ_-40c_rbopen_st0,A,extraction,typ,hbt_typ,-40,8,0,open,1e12,0.000106682,1.333525e-05,1.60925,0.810001,0.000106682
a_nx8_typ_-40c_rbopen_st0,A,extraction,typ,hbt_typ,-40,8,0,open,1e12,0.000142262,1.778275e-05,1.61327,0.816028,0.000142262
a_nx8_typ_-40c_rbopen_st0,A,extraction,typ,hbt_typ,-40,8,0,open,1e12,0.00018971,2.371375e-05,1.61761,0.822113,0.00018971
a_nx8_typ_-40c_rbopen_st0,A,extraction,typ,hbt_typ,-40,8,0,open,1e12,0.000252982,3.162275e-05,1.62238,0.828277,0.000252982
a_nx8_typ_-40c_rbopen_st0,A,extraction,typ,hbt_typ,-40,8,0,open,1e12,0.000337357,4.216962e-05,1.6277,0.834543,0.000337357
a_nx8_typ_-40c_rbopen_st0,A,extraction,typ,hbt_typ,-40,8,0,open,1e12,0.000449873,5.623412e-05,1.63374,0.840948,0.000449873
a_nx8_typ_-40c_rbopen_st0,A,extraction,typ,hbt_typ,-40,8,0,open,1e12,0.000599915,7.498938e-05,1.64073,0.847536,0.000599915
a_nx8_typ_-40c_rbopen_st0,A,extraction,typ,hbt_typ,-40,8,0,open,1e12,0.0008,1.000000e-04,1.64897,0.854367,0.0008
a_nx8_typ_-40c_rbopen_st0,A,extraction,typ,hbt_typ,-40,8,0,open,1e12,0.00106682,1.333525e-04,1.65887,0.861522,0.00106682
a_nx8_typ_-40c_rbopen_st0,A,extraction,typ,hbt_typ,-40,8,0,open,1e12,0.00142262,1.778275e-04,1.67093,0.869106,0.00142262
a_nx8_typ_-40c_rbopen_st0,A,extraction,typ,hbt_typ,-40,8,0,open,1e12,0.0018971,2.371375e-04,1.68587,0.877259,0.0018971
a_nx8_typ_-40c_rbopen_st0,A,extraction,typ,hbt_typ,-40,8,0,open,1e12,0.00252982,3.162275e-04,1.70459,0.886166,0.00252982
a_nx8_typ_-40c_rbopen_st0,A,extraction,typ,hbt_typ,-40,8,0,open,1e12,0.00337357,4.216963e-04,1.72827,0.896069,0.00337357
a_nx8_typ_-40c_rbopen_st0,A,extraction,typ,hbt_typ,-40,8,0,open,1e12,0.00449873,5.623413e-04,1.75844,0.907285,0.00449873
a_nx8_typ_-40c_rbopen_st0,A,extraction,typ,hbt_typ,-40,8,0,open,1e12,0.00599915,7.498937e-04,1.7971,0.920228,0.00599915
a_nx8_typ_-40c_rbopen_st0,A,extraction,typ,hbt_typ,-40,8,0,open,1e12,0.008,1.000000e-03,1.84684,0.935441,0.008
a_nx8_typ_-40c_rbopen_st0,A,extraction,typ,hbt_typ,-40,8,0,open,1e12,0.0106682,1.333525e-03,1.91101,0.953628,0.0106682
a_nx8_typ_-40c_rbopen_st0,A,extraction,typ,hbt_typ,-40,8,0,open,1e12,0.0142262,1.778275e-03,1.99405,0.975709,0.0142262
a_nx8_typ_-40c_rbopen_st0,A,extraction,typ,hbt_typ,-40,8,0,open,1e12,0.018971,2.371375e-03,2.10197,1.00289,0.018971
a_nx8_typ_-40c_rbopen_st0,A,extraction,typ,hbt_typ,-40,8,0,open,1e12,0.0252982,3.162275e-03,2.24333,1.03676,0.0252982
a_nx1_typ_27c_rbopen_st1,A,extraction,typ,hbt_typ,27,1,1,open,1e12,1E-10,1.000000e-10,1.26574,0.420696,9.87323E-11
a_nx1_typ_27c_rbopen_st1,A,extraction,typ,hbt_typ,27,1,1,open,1e12,1.33352E-10,1.333520e-10,1.31048,0.428478,1.3204E-10
a_nx1_typ_27c_rbopen_st1,A,extraction,typ,hbt_typ,27,1,1,open,1e12,1.77828E-10,1.778280e-10,1.35144,0.436223,1.76475E-10
a_nx1_typ_27c_rbopen_st1,A,extraction,typ,hbt_typ,27,1,1,open,1e12,2.37137E-10,2.371370e-10,1.3869,0.44394,2.35748E-10
a_nx1_typ_27c_rbopen_st1,A,extraction,typ,hbt_typ,27,1,1,open,1e12,3.16228E-10,3.162280e-10,1.41607,0.451635,3.1481E-10
a_nx1_typ_27c_rbopen_st1,A,extraction,typ,hbt_typ,27,1,1,open,1e12,4.21697E-10,4.216970e-10,1.43904,0.459313,4.20256E-10
a_nx1_typ_27c_rbopen_st1,A,extraction,typ,hbt_typ,27,1,1,open,1e12,5.62341E-10,5.623410e-10,1.45648,0.466977,5.60883E-10
a_nx1_typ_27c_rbopen_st1,A,extraction,typ,hbt_typ,27,1,1,open,1e12,7.49894E-10,7.498940e-10,1.46936,0.474631,7.48423E-10
a_nx1_typ_27c_rbopen_st1,A,extraction,typ,hbt_typ,27,1,1,open,1e12,1E-09,1.000000e-09,1.47866,0.482278,9.98519E-10
a_nx1_typ_27c_rbopen_st1,A,extraction,typ,hbt_typ,27,1,1,open,1e12,1.33352E-09,1.333520e-09,1.48528,0.489918,1.33203E-09
a_nx1_typ_27c_rbopen_st1,A,extraction,typ,hbt_typ,27,1,1,open,1e12,1.77828E-09,1.778280e-09,1.48996,0.497553,1.77679E-09
a_nx1_typ_27c_rbopen_st1,A,extraction,typ,hbt_typ,27,1,1,open,1e12,2.37137E-09,2.371370e-09,1.49332,0.505184,2.36987E-09
a_nx1_typ_27c_rbopen_st1,A,extraction,typ,hbt_typ,27,1,1,open,1e12,3.16228E-09,3.162280e-09,1.49582,0.512813,3.16078E-09
a_nx1_typ_27c_rbopen_st1,A,extraction,typ,hbt_typ,27,1,1,open,1e12,4.21697E-09,4.216970e-09,1.49782,0.520439,4.21547E-09
a_nx1_typ_27c_rbopen_st1,A,extraction,typ,hbt_typ,27,1,1,open,1e12,5.62341E-09,5.623410e-09,1.49957,0.528063,5.62191E-09
a_nx1_typ_27c_rbopen_st1,A,extraction,typ,hbt_typ,27,1,1,open,1e12,7.49894E-09,7.498940e-09,1.50127,0.535686,7.49744E-09
a_nx1_typ_27c_rbopen_st1,A,extraction,typ,hbt_typ,27,1,1,open,1e12,1E-08,1.000000e-08,1.50304,0.543308,9.99849E-09
a_nx1_typ_27c_rbopen_st1,A,extraction,typ,hbt_typ,27,1,1,open,1e12,1.33352E-08,1.333520e-08,1.50497,0.55093,1.33337E-08
a_nx1_typ_27c_rbopen_st1,A,extraction,typ,hbt_typ,27,1,1,open,1e12,1.77828E-08,1.778280e-08,1.50711,0.55855,1.77813E-08
a_nx1_typ_27c_rbopen_st1,A,extraction,typ,hbt_typ,27,1,1,open,1e12,2.37137E-08,2.371370e-08,1.5095,0.56617,2.37122E-08
a_nx1_typ_27c_rbopen_st1,A,extraction,typ,hbt_typ,27,1,1,open,1e12,3.16228E-08,3.162280e-08,1.51215,0.57379,3.16213E-08
a_nx1_typ_27c_rbopen_st1,A,extraction,typ,hbt_typ,27,1,1,open,1e12,4.21697E-08,4.216970e-08,1.51505,0.58141,4.21682E-08
a_nx1_typ_27c_rbopen_st1,A,extraction,typ,hbt_typ,27,1,1,open,1e12,5.62341E-08,5.623410e-08,1.5182,0.589029,5.62326E-08
a_nx1_typ_27c_rbopen_st1,A,extraction,typ,hbt_typ,27,1,1,open,1e12,7.49894E-08,7.498940e-08,1.52159,0.596648,7.49879E-08
a_nx1_typ_27c_rbopen_st1,A,extraction,typ,hbt_typ,27,1,1,open,1e12,1E-07,1.000000e-07,1.5252,0.604267,9.99985E-08
a_nx1_typ_27c_rbopen_st1,A,extraction,typ,hbt_typ,27,1,1,open,1e12,1.33352E-07,1.333520e-07,1.52902,0.611886,1.3335E-07
a_nx1_typ_27c_rbopen_st1,A,extraction,typ,hbt_typ,27,1,1,open,1e12,1.77828E-07,1.778280e-07,1.53303,0.619505,1.77826E-07
a_nx1_typ_27c_rbopen_st1,A,extraction,typ,hbt_typ,27,1,1,open,1e12,2.37137E-07,2.371370e-07,1.53721,0.627125,2.37135E-07
a_nx1_typ_27c_rbopen_st1,A,extraction,typ,hbt_typ,27,1,1,open,1e12,3.16228E-07,3.162280e-07,1.54156,0.634744,3.16226E-07
a_nx1_typ_27c_rbopen_st1,A,extraction,typ,hbt_typ,27,1,1,open,1e12,4.21697E-07,4.216970e-07,1.54604,0.642364,4.21695E-07
a_nx1_typ_27c_rbopen_st1,A,extraction,typ,hbt_typ,27,1,1,open,1e12,5.62341E-07,5.623410e-07,1.55066,0.649985,5.62339E-07
a_nx1_typ_27c_rbopen_st1,A,extraction,typ,hbt_typ,27,1,1,open,1e12,7.49894E-07,7.498940e-07,1.55539,0.657606,7.49892E-07
a_nx1_typ_27c_rbopen_st1,A,extraction,typ,hbt_typ,27,1,1,open,1e12,1E-06,1.000000e-06,1.56024,0.665228,9.99998E-07
a_nx1_typ_27c_rbopen_st1,A,extraction,typ,hbt_typ,27,1,1,open,1e12,1.33352E-06,1.333520e-06,1.5652,0.672852,1.33352E-06
a_nx1_typ_27c_rbopen_st1,A,extraction,typ,hbt_typ,27,1,1,open,1e12,1.77828E-06,1.778280e-06,1.57025,0.680478,1.77828E-06
a_nx1_typ_27c_rbopen_st1,A,extraction,typ,hbt_typ,27,1,1,open,1e12,2.37137E-06,2.371370e-06,1.57541,0.688106,2.37137E-06
a_nx1_typ_27c_rbopen_st1,A,extraction,typ,hbt_typ,27,1,1,open,1e12,3.16228E-06,3.162280e-06,1.58067,0.695738,3.16228E-06
a_nx1_typ_27c_rbopen_st1,A,extraction,typ,hbt_typ,27,1,1,open,1e12,4.21697E-06,4.216970e-06,1.58603,0.703375,4.21697E-06
a_nx1_typ_27c_rbopen_st1,A,extraction,typ,hbt_typ,27,1,1,open,1e12,5.62341E-06,5.623410e-06,1.59152,0.711018,5.62341E-06
a_nx1_typ_27c_rbopen_st1,A,extraction,typ,hbt_typ,27,1,1,open,1e12,7.49894E-06,7.498940e-06,1.59715,0.71867,7.49894E-06
a_nx1_typ_27c_rbopen_st1,A,extraction,typ,hbt_typ,27,1,1,open,1e12,1E-05,1.000000e-05,1.60295,0.726335,1E-05
a_nx1_typ_27c_rbopen_st1,A,extraction,typ,hbt_typ,27,1,1,open,1e12,1.33352E-05,1.333520e-05,1.60895,0.734016,1.33352E-05
a_nx1_typ_27c_rbopen_st1,A,extraction,typ,hbt_typ,27,1,1,open,1e12,1.77828E-05,1.778280e-05,1.61521,0.74172,1.77828E-05
a_nx1_typ_27c_rbopen_st1,A,extraction,typ,hbt_typ,27,1,1,open,1e12,2.37137E-05,2.371370e-05,1.6218,0.749453,2.37137E-05
a_nx1_typ_27c_rbopen_st1,A,extraction,typ,hbt_typ,27,1,1,open,1e12,3.16228E-05,3.162280e-05,1.62881,0.757228,3.16228E-05
a_nx1_typ_27c_rbopen_st1,A,extraction,typ,hbt_typ,27,1,1,open,1e12,4.21697E-05,4.216970e-05,1.63639,0.765059,4.21697E-05
a_nx1_typ_27c_rbopen_st1,A,extraction,typ,hbt_typ,27,1,1,open,1e12,5.62341E-05,5.623410e-05,1.64469,0.772964,5.62341E-05
a_nx1_typ_27c_rbopen_st1,A,extraction,typ,hbt_typ,27,1,1,open,1e12,7.49894E-05,7.498940e-05,1.65397,0.780971,7.49894E-05
a_nx1_typ_27c_rbopen_st1,A,extraction,typ,hbt_typ,27,1,1,open,1e12,0.0001,1.000000e-04,1.66453,0.789112,0.0001
a_nx1_typ_27c_rbopen_st1,A,extraction,typ,hbt_typ,27,1,1,open,1e12,0.000133352,1.333520e-04,1.67678,0.797434,0.000133352
a_nx1_typ_27c_rbopen_st1,A,extraction,typ,hbt_typ,27,1,1,open,1e12,0.000177828,1.778280e-04,1.69126,0.805997,0.000177828
a_nx1_typ_27c_rbopen_st1,A,extraction,typ,hbt_typ,27,1,1,open,1e12,0.000237137,2.371370e-04,1.70871,0.814876,0.000237137
a_nx1_typ_27c_rbopen_st1,A,extraction,typ,hbt_typ,27,1,1,open,1e12,0.000316228,3.162280e-04,1.73004,0.82417,0.000316228
a_nx1_typ_27c_rbopen_st1,A,extraction,typ,hbt_typ,27,1,1,open,1e12,0.000421697,4.216970e-04,1.75649,0.834001,0.000421697
a_nx1_typ_27c_rbopen_st1,A,extraction,typ,hbt_typ,27,1,1,open,1e12,0.000562341,5.623410e-04,1.78963,0.844516,0.000562341
a_nx1_typ_27c_rbopen_st1,A,extraction,typ,hbt_typ,27,1,1,open,1e12,0.000749894,7.498940e-04,1.83148,0.855884,0.000749894
a_nx1_typ_27c_rbopen_st1,A,extraction,typ,hbt_typ,27,1,1,open,1e12,0.001,1.000000e-03,1.88462,0.868287,0.001
a_nx1_typ_27c_rbopen_st1,A,extraction,typ,hbt_typ,27,1,1,open,1e12,0.00133352,1.333520e-03,1.95221,0.881885,0.00133352
a_nx1_typ_27c_rbopen_st1,A,extraction,typ,hbt_typ,27,1,1,open,1e12,0.00177828,1.778280e-03,2.03816,0.896771,0.00177828
a_nx1_typ_27c_rbopen_st1,A,extraction,typ,hbt_typ,27,1,1,open,1e12,0.00237137,2.371370e-03,2.14691,0.912858,0.00237137
a_nx1_typ_27c_rbopen_st1,A,extraction,typ,hbt_typ,27,1,1,open,1e12,0.00316228,3.162280e-03,2.28317,0.929702,0.00316228
a_nx1_typ_27c_rbopen_st0,A,extraction,typ,hbt_typ,27,1,0,open,1e12,1E-10,1.000000e-10,1.26574,0.420696,9.87322E-11
a_nx1_typ_27c_rbopen_st0,A,extraction,typ,hbt_typ,27,1,0,open,1e12,1.33352E-10,1.333520e-10,1.31049,0.428478,1.3204E-10
a_nx1_typ_27c_rbopen_st0,A,extraction,typ,hbt_typ,27,1,0,open,1e12,1.77828E-10,1.778280e-10,1.35144,0.436223,1.76475E-10
a_nx1_typ_27c_rbopen_st0,A,extraction,typ,hbt_typ,27,1,0,open,1e12,2.37137E-10,2.371370e-10,1.3869,0.44394,2.35748E-10
a_nx1_typ_27c_rbopen_st0,A,extraction,typ,hbt_typ,27,1,0,open,1e12,3.16228E-10,3.162280e-10,1.41608,0.451635,3.1481E-10
a_nx1_typ_27c_rbopen_st0,A,extraction,typ,hbt_typ,27,1,0,open,1e12,4.21697E-10,4.216970e-10,1.43904,0.459313,4.20256E-10
a_nx1_typ_27c_rbopen_st0,A,extraction,typ,hbt_typ,27,1,0,open,1e12,5.62341E-10,5.623410e-10,1.45648,0.466977,5.60883E-10
a_nx1_typ_27c_rbopen_st0,A,extraction,typ,hbt_typ,27,1,0,open,1e12,7.49894E-10,7.498940e-10,1.46936,0.474633,7.48423E-10
a_nx1_typ_27c_rbopen_st0,A,extraction,typ,hbt_typ,27,1,0,open,1e12,1E-09,1.000000e-09,1.47866,0.482278,9.98519E-10
a_nx1_typ_27c_rbopen_st0,A,extraction,typ,hbt_typ,27,1,0,open,1e12,1.33352E-09,1.333520e-09,1.48528,0.489918,1.33203E-09
a_nx1_typ_27c_rbopen_st0,A,extraction,typ,hbt_typ,27,1,0,open,1e12,1.77828E-09,1.778280e-09,1.48996,0.497553,1.77679E-09
a_nx1_typ_27c_rbopen_st0,A,extraction,typ,hbt_typ,27,1,0,open,1e12,2.37137E-09,2.371370e-09,1.49332,0.505184,2.36987E-09
a_nx1_typ_27c_rbopen_st0,A,extraction,typ,hbt_typ,27,1,0,open,1e12,3.16228E-09,3.162280e-09,1.49582,0.512813,3.16078E-09
a_nx1_typ_27c_rbopen_st0,A,extraction,typ,hbt_typ,27,1,0,open,1e12,4.21697E-09,4.216970e-09,1.49782,0.520439,4.21547E-09
a_nx1_typ_27c_rbopen_st0,A,extraction,typ,hbt_typ,27,1,0,open,1e12,5.62341E-09,5.623410e-09,1.49957,0.528063,5.62191E-09
a_nx1_typ_27c_rbopen_st0,A,extraction,typ,hbt_typ,27,1,0,open,1e12,7.49894E-09,7.498940e-09,1.50127,0.535687,7.49744E-09
a_nx1_typ_27c_rbopen_st0,A,extraction,typ,hbt_typ,27,1,0,open,1e12,1E-08,1.000000e-08,1.50304,0.543309,9.99849E-09
a_nx1_typ_27c_rbopen_st0,A,extraction,typ,hbt_typ,27,1,0,open,1e12,1.33352E-08,1.333520e-08,1.50497,0.55093,1.33337E-08
a_nx1_typ_27c_rbopen_st0,A,extraction,typ,hbt_typ,27,1,0,open,1e12,1.77828E-08,1.778280e-08,1.50711,0.558551,1.77813E-08
a_nx1_typ_27c_rbopen_st0,A,extraction,typ,hbt_typ,27,1,0,open,1e12,2.37137E-08,2.371370e-08,1.5095,0.566171,2.37122E-08
a_nx1_typ_27c_rbopen_st0,A,extraction,typ,hbt_typ,27,1,0,open,1e12,3.16228E-08,3.162280e-08,1.51215,0.573791,3.16213E-08
a_nx1_typ_27c_rbopen_st0,A,extraction,typ,hbt_typ,27,1,0,open,1e12,4.21697E-08,4.216970e-08,1.51505,0.581411,4.21682E-08
a_nx1_typ_27c_rbopen_st0,A,extraction,typ,hbt_typ,27,1,0,open,1e12,5.62341E-08,5.623410e-08,1.5182,0.589031,5.62326E-08
a_nx1_typ_27c_rbopen_st0,A,extraction,typ,hbt_typ,27,1,0,open,1e12,7.49894E-08,7.498940e-08,1.52159,0.59665,7.49879E-08
a_nx1_typ_27c_rbopen_st0,A,extraction,typ,hbt_typ,27,1,0,open,1e12,1E-07,1.000000e-07,1.52521,0.60427,9.99985E-08
a_nx1_typ_27c_rbopen_st0,A,extraction,typ,hbt_typ,27,1,0,open,1e12,1.33352E-07,1.333520e-07,1.52902,0.61189,1.3335E-07
a_nx1_typ_27c_rbopen_st0,A,extraction,typ,hbt_typ,27,1,0,open,1e12,1.77828E-07,1.778280e-07,1.53304,0.61951,1.77826E-07
a_nx1_typ_27c_rbopen_st0,A,extraction,typ,hbt_typ,27,1,0,open,1e12,2.37137E-07,2.371370e-07,1.53722,0.627131,2.37135E-07
a_nx1_typ_27c_rbopen_st0,A,extraction,typ,hbt_typ,27,1,0,open,1e12,3.16228E-07,3.162280e-07,1.54155,0.634753,3.16226E-07
a_nx1_typ_27c_rbopen_st0,A,extraction,typ,hbt_typ,27,1,0,open,1e12,4.21697E-07,4.216970e-07,1.54605,0.642375,4.21695E-07
a_nx1_typ_27c_rbopen_st0,A,extraction,typ,hbt_typ,27,1,0,open,1e12,5.62341E-07,5.623410e-07,1.55066,0.649999,5.62339E-07
a_nx1_typ_27c_rbopen_st0,A,extraction,typ,hbt_typ,27,1,0,open,1e12,7.49894E-07,7.498940e-07,1.5554,0.657625,7.49892E-07
a_nx1_typ_27c_rbopen_st0,A,extraction,typ,hbt_typ,27,1,0,open,1e12,1E-06,1.000000e-06,1.56025,0.665253,9.99998E-07
a_nx1_typ_27c_rbopen_st0,A,extraction,typ,hbt_typ,27,1,0,open,1e12,1.33352E-06,1.333520e-06,1.56521,0.672885,1.33352E-06
a_nx1_typ_27c_rbopen_st0,A,extraction,typ,hbt_typ,27,1,0,open,1e12,1.77828E-06,1.778280e-06,1.57027,0.680521,1.77828E-06
a_nx1_typ_27c_rbopen_st0,A,extraction,typ,hbt_typ,27,1,0,open,1e12,2.37137E-06,2.371370e-06,1.57543,0.688163,2.37137E-06
a_nx1_typ_27c_rbopen_st0,A,extraction,typ,hbt_typ,27,1,0,open,1e12,3.16228E-06,3.162280e-06,1.5807,0.695812,3.16228E-06
a_nx1_typ_27c_rbopen_st0,A,extraction,typ,hbt_typ,27,1,0,open,1e12,4.21697E-06,4.216970e-06,1.58608,0.703471,4.21697E-06
a_nx1_typ_27c_rbopen_st0,A,extraction,typ,hbt_typ,27,1,0,open,1e12,5.62341E-06,5.623410e-06,1.59158,0.711145,5.62341E-06
a_nx1_typ_27c_rbopen_st0,A,extraction,typ,hbt_typ,27,1,0,open,1e12,7.49894E-06,7.498940e-06,1.59722,0.718837,7.49894E-06
a_nx1_typ_27c_rbopen_st0,A,extraction,typ,hbt_typ,27,1,0,open,1e12,1E-05,1.000000e-05,1.60304,0.726552,1E-05
a_nx1_typ_27c_rbopen_st0,A,extraction,typ,hbt_typ,27,1,0,open,1e12,1.33352E-05,1.333520e-05,1.60906,0.7343,1.33352E-05
a_nx1_typ_27c_rbopen_st0,A,extraction,typ,hbt_typ,27,1,0,open,1e12,1.77828E-05,1.778280e-05,1.61534,0.742092,1.77828E-05
a_nx1_typ_27c_rbopen_st0,A,extraction,typ,hbt_typ,27,1,0,open,1e12,2.37137E-05,2.371370e-05,1.62197,0.74994,2.37137E-05
a_nx1_typ_27c_rbopen_st0,A,extraction,typ,hbt_typ,27,1,0,open,1e12,3.16228E-05,3.162280e-05,1.62902,0.757865,3.16228E-05
a_nx1_typ_27c_rbopen_st0,A,extraction,typ,hbt_typ,27,1,0,open,1e12,4.21697E-05,4.216970e-05,1.63664,0.765891,4.21697E-05
a_nx1_typ_27c_rbopen_st0,A,extraction,typ,hbt_typ,27,1,0,open,1e12,5.62341E-05,5.623410e-05,1.645,0.774051,5.62341E-05
a_nx1_typ_27c_rbopen_st0,A,extraction,typ,hbt_typ,27,1,0,open,1e12,7.49894E-05,7.498940e-05,1.65434,0.782391,7.49894E-05
a_nx1_typ_27c_rbopen_st0,A,extraction,typ,hbt_typ,27,1,0,open,1e12,0.0001,1.000000e-04,1.66495,0.790968,0.0001
a_nx1_typ_27c_rbopen_st0,A,extraction,typ,hbt_typ,27,1,0,open,1e12,0.000133352,1.333520e-04,1.67726,0.799862,0.000133352
a_nx1_typ_27c_rbopen_st0,A,extraction,typ,hbt_typ,27,1,0,open,1e12,0.000177828,1.778280e-04,1.69181,0.809172,0.000177828
a_nx1_typ_27c_rbopen_st0,A,extraction,typ,hbt_typ,27,1,0,open,1e12,0.000237137,2.371370e-04,1.70929,0.819036,0.000237137
a_nx1_typ_27c_rbopen_st0,A,extraction,typ,hbt_typ,27,1,0,open,1e12,0.000316228,3.162280e-04,1.73064,0.829629,0.000316228
a_nx1_typ_27c_rbopen_st0,A,extraction,typ,hbt_typ,27,1,0,open,1e12,0.000421697,4.216970e-04,1.75707,0.841182,0.000421697
a_nx1_typ_27c_rbopen_st0,A,extraction,typ,hbt_typ,27,1,0,open,1e12,0.000562341,5.623410e-04,1.79014,0.853996,0.000562341
a_nx1_typ_27c_rbopen_st0,A,extraction,typ,hbt_typ,27,1,0,open,1e12,0.000749894,7.498940e-04,1.83186,0.868462,0.000749894
a_nx1_typ_27c_rbopen_st0,A,extraction,typ,hbt_typ,27,1,0,open,1e12,0.001,1.000000e-03,1.88483,0.885083,0.001
a_nx1_typ_27c_rbopen_st0,A,extraction,typ,hbt_typ,27,1,0,open,1e12,0.00133352,1.333520e-03,1.95242,0.904511,0.00133352
a_nx1_typ_27c_rbopen_st0,A,extraction,typ,hbt_typ,27,1,0,open,1e12,0.00177828,1.778280e-03,2.03895,0.927589,0.00177828
a_nx1_typ_27c_rbopen_st0,A,extraction,typ,hbt_typ,27,1,0,open,1e12,0.00237137,2.371370e-03,2.15013,0.955411,0.00237137
a_nx1_typ_27c_rbopen_st0,A,extraction,typ,hbt_typ,27,1,0,open,1e12,0.00316228,3.162280e-03,2.29364,0.989406,0.00316228
a_nx8_typ_27c_rbopen_st1,A,extraction,typ,hbt_typ,27,8,1,open,1e12,8E-10,1.000000e-10,1.54044,0.42125,7.98446E-10
a_nx8_typ_27c_rbopen_st1,A,extraction,typ,hbt_typ,27,8,1,open,1e12,1.06682E-09,1.333525e-10,1.54106,0.428903,1.06527E-09
a_nx8_typ_27c_rbopen_st1,A,extraction,typ,hbt_typ,27,8,1,open,1e12,1.42262E-09,1.778275e-10,1.53947,0.436548,1.42107E-09
a_nx8_typ_27c_rbopen_st1,A,extraction,typ,hbt_typ,27,8,1,open,1e12,1.8971E-09,2.371375e-10,1.53645,0.444189,1.89555E-09
a_nx8_typ_27c_rbopen_st1,A,extraction,typ,hbt_typ,27,8,1,open,1e12,2.52982E-09,3.162275e-10,1.53258,0.451825,2.52827E-09
a_nx8_typ_27c_rbopen_st1,A,extraction,typ,hbt_typ,27,8,1,open,1e12,3.37357E-09,4.216962e-10,1.52831,0.459457,3.37203E-09
a_nx8_typ_27c_rbopen_st1,A,extraction,typ,hbt_typ,27,8,1,open,1e12,4.49873E-09,5.623413e-10,1.52398,0.467087,4.49719E-09
a_nx8_typ_27c_rbopen_st1,A,extraction,typ,hbt_typ,27,8,1,open,1e12,5.99915E-09,7.498938e-10,1.51984,0.474715,5.99762E-09
a_nx8_typ_27c_rbopen_st1,A,extraction,typ,hbt_typ,27,8,1,open,1e12,8E-09,1.000000e-09,1.51604,0.482341,7.99847E-09
a_nx8_typ_27c_rbopen_st1,A,extraction,typ,hbt_typ,27,8,1,open,1e12,1.06682E-08,1.333525e-09,1.51272,0.489966,1.06667E-08
a_nx8_typ_27c_rbopen_st1,A,extraction,typ,hbt_typ,27,8,1,open,1e12,1.42262E-08,1.778275e-09,1.50994,0.497589,1.42247E-08
a_nx8_typ_27c_rbopen_st1,A,extraction,typ,hbt_typ,27,8,1,open,1e12,1.8971E-08,2.371375e-09,1.50774,0.505212,1.89695E-08
a_nx8_typ_27c_rbopen_st1,A,extraction,typ,hbt_typ,27,8,1,open,1e12,2.52982E-08,3.162275e-09,1.50615,0.512834,2.52967E-08
a_nx8_typ_27c_rbopen_st1,A,extraction,typ,hbt_typ,27,8,1,open,1e12,3.37357E-08,4.216963e-09,1.50514,0.520455,3.37342E-08
a_nx8_typ_27c_rbopen_st1,A,extraction,typ,hbt_typ,27,8,1,open,1e12,4.49873E-08,5.623413e-09,1.50472,0.528075,4.49858E-08
a_nx8_typ_27c_rbopen_st1,A,extraction,typ,hbt_typ,27,8,1,open,1e12,5.99915E-08,7.498937e-09,1.50485,0.535696,5.999E-08
a_nx8_typ_27c_rbopen_st1,A,extraction,typ,hbt_typ,27,8,1,open,1e12,8E-08,1.000000e-08,1.5055,0.543315,7.99985E-08
a_nx8_typ_27c_rbopen_st1,A,extraction,typ,hbt_typ,27,8,1,open,1e12,1.06682E-07,1.333525e-08,1.50663,0.550935,1.0668E-07
a_nx8_typ_27c_rbopen_st1,A,extraction,typ,hbt_typ,27,8,1,open,1e12,1.42262E-07,1.778275e-08,1.50822,0.558554,1.4226E-07
a_nx8_typ_27c_rbopen_st1,A,extraction,typ,hbt_typ,27,8,1,open,1e12,1.8971E-07,2.371375e-08,1.51022,0.566173,1.89708E-07
a_nx8_typ_27c_rbopen_st1,A,extraction,typ,hbt_typ,27,8,1,open,1e12,2.52982E-07,3.162275e-08,1.5126,0.573792,2.5298E-07
a_nx8_typ_27c_rbopen_st1,A,extraction,typ,hbt_typ,27,8,1,open,1e12,3.37357E-07,4.216963e-08,1.51533,0.581411,3.37355E-07
a_nx8_typ_27c_rbopen_st1,A,extraction,typ,hbt_typ,27,8,1,open,1e12,4.49873E-07,5.623413e-08,1.51836,0.58903,4.49871E-07
a_nx8_typ_27c_rbopen_st1,A,extraction,typ,hbt_typ,27,8,1,open,1e12,5.99915E-07,7.498937e-08,1.52167,0.596648,5.99913E-07
a_nx8_typ_27c_rbopen_st1,A,extraction,typ,hbt_typ,27,8,1,open,1e12,8E-07,1.000000e-07,1.52523,0.604267,7.99998E-07
a_nx8_typ_27c_rbopen_st1,A,extraction,typ,hbt_typ,27,8,1,open,1e12,1.06682E-06,1.333525e-07,1.52902,0.611886,1.06682E-06
a_nx8_typ_27c_rbopen_st1,A,extraction,typ,hbt_typ,27,8,1,open,1e12,1.42262E-06,1.778275e-07,1.53301,0.619504,1.42262E-06
a_nx8_typ_27c_rbopen_st1,A,extraction,typ,hbt_typ,27,8,1,open,1e12,1.8971E-06,2.371375e-07,1.53719,0.627123,1.8971E-06
a_nx8_typ_27c_rbopen_st1,A,extraction,typ,hbt_typ,27,8,1,open,1e12,2.52982E-06,3.162275e-07,1.54152,0.634742,2.52982E-06
a_nx8_typ_27c_rbopen_st1,A,extraction,typ,hbt_typ,27,8,1,open,1e12,3.37357E-06,4.216963e-07,1.54601,0.642362,3.37357E-06
a_nx8_typ_27c_rbopen_st1,A,extraction,typ,hbt_typ,27,8,1,open,1e12,4.49873E-06,5.623413e-07,1.55063,0.649981,4.49873E-06
a_nx8_typ_27c_rbopen_st1,A,extraction,typ,hbt_typ,27,8,1,open,1e12,5.99915E-06,7.498937e-07,1.55536,0.657602,5.99915E-06
a_nx8_typ_27c_rbopen_st1,A,extraction,typ,hbt_typ,27,8,1,open,1e12,8E-06,1.000000e-06,1.56022,0.665222,8E-06
a_nx8_typ_27c_rbopen_st1,A,extraction,typ,hbt_typ,27,8,1,open,1e12,1.06682E-05,1.333525e-06,1.56517,0.672844,1.06682E-05
a_nx8_typ_27c_rbopen_st1,A,extraction,typ,hbt_typ,27,8,1,open,1e12,1.42262E-05,1.778275e-06,1.57023,0.680468,1.42262E-05
a_nx8_typ_27c_rbopen_st1,A,extraction,typ,hbt_typ,27,8,1,open,1e12,1.8971E-05,2.371375e-06,1.57539,0.688093,1.8971E-05
a_nx8_typ_27c_rbopen_st1,A,extraction,typ,hbt_typ,27,8,1,open,1e12,2.52982E-05,3.162275e-06,1.58065,0.695721,2.52982E-05
a_nx8_typ_27c_rbopen_st1,A,extraction,typ,hbt_typ,27,8,1,open,1e12,3.37357E-05,4.216963e-06,1.58601,0.703352,3.37357E-05
a_nx8_typ_27c_rbopen_st1,A,extraction,typ,hbt_typ,27,8,1,open,1e12,4.49873E-05,5.623413e-06,1.5915,0.710989,4.49873E-05
a_nx8_typ_27c_rbopen_st1,A,extraction,typ,hbt_typ,27,8,1,open,1e12,5.99915E-05,7.498938e-06,1.59713,0.718632,5.99915E-05
a_nx8_typ_27c_rbopen_st1,A,extraction,typ,hbt_typ,27,8,1,open,1e12,8E-05,1.000000e-05,1.60292,0.726285,8E-05
a_nx8_typ_27c_rbopen_st1,A,extraction,typ,hbt_typ,27,8,1,open,1e12,0.000106682,1.333525e-05,1.60892,0.73395,0.000106682
a_nx8_typ_27c_rbopen_st1,A,extraction,typ,hbt_typ,27,8,1,open,1e12,0.000142262,1.778275e-05,1.61517,0.741633,0.000142262
a_nx8_typ_27c_rbopen_st1,A,extraction,typ,hbt_typ,27,8,1,open,1e12,0.00018971,2.371375e-05,1.62175,0.749341,0.00018971
a_nx8_typ_27c_rbopen_st1,A,extraction,typ,hbt_typ,27,8,1,open,1e12,0.000252982,3.162275e-05,1.62876,0.757081,0.000252982
a_nx8_typ_27c_rbopen_st1,A,extraction,typ,hbt_typ,27,8,1,open,1e12,0.000337357,4.216962e-05,1.63632,0.764867,0.000337357
a_nx8_typ_27c_rbopen_st1,A,extraction,typ,hbt_typ,27,8,1,open,1e12,0.000449873,5.623412e-05,1.64462,0.772713,0.000449873
a_nx8_typ_27c_rbopen_st1,A,extraction,typ,hbt_typ,27,8,1,open,1e12,0.000599915,7.498938e-05,1.65388,0.780642,0.000599915
a_nx8_typ_27c_rbopen_st1,A,extraction,typ,hbt_typ,27,8,1,open,1e12,0.0008,1.000000e-04,1.66442,0.788683,0.0008
a_nx8_typ_27c_rbopen_st1,A,extraction,typ,hbt_typ,27,8,1,open,1e12,0.00106682,1.333525e-04,1.67665,0.796873,0.00106682
a_nx8_typ_27c_rbopen_st1,A,extraction,typ,hbt_typ,27,8,1,open,1e12,0.00142262,1.778275e-04,1.69112,0.805261,0.00142262
a_nx8_typ_27c_rbopen_st1,A,extraction,typ,hbt_typ,27,8,1,open,1e12,0.0018971,2.371375e-04,1.70854,0.813912,0.0018971
a_nx8_typ_27c_rbopen_st1,A,extraction,typ,hbt_typ,27,8,1,open,1e12,0.00252982,3.162275e-04,1.72984,0.822904,0.00252982
a_nx8_typ_27c_rbopen_st1,A,extraction,typ,hbt_typ,27,8,1,open,1e12,0.00337357,4.216963e-04,1.75624,0.832333,0.00337357
a_nx8_typ_27c_rbopen_st1,A,extraction,typ,hbt_typ,27,8,1,open,1e12,0.00449873,5.623413e-04,1.78931,0.842311,0.00449873
a_nx8_typ_27c_rbopen_st1,A,extraction,typ,hbt_typ,27,8,1,open,1e12,0.00599915,7.498937e-04,1.83102,0.852953,0.00599915
a_nx8_typ_27c_rbopen_st1,A,extraction,typ,hbt_typ,27,8,1,open,1e12,0.008,1.000000e-03,1.88388,0.864363,0.008
a_nx8_typ_27c_rbopen_st1,A,extraction,typ,hbt_typ,27,8,1,open,1e12,0.0106682,1.333525e-03,1.95089,0.876587,0.0106682
a_nx8_typ_27c_rbopen_st1,A,extraction,typ,hbt_typ,27,8,1,open,1e12,0.0142262,1.778275e-03,2.0356,0.889552,0.0142262
a_nx8_typ_27c_rbopen_st1,A,extraction,typ,hbt_typ,27,8,1,open,1e12,0.018971,2.371375e-03,2.14179,0.902912,0.018971
a_nx8_typ_27c_rbopen_st1,A,extraction,typ,hbt_typ,27,8,1,open,1e12,0.0252982,3.162275e-03,2.27278,0.915852,0.0252982
a_nx8_typ_27c_rbopen_st0,A,extraction,typ,hbt_typ,27,8,0,open,1e12,8E-10,1.000000e-10,1.54044,0.42125,7.98446E-10
a_nx8_typ_27c_rbopen_st0,A,extraction,typ,hbt_typ,27,8,0,open,1e12,1.06682E-09,1.333525e-10,1.54106,0.428903,1.06527E-09
a_nx8_typ_27c_rbopen_st0,A,extraction,typ,hbt_typ,27,8,0,open,1e12,1.42262E-09,1.778275e-10,1.53947,0.436551,1.42107E-09
a_nx8_typ_27c_rbopen_st0,A,extraction,typ,hbt_typ,27,8,0,open,1e12,1.8971E-09,2.371375e-10,1.53645,0.444189,1.89555E-09
a_nx8_typ_27c_rbopen_st0,A,extraction,typ,hbt_typ,27,8,0,open,1e12,2.52982E-09,3.162275e-10,1.53258,0.451825,2.52827E-09
a_nx8_typ_27c_rbopen_st0,A,extraction,typ,hbt_typ,27,8,0,open,1e12,3.37357E-09,4.216962e-10,1.52831,0.459457,3.37203E-09
a_nx8_typ_27c_rbopen_st0,A,extraction,typ,hbt_typ,27,8,0,open,1e12,4.49873E-09,5.623413e-10,1.52398,0.467088,4.49719E-09
a_nx8_typ_27c_rbopen_st0,A,extraction,typ,hbt_typ,27,8,0,open,1e12,5.99915E-09,7.498938e-10,1.51984,0.474715,5.99762E-09
a_nx8_typ_27c_rbopen_st0,A,extraction,typ,hbt_typ,27,8,0,open,1e12,8E-09,1.000000e-09,1.51604,0.482341,7.99847E-09
a_nx8_typ_27c_rbopen_st0,A,extraction,typ,hbt_typ,27,8,0,open,1e12,1.06682E-08,1.333525e-09,1.51271,0.489968,1.06667E-08
a_nx8_typ_27c_rbopen_st0,A,extraction,typ,hbt_typ,27,8,0,open,1e12,1.42262E-08,1.778275e-09,1.50994,0.497589,1.42247E-08
a_nx8_typ_27c_rbopen_st0,A,extraction,typ,hbt_typ,27,8,0,open,1e12,1.8971E-08,2.371375e-09,1.50774,0.505212,1.89695E-08
a_nx8_typ_27c_rbopen_st0,A,extraction,typ,hbt_typ,27,8,0,open,1e12,2.52982E-08,3.162275e-09,1.50615,0.512834,2.52967E-08
a_nx8_typ_27c_rbopen_st0,A,extraction,typ,hbt_typ,27,8,0,open,1e12,3.37357E-08,4.216963e-09,1.50514,0.520456,3.37342E-08
a_nx8_typ_27c_rbopen_st0,A,extraction,typ,hbt_typ,27,8,0,open,1e12,4.49873E-08,5.623413e-09,1.50472,0.528076,4.49858E-08
a_nx8_typ_27c_rbopen_st0,A,extraction,typ,hbt_typ,27,8,0,open,1e12,5.99915E-08,7.498937e-09,1.50485,0.535696,5.999E-08
a_nx8_typ_27c_rbopen_st0,A,extraction,typ,hbt_typ,27,8,0,open,1e12,8E-08,1.000000e-08,1.50548,0.543318,7.99985E-08
a_nx8_typ_27c_rbopen_st0,A,extraction,typ,hbt_typ,27,8,0,open,1e12,1.06682E-07,1.333525e-08,1.50663,0.550936,1.0668E-07
a_nx8_typ_27c_rbopen_st0,A,extraction,typ,hbt_typ,27,8,0,open,1e12,1.42262E-07,1.778275e-08,1.50822,0.558555,1.4226E-07
a_nx8_typ_27c_rbopen_st0,A,extraction,typ,hbt_typ,27,8,0,open,1e12,1.8971E-07,2.371375e-08,1.51022,0.566174,1.89708E-07
a_nx8_typ_27c_rbopen_st0,A,extraction,typ,hbt_typ,27,8,0,open,1e12,2.52982E-07,3.162275e-08,1.5126,0.573794,2.5298E-07
a_nx8_typ_27c_rbopen_st0,A,extraction,typ,hbt_typ,27,8,0,open,1e12,3.37357E-07,4.216963e-08,1.51533,0.581413,3.37355E-07
a_nx8_typ_27c_rbopen_st0,A,extraction,typ,hbt_typ,27,8,0,open,1e12,4.49873E-07,5.623413e-08,1.51836,0.589032,4.49871E-07
a_nx8_typ_27c_rbopen_st0,A,extraction,typ,hbt_typ,27,8,0,open,1e12,5.99915E-07,7.498937e-08,1.52166,0.596653,5.99913E-07
a_nx8_typ_27c_rbopen_st0,A,extraction,typ,hbt_typ,27,8,0,open,1e12,8E-07,1.000000e-07,1.52523,0.604271,7.99998E-07
a_nx8_typ_27c_rbopen_st0,A,extraction,typ,hbt_typ,27,8,0,open,1e12,1.06682E-06,1.333525e-07,1.52902,0.61189,1.06682E-06
a_nx8_typ_27c_rbopen_st0,A,extraction,typ,hbt_typ,27,8,0,open,1e12,1.42262E-06,1.778275e-07,1.53302,0.61951,1.42262E-06
a_nx8_typ_27c_rbopen_st0,A,extraction,typ,hbt_typ,27,8,0,open,1e12,1.8971E-06,2.371375e-07,1.53719,0.627132,1.8971E-06
a_nx8_typ_27c_rbopen_st0,A,extraction,typ,hbt_typ,27,8,0,open,1e12,2.52982E-06,3.162275e-07,1.54153,0.634753,2.52982E-06
a_nx8_typ_27c_rbopen_st0,A,extraction,typ,hbt_typ,27,8,0,open,1e12,3.37357E-06,4.216963e-07,1.54602,0.642375,3.37357E-06
a_nx8_typ_27c_rbopen_st0,A,extraction,typ,hbt_typ,27,8,0,open,1e12,4.49873E-06,5.623413e-07,1.55063,0.650001,4.49873E-06
a_nx8_typ_27c_rbopen_st0,A,extraction,typ,hbt_typ,27,8,0,open,1e12,5.99915E-06,7.498937e-07,1.55538,0.657625,5.99915E-06
a_nx8_typ_27c_rbopen_st0,A,extraction,typ,hbt_typ,27,8,0,open,1e12,8E-06,1.000000e-06,1.56023,0.665253,8E-06
a_nx8_typ_27c_rbopen_st0,A,extraction,typ,hbt_typ,27,8,0,open,1e12,1.06682E-05,1.333525e-06,1.56519,0.672885,1.06682E-05
a_nx8_typ_27c_rbopen_st0,A,extraction,typ,hbt_typ,27,8,0,open,1e12,1.42262E-05,1.778275e-06,1.57025,0.680521,1.42262E-05
a_nx8_typ_27c_rbopen_st0,A,extraction,typ,hbt_typ,27,8,0,open,1e12,1.8971E-05,2.371375e-06,1.57542,0.688162,1.8971E-05
a_nx8_typ_27c_rbopen_st0,A,extraction,typ,hbt_typ,27,8,0,open,1e12,2.52982E-05,3.162275e-06,1.58069,0.695812,2.52982E-05
a_nx8_typ_27c_rbopen_st0,A,extraction,typ,hbt_typ,27,8,0,open,1e12,3.37357E-05,4.216963e-06,1.58606,0.703473,3.37357E-05
a_nx8_typ_27c_rbopen_st0,A,extraction,typ,hbt_typ,27,8,0,open,1e12,4.49873E-05,5.623413e-06,1.59157,0.711145,4.49873E-05
a_nx8_typ_27c_rbopen_st0,A,extraction,typ,hbt_typ,27,8,0,open,1e12,5.99915E-05,7.498938e-06,1.59722,0.718836,5.99915E-05
a_nx8_typ_27c_rbopen_st0,A,extraction,typ,hbt_typ,27,8,0,open,1e12,8E-05,1.000000e-05,1.60303,0.726552,8E-05
a_nx8_typ_27c_rbopen_st0,A,extraction,typ,hbt_typ,27,8,0,open,1e12,0.000106682,1.333525e-05,1.60906,0.734301,0.000106682
a_nx8_typ_27c_rbopen_st0,A,extraction,typ,hbt_typ,27,8,0,open,1e12,0.000142262,1.778275e-05,1.61534,0.742092,0.000142262
a_nx8_typ_27c_rbopen_st0,A,extraction,typ,hbt_typ,27,8,0,open,1e12,0.00018971,2.371375e-05,1.62197,0.74994,0.00018971
a_nx8_typ_27c_rbopen_st0,A,extraction,typ,hbt_typ,27,8,0,open,1e12,0.000252982,3.162275e-05,1.62901,0.757866,0.000252982
a_nx8_typ_27c_rbopen_st0,A,extraction,typ,hbt_typ,27,8,0,open,1e12,0.000337357,4.216962e-05,1.63664,0.765891,0.000337357
a_nx8_typ_27c_rbopen_st0,A,extraction,typ,hbt_typ,27,8,0,open,1e12,0.000449873,5.623412e-05,1.645,0.774051,0.000449873
a_nx8_typ_27c_rbopen_st0,A,extraction,typ,hbt_typ,27,8,0,open,1e12,0.000599915,7.498938e-05,1.65433,0.782391,0.000599915
a_nx8_typ_27c_rbopen_st0,A,extraction,typ,hbt_typ,27,8,0,open,1e12,0.0008,1.000000e-04,1.66495,0.790969,0.0008
a_nx8_typ_27c_rbopen_st0,A,extraction,typ,hbt_typ,27,8,0,open,1e12,0.00106682,1.333525e-04,1.67726,0.799862,0.00106682
a_nx8_typ_27c_rbopen_st0,A,extraction,typ,hbt_typ,27,8,0,open,1e12,0.00142262,1.778275e-04,1.69181,0.809172,0.00142262
a_nx8_typ_27c_rbopen_st0,A,extraction,typ,hbt_typ,27,8,0,open,1e12,0.0018971,2.371375e-04,1.70929,0.819036,0.0018971
a_nx8_typ_27c_rbopen_st0,A,extraction,typ,hbt_typ,27,8,0,open,1e12,0.00252982,3.162275e-04,1.73064,0.829629,0.00252982
a_nx8_typ_27c_rbopen_st0,A,extraction,typ,hbt_typ,27,8,0,open,1e12,0.00337357,4.216963e-04,1.75707,0.841182,0.00337357
a_nx8_typ_27c_rbopen_st0,A,extraction,typ,hbt_typ,27,8,0,open,1e12,0.00449873,5.623413e-04,1.79014,0.853996,0.00449873
a_nx8_typ_27c_rbopen_st0,A,extraction,typ,hbt_typ,27,8,0,open,1e12,0.00599915,7.498937e-04,1.83185,0.868462,0.00599915
a_nx8_typ_27c_rbopen_st0,A,extraction,typ,hbt_typ,27,8,0,open,1e12,0.008,1.000000e-03,1.88484,0.885083,0.008
a_nx8_typ_27c_rbopen_st0,A,extraction,typ,hbt_typ,27,8,0,open,1e12,0.0106682,1.333525e-03,1.95242,0.904511,0.0106682
a_nx8_typ_27c_rbopen_st0,A,extraction,typ,hbt_typ,27,8,0,open,1e12,0.0142262,1.778275e-03,2.03895,0.927588,0.0142262
a_nx8_typ_27c_rbopen_st0,A,extraction,typ,hbt_typ,27,8,0,open,1e12,0.018971,2.371375e-03,2.15013,0.955411,0.018971
a_nx8_typ_27c_rbopen_st0,A,extraction,typ,hbt_typ,27,8,0,open,1e12,0.0252982,3.162275e-03,2.29363,0.989406,0.0252982
a_nx1_typ_125c_rbopen_st1,A,extraction,typ,hbt_typ,125,1,1,open,1e12,1E-10,1.000000e-10,0.15076,0.127864,1.62654E-11
a_nx1_typ_125c_rbopen_st1,A,extraction,typ,hbt_typ,125,1,1,open,1e12,1.33352E-10,1.333520e-10,0.208635,0.167161,4.8633E-11
a_nx1_typ_125c_rbopen_st1,A,extraction,typ,hbt_typ,125,1,1,open,1e12,1.77828E-10,1.778280e-10,0.25425,0.190391,9.28968E-11
a_nx1_typ_125c_rbopen_st1,A,extraction,typ,hbt_typ,125,1,1,open,1e12,2.37137E-10,2.371370e-10,0.30609,0.208068,1.52102E-10
a_nx1_typ_125c_rbopen_st1,A,extraction,typ,hbt_typ,125,1,1,open,1e12,3.16228E-10,3.162280e-10,0.388806,0.223045,2.31095E-10
a_nx1_typ_125c_rbopen_st1,A,extraction,typ,hbt_typ,125,1,1,open,1e12,4.21697E-10,4.216970e-10,0.575737,0.236458,3.36375E-10
a_nx1_typ_125c_rbopen_st1,A,extraction,typ,hbt_typ,125,1,1,open,1e12,5.62341E-10,5.623410e-10,0.840477,0.248897,4.76754E-10
a_nx1_typ_125c_rbopen_st1,A,extraction,typ,hbt_typ,125,1,1,open,1e12,7.49894E-10,7.498940e-10,1.01401,0.260726,6.64133E-10
a_nx1_typ_125c_rbopen_st1,A,extraction,typ,hbt_typ,125,1,1,open,1e12,1E-09,1.000000e-09,1.11004,0.272134,9.14143E-10
a_nx1_typ_125c_rbopen_st1,A,extraction,typ,hbt_typ,125,1,1,open,1e12,1.33352E-09,1.333520e-09,1.169,0.28324,1.2476E-09
a_nx1_typ_125c_rbopen_st1,A,extraction,typ,hbt_typ,125,1,1,open,1e12,1.77828E-09,1.778280e-09,1.2085,0.294128,1.69232E-09
a_nx1_typ_125c_rbopen_st1,A,extraction,typ,hbt_typ,125,1,1,open,1e12,2.37137E-09,2.371370e-09,1.23663,0.304856,2.28539E-09
a_nx1_typ_125c_rbopen_st1,A,extraction,typ,hbt_typ,125,1,1,open,1e12,3.16228E-09,3.162280e-09,1.25765,0.315468,3.07628E-09
a_nx1_typ_125c_rbopen_st1,A,extraction,typ,hbt_typ,125,1,1,open,1e12,4.21697E-09,4.216970e-09,1.27405,0.325993,4.13095E-09
a_nx1_typ_125c_rbopen_st1,A,extraction,typ,hbt_typ,125,1,1,open,1e12,5.62341E-09,5.623410e-09,1.28737,0.336454,5.53738E-09
a_nx1_typ_125c_rbopen_st1,A,extraction,typ,hbt_typ,125,1,1,open,1e12,7.49894E-09,7.498940e-09,1.29861,0.346867,7.41289E-09
a_nx1_typ_125c_rbopen_st1,A,extraction,typ,hbt_typ,125,1,1,open,1e12,1E-08,1.000000e-08,1.30845,0.357246,9.91394E-09
a_nx1_typ_125c_rbopen_st1,A,extraction,typ,hbt_typ,125,1,1,open,1e12,1.33352E-08,1.333520e-08,1.31737,0.367597,1.32491E-08
a_nx1_typ_125c_rbopen_st1,A,extraction,typ,hbt_typ,125,1,1,open,1e12,1.77828E-08,1.778280e-08,1.32568,0.377929,1.76967E-08
a_nx1_typ_125c_rbopen_st1,A,extraction,typ,hbt_typ,125,1,1,open,1e12,2.37137E-08,2.371370e-08,1.33361,0.388245,2.36276E-08
a_nx1_typ_125c_rbopen_st1,A,extraction,typ,hbt_typ,125,1,1,open,1e12,3.16228E-08,3.162280e-08,1.34134,0.398551,3.15367E-08
a_nx1_typ_125c_rbopen_st1,A,extraction,typ,hbt_typ,125,1,1,open,1e12,4.21697E-08,4.216970e-08,1.34896,0.408848,4.20836E-08
a_nx1_typ_125c_rbopen_st1,A,extraction,typ,hbt_typ,125,1,1,open,1e12,5.62341E-08,5.623410e-08,1.35657,0.419139,5.6148E-08
a_nx1_typ_125c_rbopen_st1,A,extraction,typ,hbt_typ,125,1,1,open,1e12,7.49894E-08,7.498940e-08,1.3642,0.429426,7.49033E-08
a_nx1_typ_125c_rbopen_st1,A,extraction,typ,hbt_typ,125,1,1,open,1e12,1E-07,1.000000e-07,1.37189,0.439708,9.99139E-08
a_nx1_typ_125c_rbopen_st1,A,extraction,typ,hbt_typ,125,1,1,open,1e12,1.33352E-07,1.333520e-07,1.37968,0.449989,1.33266E-07
a_nx1_typ_125c_rbopen_st1,A,extraction,typ,hbt_typ,125,1,1,open,1e12,1.77828E-07,1.778280e-07,1.38755,0.460267,1.77742E-07
a_nx1_typ_125c_rbopen_st1,A,extraction,typ,hbt_typ,125,1,1,open,1e12,2.37137E-07,2.371370e-07,1.39553,0.470544,2.37051E-07
a_nx1_typ_125c_rbopen_st1,A,extraction,typ,hbt_typ,125,1,1,open,1e12,3.16228E-07,3.162280e-07,1.40362,0.480821,3.16142E-07
a_nx1_typ_125c_rbopen_st1,A,extraction,typ,hbt_typ,125,1,1,open,1e12,4.21697E-07,4.216970e-07,1.4118,0.491097,4.21611E-07
a_nx1_typ_125c_rbopen_st1,A,extraction,typ,hbt_typ,125,1,1,open,1e12,5.62341E-07,5.623410e-07,1.42009,0.501373,5.62255E-07
a_nx1_typ_125c_rbopen_st1,A,extraction,typ,hbt_typ,125,1,1,open,1e12,7.49894E-07,7.498940e-07,1.42847,0.511649,7.49808E-07
a_nx1_typ_125c_rbopen_st1,A,extraction,typ,hbt_typ,125,1,1,open,1e12,1E-06,1.000000e-06,1.43695,0.521926,9.99914E-07
a_nx1_typ_125c_rbopen_st1,A,extraction,typ,hbt_typ,125,1,1,open,1e12,1.33352E-06,1.333520e-06,1.44551,0.532204,1.33343E-06
a_nx1_typ_125c_rbopen_st1,A,extraction,typ,hbt_typ,125,1,1,open,1e12,1.77828E-06,1.778280e-06,1.45416,0.542485,1.77819E-06
a_nx1_typ_125c_rbopen_st1,A,extraction,typ,hbt_typ,125,1,1,open,1e12,2.37137E-06,2.371370e-06,1.46291,0.552768,2.37128E-06
a_nx1_typ_125c_rbopen_st1,A,extraction,typ,hbt_typ,125,1,1,open,1e12,3.16228E-06,3.162280e-06,1.47175,0.563054,3.16219E-06
a_nx1_typ_125c_rbopen_st1,A,extraction,typ,hbt_typ,125,1,1,open,1e12,4.21697E-06,4.216970e-06,1.4807,0.573346,4.21688E-06
a_nx1_typ_125c_rbopen_st1,A,extraction,typ,hbt_typ,125,1,1,open,1e12,5.62341E-06,5.623410e-06,1.48976,0.583645,5.62332E-06
a_nx1_typ_125c_rbopen_st1,A,extraction,typ,hbt_typ,125,1,1,open,1e12,7.49894E-06,7.498940e-06,1.49895,0.593952,7.49885E-06
a_nx1_typ_125c_rbopen_st1,A,extraction,typ,hbt_typ,125,1,1,open,1e12,1E-05,1.000000e-05,1.50831,0.604273,9.99991E-06
a_nx1_typ_125c_rbopen_st1,A,extraction,typ,hbt_typ,125,1,1,open,1e12,1.33352E-05,1.333520e-05,1.51787,0.61461,1.33351E-05
a_nx1_typ_125c_rbopen_st1,A,extraction,typ,hbt_typ,125,1,1,open,1e12,1.77828E-05,1.778280e-05,1.52769,0.62497,1.77827E-05
a_nx1_typ_125c_rbopen_st1,A,extraction,typ,hbt_typ,125,1,1,open,1e12,2.37137E-05,2.371370e-05,1.53784,0.635361,2.37136E-05
a_nx1_typ_125c_rbopen_st1,A,extraction,typ,hbt_typ,125,1,1,open,1e12,3.16228E-05,3.162280e-05,1.54841,0.645794,3.16227E-05
a_nx1_typ_125c_rbopen_st1,A,extraction,typ,hbt_typ,125,1,1,open,1e12,4.21697E-05,4.216970e-05,1.55955,0.656283,4.21696E-05
a_nx1_typ_125c_rbopen_st1,A,extraction,typ,hbt_typ,125,1,1,open,1e12,5.62341E-05,5.623410e-05,1.57142,0.666847,5.6234E-05
a_nx1_typ_125c_rbopen_st1,A,extraction,typ,hbt_typ,125,1,1,open,1e12,7.49894E-05,7.498940e-05,1.58426,0.677512,7.49893E-05
a_nx1_typ_125c_rbopen_st1,A,extraction,typ,hbt_typ,125,1,1,open,1e12,0.0001,1.000000e-04,1.5984,0.688312,9.99999E-05
a_nx1_typ_125c_rbopen_st1,A,extraction,typ,hbt_typ,125,1,1,open,1e12,0.000133352,1.333520e-04,1.61423,0.699291,0.000133352
a_nx1_typ_125c_rbopen_st1,A,extraction,typ,hbt_typ,125,1,1,open,1e12,0.000177828,1.778280e-04,1.63232,0.710508,0.000177828
a_nx1_typ_125c_rbopen_st1,A,extraction,typ,hbt_typ,125,1,1,open,1e12,0.000237137,2.371370e-04,1.65339,0.722035,0.000237137
a_nx1_typ_125c_rbopen_st1,A,extraction,typ,hbt_typ,125,1,1,open,1e12,0.000316228,3.162280e-04,1.67838,0.733967,0.000316228
a_nx1_typ_125c_rbopen_st1,A,extraction,typ,hbt_typ,125,1,1,open,1e12,0.000421697,4.216970e-04,1.70853,0.746418,0.000421697
a_nx1_typ_125c_rbopen_st1,A,extraction,typ,hbt_typ,125,1,1,open,1e12,0.000562341,5.623410e-04,1.74544,0.759524,0.000562341
a_nx1_typ_125c_rbopen_st1,A,extraction,typ,hbt_typ,125,1,1,open,1e12,0.000749894,7.498940e-04,1.79118,0.773441,0.000749894
a_nx1_typ_125c_rbopen_st1,A,extraction,typ,hbt_typ,125,1,1,open,1e12,0.001,1.000000e-03,1.84836,0.788325,0.000999999
a_nx1_typ_125c_rbopen_st1,A,extraction,typ,hbt_typ,125,1,1,open,1e12,0.00133352,1.333520e-03,1.9203,0.804314,0.00133352
a_nx1_typ_125c_rbopen_st1,A,extraction,typ,hbt_typ,125,1,1,open,1e12,0.00177828,1.778280e-03,2.01112,0.821468,0.00177828
a_nx1_typ_125c_rbopen_st1,A,extraction,typ,hbt_typ,125,1,1,open,1e12,0.00237137,2.371370e-03,2.12568,0.83967,0.00237136
a_nx1_typ_125c_rbopen_st1,A,extraction,typ,hbt_typ,125,1,1,open,1e12,0.00316228,3.162280e-03,2.26886,0.858473,0.00316224
a_nx1_typ_125c_rbopen_st0,A,extraction,typ,hbt_typ,125,1,0,open,1e12,1E-10,1.000000e-10,0.150727,0.127861,1.62646E-11
a_nx1_typ_125c_rbopen_st0,A,extraction,typ,hbt_typ,125,1,0,open,1e12,1.33352E-10,1.333520e-10,0.208633,0.167161,4.86329E-11
a_nx1_typ_125c_rbopen_st0,A,extraction,typ,hbt_typ,125,1,0,open,1e12,1.77828E-10,1.778280e-10,0.254172,0.19039,9.28967E-11
a_nx1_typ_125c_rbopen_st0,A,extraction,typ,hbt_typ,125,1,0,open,1e12,2.37137E-10,2.371370e-10,0.30601,0.208068,1.52103E-10
a_nx1_typ_125c_rbopen_st0,A,extraction,typ,hbt_typ,125,1,0,open,1e12,3.16228E-10,3.162280e-10,0.388802,0.223045,2.31095E-10
a_nx1_typ_125c_rbopen_st0,A,extraction,typ,hbt_typ,125,1,0,open,1e12,4.21697E-10,4.216970e-10,0.575292,0.236458,3.36375E-10
a_nx1_typ_125c_rbopen_st0,A,extraction,typ,hbt_typ,125,1,0,open,1e12,5.62341E-10,5.623410e-10,0.840477,0.248897,4.76754E-10
a_nx1_typ_125c_rbopen_st0,A,extraction,typ,hbt_typ,125,1,0,open,1e12,7.49894E-10,7.498940e-10,1.01461,0.260726,6.64133E-10
a_nx1_typ_125c_rbopen_st0,A,extraction,typ,hbt_typ,125,1,0,open,1e12,1E-09,1.000000e-09,1.11016,0.272134,9.14143E-10
a_nx1_typ_125c_rbopen_st0,A,extraction,typ,hbt_typ,125,1,0,open,1e12,1.33352E-09,1.333520e-09,1.16903,0.28324,1.2476E-09
a_nx1_typ_125c_rbopen_st0,A,extraction,typ,hbt_typ,125,1,0,open,1e12,1.77828E-09,1.778280e-09,1.20851,0.294128,1.69232E-09
a_nx1_typ_125c_rbopen_st0,A,extraction,typ,hbt_typ,125,1,0,open,1e12,2.37137E-09,2.371370e-09,1.23777,0.304856,2.28539E-09
a_nx1_typ_125c_rbopen_st0,A,extraction,typ,hbt_typ,125,1,0,open,1e12,3.16228E-09,3.162280e-09,1.25833,0.315468,3.07627E-09
a_nx1_typ_125c_rbopen_st0,A,extraction,typ,hbt_typ,125,1,0,open,1e12,4.21697E-09,4.216970e-09,1.27451,0.325993,4.13095E-09
a_nx1_typ_125c_rbopen_st0,A,extraction,typ,hbt_typ,125,1,0,open,1e12,5.62341E-09,5.623410e-09,1.28762,0.336454,5.53738E-09
a_nx1_typ_125c_rbopen_st0,A,extraction,typ,hbt_typ,125,1,0,open,1e12,7.49894E-09,7.498940e-09,1.29876,0.346868,7.41289E-09
a_nx1_typ_125c_rbopen_st0,A,extraction,typ,hbt_typ,125,1,0,open,1e12,1E-08,1.000000e-08,1.30854,0.357246,9.91394E-09
a_nx1_typ_125c_rbopen_st0,A,extraction,typ,hbt_typ,125,1,0,open,1e12,1.33352E-08,1.333520e-08,1.31742,0.367597,1.32491E-08
a_nx1_typ_125c_rbopen_st0,A,extraction,typ,hbt_typ,125,1,0,open,1e12,1.77828E-08,1.778280e-08,1.32568,0.377929,1.76967E-08
a_nx1_typ_125c_rbopen_st0,A,extraction,typ,hbt_typ,125,1,0,open,1e12,2.37137E-08,2.371370e-08,1.33365,0.388246,2.36276E-08
a_nx1_typ_125c_rbopen_st0,A,extraction,typ,hbt_typ,125,1,0,open,1e12,3.16228E-08,3.162280e-08,1.34134,0.398552,3.15367E-08
a_nx1_typ_125c_rbopen_st0,A,extraction,typ,hbt_typ,125,1,0,open,1e12,4.21697E-08,4.216970e-08,1.34897,0.40885,4.20836E-08
a_nx1_typ_125c_rbopen_st0,A,extraction,typ,hbt_typ,125,1,0,open,1e12,5.62341E-08,5.623410e-08,1.35657,0.419141,5.6148E-08
a_nx1_typ_125c_rbopen_st0,A,extraction,typ,hbt_typ,125,1,0,open,1e12,7.49894E-08,7.498940e-08,1.36428,0.429428,7.49033E-08
a_nx1_typ_125c_rbopen_st0,A,extraction,typ,hbt_typ,125,1,0,open,1e12,1E-07,1.000000e-07,1.37204,0.439711,9.99139E-08
a_nx1_typ_125c_rbopen_st0,A,extraction,typ,hbt_typ,125,1,0,open,1e12,1.33352E-07,1.333520e-07,1.37996,0.449992,1.33266E-07
a_nx1_typ_125c_rbopen_st0,A,extraction,typ,hbt_typ,125,1,0,open,1e12,1.77828E-07,1.778280e-07,1.38809,0.460272,1.77742E-07
a_nx1_typ_125c_rbopen_st0,A,extraction,typ,hbt_typ,125,1,0,open,1e12,2.37137E-07,2.371370e-07,1.39554,0.47055,2.37051E-07
a_nx1_typ_125c_rbopen_st0,A,extraction,typ,hbt_typ,125,1,0,open,1e12,3.16228E-07,3.162280e-07,1.40363,0.480829,3.16142E-07
a_nx1_typ_125c_rbopen_st0,A,extraction,typ,hbt_typ,125,1,0,open,1e12,4.21697E-07,4.216970e-07,1.41181,0.491107,4.21611E-07
a_nx1_typ_125c_rbopen_st0,A,extraction,typ,hbt_typ,125,1,0,open,1e12,5.62341E-07,5.623410e-07,1.4201,0.501386,5.62255E-07
a_nx1_typ_125c_rbopen_st0,A,extraction,typ,hbt_typ,125,1,0,open,1e12,7.49894E-07,7.498940e-07,1.42848,0.511667,7.49808E-07
a_nx1_typ_125c_rbopen_st0,A,extraction,typ,hbt_typ,125,1,0,open,1e12,1E-06,1.000000e-06,1.43699,0.52195,9.99914E-07
a_nx1_typ_125c_rbopen_st0,A,extraction,typ,hbt_typ,125,1,0,open,1e12,1.33352E-06,1.333520e-06,1.44553,0.532236,1.33343E-06
a_nx1_typ_125c_rbopen_st0,A,extraction,typ,hbt_typ,125,1,0,open,1e12,1.77828E-06,1.778280e-06,1.45419,0.542526,1.77819E-06
a_nx1_typ_125c_rbopen_st0,A,extraction,typ,hbt_typ,125,1,0,open,1e12,2.37137E-06,2.371370e-06,1.46294,0.552822,2.37128E-06
a_nx1_typ_125c_rbopen_st0,A,extraction,typ,hbt_typ,125,1,0,open,1e12,3.16228E-06,3.162280e-06,1.47179,0.563126,3.16219E-06
a_nx1_typ_125c_rbopen_st0,A,extraction,typ,hbt_typ,125,1,0,open,1e12,4.21697E-06,4.216970e-06,1.48074,0.573441,4.21688E-06
a_nx1_typ_125c_rbopen_st0,A,extraction,typ,hbt_typ,125,1,0,open,1e12,5.62341E-06,5.623410e-06,1.48982,0.583769,5.62332E-06
a_nx1_typ_125c_rbopen_st0,A,extraction,typ,hbt_typ,125,1,0,open,1e12,7.49894E-06,7.498940e-06,1.49903,0.594116,7.49885E-06
a_nx1_typ_125c_rbopen_st0,A,extraction,typ,hbt_typ,125,1,0,open,1e12,1E-05,1.000000e-05,1.50849,0.604487,9.99991E-06
a_nx1_typ_125c_rbopen_st0,A,extraction,typ,hbt_typ,125,1,0,open,1e12,1.33352E-05,1.333520e-05,1.518,0.614891,1.33351E-05
a_nx1_typ_125c_rbopen_st0,A,extraction,typ,hbt_typ,125,1,0,open,1e12,1.77828E-05,1.778280e-05,1.52785,0.625339,1.77827E-05
a_nx1_typ_125c_rbopen_st0,A,extraction,typ,hbt_typ,125,1,0,open,1e12,2.37137E-05,2.371370e-05,1.53812,0.635845,2.37136E-05
a_nx1_typ_125c_rbopen_st0,A,extraction,typ,hbt_typ,125,1,0,open,1e12,3.16228E-05,3.162280e-05,1.54865,0.646429,3.16227E-05
a_nx1_typ_125c_rbopen_st0,A,extraction,typ,hbt_typ,125,1,0,open,1e12,4.21697E-05,4.216970e-05,1.55984,0.657114,4.21696E-05
a_nx1_typ_125c_rbopen_st0,A,extraction,typ,hbt_typ,125,1,0,open,1e12,5.62341E-05,5.623410e-05,1.57178,0.667936,5.6234E-05
a_nx1_typ_125c_rbopen_st0,A,extraction,typ,hbt_typ,125,1,0,open,1e12,7.49894E-05,7.498940e-05,1.5847,0.67894,7.49893E-05
a_nx1_typ_125c_rbopen_st0,A,extraction,typ,hbt_typ,125,1,0,open,1e12,0.0001,1.000000e-04,1.59889,0.69019,9.99999E-05
a_nx1_typ_125c_rbopen_st0,A,extraction,typ,hbt_typ,125,1,0,open,1e12,0.000133352,1.333520e-04,1.61489,0.701743,0.000133352
a_nx1_typ_125c_rbopen_st0,A,extraction,typ,hbt_typ,125,1,0,open,1e12,0.000177828,1.778280e-04,1.63333,0.713722,0.000177828
a_nx1_typ_125c_rbopen_st0,A,extraction,typ,hbt_typ,125,1,0,open,1e12,0.000237137,2.371370e-04,1.65403,0.726291,0.000237137
a_nx1_typ_125c_rbopen_st0,A,extraction,typ,hbt_typ,125,1,0,open,1e12,0.000316228,3.162280e-04,1.67931,0.739511,0.000316228
a_nx1_typ_125c_rbopen_st0,A,extraction,typ,hbt_typ,125,1,0,open,1e12,0.000421697,4.216970e-04,1.70994,0.753719,0.000421697
a_nx1_typ_125c_rbopen_st0,A,extraction,typ,hbt_typ,125,1,0,open,1e12,0.000562341,5.623410e-04,1.74645,0.769168,0.000562341
a_nx1_typ_125c_rbopen_st0,A,extraction,typ,hbt_typ,125,1,0,open,1e12,0.000749894,7.498940e-04,1.79224,0.786229,0.000749894
a_nx1_typ_125c_rbopen_st0,A,extraction,typ,hbt_typ,125,1,0,open,1e12,0.001,1.000000e-03,1.84916,0.805375,0.001
a_nx1_typ_125c_rbopen_st0,A,extraction,typ,hbt_typ,125,1,0,open,1e12,0.00133352,1.333520e-03,1.92091,0.82721,0.00133352
a_nx1_typ_125c_rbopen_st0,A,extraction,typ,hbt_typ,125,1,0,open,1e12,0.00177828,1.778280e-03,2.01167,0.852503,0.00177828
a_nx1_typ_125c_rbopen_st0,A,extraction,typ,hbt_typ,125,1,0,open,1e12,0.00237137,2.371370e-03,2.12703,0.882241,0.00237137
a_nx1_typ_125c_rbopen_st0,A,extraction,typ,hbt_typ,125,1,0,open,1e12,0.00316228,3.162280e-03,2.2743,0.917696,0.00316228
a_nx8_typ_125c_rbopen_st1,A,extraction,typ,hbt_typ,125,8,1,open,1e12,8E-10,1.000000e-10,0.194254,0.170929,4.27692E-10
a_nx8_typ_125c_rbopen_st1,A,extraction,typ,hbt_typ,125,8,1,open,1e12,1.06682E-09,1.333525e-10,0.222462,0.188156,6.93581E-10
a_nx8_typ_125c_rbopen_st1,A,extraction,typ,hbt_typ,125,8,1,open,1e12,1.42262E-09,1.778275e-10,0.252938,0.202915,1.0489E-09
a_nx8_typ_125c_rbopen_st1,A,extraction,typ,hbt_typ,125,8,1,open,1e12,1.8971E-09,2.371375e-10,0.292244,0.216232,1.52311E-09
a_nx8_typ_125c_rbopen_st1,A,extraction,typ,hbt_typ,125,8,1,open,1e12,2.52982E-09,3.162275e-10,0.360249,0.228632,2.15564E-09
a_nx8_typ_125c_rbopen_st1,A,extraction,typ,hbt_typ,125,8,1,open,1e12,3.37357E-09,4.216962e-10,0.820619,0.240356,2.9989E-09
a_nx8_typ_125c_rbopen_st1,A,extraction,typ,hbt_typ,125,8,1,open,1e12,4.49873E-09,5.623413e-10,1.05473,0.251703,4.12383E-09
a_nx8_typ_125c_rbopen_st1,A,extraction,typ,hbt_typ,125,8,1,open,1e12,5.99915E-09,7.498938e-10,1.13941,0.262776,5.62416E-09
a_nx8_typ_125c_rbopen_st1,A,extraction,typ,hbt_typ,125,8,1,open,1e12,8E-09,1.000000e-09,1.18844,0.273642,7.62496E-09
a_nx8_typ_125c_rbopen_st1,A,extraction,typ,hbt_typ,125,8,1,open,1e12,1.06682E-08,1.333525e-09,1.2209,0.284354,1.02931E-08
a_nx8_typ_125c_rbopen_st1,A,extraction,typ,hbt_typ,125,8,1,open,1e12,1.42262E-08,1.778275e-09,1.24409,0.294954,1.38511E-08
a_nx8_typ_125c_rbopen_st1,A,extraction,typ,hbt_typ,125,8,1,open,1e12,1.8971E-08,2.371375e-09,1.26156,0.305471,1.85959E-08
a_nx8_typ_125c_rbopen_st1,A,extraction,typ,hbt_typ,125,8,1,open,1e12,2.52982E-08,3.162275e-09,1.27536,0.315926,2.49231E-08
a_nx8_typ_125c_rbopen_st1,A,extraction,typ,hbt_typ,125,8,1,open,1e12,3.37357E-08,4.216963e-09,1.28675,0.326335,3.33606E-08
a_nx8_typ_125c_rbopen_st1,A,extraction,typ,hbt_typ,125,8,1,open,1e12,4.49873E-08,5.623413e-09,1.29651,0.33671,4.46122E-08
a_nx8_typ_125c_rbopen_st1,A,extraction,typ,hbt_typ,125,8,1,open,1e12,5.99915E-08,7.498937e-09,1.30522,0.347059,5.96163E-08
a_nx8_typ_125c_rbopen_st1,A,extraction,typ,hbt_typ,125,8,1,open,1e12,8E-08,1.000000e-08,1.31324,0.357389,7.96248E-08
a_nx8_typ_125c_rbopen_st1,A,extraction,typ,hbt_typ,125,8,1,open,1e12,1.06682E-07,1.333525e-08,1.32083,0.367705,1.06307E-07
a_nx8_typ_125c_rbopen_st1,A,extraction,typ,hbt_typ,125,8,1,open,1e12,1.42262E-07,1.778275e-08,1.32818,0.378009,1.41887E-07
a_nx8_typ_125c_rbopen_st1,A,extraction,typ,hbt_typ,125,8,1,open,1e12,1.8971E-07,2.371375e-08,1.33542,0.388306,1.89335E-07
a_nx8_typ_125c_rbopen_st1,A,extraction,typ,hbt_typ,125,8,1,open,1e12,2.52982E-07,3.162275e-08,1.34264,0.398596,2.52607E-07
a_nx8_typ_125c_rbopen_st1,A,extraction,typ,hbt_typ,125,8,1,open,1e12,3.37357E-07,4.216963e-08,1.3499,0.408882,3.36982E-07
a_nx8_typ_125c_rbopen_st1,A,extraction,typ,hbt_typ,125,8,1,open,1e12,4.49873E-07,5.623413e-08,1.35724,0.419164,4.49498E-07
a_nx8_typ_125c_rbopen_st1,A,extraction,typ,hbt_typ,125,8,1,open,1e12,5.99915E-07,7.498937e-08,1.36468,0.429444,5.9954E-07
a_nx8_typ_125c_rbopen_st1,A,extraction,typ,hbt_typ,125,8,1,open,1e12,8E-07,1.000000e-07,1.37224,0.439722,7.99625E-07
a_nx8_typ_125c_rbopen_st1,A,extraction,typ,hbt_typ,125,8,1,open,1e12,1.06682E-06,1.333525e-07,1.37992,0.449999,1.06644E-06
a_nx8_typ_125c_rbopen_st1,A,extraction,typ,hbt_typ,125,8,1,open,1e12,1.42262E-06,1.778275e-07,1.38773,0.460274,1.42224E-06
a_nx8_typ_125c_rbopen_st1,A,extraction,typ,hbt_typ,125,8,1,open,1e12,1.8971E-06,2.371375e-07,1.39565,0.470549,1.89672E-06
a_nx8_typ_125c_rbopen_st1,A,extraction,typ,hbt_typ,125,8,1,open,1e12,2.52982E-06,3.162275e-07,1.4037,0.480823,2.52944E-06
a_nx8_typ_125c_rbopen_st1,A,extraction,typ,hbt_typ,125,8,1,open,1e12,3.37357E-06,4.216963e-07,1.41186,0.491098,3.37319E-06
a_nx8_typ_125c_rbopen_st1,A,extraction,typ,hbt_typ,125,8,1,open,1e12,4.49873E-06,5.623413e-07,1.42013,0.501372,4.49835E-06
a_nx8_typ_125c_rbopen_st1,A,extraction,typ,hbt_typ,125,8,1,open,1e12,5.99915E-06,7.498937e-07,1.4285,0.511647,5.99877E-06
a_nx8_typ_125c_rbopen_st1,A,extraction,typ,hbt_typ,125,8,1,open,1e12,8E-06,1.000000e-06,1.43696,0.521922,7.99962E-06
a_nx8_typ_125c_rbopen_st1,A,extraction,typ,hbt_typ,125,8,1,open,1e12,1.06682E-05,1.333525e-06,1.44552,0.532198,1.06678E-05
a_nx8_typ_125c_rbopen_st1,A,extraction,typ,hbt_typ,125,8,1,open,1e12,1.42262E-05,1.778275e-06,1.45417,0.542476,1.42258E-05
a_nx8_typ_125c_rbopen_st1,A,extraction,typ,hbt_typ,125,8,1,open,1e12,1.8971E-05,2.371375e-06,1.46291,0.552756,1.89706E-05
a_nx8_typ_125c_rbopen_st1,A,extraction,typ,hbt_typ,125,8,1,open,1e12,2.52982E-05,3.162275e-06,1.47175,0.563038,2.52978E-05
a_nx8_typ_125c_rbopen_st1,A,extraction,typ,hbt_typ,125,8,1,open,1e12,3.37357E-05,4.216963e-06,1.48069,0.573325,3.37353E-05
a_nx8_typ_125c_rbopen_st1,A,extraction,typ,hbt_typ,125,8,1,open,1e12,4.49873E-05,5.623413e-06,1.48974,0.583616,4.49869E-05
a_nx8_typ_125c_rbopen_st1,A,extraction,typ,hbt_typ,125,8,1,open,1e12,5.99915E-05,7.498938e-06,1.49893,0.593915,5.99911E-05
a_nx8_typ_125c_rbopen_st1,A,extraction,typ,hbt_typ,125,8,1,open,1e12,8E-05,1.000000e-05,1.50829,0.604223,7.99996E-05
a_nx8_typ_125c_rbopen_st1,A,extraction,typ,hbt_typ,125,8,1,open,1e12,0.000106682,1.333525e-05,1.51784,0.614545,0.000106682
a_nx8_typ_125c_rbopen_st1,A,extraction,typ,hbt_typ,125,8,1,open,1e12,0.000142262,1.778275e-05,1.52765,0.624885,0.000142262
a_nx8_typ_125c_rbopen_st1,A,extraction,typ,hbt_typ,125,8,1,open,1e12,0.00018971,2.371375e-05,1.53779,0.63525,0.00018971
a_nx8_typ_125c_rbopen_st1,A,extraction,typ,hbt_typ,125,8,1,open,1e12,0.000252982,3.162275e-05,1.54836,0.645648,0.000252982
a_nx8_typ_125c_rbopen_st1,A,extraction,typ,hbt_typ,125,8,1,open,1e12,0.000337357,4.216962e-05,1.55948,0.656091,0.000337357
a_nx8_typ_125c_rbopen_st1,A,extraction,typ,hbt_typ,125,8,1,open,1e12,0.000449873,5.623412e-05,1.57133,0.666595,0.000449873
a_nx8_typ_125c_rbopen_st1,A,extraction,typ,hbt_typ,125,8,1,open,1e12,0.000599915,7.498938e-05,1.58416,0.677182,0.000599915
a_nx8_typ_125c_rbopen_st1,A,extraction,typ,hbt_typ,125,8,1,open,1e12,0.0008,1.000000e-04,1.59827,0.68788,0.0008
a_nx8_typ_125c_rbopen_st1,A,extraction,typ,hbt_typ,125,8,1,open,1e12,0.00106682,1.333525e-04,1.61408,0.698724,0.00106682
a_nx8_typ_125c_rbopen_st1,A,extraction,typ,hbt_typ,125,8,1,open,1e12,0.00142262,1.778275e-04,1.63214,0.709764,0.00142262
a_nx8_typ_125c_rbopen_st1,A,extraction,typ,hbt_typ,125,8,1,open,1e12,0.0018971,2.371375e-04,1.65318,0.721058,0.0018971
a_nx8_typ_125c_rbopen_st1,A,extraction,typ,hbt_typ,125,8,1,open,1e12,0.00252982,3.162275e-04,1.67813,0.732682,0.00252982
a_nx8_typ_125c_rbopen_st1,A,extraction,typ,hbt_typ,125,8,1,open,1e12,0.00337357,4.216963e-04,1.70824,0.744724,0.00337357
a_nx8_typ_125c_rbopen_st1,A,extraction,typ,hbt_typ,125,8,1,open,1e12,0.00449873,5.623413e-04,1.74509,0.757284,0.00449873
a_nx8_typ_125c_rbopen_st1,A,extraction,typ,hbt_typ,125,8,1,open,1e12,0.00599915,7.498937e-04,1.79073,0.770465,0.00599915
a_nx8_typ_125c_rbopen_st1,A,extraction,typ,hbt_typ,125,8,1,open,1e12,0.008,1.000000e-03,1.84775,0.784348,0.008
a_nx8_typ_125c_rbopen_st1,A,extraction,typ,hbt_typ,125,8,1,open,1e12,0.0106682,1.333525e-03,1.91935,0.798959,0.0106682
a_nx8_typ_125c_rbopen_st1,A,extraction,typ,hbt_typ,125,8,1,open,1e12,0.0142262,1.778275e-03,2.00941,0.814187,0.0142262
a_nx8_typ_125c_rbopen_st1,A,extraction,typ,hbt_typ,125,8,1,open,1e12,0.018971,2.371375e-03,2.12211,0.829671,0.0189709
a_nx8_typ_125c_rbopen_st1,A,extraction,typ,hbt_typ,125,8,1,open,1e12,0.0252982,3.162275e-03,2.25942,0.844653,0.0252977
a_nx8_typ_125c_rbopen_st0,A,extraction,typ,hbt_typ,125,8,0,open,1e12,8E-10,1.000000e-10,0.194326,0.170929,4.27694E-10
a_nx8_typ_125c_rbopen_st0,A,extraction,typ,hbt_typ,125,8,0,open,1e12,1.06682E-09,1.333525e-10,0.222582,0.188156,6.93583E-10
a_nx8_typ_125c_rbopen_st0,A,extraction,typ,hbt_typ,125,8,0,open,1e12,1.42262E-09,1.778275e-10,0.253157,0.202915,1.0489E-09
a_nx8_typ_125c_rbopen_st0,A,extraction,typ,hbt_typ,125,8,0,open,1e12,1.8971E-09,2.371375e-10,0.292247,0.216232,1.52311E-09
a_nx8_typ_125c_rbopen_st0,A,extraction,typ,hbt_typ,125,8,0,open,1e12,2.52982E-09,3.162275e-10,0.360357,0.228632,2.15564E-09
a_nx8_typ_125c_rbopen_st0,A,extraction,typ,hbt_typ,125,8,0,open,1e12,3.37357E-09,4.216962e-10,0.82007,0.240356,2.9989E-09
a_nx8_typ_125c_rbopen_st0,A,extraction,typ,hbt_typ,125,8,0,open,1e12,4.49873E-09,5.623413e-10,1.05372,0.251703,4.12383E-09
a_nx8_typ_125c_rbopen_st0,A,extraction,typ,hbt_typ,125,8,0,open,1e12,5.99915E-09,7.498938e-10,1.13911,0.262776,5.62416E-09
a_nx8_typ_125c_rbopen_st0,A,extraction,typ,hbt_typ,125,8,0,open,1e12,8E-09,1.000000e-09,1.18831,0.273642,7.62496E-09
a_nx8_typ_125c_rbopen_st0,A,extraction,typ,hbt_typ,125,8,0,open,1e12,1.06682E-08,1.333525e-09,1.22085,0.284354,1.02931E-08
a_nx8_typ_125c_rbopen_st0,A,extraction,typ,hbt_typ,125,8,0,open,1e12,1.42262E-08,1.778275e-09,1.24405,0.294954,1.38511E-08
a_nx8_typ_125c_rbopen_st0,A,extraction,typ,hbt_typ,125,8,0,open,1e12,1.8971E-08,2.371375e-09,1.26154,0.305471,1.85959E-08
a_nx8_typ_125c_rbopen_st0,A,extraction,typ,hbt_typ,125,8,0,open,1e12,2.52982E-08,3.162275e-09,1.27536,0.315926,2.49231E-08
a_nx8_typ_125c_rbopen_st0,A,extraction,typ,hbt_typ,125,8,0,open,1e12,3.37357E-08,4.216963e-09,1.28674,0.326335,3.33606E-08
a_nx8_typ_125c_rbopen_st0,A,extraction,typ,hbt_typ,125,8,0,open,1e12,4.49873E-08,5.623413e-09,1.29651,0.33671,4.46122E-08
a_nx8_typ_125c_rbopen_st0,A,extraction,typ,hbt_typ,125,8,0,open,1e12,5.99915E-08,7.498937e-09,1.30522,0.347059,5.96163E-08
a_nx8_typ_125c_rbopen_st0,A,extraction,typ,hbt_typ,125,8,0,open,1e12,8E-08,1.000000e-08,1.31324,0.357389,7.96248E-08
a_nx8_typ_125c_rbopen_st0,A,extraction,typ,hbt_typ,125,8,0,open,1e12,1.06682E-07,1.333525e-08,1.32083,0.367705,1.06307E-07
a_nx8_typ_125c_rbopen_st0,A,extraction,typ,hbt_typ,125,8,0,open,1e12,1.42262E-07,1.778275e-08,1.32818,0.37801,1.41887E-07
a_nx8_typ_125c_rbopen_st0,A,extraction,typ,hbt_typ,125,8,0,open,1e12,1.8971E-07,2.371375e-08,1.33543,0.388307,1.89335E-07
a_nx8_typ_125c_rbopen_st0,A,extraction,typ,hbt_typ,125,8,0,open,1e12,2.52982E-07,3.162275e-08,1.34265,0.398597,2.52607E-07
a_nx8_typ_125c_rbopen_st0,A,extraction,typ,hbt_typ,125,8,0,open,1e12,3.37357E-07,4.216963e-08,1.3499,0.408883,3.36982E-07
a_nx8_typ_125c_rbopen_st0,A,extraction,typ,hbt_typ,125,8,0,open,1e12,4.49873E-07,5.623413e-08,1.35724,0.419166,4.49498E-07
a_nx8_typ_125c_rbopen_st0,A,extraction,typ,hbt_typ,125,8,0,open,1e12,5.99915E-07,7.498937e-08,1.36469,0.429447,5.9954E-07
a_nx8_typ_125c_rbopen_st0,A,extraction,typ,hbt_typ,125,8,0,open,1e12,8E-07,1.000000e-07,1.37224,0.439725,7.99625E-07
a_nx8_typ_125c_rbopen_st0,A,extraction,typ,hbt_typ,125,8,0,open,1e12,1.06682E-06,1.333525e-07,1.37992,0.450003,1.06644E-06
a_nx8_typ_125c_rbopen_st0,A,extraction,typ,hbt_typ,125,8,0,open,1e12,1.42262E-06,1.778275e-07,1.38773,0.46028,1.42224E-06
a_nx8_typ_125c_rbopen_st0,A,extraction,typ,hbt_typ,125,8,0,open,1e12,1.8971E-06,2.371375e-07,1.39566,0.470556,1.89672E-06
a_nx8_typ_125c_rbopen_st0,A,extraction,typ,hbt_typ,125,8,0,open,1e12,2.52982E-06,3.162275e-07,1.40371,0.480833,2.52944E-06
a_nx8_typ_125c_rbopen_st0,A,extraction,typ,hbt_typ,125,8,0,open,1e12,3.37357E-06,4.216963e-07,1.41187,0.491111,3.37319E-06
a_nx8_typ_125c_rbopen_st0,A,extraction,typ,hbt_typ,125,8,0,open,1e12,4.49873E-06,5.623413e-07,1.42014,0.501389,4.49835E-06
a_nx8_typ_125c_rbopen_st0,A,extraction,typ,hbt_typ,125,8,0,open,1e12,5.99915E-06,7.498937e-07,1.42851,0.511669,5.99877E-06
a_nx8_typ_125c_rbopen_st0,A,extraction,typ,hbt_typ,125,8,0,open,1e12,8E-06,1.000000e-06,1.43698,0.521952,7.99962E-06
a_nx8_typ_125c_rbopen_st0,A,extraction,typ,hbt_typ,125,8,0,open,1e12,1.06682E-05,1.333525e-06,1.44554,0.532237,1.06678E-05
a_nx8_typ_125c_rbopen_st0,A,extraction,typ,hbt_typ,125,8,0,open,1e12,1.42262E-05,1.778275e-06,1.4542,0.542527,1.42258E-05
a_nx8_typ_125c_rbopen_st0,A,extraction,typ,hbt_typ,125,8,0,open,1e12,1.8971E-05,2.371375e-06,1.46295,0.552823,1.89706E-05
a_nx8_typ_125c_rbopen_st0,A,extraction,typ,hbt_typ,125,8,0,open,1e12,2.52982E-05,3.162275e-06,1.47179,0.563127,2.52978E-05
a_nx8_typ_125c_rbopen_st0,A,extraction,typ,hbt_typ,125,8,0,open,1e12,3.37357E-05,4.216963e-06,1.48075,0.573441,3.37353E-05
a_nx8_typ_125c_rbopen_st0,A,extraction,typ,hbt_typ,125,8,0,open,1e12,4.49873E-05,5.623413e-06,1.48982,0.583769,4.49869E-05
a_nx8_typ_125c_rbopen_st0,A,extraction,typ,hbt_typ,125,8,0,open,1e12,5.99915E-05,7.498938e-06,1.49903,0.594116,5.99911E-05
a_nx8_typ_125c_rbopen_st0,A,extraction,typ,hbt_typ,125,8,0,open,1e12,8E-05,1.000000e-05,1.50841,0.604487,7.99996E-05
a_nx8_typ_125c_rbopen_st0,A,extraction,typ,hbt_typ,125,8,0,open,1e12,0.000106682,1.333525e-05,1.518,0.614891,0.000106682
a_nx8_typ_125c_rbopen_st0,A,extraction,typ,hbt_typ,125,8,0,open,1e12,0.000142262,1.778275e-05,1.52785,0.625339,0.000142262
a_nx8_typ_125c_rbopen_st0,A,extraction,typ,hbt_typ,125,8,0,open,1e12,0.00018971,2.371375e-05,1.53803,0.635845,0.00018971
a_nx8_typ_125c_rbopen_st0,A,extraction,typ,hbt_typ,125,8,0,open,1e12,0.000252982,3.162275e-05,1.54865,0.646428,0.000252982
a_nx8_typ_125c_rbopen_st0,A,extraction,typ,hbt_typ,125,8,0,open,1e12,0.000337357,4.216962e-05,1.55984,0.657114,0.000337357
a_nx8_typ_125c_rbopen_st0,A,extraction,typ,hbt_typ,125,8,0,open,1e12,0.000449873,5.623412e-05,1.57178,0.667936,0.000449873
a_nx8_typ_125c_rbopen_st0,A,extraction,typ,hbt_typ,125,8,0,open,1e12,0.000599915,7.498938e-05,1.5847,0.67894,0.000599915
a_nx8_typ_125c_rbopen_st0,A,extraction,typ,hbt_typ,125,8,0,open,1e12,0.0008,1.000000e-04,1.59892,0.690182,0.0008
a_nx8_typ_125c_rbopen_st0,A,extraction,typ,hbt_typ,125,8,0,open,1e12,0.00106682,1.333525e-04,1.61486,0.701743,0.00106682
a_nx8_typ_125c_rbopen_st0,A,extraction,typ,hbt_typ,125,8,0,open,1e12,0.00142262,1.778275e-04,1.63305,0.713722,0.00142262
a_nx8_typ_125c_rbopen_st0,A,extraction,typ,hbt_typ,125,8,0,open,1e12,0.0018971,2.371375e-04,1.65422,0.726253,0.0018971
a_nx8_typ_125c_rbopen_st0,A,extraction,typ,hbt_typ,125,8,0,open,1e12,0.00252982,3.162275e-04,1.67931,0.739511,0.00252982
a_nx8_typ_125c_rbopen_st0,A,extraction,typ,hbt_typ,125,8,0,open,1e12,0.00337357,4.216963e-04,1.70952,0.753719,0.00337357
a_nx8_typ_125c_rbopen_st0,A,extraction,typ,hbt_typ,125,8,0,open,1e12,0.00449873,5.623413e-04,1.74645,0.769168,0.00449873
a_nx8_typ_125c_rbopen_st0,A,extraction,typ,hbt_typ,125,8,0,open,1e12,0.00599915,7.498937e-04,1.79213,0.786229,0.00599915
a_nx8_typ_125c_rbopen_st0,A,extraction,typ,hbt_typ,125,8,0,open,1e12,0.008,1.000000e-03,1.84916,0.805375,0.008
a_nx8_typ_125c_rbopen_st0,A,extraction,typ,hbt_typ,125,8,0,open,1e12,0.0106682,1.333525e-03,1.92091,0.82721,0.0106682
a_nx8_typ_125c_rbopen_st0,A,extraction,typ,hbt_typ,125,8,0,open,1e12,0.0142262,1.778275e-03,2.01167,0.852503,0.0142262
a_nx8_typ_125c_rbopen_st0,A,extraction,typ,hbt_typ,125,8,0,open,1e12,0.018971,2.371375e-03,2.12703,0.882241,0.018971
a_nx8_typ_125c_rbopen_st0,A,extraction,typ,hbt_typ,125,8,0,open,1e12,0.0252982,3.162275e-03,2.2743,0.917696,0.0252982
a_nx1_bcs_-40c_rbopen_st1,A,extraction,bcs,hbt_bcs,-40,1,1,open,1e12,1E-10,1.000000e-10,1.46597,0.564204,9.8534E-11
a_nx1_bcs_-40c_rbopen_st1,A,extraction,bcs,hbt_bcs,-40,1,1,open,1e12,1.33352E-10,1.333520e-10,1.4808,0.570218,1.31871E-10
a_nx1_bcs_-40c_rbopen_st1,A,extraction,bcs,hbt_bcs,-40,1,1,open,1e12,1.77828E-10,1.778280e-10,1.49294,0.576193,1.76335E-10
a_nx1_bcs_-40c_rbopen_st1,A,extraction,bcs,hbt_bcs,-40,1,1,open,1e12,2.37137E-10,2.371370e-10,1.50207,0.582137,2.35635E-10
a_nx1_bcs_-40c_rbopen_st1,A,extraction,bcs,hbt_bcs,-40,1,1,open,1e12,3.16228E-10,3.162280e-10,1.50808,0.58806,3.1472E-10
a_nx1_bcs_-40c_rbopen_st1,A,extraction,bcs,hbt_bcs,-40,1,1,open,1e12,4.21697E-10,4.216970e-10,1.5111,0.593965,4.20186E-10
a_nx1_bcs_-40c_rbopen_st1,A,extraction,bcs,hbt_bcs,-40,1,1,open,1e12,5.62341E-10,5.623410e-10,1.51147,0.599857,5.6083E-10
a_nx1_bcs_-40c_rbopen_st1,A,extraction,bcs,hbt_bcs,-40,1,1,open,1e12,7.49894E-10,7.498940e-10,1.50964,0.60574,7.48384E-10
a_nx1_bcs_-40c_rbopen_st1,A,extraction,bcs,hbt_bcs,-40,1,1,open,1e12,1E-09,1.000000e-09,1.50614,0.611615,9.98494E-10
a_nx1_bcs_-40c_rbopen_st1,A,extraction,bcs,hbt_bcs,-40,1,1,open,1e12,1.33352E-09,1.333520e-09,1.50147,0.617485,1.33202E-09
a_nx1_bcs_-40c_rbopen_st1,A,extraction,bcs,hbt_bcs,-40,1,1,open,1e12,1.77828E-09,1.778280e-09,1.4961,0.62335,1.77678E-09
a_nx1_bcs_-40c_rbopen_st1,A,extraction,bcs,hbt_bcs,-40,1,1,open,1e12,2.37137E-09,2.371370e-09,1.49043,0.629212,2.36988E-09
a_nx1_bcs_-40c_rbopen_st1,A,extraction,bcs,hbt_bcs,-40,1,1,open,1e12,3.16228E-09,3.162280e-09,1.48478,0.635072,3.1608E-09
a_nx1_bcs_-40c_rbopen_st1,A,extraction,bcs,hbt_bcs,-40,1,1,open,1e12,4.21697E-09,4.216970e-09,1.47941,0.64093,4.21549E-09
a_nx1_bcs_-40c_rbopen_st1,A,extraction,bcs,hbt_bcs,-40,1,1,open,1e12,5.62341E-09,5.623410e-09,1.47447,0.646786,5.62194E-09
a_nx1_bcs_-40c_rbopen_st1,A,extraction,bcs,hbt_bcs,-40,1,1,open,1e12,7.49894E-09,7.498940e-09,1.4701,0.652641,7.49747E-09
a_nx1_bcs_-40c_rbopen_st1,A,extraction,bcs,hbt_bcs,-40,1,1,open,1e12,1E-08,1.000000e-08,1.46635,0.658495,9.99853E-09
a_nx1_bcs_-40c_rbopen_st1,A,extraction,bcs,hbt_bcs,-40,1,1,open,1e12,1.33352E-08,1.333520e-08,1.46326,0.664349,1.33337E-08
a_nx1_bcs_-40c_rbopen_st1,A,extraction,bcs,hbt_bcs,-40,1,1,open,1e12,1.77828E-08,1.778280e-08,1.46081,0.670202,1.77813E-08
a_nx1_bcs_-40c_rbopen_st1,A,extraction,bcs,hbt_bcs,-40,1,1,open,1e12,2.37137E-08,2.371370e-08,1.45898,0.676055,2.37122E-08
a_nx1_bcs_-40c_rbopen_st1,A,extraction,bcs,hbt_bcs,-40,1,1,open,1e12,3.16228E-08,3.162280e-08,1.45775,0.681907,3.16213E-08
a_nx1_bcs_-40c_rbopen_st1,A,extraction,bcs,hbt_bcs,-40,1,1,open,1e12,4.21697E-08,4.216970e-08,1.45706,0.687759,4.21682E-08
a_nx1_bcs_-40c_rbopen_st1,A,extraction,bcs,hbt_bcs,-40,1,1,open,1e12,5.62341E-08,5.623410e-08,1.45686,0.693611,5.62326E-08
a_nx1_bcs_-40c_rbopen_st1,A,extraction,bcs,hbt_bcs,-40,1,1,open,1e12,7.49894E-08,7.498940e-08,1.45711,0.699463,7.49879E-08
a_nx1_bcs_-40c_rbopen_st1,A,extraction,bcs,hbt_bcs,-40,1,1,open,1e12,1E-07,1.000000e-07,1.45777,0.705315,9.99985E-08
a_nx1_bcs_-40c_rbopen_st1,A,extraction,bcs,hbt_bcs,-40,1,1,open,1e12,1.33352E-07,1.333520e-07,1.45878,0.711167,1.33351E-07
a_nx1_bcs_-40c_rbopen_st1,A,extraction,bcs,hbt_bcs,-40,1,1,open,1e12,1.77828E-07,1.778280e-07,1.46011,0.717018,1.77827E-07
a_nx1_bcs_-40c_rbopen_st1,A,extraction,bcs,hbt_bcs,-40,1,1,open,1e12,2.37137E-07,2.371370e-07,1.46173,0.72287,2.37136E-07
a_nx1_bcs_-40c_rbopen_st1,A,extraction,bcs,hbt_bcs,-40,1,1,open,1e12,3.16228E-07,3.162280e-07,1.46359,0.728722,3.16227E-07
a_nx1_bcs_-40c_rbopen_st1,A,extraction,bcs,hbt_bcs,-40,1,1,open,1e12,4.21697E-07,4.216970e-07,1.46567,0.734575,4.21696E-07
a_nx1_bcs_-40c_rbopen_st1,A,extraction,bcs,hbt_bcs,-40,1,1,open,1e12,5.62341E-07,5.623410e-07,1.46794,0.740427,5.6234E-07
a_nx1_bcs_-40c_rbopen_st1,A,extraction,bcs,hbt_bcs,-40,1,1,open,1e12,7.49894E-07,7.498940e-07,1.47039,0.74628,7.49893E-07
a_nx1_bcs_-40c_rbopen_st1,A,extraction,bcs,hbt_bcs,-40,1,1,open,1e12,1E-06,1.000000e-06,1.473,0.752134,9.99999E-07
a_nx1_bcs_-40c_rbopen_st1,A,extraction,bcs,hbt_bcs,-40,1,1,open,1e12,1.33352E-06,1.333520e-06,1.47575,0.757988,1.33352E-06
a_nx1_bcs_-40c_rbopen_st1,A,extraction,bcs,hbt_bcs,-40,1,1,open,1e12,1.77828E-06,1.778280e-06,1.47863,0.763844,1.77828E-06
a_nx1_bcs_-40c_rbopen_st1,A,extraction,bcs,hbt_bcs,-40,1,1,open,1e12,2.37137E-06,2.371370e-06,1.48163,0.769702,2.37137E-06
a_nx1_bcs_-40c_rbopen_st1,A,extraction,bcs,hbt_bcs,-40,1,1,open,1e12,3.16228E-06,3.162280e-06,1.48476,0.775562,3.16228E-06
a_nx1_bcs_-40c_rbopen_st1,A,extraction,bcs,hbt_bcs,-40,1,1,open,1e12,4.21697E-06,4.216970e-06,1.48801,0.781425,4.21697E-06
a_nx1_bcs_-40c_rbopen_st1,A,extraction,bcs,hbt_bcs,-40,1,1,open,1e12,5.62341E-06,5.623410e-06,1.49139,0.787292,5.62341E-06
a_nx1_bcs_-40c_rbopen_st1,A,extraction,bcs,hbt_bcs,-40,1,1,open,1e12,7.49894E-06,7.498940e-06,1.49491,0.793165,7.49894E-06
a_nx1_bcs_-40c_rbopen_st1,A,extraction,bcs,hbt_bcs,-40,1,1,open,1e12,1E-05,1.000000e-05,1.49859,0.799047,1E-05
a_nx1_bcs_-40c_rbopen_st1,A,extraction,bcs,hbt_bcs,-40,1,1,open,1e12,1.33352E-05,1.333520e-05,1.50246,0.804939,1.33352E-05
a_nx1_bcs_-40c_rbopen_st1,A,extraction,bcs,hbt_bcs,-40,1,1,open,1e12,1.77828E-05,1.778280e-05,1.50658,0.810847,1.77828E-05
a_nx1_bcs_-40c_rbopen_st1,A,extraction,bcs,hbt_bcs,-40,1,1,open,1e12,2.37137E-05,2.371370e-05,1.51098,0.816776,2.37137E-05
a_nx1_bcs_-40c_rbopen_st1,A,extraction,bcs,hbt_bcs,-40,1,1,open,1e12,3.16228E-05,3.162280e-05,1.51577,0.822734,3.16228E-05
a_nx1_bcs_-40c_rbopen_st1,A,extraction,bcs,hbt_bcs,-40,1,1,open,1e12,4.21697E-05,4.216970e-05,1.52105,0.82873,4.21697E-05
a_nx1_bcs_-40c_rbopen_st1,A,extraction,bcs,hbt_bcs,-40,1,1,open,1e12,5.62341E-05,5.623410e-05,1.52697,0.834779,5.62341E-05
a_nx1_bcs_-40c_rbopen_st1,A,extraction,bcs,hbt_bcs,-40,1,1,open,1e12,7.49894E-05,7.498940e-05,1.53373,0.840899,7.49894E-05
a_nx1_bcs_-40c_rbopen_st1,A,extraction,bcs,hbt_bcs,-40,1,1,open,1e12,0.0001,1.000000e-04,1.5416,0.847114,0.0001
a_nx1_bcs_-40c_rbopen_st1,A,extraction,bcs,hbt_bcs,-40,1,1,open,1e12,0.000133352,1.333520e-04,1.55094,0.853458,0.000133352
a_nx1_bcs_-40c_rbopen_st1,A,extraction,bcs,hbt_bcs,-40,1,1,open,1e12,0.000177828,1.778280e-04,1.56221,0.859974,0.000177828
a_nx1_bcs_-40c_rbopen_st1,A,extraction,bcs,hbt_bcs,-40,1,1,open,1e12,0.000237137,2.371370e-04,1.57603,0.866715,0.000237137
a_nx1_bcs_-40c_rbopen_st1,A,extraction,bcs,hbt_bcs,-40,1,1,open,1e12,0.000316228,3.162280e-04,1.59321,0.873753,0.000316228
a_nx1_bcs_-40c_rbopen_st1,A,extraction,bcs,hbt_bcs,-40,1,1,open,1e12,0.000421697,4.216970e-04,1.61481,0.881172,0.000421697
a_nx1_bcs_-40c_rbopen_st1,A,extraction,bcs,hbt_bcs,-40,1,1,open,1e12,0.000562341,5.623410e-04,1.64219,0.889075,0.000562341
a_nx1_bcs_-40c_rbopen_st1,A,extraction,bcs,hbt_bcs,-40,1,1,open,1e12,0.000749894,7.498940e-04,1.6771,0.897574,0.000749894
a_nx1_bcs_-40c_rbopen_st1,A,extraction,bcs,hbt_bcs,-40,1,1,open,1e12,0.001,1.000000e-03,1.72175,0.906781,0.001
a_nx1_bcs_-40c_rbopen_st1,A,extraction,bcs,hbt_bcs,-40,1,1,open,1e12,0.00133352,1.333520e-03,1.77893,0.916776,0.00133352
a_nx1_bcs_-40c_rbopen_st1,A,extraction,bcs,hbt_bcs,-40,1,1,open,1e12,0.00177828,1.778280e-03,1.85198,0.927559,0.00177828
a_nx1_bcs_-40c_rbopen_st1,A,extraction,bcs,hbt_bcs,-40,1,1,open,1e12,0.00237137,2.371370e-03,1.94481,0.938946,0.00237137
a_nx1_bcs_-40c_rbopen_st1,A,extraction,bcs,hbt_bcs,-40,1,1,open,1e12,0.00316228,3.162280e-03,2.06147,0.950405,0.00316228
a_nx1_bcs_-40c_rbopen_st0,A,extraction,bcs,hbt_bcs,-40,1,0,open,1e12,1E-10,1.000000e-10,1.46597,0.564204,9.85341E-11
a_nx1_bcs_-40c_rbopen_st0,A,extraction,bcs,hbt_bcs,-40,1,0,open,1e12,1.33352E-10,1.333520e-10,1.4808,0.570218,1.31871E-10
a_nx1_bcs_-40c_rbopen_st0,A,extraction,bcs,hbt_bcs,-40,1,0,open,1e12,1.77828E-10,1.778280e-10,1.49294,0.576193,1.76335E-10
a_nx1_bcs_-40c_rbopen_st0,A,extraction,bcs,hbt_bcs,-40,1,0,open,1e12,2.37137E-10,2.371370e-10,1.50207,0.582137,2.35635E-10
a_nx1_bcs_-40c_rbopen_st0,A,extraction,bcs,hbt_bcs,-40,1,0,open,1e12,3.16228E-10,3.162280e-10,1.50808,0.588061,3.1472E-10
a_nx1_bcs_-40c_rbopen_st0,A,extraction,bcs,hbt_bcs,-40,1,0,open,1e12,4.21697E-10,4.216970e-10,1.5111,0.593965,4.20186E-10
a_nx1_bcs_-40c_rbopen_st0,A,extraction,bcs,hbt_bcs,-40,1,0,open,1e12,5.62341E-10,5.623410e-10,1.51147,0.599857,5.6083E-10
a_nx1_bcs_-40c_rbopen_st0,A,extraction,bcs,hbt_bcs,-40,1,0,open,1e12,7.49894E-10,7.498940e-10,1.50964,0.605742,7.48384E-10
a_nx1_bcs_-40c_rbopen_st0,A,extraction,bcs,hbt_bcs,-40,1,0,open,1e12,1E-09,1.000000e-09,1.50613,0.611616,9.98494E-10
a_nx1_bcs_-40c_rbopen_st0,A,extraction,bcs,hbt_bcs,-40,1,0,open,1e12,1.33352E-09,1.333520e-09,1.50146,0.617485,1.33202E-09
a_nx1_bcs_-40c_rbopen_st0,A,extraction,bcs,hbt_bcs,-40,1,0,open,1e12,1.77828E-09,1.778280e-09,1.4961,0.62335,1.77678E-09
a_nx1_bcs_-40c_rbopen_st0,A,extraction,bcs,hbt_bcs,-40,1,0,open,1e12,2.37137E-09,2.371370e-09,1.49042,0.629213,2.36988E-09
a_nx1_bcs_-40c_rbopen_st0,A,extraction,bcs,hbt_bcs,-40,1,0,open,1e12,3.16228E-09,3.162280e-09,1.48478,0.635072,3.1608E-09
a_nx1_bcs_-40c_rbopen_st0,A,extraction,bcs,hbt_bcs,-40,1,0,open,1e12,4.21697E-09,4.216970e-09,1.47941,0.64093,4.21549E-09
a_nx1_bcs_-40c_rbopen_st0,A,extraction,bcs,hbt_bcs,-40,1,0,open,1e12,5.62341E-09,5.623410e-09,1.47446,0.646788,5.62194E-09
a_nx1_bcs_-40c_rbopen_st0,A,extraction,bcs,hbt_bcs,-40,1,0,open,1e12,7.49894E-09,7.498940e-09,1.4701,0.652641,7.49747E-09
a_nx1_bcs_-40c_rbopen_st0,A,extraction,bcs,hbt_bcs,-40,1,0,open,1e12,1E-08,1.000000e-08,1.46635,0.658496,9.99853E-09
a_nx1_bcs_-40c_rbopen_st0,A,extraction,bcs,hbt_bcs,-40,1,0,open,1e12,1.33352E-08,1.333520e-08,1.46326,0.664349,1.33337E-08
a_nx1_bcs_-40c_rbopen_st0,A,extraction,bcs,hbt_bcs,-40,1,0,open,1e12,1.77828E-08,1.778280e-08,1.46081,0.670203,1.77813E-08
a_nx1_bcs_-40c_rbopen_st0,A,extraction,bcs,hbt_bcs,-40,1,0,open,1e12,2.37137E-08,2.371370e-08,1.45898,0.676055,2.37122E-08
a_nx1_bcs_-40c_rbopen_st0,A,extraction,bcs,hbt_bcs,-40,1,0,open,1e12,3.16228E-08,3.162280e-08,1.45774,0.681908,3.16213E-08
a_nx1_bcs_-40c_rbopen_st0,A,extraction,bcs,hbt_bcs,-40,1,0,open,1e12,4.21697E-08,4.216970e-08,1.45706,0.68776,4.21682E-08
a_nx1_bcs_-40c_rbopen_st0,A,extraction,bcs,hbt_bcs,-40,1,0,open,1e12,5.62341E-08,5.623410e-08,1.45686,0.693613,5.62326E-08
a_nx1_bcs_-40c_rbopen_st0,A,extraction,bcs,hbt_bcs,-40,1,0,open,1e12,7.49894E-08,7.498940e-08,1.45712,0.699465,7.49879E-08
a_nx1_bcs_-40c_rbopen_st0,A,extraction,bcs,hbt_bcs,-40,1,0,open,1e12,1E-07,1.000000e-07,1.45777,0.705317,9.99985E-08
a_nx1_bcs_-40c_rbopen_st0,A,extraction,bcs,hbt_bcs,-40,1,0,open,1e12,1.33352E-07,1.333520e-07,1.45879,0.71117,1.33351E-07
a_nx1_bcs_-40c_rbopen_st0,A,extraction,bcs,hbt_bcs,-40,1,0,open,1e12,1.77828E-07,1.778280e-07,1.46012,0.717023,1.77827E-07
a_nx1_bcs_-40c_rbopen_st0,A,extraction,bcs,hbt_bcs,-40,1,0,open,1e12,2.37137E-07,2.371370e-07,1.46173,0.722876,2.37136E-07
a_nx1_bcs_-40c_rbopen_st0,A,extraction,bcs,hbt_bcs,-40,1,0,open,1e12,3.16228E-07,3.162280e-07,1.46359,0.72873,3.16227E-07
a_nx1_bcs_-40c_rbopen_st0,A,extraction,bcs,hbt_bcs,-40,1,0,open,1e12,4.21697E-07,4.216970e-07,1.46567,0.734585,4.21696E-07
a_nx1_bcs_-40c_rbopen_st0,A,extraction,bcs,hbt_bcs,-40,1,0,open,1e12,5.62341E-07,5.623410e-07,1.46795,0.740441,5.6234E-07
a_nx1_bcs_-40c_rbopen_st0,A,extraction,bcs,hbt_bcs,-40,1,0,open,1e12,7.49894E-07,7.498940e-07,1.4704,0.746298,7.49893E-07
a_nx1_bcs_-40c_rbopen_st0,A,extraction,bcs,hbt_bcs,-40,1,0,open,1e12,1E-06,1.000000e-06,1.47301,0.752157,9.99999E-07
a_nx1_bcs_-40c_rbopen_st0,A,extraction,bcs,hbt_bcs,-40,1,0,open,1e12,1.33352E-06,1.333520e-06,1.47576,0.758019,1.33352E-06
a_nx1_bcs_-40c_rbopen_st0,A,extraction,bcs,hbt_bcs,-40,1,0,open,1e12,1.77828E-06,1.778280e-06,1.47864,0.763884,1.77828E-06
a_nx1_bcs_-40c_rbopen_st0,A,extraction,bcs,hbt_bcs,-40,1,0,open,1e12,2.37137E-06,2.371370e-06,1.48165,0.769754,2.37137E-06
a_nx1_bcs_-40c_rbopen_st0,A,extraction,bcs,hbt_bcs,-40,1,0,open,1e12,3.16228E-06,3.162280e-06,1.48478,0.77563,3.16228E-06
a_nx1_bcs_-40c_rbopen_st0,A,extraction,bcs,hbt_bcs,-40,1,0,open,1e12,4.21697E-06,4.216970e-06,1.48804,0.781515,4.21697E-06
a_nx1_bcs_-40c_rbopen_st0,A,extraction,bcs,hbt_bcs,-40,1,0,open,1e12,5.62341E-06,5.623410e-06,1.49142,0.78741,5.62341E-06
a_nx1_bcs_-40c_rbopen_st0,A,extraction,bcs,hbt_bcs,-40,1,0,open,1e12,7.49894E-06,7.498940e-06,1.49495,0.793319,7.49894E-06
a_nx1_bcs_-40c_rbopen_st0,A,extraction,bcs,hbt_bcs,-40,1,0,open,1e12,1E-05,1.000000e-05,1.49864,0.799248,1E-05
a_nx1_bcs_-40c_rbopen_st0,A,extraction,bcs,hbt_bcs,-40,1,0,open,1e12,1.33352E-05,1.333520e-05,1.50253,0.805203,1.33352E-05
a_nx1_bcs_-40c_rbopen_st0,A,extraction,bcs,hbt_bcs,-40,1,0,open,1e12,1.77828E-05,1.778280e-05,1.50665,0.811192,1.77828E-05
a_nx1_bcs_-40c_rbopen_st0,A,extraction,bcs,hbt_bcs,-40,1,0,open,1e12,2.37137E-05,2.371370e-05,1.51107,0.817227,2.37137E-05
a_nx1_bcs_-40c_rbopen_st0,A,extraction,bcs,hbt_bcs,-40,1,0,open,1e12,3.16228E-05,3.162280e-05,1.51587,0.823322,3.16228E-05
a_nx1_bcs_-40c_rbopen_st0,A,extraction,bcs,hbt_bcs,-40,1,0,open,1e12,4.21697E-05,4.216970e-05,1.52116,0.829499,4.21697E-05
a_nx1_bcs_-40c_rbopen_st0,A,extraction,bcs,hbt_bcs,-40,1,0,open,1e12,5.62341E-05,5.623410e-05,1.52708,0.835783,5.62341E-05
a_nx1_bcs_-40c_rbopen_st0,A,extraction,bcs,hbt_bcs,-40,1,0,open,1e12,7.49894E-05,7.498940e-05,1.53384,0.84221,7.49894E-05
a_nx1_bcs_-40c_rbopen_st0,A,extraction,bcs,hbt_bcs,-40,1,0,open,1e12,0.0001,1.000000e-04,1.5417,0.848827,0.0001
a_nx1_bcs_-40c_rbopen_st0,A,extraction,bcs,hbt_bcs,-40,1,0,open,1e12,0.000133352,1.333520e-04,1.551,0.855696,0.000133352
a_nx1_bcs_-40c_rbopen_st0,A,extraction,bcs,hbt_bcs,-40,1,0,open,1e12,0.000177828,1.778280e-04,1.56219,0.8629,0.000177828
a_nx1_bcs_-40c_rbopen_st0,A,extraction,bcs,hbt_bcs,-40,1,0,open,1e12,0.000237137,2.371370e-04,1.57589,0.870546,0.000237137
a_nx1_bcs_-40c_rbopen_st0,A,extraction,bcs,hbt_bcs,-40,1,0,open,1e12,0.000316228,3.162280e-04,1.59288,0.878776,0.000316228
a_nx1_bcs_-40c_rbopen_st0,A,extraction,bcs,hbt_bcs,-40,1,0,open,1e12,0.000421697,4.216970e-04,1.61417,0.887777,0.000421697
a_nx1_bcs_-40c_rbopen_st0,A,extraction,bcs,hbt_bcs,-40,1,0,open,1e12,0.000562341,5.623410e-04,1.64111,0.897789,0.000562341
a_nx1_bcs_-40c_rbopen_st0,A,extraction,bcs,hbt_bcs,-40,1,0,open,1e12,0.000749894,7.498940e-04,1.67543,0.909128,0.000749894
a_nx1_bcs_-40c_rbopen_st0,A,extraction,bcs,hbt_bcs,-40,1,0,open,1e12,0.001,1.000000e-03,1.71935,0.9222,0.001
a_nx1_bcs_-40c_rbopen_st0,A,extraction,bcs,hbt_bcs,-40,1,0,open,1e12,0.00133352,1.333520e-03,1.77579,0.937533,0.00133352
a_nx1_bcs_-40c_rbopen_st0,A,extraction,bcs,hbt_bcs,-40,1,0,open,1e12,0.00177828,1.778280e-03,1.84859,0.955809,0.00177828
a_nx1_bcs_-40c_rbopen_st0,A,extraction,bcs,hbt_bcs,-40,1,0,open,1e12,0.00237137,2.371370e-03,1.94303,0.977916,0.00237137
a_nx1_bcs_-40c_rbopen_st0,A,extraction,bcs,hbt_bcs,-40,1,0,open,1e12,0.00316228,3.162280e-03,2.06665,1.00501,0.00316228
a_nx8_bcs_-40c_rbopen_st1,A,extraction,bcs,hbt_bcs,-40,8,1,open,1e12,8E-10,1.000000e-10,1.56444,0.564767,7.98436E-10
a_nx8_bcs_-40c_rbopen_st1,A,extraction,bcs,hbt_bcs,-40,8,1,open,1e12,1.06682E-09,1.333525e-10,1.55909,0.570642,1.06526E-09
a_nx8_bcs_-40c_rbopen_st1,A,extraction,bcs,hbt_bcs,-40,8,1,open,1e12,1.42262E-09,1.778275e-10,1.55198,0.576512,1.42107E-09
a_nx8_bcs_-40c_rbopen_st1,A,extraction,bcs,hbt_bcs,-40,8,1,open,1e12,1.8971E-09,2.371375e-10,1.54372,0.582379,1.89556E-09
a_nx8_bcs_-40c_rbopen_st1,A,extraction,bcs,hbt_bcs,-40,8,1,open,1e12,2.52982E-09,3.162275e-10,1.53481,0.588242,2.52829E-09
a_nx8_bcs_-40c_rbopen_st1,A,extraction,bcs,hbt_bcs,-40,8,1,open,1e12,3.37357E-09,4.216962e-10,1.52566,0.594103,3.37204E-09
a_nx8_bcs_-40c_rbopen_st1,A,extraction,bcs,hbt_bcs,-40,8,1,open,1e12,4.49873E-09,5.623413e-10,1.5166,0.599962,4.49721E-09
a_nx8_bcs_-40c_rbopen_st1,A,extraction,bcs,hbt_bcs,-40,8,1,open,1e12,5.99915E-09,7.498938e-10,1.50786,0.605819,5.99764E-09
a_nx8_bcs_-40c_rbopen_st1,A,extraction,bcs,hbt_bcs,-40,8,1,open,1e12,8E-09,1.000000e-09,1.49961,0.611675,7.9985E-09
a_nx8_bcs_-40c_rbopen_st1,A,extraction,bcs,hbt_bcs,-40,8,1,open,1e12,1.06682E-08,1.333525e-09,1.49198,0.617531,1.06667E-08
a_nx8_bcs_-40c_rbopen_st1,A,extraction,bcs,hbt_bcs,-40,8,1,open,1e12,1.42262E-08,1.778275e-09,1.48504,0.623385,1.42247E-08
a_nx8_bcs_-40c_rbopen_st1,A,extraction,bcs,hbt_bcs,-40,8,1,open,1e12,1.8971E-08,2.371375e-09,1.47884,0.629239,1.89695E-08
a_nx8_bcs_-40c_rbopen_st1,A,extraction,bcs,hbt_bcs,-40,8,1,open,1e12,2.52982E-08,3.162275e-09,1.47339,0.635092,2.52967E-08
a_nx8_bcs_-40c_rbopen_st1,A,extraction,bcs,hbt_bcs,-40,8,1,open,1e12,3.37357E-08,4.216963e-09,1.46869,0.640945,3.37342E-08
a_nx8_bcs_-40c_rbopen_st1,A,extraction,bcs,hbt_bcs,-40,8,1,open,1e12,4.49873E-08,5.623413e-09,1.46471,0.646798,4.49858E-08
a_nx8_bcs_-40c_rbopen_st1,A,extraction,bcs,hbt_bcs,-40,8,1,open,1e12,5.99915E-08,7.498937e-09,1.46143,0.65265,5.999E-08
a_nx8_bcs_-40c_rbopen_st1,A,extraction,bcs,hbt_bcs,-40,8,1,open,1e12,8E-08,1.000000e-08,1.4588,0.658502,7.99985E-08
a_nx8_bcs_-40c_rbopen_st1,A,extraction,bcs,hbt_bcs,-40,8,1,open,1e12,1.06682E-07,1.333525e-08,1.45679,0.664354,1.06681E-07
a_nx8_bcs_-40c_rbopen_st1,A,extraction,bcs,hbt_bcs,-40,8,1,open,1e12,1.42262E-07,1.778275e-08,1.45535,0.670206,1.42261E-07
a_nx8_bcs_-40c_rbopen_st1,A,extraction,bcs,hbt_bcs,-40,8,1,open,1e12,1.8971E-07,2.371375e-08,1.45442,0.676058,1.89709E-07
a_nx8_bcs_-40c_rbopen_st1,A,extraction,bcs,hbt_bcs,-40,8,1,open,1e12,2.52982E-07,3.162275e-08,1.45398,0.681909,2.52981E-07
a_nx8_bcs_-40c_rbopen_st1,A,extraction,bcs,hbt_bcs,-40,8,1,open,1e12,3.37357E-07,4.216963e-08,1.45396,0.687761,3.37356E-07
a_nx8_bcs_-40c_rbopen_st1,A,extraction,bcs,hbt_bcs,-40,8,1,open,1e12,4.49873E-07,5.623413e-08,1.45434,0.693612,4.49872E-07
a_nx8_bcs_-40c_rbopen_st1,A,extraction,bcs,hbt_bcs,-40,8,1,open,1e12,5.99915E-07,7.498937e-08,1.45508,0.699464,5.99914E-07
a_nx8_bcs_-40c_rbopen_st1,A,extraction,bcs,hbt_bcs,-40,8,1,open,1e12,8E-07,1.000000e-07,1.45613,0.705315,7.99999E-07
a_nx8_bcs_-40c_rbopen_st1,A,extraction,bcs,hbt_bcs,-40,8,1,open,1e12,1.06682E-06,1.333525e-07,1.45747,0.711166,1.06682E-06
a_nx8_bcs_-40c_rbopen_st1,A,extraction,bcs,hbt_bcs,-40,8,1,open,1e12,1.42262E-06,1.778275e-07,1.45906,0.717018,1.42262E-06
a_nx8_bcs_-40c_rbopen_st1,A,extraction,bcs,hbt_bcs,-40,8,1,open,1e12,1.8971E-06,2.371375e-07,1.46089,0.722869,1.8971E-06
a_nx8_bcs_-40c_rbopen_st1,A,extraction,bcs,hbt_bcs,-40,8,1,open,1e12,2.52982E-06,3.162275e-07,1.46292,0.728721,2.52982E-06
a_nx8_bcs_-40c_rbopen_st1,A,extraction,bcs,hbt_bcs,-40,8,1,open,1e12,3.37357E-06,4.216963e-07,1.46514,0.734572,3.37357E-06
a_nx8_bcs_-40c_rbopen_st1,A,extraction,bcs,hbt_bcs,-40,8,1,open,1e12,4.49873E-06,5.623413e-07,1.46753,0.740424,4.49873E-06
a_nx8_bcs_-40c_rbopen_st1,A,extraction,bcs,hbt_bcs,-40,8,1,open,1e12,5.99915E-06,7.498937e-07,1.47007,0.746276,5.99915E-06
a_nx8_bcs_-40c_rbopen_st1,A,extraction,bcs,hbt_bcs,-40,8,1,open,1e12,8E-06,1.000000e-06,1.47274,0.752129,8E-06
a_nx8_bcs_-40c_rbopen_st1,A,extraction,bcs,hbt_bcs,-40,8,1,open,1e12,1.06682E-05,1.333525e-06,1.47554,0.757982,1.06682E-05
a_nx8_bcs_-40c_rbopen_st1,A,extraction,bcs,hbt_bcs,-40,8,1,open,1e12,1.42262E-05,1.778275e-06,1.47847,0.763835,1.42262E-05
a_nx8_bcs_-40c_rbopen_st1,A,extraction,bcs,hbt_bcs,-40,8,1,open,1e12,1.8971E-05,2.371375e-06,1.4815,0.76969,1.8971E-05
a_nx8_bcs_-40c_rbopen_st1,A,extraction,bcs,hbt_bcs,-40,8,1,open,1e12,2.52982E-05,3.162275e-06,1.48466,0.775546,2.52982E-05
a_nx8_bcs_-40c_rbopen_st1,A,extraction,bcs,hbt_bcs,-40,8,1,open,1e12,3.37357E-05,4.216963e-06,1.48793,0.781404,3.37357E-05
a_nx8_bcs_-40c_rbopen_st1,A,extraction,bcs,hbt_bcs,-40,8,1,open,1e12,4.49873E-05,5.623413e-06,1.49132,0.787265,4.49873E-05
a_nx8_bcs_-40c_rbopen_st1,A,extraction,bcs,hbt_bcs,-40,8,1,open,1e12,5.99915E-05,7.498938e-06,1.49485,0.79313,5.99915E-05
a_nx8_bcs_-40c_rbopen_st1,A,extraction,bcs,hbt_bcs,-40,8,1,open,1e12,8E-05,1.000000e-05,1.49854,0.799,8E-05
a_nx8_bcs_-40c_rbopen_st1,A,extraction,bcs,hbt_bcs,-40,8,1,open,1e12,0.000106682,1.333525e-05,1.50242,0.804879,0.000106682
a_nx8_bcs_-40c_rbopen_st1,A,extraction,bcs,hbt_bcs,-40,8,1,open,1e12,0.000142262,1.778275e-05,1.50654,0.810768,0.000142262
a_nx8_bcs_-40c_rbopen_st1,A,extraction,bcs,hbt_bcs,-40,8,1,open,1e12,0.00018971,2.371375e-05,1.51095,0.816672,0.00018971
a_nx8_bcs_-40c_rbopen_st1,A,extraction,bcs,hbt_bcs,-40,8,1,open,1e12,0.000252982,3.162275e-05,1.51574,0.822598,0.000252982
a_nx8_bcs_-40c_rbopen_st1,A,extraction,bcs,hbt_bcs,-40,8,1,open,1e12,0.000337357,4.216962e-05,1.52102,0.828552,0.000337357
a_nx8_bcs_-40c_rbopen_st1,A,extraction,bcs,hbt_bcs,-40,8,1,open,1e12,0.000449873,5.623412e-05,1.52694,0.834547,0.000449873
a_nx8_bcs_-40c_rbopen_st1,A,extraction,bcs,hbt_bcs,-40,8,1,open,1e12,0.000599915,7.498938e-05,1.5337,0.840595,0.000599915
a_nx8_bcs_-40c_rbopen_st1,A,extraction,bcs,hbt_bcs,-40,8,1,open,1e12,0.0008,1.000000e-04,1.54157,0.846718,0.0008
a_nx8_bcs_-40c_rbopen_st1,A,extraction,bcs,hbt_bcs,-40,8,1,open,1e12,0.00106682,1.333525e-04,1.55091,0.85294,0.00106682
a_nx8_bcs_-40c_rbopen_st1,A,extraction,bcs,hbt_bcs,-40,8,1,open,1e12,0.00142262,1.778275e-04,1.56219,0.859296,0.00142262
a_nx8_bcs_-40c_rbopen_st1,A,extraction,bcs,hbt_bcs,-40,8,1,open,1e12,0.0018971,2.371375e-04,1.57602,0.865827,0.0018971
a_nx8_bcs_-40c_rbopen_st1,A,extraction,bcs,hbt_bcs,-40,8,1,open,1e12,0.00252982,3.162275e-04,1.59322,0.872586,0.00252982
a_nx8_bcs_-40c_rbopen_st1,A,extraction,bcs,hbt_bcs,-40,8,1,open,1e12,0.00337357,4.216963e-04,1.61484,0.879636,0.00337357
a_nx8_bcs_-40c_rbopen_st1,A,extraction,bcs,hbt_bcs,-40,8,1,open,1e12,0.00449873,5.623413e-04,1.64222,0.887045,0.00449873
a_nx8_bcs_-40c_rbopen_st1,A,extraction,bcs,hbt_bcs,-40,8,1,open,1e12,0.00599915,7.498937e-04,1.67708,0.894876,0.00599915
a_nx8_bcs_-40c_rbopen_st1,A,extraction,bcs,hbt_bcs,-40,8,1,open,1e12,0.008,1.000000e-03,1.72158,0.903171,0.008
a_nx8_bcs_-40c_rbopen_st1,A,extraction,bcs,hbt_bcs,-40,8,1,open,1e12,0.0106682,1.333525e-03,1.77832,0.911907,0.0106682
a_nx8_bcs_-40c_rbopen_st1,A,extraction,bcs,hbt_bcs,-40,8,1,open,1e12,0.0142262,1.778275e-03,1.85034,0.920925,0.0142262
a_nx8_bcs_-40c_rbopen_st1,A,extraction,bcs,hbt_bcs,-40,8,1,open,1e12,0.018971,2.371375e-03,1.94087,0.929787,0.018971
a_nx8_bcs_-40c_rbopen_st1,A,extraction,bcs,hbt_bcs,-40,8,1,open,1e12,0.0252982,3.162275e-03,2.05278,0.937725,0.0252982
a_nx8_bcs_-40c_rbopen_st0,A,extraction,bcs,hbt_bcs,-40,8,0,open,1e12,8E-10,1.000000e-10,1.56443,0.564767,7.98436E-10
a_nx8_bcs_-40c_rbopen_st0,A,extraction,bcs,hbt_bcs,-40,8,0,open,1e12,1.06682E-09,1.333525e-10,1.55909,0.570642,1.06526E-09
a_nx8_bcs_-40c_rbopen_st0,A,extraction,bcs,hbt_bcs,-40,8,0,open,1e12,1.42262E-09,1.778275e-10,1.55198,0.576512,1.42107E-09
a_nx8_bcs_-40c_rbopen_st0,A,extraction,bcs,hbt_bcs,-40,8,0,open,1e12,1.8971E-09,2.371375e-10,1.54372,0.582379,1.89556E-09
a_nx8_bcs_-40c_rbopen_st0,A,extraction,bcs,hbt_bcs,-40,8,0,open,1e12,2.52982E-09,3.162275e-10,1.53481,0.588243,2.52829E-09
a_nx8_bcs_-40c_rbopen_st0,A,extraction,bcs,hbt_bcs,-40,8,0,open,1e12,3.37357E-09,4.216962e-10,1.52566,0.594103,3.37204E-09
a_nx8_bcs_-40c_rbopen_st0,A,extraction,bcs,hbt_bcs,-40,8,0,open,1e12,4.49873E-09,5.623413e-10,1.5166,0.599962,4.49721E-09
a_nx8_bcs_-40c_rbopen_st0,A,extraction,bcs,hbt_bcs,-40,8,0,open,1e12,5.99915E-09,7.498938e-10,1.50785,0.60582,5.99764E-09
a_nx8_bcs_-40c_rbopen_st0,A,extraction,bcs,hbt_bcs,-40,8,0,open,1e12,8E-09,1.000000e-09,1.49961,0.611676,7.9985E-09
a_nx8_bcs_-40c_rbopen_st0,A,extraction,bcs,hbt_bcs,-40,8,0,open,1e12,1.06682E-08,1.333525e-09,1.49198,0.617531,1.06667E-08
a_nx8_bcs_-40c_rbopen_st0,A,extraction,bcs,hbt_bcs,-40,8,0,open,1e12,1.42262E-08,1.778275e-09,1.48504,0.623385,1.42247E-08
a_nx8_bcs_-40c_rbopen_st0,A,extraction,bcs,hbt_bcs,-40,8,0,open,1e12,1.8971E-08,2.371375e-09,1.47884,0.629239,1.89695E-08
a_nx8_bcs_-40c_rbopen_st0,A,extraction,bcs,hbt_bcs,-40,8,0,open,1e12,2.52982E-08,3.162275e-09,1.47339,0.635092,2.52967E-08
a_nx8_bcs_-40c_rbopen_st0,A,extraction,bcs,hbt_bcs,-40,8,0,open,1e12,3.37357E-08,4.216963e-09,1.46869,0.640945,3.37342E-08
a_nx8_bcs_-40c_rbopen_st0,A,extraction,bcs,hbt_bcs,-40,8,0,open,1e12,4.49873E-08,5.623413e-09,1.46471,0.646798,4.49858E-08
a_nx8_bcs_-40c_rbopen_st0,A,extraction,bcs,hbt_bcs,-40,8,0,open,1e12,5.99915E-08,7.498937e-09,1.46143,0.65265,5.999E-08
a_nx8_bcs_-40c_rbopen_st0,A,extraction,bcs,hbt_bcs,-40,8,0,open,1e12,8E-08,1.000000e-08,1.4588,0.658502,7.99985E-08
a_nx8_bcs_-40c_rbopen_st0,A,extraction,bcs,hbt_bcs,-40,8,0,open,1e12,1.06682E-07,1.333525e-08,1.45679,0.664355,1.06681E-07
a_nx8_bcs_-40c_rbopen_st0,A,extraction,bcs,hbt_bcs,-40,8,0,open,1e12,1.42262E-07,1.778275e-08,1.45535,0.670206,1.42261E-07
a_nx8_bcs_-40c_rbopen_st0,A,extraction,bcs,hbt_bcs,-40,8,0,open,1e12,1.8971E-07,2.371375e-08,1.45442,0.676058,1.89709E-07
a_nx8_bcs_-40c_rbopen_st0,A,extraction,bcs,hbt_bcs,-40,8,0,open,1e12,2.52982E-07,3.162275e-08,1.45398,0.68191,2.52981E-07
a_nx8_bcs_-40c_rbopen_st0,A,extraction,bcs,hbt_bcs,-40,8,0,open,1e12,3.37357E-07,4.216963e-08,1.45396,0.687762,3.37356E-07
a_nx8_bcs_-40c_rbopen_st0,A,extraction,bcs,hbt_bcs,-40,8,0,open,1e12,4.49873E-07,5.623413e-08,1.45434,0.693614,4.49872E-07
a_nx8_bcs_-40c_rbopen_st0,A,extraction,bcs,hbt_bcs,-40,8,0,open,1e12,5.99915E-07,7.498937e-08,1.45508,0.699466,5.99914E-07
a_nx8_bcs_-40c_rbopen_st0,A,extraction,bcs,hbt_bcs,-40,8,0,open,1e12,8E-07,1.000000e-07,1.45613,0.705318,7.99999E-07
a_nx8_bcs_-40c_rbopen_st0,A,extraction,bcs,hbt_bcs,-40,8,0,open,1e12,1.06682E-06,1.333525e-07,1.45747,0.711171,1.06682E-06
a_nx8_bcs_-40c_rbopen_st0,A,extraction,bcs,hbt_bcs,-40,8,0,open,1e12,1.42262E-06,1.778275e-07,1.45907,0.717023,1.42262E-06
a_nx8_bcs_-40c_rbopen_st0,A,extraction,bcs,hbt_bcs,-40,8,0,open,1e12,1.8971E-06,2.371375e-07,1.46089,0.722877,1.8971E-06
a_nx8_bcs_-40c_rbopen_st0,A,extraction,bcs,hbt_bcs,-40,8,0,open,1e12,2.52982E-06,3.162275e-07,1.46293,0.72873,2.52982E-06
a_nx8_bcs_-40c_rbopen_st0,A,extraction,bcs,hbt_bcs,-40,8,0,open,1e12,3.37357E-06,4.216963e-07,1.46515,0.734585,3.37357E-06
a_nx8_bcs_-40c_rbopen_st0,A,extraction,bcs,hbt_bcs,-40,8,0,open,1e12,4.49873E-06,5.623413e-07,1.46754,0.740441,4.49873E-06
a_nx8_bcs_-40c_rbopen_st0,A,extraction,bcs,hbt_bcs,-40,8,0,open,1e12,5.99915E-06,7.498937e-07,1.47007,0.746298,5.99915E-06
a_nx8_bcs_-40c_rbopen_st0,A,extraction,bcs,hbt_bcs,-40,8,0,open,1e12,8E-06,1.000000e-06,1.47275,0.752157,8E-06
a_nx8_bcs_-40c_rbopen_st0,A,extraction,bcs,hbt_bcs,-40,8,0,open,1e12,1.06682E-05,1.333525e-06,1.47556,0.758019,1.06682E-05
a_nx8_bcs_-40c_rbopen_st0,A,extraction,bcs,hbt_bcs,-40,8,0,open,1e12,1.42262E-05,1.778275e-06,1.47848,0.763884,1.42262E-05
a_nx8_bcs_-40c_rbopen_st0,A,extraction,bcs,hbt_bcs,-40,8,0,open,1e12,1.8971E-05,2.371375e-06,1.48153,0.769754,1.8971E-05
a_nx8_bcs_-40c_rbopen_st0,A,extraction,bcs,hbt_bcs,-40,8,0,open,1e12,2.52982E-05,3.162275e-06,1.48469,0.77563,2.52982E-05
a_nx8_bcs_-40c_rbopen_st0,A,extraction,bcs,hbt_bcs,-40,8,0,open,1e12,3.37357E-05,4.216963e-06,1.48796,0.781515,3.37357E-05
a_nx8_bcs_-40c_rbopen_st0,A,extraction,bcs,hbt_bcs,-40,8,0,open,1e12,4.49873E-05,5.623413e-06,1.49136,0.78741,4.49873E-05
a_nx8_bcs_-40c_rbopen_st0,A,extraction,bcs,hbt_bcs,-40,8,0,open,1e12,5.99915E-05,7.498938e-06,1.4949,0.793319,5.99915E-05
a_nx8_bcs_-40c_rbopen_st0,A,extraction,bcs,hbt_bcs,-40,8,0,open,1e12,8E-05,1.000000e-05,1.49861,0.799248,8E-05
a_nx8_bcs_-40c_rbopen_st0,A,extraction,bcs,hbt_bcs,-40,8,0,open,1e12,0.000106682,1.333525e-05,1.5025,0.805203,0.000106682
a_nx8_bcs_-40c_rbopen_st0,A,extraction,bcs,hbt_bcs,-40,8,0,open,1e12,0.000142262,1.778275e-05,1.50663,0.811192,0.000142262
a_nx8_bcs_-40c_rbopen_st0,A,extraction,bcs,hbt_bcs,-40,8,0,open,1e12,0.00018971,2.371375e-05,1.51105,0.817227,0.00018971
a_nx8_bcs_-40c_rbopen_st0,A,extraction,bcs,hbt_bcs,-40,8,0,open,1e12,0.000252982,3.162275e-05,1.51586,0.823322,0.000252982
a_nx8_bcs_-40c_rbopen_st0,A,extraction,bcs,hbt_bcs,-40,8,0,open,1e12,0.000337357,4.216962e-05,1.52115,0.829499,0.000337357
a_nx8_bcs_-40c_rbopen_st0,A,extraction,bcs,hbt_bcs,-40,8,0,open,1e12,0.000449873,5.623412e-05,1.52708,0.835783,0.000449873
a_nx8_bcs_-40c_rbopen_st0,A,extraction,bcs,hbt_bcs,-40,8,0,open,1e12,0.000599915,7.498938e-05,1.53384,0.84221,0.000599915
a_nx8_bcs_-40c_rbopen_st0,A,extraction,bcs,hbt_bcs,-40,8,0,open,1e12,0.0008,1.000000e-04,1.54169,0.848827,0.0008
a_nx8_bcs_-40c_rbopen_st0,A,extraction,bcs,hbt_bcs,-40,8,0,open,1e12,0.00106682,1.333525e-04,1.55099,0.855696,0.00106682
a_nx8_bcs_-40c_rbopen_st0,A,extraction,bcs,hbt_bcs,-40,8,0,open,1e12,0.00142262,1.778275e-04,1.5622,0.8629,0.00142262
a_nx8_bcs_-40c_rbopen_st0,A,extraction,bcs,hbt_bcs,-40,8,0,open,1e12,0.0018971,2.371375e-04,1.57589,0.870546,0.0018971
a_nx8_bcs_-40c_rbopen_st0,A,extraction,bcs,hbt_bcs,-40,8,0,open,1e12,0.00252982,3.162275e-04,1.59287,0.878776,0.00252982
a_nx8_bcs_-40c_rbopen_st0,A,extraction,bcs,hbt_bcs,-40,8,0,open,1e12,0.00337357,4.216963e-04,1.61417,0.887777,0.00337357
a_nx8_bcs_-40c_rbopen_st0,A,extraction,bcs,hbt_bcs,-40,8,0,open,1e12,0.00449873,5.623413e-04,1.64111,0.897789,0.00449873
a_nx8_bcs_-40c_rbopen_st0,A,extraction,bcs,hbt_bcs,-40,8,0,open,1e12,0.00599915,7.498937e-04,1.67543,0.909128,0.00599915
a_nx8_bcs_-40c_rbopen_st0,A,extraction,bcs,hbt_bcs,-40,8,0,open,1e12,0.008,1.000000e-03,1.71935,0.9222,0.008
a_nx8_bcs_-40c_rbopen_st0,A,extraction,bcs,hbt_bcs,-40,8,0,open,1e12,0.0106682,1.333525e-03,1.77579,0.937533,0.0106682
a_nx8_bcs_-40c_rbopen_st0,A,extraction,bcs,hbt_bcs,-40,8,0,open,1e12,0.0142262,1.778275e-03,1.8486,0.955809,0.0142262
a_nx8_bcs_-40c_rbopen_st0,A,extraction,bcs,hbt_bcs,-40,8,0,open,1e12,0.018971,2.371375e-03,1.94302,0.977916,0.018971
a_nx8_bcs_-40c_rbopen_st0,A,extraction,bcs,hbt_bcs,-40,8,0,open,1e12,0.0252982,3.162275e-03,2.06665,1.00501,0.0252982
a_nx1_bcs_27c_rbopen_st1,A,extraction,bcs,hbt_bcs,27,1,1,open,1e12,1E-10,1.000000e-10,1.20118,0.414645,9.87968E-11
a_nx1_bcs_27c_rbopen_st1,A,extraction,bcs,hbt_bcs,27,1,1,open,1e12,1.33352E-10,1.333520e-10,1.23937,0.422422,1.32111E-10
a_nx1_bcs_27c_rbopen_st1,A,extraction,bcs,hbt_bcs,27,1,1,open,1e12,1.77828E-10,1.778280e-10,1.27489,0.430163,1.76551E-10
a_nx1_bcs_27c_rbopen_st1,A,extraction,bcs,hbt_bcs,27,1,1,open,1e12,2.37137E-10,2.371370e-10,1.30625,0.437875,2.35829E-10
a_nx1_bcs_27c_rbopen_st1,A,extraction,bcs,hbt_bcs,27,1,1,open,1e12,3.16228E-10,3.162280e-10,1.33247,0.445567,3.14894E-10
a_nx1_bcs_27c_rbopen_st1,A,extraction,bcs,hbt_bcs,27,1,1,open,1e12,4.21697E-10,4.216970e-10,1.3533,0.453242,4.20342E-10
a_nx1_bcs_27c_rbopen_st1,A,extraction,bcs,hbt_bcs,27,1,1,open,1e12,5.62341E-10,5.623410e-10,1.36906,0.460904,5.6097E-10
a_nx1_bcs_27c_rbopen_st1,A,extraction,bcs,hbt_bcs,27,1,1,open,1e12,7.49894E-10,7.498940e-10,1.38045,0.468556,7.48512E-10
a_nx1_bcs_27c_rbopen_st1,A,extraction,bcs,hbt_bcs,27,1,1,open,1e12,1E-09,1.000000e-09,1.38831,0.476201,9.9861E-10
a_nx1_bcs_27c_rbopen_st1,A,extraction,bcs,hbt_bcs,27,1,1,open,1e12,1.33352E-09,1.333520e-09,1.39344,0.483839,1.33212E-09
a_nx1_bcs_27c_rbopen_st1,A,extraction,bcs,hbt_bcs,27,1,1,open,1e12,1.77828E-09,1.778280e-09,1.39659,0.491473,1.77688E-09
a_nx1_bcs_27c_rbopen_st1,A,extraction,bcs,hbt_bcs,27,1,1,open,1e12,2.37137E-09,2.371370e-09,1.39838,0.499104,2.36997E-09
a_nx1_bcs_27c_rbopen_st1,A,extraction,bcs,hbt_bcs,27,1,1,open,1e12,3.16228E-09,3.162280e-09,1.3993,0.506732,3.16088E-09
a_nx1_bcs_27c_rbopen_st1,A,extraction,bcs,hbt_bcs,27,1,1,open,1e12,4.21697E-09,4.216970e-09,1.39972,0.514357,4.21557E-09
a_nx1_bcs_27c_rbopen_st1,A,extraction,bcs,hbt_bcs,27,1,1,open,1e12,5.62341E-09,5.623410e-09,1.39995,0.521981,5.62201E-09
a_nx1_bcs_27c_rbopen_st1,A,extraction,bcs,hbt_bcs,27,1,1,open,1e12,7.49894E-09,7.498940e-09,1.4002,0.529604,7.49754E-09
a_nx1_bcs_27c_rbopen_st1,A,extraction,bcs,hbt_bcs,27,1,1,open,1e12,1E-08,1.000000e-08,1.4006,0.537226,9.9986E-09
a_nx1_bcs_27c_rbopen_st1,A,extraction,bcs,hbt_bcs,27,1,1,open,1e12,1.33352E-08,1.333520e-08,1.40127,0.544847,1.33338E-08
a_nx1_bcs_27c_rbopen_st1,A,extraction,bcs,hbt_bcs,27,1,1,open,1e12,1.77828E-08,1.778280e-08,1.40226,0.552467,1.77814E-08
a_nx1_bcs_27c_rbopen_st1,A,extraction,bcs,hbt_bcs,27,1,1,open,1e12,2.37137E-08,2.371370e-08,1.4036,0.560087,2.37123E-08
a_nx1_bcs_27c_rbopen_st1,A,extraction,bcs,hbt_bcs,27,1,1,open,1e12,3.16228E-08,3.162280e-08,1.40532,0.567706,3.16214E-08
a_nx1_bcs_27c_rbopen_st1,A,extraction,bcs,hbt_bcs,27,1,1,open,1e12,4.21697E-08,4.216970e-08,1.4074,0.575325,4.21683E-08
a_nx1_bcs_27c_rbopen_st1,A,extraction,bcs,hbt_bcs,27,1,1,open,1e12,5.62341E-08,5.623410e-08,1.40984,0.582944,5.62327E-08
a_nx1_bcs_27c_rbopen_st1,A,extraction,bcs,hbt_bcs,27,1,1,open,1e12,7.49894E-08,7.498940e-08,1.41262,0.590563,7.4988E-08
a_nx1_bcs_27c_rbopen_st1,A,extraction,bcs,hbt_bcs,27,1,1,open,1e12,1E-07,1.000000e-07,1.41571,0.598181,9.99986E-08
a_nx1_bcs_27c_rbopen_st1,A,extraction,bcs,hbt_bcs,27,1,1,open,1e12,1.33352E-07,1.333520e-07,1.41909,0.6058,1.33351E-07
a_nx1_bcs_27c_rbopen_st1,A,extraction,bcs,hbt_bcs,27,1,1,open,1e12,1.77828E-07,1.778280e-07,1.42274,0.613419,1.77827E-07
a_nx1_bcs_27c_rbopen_st1,A,extraction,bcs,hbt_bcs,27,1,1,open,1e12,2.37137E-07,2.371370e-07,1.42663,0.621037,2.37136E-07
a_nx1_bcs_27c_rbopen_st1,A,extraction,bcs,hbt_bcs,27,1,1,open,1e12,3.16228E-07,3.162280e-07,1.43075,0.628656,3.16227E-07
a_nx1_bcs_27c_rbopen_st1,A,extraction,bcs,hbt_bcs,27,1,1,open,1e12,4.21697E-07,4.216970e-07,1.43506,0.636275,4.21696E-07
a_nx1_bcs_27c_rbopen_st1,A,extraction,bcs,hbt_bcs,27,1,1,open,1e12,5.62341E-07,5.623410e-07,1.43956,0.643894,5.6234E-07
a_nx1_bcs_27c_rbopen_st1,A,extraction,bcs,hbt_bcs,27,1,1,open,1e12,7.49894E-07,7.498940e-07,1.44422,0.651514,7.49893E-07
a_nx1_bcs_27c_rbopen_st1,A,extraction,bcs,hbt_bcs,27,1,1,open,1e12,1E-06,1.000000e-06,1.44903,0.659135,9.99999E-07
a_nx1_bcs_27c_rbopen_st1,A,extraction,bcs,hbt_bcs,27,1,1,open,1e12,1.33352E-06,1.333520e-06,1.45397,0.666756,1.33352E-06
a_nx1_bcs_27c_rbopen_st1,A,extraction,bcs,hbt_bcs,27,1,1,open,1e12,1.77828E-06,1.778280e-06,1.45905,0.674378,1.77828E-06
a_nx1_bcs_27c_rbopen_st1,A,extraction,bcs,hbt_bcs,27,1,1,open,1e12,2.37137E-06,2.371370e-06,1.46425,0.682003,2.37137E-06
a_nx1_bcs_27c_rbopen_st1,A,extraction,bcs,hbt_bcs,27,1,1,open,1e12,3.16228E-06,3.162280e-06,1.46957,0.689629,3.16228E-06
a_nx1_bcs_27c_rbopen_st1,A,extraction,bcs,hbt_bcs,27,1,1,open,1e12,4.21697E-06,4.216970e-06,1.47502,0.697259,4.21697E-06
a_nx1_bcs_27c_rbopen_st1,A,extraction,bcs,hbt_bcs,27,1,1,open,1e12,5.62341E-06,5.623410e-06,1.4806,0.704892,5.62341E-06
a_nx1_bcs_27c_rbopen_st1,A,extraction,bcs,hbt_bcs,27,1,1,open,1e12,7.49894E-06,7.498940e-06,1.48631,0.712532,7.49894E-06
a_nx1_bcs_27c_rbopen_st1,A,extraction,bcs,hbt_bcs,27,1,1,open,1e12,1E-05,1.000000e-05,1.4922,0.72018,1E-05
a_nx1_bcs_27c_rbopen_st1,A,extraction,bcs,hbt_bcs,27,1,1,open,1e12,1.33352E-05,1.333520e-05,1.49828,0.727838,1.33352E-05
a_nx1_bcs_27c_rbopen_st1,A,extraction,bcs,hbt_bcs,27,1,1,open,1e12,1.77828E-05,1.778280e-05,1.50459,0.735512,1.77828E-05
a_nx1_bcs_27c_rbopen_st1,A,extraction,bcs,hbt_bcs,27,1,1,open,1e12,2.37137E-05,2.371370e-05,1.51121,0.743205,2.37137E-05
a_nx1_bcs_27c_rbopen_st1,A,extraction,bcs,hbt_bcs,27,1,1,open,1e12,3.16228E-05,3.162280e-05,1.51821,0.750926,3.16228E-05
a_nx1_bcs_27c_rbopen_st1,A,extraction,bcs,hbt_bcs,27,1,1,open,1e12,4.21697E-05,4.216970e-05,1.5257,0.758685,4.21697E-05
a_nx1_bcs_27c_rbopen_st1,A,extraction,bcs,hbt_bcs,27,1,1,open,1e12,5.62341E-05,5.623410e-05,1.53384,0.766494,5.62341E-05
a_nx1_bcs_27c_rbopen_st1,A,extraction,bcs,hbt_bcs,27,1,1,open,1e12,7.49894E-05,7.498940e-05,1.54283,0.774371,7.49894E-05
a_nx1_bcs_27c_rbopen_st1,A,extraction,bcs,hbt_bcs,27,1,1,open,1e12,0.0001,1.000000e-04,1.55294,0.782341,0.0001
a_nx1_bcs_27c_rbopen_st1,A,extraction,bcs,hbt_bcs,27,1,1,open,1e12,0.000133352,1.333520e-04,1.56453,0.790433,0.000133352
a_nx1_bcs_27c_rbopen_st1,A,extraction,bcs,hbt_bcs,27,1,1,open,1e12,0.000177828,1.778280e-04,1.57807,0.798689,0.000177828
a_nx1_bcs_27c_rbopen_st1,A,extraction,bcs,hbt_bcs,27,1,1,open,1e12,0.000237137,2.371370e-04,1.59417,0.80716,0.000237137
a_nx1_bcs_27c_rbopen_st1,A,extraction,bcs,hbt_bcs,27,1,1,open,1e12,0.000316228,3.162280e-04,1.61367,0.815912,0.000316228
a_nx1_bcs_27c_rbopen_st1,A,extraction,bcs,hbt_bcs,27,1,1,open,1e12,0.000421697,4.216970e-04,1.63762,0.825024,0.000421697
a_nx1_bcs_27c_rbopen_st1,A,extraction,bcs,hbt_bcs,27,1,1,open,1e12,0.000562341,5.623410e-04,1.66738,0.83459,0.000562341
a_nx1_bcs_27c_rbopen_st1,A,extraction,bcs,hbt_bcs,27,1,1,open,1e12,0.000749894,7.498940e-04,1.70472,0.844712,0.000749894
a_nx1_bcs_27c_rbopen_st1,A,extraction,bcs,hbt_bcs,27,1,1,open,1e12,0.001,1.000000e-03,1.75188,0.855486,0.001
a_nx1_bcs_27c_rbopen_st1,A,extraction,bcs,hbt_bcs,27,1,1,open,1e12,0.00133352,1.333520e-03,1.81166,0.866983,0.00133352
a_nx1_bcs_27c_rbopen_st1,A,extraction,bcs,hbt_bcs,27,1,1,open,1e12,0.00177828,1.778280e-03,1.88748,0.87919,0.00177828
a_nx1_bcs_27c_rbopen_st1,A,extraction,bcs,hbt_bcs,27,1,1,open,1e12,0.00237137,2.371370e-03,1.98341,0.891927,0.00237137
a_nx1_bcs_27c_rbopen_st1,A,extraction,bcs,hbt_bcs,27,1,1,open,1e12,0.00316228,3.162280e-03,2.10393,0.90469,0.00316228
a_nx1_bcs_27c_rbopen_st0,A,extraction,bcs,hbt_bcs,27,1,0,open,1e12,1E-10,1.000000e-10,1.20118,0.414645,9.87968E-11
a_nx1_bcs_27c_rbopen_st0,A,extraction,bcs,hbt_bcs,27,1,0,open,1e12,1.33352E-10,1.333520e-10,1.23938,0.422422,1.32111E-10
a_nx1_bcs_27c_rbopen_st0,A,extraction,bcs,hbt_bcs,27,1,0,open,1e12,1.77828E-10,1.778280e-10,1.27489,0.430163,1.76551E-10
a_nx1_bcs_27c_rbopen_st0,A,extraction,bcs,hbt_bcs,27,1,0,open,1e12,2.37137E-10,2.371370e-10,1.30624,0.437875,2.35829E-10
a_nx1_bcs_27c_rbopen_st0,A,extraction,bcs,hbt_bcs,27,1,0,open,1e12,3.16228E-10,3.162280e-10,1.33247,0.445567,3.14894E-10
a_nx1_bcs_27c_rbopen_st0,A,extraction,bcs,hbt_bcs,27,1,0,open,1e12,4.21697E-10,4.216970e-10,1.3533,0.453242,4.20342E-10
a_nx1_bcs_27c_rbopen_st0,A,extraction,bcs,hbt_bcs,27,1,0,open,1e12,5.62341E-10,5.623410e-10,1.36906,0.460904,5.6097E-10
a_nx1_bcs_27c_rbopen_st0,A,extraction,bcs,hbt_bcs,27,1,0,open,1e12,7.49894E-10,7.498940e-10,1.38046,0.468557,7.48512E-10
a_nx1_bcs_27c_rbopen_st0,A,extraction,bcs,hbt_bcs,27,1,0,open,1e12,1E-09,1.000000e-09,1.38831,0.476201,9.9861E-10
a_nx1_bcs_27c_rbopen_st0,A,extraction,bcs,hbt_bcs,27,1,0,open,1e12,1.33352E-09,1.333520e-09,1.39344,0.483839,1.33212E-09
a_nx1_bcs_27c_rbopen_st0,A,extraction,bcs,hbt_bcs,27,1,0,open,1e12,1.77828E-09,1.778280e-09,1.3966,0.491477,1.77688E-09
a_nx1_bcs_27c_rbopen_st0,A,extraction,bcs,hbt_bcs,27,1,0,open,1e12,2.37137E-09,2.371370e-09,1.39838,0.499104,2.36997E-09
a_nx1_bcs_27c_rbopen_st0,A,extraction,bcs,hbt_bcs,27,1,0,open,1e12,3.16228E-09,3.162280e-09,1.3993,0.506732,3.16088E-09
a_nx1_bcs_27c_rbopen_st0,A,extraction,bcs,hbt_bcs,27,1,0,open,1e12,4.21697E-09,4.216970e-09,1.39972,0.514358,4.21557E-09
a_nx1_bcs_27c_rbopen_st0,A,extraction,bcs,hbt_bcs,27,1,0,open,1e12,5.62341E-09,5.623410e-09,1.39995,0.521983,5.62201E-09
a_nx1_bcs_27c_rbopen_st0,A,extraction,bcs,hbt_bcs,27,1,0,open,1e12,7.49894E-09,7.498940e-09,1.4002,0.529604,7.49754E-09
a_nx1_bcs_27c_rbopen_st0,A,extraction,bcs,hbt_bcs,27,1,0,open,1e12,1E-08,1.000000e-08,1.4006,0.537226,9.9986E-09
a_nx1_bcs_27c_rbopen_st0,A,extraction,bcs,hbt_bcs,27,1,0,open,1e12,1.33352E-08,1.333520e-08,1.40127,0.54485,1.33338E-08
a_nx1_bcs_27c_rbopen_st0,A,extraction,bcs,hbt_bcs,27,1,0,open,1e12,1.77828E-08,1.778280e-08,1.40226,0.552468,1.77814E-08
a_nx1_bcs_27c_rbopen_st0,A,extraction,bcs,hbt_bcs,27,1,0,open,1e12,2.37137E-08,2.371370e-08,1.4036,0.560087,2.37123E-08
a_nx1_bcs_27c_rbopen_st0,A,extraction,bcs,hbt_bcs,27,1,0,open,1e12,3.16228E-08,3.162280e-08,1.40532,0.567707,3.16214E-08
a_nx1_bcs_27c_rbopen_st0,A,extraction,bcs,hbt_bcs,27,1,0,open,1e12,4.21697E-08,4.216970e-08,1.4074,0.575327,4.21683E-08
a_nx1_bcs_27c_rbopen_st0,A,extraction,bcs,hbt_bcs,27,1,0,open,1e12,5.62341E-08,5.623410e-08,1.40984,0.582946,5.62327E-08
a_nx1_bcs_27c_rbopen_st0,A,extraction,bcs,hbt_bcs,27,1,0,open,1e12,7.49894E-08,7.498940e-08,1.41262,0.590565,7.4988E-08
a_nx1_bcs_27c_rbopen_st0,A,extraction,bcs,hbt_bcs,27,1,0,open,1e12,1E-07,1.000000e-07,1.41571,0.598187,9.99986E-08
a_nx1_bcs_27c_rbopen_st0,A,extraction,bcs,hbt_bcs,27,1,0,open,1e12,1.33352E-07,1.333520e-07,1.41909,0.605804,1.33351E-07
a_nx1_bcs_27c_rbopen_st0,A,extraction,bcs,hbt_bcs,27,1,0,open,1e12,1.77828E-07,1.778280e-07,1.42274,0.613423,1.77827E-07
a_nx1_bcs_27c_rbopen_st0,A,extraction,bcs,hbt_bcs,27,1,0,open,1e12,2.37137E-07,2.371370e-07,1.42664,0.621049,2.37136E-07
a_nx1_bcs_27c_rbopen_st0,A,extraction,bcs,hbt_bcs,27,1,0,open,1e12,3.16228E-07,3.162280e-07,1.43075,0.628665,3.16227E-07
a_nx1_bcs_27c_rbopen_st0,A,extraction,bcs,hbt_bcs,27,1,0,open,1e12,4.21697E-07,4.216970e-07,1.43507,0.636285,4.21696E-07
a_nx1_bcs_27c_rbopen_st0,A,extraction,bcs,hbt_bcs,27,1,0,open,1e12,5.62341E-07,5.623410e-07,1.43957,0.643908,5.6234E-07
a_nx1_bcs_27c_rbopen_st0,A,extraction,bcs,hbt_bcs,27,1,0,open,1e12,7.49894E-07,7.498940e-07,1.44423,0.651534,7.49893E-07
a_nx1_bcs_27c_rbopen_st0,A,extraction,bcs,hbt_bcs,27,1,0,open,1e12,1E-06,1.000000e-06,1.44904,0.659158,9.99999E-07
a_nx1_bcs_27c_rbopen_st0,A,extraction,bcs,hbt_bcs,27,1,0,open,1e12,1.33352E-06,1.333520e-06,1.45399,0.666787,1.33352E-06
a_nx1_bcs_27c_rbopen_st0,A,extraction,bcs,hbt_bcs,27,1,0,open,1e12,1.77828E-06,1.778280e-06,1.45908,0.674425,1.77828E-06
a_nx1_bcs_27c_rbopen_st0,A,extraction,bcs,hbt_bcs,27,1,0,open,1e12,2.37137E-06,2.371370e-06,1.46428,0.682056,2.37137E-06
a_nx1_bcs_27c_rbopen_st0,A,extraction,bcs,hbt_bcs,27,1,0,open,1e12,3.16228E-06,3.162280e-06,1.46961,0.689699,3.16228E-06
a_nx1_bcs_27c_rbopen_st0,A,extraction,bcs,hbt_bcs,27,1,0,open,1e12,4.21697E-06,4.216970e-06,1.47506,0.69735,4.21697E-06
a_nx1_bcs_27c_rbopen_st0,A,extraction,bcs,hbt_bcs,27,1,0,open,1e12,5.62341E-06,5.623410e-06,1.48065,0.705014,5.62341E-06
a_nx1_bcs_27c_rbopen_st0,A,extraction,bcs,hbt_bcs,27,1,0,open,1e12,7.49894E-06,7.498940e-06,1.48638,0.712689,7.49894E-06
a_nx1_bcs_27c_rbopen_st0,A,extraction,bcs,hbt_bcs,27,1,0,open,1e12,1E-05,1.000000e-05,1.49228,0.720386,1E-05
a_nx1_bcs_27c_rbopen_st0,A,extraction,bcs,hbt_bcs,27,1,0,open,1e12,1.33352E-05,1.333520e-05,1.49839,0.728113,1.33352E-05
a_nx1_bcs_27c_rbopen_st0,A,extraction,bcs,hbt_bcs,27,1,0,open,1e12,1.77828E-05,1.778280e-05,1.50473,0.735865,1.77828E-05
a_nx1_bcs_27c_rbopen_st0,A,extraction,bcs,hbt_bcs,27,1,0,open,1e12,2.37137E-05,2.371370e-05,1.51137,0.743667,2.37137E-05
a_nx1_bcs_27c_rbopen_st0,A,extraction,bcs,hbt_bcs,27,1,0,open,1e12,3.16228E-05,3.162280e-05,1.51841,0.751531,3.16228E-05
a_nx1_bcs_27c_rbopen_st0,A,extraction,bcs,hbt_bcs,27,1,0,open,1e12,4.21697E-05,4.216970e-05,1.52595,0.759477,4.21697E-05
a_nx1_bcs_27c_rbopen_st0,A,extraction,bcs,hbt_bcs,27,1,0,open,1e12,5.62341E-05,5.623410e-05,1.53414,0.767528,5.62341E-05
a_nx1_bcs_27c_rbopen_st0,A,extraction,bcs,hbt_bcs,27,1,0,open,1e12,7.49894E-05,7.498940e-05,1.54319,0.775723,7.49894E-05
a_nx1_bcs_27c_rbopen_st0,A,extraction,bcs,hbt_bcs,27,1,0,open,1e12,0.0001,1.000000e-04,1.55337,0.784112,0.0001
a_nx1_bcs_27c_rbopen_st0,A,extraction,bcs,hbt_bcs,27,1,0,open,1e12,0.000133352,1.333520e-04,1.56502,0.792745,0.000133352
a_nx1_bcs_27c_rbopen_st0,A,extraction,bcs,hbt_bcs,27,1,0,open,1e12,0.000177828,1.778280e-04,1.57862,0.801713,0.000177828
a_nx1_bcs_27c_rbopen_st0,A,extraction,bcs,hbt_bcs,27,1,0,open,1e12,0.000237137,2.371370e-04,1.59478,0.811121,0.000237137
a_nx1_bcs_27c_rbopen_st0,A,extraction,bcs,hbt_bcs,27,1,0,open,1e12,0.000316228,3.162280e-04,1.61433,0.821107,0.000316228
a_nx1_bcs_27c_rbopen_st0,A,extraction,bcs,hbt_bcs,27,1,0,open,1e12,0.000421697,4.216970e-04,1.63827,0.831849,0.000421697
a_nx1_bcs_27c_rbopen_st0,A,extraction,bcs,hbt_bcs,27,1,0,open,1e12,0.000562341,5.623410e-04,1.66798,0.843582,0.000562341
a_nx1_bcs_27c_rbopen_st0,A,extraction,bcs,hbt_bcs,27,1,0,open,1e12,0.000749894,7.498940e-04,1.70522,0.856606,0.000749894
a_nx1_bcs_27c_rbopen_st0,A,extraction,bcs,hbt_bcs,27,1,0,open,1e12,0.001,1.000000e-03,1.75223,0.871304,0.001
a_nx1_bcs_27c_rbopen_st0,A,extraction,bcs,hbt_bcs,27,1,0,open,1e12,0.00133352,1.333520e-03,1.81188,0.888168,0.00133352
a_nx1_bcs_27c_rbopen_st0,A,extraction,bcs,hbt_bcs,27,1,0,open,1e12,0.00177828,1.778280e-03,1.88796,0.907826,0.00177828
a_nx1_bcs_27c_rbopen_st0,A,extraction,bcs,hbt_bcs,27,1,0,open,1e12,0.00237137,2.371370e-03,1.98539,0.931088,0.00237137
a_nx1_bcs_27c_rbopen_st0,A,extraction,bcs,hbt_bcs,27,1,0,open,1e12,0.00316228,3.162280e-03,2.11085,0.959001,0.00316228
a_nx8_bcs_27c_rbopen_st1,A,extraction,bcs,hbt_bcs,27,8,1,open,1e12,8E-10,1.000000e-10,1.4598,0.415182,7.98527E-10
a_nx8_bcs_27c_rbopen_st1,A,extraction,bcs,hbt_bcs,27,8,1,open,1e12,1.06682E-09,1.333525e-10,1.45999,0.422832,1.06535E-09
a_nx8_bcs_27c_rbopen_st1,A,extraction,bcs,hbt_bcs,27,8,1,open,1e12,1.42262E-09,1.778275e-10,1.45763,0.430475,1.42115E-09
a_nx8_bcs_27c_rbopen_st1,A,extraction,bcs,hbt_bcs,27,8,1,open,1e12,1.8971E-09,2.371375e-10,1.45353,0.438115,1.89563E-09
a_nx8_bcs_27c_rbopen_st1,A,extraction,bcs,hbt_bcs,27,8,1,open,1e12,2.52982E-09,3.162275e-10,1.44836,0.445749,2.52836E-09
a_nx8_bcs_27c_rbopen_st1,A,extraction,bcs,hbt_bcs,27,8,1,open,1e12,3.37357E-09,4.216962e-10,1.4426,0.45338,3.37211E-09
a_nx8_bcs_27c_rbopen_st1,A,extraction,bcs,hbt_bcs,27,8,1,open,1e12,4.49873E-09,5.623413e-10,1.43665,0.461009,4.49728E-09
a_nx8_bcs_27c_rbopen_st1,A,extraction,bcs,hbt_bcs,27,8,1,open,1e12,5.99915E-09,7.498938e-10,1.43078,0.468636,5.99771E-09
a_nx8_bcs_27c_rbopen_st1,A,extraction,bcs,hbt_bcs,27,8,1,open,1e12,8E-09,1.000000e-09,1.42522,0.476262,7.99856E-09
a_nx8_bcs_27c_rbopen_st1,A,extraction,bcs,hbt_bcs,27,8,1,open,1e12,1.06682E-08,1.333525e-09,1.42012,0.483886,1.06668E-08
a_nx8_bcs_27c_rbopen_st1,A,extraction,bcs,hbt_bcs,27,8,1,open,1e12,1.42262E-08,1.778275e-09,1.41557,0.491509,1.42248E-08
a_nx8_bcs_27c_rbopen_st1,A,extraction,bcs,hbt_bcs,27,8,1,open,1e12,1.8971E-08,2.371375e-09,1.41165,0.499131,1.89696E-08
a_nx8_bcs_27c_rbopen_st1,A,extraction,bcs,hbt_bcs,27,8,1,open,1e12,2.52982E-08,3.162275e-09,1.4084,0.506752,2.52968E-08
a_nx8_bcs_27c_rbopen_st1,A,extraction,bcs,hbt_bcs,27,8,1,open,1e12,3.37357E-08,4.216963e-09,1.40582,0.514373,3.37343E-08
a_nx8_bcs_27c_rbopen_st1,A,extraction,bcs,hbt_bcs,27,8,1,open,1e12,4.49873E-08,5.623413e-09,1.40391,0.521993,4.49859E-08
a_nx8_bcs_27c_rbopen_st1,A,extraction,bcs,hbt_bcs,27,8,1,open,1e12,5.99915E-08,7.498937e-09,1.40267,0.529613,5.99901E-08
a_nx8_bcs_27c_rbopen_st1,A,extraction,bcs,hbt_bcs,27,8,1,open,1e12,8E-08,1.000000e-08,1.40205,0.537233,7.99986E-08
a_nx8_bcs_27c_rbopen_st1,A,extraction,bcs,hbt_bcs,27,8,1,open,1e12,1.06682E-07,1.333525e-08,1.40203,0.544852,1.06681E-07
a_nx8_bcs_27c_rbopen_st1,A,extraction,bcs,hbt_bcs,27,8,1,open,1e12,1.42262E-07,1.778275e-08,1.40258,0.552471,1.42261E-07
a_nx8_bcs_27c_rbopen_st1,A,extraction,bcs,hbt_bcs,27,8,1,open,1e12,1.8971E-07,2.371375e-08,1.40364,0.56009,1.89709E-07
a_nx8_bcs_27c_rbopen_st1,A,extraction,bcs,hbt_bcs,27,8,1,open,1e12,2.52982E-07,3.162275e-08,1.4052,0.567708,2.52981E-07
a_nx8_bcs_27c_rbopen_st1,A,extraction,bcs,hbt_bcs,27,8,1,open,1e12,3.37357E-07,4.216963e-08,1.40719,0.575327,3.37356E-07
a_nx8_bcs_27c_rbopen_st1,A,extraction,bcs,hbt_bcs,27,8,1,open,1e12,4.49873E-07,5.623413e-08,1.40959,0.582945,4.49872E-07
a_nx8_bcs_27c_rbopen_st1,A,extraction,bcs,hbt_bcs,27,8,1,open,1e12,5.99915E-07,7.498937e-08,1.41236,0.590563,5.99914E-07
a_nx8_bcs_27c_rbopen_st1,A,extraction,bcs,hbt_bcs,27,8,1,open,1e12,8E-07,1.000000e-07,1.41546,0.598182,7.99999E-07
a_nx8_bcs_27c_rbopen_st1,A,extraction,bcs,hbt_bcs,27,8,1,open,1e12,1.06682E-06,1.333525e-07,1.41886,0.6058,1.06682E-06
a_nx8_bcs_27c_rbopen_st1,A,extraction,bcs,hbt_bcs,27,8,1,open,1e12,1.42262E-06,1.778275e-07,1.42254,0.613418,1.42262E-06
a_nx8_bcs_27c_rbopen_st1,A,extraction,bcs,hbt_bcs,27,8,1,open,1e12,1.8971E-06,2.371375e-07,1.42646,0.621036,1.8971E-06
a_nx8_bcs_27c_rbopen_st1,A,extraction,bcs,hbt_bcs,27,8,1,open,1e12,2.52982E-06,3.162275e-07,1.4306,0.628654,2.52982E-06
a_nx8_bcs_27c_rbopen_st1,A,extraction,bcs,hbt_bcs,27,8,1,open,1e12,3.37357E-06,4.216963e-07,1.43494,0.636273,3.37357E-06
a_nx8_bcs_27c_rbopen_st1,A,extraction,bcs,hbt_bcs,27,8,1,open,1e12,4.49873E-06,5.623413e-07,1.43945,0.643891,4.49873E-06
a_nx8_bcs_27c_rbopen_st1,A,extraction,bcs,hbt_bcs,27,8,1,open,1e12,5.99915E-06,7.498937e-07,1.44413,0.65151,5.99915E-06
a_nx8_bcs_27c_rbopen_st1,A,extraction,bcs,hbt_bcs,27,8,1,open,1e12,8E-06,1.000000e-06,1.44895,0.659129,8E-06
a_nx8_bcs_27c_rbopen_st1,A,extraction,bcs,hbt_bcs,27,8,1,open,1e12,1.06682E-05,1.333525e-06,1.45391,0.666749,1.06682E-05
a_nx8_bcs_27c_rbopen_st1,A,extraction,bcs,hbt_bcs,27,8,1,open,1e12,1.42262E-05,1.778275e-06,1.459,0.674369,1.42262E-05
a_nx8_bcs_27c_rbopen_st1,A,extraction,bcs,hbt_bcs,27,8,1,open,1e12,1.8971E-05,2.371375e-06,1.46421,0.68199,1.8971E-05
a_nx8_bcs_27c_rbopen_st1,A,extraction,bcs,hbt_bcs,27,8,1,open,1e12,2.52982E-05,3.162275e-06,1.46954,0.689613,2.52982E-05
a_nx8_bcs_27c_rbopen_st1,A,extraction,bcs,hbt_bcs,27,8,1,open,1e12,3.37357E-05,4.216963e-06,1.47499,0.697237,3.37357E-05
a_nx8_bcs_27c_rbopen_st1,A,extraction,bcs,hbt_bcs,27,8,1,open,1e12,4.49873E-05,5.623413e-06,1.48056,0.704865,4.49873E-05
a_nx8_bcs_27c_rbopen_st1,A,extraction,bcs,hbt_bcs,27,8,1,open,1e12,5.99915E-05,7.498938e-06,1.48628,0.712496,5.99915E-05
a_nx8_bcs_27c_rbopen_st1,A,extraction,bcs,hbt_bcs,27,8,1,open,1e12,8E-05,1.000000e-05,1.49217,0.720132,8E-05
a_nx8_bcs_27c_rbopen_st1,A,extraction,bcs,hbt_bcs,27,8,1,open,1e12,0.000106682,1.333525e-05,1.49824,0.727776,0.000106682
a_nx8_bcs_27c_rbopen_st1,A,extraction,bcs,hbt_bcs,27,8,1,open,1e12,0.000142262,1.778275e-05,1.50455,0.73543,0.000142262
a_nx8_bcs_27c_rbopen_st1,A,extraction,bcs,hbt_bcs,27,8,1,open,1e12,0.00018971,2.371375e-05,1.51116,0.743098,0.00018971
a_nx8_bcs_27c_rbopen_st1,A,extraction,bcs,hbt_bcs,27,8,1,open,1e12,0.000252982,3.162275e-05,1.51816,0.750787,0.000252982
a_nx8_bcs_27c_rbopen_st1,A,extraction,bcs,hbt_bcs,27,8,1,open,1e12,0.000337357,4.216962e-05,1.52564,0.758502,0.000337357
a_nx8_bcs_27c_rbopen_st1,A,extraction,bcs,hbt_bcs,27,8,1,open,1e12,0.000449873,5.623412e-05,1.53377,0.766255,0.000449873
a_nx8_bcs_27c_rbopen_st1,A,extraction,bcs,hbt_bcs,27,8,1,open,1e12,0.000599915,7.498938e-05,1.54275,0.774059,0.000599915
a_nx8_bcs_27c_rbopen_st1,A,extraction,bcs,hbt_bcs,27,8,1,open,1e12,0.0008,1.000000e-04,1.55284,0.781932,0.0008
a_nx8_bcs_27c_rbopen_st1,A,extraction,bcs,hbt_bcs,27,8,1,open,1e12,0.00106682,1.333525e-04,1.56441,0.789898,0.00106682
a_nx8_bcs_27c_rbopen_st1,A,extraction,bcs,hbt_bcs,27,8,1,open,1e12,0.00142262,1.778275e-04,1.57792,0.797989,0.00142262
a_nx8_bcs_27c_rbopen_st1,A,extraction,bcs,hbt_bcs,27,8,1,open,1e12,0.0018971,2.371375e-04,1.59401,0.806243,0.0018971
a_nx8_bcs_27c_rbopen_st1,A,extraction,bcs,hbt_bcs,27,8,1,open,1e12,0.00252982,3.162275e-04,1.61347,0.814708,0.00252982
a_nx8_bcs_27c_rbopen_st1,A,extraction,bcs,hbt_bcs,27,8,1,open,1e12,0.00337357,4.216963e-04,1.63738,0.82344,0.00337357
a_nx8_bcs_27c_rbopen_st1,A,extraction,bcs,hbt_bcs,27,8,1,open,1e12,0.00449873,5.623413e-04,1.66708,0.832499,0.00449873
a_nx8_bcs_27c_rbopen_st1,A,extraction,bcs,hbt_bcs,27,8,1,open,1e12,0.00599915,7.498937e-04,1.70432,0.84194,0.00599915
a_nx8_bcs_27c_rbopen_st1,A,extraction,bcs,hbt_bcs,27,8,1,open,1e12,0.008,1.000000e-03,1.75128,0.851792,0.008
a_nx8_bcs_27c_rbopen_st1,A,extraction,bcs,hbt_bcs,27,8,1,open,1e12,0.0106682,1.333525e-03,1.81062,0.86202,0.0106682
a_nx8_bcs_27c_rbopen_st1,A,extraction,bcs,hbt_bcs,27,8,1,open,1e12,0.0142262,1.778275e-03,1.88555,0.872468,0.0142262
a_nx8_bcs_27c_rbopen_st1,A,extraction,bcs,hbt_bcs,27,8,1,open,1e12,0.018971,2.371375e-03,1.97959,0.882727,0.018971
a_nx8_bcs_27c_rbopen_st1,A,extraction,bcs,hbt_bcs,27,8,1,open,1e12,0.0252982,3.162275e-03,2.09621,0.891971,0.0252982
a_nx8_bcs_27c_rbopen_st0,A,extraction,bcs,hbt_bcs,27,8,0,open,1e12,8E-10,1.000000e-10,1.4598,0.415182,7.98527E-10
a_nx8_bcs_27c_rbopen_st0,A,extraction,bcs,hbt_bcs,27,8,0,open,1e12,1.06682E-09,1.333525e-10,1.45999,0.422832,1.06535E-09
a_nx8_bcs_27c_rbopen_st0,A,extraction,bcs,hbt_bcs,27,8,0,open,1e12,1.42262E-09,1.778275e-10,1.45763,0.430478,1.42115E-09
a_nx8_bcs_27c_rbopen_st0,A,extraction,bcs,hbt_bcs,27,8,0,open,1e12,1.8971E-09,2.371375e-10,1.45353,0.438114,1.89563E-09
a_nx8_bcs_27c_rbopen_st0,A,extraction,bcs,hbt_bcs,27,8,0,open,1e12,2.52982E-09,3.162275e-10,1.44836,0.445749,2.52836E-09
a_nx8_bcs_27c_rbopen_st0,A,extraction,bcs,hbt_bcs,27,8,0,open,1e12,3.37357E-09,4.216962e-10,1.4426,0.45338,3.37211E-09
a_nx8_bcs_27c_rbopen_st0,A,extraction,bcs,hbt_bcs,27,8,0,open,1e12,4.49873E-09,5.623413e-10,1.43665,0.46101,4.49728E-09
a_nx8_bcs_27c_rbopen_st0,A,extraction,bcs,hbt_bcs,27,8,0,open,1e12,5.99915E-09,7.498938e-10,1.43078,0.468636,5.99771E-09
a_nx8_bcs_27c_rbopen_st0,A,extraction,bcs,hbt_bcs,27,8,0,open,1e12,8E-09,1.000000e-09,1.42522,0.476262,7.99856E-09
a_nx8_bcs_27c_rbopen_st0,A,extraction,bcs,hbt_bcs,27,8,0,open,1e12,1.06682E-08,1.333525e-09,1.42012,0.483888,1.06668E-08
a_nx8_bcs_27c_rbopen_st0,A,extraction,bcs,hbt_bcs,27,8,0,open,1e12,1.42262E-08,1.778275e-09,1.41557,0.491509,1.42248E-08
a_nx8_bcs_27c_rbopen_st0,A,extraction,bcs,hbt_bcs,27,8,0,open,1e12,1.8971E-08,2.371375e-09,1.41165,0.499131,1.89696E-08
a_nx8_bcs_27c_rbopen_st0,A,extraction,bcs,hbt_bcs,27,8,0,open,1e12,2.52982E-08,3.162275e-09,1.4084,0.506752,2.52968E-08
a_nx8_bcs_27c_rbopen_st0,A,extraction,bcs,hbt_bcs,27,8,0,open,1e12,3.37357E-08,4.216963e-09,1.40582,0.514374,3.37343E-08
a_nx8_bcs_27c_rbopen_st0,A,extraction,bcs,hbt_bcs,27,8,0,open,1e12,4.49873E-08,5.623413e-09,1.40391,0.521993,4.49859E-08
a_nx8_bcs_27c_rbopen_st0,A,extraction,bcs,hbt_bcs,27,8,0,open,1e12,5.99915E-08,7.498937e-09,1.40267,0.529613,5.99901E-08
a_nx8_bcs_27c_rbopen_st0,A,extraction,bcs,hbt_bcs,27,8,0,open,1e12,8E-08,1.000000e-08,1.40206,0.537235,7.99986E-08
a_nx8_bcs_27c_rbopen_st0,A,extraction,bcs,hbt_bcs,27,8,0,open,1e12,1.06682E-07,1.333525e-08,1.40203,0.544853,1.06681E-07
a_nx8_bcs_27c_rbopen_st0,A,extraction,bcs,hbt_bcs,27,8,0,open,1e12,1.42262E-07,1.778275e-08,1.40258,0.552471,1.42261E-07
a_nx8_bcs_27c_rbopen_st0,A,extraction,bcs,hbt_bcs,27,8,0,open,1e12,1.8971E-07,2.371375e-08,1.40364,0.56009,1.89709E-07
a_nx8_bcs_27c_rbopen_st0,A,extraction,bcs,hbt_bcs,27,8,0,open,1e12,2.52982E-07,3.162275e-08,1.4052,0.56771,2.52981E-07
a_nx8_bcs_27c_rbopen_st0,A,extraction,bcs,hbt_bcs,27,8,0,open,1e12,3.37357E-07,4.216963e-08,1.40719,0.575328,3.37356E-07
a_nx8_bcs_27c_rbopen_st0,A,extraction,bcs,hbt_bcs,27,8,0,open,1e12,4.49873E-07,5.623413e-08,1.40959,0.582947,4.49872E-07
a_nx8_bcs_27c_rbopen_st0,A,extraction,bcs,hbt_bcs,27,8,0,open,1e12,5.99915E-07,7.498937e-08,1.41236,0.590566,5.99914E-07
a_nx8_bcs_27c_rbopen_st0,A,extraction,bcs,hbt_bcs,27,8,0,open,1e12,8E-07,1.000000e-07,1.41547,0.598185,7.99999E-07
a_nx8_bcs_27c_rbopen_st0,A,extraction,bcs,hbt_bcs,27,8,0,open,1e12,1.06682E-06,1.333525e-07,1.41887,0.605804,1.06682E-06
a_nx8_bcs_27c_rbopen_st0,A,extraction,bcs,hbt_bcs,27,8,0,open,1e12,1.42262E-06,1.778275e-07,1.42254,0.613423,1.42262E-06
a_nx8_bcs_27c_rbopen_st0,A,extraction,bcs,hbt_bcs,27,8,0,open,1e12,1.8971E-06,2.371375e-07,1.42648,0.621044,1.8971E-06
a_nx8_bcs_27c_rbopen_st0,A,extraction,bcs,hbt_bcs,27,8,0,open,1e12,2.52982E-06,3.162275e-07,1.43061,0.628664,2.52982E-06
a_nx8_bcs_27c_rbopen_st0,A,extraction,bcs,hbt_bcs,27,8,0,open,1e12,3.37357E-06,4.216963e-07,1.43494,0.636286,3.37357E-06
a_nx8_bcs_27c_rbopen_st0,A,extraction,bcs,hbt_bcs,27,8,0,open,1e12,4.49873E-06,5.623413e-07,1.43946,0.643908,4.49873E-06
a_nx8_bcs_27c_rbopen_st0,A,extraction,bcs,hbt_bcs,27,8,0,open,1e12,5.99915E-06,7.498937e-07,1.44415,0.651532,5.99915E-06
a_nx8_bcs_27c_rbopen_st0,A,extraction,bcs,hbt_bcs,27,8,0,open,1e12,8E-06,1.000000e-06,1.44897,0.659158,8E-06
a_nx8_bcs_27c_rbopen_st0,A,extraction,bcs,hbt_bcs,27,8,0,open,1e12,1.06682E-05,1.333525e-06,1.45393,0.666787,1.06682E-05
a_nx8_bcs_27c_rbopen_st0,A,extraction,bcs,hbt_bcs,27,8,0,open,1e12,1.42262E-05,1.778275e-06,1.45903,0.674419,1.42262E-05
a_nx8_bcs_27c_rbopen_st0,A,extraction,bcs,hbt_bcs,27,8,0,open,1e12,1.8971E-05,2.371375e-06,1.46424,0.682056,1.8971E-05
a_nx8_bcs_27c_rbopen_st0,A,extraction,bcs,hbt_bcs,27,8,0,open,1e12,2.52982E-05,3.162275e-06,1.46958,0.689699,2.52982E-05
a_nx8_bcs_27c_rbopen_st0,A,extraction,bcs,hbt_bcs,27,8,0,open,1e12,3.37357E-05,4.216963e-06,1.47504,0.69735,3.37357E-05
a_nx8_bcs_27c_rbopen_st0,A,extraction,bcs,hbt_bcs,27,8,0,open,1e12,4.49873E-05,5.623413e-06,1.48064,0.705013,4.49873E-05
a_nx8_bcs_27c_rbopen_st0,A,extraction,bcs,hbt_bcs,27,8,0,open,1e12,5.99915E-05,7.498938e-06,1.48637,0.712689,5.99915E-05
a_nx8_bcs_27c_rbopen_st0,A,extraction,bcs,hbt_bcs,27,8,0,open,1e12,8E-05,1.000000e-05,1.49227,0.720386,8E-05
a_nx8_bcs_27c_rbopen_st0,A,extraction,bcs,hbt_bcs,27,8,0,open,1e12,0.000106682,1.333525e-05,1.49837,0.728108,0.000106682
a_nx8_bcs_27c_rbopen_st0,A,extraction,bcs,hbt_bcs,27,8,0,open,1e12,0.000142262,1.778275e-05,1.50472,0.735865,0.000142262
a_nx8_bcs_27c_rbopen_st0,A,extraction,bcs,hbt_bcs,27,8,0,open,1e12,0.00018971,2.371375e-05,1.51137,0.743667,0.00018971
a_nx8_bcs_27c_rbopen_st0,A,extraction,bcs,hbt_bcs,27,8,0,open,1e12,0.000252982,3.162275e-05,1.51841,0.751531,0.000252982
a_nx8_bcs_27c_rbopen_st0,A,extraction,bcs,hbt_bcs,27,8,0,open,1e12,0.000337357,4.216962e-05,1.52595,0.759475,0.000337357
a_nx8_bcs_27c_rbopen_st0,A,extraction,bcs,hbt_bcs,27,8,0,open,1e12,0.000449873,5.623412e-05,1.53414,0.767528,0.000449873
a_nx8_bcs_27c_rbopen_st0,A,extraction,bcs,hbt_bcs,27,8,0,open,1e12,0.000599915,7.498938e-05,1.54319,0.775723,0.000599915
a_nx8_bcs_27c_rbopen_st0,A,extraction,bcs,hbt_bcs,27,8,0,open,1e12,0.0008,1.000000e-04,1.55336,0.784108,0.0008
a_nx8_bcs_27c_rbopen_st0,A,extraction,bcs,hbt_bcs,27,8,0,open,1e12,0.00106682,1.333525e-04,1.56502,0.792745,0.00106682
a_nx8_bcs_27c_rbopen_st0,A,extraction,bcs,hbt_bcs,27,8,0,open,1e12,0.00142262,1.778275e-04,1.57862,0.801713,0.00142262
a_nx8_bcs_27c_rbopen_st0,A,extraction,bcs,hbt_bcs,27,8,0,open,1e12,0.0018971,2.371375e-04,1.59478,0.811121,0.0018971
a_nx8_bcs_27c_rbopen_st0,A,extraction,bcs,hbt_bcs,27,8,0,open,1e12,0.00252982,3.162275e-04,1.61432,0.821106,0.00252982
a_nx8_bcs_27c_rbopen_st0,A,extraction,bcs,hbt_bcs,27,8,0,open,1e12,0.00337357,4.216963e-04,1.63827,0.831848,0.00337357
a_nx8_bcs_27c_rbopen_st0,A,extraction,bcs,hbt_bcs,27,8,0,open,1e12,0.00449873,5.623413e-04,1.66798,0.843582,0.00449873
a_nx8_bcs_27c_rbopen_st0,A,extraction,bcs,hbt_bcs,27,8,0,open,1e12,0.00599915,7.498937e-04,1.70522,0.856606,0.00599915
a_nx8_bcs_27c_rbopen_st0,A,extraction,bcs,hbt_bcs,27,8,0,open,1e12,0.008,1.000000e-03,1.75222,0.871304,0.008
a_nx8_bcs_27c_rbopen_st0,A,extraction,bcs,hbt_bcs,27,8,0,open,1e12,0.0106682,1.333525e-03,1.81188,0.888168,0.0106682
a_nx8_bcs_27c_rbopen_st0,A,extraction,bcs,hbt_bcs,27,8,0,open,1e12,0.0142262,1.778275e-03,1.88796,0.907826,0.0142262
a_nx8_bcs_27c_rbopen_st0,A,extraction,bcs,hbt_bcs,27,8,0,open,1e12,0.018971,2.371375e-03,1.98538,0.931088,0.018971
a_nx8_bcs_27c_rbopen_st0,A,extraction,bcs,hbt_bcs,27,8,0,open,1e12,0.0252982,3.162275e-03,2.11085,0.959001,0.0252982
a_nx1_bcs_125c_rbopen_st1,A,extraction,bcs,hbt_bcs,125,1,1,open,1e12,1E-10,1.000000e-10,0.140951,0.120769,1.66418E-11
a_nx1_bcs_125c_rbopen_st1,A,extraction,bcs,hbt_bcs,125,1,1,open,1e12,1.33352E-10,1.333520e-10,0.193709,0.159163,4.87665E-11
a_nx1_bcs_125c_rbopen_st1,A,extraction,bcs,hbt_bcs,125,1,1,open,1e12,1.77828E-10,1.778280e-10,0.232154,0.18228,9.29745E-11
a_nx1_bcs_125c_rbopen_st1,A,extraction,bcs,hbt_bcs,125,1,1,open,1e12,2.37137E-10,2.371370e-10,0.269596,0.199924,1.52167E-10
a_nx1_bcs_125c_rbopen_st1,A,extraction,bcs,hbt_bcs,125,1,1,open,1e12,3.16228E-10,3.162280e-10,0.314269,0.214893,2.31182E-10
a_nx1_bcs_125c_rbopen_st1,A,extraction,bcs,hbt_bcs,125,1,1,open,1e12,4.21697E-10,4.216970e-10,0.381714,0.228325,3.36571E-10
a_nx1_bcs_125c_rbopen_st1,A,extraction,bcs,hbt_bcs,125,1,1,open,1e12,5.62341E-10,5.623410e-10,0.518668,0.240783,4.77076E-10
a_nx1_bcs_125c_rbopen_st1,A,extraction,bcs,hbt_bcs,125,1,1,open,1e12,7.49894E-10,7.498940e-10,0.744558,0.252591,6.64403E-10
a_nx1_bcs_125c_rbopen_st1,A,extraction,bcs,hbt_bcs,125,1,1,open,1e12,1E-09,1.000000e-09,0.919407,0.263977,9.14334E-10
a_nx1_bcs_125c_rbopen_st1,A,extraction,bcs,hbt_bcs,125,1,1,open,1e12,1.33352E-09,1.333520e-09,1.01781,0.275072,1.24776E-09
a_nx1_bcs_125c_rbopen_st1,A,extraction,bcs,hbt_bcs,125,1,1,open,1e12,1.77828E-09,1.778280e-09,1.07734,0.285953,1.69246E-09
a_nx1_bcs_125c_rbopen_st1,A,extraction,bcs,hbt_bcs,125,1,1,open,1e12,2.37137E-09,2.371370e-09,1.11674,0.296677,2.28551E-09
a_nx1_bcs_125c_rbopen_st1,A,extraction,bcs,hbt_bcs,125,1,1,open,1e12,3.16228E-09,3.162280e-09,1.14455,0.307286,3.07639E-09
a_nx1_bcs_125c_rbopen_st1,A,extraction,bcs,hbt_bcs,125,1,1,open,1e12,4.21697E-09,4.216970e-09,1.16517,0.317809,4.13106E-09
a_nx1_bcs_125c_rbopen_st1,A,extraction,bcs,hbt_bcs,125,1,1,open,1e12,5.62341E-09,5.623410e-09,1.18112,0.328269,5.53748E-09
a_nx1_bcs_125c_rbopen_st1,A,extraction,bcs,hbt_bcs,125,1,1,open,1e12,7.49894E-09,7.498940e-09,1.19399,0.338681,7.413E-09
a_nx1_bcs_125c_rbopen_st1,A,extraction,bcs,hbt_bcs,125,1,1,open,1e12,1E-08,1.000000e-08,1.20478,0.349058,9.91405E-09
a_nx1_bcs_125c_rbopen_st1,A,extraction,bcs,hbt_bcs,125,1,1,open,1e12,1.33352E-08,1.333520e-08,1.21419,0.359409,1.32492E-08
a_nx1_bcs_125c_rbopen_st1,A,extraction,bcs,hbt_bcs,125,1,1,open,1e12,1.77828E-08,1.778280e-08,1.22268,0.36974,1.76968E-08
a_nx1_bcs_125c_rbopen_st1,A,extraction,bcs,hbt_bcs,125,1,1,open,1e12,2.37137E-08,2.371370e-08,1.23059,0.380056,2.36277E-08
a_nx1_bcs_125c_rbopen_st1,A,extraction,bcs,hbt_bcs,125,1,1,open,1e12,3.16228E-08,3.162280e-08,1.23816,0.390361,3.15368E-08
a_nx1_bcs_125c_rbopen_st1,A,extraction,bcs,hbt_bcs,125,1,1,open,1e12,4.21697E-08,4.216970e-08,1.24554,0.400658,4.20837E-08
a_nx1_bcs_125c_rbopen_st1,A,extraction,bcs,hbt_bcs,125,1,1,open,1e12,5.62341E-08,5.623410e-08,1.25285,0.410948,5.61481E-08
a_nx1_bcs_125c_rbopen_st1,A,extraction,bcs,hbt_bcs,125,1,1,open,1e12,7.49894E-08,7.498940e-08,1.26018,0.421234,7.49034E-08
a_nx1_bcs_125c_rbopen_st1,A,extraction,bcs,hbt_bcs,125,1,1,open,1e12,1E-07,1.000000e-07,1.26757,0.431516,9.9914E-08
a_nx1_bcs_125c_rbopen_st1,A,extraction,bcs,hbt_bcs,125,1,1,open,1e12,1.33352E-07,1.333520e-07,1.27505,0.441795,1.33266E-07
a_nx1_bcs_125c_rbopen_st1,A,extraction,bcs,hbt_bcs,125,1,1,open,1e12,1.77828E-07,1.778280e-07,1.28265,0.452073,1.77742E-07
a_nx1_bcs_125c_rbopen_st1,A,extraction,bcs,hbt_bcs,125,1,1,open,1e12,2.37137E-07,2.371370e-07,1.29039,0.46235,2.37051E-07
a_nx1_bcs_125c_rbopen_st1,A,extraction,bcs,hbt_bcs,125,1,1,open,1e12,3.16228E-07,3.162280e-07,1.29825,0.472625,3.16142E-07
a_nx1_bcs_125c_rbopen_st1,A,extraction,bcs,hbt_bcs,125,1,1,open,1e12,4.21697E-07,4.216970e-07,1.30624,0.4829,4.21611E-07
a_nx1_bcs_125c_rbopen_st1,A,extraction,bcs,hbt_bcs,125,1,1,open,1e12,5.62341E-07,5.623410e-07,1.31437,0.493175,5.62255E-07
a_nx1_bcs_125c_rbopen_st1,A,extraction,bcs,hbt_bcs,125,1,1,open,1e12,7.49894E-07,7.498940e-07,1.32262,0.50345,7.49808E-07
a_nx1_bcs_125c_rbopen_st1,A,extraction,bcs,hbt_bcs,125,1,1,open,1e12,1E-06,1.000000e-06,1.33099,0.513725,9.99914E-07
a_nx1_bcs_125c_rbopen_st1,A,extraction,bcs,hbt_bcs,125,1,1,open,1e12,1.33352E-06,1.333520e-06,1.33947,0.524001,1.33343E-06
a_nx1_bcs_125c_rbopen_st1,A,extraction,bcs,hbt_bcs,125,1,1,open,1e12,1.77828E-06,1.778280e-06,1.34806,0.534279,1.77819E-06
a_nx1_bcs_125c_rbopen_st1,A,extraction,bcs,hbt_bcs,125,1,1,open,1e12,2.37137E-06,2.371370e-06,1.35676,0.544558,2.37128E-06
a_nx1_bcs_125c_rbopen_st1,A,extraction,bcs,hbt_bcs,125,1,1,open,1e12,3.16228E-06,3.162280e-06,1.36558,0.55484,3.16219E-06
a_nx1_bcs_125c_rbopen_st1,A,extraction,bcs,hbt_bcs,125,1,1,open,1e12,4.21697E-06,4.216970e-06,1.3745,0.565125,4.21688E-06
a_nx1_bcs_125c_rbopen_st1,A,extraction,bcs,hbt_bcs,125,1,1,open,1e12,5.62341E-06,5.623410e-06,1.38355,0.575415,5.62332E-06
a_nx1_bcs_125c_rbopen_st1,A,extraction,bcs,hbt_bcs,125,1,1,open,1e12,7.49894E-06,7.498940e-06,1.39274,0.585712,7.49885E-06
a_nx1_bcs_125c_rbopen_st1,A,extraction,bcs,hbt_bcs,125,1,1,open,1e12,1E-05,1.000000e-05,1.40209,0.596018,9.99991E-06
a_nx1_bcs_125c_rbopen_st1,A,extraction,bcs,hbt_bcs,125,1,1,open,1e12,1.33352E-05,1.333520e-05,1.41163,0.606335,1.33351E-05
a_nx1_bcs_125c_rbopen_st1,A,extraction,bcs,hbt_bcs,125,1,1,open,1e12,1.77828E-05,1.778280e-05,1.42141,0.616669,1.77827E-05
a_nx1_bcs_125c_rbopen_st1,A,extraction,bcs,hbt_bcs,125,1,1,open,1e12,2.37137E-05,2.371370e-05,1.43149,0.627025,2.37136E-05
a_nx1_bcs_125c_rbopen_st1,A,extraction,bcs,hbt_bcs,125,1,1,open,1e12,3.16228E-05,3.162280e-05,1.44195,0.637411,3.16227E-05
a_nx1_bcs_125c_rbopen_st1,A,extraction,bcs,hbt_bcs,125,1,1,open,1e12,4.21697E-05,4.216970e-05,1.45291,0.647837,4.21696E-05
a_nx1_bcs_125c_rbopen_st1,A,extraction,bcs,hbt_bcs,125,1,1,open,1e12,5.62341E-05,5.623410e-05,1.46452,0.658317,5.6234E-05
a_nx1_bcs_125c_rbopen_st1,A,extraction,bcs,hbt_bcs,125,1,1,open,1e12,7.49894E-05,7.498940e-05,1.47699,0.66887,7.49893E-05
a_nx1_bcs_125c_rbopen_st1,A,extraction,bcs,hbt_bcs,125,1,1,open,1e12,0.0001,1.000000e-04,1.49058,0.67952,9.99999E-05
a_nx1_bcs_125c_rbopen_st1,A,extraction,bcs,hbt_bcs,125,1,1,open,1e12,0.000133352,1.333520e-04,1.50567,0.690299,0.000133352
a_nx1_bcs_125c_rbopen_st1,A,extraction,bcs,hbt_bcs,125,1,1,open,1e12,0.000177828,1.778280e-04,1.52273,0.701248,0.000177828
a_nx1_bcs_125c_rbopen_st1,A,extraction,bcs,hbt_bcs,125,1,1,open,1e12,0.000237137,2.371370e-04,1.54239,0.712419,0.000237137
a_nx1_bcs_125c_rbopen_st1,A,extraction,bcs,hbt_bcs,125,1,1,open,1e12,0.000316228,3.162280e-04,1.56548,0.723876,0.000316228
a_nx1_bcs_125c_rbopen_st1,A,extraction,bcs,hbt_bcs,125,1,1,open,1e12,0.000421697,4.216970e-04,1.59307,0.735697,0.000421697
a_nx1_bcs_125c_rbopen_st1,A,extraction,bcs,hbt_bcs,125,1,1,open,1e12,0.000562341,5.623410e-04,1.62656,0.74797,0.000562341
a_nx1_bcs_125c_rbopen_st1,A,extraction,bcs,hbt_bcs,125,1,1,open,1e12,0.000749894,7.498940e-04,1.66775,0.760788,0.000749894
a_nx1_bcs_125c_rbopen_st1,A,extraction,bcs,hbt_bcs,125,1,1,open,1e12,0.001,1.000000e-03,1.71893,0.774234,0.001
a_nx1_bcs_125c_rbopen_st1,A,extraction,bcs,hbt_bcs,125,1,1,open,1e12,0.00133352,1.333520e-03,1.78301,0.788355,0.00133352
a_nx1_bcs_125c_rbopen_st1,A,extraction,bcs,hbt_bcs,125,1,1,open,1e12,0.00177828,1.778280e-03,1.86363,0.803113,0.00177828
a_nx1_bcs_125c_rbopen_st1,A,extraction,bcs,hbt_bcs,125,1,1,open,1e12,0.00237137,2.371370e-03,1.96518,0.818294,0.00237136
a_nx1_bcs_125c_rbopen_st1,A,extraction,bcs,hbt_bcs,125,1,1,open,1e12,0.00316228,3.162280e-03,2.09245,0.833372,0.00316225
a_nx1_bcs_125c_rbopen_st0,A,extraction,bcs,hbt_bcs,125,1,0,open,1e12,1E-10,1.000000e-10,0.140928,0.120767,1.66412E-11
a_nx1_bcs_125c_rbopen_st0,A,extraction,bcs,hbt_bcs,125,1,0,open,1e12,1.33352E-10,1.333520e-10,0.193708,0.159163,4.87665E-11
a_nx1_bcs_125c_rbopen_st0,A,extraction,bcs,hbt_bcs,125,1,0,open,1e12,1.77828E-10,1.778280e-10,0.232143,0.18228,9.29745E-11
a_nx1_bcs_125c_rbopen_st0,A,extraction,bcs,hbt_bcs,125,1,0,open,1e12,2.37137E-10,2.371370e-10,0.269595,0.199924,1.52167E-10
a_nx1_bcs_125c_rbopen_st0,A,extraction,bcs,hbt_bcs,125,1,0,open,1e12,3.16228E-10,3.162280e-10,0.314071,0.214893,2.31182E-10
a_nx1_bcs_125c_rbopen_st0,A,extraction,bcs,hbt_bcs,125,1,0,open,1e12,4.21697E-10,4.216970e-10,0.381691,0.228325,3.36571E-10
a_nx1_bcs_125c_rbopen_st0,A,extraction,bcs,hbt_bcs,125,1,0,open,1e12,5.62341E-10,5.623410e-10,0.518664,0.240783,4.77076E-10
a_nx1_bcs_125c_rbopen_st0,A,extraction,bcs,hbt_bcs,125,1,0,open,1e12,7.49894E-10,7.498940e-10,0.744576,0.252591,6.64403E-10
a_nx1_bcs_125c_rbopen_st0,A,extraction,bcs,hbt_bcs,125,1,0,open,1e12,1E-09,1.000000e-09,0.919411,0.263977,9.14334E-10
a_nx1_bcs_125c_rbopen_st0,A,extraction,bcs,hbt_bcs,125,1,0,open,1e12,1.33352E-09,1.333520e-09,1.01812,0.275072,1.24776E-09
a_nx1_bcs_125c_rbopen_st0,A,extraction,bcs,hbt_bcs,125,1,0,open,1e12,1.77828E-09,1.778280e-09,1.07742,0.285953,1.69246E-09
a_nx1_bcs_125c_rbopen_st0,A,extraction,bcs,hbt_bcs,125,1,0,open,1e12,2.37137E-09,2.371370e-09,1.11677,0.296677,2.28551E-09
a_nx1_bcs_125c_rbopen_st0,A,extraction,bcs,hbt_bcs,125,1,0,open,1e12,3.16228E-09,3.162280e-09,1.14456,0.307286,3.07639E-09
a_nx1_bcs_125c_rbopen_st0,A,extraction,bcs,hbt_bcs,125,1,0,open,1e12,4.21697E-09,4.216970e-09,1.16617,0.317809,4.13106E-09
a_nx1_bcs_125c_rbopen_st0,A,extraction,bcs,hbt_bcs,125,1,0,open,1e12,5.62341E-09,5.623410e-09,1.18173,0.328269,5.53748E-09
a_nx1_bcs_125c_rbopen_st0,A,extraction,bcs,hbt_bcs,125,1,0,open,1e12,7.49894E-09,7.498940e-09,1.19441,0.338681,7.413E-09
a_nx1_bcs_125c_rbopen_st0,A,extraction,bcs,hbt_bcs,125,1,0,open,1e12,1E-08,1.000000e-08,1.20501,0.349058,9.91405E-09
a_nx1_bcs_125c_rbopen_st0,A,extraction,bcs,hbt_bcs,125,1,0,open,1e12,1.33352E-08,1.333520e-08,1.21433,0.359409,1.32492E-08
a_nx1_bcs_125c_rbopen_st0,A,extraction,bcs,hbt_bcs,125,1,0,open,1e12,1.77828E-08,1.778280e-08,1.22277,0.36974,1.76968E-08
a_nx1_bcs_125c_rbopen_st0,A,extraction,bcs,hbt_bcs,125,1,0,open,1e12,2.37137E-08,2.371370e-08,1.23064,0.380056,2.36277E-08
a_nx1_bcs_125c_rbopen_st0,A,extraction,bcs,hbt_bcs,125,1,0,open,1e12,3.16228E-08,3.162280e-08,1.2382,0.390362,3.15368E-08
a_nx1_bcs_125c_rbopen_st0,A,extraction,bcs,hbt_bcs,125,1,0,open,1e12,4.21697E-08,4.216970e-08,1.24556,0.400659,4.20837E-08
a_nx1_bcs_125c_rbopen_st0,A,extraction,bcs,hbt_bcs,125,1,0,open,1e12,5.62341E-08,5.623410e-08,1.25288,0.410949,5.61481E-08
a_nx1_bcs_125c_rbopen_st0,A,extraction,bcs,hbt_bcs,125,1,0,open,1e12,7.49894E-08,7.498940e-08,1.26019,0.421235,7.49034E-08
a_nx1_bcs_125c_rbopen_st0,A,extraction,bcs,hbt_bcs,125,1,0,open,1e12,1E-07,1.000000e-07,1.26757,0.431518,9.9914E-08
a_nx1_bcs_125c_rbopen_st0,A,extraction,bcs,hbt_bcs,125,1,0,open,1e12,1.33352E-07,1.333520e-07,1.27506,0.441799,1.33266E-07
a_nx1_bcs_125c_rbopen_st0,A,extraction,bcs,hbt_bcs,125,1,0,open,1e12,1.77828E-07,1.778280e-07,1.28277,0.452078,1.77742E-07
a_nx1_bcs_125c_rbopen_st0,A,extraction,bcs,hbt_bcs,125,1,0,open,1e12,2.37137E-07,2.371370e-07,1.29039,0.462355,2.37051E-07
a_nx1_bcs_125c_rbopen_st0,A,extraction,bcs,hbt_bcs,125,1,0,open,1e12,3.16228E-07,3.162280e-07,1.29876,0.472633,3.16142E-07
a_nx1_bcs_125c_rbopen_st0,A,extraction,bcs,hbt_bcs,125,1,0,open,1e12,4.21697E-07,4.216970e-07,1.30737,0.48291,4.21611E-07
a_nx1_bcs_125c_rbopen_st0,A,extraction,bcs,hbt_bcs,125,1,0,open,1e12,5.62341E-07,5.623410e-07,1.31439,0.493188,5.62255E-07
a_nx1_bcs_125c_rbopen_st0,A,extraction,bcs,hbt_bcs,125,1,0,open,1e12,7.49894E-07,7.498940e-07,1.32271,0.503467,7.49808E-07
a_nx1_bcs_125c_rbopen_st0,A,extraction,bcs,hbt_bcs,125,1,0,open,1e12,1E-06,1.000000e-06,1.331,0.513748,9.99914E-07
a_nx1_bcs_125c_rbopen_st0,A,extraction,bcs,hbt_bcs,125,1,0,open,1e12,1.33352E-06,1.333520e-06,1.33948,0.524031,1.33343E-06
a_nx1_bcs_125c_rbopen_st0,A,extraction,bcs,hbt_bcs,125,1,0,open,1e12,1.77828E-06,1.778280e-06,1.34866,0.534318,1.77819E-06
a_nx1_bcs_125c_rbopen_st0,A,extraction,bcs,hbt_bcs,125,1,0,open,1e12,2.37137E-06,2.371370e-06,1.35679,0.54461,2.37128E-06
a_nx1_bcs_125c_rbopen_st0,A,extraction,bcs,hbt_bcs,125,1,0,open,1e12,3.16228E-06,3.162280e-06,1.36561,0.554908,3.16219E-06
a_nx1_bcs_125c_rbopen_st0,A,extraction,bcs,hbt_bcs,125,1,0,open,1e12,4.21697E-06,4.216970e-06,1.37461,0.565215,4.21688E-06
a_nx1_bcs_125c_rbopen_st0,A,extraction,bcs,hbt_bcs,125,1,0,open,1e12,5.62341E-06,5.623410e-06,1.38362,0.575533,5.62332E-06
a_nx1_bcs_125c_rbopen_st0,A,extraction,bcs,hbt_bcs,125,1,0,open,1e12,7.49894E-06,7.498940e-06,1.3929,0.585866,7.49885E-06
a_nx1_bcs_125c_rbopen_st0,A,extraction,bcs,hbt_bcs,125,1,0,open,1e12,1E-05,1.000000e-05,1.40229,0.59622,9.99991E-06
a_nx1_bcs_125c_rbopen_st0,A,extraction,bcs,hbt_bcs,125,1,0,open,1e12,1.33352E-05,1.333520e-05,1.41174,0.606601,1.33351E-05
a_nx1_bcs_125c_rbopen_st0,A,extraction,bcs,hbt_bcs,125,1,0,open,1e12,1.77828E-05,1.778280e-05,1.42155,0.617019,1.77827E-05
a_nx1_bcs_125c_rbopen_st0,A,extraction,bcs,hbt_bcs,125,1,0,open,1e12,2.37137E-05,2.371370e-05,1.43167,0.627484,2.37136E-05
a_nx1_bcs_125c_rbopen_st0,A,extraction,bcs,hbt_bcs,125,1,0,open,1e12,3.16228E-05,3.162280e-05,1.44216,0.638013,3.16227E-05
a_nx1_bcs_125c_rbopen_st0,A,extraction,bcs,hbt_bcs,125,1,0,open,1e12,4.21697E-05,4.216970e-05,1.45317,0.648627,4.21696E-05
a_nx1_bcs_125c_rbopen_st0,A,extraction,bcs,hbt_bcs,125,1,0,open,1e12,5.62341E-05,5.623410e-05,1.46573,0.659352,5.6234E-05
a_nx1_bcs_125c_rbopen_st0,A,extraction,bcs,hbt_bcs,125,1,0,open,1e12,7.49894E-05,7.498940e-05,1.47737,0.670228,7.49893E-05
a_nx1_bcs_125c_rbopen_st0,A,extraction,bcs,hbt_bcs,125,1,0,open,1e12,0.0001,1.000000e-04,1.49104,0.6813,9.99999E-05
a_nx1_bcs_125c_rbopen_st0,A,extraction,bcs,hbt_bcs,125,1,0,open,1e12,0.000133352,1.333520e-04,1.50552,0.692808,0.000133352
a_nx1_bcs_125c_rbopen_st0,A,extraction,bcs,hbt_bcs,125,1,0,open,1e12,0.000177828,1.778280e-04,1.52337,0.704309,0.000177828
a_nx1_bcs_125c_rbopen_st0,A,extraction,bcs,hbt_bcs,125,1,0,open,1e12,0.000237137,2.371370e-04,1.54309,0.716437,0.000237137
a_nx1_bcs_125c_rbopen_st0,A,extraction,bcs,hbt_bcs,125,1,0,open,1e12,0.000316228,3.162280e-04,1.56626,0.729156,0.000316228
a_nx1_bcs_125c_rbopen_st0,A,extraction,bcs,hbt_bcs,125,1,0,open,1e12,0.000421697,4.216970e-04,1.59386,0.742647,0.000421697
a_nx1_bcs_125c_rbopen_st0,A,extraction,bcs,hbt_bcs,125,1,0,open,1e12,0.000562341,5.623410e-04,1.62731,0.757138,0.000562341
a_nx1_bcs_125c_rbopen_st0,A,extraction,bcs,hbt_bcs,125,1,0,open,1e12,0.000749894,7.498940e-04,1.66835,0.772922,0.000749894
a_nx1_bcs_125c_rbopen_st0,A,extraction,bcs,hbt_bcs,125,1,0,open,1e12,0.001,1.000000e-03,1.71926,0.790366,0.001
a_nx1_bcs_125c_rbopen_st0,A,extraction,bcs,hbt_bcs,125,1,0,open,1e12,0.00133352,1.333520e-03,1.78291,0.80993,0.00133352
a_nx1_bcs_125c_rbopen_st0,A,extraction,bcs,hbt_bcs,125,1,0,open,1e12,0.00177828,1.778280e-03,1.86303,0.832195,0.00177828
a_nx1_bcs_125c_rbopen_st0,A,extraction,bcs,hbt_bcs,125,1,0,open,1e12,0.00237137,2.371370e-03,1.96451,0.857892,0.00237137
a_nx1_bcs_125c_rbopen_st0,A,extraction,bcs,hbt_bcs,125,1,0,open,1e12,0.00316228,3.162280e-03,2.09517,0.887959,0.00316228
a_nx8_bcs_125c_rbopen_st1,A,extraction,bcs,hbt_bcs,125,8,1,open,1e12,8E-10,1.000000e-10,0.180892,0.162894,4.28446E-10
a_nx8_bcs_125c_rbopen_st1,A,extraction,bcs,hbt_bcs,125,8,1,open,1e12,1.06682E-09,1.333525e-10,0.205361,0.180051,6.94067E-10
a_nx8_bcs_125c_rbopen_st1,A,extraction,bcs,hbt_bcs,125,8,1,open,1e12,1.42262E-09,1.778275e-10,0.229591,0.194777,1.04924E-09
a_nx8_bcs_125c_rbopen_st1,A,extraction,bcs,hbt_bcs,125,8,1,open,1e12,1.8971E-09,2.371375e-10,0.256122,0.208076,1.52335E-09
a_nx8_bcs_125c_rbopen_st1,A,extraction,bcs,hbt_bcs,125,8,1,open,1e12,2.52982E-09,3.162275e-10,0.288751,0.220469,2.15584E-09
a_nx8_bcs_125c_rbopen_st1,A,extraction,bcs,hbt_bcs,125,8,1,open,1e12,3.37357E-09,4.216962e-10,0.337463,0.232255,2.99944E-09
a_nx8_bcs_125c_rbopen_st1,A,extraction,bcs,hbt_bcs,125,8,1,open,1e12,4.49873E-09,5.623413e-10,0.474939,0.243609,4.12441E-09
a_nx8_bcs_125c_rbopen_st1,A,extraction,bcs,hbt_bcs,125,8,1,open,1e12,5.99915E-09,7.498938e-10,0.925172,0.254617,5.62438E-09
a_nx8_bcs_125c_rbopen_st1,A,extraction,bcs,hbt_bcs,125,8,1,open,1e12,8E-09,1.000000e-09,1.03426,0.26547,7.62512E-09
a_nx8_bcs_125c_rbopen_st1,A,extraction,bcs,hbt_bcs,125,8,1,open,1e12,1.06682E-08,1.333525e-09,1.0893,0.276178,1.02933E-08
a_nx8_bcs_125c_rbopen_st1,A,extraction,bcs,hbt_bcs,125,8,1,open,1e12,1.42262E-08,1.778275e-09,1.12449,0.286774,1.38512E-08
a_nx8_bcs_125c_rbopen_st1,A,extraction,bcs,hbt_bcs,125,8,1,open,1e12,1.8971E-08,2.371375e-09,1.14895,0.297289,1.8596E-08
a_nx8_bcs_125c_rbopen_st1,A,extraction,bcs,hbt_bcs,125,8,1,open,1e12,2.52982E-08,3.162275e-09,1.16702,0.307742,2.49232E-08
a_nx8_bcs_125c_rbopen_st1,A,extraction,bcs,hbt_bcs,125,8,1,open,1e12,3.37357E-08,4.216963e-09,1.18106,0.31815,3.33607E-08
a_nx8_bcs_125c_rbopen_st1,A,extraction,bcs,hbt_bcs,125,8,1,open,1e12,4.49873E-08,5.623413e-09,1.19245,0.328523,4.46123E-08
a_nx8_bcs_125c_rbopen_st1,A,extraction,bcs,hbt_bcs,125,8,1,open,1e12,5.99915E-08,7.498937e-09,1.2021,0.338872,5.96164E-08
a_nx8_bcs_125c_rbopen_st1,A,extraction,bcs,hbt_bcs,125,8,1,open,1e12,8E-08,1.000000e-08,1.21059,0.349201,7.96249E-08
a_nx8_bcs_125c_rbopen_st1,A,extraction,bcs,hbt_bcs,125,8,1,open,1e12,1.06682E-07,1.333525e-08,1.21836,0.359516,1.06307E-07
a_nx8_bcs_125c_rbopen_st1,A,extraction,bcs,hbt_bcs,125,8,1,open,1e12,1.42262E-07,1.778275e-08,1.22566,0.36982,1.41887E-07
a_nx8_bcs_125c_rbopen_st1,A,extraction,bcs,hbt_bcs,125,8,1,open,1e12,1.8971E-07,2.371375e-08,1.23272,0.380116,1.89335E-07
a_nx8_bcs_125c_rbopen_st1,A,extraction,bcs,hbt_bcs,125,8,1,open,1e12,2.52982E-07,3.162275e-08,1.23967,0.390406,2.52607E-07
a_nx8_bcs_125c_rbopen_st1,A,extraction,bcs,hbt_bcs,125,8,1,open,1e12,3.37357E-07,4.216963e-08,1.24661,0.400691,3.36982E-07
a_nx8_bcs_125c_rbopen_st1,A,extraction,bcs,hbt_bcs,125,8,1,open,1e12,4.49873E-07,5.623413e-08,1.25361,0.410973,4.49498E-07
a_nx8_bcs_125c_rbopen_st1,A,extraction,bcs,hbt_bcs,125,8,1,open,1e12,5.99915E-07,7.498937e-08,1.26071,0.421252,5.9954E-07
a_nx8_bcs_125c_rbopen_st1,A,extraction,bcs,hbt_bcs,125,8,1,open,1e12,8E-07,1.000000e-07,1.26794,0.43153,7.99625E-07
a_nx8_bcs_125c_rbopen_st1,A,extraction,bcs,hbt_bcs,125,8,1,open,1e12,1.06682E-06,1.333525e-07,1.27531,0.441806,1.06644E-06
a_nx8_bcs_125c_rbopen_st1,A,extraction,bcs,hbt_bcs,125,8,1,open,1e12,1.42262E-06,1.778275e-07,1.28283,0.45208,1.42224E-06
a_nx8_bcs_125c_rbopen_st1,A,extraction,bcs,hbt_bcs,125,8,1,open,1e12,1.8971E-06,2.371375e-07,1.2905,0.462354,1.89672E-06
a_nx8_bcs_125c_rbopen_st1,A,extraction,bcs,hbt_bcs,125,8,1,open,1e12,2.52982E-06,3.162275e-07,1.29833,0.472628,2.52944E-06
a_nx8_bcs_125c_rbopen_st1,A,extraction,bcs,hbt_bcs,125,8,1,open,1e12,3.37357E-06,4.216963e-07,1.30629,0.482901,3.37319E-06
a_nx8_bcs_125c_rbopen_st1,A,extraction,bcs,hbt_bcs,125,8,1,open,1e12,4.49873E-06,5.623413e-07,1.3144,0.493175,4.49835E-06
a_nx8_bcs_125c_rbopen_st1,A,extraction,bcs,hbt_bcs,125,8,1,open,1e12,5.99915E-06,7.498937e-07,1.32263,0.503448,5.99877E-06
a_nx8_bcs_125c_rbopen_st1,A,extraction,bcs,hbt_bcs,125,8,1,open,1e12,8E-06,1.000000e-06,1.33099,0.513722,7.99962E-06
a_nx8_bcs_125c_rbopen_st1,A,extraction,bcs,hbt_bcs,125,8,1,open,1e12,1.06682E-05,1.333525e-06,1.33947,0.523996,1.06678E-05
a_nx8_bcs_125c_rbopen_st1,A,extraction,bcs,hbt_bcs,125,8,1,open,1e12,1.42262E-05,1.778275e-06,1.34806,0.534271,1.42258E-05
a_nx8_bcs_125c_rbopen_st1,A,extraction,bcs,hbt_bcs,125,8,1,open,1e12,1.8971E-05,2.371375e-06,1.35676,0.544547,1.89706E-05
a_nx8_bcs_125c_rbopen_st1,A,extraction,bcs,hbt_bcs,125,8,1,open,1e12,2.52982E-05,3.162275e-06,1.36557,0.554825,2.52978E-05
a_nx8_bcs_125c_rbopen_st1,A,extraction,bcs,hbt_bcs,125,8,1,open,1e12,3.37357E-05,4.216963e-06,1.37449,0.565105,3.37353E-05
a_nx8_bcs_125c_rbopen_st1,A,extraction,bcs,hbt_bcs,125,8,1,open,1e12,4.49873E-05,5.623413e-06,1.38354,0.575389,4.49869E-05
a_nx8_bcs_125c_rbopen_st1,A,extraction,bcs,hbt_bcs,125,8,1,open,1e12,5.99915E-05,7.498938e-06,1.39273,0.585677,5.99911E-05
a_nx8_bcs_125c_rbopen_st1,A,extraction,bcs,hbt_bcs,125,8,1,open,1e12,8E-05,1.000000e-05,1.40207,0.595971,7.99996E-05
a_nx8_bcs_125c_rbopen_st1,A,extraction,bcs,hbt_bcs,125,8,1,open,1e12,0.000106682,1.333525e-05,1.41161,0.606274,0.000106682
a_nx8_bcs_125c_rbopen_st1,A,extraction,bcs,hbt_bcs,125,8,1,open,1e12,0.000142262,1.778275e-05,1.42138,0.616588,0.000142262
a_nx8_bcs_125c_rbopen_st1,A,extraction,bcs,hbt_bcs,125,8,1,open,1e12,0.00018971,2.371375e-05,1.43145,0.626919,0.00018971
a_nx8_bcs_125c_rbopen_st1,A,extraction,bcs,hbt_bcs,125,8,1,open,1e12,0.000252982,3.162275e-05,1.4419,0.637272,0.000252982
a_nx8_bcs_125c_rbopen_st1,A,extraction,bcs,hbt_bcs,125,8,1,open,1e12,0.000337357,4.216962e-05,1.45285,0.647655,0.000337357
a_nx8_bcs_125c_rbopen_st1,A,extraction,bcs,hbt_bcs,125,8,1,open,1e12,0.000449873,5.623412e-05,1.46444,0.658078,0.000449873
a_nx8_bcs_125c_rbopen_st1,A,extraction,bcs,hbt_bcs,125,8,1,open,1e12,0.000599915,7.498938e-05,1.4769,0.668556,0.000599915
a_nx8_bcs_125c_rbopen_st1,A,extraction,bcs,hbt_bcs,125,8,1,open,1e12,0.0008,1.000000e-04,1.49047,0.679109,0.0008
a_nx8_bcs_125c_rbopen_st1,A,extraction,bcs,hbt_bcs,125,8,1,open,1e12,0.00106682,1.333525e-04,1.50554,0.689759,0.00106682
a_nx8_bcs_125c_rbopen_st1,A,extraction,bcs,hbt_bcs,125,8,1,open,1e12,0.00142262,1.778275e-04,1.52258,0.700539,0.00142262
a_nx8_bcs_125c_rbopen_st1,A,extraction,bcs,hbt_bcs,125,8,1,open,1e12,0.0018971,2.371375e-04,1.54222,0.711488,0.0018971
a_nx8_bcs_125c_rbopen_st1,A,extraction,bcs,hbt_bcs,125,8,1,open,1e12,0.00252982,3.162275e-04,1.56528,0.722653,0.00252982
a_nx8_bcs_125c_rbopen_st1,A,extraction,bcs,hbt_bcs,125,8,1,open,1e12,0.00337357,4.216963e-04,1.59284,0.734085,0.00337357
a_nx8_bcs_125c_rbopen_st1,A,extraction,bcs,hbt_bcs,125,8,1,open,1e12,0.00449873,5.623413e-04,1.6263,0.745841,0.00449873
a_nx8_bcs_125c_rbopen_st1,A,extraction,bcs,hbt_bcs,125,8,1,open,1e12,0.00599915,7.498937e-04,1.66744,0.757964,0.00599915
a_nx8_bcs_125c_rbopen_st1,A,extraction,bcs,hbt_bcs,125,8,1,open,1e12,0.008,1.000000e-03,1.71853,0.770471,0.008
a_nx8_bcs_125c_rbopen_st1,A,extraction,bcs,hbt_bcs,125,8,1,open,1e12,0.0106682,1.333525e-03,1.78242,0.783307,0.0106682
a_nx8_bcs_125c_rbopen_st1,A,extraction,bcs,hbt_bcs,125,8,1,open,1e12,0.0142262,1.778275e-03,1.86257,0.796283,0.0142262
a_nx8_bcs_125c_rbopen_st1,A,extraction,bcs,hbt_bcs,125,8,1,open,1e12,0.018971,2.371375e-03,1.96292,0.808964,0.0189709
a_nx8_bcs_125c_rbopen_st1,A,extraction,bcs,hbt_bcs,125,8,1,open,1e12,0.0252982,3.162275e-03,2.08636,0.820529,0.0252979
a_nx8_bcs_125c_rbopen_st0,A,extraction,bcs,hbt_bcs,125,8,0,open,1e12,8E-10,1.000000e-10,0.180892,0.162894,4.28446E-10
a_nx8_bcs_125c_rbopen_st0,A,extraction,bcs,hbt_bcs,125,8,0,open,1e12,1.06682E-09,1.333525e-10,0.205361,0.180051,6.94068E-10
a_nx8_bcs_125c_rbopen_st0,A,extraction,bcs,hbt_bcs,125,8,0,open,1e12,1.42262E-09,1.778275e-10,0.229591,0.194777,1.04924E-09
a_nx8_bcs_125c_rbopen_st0,A,extraction,bcs,hbt_bcs,125,8,0,open,1e12,1.8971E-09,2.371375e-10,0.256122,0.208076,1.52335E-09
a_nx8_bcs_125c_rbopen_st0,A,extraction,bcs,hbt_bcs,125,8,0,open,1e12,2.52982E-09,3.162275e-10,0.288751,0.220469,2.15584E-09
a_nx8_bcs_125c_rbopen_st0,A,extraction,bcs,hbt_bcs,125,8,0,open,1e12,3.37357E-09,4.216962e-10,0.337462,0.232255,2.99944E-09
a_nx8_bcs_125c_rbopen_st0,A,extraction,bcs,hbt_bcs,125,8,0,open,1e12,4.49873E-09,5.623413e-10,0.474955,0.243609,4.12441E-09
a_nx8_bcs_125c_rbopen_st0,A,extraction,bcs,hbt_bcs,125,8,0,open,1e12,5.99915E-09,7.498938e-10,0.925172,0.254617,5.62438E-09
a_nx8_bcs_125c_rbopen_st0,A,extraction,bcs,hbt_bcs,125,8,0,open,1e12,8E-09,1.000000e-09,1.03363,0.265471,7.62512E-09
a_nx8_bcs_125c_rbopen_st0,A,extraction,bcs,hbt_bcs,125,8,0,open,1e12,1.06682E-08,1.333525e-09,1.0893,0.276178,1.02933E-08
a_nx8_bcs_125c_rbopen_st0,A,extraction,bcs,hbt_bcs,125,8,0,open,1e12,1.42262E-08,1.778275e-09,1.12449,0.286774,1.38512E-08
a_nx8_bcs_125c_rbopen_st0,A,extraction,bcs,hbt_bcs,125,8,0,open,1e12,1.8971E-08,2.371375e-09,1.14895,0.297289,1.8596E-08
a_nx8_bcs_125c_rbopen_st0,A,extraction,bcs,hbt_bcs,125,8,0,open,1e12,2.52982E-08,3.162275e-09,1.16702,0.307742,2.49232E-08
a_nx8_bcs_125c_rbopen_st0,A,extraction,bcs,hbt_bcs,125,8,0,open,1e12,3.37357E-08,4.216963e-09,1.18106,0.31815,3.33607E-08
a_nx8_bcs_125c_rbopen_st0,A,extraction,bcs,hbt_bcs,125,8,0,open,1e12,4.49873E-08,5.623413e-09,1.19245,0.328524,4.46123E-08
a_nx8_bcs_125c_rbopen_st0,A,extraction,bcs,hbt_bcs,125,8,0,open,1e12,5.99915E-08,7.498937e-09,1.2021,0.338872,5.96165E-08
a_nx8_bcs_125c_rbopen_st0,A,extraction,bcs,hbt_bcs,125,8,0,open,1e12,8E-08,1.000000e-08,1.21059,0.349201,7.96249E-08
a_nx8_bcs_125c_rbopen_st0,A,extraction,bcs,hbt_bcs,125,8,0,open,1e12,1.06682E-07,1.333525e-08,1.21836,0.359516,1.06307E-07
a_nx8_bcs_125c_rbopen_st0,A,extraction,bcs,hbt_bcs,125,8,0,open,1e12,1.42262E-07,1.778275e-08,1.22566,0.36982,1.41887E-07
a_nx8_bcs_125c_rbopen_st0,A,extraction,bcs,hbt_bcs,125,8,0,open,1e12,1.8971E-07,2.371375e-08,1.23272,0.380117,1.89335E-07
a_nx8_bcs_125c_rbopen_st0,A,extraction,bcs,hbt_bcs,125,8,0,open,1e12,2.52982E-07,3.162275e-08,1.23967,0.390407,2.52607E-07
a_nx8_bcs_125c_rbopen_st0,A,extraction,bcs,hbt_bcs,125,8,0,open,1e12,3.37357E-07,4.216963e-08,1.24662,0.400692,3.36982E-07
a_nx8_bcs_125c_rbopen_st0,A,extraction,bcs,hbt_bcs,125,8,0,open,1e12,4.49873E-07,5.623413e-08,1.25361,0.410975,4.49498E-07
a_nx8_bcs_125c_rbopen_st0,A,extraction,bcs,hbt_bcs,125,8,0,open,1e12,5.99915E-07,7.498937e-08,1.26071,0.421255,5.9954E-07
a_nx8_bcs_125c_rbopen_st0,A,extraction,bcs,hbt_bcs,125,8,0,open,1e12,8E-07,1.000000e-07,1.26794,0.431533,7.99625E-07
a_nx8_bcs_125c_rbopen_st0,A,extraction,bcs,hbt_bcs,125,8,0,open,1e12,1.06682E-06,1.333525e-07,1.27531,0.44181,1.06644E-06
a_nx8_bcs_125c_rbopen_st0,A,extraction,bcs,hbt_bcs,125,8,0,open,1e12,1.42262E-06,1.778275e-07,1.28283,0.452086,1.42224E-06
a_nx8_bcs_125c_rbopen_st0,A,extraction,bcs,hbt_bcs,125,8,0,open,1e12,1.8971E-06,2.371375e-07,1.29051,0.462361,1.89672E-06
a_nx8_bcs_125c_rbopen_st0,A,extraction,bcs,hbt_bcs,125,8,0,open,1e12,2.52982E-06,3.162275e-07,1.29833,0.472637,2.52944E-06
a_nx8_bcs_125c_rbopen_st0,A,extraction,bcs,hbt_bcs,125,8,0,open,1e12,3.37357E-06,4.216963e-07,1.3063,0.482914,3.37319E-06
a_nx8_bcs_125c_rbopen_st0,A,extraction,bcs,hbt_bcs,125,8,0,open,1e12,4.49873E-06,5.623413e-07,1.31441,0.493191,4.49835E-06
a_nx8_bcs_125c_rbopen_st0,A,extraction,bcs,hbt_bcs,125,8,0,open,1e12,5.99915E-06,7.498937e-07,1.32265,0.503469,5.99877E-06
a_nx8_bcs_125c_rbopen_st0,A,extraction,bcs,hbt_bcs,125,8,0,open,1e12,8E-06,1.000000e-06,1.33101,0.513749,7.99962E-06
a_nx8_bcs_125c_rbopen_st0,A,extraction,bcs,hbt_bcs,125,8,0,open,1e12,1.06682E-05,1.333525e-06,1.33949,0.524032,1.06678E-05
a_nx8_bcs_125c_rbopen_st0,A,extraction,bcs,hbt_bcs,125,8,0,open,1e12,1.42262E-05,1.778275e-06,1.34808,0.534319,1.42258E-05
a_nx8_bcs_125c_rbopen_st0,A,extraction,bcs,hbt_bcs,125,8,0,open,1e12,1.8971E-05,2.371375e-06,1.35679,0.54461,1.89706E-05
a_nx8_bcs_125c_rbopen_st0,A,extraction,bcs,hbt_bcs,125,8,0,open,1e12,2.52982E-05,3.162275e-06,1.36561,0.554908,2.52978E-05
a_nx8_bcs_125c_rbopen_st0,A,extraction,bcs,hbt_bcs,125,8,0,open,1e12,3.37357E-05,4.216963e-06,1.37455,0.565215,3.37353E-05
a_nx8_bcs_125c_rbopen_st0,A,extraction,bcs,hbt_bcs,125,8,0,open,1e12,4.49873E-05,5.623413e-06,1.38361,0.575533,4.49869E-05
a_nx8_bcs_125c_rbopen_st0,A,extraction,bcs,hbt_bcs,125,8,0,open,1e12,5.99915E-05,7.498938e-06,1.39281,0.585866,5.99911E-05
a_nx8_bcs_125c_rbopen_st0,A,extraction,bcs,hbt_bcs,125,8,0,open,1e12,8E-05,1.000000e-05,1.40218,0.59622,7.99996E-05
a_nx8_bcs_125c_rbopen_st0,A,extraction,bcs,hbt_bcs,125,8,0,open,1e12,0.000106682,1.333525e-05,1.41174,0.606602,0.000106682
a_nx8_bcs_125c_rbopen_st0,A,extraction,bcs,hbt_bcs,125,8,0,open,1e12,0.000142262,1.778275e-05,1.42155,0.617019,0.000142262
a_nx8_bcs_125c_rbopen_st0,A,extraction,bcs,hbt_bcs,125,8,0,open,1e12,0.00018971,2.371375e-05,1.43166,0.627484,0.00018971
a_nx8_bcs_125c_rbopen_st0,A,extraction,bcs,hbt_bcs,125,8,0,open,1e12,0.000252982,3.162275e-05,1.44216,0.638013,0.000252982
a_nx8_bcs_125c_rbopen_st0,A,extraction,bcs,hbt_bcs,125,8,0,open,1e12,0.000337357,4.216962e-05,1.45317,0.648627,0.000337357
a_nx8_bcs_125c_rbopen_st0,A,extraction,bcs,hbt_bcs,125,8,0,open,1e12,0.000449873,5.623412e-05,1.46484,0.659353,0.000449873
a_nx8_bcs_125c_rbopen_st0,A,extraction,bcs,hbt_bcs,125,8,0,open,1e12,0.000599915,7.498938e-05,1.47737,0.670228,0.000599915
a_nx8_bcs_125c_rbopen_st0,A,extraction,bcs,hbt_bcs,125,8,0,open,1e12,0.0008,1.000000e-04,1.49104,0.6813,0.0008
a_nx8_bcs_125c_rbopen_st0,A,extraction,bcs,hbt_bcs,125,8,0,open,1e12,0.00106682,1.333525e-04,1.50621,0.692633,0.00106682
a_nx8_bcs_125c_rbopen_st0,A,extraction,bcs,hbt_bcs,125,8,0,open,1e12,0.00142262,1.778275e-04,1.52335,0.704309,0.00142262
a_nx8_bcs_125c_rbopen_st0,A,extraction,bcs,hbt_bcs,125,8,0,open,1e12,0.0018971,2.371375e-04,1.54336,0.716437,0.0018971
a_nx8_bcs_125c_rbopen_st0,A,extraction,bcs,hbt_bcs,125,8,0,open,1e12,0.00252982,3.162275e-04,1.5666,0.729156,0.00252982
a_nx8_bcs_125c_rbopen_st0,A,extraction,bcs,hbt_bcs,125,8,0,open,1e12,0.00337357,4.216963e-04,1.59388,0.742647,0.00337357
a_nx8_bcs_125c_rbopen_st0,A,extraction,bcs,hbt_bcs,125,8,0,open,1e12,0.00449873,5.623413e-04,1.62732,0.757138,0.00449873
a_nx8_bcs_125c_rbopen_st0,A,extraction,bcs,hbt_bcs,125,8,0,open,1e12,0.00599915,7.498937e-04,1.66833,0.772959,0.00599915
a_nx8_bcs_125c_rbopen_st0,A,extraction,bcs,hbt_bcs,125,8,0,open,1e12,0.008,1.000000e-03,1.71947,0.790379,0.008
a_nx8_bcs_125c_rbopen_st0,A,extraction,bcs,hbt_bcs,125,8,0,open,1e12,0.0106682,1.333525e-03,1.78297,0.809942,0.0106682
a_nx8_bcs_125c_rbopen_st0,A,extraction,bcs,hbt_bcs,125,8,0,open,1e12,0.0142262,1.778275e-03,1.86302,0.832194,0.0142262
a_nx8_bcs_125c_rbopen_st0,A,extraction,bcs,hbt_bcs,125,8,0,open,1e12,0.018971,2.371375e-03,1.96441,0.857892,0.018971
a_nx8_bcs_125c_rbopen_st0,A,extraction,bcs,hbt_bcs,125,8,0,open,1e12,0.0252982,3.162275e-03,2.0934,0.887959,0.0252982
a_nx1_wcs_-40c_rbopen_st1,A,extraction,wcs,hbt_wcs,-40,1,1,open,1e12,1E-10,1.000000e-10,1.56329,0.574944,9.84367E-11
a_nx1_wcs_-40c_rbopen_st1,A,extraction,wcs,hbt_wcs,-40,1,1,open,1e12,1.33352E-10,1.333520e-10,1.58872,0.580965,1.31763E-10
a_nx1_wcs_-40c_rbopen_st1,A,extraction,wcs,hbt_wcs,-40,1,1,open,1e12,1.77828E-10,1.778280e-10,1.61118,0.586944,1.76217E-10
a_nx1_wcs_-40c_rbopen_st1,A,extraction,wcs,hbt_wcs,-40,1,1,open,1e12,2.37137E-10,2.371370e-10,1.63006,0.592893,2.35507E-10
a_nx1_wcs_-40c_rbopen_st1,A,extraction,wcs,hbt_wcs,-40,1,1,open,1e12,3.16228E-10,3.162280e-10,1.64511,0.598819,3.14583E-10
a_nx1_wcs_-40c_rbopen_st1,A,extraction,wcs,hbt_wcs,-40,1,1,open,1e12,4.21697E-10,4.216970e-10,1.65647,0.604727,4.20041E-10
a_nx1_wcs_-40c_rbopen_st1,A,extraction,wcs,hbt_wcs,-40,1,1,open,1e12,5.62341E-10,5.623410e-10,1.66457,0.610622,5.60676E-10
a_nx1_wcs_-40c_rbopen_st1,A,extraction,wcs,hbt_wcs,-40,1,1,open,1e12,7.49894E-10,7.498940e-10,1.66996,0.616507,7.48224E-10
a_nx1_wcs_-40c_rbopen_st1,A,extraction,wcs,hbt_wcs,-40,1,1,open,1e12,1E-09,1.000000e-09,1.67323,0.622384,9.98327E-10
a_nx1_wcs_-40c_rbopen_st1,A,extraction,wcs,hbt_wcs,-40,1,1,open,1e12,1.33352E-09,1.333520e-09,1.67495,0.628255,1.33185E-09
a_nx1_wcs_-40c_rbopen_st1,A,extraction,wcs,hbt_wcs,-40,1,1,open,1e12,1.77828E-09,1.778280e-09,1.67559,0.634121,1.7766E-09
a_nx1_wcs_-40c_rbopen_st1,A,extraction,wcs,hbt_wcs,-40,1,1,open,1e12,2.37137E-09,2.371370e-09,1.67555,0.639984,2.36969E-09
a_nx1_wcs_-40c_rbopen_st1,A,extraction,wcs,hbt_wcs,-40,1,1,open,1e12,3.16228E-09,3.162280e-09,1.67511,0.645844,3.1606E-09
a_nx1_wcs_-40c_rbopen_st1,A,extraction,wcs,hbt_wcs,-40,1,1,open,1e12,4.21697E-09,4.216970e-09,1.67451,0.651703,4.2153E-09
a_nx1_wcs_-40c_rbopen_st1,A,extraction,wcs,hbt_wcs,-40,1,1,open,1e12,5.62341E-09,5.623410e-09,1.67391,0.65756,5.62174E-09
a_nx1_wcs_-40c_rbopen_st1,A,extraction,wcs,hbt_wcs,-40,1,1,open,1e12,7.49894E-09,7.498940e-09,1.67342,0.663415,7.49727E-09
a_nx1_wcs_-40c_rbopen_st1,A,extraction,wcs,hbt_wcs,-40,1,1,open,1e12,1E-08,1.000000e-08,1.67311,0.66927,9.99833E-09
a_nx1_wcs_-40c_rbopen_st1,A,extraction,wcs,hbt_wcs,-40,1,1,open,1e12,1.33352E-08,1.333520e-08,1.67301,0.675124,1.33335E-08
a_nx1_wcs_-40c_rbopen_st1,A,extraction,wcs,hbt_wcs,-40,1,1,open,1e12,1.77828E-08,1.778280e-08,1.67316,0.680977,1.77811E-08
a_nx1_wcs_-40c_rbopen_st1,A,extraction,wcs,hbt_wcs,-40,1,1,open,1e12,2.37137E-08,2.371370e-08,1.67355,0.686831,2.3712E-08
a_nx1_wcs_-40c_rbopen_st1,A,extraction,wcs,hbt_wcs,-40,1,1,open,1e12,3.16228E-08,3.162280e-08,1.67417,0.692684,3.16211E-08
a_nx1_wcs_-40c_rbopen_st1,A,extraction,wcs,hbt_wcs,-40,1,1,open,1e12,4.21697E-08,4.216970e-08,1.67503,0.698536,4.2168E-08
a_nx1_wcs_-40c_rbopen_st1,A,extraction,wcs,hbt_wcs,-40,1,1,open,1e12,5.62341E-08,5.623410e-08,1.67611,0.704389,5.62324E-08
a_nx1_wcs_-40c_rbopen_st1,A,extraction,wcs,hbt_wcs,-40,1,1,open,1e12,7.49894E-08,7.498940e-08,1.67738,0.710241,7.49877E-08
a_nx1_wcs_-40c_rbopen_st1,A,extraction,wcs,hbt_wcs,-40,1,1,open,1e12,1E-07,1.000000e-07,1.67884,0.716094,9.99983E-08
a_nx1_wcs_-40c_rbopen_st1,A,extraction,wcs,hbt_wcs,-40,1,1,open,1e12,1.33352E-07,1.333520e-07,1.68046,0.721947,1.3335E-07
a_nx1_wcs_-40c_rbopen_st1,A,extraction,wcs,hbt_wcs,-40,1,1,open,1e12,1.77828E-07,1.778280e-07,1.68224,0.727799,1.77826E-07
a_nx1_wcs_-40c_rbopen_st1,A,extraction,wcs,hbt_wcs,-40,1,1,open,1e12,2.37137E-07,2.371370e-07,1.68415,0.733653,2.37135E-07
a_nx1_wcs_-40c_rbopen_st1,A,extraction,wcs,hbt_wcs,-40,1,1,open,1e12,3.16228E-07,3.162280e-07,1.68619,0.739506,3.16226E-07
a_nx1_wcs_-40c_rbopen_st1,A,extraction,wcs,hbt_wcs,-40,1,1,open,1e12,4.21697E-07,4.216970e-07,1.68834,0.74536,4.21695E-07
a_nx1_wcs_-40c_rbopen_st1,A,extraction,wcs,hbt_wcs,-40,1,1,open,1e12,5.62341E-07,5.623410e-07,1.69059,0.751215,5.62339E-07
a_nx1_wcs_-40c_rbopen_st1,A,extraction,wcs,hbt_wcs,-40,1,1,open,1e12,7.49894E-07,7.498940e-07,1.69294,0.757072,7.49892E-07
a_nx1_wcs_-40c_rbopen_st1,A,extraction,wcs,hbt_wcs,-40,1,1,open,1e12,1E-06,1.000000e-06,1.69538,0.76293,9.99998E-07
a_nx1_wcs_-40c_rbopen_st1,A,extraction,wcs,hbt_wcs,-40,1,1,open,1e12,1.33352E-06,1.333520e-06,1.6979,0.768789,1.33352E-06
a_nx1_wcs_-40c_rbopen_st1,A,extraction,wcs,hbt_wcs,-40,1,1,open,1e12,1.77828E-06,1.778280e-06,1.70052,0.774652,1.77828E-06
a_nx1_wcs_-40c_rbopen_st1,A,extraction,wcs,hbt_wcs,-40,1,1,open,1e12,2.37137E-06,2.371370e-06,1.70322,0.780519,2.37137E-06
a_nx1_wcs_-40c_rbopen_st1,A,extraction,wcs,hbt_wcs,-40,1,1,open,1e12,3.16228E-06,3.162280e-06,1.70602,0.786391,3.16228E-06
a_nx1_wcs_-40c_rbopen_st1,A,extraction,wcs,hbt_wcs,-40,1,1,open,1e12,4.21697E-06,4.216970e-06,1.70892,0.792271,4.21697E-06
a_nx1_wcs_-40c_rbopen_st1,A,extraction,wcs,hbt_wcs,-40,1,1,open,1e12,5.62341E-06,5.623410e-06,1.71194,0.79816,5.62341E-06
a_nx1_wcs_-40c_rbopen_st1,A,extraction,wcs,hbt_wcs,-40,1,1,open,1e12,7.49894E-06,7.498940e-06,1.71511,0.804062,7.49894E-06
a_nx1_wcs_-40c_rbopen_st1,A,extraction,wcs,hbt_wcs,-40,1,1,open,1e12,1E-05,1.000000e-05,1.71845,0.809982,1E-05
a_nx1_wcs_-40c_rbopen_st1,A,extraction,wcs,hbt_wcs,-40,1,1,open,1e12,1.33352E-05,1.333520e-05,1.72202,0.815926,1.33352E-05
a_nx1_wcs_-40c_rbopen_st1,A,extraction,wcs,hbt_wcs,-40,1,1,open,1e12,1.77828E-05,1.778280e-05,1.72586,0.821903,1.77828E-05
a_nx1_wcs_-40c_rbopen_st1,A,extraction,wcs,hbt_wcs,-40,1,1,open,1e12,2.37137E-05,2.371370e-05,1.73008,0.827924,2.37137E-05
a_nx1_wcs_-40c_rbopen_st1,A,extraction,wcs,hbt_wcs,-40,1,1,open,1e12,3.16228E-05,3.162280e-05,1.73477,0.834005,3.16228E-05
a_nx1_wcs_-40c_rbopen_st1,A,extraction,wcs,hbt_wcs,-40,1,1,open,1e12,4.21697E-05,4.216970e-05,1.74009,0.840166,4.21697E-05
a_nx1_wcs_-40c_rbopen_st1,A,extraction,wcs,hbt_wcs,-40,1,1,open,1e12,5.62341E-05,5.623410e-05,1.74623,0.846435,5.62341E-05
a_nx1_wcs_-40c_rbopen_st1,A,extraction,wcs,hbt_wcs,-40,1,1,open,1e12,7.49894E-05,7.498940e-05,1.75347,0.852849,7.49894E-05
a_nx1_wcs_-40c_rbopen_st1,A,extraction,wcs,hbt_wcs,-40,1,1,open,1e12,0.0001,1.000000e-04,1.76215,0.859457,0.0001
a_nx1_wcs_-40c_rbopen_st1,A,extraction,wcs,hbt_wcs,-40,1,1,open,1e12,0.000133352,1.333520e-04,1.77274,0.866324,0.000133352
a_nx1_wcs_-40c_rbopen_st1,A,extraction,wcs,hbt_wcs,-40,1,1,open,1e12,0.000177828,1.778280e-04,1.78587,0.873537,0.000177828
a_nx1_wcs_-40c_rbopen_st1,A,extraction,wcs,hbt_wcs,-40,1,1,open,1e12,0.000237137,2.371370e-04,1.80234,0.881206,0.000237137
a_nx1_wcs_-40c_rbopen_st1,A,extraction,wcs,hbt_wcs,-40,1,1,open,1e12,0.000316228,3.162280e-04,1.82322,0.889474,0.000316228
a_nx1_wcs_-40c_rbopen_st1,A,extraction,wcs,hbt_wcs,-40,1,1,open,1e12,0.000421697,4.216970e-04,1.8499,0.89852,0.000421697
a_nx1_wcs_-40c_rbopen_st1,A,extraction,wcs,hbt_wcs,-40,1,1,open,1e12,0.000562341,5.623410e-04,1.88416,0.908565,0.000562341
a_nx1_wcs_-40c_rbopen_st1,A,extraction,wcs,hbt_wcs,-40,1,1,open,1e12,0.000749894,7.498940e-04,1.92829,0.919869,0.000749894
a_nx1_wcs_-40c_rbopen_st1,A,extraction,wcs,hbt_wcs,-40,1,1,open,1e12,0.001,1.000000e-03,1.98517,0.932717,0.001
a_nx1_wcs_-40c_rbopen_st1,A,extraction,wcs,hbt_wcs,-40,1,1,open,1e12,0.00133352,1.333520e-03,2.05834,0.947386,0.00133352
a_nx1_wcs_-40c_rbopen_st1,A,extraction,wcs,hbt_wcs,-40,1,1,open,1e12,0.00177828,1.778280e-03,2.15198,0.964076,0.00177828
a_nx1_wcs_-40c_rbopen_st1,A,extraction,wcs,hbt_wcs,-40,1,1,open,1e12,0.00237137,2.371370e-03,2.27061,0.982757,0.00237137
a_nx1_wcs_-40c_rbopen_st1,A,extraction,wcs,hbt_wcs,-40,1,1,open,1e12,0.00316228,3.162280e-03,2.41837,1.00301,0.00316228
a_nx1_wcs_-40c_rbopen_st0,A,extraction,wcs,hbt_wcs,-40,1,0,open,1e12,1E-10,1.000000e-10,1.56329,0.574944,9.84367E-11
a_nx1_wcs_-40c_rbopen_st0,A,extraction,wcs,hbt_wcs,-40,1,0,open,1e12,1.33352E-10,1.333520e-10,1.58872,0.580965,1.31763E-10
a_nx1_wcs_-40c_rbopen_st0,A,extraction,wcs,hbt_wcs,-40,1,0,open,1e12,1.77828E-10,1.778280e-10,1.61118,0.586944,1.76217E-10
a_nx1_wcs_-40c_rbopen_st0,A,extraction,wcs,hbt_wcs,-40,1,0,open,1e12,2.37137E-10,2.371370e-10,1.63008,0.5929,2.35507E-10
a_nx1_wcs_-40c_rbopen_st0,A,extraction,wcs,hbt_wcs,-40,1,0,open,1e12,3.16228E-10,3.162280e-10,1.64511,0.59882,3.14583E-10
a_nx1_wcs_-40c_rbopen_st0,A,extraction,wcs,hbt_wcs,-40,1,0,open,1e12,4.21697E-10,4.216970e-10,1.65647,0.604728,4.20041E-10
a_nx1_wcs_-40c_rbopen_st0,A,extraction,wcs,hbt_wcs,-40,1,0,open,1e12,5.62341E-10,5.623410e-10,1.66457,0.610622,5.60676E-10
a_nx1_wcs_-40c_rbopen_st0,A,extraction,wcs,hbt_wcs,-40,1,0,open,1e12,7.49894E-10,7.498940e-10,1.66994,0.616509,7.48224E-10
a_nx1_wcs_-40c_rbopen_st0,A,extraction,wcs,hbt_wcs,-40,1,0,open,1e12,1E-09,1.000000e-09,1.67323,0.622384,9.98327E-10
a_nx1_wcs_-40c_rbopen_st0,A,extraction,wcs,hbt_wcs,-40,1,0,open,1e12,1.33352E-09,1.333520e-09,1.67495,0.628255,1.33185E-09
a_nx1_wcs_-40c_rbopen_st0,A,extraction,wcs,hbt_wcs,-40,1,0,open,1e12,1.77828E-09,1.778280e-09,1.67559,0.634121,1.7766E-09
a_nx1_wcs_-40c_rbopen_st0,A,extraction,wcs,hbt_wcs,-40,1,0,open,1e12,2.37137E-09,2.371370e-09,1.67554,0.639985,2.36969E-09
a_nx1_wcs_-40c_rbopen_st0,A,extraction,wcs,hbt_wcs,-40,1,0,open,1e12,3.16228E-09,3.162280e-09,1.67511,0.645845,3.1606E-09
a_nx1_wcs_-40c_rbopen_st0,A,extraction,wcs,hbt_wcs,-40,1,0,open,1e12,4.21697E-09,4.216970e-09,1.67451,0.651703,4.2153E-09
a_nx1_wcs_-40c_rbopen_st0,A,extraction,wcs,hbt_wcs,-40,1,0,open,1e12,5.62341E-09,5.623410e-09,1.67391,0.65756,5.62174E-09
a_nx1_wcs_-40c_rbopen_st0,A,extraction,wcs,hbt_wcs,-40,1,0,open,1e12,7.49894E-09,7.498940e-09,1.67342,0.663416,7.49727E-09
a_nx1_wcs_-40c_rbopen_st0,A,extraction,wcs,hbt_wcs,-40,1,0,open,1e12,1E-08,1.000000e-08,1.67311,0.66927,9.99833E-09
a_nx1_wcs_-40c_rbopen_st0,A,extraction,wcs,hbt_wcs,-40,1,0,open,1e12,1.33352E-08,1.333520e-08,1.67301,0.675124,1.33335E-08
a_nx1_wcs_-40c_rbopen_st0,A,extraction,wcs,hbt_wcs,-40,1,0,open,1e12,1.77828E-08,1.778280e-08,1.67316,0.680978,1.77811E-08
a_nx1_wcs_-40c_rbopen_st0,A,extraction,wcs,hbt_wcs,-40,1,0,open,1e12,2.37137E-08,2.371370e-08,1.67355,0.686831,2.3712E-08
a_nx1_wcs_-40c_rbopen_st0,A,extraction,wcs,hbt_wcs,-40,1,0,open,1e12,3.16228E-08,3.162280e-08,1.67418,0.692685,3.16211E-08
a_nx1_wcs_-40c_rbopen_st0,A,extraction,wcs,hbt_wcs,-40,1,0,open,1e12,4.21697E-08,4.216970e-08,1.67503,0.698538,4.2168E-08
a_nx1_wcs_-40c_rbopen_st0,A,extraction,wcs,hbt_wcs,-40,1,0,open,1e12,5.62341E-08,5.623410e-08,1.67611,0.70439,5.62324E-08
a_nx1_wcs_-40c_rbopen_st0,A,extraction,wcs,hbt_wcs,-40,1,0,open,1e12,7.49894E-08,7.498940e-08,1.67738,0.710244,7.49877E-08
a_nx1_wcs_-40c_rbopen_st0,A,extraction,wcs,hbt_wcs,-40,1,0,open,1e12,1E-07,1.000000e-07,1.67884,0.716097,9.99983E-08
a_nx1_wcs_-40c_rbopen_st0,A,extraction,wcs,hbt_wcs,-40,1,0,open,1e12,1.33352E-07,1.333520e-07,1.68047,0.72195,1.3335E-07
a_nx1_wcs_-40c_rbopen_st0,A,extraction,wcs,hbt_wcs,-40,1,0,open,1e12,1.77828E-07,1.778280e-07,1.68224,0.727805,1.77826E-07
a_nx1_wcs_-40c_rbopen_st0,A,extraction,wcs,hbt_wcs,-40,1,0,open,1e12,2.37137E-07,2.371370e-07,1.68415,0.733659,2.37135E-07
a_nx1_wcs_-40c_rbopen_st0,A,extraction,wcs,hbt_wcs,-40,1,0,open,1e12,3.16228E-07,3.162280e-07,1.68619,0.739515,3.16226E-07
a_nx1_wcs_-40c_rbopen_st0,A,extraction,wcs,hbt_wcs,-40,1,0,open,1e12,4.21697E-07,4.216970e-07,1.68834,0.745372,4.21695E-07
a_nx1_wcs_-40c_rbopen_st0,A,extraction,wcs,hbt_wcs,-40,1,0,open,1e12,5.62341E-07,5.623410e-07,1.6906,0.751231,5.62339E-07
a_nx1_wcs_-40c_rbopen_st0,A,extraction,wcs,hbt_wcs,-40,1,0,open,1e12,7.49894E-07,7.498940e-07,1.69294,0.757091,7.49892E-07
a_nx1_wcs_-40c_rbopen_st0,A,extraction,wcs,hbt_wcs,-40,1,0,open,1e12,1E-06,1.000000e-06,1.69539,0.762955,9.99998E-07
a_nx1_wcs_-40c_rbopen_st0,A,extraction,wcs,hbt_wcs,-40,1,0,open,1e12,1.33352E-06,1.333520e-06,1.69792,0.768823,1.33352E-06
a_nx1_wcs_-40c_rbopen_st0,A,extraction,wcs,hbt_wcs,-40,1,0,open,1e12,1.77828E-06,1.778280e-06,1.70053,0.774697,1.77828E-06
a_nx1_wcs_-40c_rbopen_st0,A,extraction,wcs,hbt_wcs,-40,1,0,open,1e12,2.37137E-06,2.371370e-06,1.70324,0.780577,2.37137E-06
a_nx1_wcs_-40c_rbopen_st0,A,extraction,wcs,hbt_wcs,-40,1,0,open,1e12,3.16228E-06,3.162280e-06,1.70604,0.786467,3.16228E-06
a_nx1_wcs_-40c_rbopen_st0,A,extraction,wcs,hbt_wcs,-40,1,0,open,1e12,4.21697E-06,4.216970e-06,1.70894,0.79237,4.21697E-06
a_nx1_wcs_-40c_rbopen_st0,A,extraction,wcs,hbt_wcs,-40,1,0,open,1e12,5.62341E-06,5.623410e-06,1.71197,0.79829,5.62341E-06
a_nx1_wcs_-40c_rbopen_st0,A,extraction,wcs,hbt_wcs,-40,1,0,open,1e12,7.49894E-06,7.498940e-06,1.71514,0.804232,7.49894E-06
a_nx1_wcs_-40c_rbopen_st0,A,extraction,wcs,hbt_wcs,-40,1,0,open,1e12,1E-05,1.000000e-05,1.71849,0.810204,1E-05
a_nx1_wcs_-40c_rbopen_st0,A,extraction,wcs,hbt_wcs,-40,1,0,open,1e12,1.33352E-05,1.333520e-05,1.72206,0.816216,1.33352E-05
a_nx1_wcs_-40c_rbopen_st0,A,extraction,wcs,hbt_wcs,-40,1,0,open,1e12,1.77828E-05,1.778280e-05,1.72591,0.822282,1.77828E-05
a_nx1_wcs_-40c_rbopen_st0,A,extraction,wcs,hbt_wcs,-40,1,0,open,1e12,2.37137E-05,2.371370e-05,1.73012,0.828418,2.37137E-05
a_nx1_wcs_-40c_rbopen_st0,A,extraction,wcs,hbt_wcs,-40,1,0,open,1e12,3.16228E-05,3.162280e-05,1.7348,0.83465,3.16228E-05
a_nx1_wcs_-40c_rbopen_st0,A,extraction,wcs,hbt_wcs,-40,1,0,open,1e12,4.21697E-05,4.216970e-05,1.7401,0.841007,4.21697E-05
a_nx1_wcs_-40c_rbopen_st0,A,extraction,wcs,hbt_wcs,-40,1,0,open,1e12,5.62341E-05,5.623410e-05,1.74622,0.847532,5.62341E-05
a_nx1_wcs_-40c_rbopen_st0,A,extraction,wcs,hbt_wcs,-40,1,0,open,1e12,7.49894E-05,7.498940e-05,1.7534,0.85428,7.49894E-05
a_nx1_wcs_-40c_rbopen_st0,A,extraction,wcs,hbt_wcs,-40,1,0,open,1e12,0.0001,1.000000e-04,1.762,0.861325,0.0001
a_nx1_wcs_-40c_rbopen_st0,A,extraction,wcs,hbt_wcs,-40,1,0,open,1e12,0.000133352,1.333520e-04,1.77247,0.868765,0.000133352
a_nx1_wcs_-40c_rbopen_st0,A,extraction,wcs,hbt_wcs,-40,1,0,open,1e12,0.000177828,1.778280e-04,1.78539,0.87673,0.000177828
a_nx1_wcs_-40c_rbopen_st0,A,extraction,wcs,hbt_wcs,-40,1,0,open,1e12,0.000237137,2.371370e-04,1.80157,0.885391,0.000237137
a_nx1_wcs_-40c_rbopen_st0,A,extraction,wcs,hbt_wcs,-40,1,0,open,1e12,0.000316228,3.162280e-04,1.82203,0.894974,0.000316228
a_nx1_wcs_-40c_rbopen_st0,A,extraction,wcs,hbt_wcs,-40,1,0,open,1e12,0.000421697,4.216970e-04,1.84811,0.905779,0.000421697
a_nx1_wcs_-40c_rbopen_st0,A,extraction,wcs,hbt_wcs,-40,1,0,open,1e12,0.000562341,5.623410e-04,1.88155,0.918198,0.000562341
a_nx1_wcs_-40c_rbopen_st0,A,extraction,wcs,hbt_wcs,-40,1,0,open,1e12,0.000749894,7.498940e-04,1.92463,0.932745,0.000749894
a_nx1_wcs_-40c_rbopen_st0,A,extraction,wcs,hbt_wcs,-40,1,0,open,1e12,0.001,1.000000e-03,1.98027,0.950097,0.001
a_nx1_wcs_-40c_rbopen_st0,A,extraction,wcs,hbt_wcs,-40,1,0,open,1e12,0.00133352,1.333520e-03,2.0523,0.971136,0.00133352
a_nx1_wcs_-40c_rbopen_st0,A,extraction,wcs,hbt_wcs,-40,1,0,open,1e12,0.00177828,1.778280e-03,2.14574,0.997023,0.00177828
a_nx1_wcs_-40c_rbopen_st0,A,extraction,wcs,hbt_wcs,-40,1,0,open,1e12,0.00237137,2.371370e-03,2.26737,1.02928,0.00237137
a_nx1_wcs_-40c_rbopen_st0,A,extraction,wcs,hbt_wcs,-40,1,0,open,1e12,0.00316228,3.162280e-03,2.42675,1.06991,0.00316228
a_nx8_wcs_-40c_rbopen_st1,A,extraction,wcs,hbt_wcs,-40,8,1,open,1e12,8E-10,1.000000e-10,1.72605,0.575524,7.98274E-10
a_nx8_wcs_-40c_rbopen_st1,A,extraction,wcs,hbt_wcs,-40,8,1,open,1e12,1.06682E-09,1.333525e-10,1.72418,0.581402,1.0651E-09
a_nx8_wcs_-40c_rbopen_st1,A,extraction,wcs,hbt_wcs,-40,8,1,open,1e12,1.42262E-09,1.778275e-10,1.7207,0.587274,1.4209E-09
a_nx8_wcs_-40c_rbopen_st1,A,extraction,wcs,hbt_wcs,-40,8,1,open,1e12,1.8971E-09,2.371375e-10,1.71622,0.593143,1.89538E-09
a_nx8_wcs_-40c_rbopen_st1,A,extraction,wcs,hbt_wcs,-40,8,1,open,1e12,2.52982E-09,3.162275e-10,1.7112,0.599008,2.52811E-09
a_nx8_wcs_-40c_rbopen_st1,A,extraction,wcs,hbt_wcs,-40,8,1,open,1e12,3.37357E-09,4.216962e-10,1.70599,0.60487,3.37186E-09
a_nx8_wcs_-40c_rbopen_st1,A,extraction,wcs,hbt_wcs,-40,8,1,open,1e12,4.49873E-09,5.623413e-10,1.70087,0.61073,4.49703E-09
a_nx8_wcs_-40c_rbopen_st1,A,extraction,wcs,hbt_wcs,-40,8,1,open,1e12,5.99915E-09,7.498938e-10,1.696,0.616588,5.99745E-09
a_nx8_wcs_-40c_rbopen_st1,A,extraction,wcs,hbt_wcs,-40,8,1,open,1e12,8E-09,1.000000e-09,1.69151,0.622445,7.99831E-09
a_nx8_wcs_-40c_rbopen_st1,A,extraction,wcs,hbt_wcs,-40,8,1,open,1e12,1.06682E-08,1.333525e-09,1.68749,0.628301,1.06665E-08
a_nx8_wcs_-40c_rbopen_st1,A,extraction,wcs,hbt_wcs,-40,8,1,open,1e12,1.42262E-08,1.778275e-09,1.68396,0.634156,1.42245E-08
a_nx8_wcs_-40c_rbopen_st1,A,extraction,wcs,hbt_wcs,-40,8,1,open,1e12,1.8971E-08,2.371375e-09,1.68094,0.640011,1.89693E-08
a_nx8_wcs_-40c_rbopen_st1,A,extraction,wcs,hbt_wcs,-40,8,1,open,1e12,2.52982E-08,3.162275e-09,1.67844,0.645864,2.52965E-08
a_nx8_wcs_-40c_rbopen_st1,A,extraction,wcs,hbt_wcs,-40,8,1,open,1e12,3.37357E-08,4.216963e-09,1.67643,0.651718,3.3734E-08
a_nx8_wcs_-40c_rbopen_st1,A,extraction,wcs,hbt_wcs,-40,8,1,open,1e12,4.49873E-08,5.623413e-09,1.67489,0.657571,4.49856E-08
a_nx8_wcs_-40c_rbopen_st1,A,extraction,wcs,hbt_wcs,-40,8,1,open,1e12,5.99915E-08,7.498937e-09,1.67379,0.663424,5.99898E-08
a_nx8_wcs_-40c_rbopen_st1,A,extraction,wcs,hbt_wcs,-40,8,1,open,1e12,8E-08,1.000000e-08,1.67311,0.669276,7.99983E-08
a_nx8_wcs_-40c_rbopen_st1,A,extraction,wcs,hbt_wcs,-40,8,1,open,1e12,1.06682E-07,1.333525e-08,1.67279,0.675129,1.0668E-07
a_nx8_wcs_-40c_rbopen_st1,A,extraction,wcs,hbt_wcs,-40,8,1,open,1e12,1.42262E-07,1.778275e-08,1.67283,0.680981,1.4226E-07
a_nx8_wcs_-40c_rbopen_st1,A,extraction,wcs,hbt_wcs,-40,8,1,open,1e12,1.8971E-07,2.371375e-08,1.67317,0.686833,1.89708E-07
a_nx8_wcs_-40c_rbopen_st1,A,extraction,wcs,hbt_wcs,-40,8,1,open,1e12,2.52982E-07,3.162275e-08,1.6738,0.692685,2.5298E-07
a_nx8_wcs_-40c_rbopen_st1,A,extraction,wcs,hbt_wcs,-40,8,1,open,1e12,3.37357E-07,4.216963e-08,1.67468,0.698538,3.37355E-07
a_nx8_wcs_-40c_rbopen_st1,A,extraction,wcs,hbt_wcs,-40,8,1,open,1e12,4.49873E-07,5.623413e-08,1.67578,0.70439,4.49871E-07
a_nx8_wcs_-40c_rbopen_st1,A,extraction,wcs,hbt_wcs,-40,8,1,open,1e12,5.99915E-07,7.498937e-08,1.6771,0.710242,5.99913E-07
a_nx8_wcs_-40c_rbopen_st1,A,extraction,wcs,hbt_wcs,-40,8,1,open,1e12,8E-07,1.000000e-07,1.67859,0.716094,7.99998E-07
a_nx8_wcs_-40c_rbopen_st1,A,extraction,wcs,hbt_wcs,-40,8,1,open,1e12,1.06682E-06,1.333525e-07,1.68025,0.721946,1.06682E-06
a_nx8_wcs_-40c_rbopen_st1,A,extraction,wcs,hbt_wcs,-40,8,1,open,1e12,1.42262E-06,1.778275e-07,1.68206,0.727799,1.42262E-06
a_nx8_wcs_-40c_rbopen_st1,A,extraction,wcs,hbt_wcs,-40,8,1,open,1e12,1.8971E-06,2.371375e-07,1.684,0.733651,1.8971E-06
a_nx8_wcs_-40c_rbopen_st1,A,extraction,wcs,hbt_wcs,-40,8,1,open,1e12,2.52982E-06,3.162275e-07,1.68606,0.739504,2.52982E-06
a_nx8_wcs_-40c_rbopen_st1,A,extraction,wcs,hbt_wcs,-40,8,1,open,1e12,3.37357E-06,4.216963e-07,1.68823,0.745358,3.37357E-06
a_nx8_wcs_-40c_rbopen_st1,A,extraction,wcs,hbt_wcs,-40,8,1,open,1e12,4.49873E-06,5.623413e-07,1.69051,0.751212,4.49873E-06
a_nx8_wcs_-40c_rbopen_st1,A,extraction,wcs,hbt_wcs,-40,8,1,open,1e12,5.99915E-06,7.498937e-07,1.69287,0.757067,5.99915E-06
a_nx8_wcs_-40c_rbopen_st1,A,extraction,wcs,hbt_wcs,-40,8,1,open,1e12,8E-06,1.000000e-06,1.69532,0.762924,8E-06
a_nx8_wcs_-40c_rbopen_st1,A,extraction,wcs,hbt_wcs,-40,8,1,open,1e12,1.06682E-05,1.333525e-06,1.69786,0.768782,1.06682E-05
a_nx8_wcs_-40c_rbopen_st1,A,extraction,wcs,hbt_wcs,-40,8,1,open,1e12,1.42262E-05,1.778275e-06,1.70048,0.774642,1.42262E-05
a_nx8_wcs_-40c_rbopen_st1,A,extraction,wcs,hbt_wcs,-40,8,1,open,1e12,1.8971E-05,2.371375e-06,1.70319,0.780506,1.8971E-05
a_nx8_wcs_-40c_rbopen_st1,A,extraction,wcs,hbt_wcs,-40,8,1,open,1e12,2.52982E-05,3.162275e-06,1.70599,0.786374,2.52982E-05
a_nx8_wcs_-40c_rbopen_st1,A,extraction,wcs,hbt_wcs,-40,8,1,open,1e12,3.37357E-05,4.216963e-06,1.7089,0.792248,3.37357E-05
a_nx8_wcs_-40c_rbopen_st1,A,extraction,wcs,hbt_wcs,-40,8,1,open,1e12,4.49873E-05,5.623413e-06,1.71192,0.79813,4.49873E-05
a_nx8_wcs_-40c_rbopen_st1,A,extraction,wcs,hbt_wcs,-40,8,1,open,1e12,5.99915E-05,7.498938e-06,1.71509,0.804023,5.99915E-05
a_nx8_wcs_-40c_rbopen_st1,A,extraction,wcs,hbt_wcs,-40,8,1,open,1e12,8E-05,1.000000e-05,1.71844,0.809931,8E-05
a_nx8_wcs_-40c_rbopen_st1,A,extraction,wcs,hbt_wcs,-40,8,1,open,1e12,0.000106682,1.333525e-05,1.722,0.815859,0.000106682
a_nx8_wcs_-40c_rbopen_st1,A,extraction,wcs,hbt_wcs,-40,8,1,open,1e12,0.000142262,1.778275e-05,1.72585,0.821816,0.000142262
a_nx8_wcs_-40c_rbopen_st1,A,extraction,wcs,hbt_wcs,-40,8,1,open,1e12,0.00018971,2.371375e-05,1.73006,0.82781,0.00018971
a_nx8_wcs_-40c_rbopen_st1,A,extraction,wcs,hbt_wcs,-40,8,1,open,1e12,0.000252982,3.162275e-05,1.73476,0.833856,0.000252982
a_nx8_wcs_-40c_rbopen_st1,A,extraction,wcs,hbt_wcs,-40,8,1,open,1e12,0.000337357,4.216962e-05,1.74008,0.839971,0.000337357
a_nx8_wcs_-40c_rbopen_st1,A,extraction,wcs,hbt_wcs,-40,8,1,open,1e12,0.000449873,5.623412e-05,1.74623,0.846181,0.000449873
a_nx8_wcs_-40c_rbopen_st1,A,extraction,wcs,hbt_wcs,-40,8,1,open,1e12,0.000599915,7.498938e-05,1.75347,0.852517,0.000599915
a_nx8_wcs_-40c_rbopen_st1,A,extraction,wcs,hbt_wcs,-40,8,1,open,1e12,0.0008,1.000000e-04,1.76217,0.859024,0.0008
a_nx8_wcs_-40c_rbopen_st1,A,extraction,wcs,hbt_wcs,-40,8,1,open,1e12,0.00106682,1.333525e-04,1.77279,0.865759,0.00106682
a_nx8_wcs_-40c_rbopen_st1,A,extraction,wcs,hbt_wcs,-40,8,1,open,1e12,0.00142262,1.778275e-04,1.78594,0.872797,0.00142262
a_nx8_wcs_-40c_rbopen_st1,A,extraction,wcs,hbt_wcs,-40,8,1,open,1e12,0.0018971,2.371375e-04,1.80246,0.880235,0.0018971
a_nx8_wcs_-40c_rbopen_st1,A,extraction,wcs,hbt_wcs,-40,8,1,open,1e12,0.00252982,3.162275e-04,1.82339,0.888195,0.00252982
a_nx8_wcs_-40c_rbopen_st1,A,extraction,wcs,hbt_wcs,-40,8,1,open,1e12,0.00337357,4.216963e-04,1.85011,0.89683,0.00337357
a_nx8_wcs_-40c_rbopen_st1,A,extraction,wcs,hbt_wcs,-40,8,1,open,1e12,0.00449873,5.623413e-04,1.8844,0.906319,0.00449873
a_nx8_wcs_-40c_rbopen_st1,A,extraction,wcs,hbt_wcs,-40,8,1,open,1e12,0.00599915,7.498937e-04,1.92848,0.91686,0.00599915
a_nx8_wcs_-40c_rbopen_st1,A,extraction,wcs,hbt_wcs,-40,8,1,open,1e12,0.008,1.000000e-03,1.98512,0.928649,0.008
a_nx8_wcs_-40c_rbopen_st1,A,extraction,wcs,hbt_wcs,-40,8,1,open,1e12,0.0106682,1.333525e-03,2.05756,0.941829,0.0106682
a_nx8_wcs_-40c_rbopen_st1,A,extraction,wcs,hbt_wcs,-40,8,1,open,1e12,0.0142262,1.778275e-03,2.14945,0.956393,0.0142262
a_nx8_wcs_-40c_rbopen_st1,A,extraction,wcs,hbt_wcs,-40,8,1,open,1e12,0.018971,2.371375e-03,2.26423,0.972033,0.018971
a_nx8_wcs_-40c_rbopen_st1,A,extraction,wcs,hbt_wcs,-40,8,1,open,1e12,0.0252982,3.162275e-03,2.40407,0.987914,0.0252982
a_nx8_wcs_-40c_rbopen_st0,A,extraction,wcs,hbt_wcs,-40,8,0,open,1e12,8E-10,1.000000e-10,1.72605,0.575524,7.98274E-10
a_nx8_wcs_-40c_rbopen_st0,A,extraction,wcs,hbt_wcs,-40,8,0,open,1e12,1.06682E-09,1.333525e-10,1.72418,0.581402,1.0651E-09
a_nx8_wcs_-40c_rbopen_st0,A,extraction,wcs,hbt_wcs,-40,8,0,open,1e12,1.42262E-09,1.778275e-10,1.7207,0.587274,1.4209E-09
a_nx8_wcs_-40c_rbopen_st0,A,extraction,wcs,hbt_wcs,-40,8,0,open,1e12,1.8971E-09,2.371375e-10,1.71622,0.593143,1.89538E-09
a_nx8_wcs_-40c_rbopen_st0,A,extraction,wcs,hbt_wcs,-40,8,0,open,1e12,2.52982E-09,3.162275e-10,1.71119,0.599008,2.52811E-09
a_nx8_wcs_-40c_rbopen_st0,A,extraction,wcs,hbt_wcs,-40,8,0,open,1e12,3.37357E-09,4.216962e-10,1.70599,0.60487,3.37186E-09
a_nx8_wcs_-40c_rbopen_st0,A,extraction,wcs,hbt_wcs,-40,8,0,open,1e12,4.49873E-09,5.623413e-10,1.70087,0.61073,4.49703E-09
a_nx8_wcs_-40c_rbopen_st0,A,extraction,wcs,hbt_wcs,-40,8,0,open,1e12,5.99915E-09,7.498938e-10,1.696,0.616588,5.99745E-09
a_nx8_wcs_-40c_rbopen_st0,A,extraction,wcs,hbt_wcs,-40,8,0,open,1e12,8E-09,1.000000e-09,1.69151,0.622445,7.99831E-09
a_nx8_wcs_-40c_rbopen_st0,A,extraction,wcs,hbt_wcs,-40,8,0,open,1e12,1.06682E-08,1.333525e-09,1.68749,0.628301,1.06665E-08
a_nx8_wcs_-40c_rbopen_st0,A,extraction,wcs,hbt_wcs,-40,8,0,open,1e12,1.42262E-08,1.778275e-09,1.68396,0.634156,1.42245E-08
a_nx8_wcs_-40c_rbopen_st0,A,extraction,wcs,hbt_wcs,-40,8,0,open,1e12,1.8971E-08,2.371375e-09,1.68094,0.640011,1.89693E-08
a_nx8_wcs_-40c_rbopen_st0,A,extraction,wcs,hbt_wcs,-40,8,0,open,1e12,2.52982E-08,3.162275e-09,1.67844,0.645865,2.52965E-08
a_nx8_wcs_-40c_rbopen_st0,A,extraction,wcs,hbt_wcs,-40,8,0,open,1e12,3.37357E-08,4.216963e-09,1.67643,0.651718,3.3734E-08
a_nx8_wcs_-40c_rbopen_st0,A,extraction,wcs,hbt_wcs,-40,8,0,open,1e12,4.49873E-08,5.623413e-09,1.67489,0.657571,4.49856E-08
a_nx8_wcs_-40c_rbopen_st0,A,extraction,wcs,hbt_wcs,-40,8,0,open,1e12,5.99915E-08,7.498937e-09,1.67379,0.663424,5.99898E-08
a_nx8_wcs_-40c_rbopen_st0,A,extraction,wcs,hbt_wcs,-40,8,0,open,1e12,8E-08,1.000000e-08,1.67311,0.669277,7.99983E-08
a_nx8_wcs_-40c_rbopen_st0,A,extraction,wcs,hbt_wcs,-40,8,0,open,1e12,1.06682E-07,1.333525e-08,1.67279,0.675129,1.0668E-07
a_nx8_wcs_-40c_rbopen_st0,A,extraction,wcs,hbt_wcs,-40,8,0,open,1e12,1.42262E-07,1.778275e-08,1.67283,0.680982,1.4226E-07
a_nx8_wcs_-40c_rbopen_st0,A,extraction,wcs,hbt_wcs,-40,8,0,open,1e12,1.8971E-07,2.371375e-08,1.67317,0.686834,1.89708E-07
a_nx8_wcs_-40c_rbopen_st0,A,extraction,wcs,hbt_wcs,-40,8,0,open,1e12,2.52982E-07,3.162275e-08,1.6738,0.692687,2.5298E-07
a_nx8_wcs_-40c_rbopen_st0,A,extraction,wcs,hbt_wcs,-40,8,0,open,1e12,3.37357E-07,4.216963e-08,1.67468,0.698539,3.37355E-07
a_nx8_wcs_-40c_rbopen_st0,A,extraction,wcs,hbt_wcs,-40,8,0,open,1e12,4.49873E-07,5.623413e-08,1.67578,0.704392,4.49871E-07
a_nx8_wcs_-40c_rbopen_st0,A,extraction,wcs,hbt_wcs,-40,8,0,open,1e12,5.99915E-07,7.498937e-08,1.6771,0.710244,5.99913E-07
a_nx8_wcs_-40c_rbopen_st0,A,extraction,wcs,hbt_wcs,-40,8,0,open,1e12,8E-07,1.000000e-07,1.6786,0.716098,7.99998E-07
a_nx8_wcs_-40c_rbopen_st0,A,extraction,wcs,hbt_wcs,-40,8,0,open,1e12,1.06682E-06,1.333525e-07,1.68026,0.721951,1.06682E-06
a_nx8_wcs_-40c_rbopen_st0,A,extraction,wcs,hbt_wcs,-40,8,0,open,1e12,1.42262E-06,1.778275e-07,1.68206,0.727805,1.42262E-06
a_nx8_wcs_-40c_rbopen_st0,A,extraction,wcs,hbt_wcs,-40,8,0,open,1e12,1.8971E-06,2.371375e-07,1.68401,0.73366,1.8971E-06
a_nx8_wcs_-40c_rbopen_st0,A,extraction,wcs,hbt_wcs,-40,8,0,open,1e12,2.52982E-06,3.162275e-07,1.68607,0.739515,2.52982E-06
a_nx8_wcs_-40c_rbopen_st0,A,extraction,wcs,hbt_wcs,-40,8,0,open,1e12,3.37357E-06,4.216963e-07,1.68824,0.745372,3.37357E-06
a_nx8_wcs_-40c_rbopen_st0,A,extraction,wcs,hbt_wcs,-40,8,0,open,1e12,4.49873E-06,5.623413e-07,1.69051,0.751231,4.49873E-06
a_nx8_wcs_-40c_rbopen_st0,A,extraction,wcs,hbt_wcs,-40,8,0,open,1e12,5.99915E-06,7.498937e-07,1.69288,0.757092,5.99915E-06
a_nx8_wcs_-40c_rbopen_st0,A,extraction,wcs,hbt_wcs,-40,8,0,open,1e12,8E-06,1.000000e-06,1.69533,0.762955,8E-06
a_nx8_wcs_-40c_rbopen_st0,A,extraction,wcs,hbt_wcs,-40,8,0,open,1e12,1.06682E-05,1.333525e-06,1.69787,0.768824,1.06682E-05
a_nx8_wcs_-40c_rbopen_st0,A,extraction,wcs,hbt_wcs,-40,8,0,open,1e12,1.42262E-05,1.778275e-06,1.7005,0.774697,1.42262E-05
a_nx8_wcs_-40c_rbopen_st0,A,extraction,wcs,hbt_wcs,-40,8,0,open,1e12,1.8971E-05,2.371375e-06,1.70321,0.780577,1.8971E-05
a_nx8_wcs_-40c_rbopen_st0,A,extraction,wcs,hbt_wcs,-40,8,0,open,1e12,2.52982E-05,3.162275e-06,1.70602,0.786467,2.52982E-05
a_nx8_wcs_-40c_rbopen_st0,A,extraction,wcs,hbt_wcs,-40,8,0,open,1e12,3.37357E-05,4.216963e-06,1.70893,0.79237,3.37357E-05
a_nx8_wcs_-40c_rbopen_st0,A,extraction,wcs,hbt_wcs,-40,8,0,open,1e12,4.49873E-05,5.623413e-06,1.71196,0.79829,4.49873E-05
a_nx8_wcs_-40c_rbopen_st0,A,extraction,wcs,hbt_wcs,-40,8,0,open,1e12,5.99915E-05,7.498938e-06,1.71513,0.804232,5.99915E-05
a_nx8_wcs_-40c_rbopen_st0,A,extraction,wcs,hbt_wcs,-40,8,0,open,1e12,8E-05,1.000000e-05,1.71848,0.810204,8E-05
a_nx8_wcs_-40c_rbopen_st0,A,extraction,wcs,hbt_wcs,-40,8,0,open,1e12,0.000106682,1.333525e-05,1.72205,0.816216,0.000106682
a_nx8_wcs_-40c_rbopen_st0,A,extraction,wcs,hbt_wcs,-40,8,0,open,1e12,0.000142262,1.778275e-05,1.7259,0.822282,0.000142262
a_nx8_wcs_-40c_rbopen_st0,A,extraction,wcs,hbt_wcs,-40,8,0,open,1e12,0.00018971,2.371375e-05,1.73011,0.828418,0.00018971
a_nx8_wcs_-40c_rbopen_st0,A,extraction,wcs,hbt_wcs,-40,8,0,open,1e12,0.000252982,3.162275e-05,1.7348,0.834649,0.000252982
a_nx8_wcs_-40c_rbopen_st0,A,extraction,wcs,hbt_wcs,-40,8,0,open,1e12,0.000337357,4.216962e-05,1.7401,0.841007,0.000337357
a_nx8_wcs_-40c_rbopen_st0,A,extraction,wcs,hbt_wcs,-40,8,0,open,1e12,0.000449873,5.623412e-05,1.74622,0.847532,0.000449873
a_nx8_wcs_-40c_rbopen_st0,A,extraction,wcs,hbt_wcs,-40,8,0,open,1e12,0.000599915,7.498938e-05,1.7534,0.85428,0.000599915
a_nx8_wcs_-40c_rbopen_st0,A,extraction,wcs,hbt_wcs,-40,8,0,open,1e12,0.0008,1.000000e-04,1.762,0.861325,0.0008
a_nx8_wcs_-40c_rbopen_st0,A,extraction,wcs,hbt_wcs,-40,8,0,open,1e12,0.00106682,1.333525e-04,1.77247,0.868765,0.00106682
a_nx8_wcs_-40c_rbopen_st0,A,extraction,wcs,hbt_wcs,-40,8,0,open,1e12,0.00142262,1.778275e-04,1.7854,0.87673,0.00142262
a_nx8_wcs_-40c_rbopen_st0,A,extraction,wcs,hbt_wcs,-40,8,0,open,1e12,0.0018971,2.371375e-04,1.80157,0.885391,0.0018971
a_nx8_wcs_-40c_rbopen_st0,A,extraction,wcs,hbt_wcs,-40,8,0,open,1e12,0.00252982,3.162275e-04,1.82203,0.894974,0.00252982
a_nx8_wcs_-40c_rbopen_st0,A,extraction,wcs,hbt_wcs,-40,8,0,open,1e12,0.00337357,4.216963e-04,1.84811,0.905779,0.00337357
a_nx8_wcs_-40c_rbopen_st0,A,extraction,wcs,hbt_wcs,-40,8,0,open,1e12,0.00449873,5.623413e-04,1.88155,0.918198,0.00449873
a_nx8_wcs_-40c_rbopen_st0,A,extraction,wcs,hbt_wcs,-40,8,0,open,1e12,0.00599915,7.498937e-04,1.92463,0.932745,0.00599915
a_nx8_wcs_-40c_rbopen_st0,A,extraction,wcs,hbt_wcs,-40,8,0,open,1e12,0.008,1.000000e-03,1.98027,0.950097,0.008
a_nx8_wcs_-40c_rbopen_st0,A,extraction,wcs,hbt_wcs,-40,8,0,open,1e12,0.0106682,1.333525e-03,2.0523,0.971136,0.0106682
a_nx8_wcs_-40c_rbopen_st0,A,extraction,wcs,hbt_wcs,-40,8,0,open,1e12,0.0142262,1.778275e-03,2.14575,0.997023,0.0142262
a_nx8_wcs_-40c_rbopen_st0,A,extraction,wcs,hbt_wcs,-40,8,0,open,1e12,0.018971,2.371375e-03,2.26737,1.02928,0.018971
a_nx8_wcs_-40c_rbopen_st0,A,extraction,wcs,hbt_wcs,-40,8,0,open,1e12,0.0252982,3.162275e-03,2.42675,1.06991,0.0252982
a_nx1_wcs_27c_rbopen_st1,A,extraction,wcs,hbt_wcs,27,1,1,open,1e12,1E-10,1.000000e-10,1.35906,0.428564,9.86389E-11
a_nx1_wcs_27c_rbopen_st1,A,extraction,wcs,hbt_wcs,27,1,1,open,1e12,1.33352E-10,1.333520e-10,1.41095,0.436355,1.31939E-10
a_nx1_wcs_27c_rbopen_st1,A,extraction,wcs,hbt_wcs,27,1,1,open,1e12,1.77828E-10,1.778280e-10,1.45676,0.444108,1.76369E-10
a_nx1_wcs_27c_rbopen_st1,A,extraction,wcs,hbt_wcs,27,1,1,open,1e12,2.37137E-10,2.371370e-10,1.49505,0.451831,2.3564E-10
a_nx1_wcs_27c_rbopen_st1,A,extraction,wcs,hbt_wcs,27,1,1,open,1e12,3.16228E-10,3.162280e-10,1.52564,0.459531,3.147E-10
a_nx1_wcs_27c_rbopen_st1,A,extraction,wcs,hbt_wcs,27,1,1,open,1e12,4.21697E-10,4.216970e-10,1.54927,0.467213,4.20146E-10
a_nx1_wcs_27c_rbopen_st1,A,extraction,wcs,hbt_wcs,27,1,1,open,1e12,5.62341E-10,5.623410e-10,1.56709,0.474881,5.60772E-10
a_nx1_wcs_27c_rbopen_st1,A,extraction,wcs,hbt_wcs,27,1,1,open,1e12,7.49894E-10,7.498940e-10,1.58031,0.482538,7.48312E-10
a_nx1_wcs_27c_rbopen_st1,A,extraction,wcs,hbt_wcs,27,1,1,open,1e12,1E-09,1.000000e-09,1.59005,0.490187,9.98408E-10
a_nx1_wcs_27c_rbopen_st1,A,extraction,wcs,hbt_wcs,27,1,1,open,1e12,1.33352E-09,1.333520e-09,1.59722,0.497829,1.33192E-09
a_nx1_wcs_27c_rbopen_st1,A,extraction,wcs,hbt_wcs,27,1,1,open,1e12,1.77828E-09,1.778280e-09,1.60256,0.505465,1.77668E-09
a_nx1_wcs_27c_rbopen_st1,A,extraction,wcs,hbt_wcs,27,1,1,open,1e12,2.37137E-09,2.371370e-09,1.60666,0.513098,2.36976E-09
a_nx1_wcs_27c_rbopen_st1,A,extraction,wcs,hbt_wcs,27,1,1,open,1e12,3.16228E-09,3.162280e-09,1.60993,0.520728,3.16067E-09
a_nx1_wcs_27c_rbopen_st1,A,extraction,wcs,hbt_wcs,27,1,1,open,1e12,4.21697E-09,4.216970e-09,1.61272,0.528355,4.21536E-09
a_nx1_wcs_27c_rbopen_st1,A,extraction,wcs,hbt_wcs,27,1,1,open,1e12,5.62341E-09,5.623410e-09,1.61524,0.535981,5.62179E-09
a_nx1_wcs_27c_rbopen_st1,A,extraction,wcs,hbt_wcs,27,1,1,open,1e12,7.49894E-09,7.498940e-09,1.61767,0.543605,7.49732E-09
a_nx1_wcs_27c_rbopen_st1,A,extraction,wcs,hbt_wcs,27,1,1,open,1e12,1E-08,1.000000e-08,1.62012,0.551227,9.99838E-09
a_nx1_wcs_27c_rbopen_st1,A,extraction,wcs,hbt_wcs,27,1,1,open,1e12,1.33352E-08,1.333520e-08,1.62267,0.558849,1.33336E-08
a_nx1_wcs_27c_rbopen_st1,A,extraction,wcs,hbt_wcs,27,1,1,open,1e12,1.77828E-08,1.778280e-08,1.62536,0.566471,1.77812E-08
a_nx1_wcs_27c_rbopen_st1,A,extraction,wcs,hbt_wcs,27,1,1,open,1e12,2.37137E-08,2.371370e-08,1.62822,0.574091,2.37121E-08
a_nx1_wcs_27c_rbopen_st1,A,extraction,wcs,hbt_wcs,27,1,1,open,1e12,3.16228E-08,3.162280e-08,1.63127,0.581712,3.16212E-08
a_nx1_wcs_27c_rbopen_st1,A,extraction,wcs,hbt_wcs,27,1,1,open,1e12,4.21697E-08,4.216970e-08,1.63451,0.589332,4.21681E-08
a_nx1_wcs_27c_rbopen_st1,A,extraction,wcs,hbt_wcs,27,1,1,open,1e12,5.62341E-08,5.623410e-08,1.63793,0.596952,5.62325E-08
a_nx1_wcs_27c_rbopen_st1,A,extraction,wcs,hbt_wcs,27,1,1,open,1e12,7.49894E-08,7.498940e-08,1.64153,0.604571,7.49878E-08
a_nx1_wcs_27c_rbopen_st1,A,extraction,wcs,hbt_wcs,27,1,1,open,1e12,1E-07,1.000000e-07,1.6453,0.612191,9.99984E-08
a_nx1_wcs_27c_rbopen_st1,A,extraction,wcs,hbt_wcs,27,1,1,open,1e12,1.33352E-07,1.333520e-07,1.64922,0.619811,1.3335E-07
a_nx1_wcs_27c_rbopen_st1,A,extraction,wcs,hbt_wcs,27,1,1,open,1e12,1.77828E-07,1.778280e-07,1.65329,0.627431,1.77826E-07
a_nx1_wcs_27c_rbopen_st1,A,extraction,wcs,hbt_wcs,27,1,1,open,1e12,2.37137E-07,2.371370e-07,1.65749,0.635051,2.37135E-07
a_nx1_wcs_27c_rbopen_st1,A,extraction,wcs,hbt_wcs,27,1,1,open,1e12,3.16228E-07,3.162280e-07,1.66182,0.642672,3.16226E-07
a_nx1_wcs_27c_rbopen_st1,A,extraction,wcs,hbt_wcs,27,1,1,open,1e12,4.21697E-07,4.216970e-07,1.66625,0.650293,4.21695E-07
a_nx1_wcs_27c_rbopen_st1,A,extraction,wcs,hbt_wcs,27,1,1,open,1e12,5.62341E-07,5.623410e-07,1.67079,0.657915,5.62339E-07
a_nx1_wcs_27c_rbopen_st1,A,extraction,wcs,hbt_wcs,27,1,1,open,1e12,7.49894E-07,7.498940e-07,1.67543,0.665537,7.49892E-07
a_nx1_wcs_27c_rbopen_st1,A,extraction,wcs,hbt_wcs,27,1,1,open,1e12,1E-06,1.000000e-06,1.68016,0.673162,9.99998E-07
a_nx1_wcs_27c_rbopen_st1,A,extraction,wcs,hbt_wcs,27,1,1,open,1e12,1.33352E-06,1.333520e-06,1.68497,0.680788,1.33352E-06
a_nx1_wcs_27c_rbopen_st1,A,extraction,wcs,hbt_wcs,27,1,1,open,1e12,1.77828E-06,1.778280e-06,1.68988,0.688417,1.77828E-06
a_nx1_wcs_27c_rbopen_st1,A,extraction,wcs,hbt_wcs,27,1,1,open,1e12,2.37137E-06,2.371370e-06,1.69487,0.69605,2.37137E-06
a_nx1_wcs_27c_rbopen_st1,A,extraction,wcs,hbt_wcs,27,1,1,open,1e12,3.16228E-06,3.162280e-06,1.69996,0.703688,3.16228E-06
a_nx1_wcs_27c_rbopen_st1,A,extraction,wcs,hbt_wcs,27,1,1,open,1e12,4.21697E-06,4.216970e-06,1.70515,0.711332,4.21697E-06
a_nx1_wcs_27c_rbopen_st1,A,extraction,wcs,hbt_wcs,27,1,1,open,1e12,5.62341E-06,5.623410e-06,1.71046,0.718985,5.62341E-06
a_nx1_wcs_27c_rbopen_st1,A,extraction,wcs,hbt_wcs,27,1,1,open,1e12,7.49894E-06,7.498940e-06,1.71592,0.72665,7.49894E-06
a_nx1_wcs_27c_rbopen_st1,A,extraction,wcs,hbt_wcs,27,1,1,open,1e12,1E-05,1.000000e-05,1.72156,0.734332,1E-05
a_nx1_wcs_27c_rbopen_st1,A,extraction,wcs,hbt_wcs,27,1,1,open,1e12,1.33352E-05,1.333520e-05,1.72742,0.742036,1.33352E-05
a_nx1_wcs_27c_rbopen_st1,A,extraction,wcs,hbt_wcs,27,1,1,open,1e12,1.77828E-05,1.778280e-05,1.73356,0.749771,1.77828E-05
a_nx1_wcs_27c_rbopen_st1,A,extraction,wcs,hbt_wcs,27,1,1,open,1e12,2.37137E-05,2.371370e-05,1.74006,0.757545,2.37137E-05
a_nx1_wcs_27c_rbopen_st1,A,extraction,wcs,hbt_wcs,27,1,1,open,1e12,3.16228E-05,3.162280e-05,1.74705,0.765375,3.16228E-05
a_nx1_wcs_27c_rbopen_st1,A,extraction,wcs,hbt_wcs,27,1,1,open,1e12,4.21697E-05,4.216970e-05,1.75467,0.773279,4.21697E-05
a_nx1_wcs_27c_rbopen_st1,A,extraction,wcs,hbt_wcs,27,1,1,open,1e12,5.62341E-05,5.623410e-05,1.76311,0.781282,5.62341E-05
a_nx1_wcs_27c_rbopen_st1,A,extraction,wcs,hbt_wcs,27,1,1,open,1e12,7.49894E-05,7.498940e-05,1.77265,0.789419,7.49894E-05
a_nx1_wcs_27c_rbopen_st1,A,extraction,wcs,hbt_wcs,27,1,1,open,1e12,0.0001,1.000000e-04,1.78364,0.797735,0.0001
a_nx1_wcs_27c_rbopen_st1,A,extraction,wcs,hbt_wcs,27,1,1,open,1e12,0.000133352,1.333520e-04,1.79655,0.80629,0.000133352
a_nx1_wcs_27c_rbopen_st1,A,extraction,wcs,hbt_wcs,27,1,1,open,1e12,0.000177828,1.778280e-04,1.81201,0.815164,0.000177828
a_nx1_wcs_27c_rbopen_st1,A,extraction,wcs,hbt_wcs,27,1,1,open,1e12,0.000237137,2.371370e-04,1.83081,0.824457,0.000237137
a_nx1_wcs_27c_rbopen_st1,A,extraction,wcs,hbt_wcs,27,1,1,open,1e12,0.000316228,3.162280e-04,1.85405,0.834301,0.000316228
a_nx1_wcs_27c_rbopen_st1,A,extraction,wcs,hbt_wcs,27,1,1,open,1e12,0.000421697,4.216970e-04,1.88309,0.844862,0.000421697
a_nx1_wcs_27c_rbopen_st1,A,extraction,wcs,hbt_wcs,27,1,1,open,1e12,0.000562341,5.623410e-04,1.91974,0.85634,0.000562341
a_nx1_wcs_27c_rbopen_st1,A,extraction,wcs,hbt_wcs,27,1,1,open,1e12,0.000749894,7.498940e-04,1.9663,0.868974,0.000749894
a_nx1_wcs_27c_rbopen_st1,A,extraction,wcs,hbt_wcs,27,1,1,open,1e12,0.001,1.000000e-03,2.02565,0.883025,0.001
a_nx1_wcs_27c_rbopen_st1,A,extraction,wcs,hbt_wcs,27,1,1,open,1e12,0.00133352,1.333520e-03,2.10139,0.898753,0.00133352
a_nx1_wcs_27c_rbopen_st1,A,extraction,wcs,hbt_wcs,27,1,1,open,1e12,0.00177828,1.778280e-03,2.19782,0.916348,0.00177828
a_nx1_wcs_27c_rbopen_st1,A,extraction,wcs,hbt_wcs,27,1,1,open,1e12,0.00237137,2.371370e-03,2.31977,0.935812,0.00237137
a_nx1_wcs_27c_rbopen_st1,A,extraction,wcs,hbt_wcs,27,1,1,open,1e12,0.00316228,3.162280e-03,2.47199,0.956763,0.00316228
a_nx1_wcs_27c_rbopen_st0,A,extraction,wcs,hbt_wcs,27,1,0,open,1e12,1E-10,1.000000e-10,1.35906,0.428564,9.86389E-11
a_nx1_wcs_27c_rbopen_st0,A,extraction,wcs,hbt_wcs,27,1,0,open,1e12,1.33352E-10,1.333520e-10,1.41094,0.436355,1.31939E-10
a_nx1_wcs_27c_rbopen_st0,A,extraction,wcs,hbt_wcs,27,1,0,open,1e12,1.77828E-10,1.778280e-10,1.45676,0.444108,1.76369E-10
a_nx1_wcs_27c_rbopen_st0,A,extraction,wcs,hbt_wcs,27,1,0,open,1e12,2.37137E-10,2.371370e-10,1.49505,0.451831,2.3564E-10
a_nx1_wcs_27c_rbopen_st0,A,extraction,wcs,hbt_wcs,27,1,0,open,1e12,3.16228E-10,3.162280e-10,1.52564,0.459531,3.147E-10
a_nx1_wcs_27c_rbopen_st0,A,extraction,wcs,hbt_wcs,27,1,0,open,1e12,4.21697E-10,4.216970e-10,1.54927,0.467213,4.20146E-10
a_nx1_wcs_27c_rbopen_st0,A,extraction,wcs,hbt_wcs,27,1,0,open,1e12,5.62341E-10,5.623410e-10,1.56709,0.474881,5.60772E-10
a_nx1_wcs_27c_rbopen_st0,A,extraction,wcs,hbt_wcs,27,1,0,open,1e12,7.49894E-10,7.498940e-10,1.58031,0.482538,7.48312E-10
a_nx1_wcs_27c_rbopen_st0,A,extraction,wcs,hbt_wcs,27,1,0,open,1e12,1E-09,1.000000e-09,1.59005,0.490187,9.98408E-10
a_nx1_wcs_27c_rbopen_st0,A,extraction,wcs,hbt_wcs,27,1,0,open,1e12,1.33352E-09,1.333520e-09,1.59722,0.497829,1.33192E-09
a_nx1_wcs_27c_rbopen_st0,A,extraction,wcs,hbt_wcs,27,1,0,open,1e12,1.77828E-09,1.778280e-09,1.60256,0.505466,1.77668E-09
a_nx1_wcs_27c_rbopen_st0,A,extraction,wcs,hbt_wcs,27,1,0,open,1e12,2.37137E-09,2.371370e-09,1.60666,0.513098,2.36976E-09
a_nx1_wcs_27c_rbopen_st0,A,extraction,wcs,hbt_wcs,27,1,0,open,1e12,3.16228E-09,3.162280e-09,1.60993,0.520728,3.16067E-09
a_nx1_wcs_27c_rbopen_st0,A,extraction,wcs,hbt_wcs,27,1,0,open,1e12,4.21697E-09,4.216970e-09,1.61272,0.528355,4.21536E-09
a_nx1_wcs_27c_rbopen_st0,A,extraction,wcs,hbt_wcs,27,1,0,open,1e12,5.62341E-09,5.623410e-09,1.61524,0.535981,5.62179E-09
a_nx1_wcs_27c_rbopen_st0,A,extraction,wcs,hbt_wcs,27,1,0,open,1e12,7.49894E-09,7.498940e-09,1.61767,0.543605,7.49732E-09
a_nx1_wcs_27c_rbopen_st0,A,extraction,wcs,hbt_wcs,27,1,0,open,1e12,1E-08,1.000000e-08,1.62012,0.551228,9.99838E-09
a_nx1_wcs_27c_rbopen_st0,A,extraction,wcs,hbt_wcs,27,1,0,open,1e12,1.33352E-08,1.333520e-08,1.62267,0.55885,1.33336E-08
a_nx1_wcs_27c_rbopen_st0,A,extraction,wcs,hbt_wcs,27,1,0,open,1e12,1.77828E-08,1.778280e-08,1.62536,0.566471,1.77812E-08
a_nx1_wcs_27c_rbopen_st0,A,extraction,wcs,hbt_wcs,27,1,0,open,1e12,2.37137E-08,2.371370e-08,1.62822,0.574092,2.37121E-08
a_nx1_wcs_27c_rbopen_st0,A,extraction,wcs,hbt_wcs,27,1,0,open,1e12,3.16228E-08,3.162280e-08,1.63127,0.581713,3.16212E-08
a_nx1_wcs_27c_rbopen_st0,A,extraction,wcs,hbt_wcs,27,1,0,open,1e12,4.21697E-08,4.216970e-08,1.63451,0.589333,4.21681E-08
a_nx1_wcs_27c_rbopen_st0,A,extraction,wcs,hbt_wcs,27,1,0,open,1e12,5.62341E-08,5.623410e-08,1.63793,0.596953,5.62325E-08
a_nx1_wcs_27c_rbopen_st0,A,extraction,wcs,hbt_wcs,27,1,0,open,1e12,7.49894E-08,7.498940e-08,1.64153,0.604574,7.49878E-08
a_nx1_wcs_27c_rbopen_st0,A,extraction,wcs,hbt_wcs,27,1,0,open,1e12,1E-07,1.000000e-07,1.6453,0.612194,9.99984E-08
a_nx1_wcs_27c_rbopen_st0,A,extraction,wcs,hbt_wcs,27,1,0,open,1e12,1.33352E-07,1.333520e-07,1.64923,0.619815,1.3335E-07
a_nx1_wcs_27c_rbopen_st0,A,extraction,wcs,hbt_wcs,27,1,0,open,1e12,1.77828E-07,1.778280e-07,1.6533,0.627436,1.77826E-07
a_nx1_wcs_27c_rbopen_st0,A,extraction,wcs,hbt_wcs,27,1,0,open,1e12,2.37137E-07,2.371370e-07,1.6575,0.635058,2.37135E-07
a_nx1_wcs_27c_rbopen_st0,A,extraction,wcs,hbt_wcs,27,1,0,open,1e12,3.16228E-07,3.162280e-07,1.66182,0.64268,3.16226E-07
a_nx1_wcs_27c_rbopen_st0,A,extraction,wcs,hbt_wcs,27,1,0,open,1e12,4.21697E-07,4.216970e-07,1.66626,0.650304,4.21695E-07
a_nx1_wcs_27c_rbopen_st0,A,extraction,wcs,hbt_wcs,27,1,0,open,1e12,5.62341E-07,5.623410e-07,1.6708,0.65793,5.62339E-07
a_nx1_wcs_27c_rbopen_st0,A,extraction,wcs,hbt_wcs,27,1,0,open,1e12,7.49894E-07,7.498940e-07,1.67544,0.665558,7.49892E-07
a_nx1_wcs_27c_rbopen_st0,A,extraction,wcs,hbt_wcs,27,1,0,open,1e12,1E-06,1.000000e-06,1.68018,0.673188,9.99998E-07
a_nx1_wcs_27c_rbopen_st0,A,extraction,wcs,hbt_wcs,27,1,0,open,1e12,1.33352E-06,1.333520e-06,1.68499,0.680823,1.33352E-06
a_nx1_wcs_27c_rbopen_st0,A,extraction,wcs,hbt_wcs,27,1,0,open,1e12,1.77828E-06,1.778280e-06,1.6899,0.688463,1.77828E-06
a_nx1_wcs_27c_rbopen_st0,A,extraction,wcs,hbt_wcs,27,1,0,open,1e12,2.37137E-06,2.371370e-06,1.6949,0.696109,2.37137E-06
a_nx1_wcs_27c_rbopen_st0,A,extraction,wcs,hbt_wcs,27,1,0,open,1e12,3.16228E-06,3.162280e-06,1.69999,0.703765,3.16228E-06
a_nx1_wcs_27c_rbopen_st0,A,extraction,wcs,hbt_wcs,27,1,0,open,1e12,4.21697E-06,4.216970e-06,1.7052,0.711434,4.21697E-06
a_nx1_wcs_27c_rbopen_st0,A,extraction,wcs,hbt_wcs,27,1,0,open,1e12,5.62341E-06,5.623410e-06,1.71052,0.719118,5.62341E-06
a_nx1_wcs_27c_rbopen_st0,A,extraction,wcs,hbt_wcs,27,1,0,open,1e12,7.49894E-06,7.498940e-06,1.716,0.726825,7.49894E-06
a_nx1_wcs_27c_rbopen_st0,A,extraction,wcs,hbt_wcs,27,1,0,open,1e12,1E-05,1.000000e-05,1.72165,0.73456,1E-05
a_nx1_wcs_27c_rbopen_st0,A,extraction,wcs,hbt_wcs,27,1,0,open,1e12,1.33352E-05,1.333520e-05,1.72753,0.742335,1.33352E-05
a_nx1_wcs_27c_rbopen_st0,A,extraction,wcs,hbt_wcs,27,1,0,open,1e12,1.77828E-05,1.778280e-05,1.7337,0.75016,1.77828E-05
a_nx1_wcs_27c_rbopen_st0,A,extraction,wcs,hbt_wcs,27,1,0,open,1e12,2.37137E-05,2.371370e-05,1.74024,0.758055,2.37137E-05
a_nx1_wcs_27c_rbopen_st0,A,extraction,wcs,hbt_wcs,27,1,0,open,1e12,3.16228E-05,3.162280e-05,1.74726,0.766041,3.16228E-05
a_nx1_wcs_27c_rbopen_st0,A,extraction,wcs,hbt_wcs,27,1,0,open,1e12,4.21697E-05,4.216970e-05,1.75491,0.774148,4.21697E-05
a_nx1_wcs_27c_rbopen_st0,A,extraction,wcs,hbt_wcs,27,1,0,open,1e12,5.62341E-05,5.623410e-05,1.7634,0.782417,5.62341E-05
a_nx1_wcs_27c_rbopen_st0,A,extraction,wcs,hbt_wcs,27,1,0,open,1e12,7.49894E-05,7.498940e-05,1.77299,0.790901,7.49894E-05
a_nx1_wcs_27c_rbopen_st0,A,extraction,wcs,hbt_wcs,27,1,0,open,1e12,0.0001,1.000000e-04,1.78403,0.799671,0.0001
a_nx1_wcs_27c_rbopen_st0,A,extraction,wcs,hbt_wcs,27,1,0,open,1e12,0.000133352,1.333520e-04,1.79697,0.80882,0.000133352
a_nx1_wcs_27c_rbopen_st0,A,extraction,wcs,hbt_wcs,27,1,0,open,1e12,0.000177828,1.778280e-04,1.81246,0.818472,0.000177828
a_nx1_wcs_27c_rbopen_st0,A,extraction,wcs,hbt_wcs,27,1,0,open,1e12,0.000237137,2.371370e-04,1.83124,0.8288,0.000237137
a_nx1_wcs_27c_rbopen_st0,A,extraction,wcs,hbt_wcs,27,1,0,open,1e12,0.000316228,3.162280e-04,1.85446,0.839993,0.000316228
a_nx1_wcs_27c_rbopen_st0,A,extraction,wcs,hbt_wcs,27,1,0,open,1e12,0.000421697,4.216970e-04,1.8834,0.852355,0.000421697
a_nx1_wcs_27c_rbopen_st0,A,extraction,wcs,hbt_wcs,27,1,0,open,1e12,0.000562341,5.623410e-04,1.91988,0.866249,0.000562341
a_nx1_wcs_27c_rbopen_st0,A,extraction,wcs,hbt_wcs,27,1,0,open,1e12,0.000749894,7.498940e-04,1.96615,0.882157,0.000749894
a_nx1_wcs_27c_rbopen_st0,A,extraction,wcs,hbt_wcs,27,1,0,open,1e12,0.001,1.000000e-03,2.02526,0.900696,0.001
a_nx1_wcs_27c_rbopen_st0,A,extraction,wcs,hbt_wcs,27,1,0,open,1e12,0.00133352,1.333520e-03,2.10094,0.922686,0.00133352
a_nx1_wcs_27c_rbopen_st0,A,extraction,wcs,hbt_wcs,27,1,0,open,1e12,0.00177828,1.778280e-03,2.19815,0.949182,0.00177828
a_nx1_wcs_27c_rbopen_st0,A,extraction,wcs,hbt_wcs,27,1,0,open,1e12,0.00237137,2.371370e-03,2.32338,0.981558,0.00237137
a_nx1_wcs_27c_rbopen_st0,A,extraction,wcs,hbt_wcs,27,1,0,open,1e12,0.00316228,3.162280e-03,2.48528,1.02163,0.00316228
a_nx8_wcs_27c_rbopen_st1,A,extraction,wcs,hbt_wcs,27,8,1,open,1e12,8E-10,1.000000e-10,1.64379,0.429145,7.98343E-10
a_nx8_wcs_27c_rbopen_st1,A,extraction,wcs,hbt_wcs,27,8,1,open,1e12,1.06682E-09,1.333525e-10,1.6444,0.436801,1.06516E-09
a_nx8_wcs_27c_rbopen_st1,A,extraction,wcs,hbt_wcs,27,8,1,open,1e12,1.42262E-09,1.778275e-10,1.64316,0.44445,1.42096E-09
a_nx8_wcs_27c_rbopen_st1,A,extraction,wcs,hbt_wcs,27,8,1,open,1e12,1.8971E-09,2.371375e-10,1.64077,0.452093,1.89545E-09
a_nx8_wcs_27c_rbopen_st1,A,extraction,wcs,hbt_wcs,27,8,1,open,1e12,2.52982E-09,3.162275e-10,1.63776,0.459731,2.52817E-09
a_nx8_wcs_27c_rbopen_st1,A,extraction,wcs,hbt_wcs,27,8,1,open,1e12,3.37357E-09,4.216962e-10,1.6345,0.467366,3.37192E-09
a_nx8_wcs_27c_rbopen_st1,A,extraction,wcs,hbt_wcs,27,8,1,open,1e12,4.49873E-09,5.623413e-10,1.63129,0.474997,4.49709E-09
a_nx8_wcs_27c_rbopen_st1,A,extraction,wcs,hbt_wcs,27,8,1,open,1e12,5.99915E-09,7.498938e-10,1.62833,0.482626,5.99751E-09
a_nx8_wcs_27c_rbopen_st1,A,extraction,wcs,hbt_wcs,27,8,1,open,1e12,8E-09,1.000000e-09,1.62573,0.490254,7.99836E-09
a_nx8_wcs_27c_rbopen_st1,A,extraction,wcs,hbt_wcs,27,8,1,open,1e12,1.06682E-08,1.333525e-09,1.62359,0.49788,1.06666E-08
a_nx8_wcs_27c_rbopen_st1,A,extraction,wcs,hbt_wcs,27,8,1,open,1e12,1.42262E-08,1.778275e-09,1.62196,0.505504,1.42246E-08
a_nx8_wcs_27c_rbopen_st1,A,extraction,wcs,hbt_wcs,27,8,1,open,1e12,1.8971E-08,2.371375e-09,1.62086,0.513127,1.89694E-08
a_nx8_wcs_27c_rbopen_st1,A,extraction,wcs,hbt_wcs,27,8,1,open,1e12,2.52982E-08,3.162275e-09,1.62028,0.52075,2.52966E-08
a_nx8_wcs_27c_rbopen_st1,A,extraction,wcs,hbt_wcs,27,8,1,open,1e12,3.37357E-08,4.216963e-09,1.62023,0.528372,3.37341E-08
a_nx8_wcs_27c_rbopen_st1,A,extraction,wcs,hbt_wcs,27,8,1,open,1e12,4.49873E-08,5.623413e-09,1.62067,0.535993,4.49857E-08
a_nx8_wcs_27c_rbopen_st1,A,extraction,wcs,hbt_wcs,27,8,1,open,1e12,5.99915E-08,7.498937e-09,1.62157,0.543614,5.99899E-08
a_nx8_wcs_27c_rbopen_st1,A,extraction,wcs,hbt_wcs,27,8,1,open,1e12,8E-08,1.000000e-08,1.62291,0.551235,7.99984E-08
a_nx8_wcs_27c_rbopen_st1,A,extraction,wcs,hbt_wcs,27,8,1,open,1e12,1.06682E-07,1.333525e-08,1.62465,0.558855,1.0668E-07
a_nx8_wcs_27c_rbopen_st1,A,extraction,wcs,hbt_wcs,27,8,1,open,1e12,1.42262E-07,1.778275e-08,1.62676,0.566475,1.4226E-07
a_nx8_wcs_27c_rbopen_st1,A,extraction,wcs,hbt_wcs,27,8,1,open,1e12,1.8971E-07,2.371375e-08,1.62921,0.574094,1.89708E-07
a_nx8_wcs_27c_rbopen_st1,A,extraction,wcs,hbt_wcs,27,8,1,open,1e12,2.52982E-07,3.162275e-08,1.63196,0.581714,2.5298E-07
a_nx8_wcs_27c_rbopen_st1,A,extraction,wcs,hbt_wcs,27,8,1,open,1e12,3.37357E-07,4.216963e-08,1.63499,0.589333,3.37355E-07
a_nx8_wcs_27c_rbopen_st1,A,extraction,wcs,hbt_wcs,27,8,1,open,1e12,4.49873E-07,5.623413e-08,1.63826,0.596953,4.49871E-07
a_nx8_wcs_27c_rbopen_st1,A,extraction,wcs,hbt_wcs,27,8,1,open,1e12,5.99915E-07,7.498937e-08,1.64175,0.604572,5.99913E-07
a_nx8_wcs_27c_rbopen_st1,A,extraction,wcs,hbt_wcs,27,8,1,open,1e12,8E-07,1.000000e-07,1.64545,0.612191,7.99998E-07
a_nx8_wcs_27c_rbopen_st1,A,extraction,wcs,hbt_wcs,27,8,1,open,1e12,1.06682E-06,1.333525e-07,1.64932,0.619811,1.06682E-06
a_nx8_wcs_27c_rbopen_st1,A,extraction,wcs,hbt_wcs,27,8,1,open,1e12,1.42262E-06,1.778275e-07,1.65336,0.62743,1.42262E-06
a_nx8_wcs_27c_rbopen_st1,A,extraction,wcs,hbt_wcs,27,8,1,open,1e12,1.8971E-06,2.371375e-07,1.65753,0.63505,1.8971E-06
a_nx8_wcs_27c_rbopen_st1,A,extraction,wcs,hbt_wcs,27,8,1,open,1e12,2.52982E-06,3.162275e-07,1.66184,0.64267,2.52982E-06
a_nx8_wcs_27c_rbopen_st1,A,extraction,wcs,hbt_wcs,27,8,1,open,1e12,3.37357E-06,4.216963e-07,1.66627,0.65029,3.37357E-06
a_nx8_wcs_27c_rbopen_st1,A,extraction,wcs,hbt_wcs,27,8,1,open,1e12,4.49873E-06,5.623413e-07,1.6708,0.657911,4.49873E-06
a_nx8_wcs_27c_rbopen_st1,A,extraction,wcs,hbt_wcs,27,8,1,open,1e12,5.99915E-06,7.498937e-07,1.67543,0.665533,5.99915E-06
a_nx8_wcs_27c_rbopen_st1,A,extraction,wcs,hbt_wcs,27,8,1,open,1e12,8E-06,1.000000e-06,1.68015,0.673156,8E-06
a_nx8_wcs_27c_rbopen_st1,A,extraction,wcs,hbt_wcs,27,8,1,open,1e12,1.06682E-05,1.333525e-06,1.68497,0.68078,1.06682E-05
a_nx8_wcs_27c_rbopen_st1,A,extraction,wcs,hbt_wcs,27,8,1,open,1e12,1.42262E-05,1.778275e-06,1.68987,0.688407,1.42262E-05
a_nx8_wcs_27c_rbopen_st1,A,extraction,wcs,hbt_wcs,27,8,1,open,1e12,1.8971E-05,2.371375e-06,1.69486,0.696036,1.8971E-05
a_nx8_wcs_27c_rbopen_st1,A,extraction,wcs,hbt_wcs,27,8,1,open,1e12,2.52982E-05,3.162275e-06,1.69995,0.70367,2.52982E-05
a_nx8_wcs_27c_rbopen_st1,A,extraction,wcs,hbt_wcs,27,8,1,open,1e12,3.37357E-05,4.216963e-06,1.70514,0.711308,3.37357E-05
a_nx8_wcs_27c_rbopen_st1,A,extraction,wcs,hbt_wcs,27,8,1,open,1e12,4.49873E-05,5.623413e-06,1.71045,0.718954,4.49873E-05
a_nx8_wcs_27c_rbopen_st1,A,extraction,wcs,hbt_wcs,27,8,1,open,1e12,5.99915E-05,7.498938e-06,1.7159,0.72661,5.99915E-05
a_nx8_wcs_27c_rbopen_st1,A,extraction,wcs,hbt_wcs,27,8,1,open,1e12,8E-05,1.000000e-05,1.72154,0.734279,8E-05
a_nx8_wcs_27c_rbopen_st1,A,extraction,wcs,hbt_wcs,27,8,1,open,1e12,0.000106682,1.333525e-05,1.72739,0.741967,0.000106682
a_nx8_wcs_27c_rbopen_st1,A,extraction,wcs,hbt_wcs,27,8,1,open,1e12,0.000142262,1.778275e-05,1.73352,0.74968,0.000142262
a_nx8_wcs_27c_rbopen_st1,A,extraction,wcs,hbt_wcs,27,8,1,open,1e12,0.00018971,2.371375e-05,1.74002,0.757428,0.00018971
a_nx8_wcs_27c_rbopen_st1,A,extraction,wcs,hbt_wcs,27,8,1,open,1e12,0.000252982,3.162275e-05,1.747,0.765221,0.000252982
a_nx8_wcs_27c_rbopen_st1,A,extraction,wcs,hbt_wcs,27,8,1,open,1e12,0.000337357,4.216962e-05,1.75461,0.773078,0.000337357
a_nx8_wcs_27c_rbopen_st1,A,extraction,wcs,hbt_wcs,27,8,1,open,1e12,0.000449873,5.623412e-05,1.76304,0.78102,0.000449873
a_nx8_wcs_27c_rbopen_st1,A,extraction,wcs,hbt_wcs,27,8,1,open,1e12,0.000599915,7.498938e-05,1.77257,0.789076,0.000599915
a_nx8_wcs_27c_rbopen_st1,A,extraction,wcs,hbt_wcs,27,8,1,open,1e12,0.0008,1.000000e-04,1.78355,0.797287,0.0008
a_nx8_wcs_27c_rbopen_st1,A,extraction,wcs,hbt_wcs,27,8,1,open,1e12,0.00106682,1.333525e-04,1.79644,0.805705,0.00106682
a_nx8_wcs_27c_rbopen_st1,A,extraction,wcs,hbt_wcs,27,8,1,open,1e12,0.00142262,1.778275e-04,1.81188,0.814397,0.00142262
a_nx8_wcs_27c_rbopen_st1,A,extraction,wcs,hbt_wcs,27,8,1,open,1e12,0.0018971,2.371375e-04,1.83067,0.823452,0.0018971
a_nx8_wcs_27c_rbopen_st1,A,extraction,wcs,hbt_wcs,27,8,1,open,1e12,0.00252982,3.162275e-04,1.85387,0.832981,0.00252982
a_nx8_wcs_27c_rbopen_st1,A,extraction,wcs,hbt_wcs,27,8,1,open,1e12,0.00337357,4.216963e-04,1.88288,0.843121,0.00337357
a_nx8_wcs_27c_rbopen_st1,A,extraction,wcs,hbt_wcs,27,8,1,open,1e12,0.00449873,5.623413e-04,1.91945,0.854034,0.00449873
a_nx8_wcs_27c_rbopen_st1,A,extraction,wcs,hbt_wcs,27,8,1,open,1e12,0.00599915,7.498937e-04,1.96585,0.8659,0.00599915
a_nx8_wcs_27c_rbopen_st1,A,extraction,wcs,hbt_wcs,27,8,1,open,1e12,0.008,1.000000e-03,2.02485,0.878897,0.008
a_nx8_wcs_27c_rbopen_st1,A,extraction,wcs,hbt_wcs,27,8,1,open,1e12,0.0106682,1.333525e-03,2.09985,0.893154,0.0106682
a_nx8_wcs_27c_rbopen_st1,A,extraction,wcs,hbt_wcs,27,8,1,open,1e12,0.0142262,1.778275e-03,2.19468,0.908671,0.0142262
a_nx8_wcs_27c_rbopen_st1,A,extraction,wcs,hbt_wcs,27,8,1,open,1e12,0.018971,2.371375e-03,2.31326,0.925169,0.018971
a_nx8_wcs_27c_rbopen_st1,A,extraction,wcs,hbt_wcs,27,8,1,open,1e12,0.0252982,3.162275e-03,2.4586,0.941866,0.0252982
a_nx8_wcs_27c_rbopen_st0,A,extraction,wcs,hbt_wcs,27,8,0,open,1e12,8E-10,1.000000e-10,1.64379,0.429145,7.98343E-10
a_nx8_wcs_27c_rbopen_st0,A,extraction,wcs,hbt_wcs,27,8,0,open,1e12,1.06682E-09,1.333525e-10,1.6444,0.436801,1.06516E-09
a_nx8_wcs_27c_rbopen_st0,A,extraction,wcs,hbt_wcs,27,8,0,open,1e12,1.42262E-09,1.778275e-10,1.64316,0.44445,1.42096E-09
a_nx8_wcs_27c_rbopen_st0,A,extraction,wcs,hbt_wcs,27,8,0,open,1e12,1.8971E-09,2.371375e-10,1.64077,0.452093,1.89545E-09
a_nx8_wcs_27c_rbopen_st0,A,extraction,wcs,hbt_wcs,27,8,0,open,1e12,2.52982E-09,3.162275e-10,1.63776,0.459731,2.52817E-09
a_nx8_wcs_27c_rbopen_st0,A,extraction,wcs,hbt_wcs,27,8,0,open,1e12,3.37357E-09,4.216962e-10,1.6345,0.467366,3.37192E-09
a_nx8_wcs_27c_rbopen_st0,A,extraction,wcs,hbt_wcs,27,8,0,open,1e12,4.49873E-09,5.623413e-10,1.63129,0.474998,4.49709E-09
a_nx8_wcs_27c_rbopen_st0,A,extraction,wcs,hbt_wcs,27,8,0,open,1e12,5.99915E-09,7.498938e-10,1.62832,0.482627,5.99751E-09
a_nx8_wcs_27c_rbopen_st0,A,extraction,wcs,hbt_wcs,27,8,0,open,1e12,8E-09,1.000000e-09,1.62573,0.490254,7.99836E-09
a_nx8_wcs_27c_rbopen_st0,A,extraction,wcs,hbt_wcs,27,8,0,open,1e12,1.06682E-08,1.333525e-09,1.62359,0.49788,1.06666E-08
a_nx8_wcs_27c_rbopen_st0,A,extraction,wcs,hbt_wcs,27,8,0,open,1e12,1.42262E-08,1.778275e-09,1.62196,0.505504,1.42246E-08
a_nx8_wcs_27c_rbopen_st0,A,extraction,wcs,hbt_wcs,27,8,0,open,1e12,1.8971E-08,2.371375e-09,1.62086,0.513127,1.89694E-08
a_nx8_wcs_27c_rbopen_st0,A,extraction,wcs,hbt_wcs,27,8,0,open,1e12,2.52982E-08,3.162275e-09,1.62028,0.52075,2.52966E-08
a_nx8_wcs_27c_rbopen_st0,A,extraction,wcs,hbt_wcs,27,8,0,open,1e12,3.37357E-08,4.216963e-09,1.62022,0.528373,3.37341E-08
a_nx8_wcs_27c_rbopen_st0,A,extraction,wcs,hbt_wcs,27,8,0,open,1e12,4.49873E-08,5.623413e-09,1.62067,0.535994,4.49857E-08
a_nx8_wcs_27c_rbopen_st0,A,extraction,wcs,hbt_wcs,27,8,0,open,1e12,5.99915E-08,7.498937e-09,1.62157,0.543614,5.99899E-08
a_nx8_wcs_27c_rbopen_st0,A,extraction,wcs,hbt_wcs,27,8,0,open,1e12,8E-08,1.000000e-08,1.62291,0.551235,7.99984E-08
a_nx8_wcs_27c_rbopen_st0,A,extraction,wcs,hbt_wcs,27,8,0,open,1e12,1.06682E-07,1.333525e-08,1.62465,0.558856,1.0668E-07
a_nx8_wcs_27c_rbopen_st0,A,extraction,wcs,hbt_wcs,27,8,0,open,1e12,1.42262E-07,1.778275e-08,1.62676,0.566475,1.4226E-07
a_nx8_wcs_27c_rbopen_st0,A,extraction,wcs,hbt_wcs,27,8,0,open,1e12,1.8971E-07,2.371375e-08,1.62921,0.574095,1.89708E-07
a_nx8_wcs_27c_rbopen_st0,A,extraction,wcs,hbt_wcs,27,8,0,open,1e12,2.52982E-07,3.162275e-08,1.63195,0.581716,2.5298E-07
a_nx8_wcs_27c_rbopen_st0,A,extraction,wcs,hbt_wcs,27,8,0,open,1e12,3.37357E-07,4.216963e-08,1.63499,0.589335,3.37355E-07
a_nx8_wcs_27c_rbopen_st0,A,extraction,wcs,hbt_wcs,27,8,0,open,1e12,4.49873E-07,5.623413e-08,1.63826,0.596955,4.49871E-07
a_nx8_wcs_27c_rbopen_st0,A,extraction,wcs,hbt_wcs,27,8,0,open,1e12,5.99915E-07,7.498937e-08,1.64175,0.604575,5.99913E-07
a_nx8_wcs_27c_rbopen_st0,A,extraction,wcs,hbt_wcs,27,8,0,open,1e12,8E-07,1.000000e-07,1.64545,0.612195,7.99998E-07
a_nx8_wcs_27c_rbopen_st0,A,extraction,wcs,hbt_wcs,27,8,0,open,1e12,1.06682E-06,1.333525e-07,1.64932,0.619816,1.06682E-06
a_nx8_wcs_27c_rbopen_st0,A,extraction,wcs,hbt_wcs,27,8,0,open,1e12,1.42262E-06,1.778275e-07,1.65336,0.627436,1.42262E-06
a_nx8_wcs_27c_rbopen_st0,A,extraction,wcs,hbt_wcs,27,8,0,open,1e12,1.8971E-06,2.371375e-07,1.65753,0.635059,1.8971E-06
a_nx8_wcs_27c_rbopen_st0,A,extraction,wcs,hbt_wcs,27,8,0,open,1e12,2.52982E-06,3.162275e-07,1.66185,0.642681,2.52982E-06
a_nx8_wcs_27c_rbopen_st0,A,extraction,wcs,hbt_wcs,27,8,0,open,1e12,3.37357E-06,4.216963e-07,1.66627,0.650305,3.37357E-06
a_nx8_wcs_27c_rbopen_st0,A,extraction,wcs,hbt_wcs,27,8,0,open,1e12,4.49873E-06,5.623413e-07,1.67081,0.65793,4.49873E-06
a_nx8_wcs_27c_rbopen_st0,A,extraction,wcs,hbt_wcs,27,8,0,open,1e12,5.99915E-06,7.498937e-07,1.67544,0.665558,5.99915E-06
a_nx8_wcs_27c_rbopen_st0,A,extraction,wcs,hbt_wcs,27,8,0,open,1e12,8E-06,1.000000e-06,1.68017,0.673188,8E-06
a_nx8_wcs_27c_rbopen_st0,A,extraction,wcs,hbt_wcs,27,8,0,open,1e12,1.06682E-05,1.333525e-06,1.68499,0.680823,1.06682E-05
a_nx8_wcs_27c_rbopen_st0,A,extraction,wcs,hbt_wcs,27,8,0,open,1e12,1.42262E-05,1.778275e-06,1.68989,0.688463,1.42262E-05
a_nx8_wcs_27c_rbopen_st0,A,extraction,wcs,hbt_wcs,27,8,0,open,1e12,1.8971E-05,2.371375e-06,1.6949,0.696109,1.8971E-05
a_nx8_wcs_27c_rbopen_st0,A,extraction,wcs,hbt_wcs,27,8,0,open,1e12,2.52982E-05,3.162275e-06,1.69999,0.703765,2.52982E-05
a_nx8_wcs_27c_rbopen_st0,A,extraction,wcs,hbt_wcs,27,8,0,open,1e12,3.37357E-05,4.216963e-06,1.70519,0.711434,3.37357E-05
a_nx8_wcs_27c_rbopen_st0,A,extraction,wcs,hbt_wcs,27,8,0,open,1e12,4.49873E-05,5.623413e-06,1.71052,0.719118,4.49873E-05
a_nx8_wcs_27c_rbopen_st0,A,extraction,wcs,hbt_wcs,27,8,0,open,1e12,5.99915E-05,7.498938e-06,1.716,0.726825,5.99915E-05
a_nx8_wcs_27c_rbopen_st0,A,extraction,wcs,hbt_wcs,27,8,0,open,1e12,8E-05,1.000000e-05,1.72165,0.73456,8E-05
a_nx8_wcs_27c_rbopen_st0,A,extraction,wcs,hbt_wcs,27,8,0,open,1e12,0.000106682,1.333525e-05,1.72752,0.742335,0.000106682
a_nx8_wcs_27c_rbopen_st0,A,extraction,wcs,hbt_wcs,27,8,0,open,1e12,0.000142262,1.778275e-05,1.7337,0.75016,0.000142262
a_nx8_wcs_27c_rbopen_st0,A,extraction,wcs,hbt_wcs,27,8,0,open,1e12,0.00018971,2.371375e-05,1.74023,0.758055,0.00018971
a_nx8_wcs_27c_rbopen_st0,A,extraction,wcs,hbt_wcs,27,8,0,open,1e12,0.000252982,3.162275e-05,1.74726,0.76604,0.000252982
a_nx8_wcs_27c_rbopen_st0,A,extraction,wcs,hbt_wcs,27,8,0,open,1e12,0.000337357,4.216962e-05,1.75491,0.774148,0.000337357
a_nx8_wcs_27c_rbopen_st0,A,extraction,wcs,hbt_wcs,27,8,0,open,1e12,0.000449873,5.623412e-05,1.7634,0.782417,0.000449873
a_nx8_wcs_27c_rbopen_st0,A,extraction,wcs,hbt_wcs,27,8,0,open,1e12,0.000599915,7.498938e-05,1.77299,0.790901,0.000599915
a_nx8_wcs_27c_rbopen_st0,A,extraction,wcs,hbt_wcs,27,8,0,open,1e12,0.0008,1.000000e-04,1.78402,0.799671,0.0008
a_nx8_wcs_27c_rbopen_st0,A,extraction,wcs,hbt_wcs,27,8,0,open,1e12,0.00106682,1.333525e-04,1.79698,0.80882,0.00106682
a_nx8_wcs_27c_rbopen_st0,A,extraction,wcs,hbt_wcs,27,8,0,open,1e12,0.00142262,1.778275e-04,1.81246,0.818472,0.00142262
a_nx8_wcs_27c_rbopen_st0,A,extraction,wcs,hbt_wcs,27,8,0,open,1e12,0.0018971,2.371375e-04,1.83126,0.828792,0.0018971
a_nx8_wcs_27c_rbopen_st0,A,extraction,wcs,hbt_wcs,27,8,0,open,1e12,0.00252982,3.162275e-04,1.85446,0.839992,0.00252982
a_nx8_wcs_27c_rbopen_st0,A,extraction,wcs,hbt_wcs,27,8,0,open,1e12,0.00337357,4.216963e-04,1.8834,0.852355,0.00337357
a_nx8_wcs_27c_rbopen_st0,A,extraction,wcs,hbt_wcs,27,8,0,open,1e12,0.00449873,5.623413e-04,1.91988,0.866249,0.00449873
a_nx8_wcs_27c_rbopen_st0,A,extraction,wcs,hbt_wcs,27,8,0,open,1e12,0.00599915,7.498937e-04,1.96618,0.882155,0.00599915
a_nx8_wcs_27c_rbopen_st0,A,extraction,wcs,hbt_wcs,27,8,0,open,1e12,0.008,1.000000e-03,2.02526,0.900696,0.008
a_nx8_wcs_27c_rbopen_st0,A,extraction,wcs,hbt_wcs,27,8,0,open,1e12,0.0106682,1.333525e-03,2.10095,0.922686,0.0106682
a_nx8_wcs_27c_rbopen_st0,A,extraction,wcs,hbt_wcs,27,8,0,open,1e12,0.0142262,1.778275e-03,2.19816,0.94918,0.0142262
a_nx8_wcs_27c_rbopen_st0,A,extraction,wcs,hbt_wcs,27,8,0,open,1e12,0.018971,2.371375e-03,2.32338,0.981559,0.018971
a_nx8_wcs_27c_rbopen_st0,A,extraction,wcs,hbt_wcs,27,8,0,open,1e12,0.0252982,3.162275e-03,2.48528,1.02163,0.0252982
a_nx1_wcs_125c_rbopen_st1,A,extraction,wcs,hbt_wcs,125,1,1,open,1e12,1E-10,1.000000e-10,0.164418,0.137339,1.5882E-11
a_nx1_wcs_125c_rbopen_st1,A,extraction,wcs,hbt_wcs,125,1,1,open,1e12,1.33352E-10,1.333520e-10,0.231212,0.177608,4.85026E-11
a_nx1_wcs_125c_rbopen_st1,A,extraction,wcs,hbt_wcs,125,1,1,open,1e12,1.77828E-10,1.778280e-10,0.293489,0.200953,9.2813E-11
a_nx1_wcs_125c_rbopen_st1,A,extraction,wcs,hbt_wcs,125,1,1,open,1e12,2.37137E-10,2.371370e-10,0.395402,0.218655,1.51997E-10
a_nx1_wcs_125c_rbopen_st1,A,extraction,wcs,hbt_wcs,125,1,1,open,1e12,3.16228E-10,3.162280e-10,0.646584,0.233602,2.30835E-10
a_nx1_wcs_125c_rbopen_st1,A,extraction,wcs,hbt_wcs,125,1,1,open,1e12,4.21697E-10,4.216970e-10,0.946611,0.247006,3.36004E-10
a_nx1_wcs_125c_rbopen_st1,A,extraction,wcs,hbt_wcs,125,1,1,open,1e12,5.62341E-10,5.623410e-10,1.12096,0.259484,4.76473E-10
a_nx1_wcs_125c_rbopen_st1,A,extraction,wcs,hbt_wcs,125,1,1,open,1e12,7.49894E-10,7.498940e-10,1.21631,0.271339,6.63931E-10
a_nx1_wcs_125c_rbopen_st1,A,extraction,wcs,hbt_wcs,125,1,1,open,1e12,1E-09,1.000000e-09,1.27529,0.282761,9.13978E-10
a_nx1_wcs_125c_rbopen_st1,A,extraction,wcs,hbt_wcs,125,1,1,open,1e12,1.33352E-09,1.333520e-09,1.31496,0.293875,1.24746E-09
a_nx1_wcs_125c_rbopen_st1,A,extraction,wcs,hbt_wcs,125,1,1,open,1e12,1.77828E-09,1.778280e-09,1.3441,0.304768,1.69219E-09
a_nx1_wcs_125c_rbopen_st1,A,extraction,wcs,hbt_wcs,125,1,1,open,1e12,2.37137E-09,2.371370e-09,1.36492,0.3155,2.28526E-09
a_nx1_wcs_125c_rbopen_st1,A,extraction,wcs,hbt_wcs,125,1,1,open,1e12,3.16228E-09,3.162280e-09,1.38133,0.326114,3.07615E-09
a_nx1_wcs_125c_rbopen_st1,A,extraction,wcs,hbt_wcs,125,1,1,open,1e12,4.21697E-09,4.216970e-09,1.39469,0.336642,4.13083E-09
a_nx1_wcs_125c_rbopen_st1,A,extraction,wcs,hbt_wcs,125,1,1,open,1e12,5.62341E-09,5.623410e-09,1.40602,0.347105,5.53726E-09
a_nx1_wcs_125c_rbopen_st1,A,extraction,wcs,hbt_wcs,125,1,1,open,1e12,7.49894E-09,7.498940e-09,1.41597,0.35752,7.41278E-09
a_nx1_wcs_125c_rbopen_st1,A,extraction,wcs,hbt_wcs,125,1,1,open,1e12,1E-08,1.000000e-08,1.425,0.367899,9.91383E-09
a_nx1_wcs_125c_rbopen_st1,A,extraction,wcs,hbt_wcs,125,1,1,open,1e12,1.33352E-08,1.333520e-08,1.4334,0.378252,1.3249E-08
a_nx1_wcs_125c_rbopen_st1,A,extraction,wcs,hbt_wcs,125,1,1,open,1e12,1.77828E-08,1.778280e-08,1.44145,0.388585,1.76966E-08
a_nx1_wcs_125c_rbopen_st1,A,extraction,wcs,hbt_wcs,125,1,1,open,1e12,2.37137E-08,2.371370e-08,1.44926,0.398903,2.36275E-08
a_nx1_wcs_125c_rbopen_st1,A,extraction,wcs,hbt_wcs,125,1,1,open,1e12,3.16228E-08,3.162280e-08,1.45695,0.409209,3.15366E-08
a_nx1_wcs_125c_rbopen_st1,A,extraction,wcs,hbt_wcs,125,1,1,open,1e12,4.21697E-08,4.216970e-08,1.46461,0.419508,4.20835E-08
a_nx1_wcs_125c_rbopen_st1,A,extraction,wcs,hbt_wcs,125,1,1,open,1e12,5.62341E-08,5.623410e-08,1.47228,0.429799,5.61479E-08
a_nx1_wcs_125c_rbopen_st1,A,extraction,wcs,hbt_wcs,125,1,1,open,1e12,7.49894E-08,7.498940e-08,1.47999,0.440087,7.49032E-08
a_nx1_wcs_125c_rbopen_st1,A,extraction,wcs,hbt_wcs,125,1,1,open,1e12,1E-07,1.000000e-07,1.48777,0.45037,9.99138E-08
a_nx1_wcs_125c_rbopen_st1,A,extraction,wcs,hbt_wcs,125,1,1,open,1e12,1.33352E-07,1.333520e-07,1.49563,0.460651,1.33266E-07
a_nx1_wcs_125c_rbopen_st1,A,extraction,wcs,hbt_wcs,125,1,1,open,1e12,1.77828E-07,1.778280e-07,1.50358,0.470931,1.77742E-07
a_nx1_wcs_125c_rbopen_st1,A,extraction,wcs,hbt_wcs,125,1,1,open,1e12,2.37137E-07,2.371370e-07,1.51161,0.481209,2.37051E-07
a_nx1_wcs_125c_rbopen_st1,A,extraction,wcs,hbt_wcs,125,1,1,open,1e12,3.16228E-07,3.162280e-07,1.51973,0.491486,3.16142E-07
a_nx1_wcs_125c_rbopen_st1,A,extraction,wcs,hbt_wcs,125,1,1,open,1e12,4.21697E-07,4.216970e-07,1.52794,0.501764,4.21611E-07
a_nx1_wcs_125c_rbopen_st1,A,extraction,wcs,hbt_wcs,125,1,1,open,1e12,5.62341E-07,5.623410e-07,1.53623,0.512041,5.62255E-07
a_nx1_wcs_125c_rbopen_st1,A,extraction,wcs,hbt_wcs,125,1,1,open,1e12,7.49894E-07,7.498940e-07,1.5446,0.522319,7.49808E-07
a_nx1_wcs_125c_rbopen_st1,A,extraction,wcs,hbt_wcs,125,1,1,open,1e12,1E-06,1.000000e-06,1.55304,0.532598,9.99914E-07
a_nx1_wcs_125c_rbopen_st1,A,extraction,wcs,hbt_wcs,125,1,1,open,1e12,1.33352E-06,1.333520e-06,1.56157,0.542879,1.33343E-06
a_nx1_wcs_125c_rbopen_st1,A,extraction,wcs,hbt_wcs,125,1,1,open,1e12,1.77828E-06,1.778280e-06,1.57018,0.553163,1.77819E-06
a_nx1_wcs_125c_rbopen_st1,A,extraction,wcs,hbt_wcs,125,1,1,open,1e12,2.37137E-06,2.371370e-06,1.57886,0.563449,2.37128E-06
a_nx1_wcs_125c_rbopen_st1,A,extraction,wcs,hbt_wcs,125,1,1,open,1e12,3.16228E-06,3.162280e-06,1.58764,0.573741,3.16219E-06
a_nx1_wcs_125c_rbopen_st1,A,extraction,wcs,hbt_wcs,125,1,1,open,1e12,4.21697E-06,4.216970e-06,1.59652,0.58404,4.21688E-06
a_nx1_wcs_125c_rbopen_st1,A,extraction,wcs,hbt_wcs,125,1,1,open,1e12,5.62341E-06,5.623410e-06,1.60551,0.594347,5.62332E-06
a_nx1_wcs_125c_rbopen_st1,A,extraction,wcs,hbt_wcs,125,1,1,open,1e12,7.49894E-06,7.498940e-06,1.61465,0.604666,7.49885E-06
a_nx1_wcs_125c_rbopen_st1,A,extraction,wcs,hbt_wcs,125,1,1,open,1e12,1E-05,1.000000e-05,1.62396,0.615001,9.99991E-06
a_nx1_wcs_125c_rbopen_st1,A,extraction,wcs,hbt_wcs,125,1,1,open,1e12,1.33352E-05,1.333520e-05,1.63348,0.625359,1.33351E-05
a_nx1_wcs_125c_rbopen_st1,A,extraction,wcs,hbt_wcs,125,1,1,open,1e12,1.77828E-05,1.778280e-05,1.64329,0.635746,1.77827E-05
a_nx1_wcs_125c_rbopen_st1,A,extraction,wcs,hbt_wcs,125,1,1,open,1e12,2.37137E-05,2.371370e-05,1.65347,0.646172,2.37136E-05
a_nx1_wcs_125c_rbopen_st1,A,extraction,wcs,hbt_wcs,125,1,1,open,1e12,3.16228E-05,3.162280e-05,1.66412,0.656653,3.16227E-05
a_nx1_wcs_125c_rbopen_st1,A,extraction,wcs,hbt_wcs,125,1,1,open,1e12,4.21697E-05,4.216970e-05,1.6754,0.667205,4.21696E-05
a_nx1_wcs_125c_rbopen_st1,A,extraction,wcs,hbt_wcs,125,1,1,open,1e12,5.62341E-05,5.623410e-05,1.68751,0.677854,5.6234E-05
a_nx1_wcs_125c_rbopen_st1,A,extraction,wcs,hbt_wcs,125,1,1,open,1e12,7.49894E-05,7.498940e-05,1.70071,0.688633,7.49893E-05
a_nx1_wcs_125c_rbopen_st1,A,extraction,wcs,hbt_wcs,125,1,1,open,1e12,0.0001,1.000000e-04,1.71538,0.699585,9.99999E-05
a_nx1_wcs_125c_rbopen_st1,A,extraction,wcs,hbt_wcs,125,1,1,open,1e12,0.000133352,1.333520e-04,1.73197,0.710766,0.000133352
a_nx1_wcs_125c_rbopen_st1,A,extraction,wcs,hbt_wcs,125,1,1,open,1e12,0.000177828,1.778280e-04,1.75111,0.722253,0.000177828
a_nx1_wcs_125c_rbopen_st1,A,extraction,wcs,hbt_wcs,125,1,1,open,1e12,0.000237137,2.371370e-04,1.77363,0.734142,0.000237137
a_nx1_wcs_125c_rbopen_st1,A,extraction,wcs,hbt_wcs,125,1,1,open,1e12,0.000316228,3.162280e-04,1.80059,0.746554,0.000316228
a_nx1_wcs_125c_rbopen_st1,A,extraction,wcs,hbt_wcs,125,1,1,open,1e12,0.000421697,4.216970e-04,1.8334,0.759643,0.000421697
a_nx1_wcs_125c_rbopen_st1,A,extraction,wcs,hbt_wcs,125,1,1,open,1e12,0.000562341,5.623410e-04,1.87387,0.773595,0.000562341
a_nx1_wcs_125c_rbopen_st1,A,extraction,wcs,hbt_wcs,125,1,1,open,1e12,0.000749894,7.498940e-04,1.92433,0.788625,0.000749894
a_nx1_wcs_125c_rbopen_st1,A,extraction,wcs,hbt_wcs,125,1,1,open,1e12,0.001,1.000000e-03,1.98776,0.804968,0.000999999
a_nx1_wcs_125c_rbopen_st1,A,extraction,wcs,hbt_wcs,125,1,1,open,1e12,0.00133352,1.333520e-03,2.06789,0.822851,0.00133352
a_nx1_wcs_125c_rbopen_st1,A,extraction,wcs,hbt_wcs,125,1,1,open,1e12,0.00177828,1.778280e-03,2.16928,0.842432,0.00177828
a_nx1_wcs_125c_rbopen_st1,A,extraction,wcs,hbt_wcs,125,1,1,open,1e12,0.00237137,2.371370e-03,2.29721,0.863691,0.00237136
a_nx1_wcs_125c_rbopen_st1,A,extraction,wcs,hbt_wcs,125,1,1,open,1e12,0.00316228,3.162280e-03,2.45634,0.886263,0.00316222
a_nx1_wcs_125c_rbopen_st0,A,extraction,wcs,hbt_wcs,125,1,0,open,1e12,1E-10,1.000000e-10,0.164475,0.137341,1.5883E-11
a_nx1_wcs_125c_rbopen_st0,A,extraction,wcs,hbt_wcs,125,1,0,open,1e12,1.33352E-10,1.333520e-10,0.231222,0.177608,4.85026E-11
a_nx1_wcs_125c_rbopen_st0,A,extraction,wcs,hbt_wcs,125,1,0,open,1e12,1.77828E-10,1.778280e-10,0.293507,0.200953,9.2813E-11
a_nx1_wcs_125c_rbopen_st0,A,extraction,wcs,hbt_wcs,125,1,0,open,1e12,2.37137E-10,2.371370e-10,0.395402,0.218655,1.51997E-10
a_nx1_wcs_125c_rbopen_st0,A,extraction,wcs,hbt_wcs,125,1,0,open,1e12,3.16228E-10,3.162280e-10,0.646237,0.233602,2.30835E-10
a_nx1_wcs_125c_rbopen_st0,A,extraction,wcs,hbt_wcs,125,1,0,open,1e12,4.21697E-10,4.216970e-10,0.946609,0.247006,3.36004E-10
a_nx1_wcs_125c_rbopen_st0,A,extraction,wcs,hbt_wcs,125,1,0,open,1e12,5.62341E-10,5.623410e-10,1.1207,0.259484,4.76474E-10
a_nx1_wcs_125c_rbopen_st0,A,extraction,wcs,hbt_wcs,125,1,0,open,1e12,7.49894E-10,7.498940e-10,1.21626,0.271339,6.63931E-10
a_nx1_wcs_125c_rbopen_st0,A,extraction,wcs,hbt_wcs,125,1,0,open,1e12,1E-09,1.000000e-09,1.27528,0.282761,9.13978E-10
a_nx1_wcs_125c_rbopen_st0,A,extraction,wcs,hbt_wcs,125,1,0,open,1e12,1.33352E-09,1.333520e-09,1.31495,0.293875,1.24746E-09
a_nx1_wcs_125c_rbopen_st0,A,extraction,wcs,hbt_wcs,125,1,0,open,1e12,1.77828E-09,1.778280e-09,1.34327,0.304768,1.69219E-09
a_nx1_wcs_125c_rbopen_st0,A,extraction,wcs,hbt_wcs,125,1,0,open,1e12,2.37137E-09,2.371370e-09,1.36447,0.3155,2.28526E-09
a_nx1_wcs_125c_rbopen_st0,A,extraction,wcs,hbt_wcs,125,1,0,open,1e12,3.16228E-09,3.162280e-09,1.38105,0.326114,3.07615E-09
a_nx1_wcs_125c_rbopen_st0,A,extraction,wcs,hbt_wcs,125,1,0,open,1e12,4.21697E-09,4.216970e-09,1.39453,0.336642,4.13083E-09
a_nx1_wcs_125c_rbopen_st0,A,extraction,wcs,hbt_wcs,125,1,0,open,1e12,5.62341E-09,5.623410e-09,1.40592,0.347105,5.53726E-09
a_nx1_wcs_125c_rbopen_st0,A,extraction,wcs,hbt_wcs,125,1,0,open,1e12,7.49894E-09,7.498940e-09,1.41591,0.35752,7.41278E-09
a_nx1_wcs_125c_rbopen_st0,A,extraction,wcs,hbt_wcs,125,1,0,open,1e12,1E-08,1.000000e-08,1.42496,0.3679,9.91383E-09
a_nx1_wcs_125c_rbopen_st0,A,extraction,wcs,hbt_wcs,125,1,0,open,1e12,1.33352E-08,1.333520e-08,1.43339,0.378253,1.3249E-08
a_nx1_wcs_125c_rbopen_st0,A,extraction,wcs,hbt_wcs,125,1,0,open,1e12,1.77828E-08,1.778280e-08,1.44144,0.388586,1.76966E-08
a_nx1_wcs_125c_rbopen_st0,A,extraction,wcs,hbt_wcs,125,1,0,open,1e12,2.37137E-08,2.371370e-08,1.44926,0.398904,2.36275E-08
a_nx1_wcs_125c_rbopen_st0,A,extraction,wcs,hbt_wcs,125,1,0,open,1e12,3.16228E-08,3.162280e-08,1.45695,0.40921,3.15366E-08
a_nx1_wcs_125c_rbopen_st0,A,extraction,wcs,hbt_wcs,125,1,0,open,1e12,4.21697E-08,4.216970e-08,1.46461,0.419509,4.20835E-08
a_nx1_wcs_125c_rbopen_st0,A,extraction,wcs,hbt_wcs,125,1,0,open,1e12,5.62341E-08,5.623410e-08,1.47228,0.429801,5.61479E-08
a_nx1_wcs_125c_rbopen_st0,A,extraction,wcs,hbt_wcs,125,1,0,open,1e12,7.49894E-08,7.498940e-08,1.47999,0.440089,7.49032E-08
a_nx1_wcs_125c_rbopen_st0,A,extraction,wcs,hbt_wcs,125,1,0,open,1e12,1E-07,1.000000e-07,1.48778,0.450373,9.99138E-08
a_nx1_wcs_125c_rbopen_st0,A,extraction,wcs,hbt_wcs,125,1,0,open,1e12,1.33352E-07,1.333520e-07,1.49563,0.460655,1.33266E-07
a_nx1_wcs_125c_rbopen_st0,A,extraction,wcs,hbt_wcs,125,1,0,open,1e12,1.77828E-07,1.778280e-07,1.50358,0.470936,1.77742E-07
a_nx1_wcs_125c_rbopen_st0,A,extraction,wcs,hbt_wcs,125,1,0,open,1e12,2.37137E-07,2.371370e-07,1.51161,0.481215,2.37051E-07
a_nx1_wcs_125c_rbopen_st0,A,extraction,wcs,hbt_wcs,125,1,0,open,1e12,3.16228E-07,3.162280e-07,1.51974,0.491495,3.16142E-07
a_nx1_wcs_125c_rbopen_st0,A,extraction,wcs,hbt_wcs,125,1,0,open,1e12,4.21697E-07,4.216970e-07,1.52794,0.501775,4.21611E-07
a_nx1_wcs_125c_rbopen_st0,A,extraction,wcs,hbt_wcs,125,1,0,open,1e12,5.62341E-07,5.623410e-07,1.53624,0.512056,5.62255E-07
a_nx1_wcs_125c_rbopen_st0,A,extraction,wcs,hbt_wcs,125,1,0,open,1e12,7.49894E-07,7.498940e-07,1.54461,0.522338,7.49808E-07
a_nx1_wcs_125c_rbopen_st0,A,extraction,wcs,hbt_wcs,125,1,0,open,1e12,1E-06,1.000000e-06,1.55306,0.532624,9.99914E-07
a_nx1_wcs_125c_rbopen_st0,A,extraction,wcs,hbt_wcs,125,1,0,open,1e12,1.33352E-06,1.333520e-06,1.56159,0.542913,1.33343E-06
a_nx1_wcs_125c_rbopen_st0,A,extraction,wcs,hbt_wcs,125,1,0,open,1e12,1.77828E-06,1.778280e-06,1.5702,0.553207,1.77819E-06
a_nx1_wcs_125c_rbopen_st0,A,extraction,wcs,hbt_wcs,125,1,0,open,1e12,2.37137E-06,2.371370e-06,1.5789,0.563507,2.37128E-06
a_nx1_wcs_125c_rbopen_st0,A,extraction,wcs,hbt_wcs,125,1,0,open,1e12,3.16228E-06,3.162280e-06,1.58768,0.573817,3.16219E-06
a_nx1_wcs_125c_rbopen_st0,A,extraction,wcs,hbt_wcs,125,1,0,open,1e12,4.21697E-06,4.216970e-06,1.59657,0.58414,4.21688E-06
a_nx1_wcs_125c_rbopen_st0,A,extraction,wcs,hbt_wcs,125,1,0,open,1e12,5.62341E-06,5.623410e-06,1.60558,0.594479,5.62332E-06
a_nx1_wcs_125c_rbopen_st0,A,extraction,wcs,hbt_wcs,125,1,0,open,1e12,7.49894E-06,7.498940e-06,1.61474,0.604838,7.49885E-06
a_nx1_wcs_125c_rbopen_st0,A,extraction,wcs,hbt_wcs,125,1,0,open,1e12,1E-05,1.000000e-05,1.62407,0.615227,9.99991E-06
a_nx1_wcs_125c_rbopen_st0,A,extraction,wcs,hbt_wcs,125,1,0,open,1e12,1.33352E-05,1.333520e-05,1.63362,0.625654,1.33351E-05
a_nx1_wcs_125c_rbopen_st0,A,extraction,wcs,hbt_wcs,125,1,0,open,1e12,1.77828E-05,1.778280e-05,1.64346,0.636133,1.77827E-05
a_nx1_wcs_125c_rbopen_st0,A,extraction,wcs,hbt_wcs,125,1,0,open,1e12,2.37137E-05,2.371370e-05,1.65368,0.64668,2.37136E-05
a_nx1_wcs_125c_rbopen_st0,A,extraction,wcs,hbt_wcs,125,1,0,open,1e12,3.16228E-05,3.162280e-05,1.66438,0.657318,3.16227E-05
a_nx1_wcs_125c_rbopen_st0,A,extraction,wcs,hbt_wcs,125,1,0,open,1e12,4.21697E-05,4.216970e-05,1.67572,0.668076,4.21696E-05
a_nx1_wcs_125c_rbopen_st0,A,extraction,wcs,hbt_wcs,125,1,0,open,1e12,5.62341E-05,5.623410e-05,1.6879,0.678994,5.6234E-05
a_nx1_wcs_125c_rbopen_st0,A,extraction,wcs,hbt_wcs,125,1,0,open,1e12,7.49894E-05,7.498940e-05,1.7012,0.690125,7.49893E-05
a_nx1_wcs_125c_rbopen_st0,A,extraction,wcs,hbt_wcs,125,1,0,open,1e12,0.0001,1.000000e-04,1.71595,0.701538,9.99999E-05
a_nx1_wcs_125c_rbopen_st0,A,extraction,wcs,hbt_wcs,125,1,0,open,1e12,0.000133352,1.333520e-04,1.73265,0.713325,0.000133352
a_nx1_wcs_125c_rbopen_st0,A,extraction,wcs,hbt_wcs,125,1,0,open,1e12,0.000177828,1.778280e-04,1.75189,0.725608,0.000177828
a_nx1_wcs_125c_rbopen_st0,A,extraction,wcs,hbt_wcs,125,1,0,open,1e12,0.000237137,2.371370e-04,1.77453,0.738541,0.000237137
a_nx1_wcs_125c_rbopen_st0,A,extraction,wcs,hbt_wcs,125,1,0,open,1e12,0.000316228,3.162280e-04,1.80159,0.752335,0.000316228
a_nx1_wcs_125c_rbopen_st0,A,extraction,wcs,hbt_wcs,125,1,0,open,1e12,0.000421697,4.216970e-04,1.83447,0.767259,0.000421697
a_nx1_wcs_125c_rbopen_st0,A,extraction,wcs,hbt_wcs,125,1,0,open,1e12,0.000562341,5.623410e-04,1.87497,0.783663,0.000562341
a_nx1_wcs_125c_rbopen_st0,A,extraction,wcs,hbt_wcs,125,1,0,open,1e12,0.000749894,7.498940e-04,1.9254,0.801997,0.000749894
a_nx1_wcs_125c_rbopen_st0,A,extraction,wcs,hbt_wcs,125,1,0,open,1e12,0.001,1.000000e-03,1.98873,0.822841,0.001
a_nx1_wcs_125c_rbopen_st0,A,extraction,wcs,hbt_wcs,125,1,0,open,1e12,0.00133352,1.333520e-03,2.06879,0.846941,0.00133352
a_nx1_wcs_125c_rbopen_st0,A,extraction,wcs,hbt_wcs,125,1,0,open,1e12,0.00177828,1.778280e-03,2.17048,0.875255,0.00177828
a_nx1_wcs_125c_rbopen_st0,A,extraction,wcs,hbt_wcs,125,1,0,open,1e12,0.00237137,2.371370e-03,2.30017,0.909023,0.00237137
a_nx1_wcs_125c_rbopen_st0,A,extraction,wcs,hbt_wcs,125,1,0,open,1e12,0.00316228,3.162280e-03,2.46617,0.949855,0.00316228
a_nx8_wcs_125c_rbopen_st1,A,extraction,wcs,hbt_wcs,125,8,1,open,1e12,8E-10,1.000000e-10,0.214443,0.181418,4.26966E-10
a_nx8_wcs_125c_rbopen_st1,A,extraction,wcs,hbt_wcs,125,8,1,open,1e12,1.06682E-09,1.333525e-10,0.250993,0.198721,6.93127E-10
a_nx8_wcs_125c_rbopen_st1,A,extraction,wcs,hbt_wcs,125,8,1,open,1e12,1.42262E-09,1.778275e-10,0.299775,0.213513,1.0486E-09
a_nx8_wcs_125c_rbopen_st1,A,extraction,wcs,hbt_wcs,125,8,1,open,1e12,1.8971E-09,2.371375e-10,0.415342,0.226839,1.52285E-09
a_nx8_wcs_125c_rbopen_st1,A,extraction,wcs,hbt_wcs,125,8,1,open,1e12,2.52982E-09,3.162275e-10,1.03234,0.239157,2.15494E-09
a_nx8_wcs_125c_rbopen_st1,A,extraction,wcs,hbt_wcs,125,8,1,open,1e12,3.37357E-09,4.216962e-10,1.18427,0.250946,2.99854E-09
a_nx8_wcs_125c_rbopen_st1,A,extraction,wcs,hbt_wcs,125,8,1,open,1e12,4.49873E-09,5.623413e-10,1.2572,0.262325,4.12362E-09
a_nx8_wcs_125c_rbopen_st1,A,extraction,wcs,hbt_wcs,125,8,1,open,1e12,5.99915E-09,7.498938e-10,1.30179,0.273408,5.624E-09
a_nx8_wcs_125c_rbopen_st1,A,extraction,wcs,hbt_wcs,125,8,1,open,1e12,8E-09,1.000000e-09,1.33203,0.284279,7.62482E-09
a_nx8_wcs_125c_rbopen_st1,A,extraction,wcs,hbt_wcs,125,8,1,open,1e12,1.06682E-08,1.333525e-09,1.35395,0.294995,1.0293E-08
a_nx8_wcs_125c_rbopen_st1,A,extraction,wcs,hbt_wcs,125,8,1,open,1e12,1.42262E-08,1.778275e-09,1.37065,0.305598,1.3851E-08
a_nx8_wcs_125c_rbopen_st1,A,extraction,wcs,hbt_wcs,125,8,1,open,1e12,1.8971E-08,2.371375e-09,1.38398,0.316117,1.85958E-08
a_nx8_wcs_125c_rbopen_st1,A,extraction,wcs,hbt_wcs,125,8,1,open,1e12,2.52982E-08,3.162275e-09,1.39507,0.326574,2.4923E-08
a_nx8_wcs_125c_rbopen_st1,A,extraction,wcs,hbt_wcs,125,8,1,open,1e12,3.37357E-08,4.216963e-09,1.40467,0.336985,3.33604E-08
a_nx8_wcs_125c_rbopen_st1,A,extraction,wcs,hbt_wcs,125,8,1,open,1e12,4.49873E-08,5.623413e-09,1.41329,0.347362,4.4612E-08
a_nx8_wcs_125c_rbopen_st1,A,extraction,wcs,hbt_wcs,125,8,1,open,1e12,5.99915E-08,7.498937e-09,1.42127,0.357712,5.96162E-08
a_nx8_wcs_125c_rbopen_st1,A,extraction,wcs,hbt_wcs,125,8,1,open,1e12,8E-08,1.000000e-08,1.42887,0.368043,7.96247E-08
a_nx8_wcs_125c_rbopen_st1,A,extraction,wcs,hbt_wcs,125,8,1,open,1e12,1.06682E-07,1.333525e-08,1.43624,0.37836,1.06307E-07
a_nx8_wcs_125c_rbopen_st1,A,extraction,wcs,hbt_wcs,125,8,1,open,1e12,1.42262E-07,1.778275e-08,1.44351,0.388666,1.41887E-07
a_nx8_wcs_125c_rbopen_st1,A,extraction,wcs,hbt_wcs,125,8,1,open,1e12,1.8971E-07,2.371375e-08,1.45077,0.398963,1.89335E-07
a_nx8_wcs_125c_rbopen_st1,A,extraction,wcs,hbt_wcs,125,8,1,open,1e12,2.52982E-07,3.162275e-08,1.45805,0.409255,2.52607E-07
a_nx8_wcs_125c_rbopen_st1,A,extraction,wcs,hbt_wcs,125,8,1,open,1e12,3.37357E-07,4.216963e-08,1.46541,0.419541,3.36982E-07
a_nx8_wcs_125c_rbopen_st1,A,extraction,wcs,hbt_wcs,125,8,1,open,1e12,4.49873E-07,5.623413e-08,1.47286,0.429825,4.49498E-07
a_nx8_wcs_125c_rbopen_st1,A,extraction,wcs,hbt_wcs,125,8,1,open,1e12,5.99915E-07,7.498937e-08,1.48041,0.440105,5.9954E-07
a_nx8_wcs_125c_rbopen_st1,A,extraction,wcs,hbt_wcs,125,8,1,open,1e12,8E-07,1.000000e-07,1.48807,0.450384,7.99625E-07
a_nx8_wcs_125c_rbopen_st1,A,extraction,wcs,hbt_wcs,125,8,1,open,1e12,1.06682E-06,1.333525e-07,1.49585,0.460661,1.06644E-06
a_nx8_wcs_125c_rbopen_st1,A,extraction,wcs,hbt_wcs,125,8,1,open,1e12,1.42262E-06,1.778275e-07,1.50373,0.470938,1.42224E-06
a_nx8_wcs_125c_rbopen_st1,A,extraction,wcs,hbt_wcs,125,8,1,open,1e12,1.8971E-06,2.371375e-07,1.51172,0.481214,1.89672E-06
a_nx8_wcs_125c_rbopen_st1,A,extraction,wcs,hbt_wcs,125,8,1,open,1e12,2.52982E-06,3.162275e-07,1.51981,0.491489,2.52944E-06
a_nx8_wcs_125c_rbopen_st1,A,extraction,wcs,hbt_wcs,125,8,1,open,1e12,3.37357E-06,4.216963e-07,1.52799,0.501764,3.37319E-06
a_nx8_wcs_125c_rbopen_st1,A,extraction,wcs,hbt_wcs,125,8,1,open,1e12,4.49873E-06,5.623413e-07,1.53627,0.51204,4.49835E-06
a_nx8_wcs_125c_rbopen_st1,A,extraction,wcs,hbt_wcs,125,8,1,open,1e12,5.99915E-06,7.498937e-07,1.54462,0.522316,5.99877E-06
a_nx8_wcs_125c_rbopen_st1,A,extraction,wcs,hbt_wcs,125,8,1,open,1e12,8E-06,1.000000e-06,1.55306,0.532594,7.99962E-06
a_nx8_wcs_125c_rbopen_st1,A,extraction,wcs,hbt_wcs,125,8,1,open,1e12,1.06682E-05,1.333525e-06,1.56158,0.542873,1.06678E-05
a_nx8_wcs_125c_rbopen_st1,A,extraction,wcs,hbt_wcs,125,8,1,open,1e12,1.42262E-05,1.778275e-06,1.57018,0.553153,1.42258E-05
a_nx8_wcs_125c_rbopen_st1,A,extraction,wcs,hbt_wcs,125,8,1,open,1e12,1.8971E-05,2.371375e-06,1.57886,0.563437,1.89706E-05
a_nx8_wcs_125c_rbopen_st1,A,extraction,wcs,hbt_wcs,125,8,1,open,1e12,2.52982E-05,3.162275e-06,1.58764,0.573724,2.52978E-05
a_nx8_wcs_125c_rbopen_st1,A,extraction,wcs,hbt_wcs,125,8,1,open,1e12,3.37357E-05,4.216963e-06,1.59651,0.584017,3.37353E-05
a_nx8_wcs_125c_rbopen_st1,A,extraction,wcs,hbt_wcs,125,8,1,open,1e12,4.49873E-05,5.623413e-06,1.6055,0.594317,4.49869E-05
a_nx8_wcs_125c_rbopen_st1,A,extraction,wcs,hbt_wcs,125,8,1,open,1e12,5.99915E-05,7.498938e-06,1.61463,0.604626,5.99911E-05
a_nx8_wcs_125c_rbopen_st1,A,extraction,wcs,hbt_wcs,125,8,1,open,1e12,8E-05,1.000000e-05,1.62393,0.614949,7.99996E-05
a_nx8_wcs_125c_rbopen_st1,A,extraction,wcs,hbt_wcs,125,8,1,open,1e12,0.000106682,1.333525e-05,1.63345,0.625291,0.000106682
a_nx8_wcs_125c_rbopen_st1,A,extraction,wcs,hbt_wcs,125,8,1,open,1e12,0.000142262,1.778275e-05,1.64325,0.635656,0.000142262
a_nx8_wcs_125c_rbopen_st1,A,extraction,wcs,hbt_wcs,125,8,1,open,1e12,0.00018971,2.371375e-05,1.65342,0.646055,0.00018971
a_nx8_wcs_125c_rbopen_st1,A,extraction,wcs,hbt_wcs,125,8,1,open,1e12,0.000252982,3.162275e-05,1.66405,0.656499,0.000252982
a_nx8_wcs_125c_rbopen_st1,A,extraction,wcs,hbt_wcs,125,8,1,open,1e12,0.000337357,4.216962e-05,1.67532,0.667004,0.000337357
a_nx8_wcs_125c_rbopen_st1,A,extraction,wcs,hbt_wcs,125,8,1,open,1e12,0.000449873,5.623412e-05,1.68741,0.677591,0.000449873
a_nx8_wcs_125c_rbopen_st1,A,extraction,wcs,hbt_wcs,125,8,1,open,1e12,0.000599915,7.498938e-05,1.7006,0.688288,0.000599915
a_nx8_wcs_125c_rbopen_st1,A,extraction,wcs,hbt_wcs,125,8,1,open,1e12,0.0008,1.000000e-04,1.71524,0.699133,0.0008
a_nx8_wcs_125c_rbopen_st1,A,extraction,wcs,hbt_wcs,125,8,1,open,1e12,0.00106682,1.333525e-04,1.73181,0.710175,0.00106682
a_nx8_wcs_125c_rbopen_st1,A,extraction,wcs,hbt_wcs,125,8,1,open,1e12,0.00142262,1.778275e-04,1.75092,0.721477,0.00142262
a_nx8_wcs_125c_rbopen_st1,A,extraction,wcs,hbt_wcs,125,8,1,open,1e12,0.0018971,2.371375e-04,1.77339,0.733123,0.0018971
a_nx8_wcs_125c_rbopen_st1,A,extraction,wcs,hbt_wcs,125,8,1,open,1e12,0.00252982,3.162275e-04,1.80031,0.745214,0.00252982
a_nx8_wcs_125c_rbopen_st1,A,extraction,wcs,hbt_wcs,125,8,1,open,1e12,0.00337357,4.216963e-04,1.83306,0.757876,0.00337357
a_nx8_wcs_125c_rbopen_st1,A,extraction,wcs,hbt_wcs,125,8,1,open,1e12,0.00449873,5.623413e-04,1.87346,0.771256,0.00449873
a_nx8_wcs_125c_rbopen_st1,A,extraction,wcs,hbt_wcs,125,8,1,open,1e12,0.00599915,7.498937e-04,1.92379,0.785512,0.00599915
a_nx8_wcs_125c_rbopen_st1,A,extraction,wcs,hbt_wcs,125,8,1,open,1e12,0.008,1.000000e-03,1.98699,0.800798,0.008
a_nx8_wcs_125c_rbopen_st1,A,extraction,wcs,hbt_wcs,125,8,1,open,1e12,0.0106682,1.333525e-03,2.06662,0.817216,0.0106682
a_nx8_wcs_125c_rbopen_st1,A,extraction,wcs,hbt_wcs,125,8,1,open,1e12,0.0142262,1.778275e-03,2.16692,0.834738,0.0142262
a_nx8_wcs_125c_rbopen_st1,A,extraction,wcs,hbt_wcs,125,8,1,open,1e12,0.018971,2.371375e-03,2.29218,0.853075,0.0189709
a_nx8_wcs_125c_rbopen_st1,A,extraction,wcs,hbt_wcs,125,8,1,open,1e12,0.0252982,3.162275e-03,2.44265,0.871559,0.0252974
a_nx8_wcs_125c_rbopen_st0,A,extraction,wcs,hbt_wcs,125,8,0,open,1e12,8E-10,1.000000e-10,0.214443,0.181418,4.26965E-10
a_nx8_wcs_125c_rbopen_st0,A,extraction,wcs,hbt_wcs,125,8,0,open,1e12,1.06682E-09,1.333525e-10,0.250993,0.198721,6.93127E-10
a_nx8_wcs_125c_rbopen_st0,A,extraction,wcs,hbt_wcs,125,8,0,open,1e12,1.42262E-09,1.778275e-10,0.299775,0.213513,1.0486E-09
a_nx8_wcs_125c_rbopen_st0,A,extraction,wcs,hbt_wcs,125,8,0,open,1e12,1.8971E-09,2.371375e-10,0.415342,0.226839,1.52285E-09
a_nx8_wcs_125c_rbopen_st0,A,extraction,wcs,hbt_wcs,125,8,0,open,1e12,2.52982E-09,3.162275e-10,1.03234,0.239157,2.15494E-09
a_nx8_wcs_125c_rbopen_st0,A,extraction,wcs,hbt_wcs,125,8,0,open,1e12,3.37357E-09,4.216962e-10,1.18427,0.250946,2.99854E-09
a_nx8_wcs_125c_rbopen_st0,A,extraction,wcs,hbt_wcs,125,8,0,open,1e12,4.49873E-09,5.623413e-10,1.2572,0.262325,4.12362E-09
a_nx8_wcs_125c_rbopen_st0,A,extraction,wcs,hbt_wcs,125,8,0,open,1e12,5.99915E-09,7.498938e-10,1.30179,0.273408,5.624E-09
a_nx8_wcs_125c_rbopen_st0,A,extraction,wcs,hbt_wcs,125,8,0,open,1e12,8E-09,1.000000e-09,1.33203,0.284279,7.62482E-09
a_nx8_wcs_125c_rbopen_st0,A,extraction,wcs,hbt_wcs,125,8,0,open,1e12,1.06682E-08,1.333525e-09,1.35395,0.294995,1.0293E-08
a_nx8_wcs_125c_rbopen_st0,A,extraction,wcs,hbt_wcs,125,8,0,open,1e12,1.42262E-08,1.778275e-09,1.37065,0.305598,1.3851E-08
a_nx8_wcs_125c_rbopen_st0,A,extraction,wcs,hbt_wcs,125,8,0,open,1e12,1.8971E-08,2.371375e-09,1.38398,0.316117,1.85958E-08
a_nx8_wcs_125c_rbopen_st0,A,extraction,wcs,hbt_wcs,125,8,0,open,1e12,2.52982E-08,3.162275e-09,1.39507,0.326574,2.4923E-08
a_nx8_wcs_125c_rbopen_st0,A,extraction,wcs,hbt_wcs,125,8,0,open,1e12,3.37357E-08,4.216963e-09,1.40467,0.336985,3.33604E-08
a_nx8_wcs_125c_rbopen_st0,A,extraction,wcs,hbt_wcs,125,8,0,open,1e12,4.49873E-08,5.623413e-09,1.41329,0.347362,4.4612E-08
a_nx8_wcs_125c_rbopen_st0,A,extraction,wcs,hbt_wcs,125,8,0,open,1e12,5.99915E-08,7.498937e-09,1.42128,0.357712,5.96162E-08
a_nx8_wcs_125c_rbopen_st0,A,extraction,wcs,hbt_wcs,125,8,0,open,1e12,8E-08,1.000000e-08,1.42887,0.368044,7.96247E-08
a_nx8_wcs_125c_rbopen_st0,A,extraction,wcs,hbt_wcs,125,8,0,open,1e12,1.06682E-07,1.333525e-08,1.43624,0.378361,1.06307E-07
a_nx8_wcs_125c_rbopen_st0,A,extraction,wcs,hbt_wcs,125,8,0,open,1e12,1.42262E-07,1.778275e-08,1.44352,0.388666,1.41887E-07
a_nx8_wcs_125c_rbopen_st0,A,extraction,wcs,hbt_wcs,125,8,0,open,1e12,1.8971E-07,2.371375e-08,1.45077,0.398964,1.89335E-07
a_nx8_wcs_125c_rbopen_st0,A,extraction,wcs,hbt_wcs,125,8,0,open,1e12,2.52982E-07,3.162275e-08,1.45805,0.409256,2.52607E-07
a_nx8_wcs_125c_rbopen_st0,A,extraction,wcs,hbt_wcs,125,8,0,open,1e12,3.37357E-07,4.216963e-08,1.46541,0.419543,3.36982E-07
a_nx8_wcs_125c_rbopen_st0,A,extraction,wcs,hbt_wcs,125,8,0,open,1e12,4.49873E-07,5.623413e-08,1.47286,0.429827,4.49498E-07
a_nx8_wcs_125c_rbopen_st0,A,extraction,wcs,hbt_wcs,125,8,0,open,1e12,5.99915E-07,7.498937e-08,1.48041,0.440108,5.9954E-07
a_nx8_wcs_125c_rbopen_st0,A,extraction,wcs,hbt_wcs,125,8,0,open,1e12,8E-07,1.000000e-07,1.48808,0.450388,7.99625E-07
a_nx8_wcs_125c_rbopen_st0,A,extraction,wcs,hbt_wcs,125,8,0,open,1e12,1.06682E-06,1.333525e-07,1.49585,0.460666,1.06644E-06
a_nx8_wcs_125c_rbopen_st0,A,extraction,wcs,hbt_wcs,125,8,0,open,1e12,1.42262E-06,1.778275e-07,1.50374,0.470944,1.42224E-06
a_nx8_wcs_125c_rbopen_st0,A,extraction,wcs,hbt_wcs,125,8,0,open,1e12,1.8971E-06,2.371375e-07,1.51173,0.481222,1.89672E-06
a_nx8_wcs_125c_rbopen_st0,A,extraction,wcs,hbt_wcs,125,8,0,open,1e12,2.52982E-06,3.162275e-07,1.51982,0.491499,2.52944E-06
a_nx8_wcs_125c_rbopen_st0,A,extraction,wcs,hbt_wcs,125,8,0,open,1e12,3.37357E-06,4.216963e-07,1.528,0.501778,3.37319E-06
a_nx8_wcs_125c_rbopen_st0,A,extraction,wcs,hbt_wcs,125,8,0,open,1e12,4.49873E-06,5.623413e-07,1.53628,0.512058,4.49835E-06
a_nx8_wcs_125c_rbopen_st0,A,extraction,wcs,hbt_wcs,125,8,0,open,1e12,5.99915E-06,7.498937e-07,1.54464,0.52234,5.99877E-06
a_nx8_wcs_125c_rbopen_st0,A,extraction,wcs,hbt_wcs,125,8,0,open,1e12,8E-06,1.000000e-06,1.55308,0.532625,7.99962E-06
a_nx8_wcs_125c_rbopen_st0,A,extraction,wcs,hbt_wcs,125,8,0,open,1e12,1.06682E-05,1.333525e-06,1.56161,0.542914,1.06678E-05
a_nx8_wcs_125c_rbopen_st0,A,extraction,wcs,hbt_wcs,125,8,0,open,1e12,1.42262E-05,1.778275e-06,1.57021,0.553207,1.42258E-05
a_nx8_wcs_125c_rbopen_st0,A,extraction,wcs,hbt_wcs,125,8,0,open,1e12,1.8971E-05,2.371375e-06,1.5789,0.563509,1.89706E-05
a_nx8_wcs_125c_rbopen_st0,A,extraction,wcs,hbt_wcs,125,8,0,open,1e12,2.52982E-05,3.162275e-06,1.58769,0.573818,2.52978E-05
a_nx8_wcs_125c_rbopen_st0,A,extraction,wcs,hbt_wcs,125,8,0,open,1e12,3.37357E-05,4.216963e-06,1.59658,0.58414,3.37353E-05
a_nx8_wcs_125c_rbopen_st0,A,extraction,wcs,hbt_wcs,125,8,0,open,1e12,4.49873E-05,5.623413e-06,1.60558,0.594478,4.49869E-05
a_nx8_wcs_125c_rbopen_st0,A,extraction,wcs,hbt_wcs,125,8,0,open,1e12,5.99915E-05,7.498938e-06,1.61474,0.604838,5.99911E-05
a_nx8_wcs_125c_rbopen_st0,A,extraction,wcs,hbt_wcs,125,8,0,open,1e12,8E-05,1.000000e-05,1.62407,0.615227,7.99996E-05
a_nx8_wcs_125c_rbopen_st0,A,extraction,wcs,hbt_wcs,125,8,0,open,1e12,0.000106682,1.333525e-05,1.63362,0.625655,0.000106682
a_nx8_wcs_125c_rbopen_st0,A,extraction,wcs,hbt_wcs,125,8,0,open,1e12,0.000142262,1.778275e-05,1.64346,0.636133,0.000142262
a_nx8_wcs_125c_rbopen_st0,A,extraction,wcs,hbt_wcs,125,8,0,open,1e12,0.00018971,2.371375e-05,1.65368,0.64668,0.00018971
a_nx8_wcs_125c_rbopen_st0,A,extraction,wcs,hbt_wcs,125,8,0,open,1e12,0.000252982,3.162275e-05,1.66438,0.657318,0.000252982
a_nx8_wcs_125c_rbopen_st0,A,extraction,wcs,hbt_wcs,125,8,0,open,1e12,0.000337357,4.216962e-05,1.67572,0.668076,0.000337357
a_nx8_wcs_125c_rbopen_st0,A,extraction,wcs,hbt_wcs,125,8,0,open,1e12,0.000449873,5.623412e-05,1.6879,0.678994,0.000449873
a_nx8_wcs_125c_rbopen_st0,A,extraction,wcs,hbt_wcs,125,8,0,open,1e12,0.000599915,7.498938e-05,1.7012,0.690125,0.000599915
a_nx8_wcs_125c_rbopen_st0,A,extraction,wcs,hbt_wcs,125,8,0,open,1e12,0.0008,1.000000e-04,1.71595,0.701538,0.0008
a_nx8_wcs_125c_rbopen_st0,A,extraction,wcs,hbt_wcs,125,8,0,open,1e12,0.00106682,1.333525e-04,1.73265,0.713325,0.00106682
a_nx8_wcs_125c_rbopen_st0,A,extraction,wcs,hbt_wcs,125,8,0,open,1e12,0.00142262,1.778275e-04,1.7519,0.725607,0.00142262
a_nx8_wcs_125c_rbopen_st0,A,extraction,wcs,hbt_wcs,125,8,0,open,1e12,0.0018971,2.371375e-04,1.77453,0.738541,0.0018971
a_nx8_wcs_125c_rbopen_st0,A,extraction,wcs,hbt_wcs,125,8,0,open,1e12,0.00252982,3.162275e-04,1.80159,0.752335,0.00252982
a_nx8_wcs_125c_rbopen_st0,A,extraction,wcs,hbt_wcs,125,8,0,open,1e12,0.00337357,4.216963e-04,1.83447,0.767259,0.00337357
a_nx8_wcs_125c_rbopen_st0,A,extraction,wcs,hbt_wcs,125,8,0,open,1e12,0.00449873,5.623413e-04,1.87497,0.783663,0.00449873
a_nx8_wcs_125c_rbopen_st0,A,extraction,wcs,hbt_wcs,125,8,0,open,1e12,0.00599915,7.498937e-04,1.9254,0.801996,0.00599915
a_nx8_wcs_125c_rbopen_st0,A,extraction,wcs,hbt_wcs,125,8,0,open,1e12,0.008,1.000000e-03,1.98873,0.822841,0.008
a_nx8_wcs_125c_rbopen_st0,A,extraction,wcs,hbt_wcs,125,8,0,open,1e12,0.0106682,1.333525e-03,2.06879,0.846941,0.0106682
a_nx8_wcs_125c_rbopen_st0,A,extraction,wcs,hbt_wcs,125,8,0,open,1e12,0.0142262,1.778275e-03,2.17048,0.875255,0.0142262
a_nx8_wcs_125c_rbopen_st0,A,extraction,wcs,hbt_wcs,125,8,0,open,1e12,0.018971,2.371375e-03,2.30017,0.909023,0.018971
a_nx8_wcs_125c_rbopen_st0,A,extraction,wcs,hbt_wcs,125,8,0,open,1e12,0.0252982,3.162275e-03,2.46617,0.949855,0.0252982
a_nx1_sf_-40c_rbopen_st1,A,extraction,sf,hbt_typ,-40,1,1,open,1e12,1E-10,1.000000e-10,1.50521,0.568871,9.84948E-11
a_nx1_sf_-40c_rbopen_st1,A,extraction,sf,hbt_typ,-40,1,1,open,1e12,1.33352E-10,1.333520e-10,1.52448,0.574888,1.31828E-10
a_nx1_sf_-40c_rbopen_st1,A,extraction,sf,hbt_typ,-40,1,1,open,1e12,1.77828E-10,1.778280e-10,1.54111,0.580864,1.76287E-10
a_nx1_sf_-40c_rbopen_st1,A,extraction,sf,hbt_typ,-40,1,1,open,1e12,2.37137E-10,2.371370e-10,1.55465,0.586811,2.35582E-10
a_nx1_sf_-40c_rbopen_st1,A,extraction,sf,hbt_typ,-40,1,1,open,1e12,3.16228E-10,3.162280e-10,1.56495,0.592734,3.14663E-10
a_nx1_sf_-40c_rbopen_st1,A,extraction,sf,hbt_typ,-40,1,1,open,1e12,4.21697E-10,4.216970e-10,1.57209,0.598641,4.20125E-10
a_nx1_sf_-40c_rbopen_st1,A,extraction,sf,hbt_typ,-40,1,1,open,1e12,5.62341E-10,5.623410e-10,1.57643,0.604534,5.60765E-10
a_nx1_sf_-40c_rbopen_st1,A,extraction,sf,hbt_typ,-40,1,1,open,1e12,7.49894E-10,7.498940e-10,1.57844,0.610417,7.48316E-10
a_nx1_sf_-40c_rbopen_st1,A,extraction,sf,hbt_typ,-40,1,1,open,1e12,1E-09,1.000000e-09,1.57864,0.616293,9.98421E-10
a_nx1_sf_-40c_rbopen_st1,A,extraction,sf,hbt_typ,-40,1,1,open,1e12,1.33352E-09,1.333520e-09,1.57756,0.622163,1.33194E-09
a_nx1_sf_-40c_rbopen_st1,A,extraction,sf,hbt_typ,-40,1,1,open,1e12,1.77828E-09,1.778280e-09,1.57565,0.628029,1.7767E-09
a_nx1_sf_-40c_rbopen_st1,A,extraction,sf,hbt_typ,-40,1,1,open,1e12,2.37137E-09,2.371370e-09,1.57328,0.633891,2.3698E-09
a_nx1_sf_-40c_rbopen_st1,A,extraction,sf,hbt_typ,-40,1,1,open,1e12,3.16228E-09,3.162280e-09,1.57076,0.639751,3.16071E-09
a_nx1_sf_-40c_rbopen_st1,A,extraction,sf,hbt_typ,-40,1,1,open,1e12,4.21697E-09,4.216970e-09,1.56829,0.645609,4.2154E-09
a_nx1_sf_-40c_rbopen_st1,A,extraction,sf,hbt_typ,-40,1,1,open,1e12,5.62341E-09,5.623410e-09,1.56605,0.651465,5.62184E-09
a_nx1_sf_-40c_rbopen_st1,A,extraction,sf,hbt_typ,-40,1,1,open,1e12,7.49894E-09,7.498940e-09,1.56412,0.657321,7.49738E-09
a_nx1_sf_-40c_rbopen_st1,A,extraction,sf,hbt_typ,-40,1,1,open,1e12,1E-08,1.000000e-08,1.56257,0.663175,9.99844E-09
a_nx1_sf_-40c_rbopen_st1,A,extraction,sf,hbt_typ,-40,1,1,open,1e12,1.33352E-08,1.333520e-08,1.56142,0.669029,1.33336E-08
a_nx1_sf_-40c_rbopen_st1,A,extraction,sf,hbt_typ,-40,1,1,open,1e12,1.77828E-08,1.778280e-08,1.56068,0.674882,1.77812E-08
a_nx1_sf_-40c_rbopen_st1,A,extraction,sf,hbt_typ,-40,1,1,open,1e12,2.37137E-08,2.371370e-08,1.56034,0.680735,2.37121E-08
a_nx1_sf_-40c_rbopen_st1,A,extraction,sf,hbt_typ,-40,1,1,open,1e12,3.16228E-08,3.162280e-08,1.56038,0.686587,3.16212E-08
a_nx1_sf_-40c_rbopen_st1,A,extraction,sf,hbt_typ,-40,1,1,open,1e12,4.21697E-08,4.216970e-08,1.56078,0.69244,4.21681E-08
a_nx1_sf_-40c_rbopen_st1,A,extraction,sf,hbt_typ,-40,1,1,open,1e12,5.62341E-08,5.623410e-08,1.56149,0.698292,5.62325E-08
a_nx1_sf_-40c_rbopen_st1,A,extraction,sf,hbt_typ,-40,1,1,open,1e12,7.49894E-08,7.498940e-08,1.5625,0.704144,7.49878E-08
a_nx1_sf_-40c_rbopen_st1,A,extraction,sf,hbt_typ,-40,1,1,open,1e12,1E-07,1.000000e-07,1.56377,0.709996,9.99984E-08
a_nx1_sf_-40c_rbopen_st1,A,extraction,sf,hbt_typ,-40,1,1,open,1e12,1.33352E-07,1.333520e-07,1.56528,0.715848,1.3335E-07
a_nx1_sf_-40c_rbopen_st1,A,extraction,sf,hbt_typ,-40,1,1,open,1e12,1.77828E-07,1.778280e-07,1.56701,0.721701,1.77826E-07
a_nx1_sf_-40c_rbopen_st1,A,extraction,sf,hbt_typ,-40,1,1,open,1e12,2.37137E-07,2.371370e-07,1.56892,0.727553,2.37135E-07
a_nx1_sf_-40c_rbopen_st1,A,extraction,sf,hbt_typ,-40,1,1,open,1e12,3.16228E-07,3.162280e-07,1.571,0.733406,3.16226E-07
a_nx1_sf_-40c_rbopen_st1,A,extraction,sf,hbt_typ,-40,1,1,open,1e12,4.21697E-07,4.216970e-07,1.57323,0.739259,4.21695E-07
a_nx1_sf_-40c_rbopen_st1,A,extraction,sf,hbt_typ,-40,1,1,open,1e12,5.62341E-07,5.623410e-07,1.5756,0.745113,5.62339E-07
a_nx1_sf_-40c_rbopen_st1,A,extraction,sf,hbt_typ,-40,1,1,open,1e12,7.49894E-07,7.498940e-07,1.57809,0.750967,7.49892E-07
a_nx1_sf_-40c_rbopen_st1,A,extraction,sf,hbt_typ,-40,1,1,open,1e12,1E-06,1.000000e-06,1.5807,0.756823,9.99998E-07
a_nx1_sf_-40c_rbopen_st1,A,extraction,sf,hbt_typ,-40,1,1,open,1e12,1.33352E-06,1.333520e-06,1.58341,0.76268,1.33352E-06
a_nx1_sf_-40c_rbopen_st1,A,extraction,sf,hbt_typ,-40,1,1,open,1e12,1.77828E-06,1.778280e-06,1.58622,0.768539,1.77828E-06
a_nx1_sf_-40c_rbopen_st1,A,extraction,sf,hbt_typ,-40,1,1,open,1e12,2.37137E-06,2.371370e-06,1.58914,0.774401,2.37137E-06
a_nx1_sf_-40c_rbopen_st1,A,extraction,sf,hbt_typ,-40,1,1,open,1e12,3.16228E-06,3.162280e-06,1.59215,0.780267,3.16228E-06
a_nx1_sf_-40c_rbopen_st1,A,extraction,sf,hbt_typ,-40,1,1,open,1e12,4.21697E-06,4.216970e-06,1.59528,0.786138,4.21697E-06
a_nx1_sf_-40c_rbopen_st1,A,extraction,sf,hbt_typ,-40,1,1,open,1e12,5.62341E-06,5.623410e-06,1.59852,0.792016,5.62341E-06
a_nx1_sf_-40c_rbopen_st1,A,extraction,sf,hbt_typ,-40,1,1,open,1e12,7.49894E-06,7.498940e-06,1.6019,0.797904,7.49894E-06
a_nx1_sf_-40c_rbopen_st1,A,extraction,sf,hbt_typ,-40,1,1,open,1e12,1E-05,1.000000e-05,1.60545,0.803805,1E-05
a_nx1_sf_-40c_rbopen_st1,A,extraction,sf,hbt_typ,-40,1,1,open,1e12,1.33352E-05,1.333520e-05,1.6092,0.809723,1.33352E-05
a_nx1_sf_-40c_rbopen_st1,A,extraction,sf,hbt_typ,-40,1,1,open,1e12,1.77828E-05,1.778280e-05,1.61321,0.815665,1.77828E-05
a_nx1_sf_-40c_rbopen_st1,A,extraction,sf,hbt_typ,-40,1,1,open,1e12,2.37137E-05,2.371370e-05,1.61755,0.82164,2.37137E-05
a_nx1_sf_-40c_rbopen_st1,A,extraction,sf,hbt_typ,-40,1,1,open,1e12,3.16228E-05,3.162280e-05,1.62231,0.827659,3.16228E-05
a_nx1_sf_-40c_rbopen_st1,A,extraction,sf,hbt_typ,-40,1,1,open,1e12,4.21697E-05,4.216970e-05,1.62763,0.833737,4.21697E-05
a_nx1_sf_-40c_rbopen_st1,A,extraction,sf,hbt_typ,-40,1,1,open,1e12,5.62341E-05,5.623410e-05,1.63368,0.839894,5.62341E-05
a_nx1_sf_-40c_rbopen_st1,A,extraction,sf,hbt_typ,-40,1,1,open,1e12,7.49894E-05,7.498940e-05,1.64069,0.84616,7.49894E-05
a_nx1_sf_-40c_rbopen_st1,A,extraction,sf,hbt_typ,-40,1,1,open,1e12,0.0001,1.000000e-04,1.64897,0.852571,0.0001
a_nx1_sf_-40c_rbopen_st1,A,extraction,sf,hbt_typ,-40,1,1,open,1e12,0.000133352,1.333520e-04,1.65894,0.859175,0.000133352
a_nx1_sf_-40c_rbopen_st1,A,extraction,sf,hbt_typ,-40,1,1,open,1e12,0.000177828,1.778280e-04,1.67113,0.866036,0.000177828
a_nx1_sf_-40c_rbopen_st1,A,extraction,sf,hbt_typ,-40,1,1,open,1e12,0.000237137,2.371370e-04,1.68626,0.873238,0.000237137
a_nx1_sf_-40c_rbopen_st1,A,extraction,sf,hbt_typ,-40,1,1,open,1e12,0.000316228,3.162280e-04,1.70526,0.880886,0.000316228
a_nx1_sf_-40c_rbopen_st1,A,extraction,sf,hbt_typ,-40,1,1,open,1e12,0.000421697,4.216970e-04,1.72935,0.889114,0.000421697
a_nx1_sf_-40c_rbopen_st1,A,extraction,sf,hbt_typ,-40,1,1,open,1e12,0.000562341,5.623410e-04,1.7601,0.898081,0.000562341
a_nx1_sf_-40c_rbopen_st1,A,extraction,sf,hbt_typ,-40,1,1,open,1e12,0.000749894,7.498940e-04,1.79953,0.907973,0.000749894
a_nx1_sf_-40c_rbopen_st1,A,extraction,sf,hbt_typ,-40,1,1,open,1e12,0.001,1.000000e-03,1.85018,0.91899,0.001
a_nx1_sf_-40c_rbopen_st1,A,extraction,sf,hbt_typ,-40,1,1,open,1e12,0.00133352,1.333520e-03,1.9152,0.931312,0.00133352
a_nx1_sf_-40c_rbopen_st1,A,extraction,sf,hbt_typ,-40,1,1,open,1e12,0.00177828,1.778280e-03,1.99837,0.945038,0.00177828
a_nx1_sf_-40c_rbopen_st1,A,extraction,sf,hbt_typ,-40,1,1,open,1e12,0.00237137,2.371370e-03,2.10394,0.96007,0.00237137
a_nx1_sf_-40c_rbopen_st1,A,extraction,sf,hbt_typ,-40,1,1,open,1e12,0.00316228,3.162280e-03,2.23606,0.975917,0.00316228
a_nx1_sf_-40c_rbopen_st0,A,extraction,sf,hbt_typ,-40,1,0,open,1e12,1E-10,1.000000e-10,1.50521,0.568871,9.84948E-11
a_nx1_sf_-40c_rbopen_st0,A,extraction,sf,hbt_typ,-40,1,0,open,1e12,1.33352E-10,1.333520e-10,1.52448,0.574888,1.31828E-10
a_nx1_sf_-40c_rbopen_st0,A,extraction,sf,hbt_typ,-40,1,0,open,1e12,1.77828E-10,1.778280e-10,1.54111,0.580864,1.76287E-10
a_nx1_sf_-40c_rbopen_st0,A,extraction,sf,hbt_typ,-40,1,0,open,1e12,2.37137E-10,2.371370e-10,1.55469,0.586817,2.35582E-10
a_nx1_sf_-40c_rbopen_st0,A,extraction,sf,hbt_typ,-40,1,0,open,1e12,3.16228E-10,3.162280e-10,1.56495,0.592735,3.14663E-10
a_nx1_sf_-40c_rbopen_st0,A,extraction,sf,hbt_typ,-40,1,0,open,1e12,4.21697E-10,4.216970e-10,1.57209,0.598641,4.20125E-10
a_nx1_sf_-40c_rbopen_st0,A,extraction,sf,hbt_typ,-40,1,0,open,1e12,5.62341E-10,5.623410e-10,1.57643,0.604534,5.60765E-10
a_nx1_sf_-40c_rbopen_st0,A,extraction,sf,hbt_typ,-40,1,0,open,1e12,7.49894E-10,7.498940e-10,1.57843,0.61042,7.48316E-10
a_nx1_sf_-40c_rbopen_st0,A,extraction,sf,hbt_typ,-40,1,0,open,1e12,1E-09,1.000000e-09,1.57864,0.616293,9.98421E-10
a_nx1_sf_-40c_rbopen_st0,A,extraction,sf,hbt_typ,-40,1,0,open,1e12,1.33352E-09,1.333520e-09,1.57756,0.622163,1.33194E-09
a_nx1_sf_-40c_rbopen_st0,A,extraction,sf,hbt_typ,-40,1,0,open,1e12,1.77828E-09,1.778280e-09,1.57565,0.628029,1.7767E-09
a_nx1_sf_-40c_rbopen_st0,A,extraction,sf,hbt_typ,-40,1,0,open,1e12,2.37137E-09,2.371370e-09,1.57328,0.633892,2.3698E-09
a_nx1_sf_-40c_rbopen_st0,A,extraction,sf,hbt_typ,-40,1,0,open,1e12,3.16228E-09,3.162280e-09,1.57076,0.639751,3.16071E-09
a_nx1_sf_-40c_rbopen_st0,A,extraction,sf,hbt_typ,-40,1,0,open,1e12,4.21697E-09,4.216970e-09,1.56829,0.645609,4.2154E-09
a_nx1_sf_-40c_rbopen_st0,A,extraction,sf,hbt_typ,-40,1,0,open,1e12,5.62341E-09,5.623410e-09,1.56605,0.651466,5.62184E-09
a_nx1_sf_-40c_rbopen_st0,A,extraction,sf,hbt_typ,-40,1,0,open,1e12,7.49894E-09,7.498940e-09,1.56412,0.657321,7.49738E-09
a_nx1_sf_-40c_rbopen_st0,A,extraction,sf,hbt_typ,-40,1,0,open,1e12,1E-08,1.000000e-08,1.56257,0.663175,9.99844E-09
a_nx1_sf_-40c_rbopen_st0,A,extraction,sf,hbt_typ,-40,1,0,open,1e12,1.33352E-08,1.333520e-08,1.56142,0.669029,1.33336E-08
a_nx1_sf_-40c_rbopen_st0,A,extraction,sf,hbt_typ,-40,1,0,open,1e12,1.77828E-08,1.778280e-08,1.56068,0.674883,1.77812E-08
a_nx1_sf_-40c_rbopen_st0,A,extraction,sf,hbt_typ,-40,1,0,open,1e12,2.37137E-08,2.371370e-08,1.56034,0.680735,2.37121E-08
a_nx1_sf_-40c_rbopen_st0,A,extraction,sf,hbt_typ,-40,1,0,open,1e12,3.16228E-08,3.162280e-08,1.56038,0.686589,3.16212E-08
a_nx1_sf_-40c_rbopen_st0,A,extraction,sf,hbt_typ,-40,1,0,open,1e12,4.21697E-08,4.216970e-08,1.56078,0.692441,4.21681E-08
a_nx1_sf_-40c_rbopen_st0,A,extraction,sf,hbt_typ,-40,1,0,open,1e12,5.62341E-08,5.623410e-08,1.56149,0.698293,5.62325E-08
a_nx1_sf_-40c_rbopen_st0,A,extraction,sf,hbt_typ,-40,1,0,open,1e12,7.49894E-08,7.498940e-08,1.5625,0.704146,7.49878E-08
a_nx1_sf_-40c_rbopen_st0,A,extraction,sf,hbt_typ,-40,1,0,open,1e12,1E-07,1.000000e-07,1.56377,0.709999,9.99984E-08
a_nx1_sf_-40c_rbopen_st0,A,extraction,sf,hbt_typ,-40,1,0,open,1e12,1.33352E-07,1.333520e-07,1.56529,0.715852,1.3335E-07
a_nx1_sf_-40c_rbopen_st0,A,extraction,sf,hbt_typ,-40,1,0,open,1e12,1.77828E-07,1.778280e-07,1.56701,0.721705,1.77826E-07
a_nx1_sf_-40c_rbopen_st0,A,extraction,sf,hbt_typ,-40,1,0,open,1e12,2.37137E-07,2.371370e-07,1.56892,0.727559,2.37135E-07
a_nx1_sf_-40c_rbopen_st0,A,extraction,sf,hbt_typ,-40,1,0,open,1e12,3.16228E-07,3.162280e-07,1.571,0.733414,3.16226E-07
a_nx1_sf_-40c_rbopen_st0,A,extraction,sf,hbt_typ,-40,1,0,open,1e12,4.21697E-07,4.216970e-07,1.57324,0.73927,4.21695E-07
a_nx1_sf_-40c_rbopen_st0,A,extraction,sf,hbt_typ,-40,1,0,open,1e12,5.62341E-07,5.623410e-07,1.57561,0.745127,5.62339E-07
a_nx1_sf_-40c_rbopen_st0,A,extraction,sf,hbt_typ,-40,1,0,open,1e12,7.49894E-07,7.498940e-07,1.5781,0.750986,7.49892E-07
a_nx1_sf_-40c_rbopen_st0,A,extraction,sf,hbt_typ,-40,1,0,open,1e12,1E-06,1.000000e-06,1.58071,0.756848,9.99998E-07
a_nx1_sf_-40c_rbopen_st0,A,extraction,sf,hbt_typ,-40,1,0,open,1e12,1.33352E-06,1.333520e-06,1.58342,0.762712,1.33352E-06
a_nx1_sf_-40c_rbopen_st0,A,extraction,sf,hbt_typ,-40,1,0,open,1e12,1.77828E-06,1.778280e-06,1.58624,0.768582,1.77828E-06
a_nx1_sf_-40c_rbopen_st0,A,extraction,sf,hbt_typ,-40,1,0,open,1e12,2.37137E-06,2.371370e-06,1.58915,0.774457,2.37137E-06
a_nx1_sf_-40c_rbopen_st0,A,extraction,sf,hbt_typ,-40,1,0,open,1e12,3.16228E-06,3.162280e-06,1.59217,0.78034,3.16228E-06
a_nx1_sf_-40c_rbopen_st0,A,extraction,sf,hbt_typ,-40,1,0,open,1e12,4.21697E-06,4.216970e-06,1.5953,0.786233,4.21697E-06
a_nx1_sf_-40c_rbopen_st0,A,extraction,sf,hbt_typ,-40,1,0,open,1e12,5.62341E-06,5.623410e-06,1.59855,0.792141,5.62341E-06
a_nx1_sf_-40c_rbopen_st0,A,extraction,sf,hbt_typ,-40,1,0,open,1e12,7.49894E-06,7.498940e-06,1.60194,0.798067,7.49894E-06
a_nx1_sf_-40c_rbopen_st0,A,extraction,sf,hbt_typ,-40,1,0,open,1e12,1E-05,1.000000e-05,1.6055,0.804017,1E-05
a_nx1_sf_-40c_rbopen_st0,A,extraction,sf,hbt_typ,-40,1,0,open,1e12,1.33352E-05,1.333520e-05,1.60926,0.810001,1.33352E-05
a_nx1_sf_-40c_rbopen_st0,A,extraction,sf,hbt_typ,-40,1,0,open,1e12,1.77828E-05,1.778280e-05,1.61328,0.816028,1.77828E-05
a_nx1_sf_-40c_rbopen_st0,A,extraction,sf,hbt_typ,-40,1,0,open,1e12,2.37137E-05,2.371370e-05,1.61762,0.822113,2.37137E-05
a_nx1_sf_-40c_rbopen_st0,A,extraction,sf,hbt_typ,-40,1,0,open,1e12,3.16228E-05,3.162280e-05,1.62239,0.828277,3.16228E-05
a_nx1_sf_-40c_rbopen_st0,A,extraction,sf,hbt_typ,-40,1,0,open,1e12,4.21697E-05,4.216970e-05,1.62771,0.834544,4.21697E-05
a_nx1_sf_-40c_rbopen_st0,A,extraction,sf,hbt_typ,-40,1,0,open,1e12,5.62341E-05,5.623410e-05,1.63374,0.840948,5.62341E-05
a_nx1_sf_-40c_rbopen_st0,A,extraction,sf,hbt_typ,-40,1,0,open,1e12,7.49894E-05,7.498940e-05,1.64073,0.847536,7.49894E-05
a_nx1_sf_-40c_rbopen_st0,A,extraction,sf,hbt_typ,-40,1,0,open,1e12,0.0001,1.000000e-04,1.64898,0.854367,0.0001
a_nx1_sf_-40c_rbopen_st0,A,extraction,sf,hbt_typ,-40,1,0,open,1e12,0.000133352,1.333520e-04,1.65887,0.861522,0.000133352
a_nx1_sf_-40c_rbopen_st0,A,extraction,sf,hbt_typ,-40,1,0,open,1e12,0.000177828,1.778280e-04,1.67094,0.869106,0.000177828
a_nx1_sf_-40c_rbopen_st0,A,extraction,sf,hbt_typ,-40,1,0,open,1e12,0.000237137,2.371370e-04,1.68588,0.877259,0.000237137
a_nx1_sf_-40c_rbopen_st0,A,extraction,sf,hbt_typ,-40,1,0,open,1e12,0.000316228,3.162280e-04,1.70459,0.886167,0.000316228
a_nx1_sf_-40c_rbopen_st0,A,extraction,sf,hbt_typ,-40,1,0,open,1e12,0.000421697,4.216970e-04,1.72827,0.896069,0.000421697
a_nx1_sf_-40c_rbopen_st0,A,extraction,sf,hbt_typ,-40,1,0,open,1e12,0.000562341,5.623410e-04,1.75844,0.907285,0.000562341
a_nx1_sf_-40c_rbopen_st0,A,extraction,sf,hbt_typ,-40,1,0,open,1e12,0.000749894,7.498940e-04,1.7971,0.920228,0.000749894
a_nx1_sf_-40c_rbopen_st0,A,extraction,sf,hbt_typ,-40,1,0,open,1e12,0.001,1.000000e-03,1.84684,0.935441,0.001
a_nx1_sf_-40c_rbopen_st0,A,extraction,sf,hbt_typ,-40,1,0,open,1e12,0.00133352,1.333520e-03,1.91101,0.953627,0.00133352
a_nx1_sf_-40c_rbopen_st0,A,extraction,sf,hbt_typ,-40,1,0,open,1e12,0.00177828,1.778280e-03,1.99405,0.97571,0.00177828
a_nx1_sf_-40c_rbopen_st0,A,extraction,sf,hbt_typ,-40,1,0,open,1e12,0.00237137,2.371370e-03,2.10197,1.00289,0.00237137
a_nx1_sf_-40c_rbopen_st0,A,extraction,sf,hbt_typ,-40,1,0,open,1e12,0.00316228,3.162280e-03,2.24333,1.03676,0.00316228
a_nx8_sf_-40c_rbopen_st1,A,extraction,sf,hbt_typ,-40,8,1,open,1e12,8E-10,1.000000e-10,1.6341,0.56944,7.98366E-10
a_nx8_sf_-40c_rbopen_st1,A,extraction,sf,hbt_typ,-40,8,1,open,1e12,1.06682E-09,1.333525e-10,1.63071,0.575316,1.06519E-09
a_nx8_sf_-40c_rbopen_st1,A,extraction,sf,hbt_typ,-40,8,1,open,1e12,1.42262E-09,1.778275e-10,1.62565,0.581188,1.42099E-09
a_nx8_sf_-40c_rbopen_st1,A,extraction,sf,hbt_typ,-40,8,1,open,1e12,1.8971E-09,2.371375e-10,1.61953,0.587055,1.89548E-09
a_nx8_sf_-40c_rbopen_st1,A,extraction,sf,hbt_typ,-40,8,1,open,1e12,2.52982E-09,3.162275e-10,1.61284,0.592919,2.52821E-09
a_nx8_sf_-40c_rbopen_st1,A,extraction,sf,hbt_typ,-40,8,1,open,1e12,3.37357E-09,4.216962e-10,1.60596,0.59878,3.37196E-09
a_nx8_sf_-40c_rbopen_st1,A,extraction,sf,hbt_typ,-40,8,1,open,1e12,4.49873E-09,5.623413e-10,1.59918,0.60464,4.49713E-09
a_nx8_sf_-40c_rbopen_st1,A,extraction,sf,hbt_typ,-40,8,1,open,1e12,5.99915E-09,7.498938e-10,1.59271,0.610497,5.99756E-09
a_nx8_sf_-40c_rbopen_st1,A,extraction,sf,hbt_typ,-40,8,1,open,1e12,8E-09,1.000000e-09,1.58669,0.616354,7.99841E-09
a_nx8_sf_-40c_rbopen_st1,A,extraction,sf,hbt_typ,-40,8,1,open,1e12,1.06682E-08,1.333525e-09,1.58122,0.622209,1.06666E-08
a_nx8_sf_-40c_rbopen_st1,A,extraction,sf,hbt_typ,-40,8,1,open,1e12,1.42262E-08,1.778275e-09,1.57635,0.628064,1.42246E-08
a_nx8_sf_-40c_rbopen_st1,A,extraction,sf,hbt_typ,-40,8,1,open,1e12,1.8971E-08,2.371375e-09,1.57211,0.633918,1.89694E-08
a_nx8_sf_-40c_rbopen_st1,A,extraction,sf,hbt_typ,-40,8,1,open,1e12,2.52982E-08,3.162275e-09,1.56849,0.639771,2.52966E-08
a_nx8_sf_-40c_rbopen_st1,A,extraction,sf,hbt_typ,-40,8,1,open,1e12,3.37357E-08,4.216963e-09,1.56549,0.645624,3.37341E-08
a_nx8_sf_-40c_rbopen_st1,A,extraction,sf,hbt_typ,-40,8,1,open,1e12,4.49873E-08,5.623413e-09,1.56307,0.651477,4.49857E-08
a_nx8_sf_-40c_rbopen_st1,A,extraction,sf,hbt_typ,-40,8,1,open,1e12,5.99915E-08,7.498937e-09,1.56121,0.657329,5.99899E-08
a_nx8_sf_-40c_rbopen_st1,A,extraction,sf,hbt_typ,-40,8,1,open,1e12,8E-08,1.000000e-08,1.55986,0.663182,7.99984E-08
a_nx8_sf_-40c_rbopen_st1,A,extraction,sf,hbt_typ,-40,8,1,open,1e12,1.06682E-07,1.333525e-08,1.55899,0.669034,1.0668E-07
a_nx8_sf_-40c_rbopen_st1,A,extraction,sf,hbt_typ,-40,8,1,open,1e12,1.42262E-07,1.778275e-08,1.55855,0.674886,1.4226E-07
a_nx8_sf_-40c_rbopen_st1,A,extraction,sf,hbt_typ,-40,8,1,open,1e12,1.8971E-07,2.371375e-08,1.55851,0.680737,1.89708E-07
a_nx8_sf_-40c_rbopen_st1,A,extraction,sf,hbt_typ,-40,8,1,open,1e12,2.52982E-07,3.162275e-08,1.55883,0.686589,2.5298E-07
a_nx8_sf_-40c_rbopen_st1,A,extraction,sf,hbt_typ,-40,8,1,open,1e12,3.37357E-07,4.216963e-08,1.55948,0.692441,3.37355E-07
a_nx8_sf_-40c_rbopen_st1,A,extraction,sf,hbt_typ,-40,8,1,open,1e12,4.49873E-07,5.623413e-08,1.56042,0.698293,4.49871E-07
a_nx8_sf_-40c_rbopen_st1,A,extraction,sf,hbt_typ,-40,8,1,open,1e12,5.99915E-07,7.498937e-08,1.56162,0.704144,5.99913E-07
a_nx8_sf_-40c_rbopen_st1,A,extraction,sf,hbt_typ,-40,8,1,open,1e12,8E-07,1.000000e-07,1.56305,0.709996,7.99998E-07
a_nx8_sf_-40c_rbopen_st1,A,extraction,sf,hbt_typ,-40,8,1,open,1e12,1.06682E-06,1.333525e-07,1.5647,0.715848,1.06682E-06
a_nx8_sf_-40c_rbopen_st1,A,extraction,sf,hbt_typ,-40,8,1,open,1e12,1.42262E-06,1.778275e-07,1.56653,0.7217,1.42262E-06
a_nx8_sf_-40c_rbopen_st1,A,extraction,sf,hbt_typ,-40,8,1,open,1e12,1.8971E-06,2.371375e-07,1.56854,0.727552,1.8971E-06
a_nx8_sf_-40c_rbopen_st1,A,extraction,sf,hbt_typ,-40,8,1,open,1e12,2.52982E-06,3.162275e-07,1.5707,0.733404,2.52982E-06
a_nx8_sf_-40c_rbopen_st1,A,extraction,sf,hbt_typ,-40,8,1,open,1e12,3.37357E-06,4.216963e-07,1.57299,0.739257,3.37357E-06
a_nx8_sf_-40c_rbopen_st1,A,extraction,sf,hbt_typ,-40,8,1,open,1e12,4.49873E-06,5.623413e-07,1.57541,0.74511,4.49873E-06
a_nx8_sf_-40c_rbopen_st1,A,extraction,sf,hbt_typ,-40,8,1,open,1e12,5.99915E-06,7.498937e-07,1.57794,0.750963,5.99915E-06
a_nx8_sf_-40c_rbopen_st1,A,extraction,sf,hbt_typ,-40,8,1,open,1e12,8E-06,1.000000e-06,1.58058,0.756817,8E-06
a_nx8_sf_-40c_rbopen_st1,A,extraction,sf,hbt_typ,-40,8,1,open,1e12,1.06682E-05,1.333525e-06,1.58331,0.762673,1.06682E-05
a_nx8_sf_-40c_rbopen_st1,A,extraction,sf,hbt_typ,-40,8,1,open,1e12,1.42262E-05,1.778275e-06,1.58614,0.76853,1.42262E-05
a_nx8_sf_-40c_rbopen_st1,A,extraction,sf,hbt_typ,-40,8,1,open,1e12,1.8971E-05,2.371375e-06,1.58907,0.774389,1.8971E-05
a_nx8_sf_-40c_rbopen_st1,A,extraction,sf,hbt_typ,-40,8,1,open,1e12,2.52982E-05,3.162275e-06,1.5921,0.780251,2.52982E-05
a_nx8_sf_-40c_rbopen_st1,A,extraction,sf,hbt_typ,-40,8,1,open,1e12,3.37357E-05,4.216963e-06,1.59523,0.786116,3.37357E-05
a_nx8_sf_-40c_rbopen_st1,A,extraction,sf,hbt_typ,-40,8,1,open,1e12,4.49873E-05,5.623413e-06,1.59848,0.791988,4.49873E-05
a_nx8_sf_-40c_rbopen_st1,A,extraction,sf,hbt_typ,-40,8,1,open,1e12,5.99915E-05,7.498938e-06,1.60187,0.797867,5.99915E-05
a_nx8_sf_-40c_rbopen_st1,A,extraction,sf,hbt_typ,-40,8,1,open,1e12,8E-05,1.000000e-05,1.60542,0.803756,8E-05
a_nx8_sf_-40c_rbopen_st1,A,extraction,sf,hbt_typ,-40,8,1,open,1e12,0.000106682,1.333525e-05,1.60918,0.809659,0.000106682
a_nx8_sf_-40c_rbopen_st1,A,extraction,sf,hbt_typ,-40,8,1,open,1e12,0.000142262,1.778275e-05,1.61319,0.815581,0.000142262
a_nx8_sf_-40c_rbopen_st1,A,extraction,sf,hbt_typ,-40,8,1,open,1e12,0.00018971,2.371375e-05,1.61752,0.821531,0.00018971
a_nx8_sf_-40c_rbopen_st1,A,extraction,sf,hbt_typ,-40,8,1,open,1e12,0.000252982,3.162275e-05,1.62229,0.827516,0.000252982
a_nx8_sf_-40c_rbopen_st1,A,extraction,sf,hbt_typ,-40,8,1,open,1e12,0.000337357,4.216962e-05,1.62761,0.83355,0.000337357
a_nx8_sf_-40c_rbopen_st1,A,extraction,sf,hbt_typ,-40,8,1,open,1e12,0.000449873,5.623412e-05,1.63365,0.839651,0.000449873
a_nx8_sf_-40c_rbopen_st1,A,extraction,sf,hbt_typ,-40,8,1,open,1e12,0.000599915,7.498938e-05,1.64067,0.845842,0.000599915
a_nx8_sf_-40c_rbopen_st1,A,extraction,sf,hbt_typ,-40,8,1,open,1e12,0.0008,1.000000e-04,1.64896,0.852155,0.0008
a_nx8_sf_-40c_rbopen_st1,A,extraction,sf,hbt_typ,-40,8,1,open,1e12,0.00106682,1.333525e-04,1.65894,0.858631,0.00106682
a_nx8_sf_-40c_rbopen_st1,A,extraction,sf,hbt_typ,-40,8,1,open,1e12,0.00142262,1.778275e-04,1.67114,0.865325,0.00142262
a_nx8_sf_-40c_rbopen_st1,A,extraction,sf,hbt_typ,-40,8,1,open,1e12,0.0018971,2.371375e-04,1.68629,0.872305,0.0018971
a_nx8_sf_-40c_rbopen_st1,A,extraction,sf,hbt_typ,-40,8,1,open,1e12,0.00252982,3.162275e-04,1.70532,0.87966,0.00252982
a_nx8_sf_-40c_rbopen_st1,A,extraction,sf,hbt_typ,-40,8,1,open,1e12,0.00337357,4.216963e-04,1.72944,0.887495,0.00337357
a_nx8_sf_-40c_rbopen_st1,A,extraction,sf,hbt_typ,-40,8,1,open,1e12,0.00449873,5.623413e-04,1.7602,0.895935,0.00449873
a_nx8_sf_-40c_rbopen_st1,A,extraction,sf,hbt_typ,-40,8,1,open,1e12,0.00599915,7.498937e-04,1.79958,0.905111,0.00599915
a_nx8_sf_-40c_rbopen_st1,A,extraction,sf,hbt_typ,-40,8,1,open,1e12,0.008,1.000000e-03,1.85002,0.91514,0.008
a_nx8_sf_-40c_rbopen_st1,A,extraction,sf,hbt_typ,-40,8,1,open,1e12,0.0106682,1.333525e-03,1.91447,0.926084,0.0106682
a_nx8_sf_-40c_rbopen_st1,A,extraction,sf,hbt_typ,-40,8,1,open,1e12,0.0142262,1.778275e-03,1.99626,0.93786,0.0142262
a_nx8_sf_-40c_rbopen_st1,A,extraction,sf,hbt_typ,-40,8,1,open,1e12,0.018971,2.371375e-03,2.09881,0.950112,0.018971
a_nx8_sf_-40c_rbopen_st1,A,extraction,sf,hbt_typ,-40,8,1,open,1e12,0.0252982,3.162275e-03,2.2247,0.961989,0.0252982
a_nx8_sf_-40c_rbopen_st0,A,extraction,sf,hbt_typ,-40,8,0,open,1e12,8E-10,1.000000e-10,1.6341,0.56944,7.98366E-10
a_nx8_sf_-40c_rbopen_st0,A,extraction,sf,hbt_typ,-40,8,0,open,1e12,1.06682E-09,1.333525e-10,1.63071,0.575316,1.06519E-09
a_nx8_sf_-40c_rbopen_st0,A,extraction,sf,hbt_typ,-40,8,0,open,1e12,1.42262E-09,1.778275e-10,1.62565,0.581188,1.42099E-09
a_nx8_sf_-40c_rbopen_st0,A,extraction,sf,hbt_typ,-40,8,0,open,1e12,1.8971E-09,2.371375e-10,1.61953,0.587055,1.89548E-09
a_nx8_sf_-40c_rbopen_st0,A,extraction,sf,hbt_typ,-40,8,0,open,1e12,2.52982E-09,3.162275e-10,1.61283,0.59292,2.52821E-09
a_nx8_sf_-40c_rbopen_st0,A,extraction,sf,hbt_typ,-40,8,0,open,1e12,3.37357E-09,4.216962e-10,1.60596,0.59878,3.37196E-09
a_nx8_sf_-40c_rbopen_st0,A,extraction,sf,hbt_typ,-40,8,0,open,1e12,4.49873E-09,5.623413e-10,1.59918,0.60464,4.49713E-09
a_nx8_sf_-40c_rbopen_st0,A,extraction,sf,hbt_typ,-40,8,0,open,1e12,5.99915E-09,7.498938e-10,1.59271,0.610497,5.99756E-09
a_nx8_sf_-40c_rbopen_st0,A,extraction,sf,hbt_typ,-40,8,0,open,1e12,8E-09,1.000000e-09,1.58669,0.616354,7.99841E-09
a_nx8_sf_-40c_rbopen_st0,A,extraction,sf,hbt_typ,-40,8,0,open,1e12,1.06682E-08,1.333525e-09,1.58122,0.622209,1.06666E-08
a_nx8_sf_-40c_rbopen_st0,A,extraction,sf,hbt_typ,-40,8,0,open,1e12,1.42262E-08,1.778275e-09,1.57635,0.628064,1.42246E-08
a_nx8_sf_-40c_rbopen_st0,A,extraction,sf,hbt_typ,-40,8,0,open,1e12,1.8971E-08,2.371375e-09,1.57211,0.633918,1.89694E-08
a_nx8_sf_-40c_rbopen_st0,A,extraction,sf,hbt_typ,-40,8,0,open,1e12,2.52982E-08,3.162275e-09,1.5685,0.639778,2.52966E-08
a_nx8_sf_-40c_rbopen_st0,A,extraction,sf,hbt_typ,-40,8,0,open,1e12,3.37357E-08,4.216963e-09,1.56549,0.645624,3.37341E-08
a_nx8_sf_-40c_rbopen_st0,A,extraction,sf,hbt_typ,-40,8,0,open,1e12,4.49873E-08,5.623413e-09,1.56307,0.651477,4.49857E-08
a_nx8_sf_-40c_rbopen_st0,A,extraction,sf,hbt_typ,-40,8,0,open,1e12,5.99915E-08,7.498937e-09,1.56121,0.65733,5.99899E-08
a_nx8_sf_-40c_rbopen_st0,A,extraction,sf,hbt_typ,-40,8,0,open,1e12,8E-08,1.000000e-08,1.55986,0.663182,7.99984E-08
a_nx8_sf_-40c_rbopen_st0,A,extraction,sf,hbt_typ,-40,8,0,open,1e12,1.06682E-07,1.333525e-08,1.55899,0.669034,1.0668E-07
a_nx8_sf_-40c_rbopen_st0,A,extraction,sf,hbt_typ,-40,8,0,open,1e12,1.42262E-07,1.778275e-08,1.55855,0.674886,1.4226E-07
a_nx8_sf_-40c_rbopen_st0,A,extraction,sf,hbt_typ,-40,8,0,open,1e12,1.8971E-07,2.371375e-08,1.55851,0.680738,1.89708E-07
a_nx8_sf_-40c_rbopen_st0,A,extraction,sf,hbt_typ,-40,8,0,open,1e12,2.52982E-07,3.162275e-08,1.55883,0.68659,2.5298E-07
a_nx8_sf_-40c_rbopen_st0,A,extraction,sf,hbt_typ,-40,8,0,open,1e12,3.37357E-07,4.216963e-08,1.55948,0.692443,3.37355E-07
a_nx8_sf_-40c_rbopen_st0,A,extraction,sf,hbt_typ,-40,8,0,open,1e12,4.49873E-07,5.623413e-08,1.56042,0.698295,4.49871E-07
a_nx8_sf_-40c_rbopen_st0,A,extraction,sf,hbt_typ,-40,8,0,open,1e12,5.99915E-07,7.498937e-08,1.56162,0.704147,5.99913E-07
a_nx8_sf_-40c_rbopen_st0,A,extraction,sf,hbt_typ,-40,8,0,open,1e12,8E-07,1.000000e-07,1.56305,0.71,7.99998E-07
a_nx8_sf_-40c_rbopen_st0,A,extraction,sf,hbt_typ,-40,8,0,open,1e12,1.06682E-06,1.333525e-07,1.5647,0.715853,1.06682E-06
a_nx8_sf_-40c_rbopen_st0,A,extraction,sf,hbt_typ,-40,8,0,open,1e12,1.42262E-06,1.778275e-07,1.56654,0.721706,1.42262E-06
a_nx8_sf_-40c_rbopen_st0,A,extraction,sf,hbt_typ,-40,8,0,open,1e12,1.8971E-06,2.371375e-07,1.56854,0.72756,1.8971E-06
a_nx8_sf_-40c_rbopen_st0,A,extraction,sf,hbt_typ,-40,8,0,open,1e12,2.52982E-06,3.162275e-07,1.5707,0.733414,2.52982E-06
a_nx8_sf_-40c_rbopen_st0,A,extraction,sf,hbt_typ,-40,8,0,open,1e12,3.37357E-06,4.216963e-07,1.57299,0.73927,3.37357E-06
a_nx8_sf_-40c_rbopen_st0,A,extraction,sf,hbt_typ,-40,8,0,open,1e12,4.49873E-06,5.623413e-07,1.57541,0.745127,4.49873E-06
a_nx8_sf_-40c_rbopen_st0,A,extraction,sf,hbt_typ,-40,8,0,open,1e12,5.99915E-06,7.498937e-07,1.57795,0.750986,5.99915E-06
a_nx8_sf_-40c_rbopen_st0,A,extraction,sf,hbt_typ,-40,8,0,open,1e12,8E-06,1.000000e-06,1.58059,0.756848,8E-06
a_nx8_sf_-40c_rbopen_st0,A,extraction,sf,hbt_typ,-40,8,0,open,1e12,1.06682E-05,1.333525e-06,1.58333,0.762713,1.06682E-05
a_nx8_sf_-40c_rbopen_st0,A,extraction,sf,hbt_typ,-40,8,0,open,1e12,1.42262E-05,1.778275e-06,1.58616,0.768582,1.42262E-05
a_nx8_sf_-40c_rbopen_st0,A,extraction,sf,hbt_typ,-40,8,0,open,1e12,1.8971E-05,2.371375e-06,1.5891,0.774457,1.8971E-05
a_nx8_sf_-40c_rbopen_st0,A,extraction,sf,hbt_typ,-40,8,0,open,1e12,2.52982E-05,3.162275e-06,1.59213,0.78034,2.52982E-05
a_nx8_sf_-40c_rbopen_st0,A,extraction,sf,hbt_typ,-40,8,0,open,1e12,3.37357E-05,4.216963e-06,1.59527,0.786233,3.37357E-05
a_nx8_sf_-40c_rbopen_st0,A,extraction,sf,hbt_typ,-40,8,0,open,1e12,4.49873E-05,5.623413e-06,1.59853,0.792141,4.49873E-05
a_nx8_sf_-40c_rbopen_st0,A,extraction,sf,hbt_typ,-40,8,0,open,1e12,5.99915E-05,7.498938e-06,1.60192,0.798067,5.99915E-05
a_nx8_sf_-40c_rbopen_st0,A,extraction,sf,hbt_typ,-40,8,0,open,1e12,8E-05,1.000000e-05,1.60548,0.804017,8E-05
a_nx8_sf_-40c_rbopen_st0,A,extraction,sf,hbt_typ,-40,8,0,open,1e12,0.000106682,1.333525e-05,1.60925,0.810001,0.000106682
a_nx8_sf_-40c_rbopen_st0,A,extraction,sf,hbt_typ,-40,8,0,open,1e12,0.000142262,1.778275e-05,1.61327,0.816028,0.000142262
a_nx8_sf_-40c_rbopen_st0,A,extraction,sf,hbt_typ,-40,8,0,open,1e12,0.00018971,2.371375e-05,1.61761,0.822113,0.00018971
a_nx8_sf_-40c_rbopen_st0,A,extraction,sf,hbt_typ,-40,8,0,open,1e12,0.000252982,3.162275e-05,1.62238,0.828277,0.000252982
a_nx8_sf_-40c_rbopen_st0,A,extraction,sf,hbt_typ,-40,8,0,open,1e12,0.000337357,4.216962e-05,1.6277,0.834543,0.000337357
a_nx8_sf_-40c_rbopen_st0,A,extraction,sf,hbt_typ,-40,8,0,open,1e12,0.000449873,5.623412e-05,1.63374,0.840948,0.000449873
a_nx8_sf_-40c_rbopen_st0,A,extraction,sf,hbt_typ,-40,8,0,open,1e12,0.000599915,7.498938e-05,1.64073,0.847536,0.000599915
a_nx8_sf_-40c_rbopen_st0,A,extraction,sf,hbt_typ,-40,8,0,open,1e12,0.0008,1.000000e-04,1.64897,0.854367,0.0008
a_nx8_sf_-40c_rbopen_st0,A,extraction,sf,hbt_typ,-40,8,0,open,1e12,0.00106682,1.333525e-04,1.65887,0.861522,0.00106682
a_nx8_sf_-40c_rbopen_st0,A,extraction,sf,hbt_typ,-40,8,0,open,1e12,0.00142262,1.778275e-04,1.67093,0.869106,0.00142262
a_nx8_sf_-40c_rbopen_st0,A,extraction,sf,hbt_typ,-40,8,0,open,1e12,0.0018971,2.371375e-04,1.68587,0.877259,0.0018971
a_nx8_sf_-40c_rbopen_st0,A,extraction,sf,hbt_typ,-40,8,0,open,1e12,0.00252982,3.162275e-04,1.70459,0.886166,0.00252982
a_nx8_sf_-40c_rbopen_st0,A,extraction,sf,hbt_typ,-40,8,0,open,1e12,0.00337357,4.216963e-04,1.72827,0.896069,0.00337357
a_nx8_sf_-40c_rbopen_st0,A,extraction,sf,hbt_typ,-40,8,0,open,1e12,0.00449873,5.623413e-04,1.75844,0.907285,0.00449873
a_nx8_sf_-40c_rbopen_st0,A,extraction,sf,hbt_typ,-40,8,0,open,1e12,0.00599915,7.498937e-04,1.7971,0.920228,0.00599915
a_nx8_sf_-40c_rbopen_st0,A,extraction,sf,hbt_typ,-40,8,0,open,1e12,0.008,1.000000e-03,1.84684,0.935441,0.008
a_nx8_sf_-40c_rbopen_st0,A,extraction,sf,hbt_typ,-40,8,0,open,1e12,0.0106682,1.333525e-03,1.91101,0.953628,0.0106682
a_nx8_sf_-40c_rbopen_st0,A,extraction,sf,hbt_typ,-40,8,0,open,1e12,0.0142262,1.778275e-03,1.99405,0.975709,0.0142262
a_nx8_sf_-40c_rbopen_st0,A,extraction,sf,hbt_typ,-40,8,0,open,1e12,0.018971,2.371375e-03,2.10197,1.00289,0.018971
a_nx8_sf_-40c_rbopen_st0,A,extraction,sf,hbt_typ,-40,8,0,open,1e12,0.0252982,3.162275e-03,2.24333,1.03676,0.0252982
a_nx1_sf_27c_rbopen_st1,A,extraction,sf,hbt_typ,27,1,1,open,1e12,1E-10,1.000000e-10,1.26574,0.420696,9.87323E-11
a_nx1_sf_27c_rbopen_st1,A,extraction,sf,hbt_typ,27,1,1,open,1e12,1.33352E-10,1.333520e-10,1.31048,0.428478,1.3204E-10
a_nx1_sf_27c_rbopen_st1,A,extraction,sf,hbt_typ,27,1,1,open,1e12,1.77828E-10,1.778280e-10,1.35144,0.436223,1.76475E-10
a_nx1_sf_27c_rbopen_st1,A,extraction,sf,hbt_typ,27,1,1,open,1e12,2.37137E-10,2.371370e-10,1.3869,0.44394,2.35748E-10
a_nx1_sf_27c_rbopen_st1,A,extraction,sf,hbt_typ,27,1,1,open,1e12,3.16228E-10,3.162280e-10,1.41607,0.451635,3.1481E-10
a_nx1_sf_27c_rbopen_st1,A,extraction,sf,hbt_typ,27,1,1,open,1e12,4.21697E-10,4.216970e-10,1.43904,0.459313,4.20256E-10
a_nx1_sf_27c_rbopen_st1,A,extraction,sf,hbt_typ,27,1,1,open,1e12,5.62341E-10,5.623410e-10,1.45648,0.466977,5.60883E-10
a_nx1_sf_27c_rbopen_st1,A,extraction,sf,hbt_typ,27,1,1,open,1e12,7.49894E-10,7.498940e-10,1.46936,0.474631,7.48423E-10
a_nx1_sf_27c_rbopen_st1,A,extraction,sf,hbt_typ,27,1,1,open,1e12,1E-09,1.000000e-09,1.47866,0.482278,9.98519E-10
a_nx1_sf_27c_rbopen_st1,A,extraction,sf,hbt_typ,27,1,1,open,1e12,1.33352E-09,1.333520e-09,1.48528,0.489918,1.33203E-09
a_nx1_sf_27c_rbopen_st1,A,extraction,sf,hbt_typ,27,1,1,open,1e12,1.77828E-09,1.778280e-09,1.48996,0.497553,1.77679E-09
a_nx1_sf_27c_rbopen_st1,A,extraction,sf,hbt_typ,27,1,1,open,1e12,2.37137E-09,2.371370e-09,1.49332,0.505184,2.36987E-09
a_nx1_sf_27c_rbopen_st1,A,extraction,sf,hbt_typ,27,1,1,open,1e12,3.16228E-09,3.162280e-09,1.49582,0.512813,3.16078E-09
a_nx1_sf_27c_rbopen_st1,A,extraction,sf,hbt_typ,27,1,1,open,1e12,4.21697E-09,4.216970e-09,1.49782,0.520439,4.21547E-09
a_nx1_sf_27c_rbopen_st1,A,extraction,sf,hbt_typ,27,1,1,open,1e12,5.62341E-09,5.623410e-09,1.49957,0.528063,5.62191E-09
a_nx1_sf_27c_rbopen_st1,A,extraction,sf,hbt_typ,27,1,1,open,1e12,7.49894E-09,7.498940e-09,1.50127,0.535686,7.49744E-09
a_nx1_sf_27c_rbopen_st1,A,extraction,sf,hbt_typ,27,1,1,open,1e12,1E-08,1.000000e-08,1.50304,0.543308,9.99849E-09
a_nx1_sf_27c_rbopen_st1,A,extraction,sf,hbt_typ,27,1,1,open,1e12,1.33352E-08,1.333520e-08,1.50497,0.55093,1.33337E-08
a_nx1_sf_27c_rbopen_st1,A,extraction,sf,hbt_typ,27,1,1,open,1e12,1.77828E-08,1.778280e-08,1.50711,0.55855,1.77813E-08
a_nx1_sf_27c_rbopen_st1,A,extraction,sf,hbt_typ,27,1,1,open,1e12,2.37137E-08,2.371370e-08,1.5095,0.56617,2.37122E-08
a_nx1_sf_27c_rbopen_st1,A,extraction,sf,hbt_typ,27,1,1,open,1e12,3.16228E-08,3.162280e-08,1.51215,0.57379,3.16213E-08
a_nx1_sf_27c_rbopen_st1,A,extraction,sf,hbt_typ,27,1,1,open,1e12,4.21697E-08,4.216970e-08,1.51505,0.58141,4.21682E-08
a_nx1_sf_27c_rbopen_st1,A,extraction,sf,hbt_typ,27,1,1,open,1e12,5.62341E-08,5.623410e-08,1.5182,0.589029,5.62326E-08
a_nx1_sf_27c_rbopen_st1,A,extraction,sf,hbt_typ,27,1,1,open,1e12,7.49894E-08,7.498940e-08,1.52159,0.596648,7.49879E-08
a_nx1_sf_27c_rbopen_st1,A,extraction,sf,hbt_typ,27,1,1,open,1e12,1E-07,1.000000e-07,1.5252,0.604267,9.99985E-08
a_nx1_sf_27c_rbopen_st1,A,extraction,sf,hbt_typ,27,1,1,open,1e12,1.33352E-07,1.333520e-07,1.52902,0.611886,1.3335E-07
a_nx1_sf_27c_rbopen_st1,A,extraction,sf,hbt_typ,27,1,1,open,1e12,1.77828E-07,1.778280e-07,1.53303,0.619505,1.77826E-07
a_nx1_sf_27c_rbopen_st1,A,extraction,sf,hbt_typ,27,1,1,open,1e12,2.37137E-07,2.371370e-07,1.53721,0.627125,2.37135E-07
a_nx1_sf_27c_rbopen_st1,A,extraction,sf,hbt_typ,27,1,1,open,1e12,3.16228E-07,3.162280e-07,1.54156,0.634744,3.16226E-07
a_nx1_sf_27c_rbopen_st1,A,extraction,sf,hbt_typ,27,1,1,open,1e12,4.21697E-07,4.216970e-07,1.54604,0.642364,4.21695E-07
a_nx1_sf_27c_rbopen_st1,A,extraction,sf,hbt_typ,27,1,1,open,1e12,5.62341E-07,5.623410e-07,1.55066,0.649985,5.62339E-07
a_nx1_sf_27c_rbopen_st1,A,extraction,sf,hbt_typ,27,1,1,open,1e12,7.49894E-07,7.498940e-07,1.55539,0.657606,7.49892E-07
a_nx1_sf_27c_rbopen_st1,A,extraction,sf,hbt_typ,27,1,1,open,1e12,1E-06,1.000000e-06,1.56024,0.665228,9.99998E-07
a_nx1_sf_27c_rbopen_st1,A,extraction,sf,hbt_typ,27,1,1,open,1e12,1.33352E-06,1.333520e-06,1.5652,0.672852,1.33352E-06
a_nx1_sf_27c_rbopen_st1,A,extraction,sf,hbt_typ,27,1,1,open,1e12,1.77828E-06,1.778280e-06,1.57025,0.680478,1.77828E-06
a_nx1_sf_27c_rbopen_st1,A,extraction,sf,hbt_typ,27,1,1,open,1e12,2.37137E-06,2.371370e-06,1.57541,0.688106,2.37137E-06
a_nx1_sf_27c_rbopen_st1,A,extraction,sf,hbt_typ,27,1,1,open,1e12,3.16228E-06,3.162280e-06,1.58067,0.695738,3.16228E-06
a_nx1_sf_27c_rbopen_st1,A,extraction,sf,hbt_typ,27,1,1,open,1e12,4.21697E-06,4.216970e-06,1.58603,0.703375,4.21697E-06
a_nx1_sf_27c_rbopen_st1,A,extraction,sf,hbt_typ,27,1,1,open,1e12,5.62341E-06,5.623410e-06,1.59152,0.711018,5.62341E-06
a_nx1_sf_27c_rbopen_st1,A,extraction,sf,hbt_typ,27,1,1,open,1e12,7.49894E-06,7.498940e-06,1.59715,0.71867,7.49894E-06
a_nx1_sf_27c_rbopen_st1,A,extraction,sf,hbt_typ,27,1,1,open,1e12,1E-05,1.000000e-05,1.60295,0.726335,1E-05
a_nx1_sf_27c_rbopen_st1,A,extraction,sf,hbt_typ,27,1,1,open,1e12,1.33352E-05,1.333520e-05,1.60895,0.734016,1.33352E-05
a_nx1_sf_27c_rbopen_st1,A,extraction,sf,hbt_typ,27,1,1,open,1e12,1.77828E-05,1.778280e-05,1.61521,0.74172,1.77828E-05
a_nx1_sf_27c_rbopen_st1,A,extraction,sf,hbt_typ,27,1,1,open,1e12,2.37137E-05,2.371370e-05,1.6218,0.749453,2.37137E-05
a_nx1_sf_27c_rbopen_st1,A,extraction,sf,hbt_typ,27,1,1,open,1e12,3.16228E-05,3.162280e-05,1.62881,0.757228,3.16228E-05
a_nx1_sf_27c_rbopen_st1,A,extraction,sf,hbt_typ,27,1,1,open,1e12,4.21697E-05,4.216970e-05,1.63639,0.765059,4.21697E-05
a_nx1_sf_27c_rbopen_st1,A,extraction,sf,hbt_typ,27,1,1,open,1e12,5.62341E-05,5.623410e-05,1.64469,0.772964,5.62341E-05
a_nx1_sf_27c_rbopen_st1,A,extraction,sf,hbt_typ,27,1,1,open,1e12,7.49894E-05,7.498940e-05,1.65397,0.780971,7.49894E-05
a_nx1_sf_27c_rbopen_st1,A,extraction,sf,hbt_typ,27,1,1,open,1e12,0.0001,1.000000e-04,1.66453,0.789112,0.0001
a_nx1_sf_27c_rbopen_st1,A,extraction,sf,hbt_typ,27,1,1,open,1e12,0.000133352,1.333520e-04,1.67678,0.797434,0.000133352
a_nx1_sf_27c_rbopen_st1,A,extraction,sf,hbt_typ,27,1,1,open,1e12,0.000177828,1.778280e-04,1.69126,0.805997,0.000177828
a_nx1_sf_27c_rbopen_st1,A,extraction,sf,hbt_typ,27,1,1,open,1e12,0.000237137,2.371370e-04,1.70871,0.814876,0.000237137
a_nx1_sf_27c_rbopen_st1,A,extraction,sf,hbt_typ,27,1,1,open,1e12,0.000316228,3.162280e-04,1.73004,0.82417,0.000316228
a_nx1_sf_27c_rbopen_st1,A,extraction,sf,hbt_typ,27,1,1,open,1e12,0.000421697,4.216970e-04,1.75649,0.834001,0.000421697
a_nx1_sf_27c_rbopen_st1,A,extraction,sf,hbt_typ,27,1,1,open,1e12,0.000562341,5.623410e-04,1.78963,0.844516,0.000562341
a_nx1_sf_27c_rbopen_st1,A,extraction,sf,hbt_typ,27,1,1,open,1e12,0.000749894,7.498940e-04,1.83148,0.855884,0.000749894
a_nx1_sf_27c_rbopen_st1,A,extraction,sf,hbt_typ,27,1,1,open,1e12,0.001,1.000000e-03,1.88462,0.868287,0.001
a_nx1_sf_27c_rbopen_st1,A,extraction,sf,hbt_typ,27,1,1,open,1e12,0.00133352,1.333520e-03,1.95221,0.881885,0.00133352
a_nx1_sf_27c_rbopen_st1,A,extraction,sf,hbt_typ,27,1,1,open,1e12,0.00177828,1.778280e-03,2.03816,0.896771,0.00177828
a_nx1_sf_27c_rbopen_st1,A,extraction,sf,hbt_typ,27,1,1,open,1e12,0.00237137,2.371370e-03,2.14691,0.912858,0.00237137
a_nx1_sf_27c_rbopen_st1,A,extraction,sf,hbt_typ,27,1,1,open,1e12,0.00316228,3.162280e-03,2.28317,0.929702,0.00316228
a_nx1_sf_27c_rbopen_st0,A,extraction,sf,hbt_typ,27,1,0,open,1e12,1E-10,1.000000e-10,1.26574,0.420696,9.87322E-11
a_nx1_sf_27c_rbopen_st0,A,extraction,sf,hbt_typ,27,1,0,open,1e12,1.33352E-10,1.333520e-10,1.31049,0.428478,1.3204E-10
a_nx1_sf_27c_rbopen_st0,A,extraction,sf,hbt_typ,27,1,0,open,1e12,1.77828E-10,1.778280e-10,1.35144,0.436223,1.76475E-10
a_nx1_sf_27c_rbopen_st0,A,extraction,sf,hbt_typ,27,1,0,open,1e12,2.37137E-10,2.371370e-10,1.3869,0.44394,2.35748E-10
a_nx1_sf_27c_rbopen_st0,A,extraction,sf,hbt_typ,27,1,0,open,1e12,3.16228E-10,3.162280e-10,1.41608,0.451635,3.1481E-10
a_nx1_sf_27c_rbopen_st0,A,extraction,sf,hbt_typ,27,1,0,open,1e12,4.21697E-10,4.216970e-10,1.43904,0.459313,4.20256E-10
a_nx1_sf_27c_rbopen_st0,A,extraction,sf,hbt_typ,27,1,0,open,1e12,5.62341E-10,5.623410e-10,1.45648,0.466977,5.60883E-10
a_nx1_sf_27c_rbopen_st0,A,extraction,sf,hbt_typ,27,1,0,open,1e12,7.49894E-10,7.498940e-10,1.46936,0.474633,7.48423E-10
a_nx1_sf_27c_rbopen_st0,A,extraction,sf,hbt_typ,27,1,0,open,1e12,1E-09,1.000000e-09,1.47866,0.482278,9.98519E-10
a_nx1_sf_27c_rbopen_st0,A,extraction,sf,hbt_typ,27,1,0,open,1e12,1.33352E-09,1.333520e-09,1.48528,0.489918,1.33203E-09
a_nx1_sf_27c_rbopen_st0,A,extraction,sf,hbt_typ,27,1,0,open,1e12,1.77828E-09,1.778280e-09,1.48996,0.497553,1.77679E-09
a_nx1_sf_27c_rbopen_st0,A,extraction,sf,hbt_typ,27,1,0,open,1e12,2.37137E-09,2.371370e-09,1.49332,0.505184,2.36987E-09
a_nx1_sf_27c_rbopen_st0,A,extraction,sf,hbt_typ,27,1,0,open,1e12,3.16228E-09,3.162280e-09,1.49582,0.512813,3.16078E-09
a_nx1_sf_27c_rbopen_st0,A,extraction,sf,hbt_typ,27,1,0,open,1e12,4.21697E-09,4.216970e-09,1.49782,0.520439,4.21547E-09
a_nx1_sf_27c_rbopen_st0,A,extraction,sf,hbt_typ,27,1,0,open,1e12,5.62341E-09,5.623410e-09,1.49957,0.528063,5.62191E-09
a_nx1_sf_27c_rbopen_st0,A,extraction,sf,hbt_typ,27,1,0,open,1e12,7.49894E-09,7.498940e-09,1.50127,0.535687,7.49744E-09
a_nx1_sf_27c_rbopen_st0,A,extraction,sf,hbt_typ,27,1,0,open,1e12,1E-08,1.000000e-08,1.50304,0.543309,9.99849E-09
a_nx1_sf_27c_rbopen_st0,A,extraction,sf,hbt_typ,27,1,0,open,1e12,1.33352E-08,1.333520e-08,1.50497,0.55093,1.33337E-08
a_nx1_sf_27c_rbopen_st0,A,extraction,sf,hbt_typ,27,1,0,open,1e12,1.77828E-08,1.778280e-08,1.50711,0.558551,1.77813E-08
a_nx1_sf_27c_rbopen_st0,A,extraction,sf,hbt_typ,27,1,0,open,1e12,2.37137E-08,2.371370e-08,1.5095,0.566171,2.37122E-08
a_nx1_sf_27c_rbopen_st0,A,extraction,sf,hbt_typ,27,1,0,open,1e12,3.16228E-08,3.162280e-08,1.51215,0.573791,3.16213E-08
a_nx1_sf_27c_rbopen_st0,A,extraction,sf,hbt_typ,27,1,0,open,1e12,4.21697E-08,4.216970e-08,1.51505,0.581411,4.21682E-08
a_nx1_sf_27c_rbopen_st0,A,extraction,sf,hbt_typ,27,1,0,open,1e12,5.62341E-08,5.623410e-08,1.5182,0.589031,5.62326E-08
a_nx1_sf_27c_rbopen_st0,A,extraction,sf,hbt_typ,27,1,0,open,1e12,7.49894E-08,7.498940e-08,1.52159,0.59665,7.49879E-08
a_nx1_sf_27c_rbopen_st0,A,extraction,sf,hbt_typ,27,1,0,open,1e12,1E-07,1.000000e-07,1.52521,0.60427,9.99985E-08
a_nx1_sf_27c_rbopen_st0,A,extraction,sf,hbt_typ,27,1,0,open,1e12,1.33352E-07,1.333520e-07,1.52902,0.61189,1.3335E-07
a_nx1_sf_27c_rbopen_st0,A,extraction,sf,hbt_typ,27,1,0,open,1e12,1.77828E-07,1.778280e-07,1.53304,0.61951,1.77826E-07
a_nx1_sf_27c_rbopen_st0,A,extraction,sf,hbt_typ,27,1,0,open,1e12,2.37137E-07,2.371370e-07,1.53722,0.627131,2.37135E-07
a_nx1_sf_27c_rbopen_st0,A,extraction,sf,hbt_typ,27,1,0,open,1e12,3.16228E-07,3.162280e-07,1.54155,0.634753,3.16226E-07
a_nx1_sf_27c_rbopen_st0,A,extraction,sf,hbt_typ,27,1,0,open,1e12,4.21697E-07,4.216970e-07,1.54605,0.642375,4.21695E-07
a_nx1_sf_27c_rbopen_st0,A,extraction,sf,hbt_typ,27,1,0,open,1e12,5.62341E-07,5.623410e-07,1.55066,0.649999,5.62339E-07
a_nx1_sf_27c_rbopen_st0,A,extraction,sf,hbt_typ,27,1,0,open,1e12,7.49894E-07,7.498940e-07,1.5554,0.657625,7.49892E-07
a_nx1_sf_27c_rbopen_st0,A,extraction,sf,hbt_typ,27,1,0,open,1e12,1E-06,1.000000e-06,1.56025,0.665253,9.99998E-07
a_nx1_sf_27c_rbopen_st0,A,extraction,sf,hbt_typ,27,1,0,open,1e12,1.33352E-06,1.333520e-06,1.56521,0.672885,1.33352E-06
a_nx1_sf_27c_rbopen_st0,A,extraction,sf,hbt_typ,27,1,0,open,1e12,1.77828E-06,1.778280e-06,1.57027,0.680521,1.77828E-06
a_nx1_sf_27c_rbopen_st0,A,extraction,sf,hbt_typ,27,1,0,open,1e12,2.37137E-06,2.371370e-06,1.57543,0.688163,2.37137E-06
a_nx1_sf_27c_rbopen_st0,A,extraction,sf,hbt_typ,27,1,0,open,1e12,3.16228E-06,3.162280e-06,1.5807,0.695812,3.16228E-06
a_nx1_sf_27c_rbopen_st0,A,extraction,sf,hbt_typ,27,1,0,open,1e12,4.21697E-06,4.216970e-06,1.58608,0.703471,4.21697E-06
a_nx1_sf_27c_rbopen_st0,A,extraction,sf,hbt_typ,27,1,0,open,1e12,5.62341E-06,5.623410e-06,1.59158,0.711145,5.62341E-06
a_nx1_sf_27c_rbopen_st0,A,extraction,sf,hbt_typ,27,1,0,open,1e12,7.49894E-06,7.498940e-06,1.59722,0.718837,7.49894E-06
a_nx1_sf_27c_rbopen_st0,A,extraction,sf,hbt_typ,27,1,0,open,1e12,1E-05,1.000000e-05,1.60304,0.726552,1E-05
a_nx1_sf_27c_rbopen_st0,A,extraction,sf,hbt_typ,27,1,0,open,1e12,1.33352E-05,1.333520e-05,1.60906,0.7343,1.33352E-05
a_nx1_sf_27c_rbopen_st0,A,extraction,sf,hbt_typ,27,1,0,open,1e12,1.77828E-05,1.778280e-05,1.61534,0.742092,1.77828E-05
a_nx1_sf_27c_rbopen_st0,A,extraction,sf,hbt_typ,27,1,0,open,1e12,2.37137E-05,2.371370e-05,1.62197,0.74994,2.37137E-05
a_nx1_sf_27c_rbopen_st0,A,extraction,sf,hbt_typ,27,1,0,open,1e12,3.16228E-05,3.162280e-05,1.62902,0.757865,3.16228E-05
a_nx1_sf_27c_rbopen_st0,A,extraction,sf,hbt_typ,27,1,0,open,1e12,4.21697E-05,4.216970e-05,1.63664,0.765891,4.21697E-05
a_nx1_sf_27c_rbopen_st0,A,extraction,sf,hbt_typ,27,1,0,open,1e12,5.62341E-05,5.623410e-05,1.645,0.774051,5.62341E-05
a_nx1_sf_27c_rbopen_st0,A,extraction,sf,hbt_typ,27,1,0,open,1e12,7.49894E-05,7.498940e-05,1.65434,0.782391,7.49894E-05
a_nx1_sf_27c_rbopen_st0,A,extraction,sf,hbt_typ,27,1,0,open,1e12,0.0001,1.000000e-04,1.66495,0.790968,0.0001
a_nx1_sf_27c_rbopen_st0,A,extraction,sf,hbt_typ,27,1,0,open,1e12,0.000133352,1.333520e-04,1.67726,0.799862,0.000133352
a_nx1_sf_27c_rbopen_st0,A,extraction,sf,hbt_typ,27,1,0,open,1e12,0.000177828,1.778280e-04,1.69181,0.809172,0.000177828
a_nx1_sf_27c_rbopen_st0,A,extraction,sf,hbt_typ,27,1,0,open,1e12,0.000237137,2.371370e-04,1.70929,0.819036,0.000237137
a_nx1_sf_27c_rbopen_st0,A,extraction,sf,hbt_typ,27,1,0,open,1e12,0.000316228,3.162280e-04,1.73064,0.829629,0.000316228
a_nx1_sf_27c_rbopen_st0,A,extraction,sf,hbt_typ,27,1,0,open,1e12,0.000421697,4.216970e-04,1.75707,0.841182,0.000421697
a_nx1_sf_27c_rbopen_st0,A,extraction,sf,hbt_typ,27,1,0,open,1e12,0.000562341,5.623410e-04,1.79014,0.853996,0.000562341
a_nx1_sf_27c_rbopen_st0,A,extraction,sf,hbt_typ,27,1,0,open,1e12,0.000749894,7.498940e-04,1.83186,0.868462,0.000749894
a_nx1_sf_27c_rbopen_st0,A,extraction,sf,hbt_typ,27,1,0,open,1e12,0.001,1.000000e-03,1.88483,0.885083,0.001
a_nx1_sf_27c_rbopen_st0,A,extraction,sf,hbt_typ,27,1,0,open,1e12,0.00133352,1.333520e-03,1.95242,0.904511,0.00133352
a_nx1_sf_27c_rbopen_st0,A,extraction,sf,hbt_typ,27,1,0,open,1e12,0.00177828,1.778280e-03,2.03895,0.927589,0.00177828
a_nx1_sf_27c_rbopen_st0,A,extraction,sf,hbt_typ,27,1,0,open,1e12,0.00237137,2.371370e-03,2.15013,0.955411,0.00237137
a_nx1_sf_27c_rbopen_st0,A,extraction,sf,hbt_typ,27,1,0,open,1e12,0.00316228,3.162280e-03,2.29364,0.989406,0.00316228
a_nx8_sf_27c_rbopen_st1,A,extraction,sf,hbt_typ,27,8,1,open,1e12,8E-10,1.000000e-10,1.54044,0.42125,7.98446E-10
a_nx8_sf_27c_rbopen_st1,A,extraction,sf,hbt_typ,27,8,1,open,1e12,1.06682E-09,1.333525e-10,1.54106,0.428903,1.06527E-09
a_nx8_sf_27c_rbopen_st1,A,extraction,sf,hbt_typ,27,8,1,open,1e12,1.42262E-09,1.778275e-10,1.53947,0.436548,1.42107E-09
a_nx8_sf_27c_rbopen_st1,A,extraction,sf,hbt_typ,27,8,1,open,1e12,1.8971E-09,2.371375e-10,1.53645,0.444189,1.89555E-09
a_nx8_sf_27c_rbopen_st1,A,extraction,sf,hbt_typ,27,8,1,open,1e12,2.52982E-09,3.162275e-10,1.53258,0.451825,2.52827E-09
a_nx8_sf_27c_rbopen_st1,A,extraction,sf,hbt_typ,27,8,1,open,1e12,3.37357E-09,4.216962e-10,1.52831,0.459457,3.37203E-09
a_nx8_sf_27c_rbopen_st1,A,extraction,sf,hbt_typ,27,8,1,open,1e12,4.49873E-09,5.623413e-10,1.52398,0.467087,4.49719E-09
a_nx8_sf_27c_rbopen_st1,A,extraction,sf,hbt_typ,27,8,1,open,1e12,5.99915E-09,7.498938e-10,1.51984,0.474715,5.99762E-09
a_nx8_sf_27c_rbopen_st1,A,extraction,sf,hbt_typ,27,8,1,open,1e12,8E-09,1.000000e-09,1.51604,0.482341,7.99847E-09
a_nx8_sf_27c_rbopen_st1,A,extraction,sf,hbt_typ,27,8,1,open,1e12,1.06682E-08,1.333525e-09,1.51272,0.489966,1.06667E-08
a_nx8_sf_27c_rbopen_st1,A,extraction,sf,hbt_typ,27,8,1,open,1e12,1.42262E-08,1.778275e-09,1.50994,0.497589,1.42247E-08
a_nx8_sf_27c_rbopen_st1,A,extraction,sf,hbt_typ,27,8,1,open,1e12,1.8971E-08,2.371375e-09,1.50774,0.505212,1.89695E-08
a_nx8_sf_27c_rbopen_st1,A,extraction,sf,hbt_typ,27,8,1,open,1e12,2.52982E-08,3.162275e-09,1.50615,0.512834,2.52967E-08
a_nx8_sf_27c_rbopen_st1,A,extraction,sf,hbt_typ,27,8,1,open,1e12,3.37357E-08,4.216963e-09,1.50514,0.520455,3.37342E-08
a_nx8_sf_27c_rbopen_st1,A,extraction,sf,hbt_typ,27,8,1,open,1e12,4.49873E-08,5.623413e-09,1.50472,0.528075,4.49858E-08
a_nx8_sf_27c_rbopen_st1,A,extraction,sf,hbt_typ,27,8,1,open,1e12,5.99915E-08,7.498937e-09,1.50485,0.535696,5.999E-08
a_nx8_sf_27c_rbopen_st1,A,extraction,sf,hbt_typ,27,8,1,open,1e12,8E-08,1.000000e-08,1.5055,0.543315,7.99985E-08
a_nx8_sf_27c_rbopen_st1,A,extraction,sf,hbt_typ,27,8,1,open,1e12,1.06682E-07,1.333525e-08,1.50663,0.550935,1.0668E-07
a_nx8_sf_27c_rbopen_st1,A,extraction,sf,hbt_typ,27,8,1,open,1e12,1.42262E-07,1.778275e-08,1.50822,0.558554,1.4226E-07
a_nx8_sf_27c_rbopen_st1,A,extraction,sf,hbt_typ,27,8,1,open,1e12,1.8971E-07,2.371375e-08,1.51022,0.566173,1.89708E-07
a_nx8_sf_27c_rbopen_st1,A,extraction,sf,hbt_typ,27,8,1,open,1e12,2.52982E-07,3.162275e-08,1.5126,0.573792,2.5298E-07
a_nx8_sf_27c_rbopen_st1,A,extraction,sf,hbt_typ,27,8,1,open,1e12,3.37357E-07,4.216963e-08,1.51533,0.581411,3.37355E-07
a_nx8_sf_27c_rbopen_st1,A,extraction,sf,hbt_typ,27,8,1,open,1e12,4.49873E-07,5.623413e-08,1.51836,0.58903,4.49871E-07
a_nx8_sf_27c_rbopen_st1,A,extraction,sf,hbt_typ,27,8,1,open,1e12,5.99915E-07,7.498937e-08,1.52167,0.596648,5.99913E-07
a_nx8_sf_27c_rbopen_st1,A,extraction,sf,hbt_typ,27,8,1,open,1e12,8E-07,1.000000e-07,1.52523,0.604267,7.99998E-07
a_nx8_sf_27c_rbopen_st1,A,extraction,sf,hbt_typ,27,8,1,open,1e12,1.06682E-06,1.333525e-07,1.52902,0.611886,1.06682E-06
a_nx8_sf_27c_rbopen_st1,A,extraction,sf,hbt_typ,27,8,1,open,1e12,1.42262E-06,1.778275e-07,1.53301,0.619504,1.42262E-06
a_nx8_sf_27c_rbopen_st1,A,extraction,sf,hbt_typ,27,8,1,open,1e12,1.8971E-06,2.371375e-07,1.53719,0.627123,1.8971E-06
a_nx8_sf_27c_rbopen_st1,A,extraction,sf,hbt_typ,27,8,1,open,1e12,2.52982E-06,3.162275e-07,1.54152,0.634742,2.52982E-06
a_nx8_sf_27c_rbopen_st1,A,extraction,sf,hbt_typ,27,8,1,open,1e12,3.37357E-06,4.216963e-07,1.54601,0.642362,3.37357E-06
a_nx8_sf_27c_rbopen_st1,A,extraction,sf,hbt_typ,27,8,1,open,1e12,4.49873E-06,5.623413e-07,1.55063,0.649981,4.49873E-06
a_nx8_sf_27c_rbopen_st1,A,extraction,sf,hbt_typ,27,8,1,open,1e12,5.99915E-06,7.498937e-07,1.55536,0.657602,5.99915E-06
a_nx8_sf_27c_rbopen_st1,A,extraction,sf,hbt_typ,27,8,1,open,1e12,8E-06,1.000000e-06,1.56022,0.665222,8E-06
a_nx8_sf_27c_rbopen_st1,A,extraction,sf,hbt_typ,27,8,1,open,1e12,1.06682E-05,1.333525e-06,1.56517,0.672844,1.06682E-05
a_nx8_sf_27c_rbopen_st1,A,extraction,sf,hbt_typ,27,8,1,open,1e12,1.42262E-05,1.778275e-06,1.57023,0.680468,1.42262E-05
a_nx8_sf_27c_rbopen_st1,A,extraction,sf,hbt_typ,27,8,1,open,1e12,1.8971E-05,2.371375e-06,1.57539,0.688093,1.8971E-05
a_nx8_sf_27c_rbopen_st1,A,extraction,sf,hbt_typ,27,8,1,open,1e12,2.52982E-05,3.162275e-06,1.58065,0.695721,2.52982E-05
a_nx8_sf_27c_rbopen_st1,A,extraction,sf,hbt_typ,27,8,1,open,1e12,3.37357E-05,4.216963e-06,1.58601,0.703352,3.37357E-05
a_nx8_sf_27c_rbopen_st1,A,extraction,sf,hbt_typ,27,8,1,open,1e12,4.49873E-05,5.623413e-06,1.5915,0.710989,4.49873E-05
a_nx8_sf_27c_rbopen_st1,A,extraction,sf,hbt_typ,27,8,1,open,1e12,5.99915E-05,7.498938e-06,1.59713,0.718632,5.99915E-05
a_nx8_sf_27c_rbopen_st1,A,extraction,sf,hbt_typ,27,8,1,open,1e12,8E-05,1.000000e-05,1.60292,0.726285,8E-05
a_nx8_sf_27c_rbopen_st1,A,extraction,sf,hbt_typ,27,8,1,open,1e12,0.000106682,1.333525e-05,1.60892,0.73395,0.000106682
a_nx8_sf_27c_rbopen_st1,A,extraction,sf,hbt_typ,27,8,1,open,1e12,0.000142262,1.778275e-05,1.61517,0.741633,0.000142262
a_nx8_sf_27c_rbopen_st1,A,extraction,sf,hbt_typ,27,8,1,open,1e12,0.00018971,2.371375e-05,1.62175,0.749341,0.00018971
a_nx8_sf_27c_rbopen_st1,A,extraction,sf,hbt_typ,27,8,1,open,1e12,0.000252982,3.162275e-05,1.62876,0.757081,0.000252982
a_nx8_sf_27c_rbopen_st1,A,extraction,sf,hbt_typ,27,8,1,open,1e12,0.000337357,4.216962e-05,1.63632,0.764867,0.000337357
a_nx8_sf_27c_rbopen_st1,A,extraction,sf,hbt_typ,27,8,1,open,1e12,0.000449873,5.623412e-05,1.64462,0.772713,0.000449873
a_nx8_sf_27c_rbopen_st1,A,extraction,sf,hbt_typ,27,8,1,open,1e12,0.000599915,7.498938e-05,1.65388,0.780642,0.000599915
a_nx8_sf_27c_rbopen_st1,A,extraction,sf,hbt_typ,27,8,1,open,1e12,0.0008,1.000000e-04,1.66442,0.788683,0.0008
a_nx8_sf_27c_rbopen_st1,A,extraction,sf,hbt_typ,27,8,1,open,1e12,0.00106682,1.333525e-04,1.67665,0.796873,0.00106682
a_nx8_sf_27c_rbopen_st1,A,extraction,sf,hbt_typ,27,8,1,open,1e12,0.00142262,1.778275e-04,1.69112,0.805261,0.00142262
a_nx8_sf_27c_rbopen_st1,A,extraction,sf,hbt_typ,27,8,1,open,1e12,0.0018971,2.371375e-04,1.70854,0.813912,0.0018971
a_nx8_sf_27c_rbopen_st1,A,extraction,sf,hbt_typ,27,8,1,open,1e12,0.00252982,3.162275e-04,1.72984,0.822904,0.00252982
a_nx8_sf_27c_rbopen_st1,A,extraction,sf,hbt_typ,27,8,1,open,1e12,0.00337357,4.216963e-04,1.75624,0.832333,0.00337357
a_nx8_sf_27c_rbopen_st1,A,extraction,sf,hbt_typ,27,8,1,open,1e12,0.00449873,5.623413e-04,1.78931,0.842311,0.00449873
a_nx8_sf_27c_rbopen_st1,A,extraction,sf,hbt_typ,27,8,1,open,1e12,0.00599915,7.498937e-04,1.83102,0.852953,0.00599915
a_nx8_sf_27c_rbopen_st1,A,extraction,sf,hbt_typ,27,8,1,open,1e12,0.008,1.000000e-03,1.88388,0.864363,0.008
a_nx8_sf_27c_rbopen_st1,A,extraction,sf,hbt_typ,27,8,1,open,1e12,0.0106682,1.333525e-03,1.95089,0.876587,0.0106682
a_nx8_sf_27c_rbopen_st1,A,extraction,sf,hbt_typ,27,8,1,open,1e12,0.0142262,1.778275e-03,2.0356,0.889552,0.0142262
a_nx8_sf_27c_rbopen_st1,A,extraction,sf,hbt_typ,27,8,1,open,1e12,0.018971,2.371375e-03,2.14179,0.902912,0.018971
a_nx8_sf_27c_rbopen_st1,A,extraction,sf,hbt_typ,27,8,1,open,1e12,0.0252982,3.162275e-03,2.27278,0.915852,0.0252982
a_nx8_sf_27c_rbopen_st0,A,extraction,sf,hbt_typ,27,8,0,open,1e12,8E-10,1.000000e-10,1.54044,0.42125,7.98446E-10
a_nx8_sf_27c_rbopen_st0,A,extraction,sf,hbt_typ,27,8,0,open,1e12,1.06682E-09,1.333525e-10,1.54106,0.428903,1.06527E-09
a_nx8_sf_27c_rbopen_st0,A,extraction,sf,hbt_typ,27,8,0,open,1e12,1.42262E-09,1.778275e-10,1.53947,0.436551,1.42107E-09
a_nx8_sf_27c_rbopen_st0,A,extraction,sf,hbt_typ,27,8,0,open,1e12,1.8971E-09,2.371375e-10,1.53645,0.444189,1.89555E-09
a_nx8_sf_27c_rbopen_st0,A,extraction,sf,hbt_typ,27,8,0,open,1e12,2.52982E-09,3.162275e-10,1.53258,0.451825,2.52827E-09
a_nx8_sf_27c_rbopen_st0,A,extraction,sf,hbt_typ,27,8,0,open,1e12,3.37357E-09,4.216962e-10,1.52831,0.459457,3.37203E-09
a_nx8_sf_27c_rbopen_st0,A,extraction,sf,hbt_typ,27,8,0,open,1e12,4.49873E-09,5.623413e-10,1.52398,0.467088,4.49719E-09
a_nx8_sf_27c_rbopen_st0,A,extraction,sf,hbt_typ,27,8,0,open,1e12,5.99915E-09,7.498938e-10,1.51984,0.474715,5.99762E-09
a_nx8_sf_27c_rbopen_st0,A,extraction,sf,hbt_typ,27,8,0,open,1e12,8E-09,1.000000e-09,1.51604,0.482341,7.99847E-09
a_nx8_sf_27c_rbopen_st0,A,extraction,sf,hbt_typ,27,8,0,open,1e12,1.06682E-08,1.333525e-09,1.51271,0.489968,1.06667E-08
a_nx8_sf_27c_rbopen_st0,A,extraction,sf,hbt_typ,27,8,0,open,1e12,1.42262E-08,1.778275e-09,1.50994,0.497589,1.42247E-08
a_nx8_sf_27c_rbopen_st0,A,extraction,sf,hbt_typ,27,8,0,open,1e12,1.8971E-08,2.371375e-09,1.50774,0.505212,1.89695E-08
a_nx8_sf_27c_rbopen_st0,A,extraction,sf,hbt_typ,27,8,0,open,1e12,2.52982E-08,3.162275e-09,1.50615,0.512834,2.52967E-08
a_nx8_sf_27c_rbopen_st0,A,extraction,sf,hbt_typ,27,8,0,open,1e12,3.37357E-08,4.216963e-09,1.50514,0.520456,3.37342E-08
a_nx8_sf_27c_rbopen_st0,A,extraction,sf,hbt_typ,27,8,0,open,1e12,4.49873E-08,5.623413e-09,1.50472,0.528076,4.49858E-08
a_nx8_sf_27c_rbopen_st0,A,extraction,sf,hbt_typ,27,8,0,open,1e12,5.99915E-08,7.498937e-09,1.50485,0.535696,5.999E-08
a_nx8_sf_27c_rbopen_st0,A,extraction,sf,hbt_typ,27,8,0,open,1e12,8E-08,1.000000e-08,1.50548,0.543318,7.99985E-08
a_nx8_sf_27c_rbopen_st0,A,extraction,sf,hbt_typ,27,8,0,open,1e12,1.06682E-07,1.333525e-08,1.50663,0.550936,1.0668E-07
a_nx8_sf_27c_rbopen_st0,A,extraction,sf,hbt_typ,27,8,0,open,1e12,1.42262E-07,1.778275e-08,1.50822,0.558555,1.4226E-07
a_nx8_sf_27c_rbopen_st0,A,extraction,sf,hbt_typ,27,8,0,open,1e12,1.8971E-07,2.371375e-08,1.51022,0.566174,1.89708E-07
a_nx8_sf_27c_rbopen_st0,A,extraction,sf,hbt_typ,27,8,0,open,1e12,2.52982E-07,3.162275e-08,1.5126,0.573794,2.5298E-07
a_nx8_sf_27c_rbopen_st0,A,extraction,sf,hbt_typ,27,8,0,open,1e12,3.37357E-07,4.216963e-08,1.51533,0.581413,3.37355E-07
a_nx8_sf_27c_rbopen_st0,A,extraction,sf,hbt_typ,27,8,0,open,1e12,4.49873E-07,5.623413e-08,1.51836,0.589032,4.49871E-07
a_nx8_sf_27c_rbopen_st0,A,extraction,sf,hbt_typ,27,8,0,open,1e12,5.99915E-07,7.498937e-08,1.52166,0.596653,5.99913E-07
a_nx8_sf_27c_rbopen_st0,A,extraction,sf,hbt_typ,27,8,0,open,1e12,8E-07,1.000000e-07,1.52523,0.604271,7.99998E-07
a_nx8_sf_27c_rbopen_st0,A,extraction,sf,hbt_typ,27,8,0,open,1e12,1.06682E-06,1.333525e-07,1.52902,0.61189,1.06682E-06
a_nx8_sf_27c_rbopen_st0,A,extraction,sf,hbt_typ,27,8,0,open,1e12,1.42262E-06,1.778275e-07,1.53302,0.61951,1.42262E-06
a_nx8_sf_27c_rbopen_st0,A,extraction,sf,hbt_typ,27,8,0,open,1e12,1.8971E-06,2.371375e-07,1.53719,0.627132,1.8971E-06
a_nx8_sf_27c_rbopen_st0,A,extraction,sf,hbt_typ,27,8,0,open,1e12,2.52982E-06,3.162275e-07,1.54153,0.634753,2.52982E-06
a_nx8_sf_27c_rbopen_st0,A,extraction,sf,hbt_typ,27,8,0,open,1e12,3.37357E-06,4.216963e-07,1.54602,0.642375,3.37357E-06
a_nx8_sf_27c_rbopen_st0,A,extraction,sf,hbt_typ,27,8,0,open,1e12,4.49873E-06,5.623413e-07,1.55063,0.650001,4.49873E-06
a_nx8_sf_27c_rbopen_st0,A,extraction,sf,hbt_typ,27,8,0,open,1e12,5.99915E-06,7.498937e-07,1.55538,0.657625,5.99915E-06
a_nx8_sf_27c_rbopen_st0,A,extraction,sf,hbt_typ,27,8,0,open,1e12,8E-06,1.000000e-06,1.56023,0.665253,8E-06
a_nx8_sf_27c_rbopen_st0,A,extraction,sf,hbt_typ,27,8,0,open,1e12,1.06682E-05,1.333525e-06,1.56519,0.672885,1.06682E-05
a_nx8_sf_27c_rbopen_st0,A,extraction,sf,hbt_typ,27,8,0,open,1e12,1.42262E-05,1.778275e-06,1.57025,0.680521,1.42262E-05
a_nx8_sf_27c_rbopen_st0,A,extraction,sf,hbt_typ,27,8,0,open,1e12,1.8971E-05,2.371375e-06,1.57542,0.688162,1.8971E-05
a_nx8_sf_27c_rbopen_st0,A,extraction,sf,hbt_typ,27,8,0,open,1e12,2.52982E-05,3.162275e-06,1.58069,0.695812,2.52982E-05
a_nx8_sf_27c_rbopen_st0,A,extraction,sf,hbt_typ,27,8,0,open,1e12,3.37357E-05,4.216963e-06,1.58606,0.703473,3.37357E-05
a_nx8_sf_27c_rbopen_st0,A,extraction,sf,hbt_typ,27,8,0,open,1e12,4.49873E-05,5.623413e-06,1.59157,0.711145,4.49873E-05
a_nx8_sf_27c_rbopen_st0,A,extraction,sf,hbt_typ,27,8,0,open,1e12,5.99915E-05,7.498938e-06,1.59722,0.718836,5.99915E-05
a_nx8_sf_27c_rbopen_st0,A,extraction,sf,hbt_typ,27,8,0,open,1e12,8E-05,1.000000e-05,1.60303,0.726552,8E-05
a_nx8_sf_27c_rbopen_st0,A,extraction,sf,hbt_typ,27,8,0,open,1e12,0.000106682,1.333525e-05,1.60906,0.734301,0.000106682
a_nx8_sf_27c_rbopen_st0,A,extraction,sf,hbt_typ,27,8,0,open,1e12,0.000142262,1.778275e-05,1.61534,0.742092,0.000142262
a_nx8_sf_27c_rbopen_st0,A,extraction,sf,hbt_typ,27,8,0,open,1e12,0.00018971,2.371375e-05,1.62197,0.74994,0.00018971
a_nx8_sf_27c_rbopen_st0,A,extraction,sf,hbt_typ,27,8,0,open,1e12,0.000252982,3.162275e-05,1.62901,0.757866,0.000252982
a_nx8_sf_27c_rbopen_st0,A,extraction,sf,hbt_typ,27,8,0,open,1e12,0.000337357,4.216962e-05,1.63664,0.765891,0.000337357
a_nx8_sf_27c_rbopen_st0,A,extraction,sf,hbt_typ,27,8,0,open,1e12,0.000449873,5.623412e-05,1.645,0.774051,0.000449873
a_nx8_sf_27c_rbopen_st0,A,extraction,sf,hbt_typ,27,8,0,open,1e12,0.000599915,7.498938e-05,1.65433,0.782391,0.000599915
a_nx8_sf_27c_rbopen_st0,A,extraction,sf,hbt_typ,27,8,0,open,1e12,0.0008,1.000000e-04,1.66495,0.790969,0.0008
a_nx8_sf_27c_rbopen_st0,A,extraction,sf,hbt_typ,27,8,0,open,1e12,0.00106682,1.333525e-04,1.67726,0.799862,0.00106682
a_nx8_sf_27c_rbopen_st0,A,extraction,sf,hbt_typ,27,8,0,open,1e12,0.00142262,1.778275e-04,1.69181,0.809172,0.00142262
a_nx8_sf_27c_rbopen_st0,A,extraction,sf,hbt_typ,27,8,0,open,1e12,0.0018971,2.371375e-04,1.70929,0.819036,0.0018971
a_nx8_sf_27c_rbopen_st0,A,extraction,sf,hbt_typ,27,8,0,open,1e12,0.00252982,3.162275e-04,1.73064,0.829629,0.00252982
a_nx8_sf_27c_rbopen_st0,A,extraction,sf,hbt_typ,27,8,0,open,1e12,0.00337357,4.216963e-04,1.75707,0.841182,0.00337357
a_nx8_sf_27c_rbopen_st0,A,extraction,sf,hbt_typ,27,8,0,open,1e12,0.00449873,5.623413e-04,1.79014,0.853996,0.00449873
a_nx8_sf_27c_rbopen_st0,A,extraction,sf,hbt_typ,27,8,0,open,1e12,0.00599915,7.498937e-04,1.83185,0.868462,0.00599915
a_nx8_sf_27c_rbopen_st0,A,extraction,sf,hbt_typ,27,8,0,open,1e12,0.008,1.000000e-03,1.88484,0.885083,0.008
a_nx8_sf_27c_rbopen_st0,A,extraction,sf,hbt_typ,27,8,0,open,1e12,0.0106682,1.333525e-03,1.95242,0.904511,0.0106682
a_nx8_sf_27c_rbopen_st0,A,extraction,sf,hbt_typ,27,8,0,open,1e12,0.0142262,1.778275e-03,2.03895,0.927588,0.0142262
a_nx8_sf_27c_rbopen_st0,A,extraction,sf,hbt_typ,27,8,0,open,1e12,0.018971,2.371375e-03,2.15013,0.955411,0.018971
a_nx8_sf_27c_rbopen_st0,A,extraction,sf,hbt_typ,27,8,0,open,1e12,0.0252982,3.162275e-03,2.29363,0.989406,0.0252982
a_nx1_sf_125c_rbopen_st1,A,extraction,sf,hbt_typ,125,1,1,open,1e12,1E-10,1.000000e-10,0.15076,0.127864,1.62654E-11
a_nx1_sf_125c_rbopen_st1,A,extraction,sf,hbt_typ,125,1,1,open,1e12,1.33352E-10,1.333520e-10,0.208635,0.167161,4.8633E-11
a_nx1_sf_125c_rbopen_st1,A,extraction,sf,hbt_typ,125,1,1,open,1e12,1.77828E-10,1.778280e-10,0.25425,0.190391,9.28968E-11
a_nx1_sf_125c_rbopen_st1,A,extraction,sf,hbt_typ,125,1,1,open,1e12,2.37137E-10,2.371370e-10,0.30609,0.208068,1.52102E-10
a_nx1_sf_125c_rbopen_st1,A,extraction,sf,hbt_typ,125,1,1,open,1e12,3.16228E-10,3.162280e-10,0.388806,0.223045,2.31095E-10
a_nx1_sf_125c_rbopen_st1,A,extraction,sf,hbt_typ,125,1,1,open,1e12,4.21697E-10,4.216970e-10,0.575737,0.236458,3.36375E-10
a_nx1_sf_125c_rbopen_st1,A,extraction,sf,hbt_typ,125,1,1,open,1e12,5.62341E-10,5.623410e-10,0.840477,0.248897,4.76754E-10
a_nx1_sf_125c_rbopen_st1,A,extraction,sf,hbt_typ,125,1,1,open,1e12,7.49894E-10,7.498940e-10,1.01401,0.260726,6.64133E-10
a_nx1_sf_125c_rbopen_st1,A,extraction,sf,hbt_typ,125,1,1,open,1e12,1E-09,1.000000e-09,1.11004,0.272134,9.14143E-10
a_nx1_sf_125c_rbopen_st1,A,extraction,sf,hbt_typ,125,1,1,open,1e12,1.33352E-09,1.333520e-09,1.169,0.28324,1.2476E-09
a_nx1_sf_125c_rbopen_st1,A,extraction,sf,hbt_typ,125,1,1,open,1e12,1.77828E-09,1.778280e-09,1.2085,0.294128,1.69232E-09
a_nx1_sf_125c_rbopen_st1,A,extraction,sf,hbt_typ,125,1,1,open,1e12,2.37137E-09,2.371370e-09,1.23663,0.304856,2.28539E-09
a_nx1_sf_125c_rbopen_st1,A,extraction,sf,hbt_typ,125,1,1,open,1e12,3.16228E-09,3.162280e-09,1.25765,0.315468,3.07628E-09
a_nx1_sf_125c_rbopen_st1,A,extraction,sf,hbt_typ,125,1,1,open,1e12,4.21697E-09,4.216970e-09,1.27405,0.325993,4.13095E-09
a_nx1_sf_125c_rbopen_st1,A,extraction,sf,hbt_typ,125,1,1,open,1e12,5.62341E-09,5.623410e-09,1.28737,0.336454,5.53738E-09
a_nx1_sf_125c_rbopen_st1,A,extraction,sf,hbt_typ,125,1,1,open,1e12,7.49894E-09,7.498940e-09,1.29861,0.346867,7.41289E-09
a_nx1_sf_125c_rbopen_st1,A,extraction,sf,hbt_typ,125,1,1,open,1e12,1E-08,1.000000e-08,1.30845,0.357246,9.91394E-09
a_nx1_sf_125c_rbopen_st1,A,extraction,sf,hbt_typ,125,1,1,open,1e12,1.33352E-08,1.333520e-08,1.31737,0.367597,1.32491E-08
a_nx1_sf_125c_rbopen_st1,A,extraction,sf,hbt_typ,125,1,1,open,1e12,1.77828E-08,1.778280e-08,1.32568,0.377929,1.76967E-08
a_nx1_sf_125c_rbopen_st1,A,extraction,sf,hbt_typ,125,1,1,open,1e12,2.37137E-08,2.371370e-08,1.33361,0.388245,2.36276E-08
a_nx1_sf_125c_rbopen_st1,A,extraction,sf,hbt_typ,125,1,1,open,1e12,3.16228E-08,3.162280e-08,1.34134,0.398551,3.15367E-08
a_nx1_sf_125c_rbopen_st1,A,extraction,sf,hbt_typ,125,1,1,open,1e12,4.21697E-08,4.216970e-08,1.34896,0.408848,4.20836E-08
a_nx1_sf_125c_rbopen_st1,A,extraction,sf,hbt_typ,125,1,1,open,1e12,5.62341E-08,5.623410e-08,1.35657,0.419139,5.6148E-08
a_nx1_sf_125c_rbopen_st1,A,extraction,sf,hbt_typ,125,1,1,open,1e12,7.49894E-08,7.498940e-08,1.3642,0.429426,7.49033E-08
a_nx1_sf_125c_rbopen_st1,A,extraction,sf,hbt_typ,125,1,1,open,1e12,1E-07,1.000000e-07,1.37189,0.439708,9.99139E-08
a_nx1_sf_125c_rbopen_st1,A,extraction,sf,hbt_typ,125,1,1,open,1e12,1.33352E-07,1.333520e-07,1.37968,0.449989,1.33266E-07
a_nx1_sf_125c_rbopen_st1,A,extraction,sf,hbt_typ,125,1,1,open,1e12,1.77828E-07,1.778280e-07,1.38755,0.460267,1.77742E-07
a_nx1_sf_125c_rbopen_st1,A,extraction,sf,hbt_typ,125,1,1,open,1e12,2.37137E-07,2.371370e-07,1.39553,0.470544,2.37051E-07
a_nx1_sf_125c_rbopen_st1,A,extraction,sf,hbt_typ,125,1,1,open,1e12,3.16228E-07,3.162280e-07,1.40362,0.480821,3.16142E-07
a_nx1_sf_125c_rbopen_st1,A,extraction,sf,hbt_typ,125,1,1,open,1e12,4.21697E-07,4.216970e-07,1.4118,0.491097,4.21611E-07
a_nx1_sf_125c_rbopen_st1,A,extraction,sf,hbt_typ,125,1,1,open,1e12,5.62341E-07,5.623410e-07,1.42009,0.501373,5.62255E-07
a_nx1_sf_125c_rbopen_st1,A,extraction,sf,hbt_typ,125,1,1,open,1e12,7.49894E-07,7.498940e-07,1.42847,0.511649,7.49808E-07
a_nx1_sf_125c_rbopen_st1,A,extraction,sf,hbt_typ,125,1,1,open,1e12,1E-06,1.000000e-06,1.43695,0.521926,9.99914E-07
a_nx1_sf_125c_rbopen_st1,A,extraction,sf,hbt_typ,125,1,1,open,1e12,1.33352E-06,1.333520e-06,1.44551,0.532204,1.33343E-06
a_nx1_sf_125c_rbopen_st1,A,extraction,sf,hbt_typ,125,1,1,open,1e12,1.77828E-06,1.778280e-06,1.45416,0.542485,1.77819E-06
a_nx1_sf_125c_rbopen_st1,A,extraction,sf,hbt_typ,125,1,1,open,1e12,2.37137E-06,2.371370e-06,1.46291,0.552768,2.37128E-06
a_nx1_sf_125c_rbopen_st1,A,extraction,sf,hbt_typ,125,1,1,open,1e12,3.16228E-06,3.162280e-06,1.47175,0.563054,3.16219E-06
a_nx1_sf_125c_rbopen_st1,A,extraction,sf,hbt_typ,125,1,1,open,1e12,4.21697E-06,4.216970e-06,1.4807,0.573346,4.21688E-06
a_nx1_sf_125c_rbopen_st1,A,extraction,sf,hbt_typ,125,1,1,open,1e12,5.62341E-06,5.623410e-06,1.48976,0.583645,5.62332E-06
a_nx1_sf_125c_rbopen_st1,A,extraction,sf,hbt_typ,125,1,1,open,1e12,7.49894E-06,7.498940e-06,1.49895,0.593952,7.49885E-06
a_nx1_sf_125c_rbopen_st1,A,extraction,sf,hbt_typ,125,1,1,open,1e12,1E-05,1.000000e-05,1.50831,0.604273,9.99991E-06
a_nx1_sf_125c_rbopen_st1,A,extraction,sf,hbt_typ,125,1,1,open,1e12,1.33352E-05,1.333520e-05,1.51787,0.61461,1.33351E-05
a_nx1_sf_125c_rbopen_st1,A,extraction,sf,hbt_typ,125,1,1,open,1e12,1.77828E-05,1.778280e-05,1.52769,0.62497,1.77827E-05
a_nx1_sf_125c_rbopen_st1,A,extraction,sf,hbt_typ,125,1,1,open,1e12,2.37137E-05,2.371370e-05,1.53784,0.635361,2.37136E-05
a_nx1_sf_125c_rbopen_st1,A,extraction,sf,hbt_typ,125,1,1,open,1e12,3.16228E-05,3.162280e-05,1.54841,0.645794,3.16227E-05
a_nx1_sf_125c_rbopen_st1,A,extraction,sf,hbt_typ,125,1,1,open,1e12,4.21697E-05,4.216970e-05,1.55955,0.656283,4.21696E-05
a_nx1_sf_125c_rbopen_st1,A,extraction,sf,hbt_typ,125,1,1,open,1e12,5.62341E-05,5.623410e-05,1.57142,0.666847,5.6234E-05
a_nx1_sf_125c_rbopen_st1,A,extraction,sf,hbt_typ,125,1,1,open,1e12,7.49894E-05,7.498940e-05,1.58426,0.677512,7.49893E-05
a_nx1_sf_125c_rbopen_st1,A,extraction,sf,hbt_typ,125,1,1,open,1e12,0.0001,1.000000e-04,1.5984,0.688312,9.99999E-05
a_nx1_sf_125c_rbopen_st1,A,extraction,sf,hbt_typ,125,1,1,open,1e12,0.000133352,1.333520e-04,1.61423,0.699291,0.000133352
a_nx1_sf_125c_rbopen_st1,A,extraction,sf,hbt_typ,125,1,1,open,1e12,0.000177828,1.778280e-04,1.63232,0.710508,0.000177828
a_nx1_sf_125c_rbopen_st1,A,extraction,sf,hbt_typ,125,1,1,open,1e12,0.000237137,2.371370e-04,1.65339,0.722035,0.000237137
a_nx1_sf_125c_rbopen_st1,A,extraction,sf,hbt_typ,125,1,1,open,1e12,0.000316228,3.162280e-04,1.67838,0.733967,0.000316228
a_nx1_sf_125c_rbopen_st1,A,extraction,sf,hbt_typ,125,1,1,open,1e12,0.000421697,4.216970e-04,1.70853,0.746418,0.000421697
a_nx1_sf_125c_rbopen_st1,A,extraction,sf,hbt_typ,125,1,1,open,1e12,0.000562341,5.623410e-04,1.74544,0.759524,0.000562341
a_nx1_sf_125c_rbopen_st1,A,extraction,sf,hbt_typ,125,1,1,open,1e12,0.000749894,7.498940e-04,1.79118,0.773441,0.000749894
a_nx1_sf_125c_rbopen_st1,A,extraction,sf,hbt_typ,125,1,1,open,1e12,0.001,1.000000e-03,1.84836,0.788325,0.000999999
a_nx1_sf_125c_rbopen_st1,A,extraction,sf,hbt_typ,125,1,1,open,1e12,0.00133352,1.333520e-03,1.9203,0.804314,0.00133352
a_nx1_sf_125c_rbopen_st1,A,extraction,sf,hbt_typ,125,1,1,open,1e12,0.00177828,1.778280e-03,2.01112,0.821468,0.00177828
a_nx1_sf_125c_rbopen_st1,A,extraction,sf,hbt_typ,125,1,1,open,1e12,0.00237137,2.371370e-03,2.12568,0.83967,0.00237136
a_nx1_sf_125c_rbopen_st1,A,extraction,sf,hbt_typ,125,1,1,open,1e12,0.00316228,3.162280e-03,2.26886,0.858473,0.00316224
a_nx1_sf_125c_rbopen_st0,A,extraction,sf,hbt_typ,125,1,0,open,1e12,1E-10,1.000000e-10,0.150727,0.127861,1.62646E-11
a_nx1_sf_125c_rbopen_st0,A,extraction,sf,hbt_typ,125,1,0,open,1e12,1.33352E-10,1.333520e-10,0.208633,0.167161,4.86329E-11
a_nx1_sf_125c_rbopen_st0,A,extraction,sf,hbt_typ,125,1,0,open,1e12,1.77828E-10,1.778280e-10,0.254172,0.19039,9.28967E-11
a_nx1_sf_125c_rbopen_st0,A,extraction,sf,hbt_typ,125,1,0,open,1e12,2.37137E-10,2.371370e-10,0.30601,0.208068,1.52103E-10
a_nx1_sf_125c_rbopen_st0,A,extraction,sf,hbt_typ,125,1,0,open,1e12,3.16228E-10,3.162280e-10,0.388802,0.223045,2.31095E-10
a_nx1_sf_125c_rbopen_st0,A,extraction,sf,hbt_typ,125,1,0,open,1e12,4.21697E-10,4.216970e-10,0.575292,0.236458,3.36375E-10
a_nx1_sf_125c_rbopen_st0,A,extraction,sf,hbt_typ,125,1,0,open,1e12,5.62341E-10,5.623410e-10,0.840477,0.248897,4.76754E-10
a_nx1_sf_125c_rbopen_st0,A,extraction,sf,hbt_typ,125,1,0,open,1e12,7.49894E-10,7.498940e-10,1.01461,0.260726,6.64133E-10
a_nx1_sf_125c_rbopen_st0,A,extraction,sf,hbt_typ,125,1,0,open,1e12,1E-09,1.000000e-09,1.11016,0.272134,9.14143E-10
a_nx1_sf_125c_rbopen_st0,A,extraction,sf,hbt_typ,125,1,0,open,1e12,1.33352E-09,1.333520e-09,1.16903,0.28324,1.2476E-09
a_nx1_sf_125c_rbopen_st0,A,extraction,sf,hbt_typ,125,1,0,open,1e12,1.77828E-09,1.778280e-09,1.20851,0.294128,1.69232E-09
a_nx1_sf_125c_rbopen_st0,A,extraction,sf,hbt_typ,125,1,0,open,1e12,2.37137E-09,2.371370e-09,1.23777,0.304856,2.28539E-09
a_nx1_sf_125c_rbopen_st0,A,extraction,sf,hbt_typ,125,1,0,open,1e12,3.16228E-09,3.162280e-09,1.25833,0.315468,3.07627E-09
a_nx1_sf_125c_rbopen_st0,A,extraction,sf,hbt_typ,125,1,0,open,1e12,4.21697E-09,4.216970e-09,1.27451,0.325993,4.13095E-09
a_nx1_sf_125c_rbopen_st0,A,extraction,sf,hbt_typ,125,1,0,open,1e12,5.62341E-09,5.623410e-09,1.28762,0.336454,5.53738E-09
a_nx1_sf_125c_rbopen_st0,A,extraction,sf,hbt_typ,125,1,0,open,1e12,7.49894E-09,7.498940e-09,1.29876,0.346868,7.41289E-09
a_nx1_sf_125c_rbopen_st0,A,extraction,sf,hbt_typ,125,1,0,open,1e12,1E-08,1.000000e-08,1.30854,0.357246,9.91394E-09
a_nx1_sf_125c_rbopen_st0,A,extraction,sf,hbt_typ,125,1,0,open,1e12,1.33352E-08,1.333520e-08,1.31742,0.367597,1.32491E-08
a_nx1_sf_125c_rbopen_st0,A,extraction,sf,hbt_typ,125,1,0,open,1e12,1.77828E-08,1.778280e-08,1.32568,0.377929,1.76967E-08
a_nx1_sf_125c_rbopen_st0,A,extraction,sf,hbt_typ,125,1,0,open,1e12,2.37137E-08,2.371370e-08,1.33365,0.388246,2.36276E-08
a_nx1_sf_125c_rbopen_st0,A,extraction,sf,hbt_typ,125,1,0,open,1e12,3.16228E-08,3.162280e-08,1.34134,0.398552,3.15367E-08
a_nx1_sf_125c_rbopen_st0,A,extraction,sf,hbt_typ,125,1,0,open,1e12,4.21697E-08,4.216970e-08,1.34897,0.40885,4.20836E-08
a_nx1_sf_125c_rbopen_st0,A,extraction,sf,hbt_typ,125,1,0,open,1e12,5.62341E-08,5.623410e-08,1.35657,0.419141,5.6148E-08
a_nx1_sf_125c_rbopen_st0,A,extraction,sf,hbt_typ,125,1,0,open,1e12,7.49894E-08,7.498940e-08,1.36428,0.429428,7.49033E-08
a_nx1_sf_125c_rbopen_st0,A,extraction,sf,hbt_typ,125,1,0,open,1e12,1E-07,1.000000e-07,1.37204,0.439711,9.99139E-08
a_nx1_sf_125c_rbopen_st0,A,extraction,sf,hbt_typ,125,1,0,open,1e12,1.33352E-07,1.333520e-07,1.37996,0.449992,1.33266E-07
a_nx1_sf_125c_rbopen_st0,A,extraction,sf,hbt_typ,125,1,0,open,1e12,1.77828E-07,1.778280e-07,1.38809,0.460272,1.77742E-07
a_nx1_sf_125c_rbopen_st0,A,extraction,sf,hbt_typ,125,1,0,open,1e12,2.37137E-07,2.371370e-07,1.39554,0.47055,2.37051E-07
a_nx1_sf_125c_rbopen_st0,A,extraction,sf,hbt_typ,125,1,0,open,1e12,3.16228E-07,3.162280e-07,1.40363,0.480829,3.16142E-07
a_nx1_sf_125c_rbopen_st0,A,extraction,sf,hbt_typ,125,1,0,open,1e12,4.21697E-07,4.216970e-07,1.41181,0.491107,4.21611E-07
a_nx1_sf_125c_rbopen_st0,A,extraction,sf,hbt_typ,125,1,0,open,1e12,5.62341E-07,5.623410e-07,1.4201,0.501386,5.62255E-07
a_nx1_sf_125c_rbopen_st0,A,extraction,sf,hbt_typ,125,1,0,open,1e12,7.49894E-07,7.498940e-07,1.42848,0.511667,7.49808E-07
a_nx1_sf_125c_rbopen_st0,A,extraction,sf,hbt_typ,125,1,0,open,1e12,1E-06,1.000000e-06,1.43699,0.52195,9.99914E-07
a_nx1_sf_125c_rbopen_st0,A,extraction,sf,hbt_typ,125,1,0,open,1e12,1.33352E-06,1.333520e-06,1.44553,0.532236,1.33343E-06
a_nx1_sf_125c_rbopen_st0,A,extraction,sf,hbt_typ,125,1,0,open,1e12,1.77828E-06,1.778280e-06,1.45419,0.542526,1.77819E-06
a_nx1_sf_125c_rbopen_st0,A,extraction,sf,hbt_typ,125,1,0,open,1e12,2.37137E-06,2.371370e-06,1.46294,0.552822,2.37128E-06
a_nx1_sf_125c_rbopen_st0,A,extraction,sf,hbt_typ,125,1,0,open,1e12,3.16228E-06,3.162280e-06,1.47179,0.563126,3.16219E-06
a_nx1_sf_125c_rbopen_st0,A,extraction,sf,hbt_typ,125,1,0,open,1e12,4.21697E-06,4.216970e-06,1.48074,0.573441,4.21688E-06
a_nx1_sf_125c_rbopen_st0,A,extraction,sf,hbt_typ,125,1,0,open,1e12,5.62341E-06,5.623410e-06,1.48982,0.583769,5.62332E-06
a_nx1_sf_125c_rbopen_st0,A,extraction,sf,hbt_typ,125,1,0,open,1e12,7.49894E-06,7.498940e-06,1.49903,0.594116,7.49885E-06
a_nx1_sf_125c_rbopen_st0,A,extraction,sf,hbt_typ,125,1,0,open,1e12,1E-05,1.000000e-05,1.50849,0.604487,9.99991E-06
a_nx1_sf_125c_rbopen_st0,A,extraction,sf,hbt_typ,125,1,0,open,1e12,1.33352E-05,1.333520e-05,1.518,0.614891,1.33351E-05
a_nx1_sf_125c_rbopen_st0,A,extraction,sf,hbt_typ,125,1,0,open,1e12,1.77828E-05,1.778280e-05,1.52785,0.625339,1.77827E-05
a_nx1_sf_125c_rbopen_st0,A,extraction,sf,hbt_typ,125,1,0,open,1e12,2.37137E-05,2.371370e-05,1.53812,0.635845,2.37136E-05
a_nx1_sf_125c_rbopen_st0,A,extraction,sf,hbt_typ,125,1,0,open,1e12,3.16228E-05,3.162280e-05,1.54865,0.646429,3.16227E-05
a_nx1_sf_125c_rbopen_st0,A,extraction,sf,hbt_typ,125,1,0,open,1e12,4.21697E-05,4.216970e-05,1.55984,0.657114,4.21696E-05
a_nx1_sf_125c_rbopen_st0,A,extraction,sf,hbt_typ,125,1,0,open,1e12,5.62341E-05,5.623410e-05,1.57178,0.667936,5.6234E-05
a_nx1_sf_125c_rbopen_st0,A,extraction,sf,hbt_typ,125,1,0,open,1e12,7.49894E-05,7.498940e-05,1.5847,0.67894,7.49893E-05
a_nx1_sf_125c_rbopen_st0,A,extraction,sf,hbt_typ,125,1,0,open,1e12,0.0001,1.000000e-04,1.59889,0.69019,9.99999E-05
a_nx1_sf_125c_rbopen_st0,A,extraction,sf,hbt_typ,125,1,0,open,1e12,0.000133352,1.333520e-04,1.61489,0.701743,0.000133352
a_nx1_sf_125c_rbopen_st0,A,extraction,sf,hbt_typ,125,1,0,open,1e12,0.000177828,1.778280e-04,1.63333,0.713722,0.000177828
a_nx1_sf_125c_rbopen_st0,A,extraction,sf,hbt_typ,125,1,0,open,1e12,0.000237137,2.371370e-04,1.65403,0.726291,0.000237137
a_nx1_sf_125c_rbopen_st0,A,extraction,sf,hbt_typ,125,1,0,open,1e12,0.000316228,3.162280e-04,1.67931,0.739511,0.000316228
a_nx1_sf_125c_rbopen_st0,A,extraction,sf,hbt_typ,125,1,0,open,1e12,0.000421697,4.216970e-04,1.70994,0.753719,0.000421697
a_nx1_sf_125c_rbopen_st0,A,extraction,sf,hbt_typ,125,1,0,open,1e12,0.000562341,5.623410e-04,1.74645,0.769168,0.000562341
a_nx1_sf_125c_rbopen_st0,A,extraction,sf,hbt_typ,125,1,0,open,1e12,0.000749894,7.498940e-04,1.79224,0.786229,0.000749894
a_nx1_sf_125c_rbopen_st0,A,extraction,sf,hbt_typ,125,1,0,open,1e12,0.001,1.000000e-03,1.84916,0.805375,0.001
a_nx1_sf_125c_rbopen_st0,A,extraction,sf,hbt_typ,125,1,0,open,1e12,0.00133352,1.333520e-03,1.92091,0.82721,0.00133352
a_nx1_sf_125c_rbopen_st0,A,extraction,sf,hbt_typ,125,1,0,open,1e12,0.00177828,1.778280e-03,2.01167,0.852503,0.00177828
a_nx1_sf_125c_rbopen_st0,A,extraction,sf,hbt_typ,125,1,0,open,1e12,0.00237137,2.371370e-03,2.12703,0.882241,0.00237137
a_nx1_sf_125c_rbopen_st0,A,extraction,sf,hbt_typ,125,1,0,open,1e12,0.00316228,3.162280e-03,2.2743,0.917696,0.00316228
a_nx8_sf_125c_rbopen_st1,A,extraction,sf,hbt_typ,125,8,1,open,1e12,8E-10,1.000000e-10,0.194254,0.170929,4.27692E-10
a_nx8_sf_125c_rbopen_st1,A,extraction,sf,hbt_typ,125,8,1,open,1e12,1.06682E-09,1.333525e-10,0.222462,0.188156,6.93581E-10
a_nx8_sf_125c_rbopen_st1,A,extraction,sf,hbt_typ,125,8,1,open,1e12,1.42262E-09,1.778275e-10,0.252938,0.202915,1.0489E-09
a_nx8_sf_125c_rbopen_st1,A,extraction,sf,hbt_typ,125,8,1,open,1e12,1.8971E-09,2.371375e-10,0.292244,0.216232,1.52311E-09
a_nx8_sf_125c_rbopen_st1,A,extraction,sf,hbt_typ,125,8,1,open,1e12,2.52982E-09,3.162275e-10,0.360249,0.228632,2.15564E-09
a_nx8_sf_125c_rbopen_st1,A,extraction,sf,hbt_typ,125,8,1,open,1e12,3.37357E-09,4.216962e-10,0.820619,0.240356,2.9989E-09
a_nx8_sf_125c_rbopen_st1,A,extraction,sf,hbt_typ,125,8,1,open,1e12,4.49873E-09,5.623413e-10,1.05473,0.251703,4.12383E-09
a_nx8_sf_125c_rbopen_st1,A,extraction,sf,hbt_typ,125,8,1,open,1e12,5.99915E-09,7.498938e-10,1.13941,0.262776,5.62416E-09
a_nx8_sf_125c_rbopen_st1,A,extraction,sf,hbt_typ,125,8,1,open,1e12,8E-09,1.000000e-09,1.18844,0.273642,7.62496E-09
a_nx8_sf_125c_rbopen_st1,A,extraction,sf,hbt_typ,125,8,1,open,1e12,1.06682E-08,1.333525e-09,1.2209,0.284354,1.02931E-08
a_nx8_sf_125c_rbopen_st1,A,extraction,sf,hbt_typ,125,8,1,open,1e12,1.42262E-08,1.778275e-09,1.24409,0.294954,1.38511E-08
a_nx8_sf_125c_rbopen_st1,A,extraction,sf,hbt_typ,125,8,1,open,1e12,1.8971E-08,2.371375e-09,1.26156,0.305471,1.85959E-08
a_nx8_sf_125c_rbopen_st1,A,extraction,sf,hbt_typ,125,8,1,open,1e12,2.52982E-08,3.162275e-09,1.27536,0.315926,2.49231E-08
a_nx8_sf_125c_rbopen_st1,A,extraction,sf,hbt_typ,125,8,1,open,1e12,3.37357E-08,4.216963e-09,1.28675,0.326335,3.33606E-08
a_nx8_sf_125c_rbopen_st1,A,extraction,sf,hbt_typ,125,8,1,open,1e12,4.49873E-08,5.623413e-09,1.29651,0.33671,4.46122E-08
a_nx8_sf_125c_rbopen_st1,A,extraction,sf,hbt_typ,125,8,1,open,1e12,5.99915E-08,7.498937e-09,1.30522,0.347059,5.96163E-08
a_nx8_sf_125c_rbopen_st1,A,extraction,sf,hbt_typ,125,8,1,open,1e12,8E-08,1.000000e-08,1.31324,0.357389,7.96248E-08
a_nx8_sf_125c_rbopen_st1,A,extraction,sf,hbt_typ,125,8,1,open,1e12,1.06682E-07,1.333525e-08,1.32083,0.367705,1.06307E-07
a_nx8_sf_125c_rbopen_st1,A,extraction,sf,hbt_typ,125,8,1,open,1e12,1.42262E-07,1.778275e-08,1.32818,0.378009,1.41887E-07
a_nx8_sf_125c_rbopen_st1,A,extraction,sf,hbt_typ,125,8,1,open,1e12,1.8971E-07,2.371375e-08,1.33542,0.388306,1.89335E-07
a_nx8_sf_125c_rbopen_st1,A,extraction,sf,hbt_typ,125,8,1,open,1e12,2.52982E-07,3.162275e-08,1.34264,0.398596,2.52607E-07
a_nx8_sf_125c_rbopen_st1,A,extraction,sf,hbt_typ,125,8,1,open,1e12,3.37357E-07,4.216963e-08,1.3499,0.408882,3.36982E-07
a_nx8_sf_125c_rbopen_st1,A,extraction,sf,hbt_typ,125,8,1,open,1e12,4.49873E-07,5.623413e-08,1.35724,0.419164,4.49498E-07
a_nx8_sf_125c_rbopen_st1,A,extraction,sf,hbt_typ,125,8,1,open,1e12,5.99915E-07,7.498937e-08,1.36468,0.429444,5.9954E-07
a_nx8_sf_125c_rbopen_st1,A,extraction,sf,hbt_typ,125,8,1,open,1e12,8E-07,1.000000e-07,1.37224,0.439722,7.99625E-07
a_nx8_sf_125c_rbopen_st1,A,extraction,sf,hbt_typ,125,8,1,open,1e12,1.06682E-06,1.333525e-07,1.37992,0.449999,1.06644E-06
a_nx8_sf_125c_rbopen_st1,A,extraction,sf,hbt_typ,125,8,1,open,1e12,1.42262E-06,1.778275e-07,1.38773,0.460274,1.42224E-06
a_nx8_sf_125c_rbopen_st1,A,extraction,sf,hbt_typ,125,8,1,open,1e12,1.8971E-06,2.371375e-07,1.39565,0.470549,1.89672E-06
a_nx8_sf_125c_rbopen_st1,A,extraction,sf,hbt_typ,125,8,1,open,1e12,2.52982E-06,3.162275e-07,1.4037,0.480823,2.52944E-06
a_nx8_sf_125c_rbopen_st1,A,extraction,sf,hbt_typ,125,8,1,open,1e12,3.37357E-06,4.216963e-07,1.41186,0.491098,3.37319E-06
a_nx8_sf_125c_rbopen_st1,A,extraction,sf,hbt_typ,125,8,1,open,1e12,4.49873E-06,5.623413e-07,1.42013,0.501372,4.49835E-06
a_nx8_sf_125c_rbopen_st1,A,extraction,sf,hbt_typ,125,8,1,open,1e12,5.99915E-06,7.498937e-07,1.4285,0.511647,5.99877E-06
a_nx8_sf_125c_rbopen_st1,A,extraction,sf,hbt_typ,125,8,1,open,1e12,8E-06,1.000000e-06,1.43696,0.521922,7.99962E-06
a_nx8_sf_125c_rbopen_st1,A,extraction,sf,hbt_typ,125,8,1,open,1e12,1.06682E-05,1.333525e-06,1.44552,0.532198,1.06678E-05
a_nx8_sf_125c_rbopen_st1,A,extraction,sf,hbt_typ,125,8,1,open,1e12,1.42262E-05,1.778275e-06,1.45417,0.542476,1.42258E-05
a_nx8_sf_125c_rbopen_st1,A,extraction,sf,hbt_typ,125,8,1,open,1e12,1.8971E-05,2.371375e-06,1.46291,0.552756,1.89706E-05
a_nx8_sf_125c_rbopen_st1,A,extraction,sf,hbt_typ,125,8,1,open,1e12,2.52982E-05,3.162275e-06,1.47175,0.563038,2.52978E-05
a_nx8_sf_125c_rbopen_st1,A,extraction,sf,hbt_typ,125,8,1,open,1e12,3.37357E-05,4.216963e-06,1.48069,0.573325,3.37353E-05
a_nx8_sf_125c_rbopen_st1,A,extraction,sf,hbt_typ,125,8,1,open,1e12,4.49873E-05,5.623413e-06,1.48974,0.583616,4.49869E-05
a_nx8_sf_125c_rbopen_st1,A,extraction,sf,hbt_typ,125,8,1,open,1e12,5.99915E-05,7.498938e-06,1.49893,0.593915,5.99911E-05
a_nx8_sf_125c_rbopen_st1,A,extraction,sf,hbt_typ,125,8,1,open,1e12,8E-05,1.000000e-05,1.50829,0.604223,7.99996E-05
a_nx8_sf_125c_rbopen_st1,A,extraction,sf,hbt_typ,125,8,1,open,1e12,0.000106682,1.333525e-05,1.51784,0.614545,0.000106682
a_nx8_sf_125c_rbopen_st1,A,extraction,sf,hbt_typ,125,8,1,open,1e12,0.000142262,1.778275e-05,1.52765,0.624885,0.000142262
a_nx8_sf_125c_rbopen_st1,A,extraction,sf,hbt_typ,125,8,1,open,1e12,0.00018971,2.371375e-05,1.53779,0.63525,0.00018971
a_nx8_sf_125c_rbopen_st1,A,extraction,sf,hbt_typ,125,8,1,open,1e12,0.000252982,3.162275e-05,1.54836,0.645648,0.000252982
a_nx8_sf_125c_rbopen_st1,A,extraction,sf,hbt_typ,125,8,1,open,1e12,0.000337357,4.216962e-05,1.55948,0.656091,0.000337357
a_nx8_sf_125c_rbopen_st1,A,extraction,sf,hbt_typ,125,8,1,open,1e12,0.000449873,5.623412e-05,1.57133,0.666595,0.000449873
a_nx8_sf_125c_rbopen_st1,A,extraction,sf,hbt_typ,125,8,1,open,1e12,0.000599915,7.498938e-05,1.58416,0.677182,0.000599915
a_nx8_sf_125c_rbopen_st1,A,extraction,sf,hbt_typ,125,8,1,open,1e12,0.0008,1.000000e-04,1.59827,0.68788,0.0008
a_nx8_sf_125c_rbopen_st1,A,extraction,sf,hbt_typ,125,8,1,open,1e12,0.00106682,1.333525e-04,1.61408,0.698724,0.00106682
a_nx8_sf_125c_rbopen_st1,A,extraction,sf,hbt_typ,125,8,1,open,1e12,0.00142262,1.778275e-04,1.63214,0.709764,0.00142262
a_nx8_sf_125c_rbopen_st1,A,extraction,sf,hbt_typ,125,8,1,open,1e12,0.0018971,2.371375e-04,1.65318,0.721058,0.0018971
a_nx8_sf_125c_rbopen_st1,A,extraction,sf,hbt_typ,125,8,1,open,1e12,0.00252982,3.162275e-04,1.67813,0.732682,0.00252982
a_nx8_sf_125c_rbopen_st1,A,extraction,sf,hbt_typ,125,8,1,open,1e12,0.00337357,4.216963e-04,1.70824,0.744724,0.00337357
a_nx8_sf_125c_rbopen_st1,A,extraction,sf,hbt_typ,125,8,1,open,1e12,0.00449873,5.623413e-04,1.74509,0.757284,0.00449873
a_nx8_sf_125c_rbopen_st1,A,extraction,sf,hbt_typ,125,8,1,open,1e12,0.00599915,7.498937e-04,1.79073,0.770465,0.00599915
a_nx8_sf_125c_rbopen_st1,A,extraction,sf,hbt_typ,125,8,1,open,1e12,0.008,1.000000e-03,1.84775,0.784348,0.008
a_nx8_sf_125c_rbopen_st1,A,extraction,sf,hbt_typ,125,8,1,open,1e12,0.0106682,1.333525e-03,1.91935,0.798959,0.0106682
a_nx8_sf_125c_rbopen_st1,A,extraction,sf,hbt_typ,125,8,1,open,1e12,0.0142262,1.778275e-03,2.00941,0.814187,0.0142262
a_nx8_sf_125c_rbopen_st1,A,extraction,sf,hbt_typ,125,8,1,open,1e12,0.018971,2.371375e-03,2.12211,0.829671,0.0189709
a_nx8_sf_125c_rbopen_st1,A,extraction,sf,hbt_typ,125,8,1,open,1e12,0.0252982,3.162275e-03,2.25942,0.844653,0.0252977
a_nx8_sf_125c_rbopen_st0,A,extraction,sf,hbt_typ,125,8,0,open,1e12,8E-10,1.000000e-10,0.194326,0.170929,4.27694E-10
a_nx8_sf_125c_rbopen_st0,A,extraction,sf,hbt_typ,125,8,0,open,1e12,1.06682E-09,1.333525e-10,0.222582,0.188156,6.93583E-10
a_nx8_sf_125c_rbopen_st0,A,extraction,sf,hbt_typ,125,8,0,open,1e12,1.42262E-09,1.778275e-10,0.253157,0.202915,1.0489E-09
a_nx8_sf_125c_rbopen_st0,A,extraction,sf,hbt_typ,125,8,0,open,1e12,1.8971E-09,2.371375e-10,0.292247,0.216232,1.52311E-09
a_nx8_sf_125c_rbopen_st0,A,extraction,sf,hbt_typ,125,8,0,open,1e12,2.52982E-09,3.162275e-10,0.360357,0.228632,2.15564E-09
a_nx8_sf_125c_rbopen_st0,A,extraction,sf,hbt_typ,125,8,0,open,1e12,3.37357E-09,4.216962e-10,0.82007,0.240356,2.9989E-09
a_nx8_sf_125c_rbopen_st0,A,extraction,sf,hbt_typ,125,8,0,open,1e12,4.49873E-09,5.623413e-10,1.05372,0.251703,4.12383E-09
a_nx8_sf_125c_rbopen_st0,A,extraction,sf,hbt_typ,125,8,0,open,1e12,5.99915E-09,7.498938e-10,1.13911,0.262776,5.62416E-09
a_nx8_sf_125c_rbopen_st0,A,extraction,sf,hbt_typ,125,8,0,open,1e12,8E-09,1.000000e-09,1.18831,0.273642,7.62496E-09
a_nx8_sf_125c_rbopen_st0,A,extraction,sf,hbt_typ,125,8,0,open,1e12,1.06682E-08,1.333525e-09,1.22085,0.284354,1.02931E-08
a_nx8_sf_125c_rbopen_st0,A,extraction,sf,hbt_typ,125,8,0,open,1e12,1.42262E-08,1.778275e-09,1.24405,0.294954,1.38511E-08
a_nx8_sf_125c_rbopen_st0,A,extraction,sf,hbt_typ,125,8,0,open,1e12,1.8971E-08,2.371375e-09,1.26154,0.305471,1.85959E-08
a_nx8_sf_125c_rbopen_st0,A,extraction,sf,hbt_typ,125,8,0,open,1e12,2.52982E-08,3.162275e-09,1.27536,0.315926,2.49231E-08
a_nx8_sf_125c_rbopen_st0,A,extraction,sf,hbt_typ,125,8,0,open,1e12,3.37357E-08,4.216963e-09,1.28674,0.326335,3.33606E-08
a_nx8_sf_125c_rbopen_st0,A,extraction,sf,hbt_typ,125,8,0,open,1e12,4.49873E-08,5.623413e-09,1.29651,0.33671,4.46122E-08
a_nx8_sf_125c_rbopen_st0,A,extraction,sf,hbt_typ,125,8,0,open,1e12,5.99915E-08,7.498937e-09,1.30522,0.347059,5.96163E-08
a_nx8_sf_125c_rbopen_st0,A,extraction,sf,hbt_typ,125,8,0,open,1e12,8E-08,1.000000e-08,1.31324,0.357389,7.96248E-08
a_nx8_sf_125c_rbopen_st0,A,extraction,sf,hbt_typ,125,8,0,open,1e12,1.06682E-07,1.333525e-08,1.32083,0.367705,1.06307E-07
a_nx8_sf_125c_rbopen_st0,A,extraction,sf,hbt_typ,125,8,0,open,1e12,1.42262E-07,1.778275e-08,1.32818,0.37801,1.41887E-07
a_nx8_sf_125c_rbopen_st0,A,extraction,sf,hbt_typ,125,8,0,open,1e12,1.8971E-07,2.371375e-08,1.33543,0.388307,1.89335E-07
a_nx8_sf_125c_rbopen_st0,A,extraction,sf,hbt_typ,125,8,0,open,1e12,2.52982E-07,3.162275e-08,1.34265,0.398597,2.52607E-07
a_nx8_sf_125c_rbopen_st0,A,extraction,sf,hbt_typ,125,8,0,open,1e12,3.37357E-07,4.216963e-08,1.3499,0.408883,3.36982E-07
a_nx8_sf_125c_rbopen_st0,A,extraction,sf,hbt_typ,125,8,0,open,1e12,4.49873E-07,5.623413e-08,1.35724,0.419166,4.49498E-07
a_nx8_sf_125c_rbopen_st0,A,extraction,sf,hbt_typ,125,8,0,open,1e12,5.99915E-07,7.498937e-08,1.36469,0.429447,5.9954E-07
a_nx8_sf_125c_rbopen_st0,A,extraction,sf,hbt_typ,125,8,0,open,1e12,8E-07,1.000000e-07,1.37224,0.439725,7.99625E-07
a_nx8_sf_125c_rbopen_st0,A,extraction,sf,hbt_typ,125,8,0,open,1e12,1.06682E-06,1.333525e-07,1.37992,0.450003,1.06644E-06
a_nx8_sf_125c_rbopen_st0,A,extraction,sf,hbt_typ,125,8,0,open,1e12,1.42262E-06,1.778275e-07,1.38773,0.46028,1.42224E-06
a_nx8_sf_125c_rbopen_st0,A,extraction,sf,hbt_typ,125,8,0,open,1e12,1.8971E-06,2.371375e-07,1.39566,0.470556,1.89672E-06
a_nx8_sf_125c_rbopen_st0,A,extraction,sf,hbt_typ,125,8,0,open,1e12,2.52982E-06,3.162275e-07,1.40371,0.480833,2.52944E-06
a_nx8_sf_125c_rbopen_st0,A,extraction,sf,hbt_typ,125,8,0,open,1e12,3.37357E-06,4.216963e-07,1.41187,0.491111,3.37319E-06
a_nx8_sf_125c_rbopen_st0,A,extraction,sf,hbt_typ,125,8,0,open,1e12,4.49873E-06,5.623413e-07,1.42014,0.501389,4.49835E-06
a_nx8_sf_125c_rbopen_st0,A,extraction,sf,hbt_typ,125,8,0,open,1e12,5.99915E-06,7.498937e-07,1.42851,0.511669,5.99877E-06
a_nx8_sf_125c_rbopen_st0,A,extraction,sf,hbt_typ,125,8,0,open,1e12,8E-06,1.000000e-06,1.43698,0.521952,7.99962E-06
a_nx8_sf_125c_rbopen_st0,A,extraction,sf,hbt_typ,125,8,0,open,1e12,1.06682E-05,1.333525e-06,1.44554,0.532237,1.06678E-05
a_nx8_sf_125c_rbopen_st0,A,extraction,sf,hbt_typ,125,8,0,open,1e12,1.42262E-05,1.778275e-06,1.4542,0.542527,1.42258E-05
a_nx8_sf_125c_rbopen_st0,A,extraction,sf,hbt_typ,125,8,0,open,1e12,1.8971E-05,2.371375e-06,1.46295,0.552823,1.89706E-05
a_nx8_sf_125c_rbopen_st0,A,extraction,sf,hbt_typ,125,8,0,open,1e12,2.52982E-05,3.162275e-06,1.47179,0.563127,2.52978E-05
a_nx8_sf_125c_rbopen_st0,A,extraction,sf,hbt_typ,125,8,0,open,1e12,3.37357E-05,4.216963e-06,1.48075,0.573441,3.37353E-05
a_nx8_sf_125c_rbopen_st0,A,extraction,sf,hbt_typ,125,8,0,open,1e12,4.49873E-05,5.623413e-06,1.48982,0.583769,4.49869E-05
a_nx8_sf_125c_rbopen_st0,A,extraction,sf,hbt_typ,125,8,0,open,1e12,5.99915E-05,7.498938e-06,1.49903,0.594116,5.99911E-05
a_nx8_sf_125c_rbopen_st0,A,extraction,sf,hbt_typ,125,8,0,open,1e12,8E-05,1.000000e-05,1.50841,0.604487,7.99996E-05
a_nx8_sf_125c_rbopen_st0,A,extraction,sf,hbt_typ,125,8,0,open,1e12,0.000106682,1.333525e-05,1.518,0.614891,0.000106682
a_nx8_sf_125c_rbopen_st0,A,extraction,sf,hbt_typ,125,8,0,open,1e12,0.000142262,1.778275e-05,1.52785,0.625339,0.000142262
a_nx8_sf_125c_rbopen_st0,A,extraction,sf,hbt_typ,125,8,0,open,1e12,0.00018971,2.371375e-05,1.53803,0.635845,0.00018971
a_nx8_sf_125c_rbopen_st0,A,extraction,sf,hbt_typ,125,8,0,open,1e12,0.000252982,3.162275e-05,1.54865,0.646428,0.000252982
a_nx8_sf_125c_rbopen_st0,A,extraction,sf,hbt_typ,125,8,0,open,1e12,0.000337357,4.216962e-05,1.55984,0.657114,0.000337357
a_nx8_sf_125c_rbopen_st0,A,extraction,sf,hbt_typ,125,8,0,open,1e12,0.000449873,5.623412e-05,1.57178,0.667936,0.000449873
a_nx8_sf_125c_rbopen_st0,A,extraction,sf,hbt_typ,125,8,0,open,1e12,0.000599915,7.498938e-05,1.5847,0.67894,0.000599915
a_nx8_sf_125c_rbopen_st0,A,extraction,sf,hbt_typ,125,8,0,open,1e12,0.0008,1.000000e-04,1.59892,0.690182,0.0008
a_nx8_sf_125c_rbopen_st0,A,extraction,sf,hbt_typ,125,8,0,open,1e12,0.00106682,1.333525e-04,1.61486,0.701743,0.00106682
a_nx8_sf_125c_rbopen_st0,A,extraction,sf,hbt_typ,125,8,0,open,1e12,0.00142262,1.778275e-04,1.63305,0.713722,0.00142262
a_nx8_sf_125c_rbopen_st0,A,extraction,sf,hbt_typ,125,8,0,open,1e12,0.0018971,2.371375e-04,1.65422,0.726253,0.0018971
a_nx8_sf_125c_rbopen_st0,A,extraction,sf,hbt_typ,125,8,0,open,1e12,0.00252982,3.162275e-04,1.67931,0.739511,0.00252982
a_nx8_sf_125c_rbopen_st0,A,extraction,sf,hbt_typ,125,8,0,open,1e12,0.00337357,4.216963e-04,1.70952,0.753719,0.00337357
a_nx8_sf_125c_rbopen_st0,A,extraction,sf,hbt_typ,125,8,0,open,1e12,0.00449873,5.623413e-04,1.74645,0.769168,0.00449873
a_nx8_sf_125c_rbopen_st0,A,extraction,sf,hbt_typ,125,8,0,open,1e12,0.00599915,7.498937e-04,1.79213,0.786229,0.00599915
a_nx8_sf_125c_rbopen_st0,A,extraction,sf,hbt_typ,125,8,0,open,1e12,0.008,1.000000e-03,1.84916,0.805375,0.008
a_nx8_sf_125c_rbopen_st0,A,extraction,sf,hbt_typ,125,8,0,open,1e12,0.0106682,1.333525e-03,1.92091,0.82721,0.0106682
a_nx8_sf_125c_rbopen_st0,A,extraction,sf,hbt_typ,125,8,0,open,1e12,0.0142262,1.778275e-03,2.01167,0.852503,0.0142262
a_nx8_sf_125c_rbopen_st0,A,extraction,sf,hbt_typ,125,8,0,open,1e12,0.018971,2.371375e-03,2.12703,0.882241,0.018971
a_nx8_sf_125c_rbopen_st0,A,extraction,sf,hbt_typ,125,8,0,open,1e12,0.0252982,3.162275e-03,2.2743,0.917696,0.0252982
a_nx1_fs_-40c_rbopen_st1,A,extraction,fs,hbt_typ,-40,1,1,open,1e12,1E-10,1.000000e-10,1.50521,0.568871,9.84948E-11
a_nx1_fs_-40c_rbopen_st1,A,extraction,fs,hbt_typ,-40,1,1,open,1e12,1.33352E-10,1.333520e-10,1.52448,0.574888,1.31828E-10
a_nx1_fs_-40c_rbopen_st1,A,extraction,fs,hbt_typ,-40,1,1,open,1e12,1.77828E-10,1.778280e-10,1.54111,0.580864,1.76287E-10
a_nx1_fs_-40c_rbopen_st1,A,extraction,fs,hbt_typ,-40,1,1,open,1e12,2.37137E-10,2.371370e-10,1.55465,0.586811,2.35582E-10
a_nx1_fs_-40c_rbopen_st1,A,extraction,fs,hbt_typ,-40,1,1,open,1e12,3.16228E-10,3.162280e-10,1.56495,0.592734,3.14663E-10
a_nx1_fs_-40c_rbopen_st1,A,extraction,fs,hbt_typ,-40,1,1,open,1e12,4.21697E-10,4.216970e-10,1.57209,0.598641,4.20125E-10
a_nx1_fs_-40c_rbopen_st1,A,extraction,fs,hbt_typ,-40,1,1,open,1e12,5.62341E-10,5.623410e-10,1.57643,0.604534,5.60765E-10
a_nx1_fs_-40c_rbopen_st1,A,extraction,fs,hbt_typ,-40,1,1,open,1e12,7.49894E-10,7.498940e-10,1.57844,0.610417,7.48316E-10
a_nx1_fs_-40c_rbopen_st1,A,extraction,fs,hbt_typ,-40,1,1,open,1e12,1E-09,1.000000e-09,1.57864,0.616293,9.98421E-10
a_nx1_fs_-40c_rbopen_st1,A,extraction,fs,hbt_typ,-40,1,1,open,1e12,1.33352E-09,1.333520e-09,1.57756,0.622163,1.33194E-09
a_nx1_fs_-40c_rbopen_st1,A,extraction,fs,hbt_typ,-40,1,1,open,1e12,1.77828E-09,1.778280e-09,1.57565,0.628029,1.7767E-09
a_nx1_fs_-40c_rbopen_st1,A,extraction,fs,hbt_typ,-40,1,1,open,1e12,2.37137E-09,2.371370e-09,1.57328,0.633891,2.3698E-09
a_nx1_fs_-40c_rbopen_st1,A,extraction,fs,hbt_typ,-40,1,1,open,1e12,3.16228E-09,3.162280e-09,1.57076,0.639751,3.16071E-09
a_nx1_fs_-40c_rbopen_st1,A,extraction,fs,hbt_typ,-40,1,1,open,1e12,4.21697E-09,4.216970e-09,1.56829,0.645609,4.2154E-09
a_nx1_fs_-40c_rbopen_st1,A,extraction,fs,hbt_typ,-40,1,1,open,1e12,5.62341E-09,5.623410e-09,1.56605,0.651465,5.62184E-09
a_nx1_fs_-40c_rbopen_st1,A,extraction,fs,hbt_typ,-40,1,1,open,1e12,7.49894E-09,7.498940e-09,1.56412,0.657321,7.49738E-09
a_nx1_fs_-40c_rbopen_st1,A,extraction,fs,hbt_typ,-40,1,1,open,1e12,1E-08,1.000000e-08,1.56257,0.663175,9.99844E-09
a_nx1_fs_-40c_rbopen_st1,A,extraction,fs,hbt_typ,-40,1,1,open,1e12,1.33352E-08,1.333520e-08,1.56142,0.669029,1.33336E-08
a_nx1_fs_-40c_rbopen_st1,A,extraction,fs,hbt_typ,-40,1,1,open,1e12,1.77828E-08,1.778280e-08,1.56068,0.674882,1.77812E-08
a_nx1_fs_-40c_rbopen_st1,A,extraction,fs,hbt_typ,-40,1,1,open,1e12,2.37137E-08,2.371370e-08,1.56034,0.680735,2.37121E-08
a_nx1_fs_-40c_rbopen_st1,A,extraction,fs,hbt_typ,-40,1,1,open,1e12,3.16228E-08,3.162280e-08,1.56038,0.686587,3.16212E-08
a_nx1_fs_-40c_rbopen_st1,A,extraction,fs,hbt_typ,-40,1,1,open,1e12,4.21697E-08,4.216970e-08,1.56078,0.69244,4.21681E-08
a_nx1_fs_-40c_rbopen_st1,A,extraction,fs,hbt_typ,-40,1,1,open,1e12,5.62341E-08,5.623410e-08,1.56149,0.698292,5.62325E-08
a_nx1_fs_-40c_rbopen_st1,A,extraction,fs,hbt_typ,-40,1,1,open,1e12,7.49894E-08,7.498940e-08,1.5625,0.704144,7.49878E-08
a_nx1_fs_-40c_rbopen_st1,A,extraction,fs,hbt_typ,-40,1,1,open,1e12,1E-07,1.000000e-07,1.56377,0.709996,9.99984E-08
a_nx1_fs_-40c_rbopen_st1,A,extraction,fs,hbt_typ,-40,1,1,open,1e12,1.33352E-07,1.333520e-07,1.56528,0.715848,1.3335E-07
a_nx1_fs_-40c_rbopen_st1,A,extraction,fs,hbt_typ,-40,1,1,open,1e12,1.77828E-07,1.778280e-07,1.56701,0.721701,1.77826E-07
a_nx1_fs_-40c_rbopen_st1,A,extraction,fs,hbt_typ,-40,1,1,open,1e12,2.37137E-07,2.371370e-07,1.56892,0.727553,2.37135E-07
a_nx1_fs_-40c_rbopen_st1,A,extraction,fs,hbt_typ,-40,1,1,open,1e12,3.16228E-07,3.162280e-07,1.571,0.733406,3.16226E-07
a_nx1_fs_-40c_rbopen_st1,A,extraction,fs,hbt_typ,-40,1,1,open,1e12,4.21697E-07,4.216970e-07,1.57323,0.739259,4.21695E-07
a_nx1_fs_-40c_rbopen_st1,A,extraction,fs,hbt_typ,-40,1,1,open,1e12,5.62341E-07,5.623410e-07,1.5756,0.745113,5.62339E-07
a_nx1_fs_-40c_rbopen_st1,A,extraction,fs,hbt_typ,-40,1,1,open,1e12,7.49894E-07,7.498940e-07,1.57809,0.750967,7.49892E-07
a_nx1_fs_-40c_rbopen_st1,A,extraction,fs,hbt_typ,-40,1,1,open,1e12,1E-06,1.000000e-06,1.5807,0.756823,9.99998E-07
a_nx1_fs_-40c_rbopen_st1,A,extraction,fs,hbt_typ,-40,1,1,open,1e12,1.33352E-06,1.333520e-06,1.58341,0.76268,1.33352E-06
a_nx1_fs_-40c_rbopen_st1,A,extraction,fs,hbt_typ,-40,1,1,open,1e12,1.77828E-06,1.778280e-06,1.58622,0.768539,1.77828E-06
a_nx1_fs_-40c_rbopen_st1,A,extraction,fs,hbt_typ,-40,1,1,open,1e12,2.37137E-06,2.371370e-06,1.58914,0.774401,2.37137E-06
a_nx1_fs_-40c_rbopen_st1,A,extraction,fs,hbt_typ,-40,1,1,open,1e12,3.16228E-06,3.162280e-06,1.59215,0.780267,3.16228E-06
a_nx1_fs_-40c_rbopen_st1,A,extraction,fs,hbt_typ,-40,1,1,open,1e12,4.21697E-06,4.216970e-06,1.59528,0.786138,4.21697E-06
a_nx1_fs_-40c_rbopen_st1,A,extraction,fs,hbt_typ,-40,1,1,open,1e12,5.62341E-06,5.623410e-06,1.59852,0.792016,5.62341E-06
a_nx1_fs_-40c_rbopen_st1,A,extraction,fs,hbt_typ,-40,1,1,open,1e12,7.49894E-06,7.498940e-06,1.6019,0.797904,7.49894E-06
a_nx1_fs_-40c_rbopen_st1,A,extraction,fs,hbt_typ,-40,1,1,open,1e12,1E-05,1.000000e-05,1.60545,0.803805,1E-05
a_nx1_fs_-40c_rbopen_st1,A,extraction,fs,hbt_typ,-40,1,1,open,1e12,1.33352E-05,1.333520e-05,1.6092,0.809723,1.33352E-05
a_nx1_fs_-40c_rbopen_st1,A,extraction,fs,hbt_typ,-40,1,1,open,1e12,1.77828E-05,1.778280e-05,1.61321,0.815665,1.77828E-05
a_nx1_fs_-40c_rbopen_st1,A,extraction,fs,hbt_typ,-40,1,1,open,1e12,2.37137E-05,2.371370e-05,1.61755,0.82164,2.37137E-05
a_nx1_fs_-40c_rbopen_st1,A,extraction,fs,hbt_typ,-40,1,1,open,1e12,3.16228E-05,3.162280e-05,1.62231,0.827659,3.16228E-05
a_nx1_fs_-40c_rbopen_st1,A,extraction,fs,hbt_typ,-40,1,1,open,1e12,4.21697E-05,4.216970e-05,1.62763,0.833737,4.21697E-05
a_nx1_fs_-40c_rbopen_st1,A,extraction,fs,hbt_typ,-40,1,1,open,1e12,5.62341E-05,5.623410e-05,1.63368,0.839894,5.62341E-05
a_nx1_fs_-40c_rbopen_st1,A,extraction,fs,hbt_typ,-40,1,1,open,1e12,7.49894E-05,7.498940e-05,1.64069,0.84616,7.49894E-05
a_nx1_fs_-40c_rbopen_st1,A,extraction,fs,hbt_typ,-40,1,1,open,1e12,0.0001,1.000000e-04,1.64897,0.852571,0.0001
a_nx1_fs_-40c_rbopen_st1,A,extraction,fs,hbt_typ,-40,1,1,open,1e12,0.000133352,1.333520e-04,1.65894,0.859175,0.000133352
a_nx1_fs_-40c_rbopen_st1,A,extraction,fs,hbt_typ,-40,1,1,open,1e12,0.000177828,1.778280e-04,1.67113,0.866036,0.000177828
a_nx1_fs_-40c_rbopen_st1,A,extraction,fs,hbt_typ,-40,1,1,open,1e12,0.000237137,2.371370e-04,1.68626,0.873238,0.000237137
a_nx1_fs_-40c_rbopen_st1,A,extraction,fs,hbt_typ,-40,1,1,open,1e12,0.000316228,3.162280e-04,1.70526,0.880886,0.000316228
a_nx1_fs_-40c_rbopen_st1,A,extraction,fs,hbt_typ,-40,1,1,open,1e12,0.000421697,4.216970e-04,1.72935,0.889114,0.000421697
a_nx1_fs_-40c_rbopen_st1,A,extraction,fs,hbt_typ,-40,1,1,open,1e12,0.000562341,5.623410e-04,1.7601,0.898081,0.000562341
a_nx1_fs_-40c_rbopen_st1,A,extraction,fs,hbt_typ,-40,1,1,open,1e12,0.000749894,7.498940e-04,1.79953,0.907973,0.000749894
a_nx1_fs_-40c_rbopen_st1,A,extraction,fs,hbt_typ,-40,1,1,open,1e12,0.001,1.000000e-03,1.85018,0.91899,0.001
a_nx1_fs_-40c_rbopen_st1,A,extraction,fs,hbt_typ,-40,1,1,open,1e12,0.00133352,1.333520e-03,1.9152,0.931312,0.00133352
a_nx1_fs_-40c_rbopen_st1,A,extraction,fs,hbt_typ,-40,1,1,open,1e12,0.00177828,1.778280e-03,1.99837,0.945038,0.00177828
a_nx1_fs_-40c_rbopen_st1,A,extraction,fs,hbt_typ,-40,1,1,open,1e12,0.00237137,2.371370e-03,2.10394,0.96007,0.00237137
a_nx1_fs_-40c_rbopen_st1,A,extraction,fs,hbt_typ,-40,1,1,open,1e12,0.00316228,3.162280e-03,2.23606,0.975917,0.00316228
a_nx1_fs_-40c_rbopen_st0,A,extraction,fs,hbt_typ,-40,1,0,open,1e12,1E-10,1.000000e-10,1.50521,0.568871,9.84948E-11
a_nx1_fs_-40c_rbopen_st0,A,extraction,fs,hbt_typ,-40,1,0,open,1e12,1.33352E-10,1.333520e-10,1.52448,0.574888,1.31828E-10
a_nx1_fs_-40c_rbopen_st0,A,extraction,fs,hbt_typ,-40,1,0,open,1e12,1.77828E-10,1.778280e-10,1.54111,0.580864,1.76287E-10
a_nx1_fs_-40c_rbopen_st0,A,extraction,fs,hbt_typ,-40,1,0,open,1e12,2.37137E-10,2.371370e-10,1.55469,0.586817,2.35582E-10
a_nx1_fs_-40c_rbopen_st0,A,extraction,fs,hbt_typ,-40,1,0,open,1e12,3.16228E-10,3.162280e-10,1.56495,0.592735,3.14663E-10
a_nx1_fs_-40c_rbopen_st0,A,extraction,fs,hbt_typ,-40,1,0,open,1e12,4.21697E-10,4.216970e-10,1.57209,0.598641,4.20125E-10
a_nx1_fs_-40c_rbopen_st0,A,extraction,fs,hbt_typ,-40,1,0,open,1e12,5.62341E-10,5.623410e-10,1.57643,0.604534,5.60765E-10
a_nx1_fs_-40c_rbopen_st0,A,extraction,fs,hbt_typ,-40,1,0,open,1e12,7.49894E-10,7.498940e-10,1.57843,0.61042,7.48316E-10
a_nx1_fs_-40c_rbopen_st0,A,extraction,fs,hbt_typ,-40,1,0,open,1e12,1E-09,1.000000e-09,1.57864,0.616293,9.98421E-10
a_nx1_fs_-40c_rbopen_st0,A,extraction,fs,hbt_typ,-40,1,0,open,1e12,1.33352E-09,1.333520e-09,1.57756,0.622163,1.33194E-09
a_nx1_fs_-40c_rbopen_st0,A,extraction,fs,hbt_typ,-40,1,0,open,1e12,1.77828E-09,1.778280e-09,1.57565,0.628029,1.7767E-09
a_nx1_fs_-40c_rbopen_st0,A,extraction,fs,hbt_typ,-40,1,0,open,1e12,2.37137E-09,2.371370e-09,1.57328,0.633892,2.3698E-09
a_nx1_fs_-40c_rbopen_st0,A,extraction,fs,hbt_typ,-40,1,0,open,1e12,3.16228E-09,3.162280e-09,1.57076,0.639751,3.16071E-09
a_nx1_fs_-40c_rbopen_st0,A,extraction,fs,hbt_typ,-40,1,0,open,1e12,4.21697E-09,4.216970e-09,1.56829,0.645609,4.2154E-09
a_nx1_fs_-40c_rbopen_st0,A,extraction,fs,hbt_typ,-40,1,0,open,1e12,5.62341E-09,5.623410e-09,1.56605,0.651466,5.62184E-09
a_nx1_fs_-40c_rbopen_st0,A,extraction,fs,hbt_typ,-40,1,0,open,1e12,7.49894E-09,7.498940e-09,1.56412,0.657321,7.49738E-09
a_nx1_fs_-40c_rbopen_st0,A,extraction,fs,hbt_typ,-40,1,0,open,1e12,1E-08,1.000000e-08,1.56257,0.663175,9.99844E-09
a_nx1_fs_-40c_rbopen_st0,A,extraction,fs,hbt_typ,-40,1,0,open,1e12,1.33352E-08,1.333520e-08,1.56142,0.669029,1.33336E-08
a_nx1_fs_-40c_rbopen_st0,A,extraction,fs,hbt_typ,-40,1,0,open,1e12,1.77828E-08,1.778280e-08,1.56068,0.674883,1.77812E-08
a_nx1_fs_-40c_rbopen_st0,A,extraction,fs,hbt_typ,-40,1,0,open,1e12,2.37137E-08,2.371370e-08,1.56034,0.680735,2.37121E-08
a_nx1_fs_-40c_rbopen_st0,A,extraction,fs,hbt_typ,-40,1,0,open,1e12,3.16228E-08,3.162280e-08,1.56038,0.686589,3.16212E-08
a_nx1_fs_-40c_rbopen_st0,A,extraction,fs,hbt_typ,-40,1,0,open,1e12,4.21697E-08,4.216970e-08,1.56078,0.692441,4.21681E-08
a_nx1_fs_-40c_rbopen_st0,A,extraction,fs,hbt_typ,-40,1,0,open,1e12,5.62341E-08,5.623410e-08,1.56149,0.698293,5.62325E-08
a_nx1_fs_-40c_rbopen_st0,A,extraction,fs,hbt_typ,-40,1,0,open,1e12,7.49894E-08,7.498940e-08,1.5625,0.704146,7.49878E-08
a_nx1_fs_-40c_rbopen_st0,A,extraction,fs,hbt_typ,-40,1,0,open,1e12,1E-07,1.000000e-07,1.56377,0.709999,9.99984E-08
a_nx1_fs_-40c_rbopen_st0,A,extraction,fs,hbt_typ,-40,1,0,open,1e12,1.33352E-07,1.333520e-07,1.56529,0.715852,1.3335E-07
a_nx1_fs_-40c_rbopen_st0,A,extraction,fs,hbt_typ,-40,1,0,open,1e12,1.77828E-07,1.778280e-07,1.56701,0.721705,1.77826E-07
a_nx1_fs_-40c_rbopen_st0,A,extraction,fs,hbt_typ,-40,1,0,open,1e12,2.37137E-07,2.371370e-07,1.56892,0.727559,2.37135E-07
a_nx1_fs_-40c_rbopen_st0,A,extraction,fs,hbt_typ,-40,1,0,open,1e12,3.16228E-07,3.162280e-07,1.571,0.733414,3.16226E-07
a_nx1_fs_-40c_rbopen_st0,A,extraction,fs,hbt_typ,-40,1,0,open,1e12,4.21697E-07,4.216970e-07,1.57324,0.73927,4.21695E-07
a_nx1_fs_-40c_rbopen_st0,A,extraction,fs,hbt_typ,-40,1,0,open,1e12,5.62341E-07,5.623410e-07,1.57561,0.745127,5.62339E-07
a_nx1_fs_-40c_rbopen_st0,A,extraction,fs,hbt_typ,-40,1,0,open,1e12,7.49894E-07,7.498940e-07,1.5781,0.750986,7.49892E-07
a_nx1_fs_-40c_rbopen_st0,A,extraction,fs,hbt_typ,-40,1,0,open,1e12,1E-06,1.000000e-06,1.58071,0.756848,9.99998E-07
a_nx1_fs_-40c_rbopen_st0,A,extraction,fs,hbt_typ,-40,1,0,open,1e12,1.33352E-06,1.333520e-06,1.58342,0.762712,1.33352E-06
a_nx1_fs_-40c_rbopen_st0,A,extraction,fs,hbt_typ,-40,1,0,open,1e12,1.77828E-06,1.778280e-06,1.58624,0.768582,1.77828E-06
a_nx1_fs_-40c_rbopen_st0,A,extraction,fs,hbt_typ,-40,1,0,open,1e12,2.37137E-06,2.371370e-06,1.58915,0.774457,2.37137E-06
a_nx1_fs_-40c_rbopen_st0,A,extraction,fs,hbt_typ,-40,1,0,open,1e12,3.16228E-06,3.162280e-06,1.59217,0.78034,3.16228E-06
a_nx1_fs_-40c_rbopen_st0,A,extraction,fs,hbt_typ,-40,1,0,open,1e12,4.21697E-06,4.216970e-06,1.5953,0.786233,4.21697E-06
a_nx1_fs_-40c_rbopen_st0,A,extraction,fs,hbt_typ,-40,1,0,open,1e12,5.62341E-06,5.623410e-06,1.59855,0.792141,5.62341E-06
a_nx1_fs_-40c_rbopen_st0,A,extraction,fs,hbt_typ,-40,1,0,open,1e12,7.49894E-06,7.498940e-06,1.60194,0.798067,7.49894E-06
a_nx1_fs_-40c_rbopen_st0,A,extraction,fs,hbt_typ,-40,1,0,open,1e12,1E-05,1.000000e-05,1.6055,0.804017,1E-05
a_nx1_fs_-40c_rbopen_st0,A,extraction,fs,hbt_typ,-40,1,0,open,1e12,1.33352E-05,1.333520e-05,1.60926,0.810001,1.33352E-05
a_nx1_fs_-40c_rbopen_st0,A,extraction,fs,hbt_typ,-40,1,0,open,1e12,1.77828E-05,1.778280e-05,1.61328,0.816028,1.77828E-05
a_nx1_fs_-40c_rbopen_st0,A,extraction,fs,hbt_typ,-40,1,0,open,1e12,2.37137E-05,2.371370e-05,1.61762,0.822113,2.37137E-05
a_nx1_fs_-40c_rbopen_st0,A,extraction,fs,hbt_typ,-40,1,0,open,1e12,3.16228E-05,3.162280e-05,1.62239,0.828277,3.16228E-05
a_nx1_fs_-40c_rbopen_st0,A,extraction,fs,hbt_typ,-40,1,0,open,1e12,4.21697E-05,4.216970e-05,1.62771,0.834544,4.21697E-05
a_nx1_fs_-40c_rbopen_st0,A,extraction,fs,hbt_typ,-40,1,0,open,1e12,5.62341E-05,5.623410e-05,1.63374,0.840948,5.62341E-05
a_nx1_fs_-40c_rbopen_st0,A,extraction,fs,hbt_typ,-40,1,0,open,1e12,7.49894E-05,7.498940e-05,1.64073,0.847536,7.49894E-05
a_nx1_fs_-40c_rbopen_st0,A,extraction,fs,hbt_typ,-40,1,0,open,1e12,0.0001,1.000000e-04,1.64898,0.854367,0.0001
a_nx1_fs_-40c_rbopen_st0,A,extraction,fs,hbt_typ,-40,1,0,open,1e12,0.000133352,1.333520e-04,1.65887,0.861522,0.000133352
a_nx1_fs_-40c_rbopen_st0,A,extraction,fs,hbt_typ,-40,1,0,open,1e12,0.000177828,1.778280e-04,1.67094,0.869106,0.000177828
a_nx1_fs_-40c_rbopen_st0,A,extraction,fs,hbt_typ,-40,1,0,open,1e12,0.000237137,2.371370e-04,1.68588,0.877259,0.000237137
a_nx1_fs_-40c_rbopen_st0,A,extraction,fs,hbt_typ,-40,1,0,open,1e12,0.000316228,3.162280e-04,1.70459,0.886167,0.000316228
a_nx1_fs_-40c_rbopen_st0,A,extraction,fs,hbt_typ,-40,1,0,open,1e12,0.000421697,4.216970e-04,1.72827,0.896069,0.000421697
a_nx1_fs_-40c_rbopen_st0,A,extraction,fs,hbt_typ,-40,1,0,open,1e12,0.000562341,5.623410e-04,1.75844,0.907285,0.000562341
a_nx1_fs_-40c_rbopen_st0,A,extraction,fs,hbt_typ,-40,1,0,open,1e12,0.000749894,7.498940e-04,1.7971,0.920228,0.000749894
a_nx1_fs_-40c_rbopen_st0,A,extraction,fs,hbt_typ,-40,1,0,open,1e12,0.001,1.000000e-03,1.84684,0.935441,0.001
a_nx1_fs_-40c_rbopen_st0,A,extraction,fs,hbt_typ,-40,1,0,open,1e12,0.00133352,1.333520e-03,1.91101,0.953627,0.00133352
a_nx1_fs_-40c_rbopen_st0,A,extraction,fs,hbt_typ,-40,1,0,open,1e12,0.00177828,1.778280e-03,1.99405,0.97571,0.00177828
a_nx1_fs_-40c_rbopen_st0,A,extraction,fs,hbt_typ,-40,1,0,open,1e12,0.00237137,2.371370e-03,2.10197,1.00289,0.00237137
a_nx1_fs_-40c_rbopen_st0,A,extraction,fs,hbt_typ,-40,1,0,open,1e12,0.00316228,3.162280e-03,2.24333,1.03676,0.00316228
a_nx8_fs_-40c_rbopen_st1,A,extraction,fs,hbt_typ,-40,8,1,open,1e12,8E-10,1.000000e-10,1.6341,0.56944,7.98366E-10
a_nx8_fs_-40c_rbopen_st1,A,extraction,fs,hbt_typ,-40,8,1,open,1e12,1.06682E-09,1.333525e-10,1.63071,0.575316,1.06519E-09
a_nx8_fs_-40c_rbopen_st1,A,extraction,fs,hbt_typ,-40,8,1,open,1e12,1.42262E-09,1.778275e-10,1.62565,0.581188,1.42099E-09
a_nx8_fs_-40c_rbopen_st1,A,extraction,fs,hbt_typ,-40,8,1,open,1e12,1.8971E-09,2.371375e-10,1.61953,0.587055,1.89548E-09
a_nx8_fs_-40c_rbopen_st1,A,extraction,fs,hbt_typ,-40,8,1,open,1e12,2.52982E-09,3.162275e-10,1.61284,0.592919,2.52821E-09
a_nx8_fs_-40c_rbopen_st1,A,extraction,fs,hbt_typ,-40,8,1,open,1e12,3.37357E-09,4.216962e-10,1.60596,0.59878,3.37196E-09
a_nx8_fs_-40c_rbopen_st1,A,extraction,fs,hbt_typ,-40,8,1,open,1e12,4.49873E-09,5.623413e-10,1.59918,0.60464,4.49713E-09
a_nx8_fs_-40c_rbopen_st1,A,extraction,fs,hbt_typ,-40,8,1,open,1e12,5.99915E-09,7.498938e-10,1.59271,0.610497,5.99756E-09
a_nx8_fs_-40c_rbopen_st1,A,extraction,fs,hbt_typ,-40,8,1,open,1e12,8E-09,1.000000e-09,1.58669,0.616354,7.99841E-09
a_nx8_fs_-40c_rbopen_st1,A,extraction,fs,hbt_typ,-40,8,1,open,1e12,1.06682E-08,1.333525e-09,1.58122,0.622209,1.06666E-08
a_nx8_fs_-40c_rbopen_st1,A,extraction,fs,hbt_typ,-40,8,1,open,1e12,1.42262E-08,1.778275e-09,1.57635,0.628064,1.42246E-08
a_nx8_fs_-40c_rbopen_st1,A,extraction,fs,hbt_typ,-40,8,1,open,1e12,1.8971E-08,2.371375e-09,1.57211,0.633918,1.89694E-08
a_nx8_fs_-40c_rbopen_st1,A,extraction,fs,hbt_typ,-40,8,1,open,1e12,2.52982E-08,3.162275e-09,1.56849,0.639771,2.52966E-08
a_nx8_fs_-40c_rbopen_st1,A,extraction,fs,hbt_typ,-40,8,1,open,1e12,3.37357E-08,4.216963e-09,1.56549,0.645624,3.37341E-08
a_nx8_fs_-40c_rbopen_st1,A,extraction,fs,hbt_typ,-40,8,1,open,1e12,4.49873E-08,5.623413e-09,1.56307,0.651477,4.49857E-08
a_nx8_fs_-40c_rbopen_st1,A,extraction,fs,hbt_typ,-40,8,1,open,1e12,5.99915E-08,7.498937e-09,1.56121,0.657329,5.99899E-08
a_nx8_fs_-40c_rbopen_st1,A,extraction,fs,hbt_typ,-40,8,1,open,1e12,8E-08,1.000000e-08,1.55986,0.663182,7.99984E-08
a_nx8_fs_-40c_rbopen_st1,A,extraction,fs,hbt_typ,-40,8,1,open,1e12,1.06682E-07,1.333525e-08,1.55899,0.669034,1.0668E-07
a_nx8_fs_-40c_rbopen_st1,A,extraction,fs,hbt_typ,-40,8,1,open,1e12,1.42262E-07,1.778275e-08,1.55855,0.674886,1.4226E-07
a_nx8_fs_-40c_rbopen_st1,A,extraction,fs,hbt_typ,-40,8,1,open,1e12,1.8971E-07,2.371375e-08,1.55851,0.680737,1.89708E-07
a_nx8_fs_-40c_rbopen_st1,A,extraction,fs,hbt_typ,-40,8,1,open,1e12,2.52982E-07,3.162275e-08,1.55883,0.686589,2.5298E-07
a_nx8_fs_-40c_rbopen_st1,A,extraction,fs,hbt_typ,-40,8,1,open,1e12,3.37357E-07,4.216963e-08,1.55948,0.692441,3.37355E-07
a_nx8_fs_-40c_rbopen_st1,A,extraction,fs,hbt_typ,-40,8,1,open,1e12,4.49873E-07,5.623413e-08,1.56042,0.698293,4.49871E-07
a_nx8_fs_-40c_rbopen_st1,A,extraction,fs,hbt_typ,-40,8,1,open,1e12,5.99915E-07,7.498937e-08,1.56162,0.704144,5.99913E-07
a_nx8_fs_-40c_rbopen_st1,A,extraction,fs,hbt_typ,-40,8,1,open,1e12,8E-07,1.000000e-07,1.56305,0.709996,7.99998E-07
a_nx8_fs_-40c_rbopen_st1,A,extraction,fs,hbt_typ,-40,8,1,open,1e12,1.06682E-06,1.333525e-07,1.5647,0.715848,1.06682E-06
a_nx8_fs_-40c_rbopen_st1,A,extraction,fs,hbt_typ,-40,8,1,open,1e12,1.42262E-06,1.778275e-07,1.56653,0.7217,1.42262E-06
a_nx8_fs_-40c_rbopen_st1,A,extraction,fs,hbt_typ,-40,8,1,open,1e12,1.8971E-06,2.371375e-07,1.56854,0.727552,1.8971E-06
a_nx8_fs_-40c_rbopen_st1,A,extraction,fs,hbt_typ,-40,8,1,open,1e12,2.52982E-06,3.162275e-07,1.5707,0.733404,2.52982E-06
a_nx8_fs_-40c_rbopen_st1,A,extraction,fs,hbt_typ,-40,8,1,open,1e12,3.37357E-06,4.216963e-07,1.57299,0.739257,3.37357E-06
a_nx8_fs_-40c_rbopen_st1,A,extraction,fs,hbt_typ,-40,8,1,open,1e12,4.49873E-06,5.623413e-07,1.57541,0.74511,4.49873E-06
a_nx8_fs_-40c_rbopen_st1,A,extraction,fs,hbt_typ,-40,8,1,open,1e12,5.99915E-06,7.498937e-07,1.57794,0.750963,5.99915E-06
a_nx8_fs_-40c_rbopen_st1,A,extraction,fs,hbt_typ,-40,8,1,open,1e12,8E-06,1.000000e-06,1.58058,0.756817,8E-06
a_nx8_fs_-40c_rbopen_st1,A,extraction,fs,hbt_typ,-40,8,1,open,1e12,1.06682E-05,1.333525e-06,1.58331,0.762673,1.06682E-05
a_nx8_fs_-40c_rbopen_st1,A,extraction,fs,hbt_typ,-40,8,1,open,1e12,1.42262E-05,1.778275e-06,1.58614,0.76853,1.42262E-05
a_nx8_fs_-40c_rbopen_st1,A,extraction,fs,hbt_typ,-40,8,1,open,1e12,1.8971E-05,2.371375e-06,1.58907,0.774389,1.8971E-05
a_nx8_fs_-40c_rbopen_st1,A,extraction,fs,hbt_typ,-40,8,1,open,1e12,2.52982E-05,3.162275e-06,1.5921,0.780251,2.52982E-05
a_nx8_fs_-40c_rbopen_st1,A,extraction,fs,hbt_typ,-40,8,1,open,1e12,3.37357E-05,4.216963e-06,1.59523,0.786116,3.37357E-05
a_nx8_fs_-40c_rbopen_st1,A,extraction,fs,hbt_typ,-40,8,1,open,1e12,4.49873E-05,5.623413e-06,1.59848,0.791988,4.49873E-05
a_nx8_fs_-40c_rbopen_st1,A,extraction,fs,hbt_typ,-40,8,1,open,1e12,5.99915E-05,7.498938e-06,1.60187,0.797867,5.99915E-05
a_nx8_fs_-40c_rbopen_st1,A,extraction,fs,hbt_typ,-40,8,1,open,1e12,8E-05,1.000000e-05,1.60542,0.803756,8E-05
a_nx8_fs_-40c_rbopen_st1,A,extraction,fs,hbt_typ,-40,8,1,open,1e12,0.000106682,1.333525e-05,1.60918,0.809659,0.000106682
a_nx8_fs_-40c_rbopen_st1,A,extraction,fs,hbt_typ,-40,8,1,open,1e12,0.000142262,1.778275e-05,1.61319,0.815581,0.000142262
a_nx8_fs_-40c_rbopen_st1,A,extraction,fs,hbt_typ,-40,8,1,open,1e12,0.00018971,2.371375e-05,1.61752,0.821531,0.00018971
a_nx8_fs_-40c_rbopen_st1,A,extraction,fs,hbt_typ,-40,8,1,open,1e12,0.000252982,3.162275e-05,1.62229,0.827516,0.000252982
a_nx8_fs_-40c_rbopen_st1,A,extraction,fs,hbt_typ,-40,8,1,open,1e12,0.000337357,4.216962e-05,1.62761,0.83355,0.000337357
a_nx8_fs_-40c_rbopen_st1,A,extraction,fs,hbt_typ,-40,8,1,open,1e12,0.000449873,5.623412e-05,1.63365,0.839651,0.000449873
a_nx8_fs_-40c_rbopen_st1,A,extraction,fs,hbt_typ,-40,8,1,open,1e12,0.000599915,7.498938e-05,1.64067,0.845842,0.000599915
a_nx8_fs_-40c_rbopen_st1,A,extraction,fs,hbt_typ,-40,8,1,open,1e12,0.0008,1.000000e-04,1.64896,0.852155,0.0008
a_nx8_fs_-40c_rbopen_st1,A,extraction,fs,hbt_typ,-40,8,1,open,1e12,0.00106682,1.333525e-04,1.65894,0.858631,0.00106682
a_nx8_fs_-40c_rbopen_st1,A,extraction,fs,hbt_typ,-40,8,1,open,1e12,0.00142262,1.778275e-04,1.67114,0.865325,0.00142262
a_nx8_fs_-40c_rbopen_st1,A,extraction,fs,hbt_typ,-40,8,1,open,1e12,0.0018971,2.371375e-04,1.68629,0.872305,0.0018971
a_nx8_fs_-40c_rbopen_st1,A,extraction,fs,hbt_typ,-40,8,1,open,1e12,0.00252982,3.162275e-04,1.70532,0.87966,0.00252982
a_nx8_fs_-40c_rbopen_st1,A,extraction,fs,hbt_typ,-40,8,1,open,1e12,0.00337357,4.216963e-04,1.72944,0.887495,0.00337357
a_nx8_fs_-40c_rbopen_st1,A,extraction,fs,hbt_typ,-40,8,1,open,1e12,0.00449873,5.623413e-04,1.7602,0.895935,0.00449873
a_nx8_fs_-40c_rbopen_st1,A,extraction,fs,hbt_typ,-40,8,1,open,1e12,0.00599915,7.498937e-04,1.79958,0.905111,0.00599915
a_nx8_fs_-40c_rbopen_st1,A,extraction,fs,hbt_typ,-40,8,1,open,1e12,0.008,1.000000e-03,1.85002,0.91514,0.008
a_nx8_fs_-40c_rbopen_st1,A,extraction,fs,hbt_typ,-40,8,1,open,1e12,0.0106682,1.333525e-03,1.91447,0.926084,0.0106682
a_nx8_fs_-40c_rbopen_st1,A,extraction,fs,hbt_typ,-40,8,1,open,1e12,0.0142262,1.778275e-03,1.99626,0.93786,0.0142262
a_nx8_fs_-40c_rbopen_st1,A,extraction,fs,hbt_typ,-40,8,1,open,1e12,0.018971,2.371375e-03,2.09881,0.950112,0.018971
a_nx8_fs_-40c_rbopen_st1,A,extraction,fs,hbt_typ,-40,8,1,open,1e12,0.0252982,3.162275e-03,2.2247,0.961989,0.0252982
a_nx8_fs_-40c_rbopen_st0,A,extraction,fs,hbt_typ,-40,8,0,open,1e12,8E-10,1.000000e-10,1.6341,0.56944,7.98366E-10
a_nx8_fs_-40c_rbopen_st0,A,extraction,fs,hbt_typ,-40,8,0,open,1e12,1.06682E-09,1.333525e-10,1.63071,0.575316,1.06519E-09
a_nx8_fs_-40c_rbopen_st0,A,extraction,fs,hbt_typ,-40,8,0,open,1e12,1.42262E-09,1.778275e-10,1.62565,0.581188,1.42099E-09
a_nx8_fs_-40c_rbopen_st0,A,extraction,fs,hbt_typ,-40,8,0,open,1e12,1.8971E-09,2.371375e-10,1.61953,0.587055,1.89548E-09
a_nx8_fs_-40c_rbopen_st0,A,extraction,fs,hbt_typ,-40,8,0,open,1e12,2.52982E-09,3.162275e-10,1.61283,0.59292,2.52821E-09
a_nx8_fs_-40c_rbopen_st0,A,extraction,fs,hbt_typ,-40,8,0,open,1e12,3.37357E-09,4.216962e-10,1.60596,0.59878,3.37196E-09
a_nx8_fs_-40c_rbopen_st0,A,extraction,fs,hbt_typ,-40,8,0,open,1e12,4.49873E-09,5.623413e-10,1.59918,0.60464,4.49713E-09
a_nx8_fs_-40c_rbopen_st0,A,extraction,fs,hbt_typ,-40,8,0,open,1e12,5.99915E-09,7.498938e-10,1.59271,0.610497,5.99756E-09
a_nx8_fs_-40c_rbopen_st0,A,extraction,fs,hbt_typ,-40,8,0,open,1e12,8E-09,1.000000e-09,1.58669,0.616354,7.99841E-09
a_nx8_fs_-40c_rbopen_st0,A,extraction,fs,hbt_typ,-40,8,0,open,1e12,1.06682E-08,1.333525e-09,1.58122,0.622209,1.06666E-08
a_nx8_fs_-40c_rbopen_st0,A,extraction,fs,hbt_typ,-40,8,0,open,1e12,1.42262E-08,1.778275e-09,1.57635,0.628064,1.42246E-08
a_nx8_fs_-40c_rbopen_st0,A,extraction,fs,hbt_typ,-40,8,0,open,1e12,1.8971E-08,2.371375e-09,1.57211,0.633918,1.89694E-08
a_nx8_fs_-40c_rbopen_st0,A,extraction,fs,hbt_typ,-40,8,0,open,1e12,2.52982E-08,3.162275e-09,1.5685,0.639778,2.52966E-08
a_nx8_fs_-40c_rbopen_st0,A,extraction,fs,hbt_typ,-40,8,0,open,1e12,3.37357E-08,4.216963e-09,1.56549,0.645624,3.37341E-08
a_nx8_fs_-40c_rbopen_st0,A,extraction,fs,hbt_typ,-40,8,0,open,1e12,4.49873E-08,5.623413e-09,1.56307,0.651477,4.49857E-08
a_nx8_fs_-40c_rbopen_st0,A,extraction,fs,hbt_typ,-40,8,0,open,1e12,5.99915E-08,7.498937e-09,1.56121,0.65733,5.99899E-08
a_nx8_fs_-40c_rbopen_st0,A,extraction,fs,hbt_typ,-40,8,0,open,1e12,8E-08,1.000000e-08,1.55986,0.663182,7.99984E-08
a_nx8_fs_-40c_rbopen_st0,A,extraction,fs,hbt_typ,-40,8,0,open,1e12,1.06682E-07,1.333525e-08,1.55899,0.669034,1.0668E-07
a_nx8_fs_-40c_rbopen_st0,A,extraction,fs,hbt_typ,-40,8,0,open,1e12,1.42262E-07,1.778275e-08,1.55855,0.674886,1.4226E-07
a_nx8_fs_-40c_rbopen_st0,A,extraction,fs,hbt_typ,-40,8,0,open,1e12,1.8971E-07,2.371375e-08,1.55851,0.680738,1.89708E-07
a_nx8_fs_-40c_rbopen_st0,A,extraction,fs,hbt_typ,-40,8,0,open,1e12,2.52982E-07,3.162275e-08,1.55883,0.68659,2.5298E-07
a_nx8_fs_-40c_rbopen_st0,A,extraction,fs,hbt_typ,-40,8,0,open,1e12,3.37357E-07,4.216963e-08,1.55948,0.692443,3.37355E-07
a_nx8_fs_-40c_rbopen_st0,A,extraction,fs,hbt_typ,-40,8,0,open,1e12,4.49873E-07,5.623413e-08,1.56042,0.698295,4.49871E-07
a_nx8_fs_-40c_rbopen_st0,A,extraction,fs,hbt_typ,-40,8,0,open,1e12,5.99915E-07,7.498937e-08,1.56162,0.704147,5.99913E-07
a_nx8_fs_-40c_rbopen_st0,A,extraction,fs,hbt_typ,-40,8,0,open,1e12,8E-07,1.000000e-07,1.56305,0.71,7.99998E-07
a_nx8_fs_-40c_rbopen_st0,A,extraction,fs,hbt_typ,-40,8,0,open,1e12,1.06682E-06,1.333525e-07,1.5647,0.715853,1.06682E-06
a_nx8_fs_-40c_rbopen_st0,A,extraction,fs,hbt_typ,-40,8,0,open,1e12,1.42262E-06,1.778275e-07,1.56654,0.721706,1.42262E-06
a_nx8_fs_-40c_rbopen_st0,A,extraction,fs,hbt_typ,-40,8,0,open,1e12,1.8971E-06,2.371375e-07,1.56854,0.72756,1.8971E-06
a_nx8_fs_-40c_rbopen_st0,A,extraction,fs,hbt_typ,-40,8,0,open,1e12,2.52982E-06,3.162275e-07,1.5707,0.733414,2.52982E-06
a_nx8_fs_-40c_rbopen_st0,A,extraction,fs,hbt_typ,-40,8,0,open,1e12,3.37357E-06,4.216963e-07,1.57299,0.73927,3.37357E-06
a_nx8_fs_-40c_rbopen_st0,A,extraction,fs,hbt_typ,-40,8,0,open,1e12,4.49873E-06,5.623413e-07,1.57541,0.745127,4.49873E-06
a_nx8_fs_-40c_rbopen_st0,A,extraction,fs,hbt_typ,-40,8,0,open,1e12,5.99915E-06,7.498937e-07,1.57795,0.750986,5.99915E-06
a_nx8_fs_-40c_rbopen_st0,A,extraction,fs,hbt_typ,-40,8,0,open,1e12,8E-06,1.000000e-06,1.58059,0.756848,8E-06
a_nx8_fs_-40c_rbopen_st0,A,extraction,fs,hbt_typ,-40,8,0,open,1e12,1.06682E-05,1.333525e-06,1.58333,0.762713,1.06682E-05
a_nx8_fs_-40c_rbopen_st0,A,extraction,fs,hbt_typ,-40,8,0,open,1e12,1.42262E-05,1.778275e-06,1.58616,0.768582,1.42262E-05
a_nx8_fs_-40c_rbopen_st0,A,extraction,fs,hbt_typ,-40,8,0,open,1e12,1.8971E-05,2.371375e-06,1.5891,0.774457,1.8971E-05
a_nx8_fs_-40c_rbopen_st0,A,extraction,fs,hbt_typ,-40,8,0,open,1e12,2.52982E-05,3.162275e-06,1.59213,0.78034,2.52982E-05
a_nx8_fs_-40c_rbopen_st0,A,extraction,fs,hbt_typ,-40,8,0,open,1e12,3.37357E-05,4.216963e-06,1.59527,0.786233,3.37357E-05
a_nx8_fs_-40c_rbopen_st0,A,extraction,fs,hbt_typ,-40,8,0,open,1e12,4.49873E-05,5.623413e-06,1.59853,0.792141,4.49873E-05
a_nx8_fs_-40c_rbopen_st0,A,extraction,fs,hbt_typ,-40,8,0,open,1e12,5.99915E-05,7.498938e-06,1.60192,0.798067,5.99915E-05
a_nx8_fs_-40c_rbopen_st0,A,extraction,fs,hbt_typ,-40,8,0,open,1e12,8E-05,1.000000e-05,1.60548,0.804017,8E-05
a_nx8_fs_-40c_rbopen_st0,A,extraction,fs,hbt_typ,-40,8,0,open,1e12,0.000106682,1.333525e-05,1.60925,0.810001,0.000106682
a_nx8_fs_-40c_rbopen_st0,A,extraction,fs,hbt_typ,-40,8,0,open,1e12,0.000142262,1.778275e-05,1.61327,0.816028,0.000142262
a_nx8_fs_-40c_rbopen_st0,A,extraction,fs,hbt_typ,-40,8,0,open,1e12,0.00018971,2.371375e-05,1.61761,0.822113,0.00018971
a_nx8_fs_-40c_rbopen_st0,A,extraction,fs,hbt_typ,-40,8,0,open,1e12,0.000252982,3.162275e-05,1.62238,0.828277,0.000252982
a_nx8_fs_-40c_rbopen_st0,A,extraction,fs,hbt_typ,-40,8,0,open,1e12,0.000337357,4.216962e-05,1.6277,0.834543,0.000337357
a_nx8_fs_-40c_rbopen_st0,A,extraction,fs,hbt_typ,-40,8,0,open,1e12,0.000449873,5.623412e-05,1.63374,0.840948,0.000449873
a_nx8_fs_-40c_rbopen_st0,A,extraction,fs,hbt_typ,-40,8,0,open,1e12,0.000599915,7.498938e-05,1.64073,0.847536,0.000599915
a_nx8_fs_-40c_rbopen_st0,A,extraction,fs,hbt_typ,-40,8,0,open,1e12,0.0008,1.000000e-04,1.64897,0.854367,0.0008
a_nx8_fs_-40c_rbopen_st0,A,extraction,fs,hbt_typ,-40,8,0,open,1e12,0.00106682,1.333525e-04,1.65887,0.861522,0.00106682
a_nx8_fs_-40c_rbopen_st0,A,extraction,fs,hbt_typ,-40,8,0,open,1e12,0.00142262,1.778275e-04,1.67093,0.869106,0.00142262
a_nx8_fs_-40c_rbopen_st0,A,extraction,fs,hbt_typ,-40,8,0,open,1e12,0.0018971,2.371375e-04,1.68587,0.877259,0.0018971
a_nx8_fs_-40c_rbopen_st0,A,extraction,fs,hbt_typ,-40,8,0,open,1e12,0.00252982,3.162275e-04,1.70459,0.886166,0.00252982
a_nx8_fs_-40c_rbopen_st0,A,extraction,fs,hbt_typ,-40,8,0,open,1e12,0.00337357,4.216963e-04,1.72827,0.896069,0.00337357
a_nx8_fs_-40c_rbopen_st0,A,extraction,fs,hbt_typ,-40,8,0,open,1e12,0.00449873,5.623413e-04,1.75844,0.907285,0.00449873
a_nx8_fs_-40c_rbopen_st0,A,extraction,fs,hbt_typ,-40,8,0,open,1e12,0.00599915,7.498937e-04,1.7971,0.920228,0.00599915
a_nx8_fs_-40c_rbopen_st0,A,extraction,fs,hbt_typ,-40,8,0,open,1e12,0.008,1.000000e-03,1.84684,0.935441,0.008
a_nx8_fs_-40c_rbopen_st0,A,extraction,fs,hbt_typ,-40,8,0,open,1e12,0.0106682,1.333525e-03,1.91101,0.953628,0.0106682
a_nx8_fs_-40c_rbopen_st0,A,extraction,fs,hbt_typ,-40,8,0,open,1e12,0.0142262,1.778275e-03,1.99405,0.975709,0.0142262
a_nx8_fs_-40c_rbopen_st0,A,extraction,fs,hbt_typ,-40,8,0,open,1e12,0.018971,2.371375e-03,2.10197,1.00289,0.018971
a_nx8_fs_-40c_rbopen_st0,A,extraction,fs,hbt_typ,-40,8,0,open,1e12,0.0252982,3.162275e-03,2.24333,1.03676,0.0252982
a_nx1_fs_27c_rbopen_st1,A,extraction,fs,hbt_typ,27,1,1,open,1e12,1E-10,1.000000e-10,1.26574,0.420696,9.87323E-11
a_nx1_fs_27c_rbopen_st1,A,extraction,fs,hbt_typ,27,1,1,open,1e12,1.33352E-10,1.333520e-10,1.31048,0.428478,1.3204E-10
a_nx1_fs_27c_rbopen_st1,A,extraction,fs,hbt_typ,27,1,1,open,1e12,1.77828E-10,1.778280e-10,1.35144,0.436223,1.76475E-10
a_nx1_fs_27c_rbopen_st1,A,extraction,fs,hbt_typ,27,1,1,open,1e12,2.37137E-10,2.371370e-10,1.3869,0.44394,2.35748E-10
a_nx1_fs_27c_rbopen_st1,A,extraction,fs,hbt_typ,27,1,1,open,1e12,3.16228E-10,3.162280e-10,1.41607,0.451635,3.1481E-10
a_nx1_fs_27c_rbopen_st1,A,extraction,fs,hbt_typ,27,1,1,open,1e12,4.21697E-10,4.216970e-10,1.43904,0.459313,4.20256E-10
a_nx1_fs_27c_rbopen_st1,A,extraction,fs,hbt_typ,27,1,1,open,1e12,5.62341E-10,5.623410e-10,1.45648,0.466977,5.60883E-10
a_nx1_fs_27c_rbopen_st1,A,extraction,fs,hbt_typ,27,1,1,open,1e12,7.49894E-10,7.498940e-10,1.46936,0.474631,7.48423E-10
a_nx1_fs_27c_rbopen_st1,A,extraction,fs,hbt_typ,27,1,1,open,1e12,1E-09,1.000000e-09,1.47866,0.482278,9.98519E-10
a_nx1_fs_27c_rbopen_st1,A,extraction,fs,hbt_typ,27,1,1,open,1e12,1.33352E-09,1.333520e-09,1.48528,0.489918,1.33203E-09
a_nx1_fs_27c_rbopen_st1,A,extraction,fs,hbt_typ,27,1,1,open,1e12,1.77828E-09,1.778280e-09,1.48996,0.497553,1.77679E-09
a_nx1_fs_27c_rbopen_st1,A,extraction,fs,hbt_typ,27,1,1,open,1e12,2.37137E-09,2.371370e-09,1.49332,0.505184,2.36987E-09
a_nx1_fs_27c_rbopen_st1,A,extraction,fs,hbt_typ,27,1,1,open,1e12,3.16228E-09,3.162280e-09,1.49582,0.512813,3.16078E-09
a_nx1_fs_27c_rbopen_st1,A,extraction,fs,hbt_typ,27,1,1,open,1e12,4.21697E-09,4.216970e-09,1.49782,0.520439,4.21547E-09
a_nx1_fs_27c_rbopen_st1,A,extraction,fs,hbt_typ,27,1,1,open,1e12,5.62341E-09,5.623410e-09,1.49957,0.528063,5.62191E-09
a_nx1_fs_27c_rbopen_st1,A,extraction,fs,hbt_typ,27,1,1,open,1e12,7.49894E-09,7.498940e-09,1.50127,0.535686,7.49744E-09
a_nx1_fs_27c_rbopen_st1,A,extraction,fs,hbt_typ,27,1,1,open,1e12,1E-08,1.000000e-08,1.50304,0.543308,9.99849E-09
a_nx1_fs_27c_rbopen_st1,A,extraction,fs,hbt_typ,27,1,1,open,1e12,1.33352E-08,1.333520e-08,1.50497,0.55093,1.33337E-08
a_nx1_fs_27c_rbopen_st1,A,extraction,fs,hbt_typ,27,1,1,open,1e12,1.77828E-08,1.778280e-08,1.50711,0.55855,1.77813E-08
a_nx1_fs_27c_rbopen_st1,A,extraction,fs,hbt_typ,27,1,1,open,1e12,2.37137E-08,2.371370e-08,1.5095,0.56617,2.37122E-08
a_nx1_fs_27c_rbopen_st1,A,extraction,fs,hbt_typ,27,1,1,open,1e12,3.16228E-08,3.162280e-08,1.51215,0.57379,3.16213E-08
a_nx1_fs_27c_rbopen_st1,A,extraction,fs,hbt_typ,27,1,1,open,1e12,4.21697E-08,4.216970e-08,1.51505,0.58141,4.21682E-08
a_nx1_fs_27c_rbopen_st1,A,extraction,fs,hbt_typ,27,1,1,open,1e12,5.62341E-08,5.623410e-08,1.5182,0.589029,5.62326E-08
a_nx1_fs_27c_rbopen_st1,A,extraction,fs,hbt_typ,27,1,1,open,1e12,7.49894E-08,7.498940e-08,1.52159,0.596648,7.49879E-08
a_nx1_fs_27c_rbopen_st1,A,extraction,fs,hbt_typ,27,1,1,open,1e12,1E-07,1.000000e-07,1.5252,0.604267,9.99985E-08
a_nx1_fs_27c_rbopen_st1,A,extraction,fs,hbt_typ,27,1,1,open,1e12,1.33352E-07,1.333520e-07,1.52902,0.611886,1.3335E-07
a_nx1_fs_27c_rbopen_st1,A,extraction,fs,hbt_typ,27,1,1,open,1e12,1.77828E-07,1.778280e-07,1.53303,0.619505,1.77826E-07
a_nx1_fs_27c_rbopen_st1,A,extraction,fs,hbt_typ,27,1,1,open,1e12,2.37137E-07,2.371370e-07,1.53721,0.627125,2.37135E-07
a_nx1_fs_27c_rbopen_st1,A,extraction,fs,hbt_typ,27,1,1,open,1e12,3.16228E-07,3.162280e-07,1.54156,0.634744,3.16226E-07
a_nx1_fs_27c_rbopen_st1,A,extraction,fs,hbt_typ,27,1,1,open,1e12,4.21697E-07,4.216970e-07,1.54604,0.642364,4.21695E-07
a_nx1_fs_27c_rbopen_st1,A,extraction,fs,hbt_typ,27,1,1,open,1e12,5.62341E-07,5.623410e-07,1.55066,0.649985,5.62339E-07
a_nx1_fs_27c_rbopen_st1,A,extraction,fs,hbt_typ,27,1,1,open,1e12,7.49894E-07,7.498940e-07,1.55539,0.657606,7.49892E-07
a_nx1_fs_27c_rbopen_st1,A,extraction,fs,hbt_typ,27,1,1,open,1e12,1E-06,1.000000e-06,1.56024,0.665228,9.99998E-07
a_nx1_fs_27c_rbopen_st1,A,extraction,fs,hbt_typ,27,1,1,open,1e12,1.33352E-06,1.333520e-06,1.5652,0.672852,1.33352E-06
a_nx1_fs_27c_rbopen_st1,A,extraction,fs,hbt_typ,27,1,1,open,1e12,1.77828E-06,1.778280e-06,1.57025,0.680478,1.77828E-06
a_nx1_fs_27c_rbopen_st1,A,extraction,fs,hbt_typ,27,1,1,open,1e12,2.37137E-06,2.371370e-06,1.57541,0.688106,2.37137E-06
a_nx1_fs_27c_rbopen_st1,A,extraction,fs,hbt_typ,27,1,1,open,1e12,3.16228E-06,3.162280e-06,1.58067,0.695738,3.16228E-06
a_nx1_fs_27c_rbopen_st1,A,extraction,fs,hbt_typ,27,1,1,open,1e12,4.21697E-06,4.216970e-06,1.58603,0.703375,4.21697E-06
a_nx1_fs_27c_rbopen_st1,A,extraction,fs,hbt_typ,27,1,1,open,1e12,5.62341E-06,5.623410e-06,1.59152,0.711018,5.62341E-06
a_nx1_fs_27c_rbopen_st1,A,extraction,fs,hbt_typ,27,1,1,open,1e12,7.49894E-06,7.498940e-06,1.59715,0.71867,7.49894E-06
a_nx1_fs_27c_rbopen_st1,A,extraction,fs,hbt_typ,27,1,1,open,1e12,1E-05,1.000000e-05,1.60295,0.726335,1E-05
a_nx1_fs_27c_rbopen_st1,A,extraction,fs,hbt_typ,27,1,1,open,1e12,1.33352E-05,1.333520e-05,1.60895,0.734016,1.33352E-05
a_nx1_fs_27c_rbopen_st1,A,extraction,fs,hbt_typ,27,1,1,open,1e12,1.77828E-05,1.778280e-05,1.61521,0.74172,1.77828E-05
a_nx1_fs_27c_rbopen_st1,A,extraction,fs,hbt_typ,27,1,1,open,1e12,2.37137E-05,2.371370e-05,1.6218,0.749453,2.37137E-05
a_nx1_fs_27c_rbopen_st1,A,extraction,fs,hbt_typ,27,1,1,open,1e12,3.16228E-05,3.162280e-05,1.62881,0.757228,3.16228E-05
a_nx1_fs_27c_rbopen_st1,A,extraction,fs,hbt_typ,27,1,1,open,1e12,4.21697E-05,4.216970e-05,1.63639,0.765059,4.21697E-05
a_nx1_fs_27c_rbopen_st1,A,extraction,fs,hbt_typ,27,1,1,open,1e12,5.62341E-05,5.623410e-05,1.64469,0.772964,5.62341E-05
a_nx1_fs_27c_rbopen_st1,A,extraction,fs,hbt_typ,27,1,1,open,1e12,7.49894E-05,7.498940e-05,1.65397,0.780971,7.49894E-05
a_nx1_fs_27c_rbopen_st1,A,extraction,fs,hbt_typ,27,1,1,open,1e12,0.0001,1.000000e-04,1.66453,0.789112,0.0001
a_nx1_fs_27c_rbopen_st1,A,extraction,fs,hbt_typ,27,1,1,open,1e12,0.000133352,1.333520e-04,1.67678,0.797434,0.000133352
a_nx1_fs_27c_rbopen_st1,A,extraction,fs,hbt_typ,27,1,1,open,1e12,0.000177828,1.778280e-04,1.69126,0.805997,0.000177828
a_nx1_fs_27c_rbopen_st1,A,extraction,fs,hbt_typ,27,1,1,open,1e12,0.000237137,2.371370e-04,1.70871,0.814876,0.000237137
a_nx1_fs_27c_rbopen_st1,A,extraction,fs,hbt_typ,27,1,1,open,1e12,0.000316228,3.162280e-04,1.73004,0.82417,0.000316228
a_nx1_fs_27c_rbopen_st1,A,extraction,fs,hbt_typ,27,1,1,open,1e12,0.000421697,4.216970e-04,1.75649,0.834001,0.000421697
a_nx1_fs_27c_rbopen_st1,A,extraction,fs,hbt_typ,27,1,1,open,1e12,0.000562341,5.623410e-04,1.78963,0.844516,0.000562341
a_nx1_fs_27c_rbopen_st1,A,extraction,fs,hbt_typ,27,1,1,open,1e12,0.000749894,7.498940e-04,1.83148,0.855884,0.000749894
a_nx1_fs_27c_rbopen_st1,A,extraction,fs,hbt_typ,27,1,1,open,1e12,0.001,1.000000e-03,1.88462,0.868287,0.001
a_nx1_fs_27c_rbopen_st1,A,extraction,fs,hbt_typ,27,1,1,open,1e12,0.00133352,1.333520e-03,1.95221,0.881885,0.00133352
a_nx1_fs_27c_rbopen_st1,A,extraction,fs,hbt_typ,27,1,1,open,1e12,0.00177828,1.778280e-03,2.03816,0.896771,0.00177828
a_nx1_fs_27c_rbopen_st1,A,extraction,fs,hbt_typ,27,1,1,open,1e12,0.00237137,2.371370e-03,2.14691,0.912858,0.00237137
a_nx1_fs_27c_rbopen_st1,A,extraction,fs,hbt_typ,27,1,1,open,1e12,0.00316228,3.162280e-03,2.28317,0.929702,0.00316228
a_nx1_fs_27c_rbopen_st0,A,extraction,fs,hbt_typ,27,1,0,open,1e12,1E-10,1.000000e-10,1.26574,0.420696,9.87322E-11
a_nx1_fs_27c_rbopen_st0,A,extraction,fs,hbt_typ,27,1,0,open,1e12,1.33352E-10,1.333520e-10,1.31049,0.428478,1.3204E-10
a_nx1_fs_27c_rbopen_st0,A,extraction,fs,hbt_typ,27,1,0,open,1e12,1.77828E-10,1.778280e-10,1.35144,0.436223,1.76475E-10
a_nx1_fs_27c_rbopen_st0,A,extraction,fs,hbt_typ,27,1,0,open,1e12,2.37137E-10,2.371370e-10,1.3869,0.44394,2.35748E-10
a_nx1_fs_27c_rbopen_st0,A,extraction,fs,hbt_typ,27,1,0,open,1e12,3.16228E-10,3.162280e-10,1.41608,0.451635,3.1481E-10
a_nx1_fs_27c_rbopen_st0,A,extraction,fs,hbt_typ,27,1,0,open,1e12,4.21697E-10,4.216970e-10,1.43904,0.459313,4.20256E-10
a_nx1_fs_27c_rbopen_st0,A,extraction,fs,hbt_typ,27,1,0,open,1e12,5.62341E-10,5.623410e-10,1.45648,0.466977,5.60883E-10
a_nx1_fs_27c_rbopen_st0,A,extraction,fs,hbt_typ,27,1,0,open,1e12,7.49894E-10,7.498940e-10,1.46936,0.474633,7.48423E-10
a_nx1_fs_27c_rbopen_st0,A,extraction,fs,hbt_typ,27,1,0,open,1e12,1E-09,1.000000e-09,1.47866,0.482278,9.98519E-10
a_nx1_fs_27c_rbopen_st0,A,extraction,fs,hbt_typ,27,1,0,open,1e12,1.33352E-09,1.333520e-09,1.48528,0.489918,1.33203E-09
a_nx1_fs_27c_rbopen_st0,A,extraction,fs,hbt_typ,27,1,0,open,1e12,1.77828E-09,1.778280e-09,1.48996,0.497553,1.77679E-09
a_nx1_fs_27c_rbopen_st0,A,extraction,fs,hbt_typ,27,1,0,open,1e12,2.37137E-09,2.371370e-09,1.49332,0.505184,2.36987E-09
a_nx1_fs_27c_rbopen_st0,A,extraction,fs,hbt_typ,27,1,0,open,1e12,3.16228E-09,3.162280e-09,1.49582,0.512813,3.16078E-09
a_nx1_fs_27c_rbopen_st0,A,extraction,fs,hbt_typ,27,1,0,open,1e12,4.21697E-09,4.216970e-09,1.49782,0.520439,4.21547E-09
a_nx1_fs_27c_rbopen_st0,A,extraction,fs,hbt_typ,27,1,0,open,1e12,5.62341E-09,5.623410e-09,1.49957,0.528063,5.62191E-09
a_nx1_fs_27c_rbopen_st0,A,extraction,fs,hbt_typ,27,1,0,open,1e12,7.49894E-09,7.498940e-09,1.50127,0.535687,7.49744E-09
a_nx1_fs_27c_rbopen_st0,A,extraction,fs,hbt_typ,27,1,0,open,1e12,1E-08,1.000000e-08,1.50304,0.543309,9.99849E-09
a_nx1_fs_27c_rbopen_st0,A,extraction,fs,hbt_typ,27,1,0,open,1e12,1.33352E-08,1.333520e-08,1.50497,0.55093,1.33337E-08
a_nx1_fs_27c_rbopen_st0,A,extraction,fs,hbt_typ,27,1,0,open,1e12,1.77828E-08,1.778280e-08,1.50711,0.558551,1.77813E-08
a_nx1_fs_27c_rbopen_st0,A,extraction,fs,hbt_typ,27,1,0,open,1e12,2.37137E-08,2.371370e-08,1.5095,0.566171,2.37122E-08
a_nx1_fs_27c_rbopen_st0,A,extraction,fs,hbt_typ,27,1,0,open,1e12,3.16228E-08,3.162280e-08,1.51215,0.573791,3.16213E-08
a_nx1_fs_27c_rbopen_st0,A,extraction,fs,hbt_typ,27,1,0,open,1e12,4.21697E-08,4.216970e-08,1.51505,0.581411,4.21682E-08
a_nx1_fs_27c_rbopen_st0,A,extraction,fs,hbt_typ,27,1,0,open,1e12,5.62341E-08,5.623410e-08,1.5182,0.589031,5.62326E-08
a_nx1_fs_27c_rbopen_st0,A,extraction,fs,hbt_typ,27,1,0,open,1e12,7.49894E-08,7.498940e-08,1.52159,0.59665,7.49879E-08
a_nx1_fs_27c_rbopen_st0,A,extraction,fs,hbt_typ,27,1,0,open,1e12,1E-07,1.000000e-07,1.52521,0.60427,9.99985E-08
a_nx1_fs_27c_rbopen_st0,A,extraction,fs,hbt_typ,27,1,0,open,1e12,1.33352E-07,1.333520e-07,1.52902,0.61189,1.3335E-07
a_nx1_fs_27c_rbopen_st0,A,extraction,fs,hbt_typ,27,1,0,open,1e12,1.77828E-07,1.778280e-07,1.53304,0.61951,1.77826E-07
a_nx1_fs_27c_rbopen_st0,A,extraction,fs,hbt_typ,27,1,0,open,1e12,2.37137E-07,2.371370e-07,1.53722,0.627131,2.37135E-07
a_nx1_fs_27c_rbopen_st0,A,extraction,fs,hbt_typ,27,1,0,open,1e12,3.16228E-07,3.162280e-07,1.54155,0.634753,3.16226E-07
a_nx1_fs_27c_rbopen_st0,A,extraction,fs,hbt_typ,27,1,0,open,1e12,4.21697E-07,4.216970e-07,1.54605,0.642375,4.21695E-07
a_nx1_fs_27c_rbopen_st0,A,extraction,fs,hbt_typ,27,1,0,open,1e12,5.62341E-07,5.623410e-07,1.55066,0.649999,5.62339E-07
a_nx1_fs_27c_rbopen_st0,A,extraction,fs,hbt_typ,27,1,0,open,1e12,7.49894E-07,7.498940e-07,1.5554,0.657625,7.49892E-07
a_nx1_fs_27c_rbopen_st0,A,extraction,fs,hbt_typ,27,1,0,open,1e12,1E-06,1.000000e-06,1.56025,0.665253,9.99998E-07
a_nx1_fs_27c_rbopen_st0,A,extraction,fs,hbt_typ,27,1,0,open,1e12,1.33352E-06,1.333520e-06,1.56521,0.672885,1.33352E-06
a_nx1_fs_27c_rbopen_st0,A,extraction,fs,hbt_typ,27,1,0,open,1e12,1.77828E-06,1.778280e-06,1.57027,0.680521,1.77828E-06
a_nx1_fs_27c_rbopen_st0,A,extraction,fs,hbt_typ,27,1,0,open,1e12,2.37137E-06,2.371370e-06,1.57543,0.688163,2.37137E-06
a_nx1_fs_27c_rbopen_st0,A,extraction,fs,hbt_typ,27,1,0,open,1e12,3.16228E-06,3.162280e-06,1.5807,0.695812,3.16228E-06
a_nx1_fs_27c_rbopen_st0,A,extraction,fs,hbt_typ,27,1,0,open,1e12,4.21697E-06,4.216970e-06,1.58608,0.703471,4.21697E-06
a_nx1_fs_27c_rbopen_st0,A,extraction,fs,hbt_typ,27,1,0,open,1e12,5.62341E-06,5.623410e-06,1.59158,0.711145,5.62341E-06
a_nx1_fs_27c_rbopen_st0,A,extraction,fs,hbt_typ,27,1,0,open,1e12,7.49894E-06,7.498940e-06,1.59722,0.718837,7.49894E-06
a_nx1_fs_27c_rbopen_st0,A,extraction,fs,hbt_typ,27,1,0,open,1e12,1E-05,1.000000e-05,1.60304,0.726552,1E-05
a_nx1_fs_27c_rbopen_st0,A,extraction,fs,hbt_typ,27,1,0,open,1e12,1.33352E-05,1.333520e-05,1.60906,0.7343,1.33352E-05
a_nx1_fs_27c_rbopen_st0,A,extraction,fs,hbt_typ,27,1,0,open,1e12,1.77828E-05,1.778280e-05,1.61534,0.742092,1.77828E-05
a_nx1_fs_27c_rbopen_st0,A,extraction,fs,hbt_typ,27,1,0,open,1e12,2.37137E-05,2.371370e-05,1.62197,0.74994,2.37137E-05
a_nx1_fs_27c_rbopen_st0,A,extraction,fs,hbt_typ,27,1,0,open,1e12,3.16228E-05,3.162280e-05,1.62902,0.757865,3.16228E-05
a_nx1_fs_27c_rbopen_st0,A,extraction,fs,hbt_typ,27,1,0,open,1e12,4.21697E-05,4.216970e-05,1.63664,0.765891,4.21697E-05
a_nx1_fs_27c_rbopen_st0,A,extraction,fs,hbt_typ,27,1,0,open,1e12,5.62341E-05,5.623410e-05,1.645,0.774051,5.62341E-05
a_nx1_fs_27c_rbopen_st0,A,extraction,fs,hbt_typ,27,1,0,open,1e12,7.49894E-05,7.498940e-05,1.65434,0.782391,7.49894E-05
a_nx1_fs_27c_rbopen_st0,A,extraction,fs,hbt_typ,27,1,0,open,1e12,0.0001,1.000000e-04,1.66495,0.790968,0.0001
a_nx1_fs_27c_rbopen_st0,A,extraction,fs,hbt_typ,27,1,0,open,1e12,0.000133352,1.333520e-04,1.67726,0.799862,0.000133352
a_nx1_fs_27c_rbopen_st0,A,extraction,fs,hbt_typ,27,1,0,open,1e12,0.000177828,1.778280e-04,1.69181,0.809172,0.000177828
a_nx1_fs_27c_rbopen_st0,A,extraction,fs,hbt_typ,27,1,0,open,1e12,0.000237137,2.371370e-04,1.70929,0.819036,0.000237137
a_nx1_fs_27c_rbopen_st0,A,extraction,fs,hbt_typ,27,1,0,open,1e12,0.000316228,3.162280e-04,1.73064,0.829629,0.000316228
a_nx1_fs_27c_rbopen_st0,A,extraction,fs,hbt_typ,27,1,0,open,1e12,0.000421697,4.216970e-04,1.75707,0.841182,0.000421697
a_nx1_fs_27c_rbopen_st0,A,extraction,fs,hbt_typ,27,1,0,open,1e12,0.000562341,5.623410e-04,1.79014,0.853996,0.000562341
a_nx1_fs_27c_rbopen_st0,A,extraction,fs,hbt_typ,27,1,0,open,1e12,0.000749894,7.498940e-04,1.83186,0.868462,0.000749894
a_nx1_fs_27c_rbopen_st0,A,extraction,fs,hbt_typ,27,1,0,open,1e12,0.001,1.000000e-03,1.88483,0.885083,0.001
a_nx1_fs_27c_rbopen_st0,A,extraction,fs,hbt_typ,27,1,0,open,1e12,0.00133352,1.333520e-03,1.95242,0.904511,0.00133352
a_nx1_fs_27c_rbopen_st0,A,extraction,fs,hbt_typ,27,1,0,open,1e12,0.00177828,1.778280e-03,2.03895,0.927589,0.00177828
a_nx1_fs_27c_rbopen_st0,A,extraction,fs,hbt_typ,27,1,0,open,1e12,0.00237137,2.371370e-03,2.15013,0.955411,0.00237137
a_nx1_fs_27c_rbopen_st0,A,extraction,fs,hbt_typ,27,1,0,open,1e12,0.00316228,3.162280e-03,2.29364,0.989406,0.00316228
a_nx8_fs_27c_rbopen_st1,A,extraction,fs,hbt_typ,27,8,1,open,1e12,8E-10,1.000000e-10,1.54044,0.42125,7.98446E-10
a_nx8_fs_27c_rbopen_st1,A,extraction,fs,hbt_typ,27,8,1,open,1e12,1.06682E-09,1.333525e-10,1.54106,0.428903,1.06527E-09
a_nx8_fs_27c_rbopen_st1,A,extraction,fs,hbt_typ,27,8,1,open,1e12,1.42262E-09,1.778275e-10,1.53947,0.436548,1.42107E-09
a_nx8_fs_27c_rbopen_st1,A,extraction,fs,hbt_typ,27,8,1,open,1e12,1.8971E-09,2.371375e-10,1.53645,0.444189,1.89555E-09
a_nx8_fs_27c_rbopen_st1,A,extraction,fs,hbt_typ,27,8,1,open,1e12,2.52982E-09,3.162275e-10,1.53258,0.451825,2.52827E-09
a_nx8_fs_27c_rbopen_st1,A,extraction,fs,hbt_typ,27,8,1,open,1e12,3.37357E-09,4.216962e-10,1.52831,0.459457,3.37203E-09
a_nx8_fs_27c_rbopen_st1,A,extraction,fs,hbt_typ,27,8,1,open,1e12,4.49873E-09,5.623413e-10,1.52398,0.467087,4.49719E-09
a_nx8_fs_27c_rbopen_st1,A,extraction,fs,hbt_typ,27,8,1,open,1e12,5.99915E-09,7.498938e-10,1.51984,0.474715,5.99762E-09
a_nx8_fs_27c_rbopen_st1,A,extraction,fs,hbt_typ,27,8,1,open,1e12,8E-09,1.000000e-09,1.51604,0.482341,7.99847E-09
a_nx8_fs_27c_rbopen_st1,A,extraction,fs,hbt_typ,27,8,1,open,1e12,1.06682E-08,1.333525e-09,1.51272,0.489966,1.06667E-08
a_nx8_fs_27c_rbopen_st1,A,extraction,fs,hbt_typ,27,8,1,open,1e12,1.42262E-08,1.778275e-09,1.50994,0.497589,1.42247E-08
a_nx8_fs_27c_rbopen_st1,A,extraction,fs,hbt_typ,27,8,1,open,1e12,1.8971E-08,2.371375e-09,1.50774,0.505212,1.89695E-08
a_nx8_fs_27c_rbopen_st1,A,extraction,fs,hbt_typ,27,8,1,open,1e12,2.52982E-08,3.162275e-09,1.50615,0.512834,2.52967E-08
a_nx8_fs_27c_rbopen_st1,A,extraction,fs,hbt_typ,27,8,1,open,1e12,3.37357E-08,4.216963e-09,1.50514,0.520455,3.37342E-08
a_nx8_fs_27c_rbopen_st1,A,extraction,fs,hbt_typ,27,8,1,open,1e12,4.49873E-08,5.623413e-09,1.50472,0.528075,4.49858E-08
a_nx8_fs_27c_rbopen_st1,A,extraction,fs,hbt_typ,27,8,1,open,1e12,5.99915E-08,7.498937e-09,1.50485,0.535696,5.999E-08
a_nx8_fs_27c_rbopen_st1,A,extraction,fs,hbt_typ,27,8,1,open,1e12,8E-08,1.000000e-08,1.5055,0.543315,7.99985E-08
a_nx8_fs_27c_rbopen_st1,A,extraction,fs,hbt_typ,27,8,1,open,1e12,1.06682E-07,1.333525e-08,1.50663,0.550935,1.0668E-07
a_nx8_fs_27c_rbopen_st1,A,extraction,fs,hbt_typ,27,8,1,open,1e12,1.42262E-07,1.778275e-08,1.50822,0.558554,1.4226E-07
a_nx8_fs_27c_rbopen_st1,A,extraction,fs,hbt_typ,27,8,1,open,1e12,1.8971E-07,2.371375e-08,1.51022,0.566173,1.89708E-07
a_nx8_fs_27c_rbopen_st1,A,extraction,fs,hbt_typ,27,8,1,open,1e12,2.52982E-07,3.162275e-08,1.5126,0.573792,2.5298E-07
a_nx8_fs_27c_rbopen_st1,A,extraction,fs,hbt_typ,27,8,1,open,1e12,3.37357E-07,4.216963e-08,1.51533,0.581411,3.37355E-07
a_nx8_fs_27c_rbopen_st1,A,extraction,fs,hbt_typ,27,8,1,open,1e12,4.49873E-07,5.623413e-08,1.51836,0.58903,4.49871E-07
a_nx8_fs_27c_rbopen_st1,A,extraction,fs,hbt_typ,27,8,1,open,1e12,5.99915E-07,7.498937e-08,1.52167,0.596648,5.99913E-07
a_nx8_fs_27c_rbopen_st1,A,extraction,fs,hbt_typ,27,8,1,open,1e12,8E-07,1.000000e-07,1.52523,0.604267,7.99998E-07
a_nx8_fs_27c_rbopen_st1,A,extraction,fs,hbt_typ,27,8,1,open,1e12,1.06682E-06,1.333525e-07,1.52902,0.611886,1.06682E-06
a_nx8_fs_27c_rbopen_st1,A,extraction,fs,hbt_typ,27,8,1,open,1e12,1.42262E-06,1.778275e-07,1.53301,0.619504,1.42262E-06
a_nx8_fs_27c_rbopen_st1,A,extraction,fs,hbt_typ,27,8,1,open,1e12,1.8971E-06,2.371375e-07,1.53719,0.627123,1.8971E-06
a_nx8_fs_27c_rbopen_st1,A,extraction,fs,hbt_typ,27,8,1,open,1e12,2.52982E-06,3.162275e-07,1.54152,0.634742,2.52982E-06
a_nx8_fs_27c_rbopen_st1,A,extraction,fs,hbt_typ,27,8,1,open,1e12,3.37357E-06,4.216963e-07,1.54601,0.642362,3.37357E-06
a_nx8_fs_27c_rbopen_st1,A,extraction,fs,hbt_typ,27,8,1,open,1e12,4.49873E-06,5.623413e-07,1.55063,0.649981,4.49873E-06
a_nx8_fs_27c_rbopen_st1,A,extraction,fs,hbt_typ,27,8,1,open,1e12,5.99915E-06,7.498937e-07,1.55536,0.657602,5.99915E-06
a_nx8_fs_27c_rbopen_st1,A,extraction,fs,hbt_typ,27,8,1,open,1e12,8E-06,1.000000e-06,1.56022,0.665222,8E-06
a_nx8_fs_27c_rbopen_st1,A,extraction,fs,hbt_typ,27,8,1,open,1e12,1.06682E-05,1.333525e-06,1.56517,0.672844,1.06682E-05
a_nx8_fs_27c_rbopen_st1,A,extraction,fs,hbt_typ,27,8,1,open,1e12,1.42262E-05,1.778275e-06,1.57023,0.680468,1.42262E-05
a_nx8_fs_27c_rbopen_st1,A,extraction,fs,hbt_typ,27,8,1,open,1e12,1.8971E-05,2.371375e-06,1.57539,0.688093,1.8971E-05
a_nx8_fs_27c_rbopen_st1,A,extraction,fs,hbt_typ,27,8,1,open,1e12,2.52982E-05,3.162275e-06,1.58065,0.695721,2.52982E-05
a_nx8_fs_27c_rbopen_st1,A,extraction,fs,hbt_typ,27,8,1,open,1e12,3.37357E-05,4.216963e-06,1.58601,0.703352,3.37357E-05
a_nx8_fs_27c_rbopen_st1,A,extraction,fs,hbt_typ,27,8,1,open,1e12,4.49873E-05,5.623413e-06,1.5915,0.710989,4.49873E-05
a_nx8_fs_27c_rbopen_st1,A,extraction,fs,hbt_typ,27,8,1,open,1e12,5.99915E-05,7.498938e-06,1.59713,0.718632,5.99915E-05
a_nx8_fs_27c_rbopen_st1,A,extraction,fs,hbt_typ,27,8,1,open,1e12,8E-05,1.000000e-05,1.60292,0.726285,8E-05
a_nx8_fs_27c_rbopen_st1,A,extraction,fs,hbt_typ,27,8,1,open,1e12,0.000106682,1.333525e-05,1.60892,0.73395,0.000106682
a_nx8_fs_27c_rbopen_st1,A,extraction,fs,hbt_typ,27,8,1,open,1e12,0.000142262,1.778275e-05,1.61517,0.741633,0.000142262
a_nx8_fs_27c_rbopen_st1,A,extraction,fs,hbt_typ,27,8,1,open,1e12,0.00018971,2.371375e-05,1.62175,0.749341,0.00018971
a_nx8_fs_27c_rbopen_st1,A,extraction,fs,hbt_typ,27,8,1,open,1e12,0.000252982,3.162275e-05,1.62876,0.757081,0.000252982
a_nx8_fs_27c_rbopen_st1,A,extraction,fs,hbt_typ,27,8,1,open,1e12,0.000337357,4.216962e-05,1.63632,0.764867,0.000337357
a_nx8_fs_27c_rbopen_st1,A,extraction,fs,hbt_typ,27,8,1,open,1e12,0.000449873,5.623412e-05,1.64462,0.772713,0.000449873
a_nx8_fs_27c_rbopen_st1,A,extraction,fs,hbt_typ,27,8,1,open,1e12,0.000599915,7.498938e-05,1.65388,0.780642,0.000599915
a_nx8_fs_27c_rbopen_st1,A,extraction,fs,hbt_typ,27,8,1,open,1e12,0.0008,1.000000e-04,1.66442,0.788683,0.0008
a_nx8_fs_27c_rbopen_st1,A,extraction,fs,hbt_typ,27,8,1,open,1e12,0.00106682,1.333525e-04,1.67665,0.796873,0.00106682
a_nx8_fs_27c_rbopen_st1,A,extraction,fs,hbt_typ,27,8,1,open,1e12,0.00142262,1.778275e-04,1.69112,0.805261,0.00142262
a_nx8_fs_27c_rbopen_st1,A,extraction,fs,hbt_typ,27,8,1,open,1e12,0.0018971,2.371375e-04,1.70854,0.813912,0.0018971
a_nx8_fs_27c_rbopen_st1,A,extraction,fs,hbt_typ,27,8,1,open,1e12,0.00252982,3.162275e-04,1.72984,0.822904,0.00252982
a_nx8_fs_27c_rbopen_st1,A,extraction,fs,hbt_typ,27,8,1,open,1e12,0.00337357,4.216963e-04,1.75624,0.832333,0.00337357
a_nx8_fs_27c_rbopen_st1,A,extraction,fs,hbt_typ,27,8,1,open,1e12,0.00449873,5.623413e-04,1.78931,0.842311,0.00449873
a_nx8_fs_27c_rbopen_st1,A,extraction,fs,hbt_typ,27,8,1,open,1e12,0.00599915,7.498937e-04,1.83102,0.852953,0.00599915
a_nx8_fs_27c_rbopen_st1,A,extraction,fs,hbt_typ,27,8,1,open,1e12,0.008,1.000000e-03,1.88388,0.864363,0.008
a_nx8_fs_27c_rbopen_st1,A,extraction,fs,hbt_typ,27,8,1,open,1e12,0.0106682,1.333525e-03,1.95089,0.876587,0.0106682
a_nx8_fs_27c_rbopen_st1,A,extraction,fs,hbt_typ,27,8,1,open,1e12,0.0142262,1.778275e-03,2.0356,0.889552,0.0142262
a_nx8_fs_27c_rbopen_st1,A,extraction,fs,hbt_typ,27,8,1,open,1e12,0.018971,2.371375e-03,2.14179,0.902912,0.018971
a_nx8_fs_27c_rbopen_st1,A,extraction,fs,hbt_typ,27,8,1,open,1e12,0.0252982,3.162275e-03,2.27278,0.915852,0.0252982
a_nx8_fs_27c_rbopen_st0,A,extraction,fs,hbt_typ,27,8,0,open,1e12,8E-10,1.000000e-10,1.54044,0.42125,7.98446E-10
a_nx8_fs_27c_rbopen_st0,A,extraction,fs,hbt_typ,27,8,0,open,1e12,1.06682E-09,1.333525e-10,1.54106,0.428903,1.06527E-09
a_nx8_fs_27c_rbopen_st0,A,extraction,fs,hbt_typ,27,8,0,open,1e12,1.42262E-09,1.778275e-10,1.53947,0.436551,1.42107E-09
a_nx8_fs_27c_rbopen_st0,A,extraction,fs,hbt_typ,27,8,0,open,1e12,1.8971E-09,2.371375e-10,1.53645,0.444189,1.89555E-09
a_nx8_fs_27c_rbopen_st0,A,extraction,fs,hbt_typ,27,8,0,open,1e12,2.52982E-09,3.162275e-10,1.53258,0.451825,2.52827E-09
a_nx8_fs_27c_rbopen_st0,A,extraction,fs,hbt_typ,27,8,0,open,1e12,3.37357E-09,4.216962e-10,1.52831,0.459457,3.37203E-09
a_nx8_fs_27c_rbopen_st0,A,extraction,fs,hbt_typ,27,8,0,open,1e12,4.49873E-09,5.623413e-10,1.52398,0.467088,4.49719E-09
a_nx8_fs_27c_rbopen_st0,A,extraction,fs,hbt_typ,27,8,0,open,1e12,5.99915E-09,7.498938e-10,1.51984,0.474715,5.99762E-09
a_nx8_fs_27c_rbopen_st0,A,extraction,fs,hbt_typ,27,8,0,open,1e12,8E-09,1.000000e-09,1.51604,0.482341,7.99847E-09
a_nx8_fs_27c_rbopen_st0,A,extraction,fs,hbt_typ,27,8,0,open,1e12,1.06682E-08,1.333525e-09,1.51271,0.489968,1.06667E-08
a_nx8_fs_27c_rbopen_st0,A,extraction,fs,hbt_typ,27,8,0,open,1e12,1.42262E-08,1.778275e-09,1.50994,0.497589,1.42247E-08
a_nx8_fs_27c_rbopen_st0,A,extraction,fs,hbt_typ,27,8,0,open,1e12,1.8971E-08,2.371375e-09,1.50774,0.505212,1.89695E-08
a_nx8_fs_27c_rbopen_st0,A,extraction,fs,hbt_typ,27,8,0,open,1e12,2.52982E-08,3.162275e-09,1.50615,0.512834,2.52967E-08
a_nx8_fs_27c_rbopen_st0,A,extraction,fs,hbt_typ,27,8,0,open,1e12,3.37357E-08,4.216963e-09,1.50514,0.520456,3.37342E-08
a_nx8_fs_27c_rbopen_st0,A,extraction,fs,hbt_typ,27,8,0,open,1e12,4.49873E-08,5.623413e-09,1.50472,0.528076,4.49858E-08
a_nx8_fs_27c_rbopen_st0,A,extraction,fs,hbt_typ,27,8,0,open,1e12,5.99915E-08,7.498937e-09,1.50485,0.535696,5.999E-08
a_nx8_fs_27c_rbopen_st0,A,extraction,fs,hbt_typ,27,8,0,open,1e12,8E-08,1.000000e-08,1.50548,0.543318,7.99985E-08
a_nx8_fs_27c_rbopen_st0,A,extraction,fs,hbt_typ,27,8,0,open,1e12,1.06682E-07,1.333525e-08,1.50663,0.550936,1.0668E-07
a_nx8_fs_27c_rbopen_st0,A,extraction,fs,hbt_typ,27,8,0,open,1e12,1.42262E-07,1.778275e-08,1.50822,0.558555,1.4226E-07
a_nx8_fs_27c_rbopen_st0,A,extraction,fs,hbt_typ,27,8,0,open,1e12,1.8971E-07,2.371375e-08,1.51022,0.566174,1.89708E-07
a_nx8_fs_27c_rbopen_st0,A,extraction,fs,hbt_typ,27,8,0,open,1e12,2.52982E-07,3.162275e-08,1.5126,0.573794,2.5298E-07
a_nx8_fs_27c_rbopen_st0,A,extraction,fs,hbt_typ,27,8,0,open,1e12,3.37357E-07,4.216963e-08,1.51533,0.581413,3.37355E-07
a_nx8_fs_27c_rbopen_st0,A,extraction,fs,hbt_typ,27,8,0,open,1e12,4.49873E-07,5.623413e-08,1.51836,0.589032,4.49871E-07
a_nx8_fs_27c_rbopen_st0,A,extraction,fs,hbt_typ,27,8,0,open,1e12,5.99915E-07,7.498937e-08,1.52166,0.596653,5.99913E-07
a_nx8_fs_27c_rbopen_st0,A,extraction,fs,hbt_typ,27,8,0,open,1e12,8E-07,1.000000e-07,1.52523,0.604271,7.99998E-07
a_nx8_fs_27c_rbopen_st0,A,extraction,fs,hbt_typ,27,8,0,open,1e12,1.06682E-06,1.333525e-07,1.52902,0.61189,1.06682E-06
a_nx8_fs_27c_rbopen_st0,A,extraction,fs,hbt_typ,27,8,0,open,1e12,1.42262E-06,1.778275e-07,1.53302,0.61951,1.42262E-06
a_nx8_fs_27c_rbopen_st0,A,extraction,fs,hbt_typ,27,8,0,open,1e12,1.8971E-06,2.371375e-07,1.53719,0.627132,1.8971E-06
a_nx8_fs_27c_rbopen_st0,A,extraction,fs,hbt_typ,27,8,0,open,1e12,2.52982E-06,3.162275e-07,1.54153,0.634753,2.52982E-06
a_nx8_fs_27c_rbopen_st0,A,extraction,fs,hbt_typ,27,8,0,open,1e12,3.37357E-06,4.216963e-07,1.54602,0.642375,3.37357E-06
a_nx8_fs_27c_rbopen_st0,A,extraction,fs,hbt_typ,27,8,0,open,1e12,4.49873E-06,5.623413e-07,1.55063,0.650001,4.49873E-06
a_nx8_fs_27c_rbopen_st0,A,extraction,fs,hbt_typ,27,8,0,open,1e12,5.99915E-06,7.498937e-07,1.55538,0.657625,5.99915E-06
a_nx8_fs_27c_rbopen_st0,A,extraction,fs,hbt_typ,27,8,0,open,1e12,8E-06,1.000000e-06,1.56023,0.665253,8E-06
a_nx8_fs_27c_rbopen_st0,A,extraction,fs,hbt_typ,27,8,0,open,1e12,1.06682E-05,1.333525e-06,1.56519,0.672885,1.06682E-05
a_nx8_fs_27c_rbopen_st0,A,extraction,fs,hbt_typ,27,8,0,open,1e12,1.42262E-05,1.778275e-06,1.57025,0.680521,1.42262E-05
a_nx8_fs_27c_rbopen_st0,A,extraction,fs,hbt_typ,27,8,0,open,1e12,1.8971E-05,2.371375e-06,1.57542,0.688162,1.8971E-05
a_nx8_fs_27c_rbopen_st0,A,extraction,fs,hbt_typ,27,8,0,open,1e12,2.52982E-05,3.162275e-06,1.58069,0.695812,2.52982E-05
a_nx8_fs_27c_rbopen_st0,A,extraction,fs,hbt_typ,27,8,0,open,1e12,3.37357E-05,4.216963e-06,1.58606,0.703473,3.37357E-05
a_nx8_fs_27c_rbopen_st0,A,extraction,fs,hbt_typ,27,8,0,open,1e12,4.49873E-05,5.623413e-06,1.59157,0.711145,4.49873E-05
a_nx8_fs_27c_rbopen_st0,A,extraction,fs,hbt_typ,27,8,0,open,1e12,5.99915E-05,7.498938e-06,1.59722,0.718836,5.99915E-05
a_nx8_fs_27c_rbopen_st0,A,extraction,fs,hbt_typ,27,8,0,open,1e12,8E-05,1.000000e-05,1.60303,0.726552,8E-05
a_nx8_fs_27c_rbopen_st0,A,extraction,fs,hbt_typ,27,8,0,open,1e12,0.000106682,1.333525e-05,1.60906,0.734301,0.000106682
a_nx8_fs_27c_rbopen_st0,A,extraction,fs,hbt_typ,27,8,0,open,1e12,0.000142262,1.778275e-05,1.61534,0.742092,0.000142262
a_nx8_fs_27c_rbopen_st0,A,extraction,fs,hbt_typ,27,8,0,open,1e12,0.00018971,2.371375e-05,1.62197,0.74994,0.00018971
a_nx8_fs_27c_rbopen_st0,A,extraction,fs,hbt_typ,27,8,0,open,1e12,0.000252982,3.162275e-05,1.62901,0.757866,0.000252982
a_nx8_fs_27c_rbopen_st0,A,extraction,fs,hbt_typ,27,8,0,open,1e12,0.000337357,4.216962e-05,1.63664,0.765891,0.000337357
a_nx8_fs_27c_rbopen_st0,A,extraction,fs,hbt_typ,27,8,0,open,1e12,0.000449873,5.623412e-05,1.645,0.774051,0.000449873
a_nx8_fs_27c_rbopen_st0,A,extraction,fs,hbt_typ,27,8,0,open,1e12,0.000599915,7.498938e-05,1.65433,0.782391,0.000599915
a_nx8_fs_27c_rbopen_st0,A,extraction,fs,hbt_typ,27,8,0,open,1e12,0.0008,1.000000e-04,1.66495,0.790969,0.0008
a_nx8_fs_27c_rbopen_st0,A,extraction,fs,hbt_typ,27,8,0,open,1e12,0.00106682,1.333525e-04,1.67726,0.799862,0.00106682
a_nx8_fs_27c_rbopen_st0,A,extraction,fs,hbt_typ,27,8,0,open,1e12,0.00142262,1.778275e-04,1.69181,0.809172,0.00142262
a_nx8_fs_27c_rbopen_st0,A,extraction,fs,hbt_typ,27,8,0,open,1e12,0.0018971,2.371375e-04,1.70929,0.819036,0.0018971
a_nx8_fs_27c_rbopen_st0,A,extraction,fs,hbt_typ,27,8,0,open,1e12,0.00252982,3.162275e-04,1.73064,0.829629,0.00252982
a_nx8_fs_27c_rbopen_st0,A,extraction,fs,hbt_typ,27,8,0,open,1e12,0.00337357,4.216963e-04,1.75707,0.841182,0.00337357
a_nx8_fs_27c_rbopen_st0,A,extraction,fs,hbt_typ,27,8,0,open,1e12,0.00449873,5.623413e-04,1.79014,0.853996,0.00449873
a_nx8_fs_27c_rbopen_st0,A,extraction,fs,hbt_typ,27,8,0,open,1e12,0.00599915,7.498937e-04,1.83185,0.868462,0.00599915
a_nx8_fs_27c_rbopen_st0,A,extraction,fs,hbt_typ,27,8,0,open,1e12,0.008,1.000000e-03,1.88484,0.885083,0.008
a_nx8_fs_27c_rbopen_st0,A,extraction,fs,hbt_typ,27,8,0,open,1e12,0.0106682,1.333525e-03,1.95242,0.904511,0.0106682
a_nx8_fs_27c_rbopen_st0,A,extraction,fs,hbt_typ,27,8,0,open,1e12,0.0142262,1.778275e-03,2.03895,0.927588,0.0142262
a_nx8_fs_27c_rbopen_st0,A,extraction,fs,hbt_typ,27,8,0,open,1e12,0.018971,2.371375e-03,2.15013,0.955411,0.018971
a_nx8_fs_27c_rbopen_st0,A,extraction,fs,hbt_typ,27,8,0,open,1e12,0.0252982,3.162275e-03,2.29363,0.989406,0.0252982
a_nx1_fs_125c_rbopen_st1,A,extraction,fs,hbt_typ,125,1,1,open,1e12,1E-10,1.000000e-10,0.15076,0.127864,1.62654E-11
a_nx1_fs_125c_rbopen_st1,A,extraction,fs,hbt_typ,125,1,1,open,1e12,1.33352E-10,1.333520e-10,0.208635,0.167161,4.8633E-11
a_nx1_fs_125c_rbopen_st1,A,extraction,fs,hbt_typ,125,1,1,open,1e12,1.77828E-10,1.778280e-10,0.25425,0.190391,9.28968E-11
a_nx1_fs_125c_rbopen_st1,A,extraction,fs,hbt_typ,125,1,1,open,1e12,2.37137E-10,2.371370e-10,0.30609,0.208068,1.52102E-10
a_nx1_fs_125c_rbopen_st1,A,extraction,fs,hbt_typ,125,1,1,open,1e12,3.16228E-10,3.162280e-10,0.388806,0.223045,2.31095E-10
a_nx1_fs_125c_rbopen_st1,A,extraction,fs,hbt_typ,125,1,1,open,1e12,4.21697E-10,4.216970e-10,0.575737,0.236458,3.36375E-10
a_nx1_fs_125c_rbopen_st1,A,extraction,fs,hbt_typ,125,1,1,open,1e12,5.62341E-10,5.623410e-10,0.840477,0.248897,4.76754E-10
a_nx1_fs_125c_rbopen_st1,A,extraction,fs,hbt_typ,125,1,1,open,1e12,7.49894E-10,7.498940e-10,1.01401,0.260726,6.64133E-10
a_nx1_fs_125c_rbopen_st1,A,extraction,fs,hbt_typ,125,1,1,open,1e12,1E-09,1.000000e-09,1.11004,0.272134,9.14143E-10
a_nx1_fs_125c_rbopen_st1,A,extraction,fs,hbt_typ,125,1,1,open,1e12,1.33352E-09,1.333520e-09,1.169,0.28324,1.2476E-09
a_nx1_fs_125c_rbopen_st1,A,extraction,fs,hbt_typ,125,1,1,open,1e12,1.77828E-09,1.778280e-09,1.2085,0.294128,1.69232E-09
a_nx1_fs_125c_rbopen_st1,A,extraction,fs,hbt_typ,125,1,1,open,1e12,2.37137E-09,2.371370e-09,1.23663,0.304856,2.28539E-09
a_nx1_fs_125c_rbopen_st1,A,extraction,fs,hbt_typ,125,1,1,open,1e12,3.16228E-09,3.162280e-09,1.25765,0.315468,3.07628E-09
a_nx1_fs_125c_rbopen_st1,A,extraction,fs,hbt_typ,125,1,1,open,1e12,4.21697E-09,4.216970e-09,1.27405,0.325993,4.13095E-09
a_nx1_fs_125c_rbopen_st1,A,extraction,fs,hbt_typ,125,1,1,open,1e12,5.62341E-09,5.623410e-09,1.28737,0.336454,5.53738E-09
a_nx1_fs_125c_rbopen_st1,A,extraction,fs,hbt_typ,125,1,1,open,1e12,7.49894E-09,7.498940e-09,1.29861,0.346867,7.41289E-09
a_nx1_fs_125c_rbopen_st1,A,extraction,fs,hbt_typ,125,1,1,open,1e12,1E-08,1.000000e-08,1.30845,0.357246,9.91394E-09
a_nx1_fs_125c_rbopen_st1,A,extraction,fs,hbt_typ,125,1,1,open,1e12,1.33352E-08,1.333520e-08,1.31737,0.367597,1.32491E-08
a_nx1_fs_125c_rbopen_st1,A,extraction,fs,hbt_typ,125,1,1,open,1e12,1.77828E-08,1.778280e-08,1.32568,0.377929,1.76967E-08
a_nx1_fs_125c_rbopen_st1,A,extraction,fs,hbt_typ,125,1,1,open,1e12,2.37137E-08,2.371370e-08,1.33361,0.388245,2.36276E-08
a_nx1_fs_125c_rbopen_st1,A,extraction,fs,hbt_typ,125,1,1,open,1e12,3.16228E-08,3.162280e-08,1.34134,0.398551,3.15367E-08
a_nx1_fs_125c_rbopen_st1,A,extraction,fs,hbt_typ,125,1,1,open,1e12,4.21697E-08,4.216970e-08,1.34896,0.408848,4.20836E-08
a_nx1_fs_125c_rbopen_st1,A,extraction,fs,hbt_typ,125,1,1,open,1e12,5.62341E-08,5.623410e-08,1.35657,0.419139,5.6148E-08
a_nx1_fs_125c_rbopen_st1,A,extraction,fs,hbt_typ,125,1,1,open,1e12,7.49894E-08,7.498940e-08,1.3642,0.429426,7.49033E-08
a_nx1_fs_125c_rbopen_st1,A,extraction,fs,hbt_typ,125,1,1,open,1e12,1E-07,1.000000e-07,1.37189,0.439708,9.99139E-08
a_nx1_fs_125c_rbopen_st1,A,extraction,fs,hbt_typ,125,1,1,open,1e12,1.33352E-07,1.333520e-07,1.37968,0.449989,1.33266E-07
a_nx1_fs_125c_rbopen_st1,A,extraction,fs,hbt_typ,125,1,1,open,1e12,1.77828E-07,1.778280e-07,1.38755,0.460267,1.77742E-07
a_nx1_fs_125c_rbopen_st1,A,extraction,fs,hbt_typ,125,1,1,open,1e12,2.37137E-07,2.371370e-07,1.39553,0.470544,2.37051E-07
a_nx1_fs_125c_rbopen_st1,A,extraction,fs,hbt_typ,125,1,1,open,1e12,3.16228E-07,3.162280e-07,1.40362,0.480821,3.16142E-07
a_nx1_fs_125c_rbopen_st1,A,extraction,fs,hbt_typ,125,1,1,open,1e12,4.21697E-07,4.216970e-07,1.4118,0.491097,4.21611E-07
a_nx1_fs_125c_rbopen_st1,A,extraction,fs,hbt_typ,125,1,1,open,1e12,5.62341E-07,5.623410e-07,1.42009,0.501373,5.62255E-07
a_nx1_fs_125c_rbopen_st1,A,extraction,fs,hbt_typ,125,1,1,open,1e12,7.49894E-07,7.498940e-07,1.42847,0.511649,7.49808E-07
a_nx1_fs_125c_rbopen_st1,A,extraction,fs,hbt_typ,125,1,1,open,1e12,1E-06,1.000000e-06,1.43695,0.521926,9.99914E-07
a_nx1_fs_125c_rbopen_st1,A,extraction,fs,hbt_typ,125,1,1,open,1e12,1.33352E-06,1.333520e-06,1.44551,0.532204,1.33343E-06
a_nx1_fs_125c_rbopen_st1,A,extraction,fs,hbt_typ,125,1,1,open,1e12,1.77828E-06,1.778280e-06,1.45416,0.542485,1.77819E-06
a_nx1_fs_125c_rbopen_st1,A,extraction,fs,hbt_typ,125,1,1,open,1e12,2.37137E-06,2.371370e-06,1.46291,0.552768,2.37128E-06
a_nx1_fs_125c_rbopen_st1,A,extraction,fs,hbt_typ,125,1,1,open,1e12,3.16228E-06,3.162280e-06,1.47175,0.563054,3.16219E-06
a_nx1_fs_125c_rbopen_st1,A,extraction,fs,hbt_typ,125,1,1,open,1e12,4.21697E-06,4.216970e-06,1.4807,0.573346,4.21688E-06
a_nx1_fs_125c_rbopen_st1,A,extraction,fs,hbt_typ,125,1,1,open,1e12,5.62341E-06,5.623410e-06,1.48976,0.583645,5.62332E-06
a_nx1_fs_125c_rbopen_st1,A,extraction,fs,hbt_typ,125,1,1,open,1e12,7.49894E-06,7.498940e-06,1.49895,0.593952,7.49885E-06
a_nx1_fs_125c_rbopen_st1,A,extraction,fs,hbt_typ,125,1,1,open,1e12,1E-05,1.000000e-05,1.50831,0.604273,9.99991E-06
a_nx1_fs_125c_rbopen_st1,A,extraction,fs,hbt_typ,125,1,1,open,1e12,1.33352E-05,1.333520e-05,1.51787,0.61461,1.33351E-05
a_nx1_fs_125c_rbopen_st1,A,extraction,fs,hbt_typ,125,1,1,open,1e12,1.77828E-05,1.778280e-05,1.52769,0.62497,1.77827E-05
a_nx1_fs_125c_rbopen_st1,A,extraction,fs,hbt_typ,125,1,1,open,1e12,2.37137E-05,2.371370e-05,1.53784,0.635361,2.37136E-05
a_nx1_fs_125c_rbopen_st1,A,extraction,fs,hbt_typ,125,1,1,open,1e12,3.16228E-05,3.162280e-05,1.54841,0.645794,3.16227E-05
a_nx1_fs_125c_rbopen_st1,A,extraction,fs,hbt_typ,125,1,1,open,1e12,4.21697E-05,4.216970e-05,1.55955,0.656283,4.21696E-05
a_nx1_fs_125c_rbopen_st1,A,extraction,fs,hbt_typ,125,1,1,open,1e12,5.62341E-05,5.623410e-05,1.57142,0.666847,5.6234E-05
a_nx1_fs_125c_rbopen_st1,A,extraction,fs,hbt_typ,125,1,1,open,1e12,7.49894E-05,7.498940e-05,1.58426,0.677512,7.49893E-05
a_nx1_fs_125c_rbopen_st1,A,extraction,fs,hbt_typ,125,1,1,open,1e12,0.0001,1.000000e-04,1.5984,0.688312,9.99999E-05
a_nx1_fs_125c_rbopen_st1,A,extraction,fs,hbt_typ,125,1,1,open,1e12,0.000133352,1.333520e-04,1.61423,0.699291,0.000133352
a_nx1_fs_125c_rbopen_st1,A,extraction,fs,hbt_typ,125,1,1,open,1e12,0.000177828,1.778280e-04,1.63232,0.710508,0.000177828
a_nx1_fs_125c_rbopen_st1,A,extraction,fs,hbt_typ,125,1,1,open,1e12,0.000237137,2.371370e-04,1.65339,0.722035,0.000237137
a_nx1_fs_125c_rbopen_st1,A,extraction,fs,hbt_typ,125,1,1,open,1e12,0.000316228,3.162280e-04,1.67838,0.733967,0.000316228
a_nx1_fs_125c_rbopen_st1,A,extraction,fs,hbt_typ,125,1,1,open,1e12,0.000421697,4.216970e-04,1.70853,0.746418,0.000421697
a_nx1_fs_125c_rbopen_st1,A,extraction,fs,hbt_typ,125,1,1,open,1e12,0.000562341,5.623410e-04,1.74544,0.759524,0.000562341
a_nx1_fs_125c_rbopen_st1,A,extraction,fs,hbt_typ,125,1,1,open,1e12,0.000749894,7.498940e-04,1.79118,0.773441,0.000749894
a_nx1_fs_125c_rbopen_st1,A,extraction,fs,hbt_typ,125,1,1,open,1e12,0.001,1.000000e-03,1.84836,0.788325,0.000999999
a_nx1_fs_125c_rbopen_st1,A,extraction,fs,hbt_typ,125,1,1,open,1e12,0.00133352,1.333520e-03,1.9203,0.804314,0.00133352
a_nx1_fs_125c_rbopen_st1,A,extraction,fs,hbt_typ,125,1,1,open,1e12,0.00177828,1.778280e-03,2.01112,0.821468,0.00177828
a_nx1_fs_125c_rbopen_st1,A,extraction,fs,hbt_typ,125,1,1,open,1e12,0.00237137,2.371370e-03,2.12568,0.83967,0.00237136
a_nx1_fs_125c_rbopen_st1,A,extraction,fs,hbt_typ,125,1,1,open,1e12,0.00316228,3.162280e-03,2.26886,0.858473,0.00316224
a_nx1_fs_125c_rbopen_st0,A,extraction,fs,hbt_typ,125,1,0,open,1e12,1E-10,1.000000e-10,0.150727,0.127861,1.62646E-11
a_nx1_fs_125c_rbopen_st0,A,extraction,fs,hbt_typ,125,1,0,open,1e12,1.33352E-10,1.333520e-10,0.208633,0.167161,4.86329E-11
a_nx1_fs_125c_rbopen_st0,A,extraction,fs,hbt_typ,125,1,0,open,1e12,1.77828E-10,1.778280e-10,0.254172,0.19039,9.28967E-11
a_nx1_fs_125c_rbopen_st0,A,extraction,fs,hbt_typ,125,1,0,open,1e12,2.37137E-10,2.371370e-10,0.30601,0.208068,1.52103E-10
a_nx1_fs_125c_rbopen_st0,A,extraction,fs,hbt_typ,125,1,0,open,1e12,3.16228E-10,3.162280e-10,0.388802,0.223045,2.31095E-10
a_nx1_fs_125c_rbopen_st0,A,extraction,fs,hbt_typ,125,1,0,open,1e12,4.21697E-10,4.216970e-10,0.575292,0.236458,3.36375E-10
a_nx1_fs_125c_rbopen_st0,A,extraction,fs,hbt_typ,125,1,0,open,1e12,5.62341E-10,5.623410e-10,0.840477,0.248897,4.76754E-10
a_nx1_fs_125c_rbopen_st0,A,extraction,fs,hbt_typ,125,1,0,open,1e12,7.49894E-10,7.498940e-10,1.01461,0.260726,6.64133E-10
a_nx1_fs_125c_rbopen_st0,A,extraction,fs,hbt_typ,125,1,0,open,1e12,1E-09,1.000000e-09,1.11016,0.272134,9.14143E-10
a_nx1_fs_125c_rbopen_st0,A,extraction,fs,hbt_typ,125,1,0,open,1e12,1.33352E-09,1.333520e-09,1.16903,0.28324,1.2476E-09
a_nx1_fs_125c_rbopen_st0,A,extraction,fs,hbt_typ,125,1,0,open,1e12,1.77828E-09,1.778280e-09,1.20851,0.294128,1.69232E-09
a_nx1_fs_125c_rbopen_st0,A,extraction,fs,hbt_typ,125,1,0,open,1e12,2.37137E-09,2.371370e-09,1.23777,0.304856,2.28539E-09
a_nx1_fs_125c_rbopen_st0,A,extraction,fs,hbt_typ,125,1,0,open,1e12,3.16228E-09,3.162280e-09,1.25833,0.315468,3.07627E-09
a_nx1_fs_125c_rbopen_st0,A,extraction,fs,hbt_typ,125,1,0,open,1e12,4.21697E-09,4.216970e-09,1.27451,0.325993,4.13095E-09
a_nx1_fs_125c_rbopen_st0,A,extraction,fs,hbt_typ,125,1,0,open,1e12,5.62341E-09,5.623410e-09,1.28762,0.336454,5.53738E-09
a_nx1_fs_125c_rbopen_st0,A,extraction,fs,hbt_typ,125,1,0,open,1e12,7.49894E-09,7.498940e-09,1.29876,0.346868,7.41289E-09
a_nx1_fs_125c_rbopen_st0,A,extraction,fs,hbt_typ,125,1,0,open,1e12,1E-08,1.000000e-08,1.30854,0.357246,9.91394E-09
a_nx1_fs_125c_rbopen_st0,A,extraction,fs,hbt_typ,125,1,0,open,1e12,1.33352E-08,1.333520e-08,1.31742,0.367597,1.32491E-08
a_nx1_fs_125c_rbopen_st0,A,extraction,fs,hbt_typ,125,1,0,open,1e12,1.77828E-08,1.778280e-08,1.32568,0.377929,1.76967E-08
a_nx1_fs_125c_rbopen_st0,A,extraction,fs,hbt_typ,125,1,0,open,1e12,2.37137E-08,2.371370e-08,1.33365,0.388246,2.36276E-08
a_nx1_fs_125c_rbopen_st0,A,extraction,fs,hbt_typ,125,1,0,open,1e12,3.16228E-08,3.162280e-08,1.34134,0.398552,3.15367E-08
a_nx1_fs_125c_rbopen_st0,A,extraction,fs,hbt_typ,125,1,0,open,1e12,4.21697E-08,4.216970e-08,1.34897,0.40885,4.20836E-08
a_nx1_fs_125c_rbopen_st0,A,extraction,fs,hbt_typ,125,1,0,open,1e12,5.62341E-08,5.623410e-08,1.35657,0.419141,5.6148E-08
a_nx1_fs_125c_rbopen_st0,A,extraction,fs,hbt_typ,125,1,0,open,1e12,7.49894E-08,7.498940e-08,1.36428,0.429428,7.49033E-08
a_nx1_fs_125c_rbopen_st0,A,extraction,fs,hbt_typ,125,1,0,open,1e12,1E-07,1.000000e-07,1.37204,0.439711,9.99139E-08
a_nx1_fs_125c_rbopen_st0,A,extraction,fs,hbt_typ,125,1,0,open,1e12,1.33352E-07,1.333520e-07,1.37996,0.449992,1.33266E-07
a_nx1_fs_125c_rbopen_st0,A,extraction,fs,hbt_typ,125,1,0,open,1e12,1.77828E-07,1.778280e-07,1.38809,0.460272,1.77742E-07
a_nx1_fs_125c_rbopen_st0,A,extraction,fs,hbt_typ,125,1,0,open,1e12,2.37137E-07,2.371370e-07,1.39554,0.47055,2.37051E-07
a_nx1_fs_125c_rbopen_st0,A,extraction,fs,hbt_typ,125,1,0,open,1e12,3.16228E-07,3.162280e-07,1.40363,0.480829,3.16142E-07
a_nx1_fs_125c_rbopen_st0,A,extraction,fs,hbt_typ,125,1,0,open,1e12,4.21697E-07,4.216970e-07,1.41181,0.491107,4.21611E-07
a_nx1_fs_125c_rbopen_st0,A,extraction,fs,hbt_typ,125,1,0,open,1e12,5.62341E-07,5.623410e-07,1.4201,0.501386,5.62255E-07
a_nx1_fs_125c_rbopen_st0,A,extraction,fs,hbt_typ,125,1,0,open,1e12,7.49894E-07,7.498940e-07,1.42848,0.511667,7.49808E-07
a_nx1_fs_125c_rbopen_st0,A,extraction,fs,hbt_typ,125,1,0,open,1e12,1E-06,1.000000e-06,1.43699,0.52195,9.99914E-07
a_nx1_fs_125c_rbopen_st0,A,extraction,fs,hbt_typ,125,1,0,open,1e12,1.33352E-06,1.333520e-06,1.44553,0.532236,1.33343E-06
a_nx1_fs_125c_rbopen_st0,A,extraction,fs,hbt_typ,125,1,0,open,1e12,1.77828E-06,1.778280e-06,1.45419,0.542526,1.77819E-06
a_nx1_fs_125c_rbopen_st0,A,extraction,fs,hbt_typ,125,1,0,open,1e12,2.37137E-06,2.371370e-06,1.46294,0.552822,2.37128E-06
a_nx1_fs_125c_rbopen_st0,A,extraction,fs,hbt_typ,125,1,0,open,1e12,3.16228E-06,3.162280e-06,1.47179,0.563126,3.16219E-06
a_nx1_fs_125c_rbopen_st0,A,extraction,fs,hbt_typ,125,1,0,open,1e12,4.21697E-06,4.216970e-06,1.48074,0.573441,4.21688E-06
a_nx1_fs_125c_rbopen_st0,A,extraction,fs,hbt_typ,125,1,0,open,1e12,5.62341E-06,5.623410e-06,1.48982,0.583769,5.62332E-06
a_nx1_fs_125c_rbopen_st0,A,extraction,fs,hbt_typ,125,1,0,open,1e12,7.49894E-06,7.498940e-06,1.49903,0.594116,7.49885E-06
a_nx1_fs_125c_rbopen_st0,A,extraction,fs,hbt_typ,125,1,0,open,1e12,1E-05,1.000000e-05,1.50849,0.604487,9.99991E-06
a_nx1_fs_125c_rbopen_st0,A,extraction,fs,hbt_typ,125,1,0,open,1e12,1.33352E-05,1.333520e-05,1.518,0.614891,1.33351E-05
a_nx1_fs_125c_rbopen_st0,A,extraction,fs,hbt_typ,125,1,0,open,1e12,1.77828E-05,1.778280e-05,1.52785,0.625339,1.77827E-05
a_nx1_fs_125c_rbopen_st0,A,extraction,fs,hbt_typ,125,1,0,open,1e12,2.37137E-05,2.371370e-05,1.53812,0.635845,2.37136E-05
a_nx1_fs_125c_rbopen_st0,A,extraction,fs,hbt_typ,125,1,0,open,1e12,3.16228E-05,3.162280e-05,1.54865,0.646429,3.16227E-05
a_nx1_fs_125c_rbopen_st0,A,extraction,fs,hbt_typ,125,1,0,open,1e12,4.21697E-05,4.216970e-05,1.55984,0.657114,4.21696E-05
a_nx1_fs_125c_rbopen_st0,A,extraction,fs,hbt_typ,125,1,0,open,1e12,5.62341E-05,5.623410e-05,1.57178,0.667936,5.6234E-05
a_nx1_fs_125c_rbopen_st0,A,extraction,fs,hbt_typ,125,1,0,open,1e12,7.49894E-05,7.498940e-05,1.5847,0.67894,7.49893E-05
a_nx1_fs_125c_rbopen_st0,A,extraction,fs,hbt_typ,125,1,0,open,1e12,0.0001,1.000000e-04,1.59889,0.69019,9.99999E-05
a_nx1_fs_125c_rbopen_st0,A,extraction,fs,hbt_typ,125,1,0,open,1e12,0.000133352,1.333520e-04,1.61489,0.701743,0.000133352
a_nx1_fs_125c_rbopen_st0,A,extraction,fs,hbt_typ,125,1,0,open,1e12,0.000177828,1.778280e-04,1.63333,0.713722,0.000177828
a_nx1_fs_125c_rbopen_st0,A,extraction,fs,hbt_typ,125,1,0,open,1e12,0.000237137,2.371370e-04,1.65403,0.726291,0.000237137
a_nx1_fs_125c_rbopen_st0,A,extraction,fs,hbt_typ,125,1,0,open,1e12,0.000316228,3.162280e-04,1.67931,0.739511,0.000316228
a_nx1_fs_125c_rbopen_st0,A,extraction,fs,hbt_typ,125,1,0,open,1e12,0.000421697,4.216970e-04,1.70994,0.753719,0.000421697
a_nx1_fs_125c_rbopen_st0,A,extraction,fs,hbt_typ,125,1,0,open,1e12,0.000562341,5.623410e-04,1.74645,0.769168,0.000562341
a_nx1_fs_125c_rbopen_st0,A,extraction,fs,hbt_typ,125,1,0,open,1e12,0.000749894,7.498940e-04,1.79224,0.786229,0.000749894
a_nx1_fs_125c_rbopen_st0,A,extraction,fs,hbt_typ,125,1,0,open,1e12,0.001,1.000000e-03,1.84916,0.805375,0.001
a_nx1_fs_125c_rbopen_st0,A,extraction,fs,hbt_typ,125,1,0,open,1e12,0.00133352,1.333520e-03,1.92091,0.82721,0.00133352
a_nx1_fs_125c_rbopen_st0,A,extraction,fs,hbt_typ,125,1,0,open,1e12,0.00177828,1.778280e-03,2.01167,0.852503,0.00177828
a_nx1_fs_125c_rbopen_st0,A,extraction,fs,hbt_typ,125,1,0,open,1e12,0.00237137,2.371370e-03,2.12703,0.882241,0.00237137
a_nx1_fs_125c_rbopen_st0,A,extraction,fs,hbt_typ,125,1,0,open,1e12,0.00316228,3.162280e-03,2.2743,0.917696,0.00316228
a_nx8_fs_125c_rbopen_st1,A,extraction,fs,hbt_typ,125,8,1,open,1e12,8E-10,1.000000e-10,0.194254,0.170929,4.27692E-10
a_nx8_fs_125c_rbopen_st1,A,extraction,fs,hbt_typ,125,8,1,open,1e12,1.06682E-09,1.333525e-10,0.222462,0.188156,6.93581E-10
a_nx8_fs_125c_rbopen_st1,A,extraction,fs,hbt_typ,125,8,1,open,1e12,1.42262E-09,1.778275e-10,0.252938,0.202915,1.0489E-09
a_nx8_fs_125c_rbopen_st1,A,extraction,fs,hbt_typ,125,8,1,open,1e12,1.8971E-09,2.371375e-10,0.292244,0.216232,1.52311E-09
a_nx8_fs_125c_rbopen_st1,A,extraction,fs,hbt_typ,125,8,1,open,1e12,2.52982E-09,3.162275e-10,0.360249,0.228632,2.15564E-09
a_nx8_fs_125c_rbopen_st1,A,extraction,fs,hbt_typ,125,8,1,open,1e12,3.37357E-09,4.216962e-10,0.820619,0.240356,2.9989E-09
a_nx8_fs_125c_rbopen_st1,A,extraction,fs,hbt_typ,125,8,1,open,1e12,4.49873E-09,5.623413e-10,1.05473,0.251703,4.12383E-09
a_nx8_fs_125c_rbopen_st1,A,extraction,fs,hbt_typ,125,8,1,open,1e12,5.99915E-09,7.498938e-10,1.13941,0.262776,5.62416E-09
a_nx8_fs_125c_rbopen_st1,A,extraction,fs,hbt_typ,125,8,1,open,1e12,8E-09,1.000000e-09,1.18844,0.273642,7.62496E-09
a_nx8_fs_125c_rbopen_st1,A,extraction,fs,hbt_typ,125,8,1,open,1e12,1.06682E-08,1.333525e-09,1.2209,0.284354,1.02931E-08
a_nx8_fs_125c_rbopen_st1,A,extraction,fs,hbt_typ,125,8,1,open,1e12,1.42262E-08,1.778275e-09,1.24409,0.294954,1.38511E-08
a_nx8_fs_125c_rbopen_st1,A,extraction,fs,hbt_typ,125,8,1,open,1e12,1.8971E-08,2.371375e-09,1.26156,0.305471,1.85959E-08
a_nx8_fs_125c_rbopen_st1,A,extraction,fs,hbt_typ,125,8,1,open,1e12,2.52982E-08,3.162275e-09,1.27536,0.315926,2.49231E-08
a_nx8_fs_125c_rbopen_st1,A,extraction,fs,hbt_typ,125,8,1,open,1e12,3.37357E-08,4.216963e-09,1.28675,0.326335,3.33606E-08
a_nx8_fs_125c_rbopen_st1,A,extraction,fs,hbt_typ,125,8,1,open,1e12,4.49873E-08,5.623413e-09,1.29651,0.33671,4.46122E-08
a_nx8_fs_125c_rbopen_st1,A,extraction,fs,hbt_typ,125,8,1,open,1e12,5.99915E-08,7.498937e-09,1.30522,0.347059,5.96163E-08
a_nx8_fs_125c_rbopen_st1,A,extraction,fs,hbt_typ,125,8,1,open,1e12,8E-08,1.000000e-08,1.31324,0.357389,7.96248E-08
a_nx8_fs_125c_rbopen_st1,A,extraction,fs,hbt_typ,125,8,1,open,1e12,1.06682E-07,1.333525e-08,1.32083,0.367705,1.06307E-07
a_nx8_fs_125c_rbopen_st1,A,extraction,fs,hbt_typ,125,8,1,open,1e12,1.42262E-07,1.778275e-08,1.32818,0.378009,1.41887E-07
a_nx8_fs_125c_rbopen_st1,A,extraction,fs,hbt_typ,125,8,1,open,1e12,1.8971E-07,2.371375e-08,1.33542,0.388306,1.89335E-07
a_nx8_fs_125c_rbopen_st1,A,extraction,fs,hbt_typ,125,8,1,open,1e12,2.52982E-07,3.162275e-08,1.34264,0.398596,2.52607E-07
a_nx8_fs_125c_rbopen_st1,A,extraction,fs,hbt_typ,125,8,1,open,1e12,3.37357E-07,4.216963e-08,1.3499,0.408882,3.36982E-07
a_nx8_fs_125c_rbopen_st1,A,extraction,fs,hbt_typ,125,8,1,open,1e12,4.49873E-07,5.623413e-08,1.35724,0.419164,4.49498E-07
a_nx8_fs_125c_rbopen_st1,A,extraction,fs,hbt_typ,125,8,1,open,1e12,5.99915E-07,7.498937e-08,1.36468,0.429444,5.9954E-07
a_nx8_fs_125c_rbopen_st1,A,extraction,fs,hbt_typ,125,8,1,open,1e12,8E-07,1.000000e-07,1.37224,0.439722,7.99625E-07
a_nx8_fs_125c_rbopen_st1,A,extraction,fs,hbt_typ,125,8,1,open,1e12,1.06682E-06,1.333525e-07,1.37992,0.449999,1.06644E-06
a_nx8_fs_125c_rbopen_st1,A,extraction,fs,hbt_typ,125,8,1,open,1e12,1.42262E-06,1.778275e-07,1.38773,0.460274,1.42224E-06
a_nx8_fs_125c_rbopen_st1,A,extraction,fs,hbt_typ,125,8,1,open,1e12,1.8971E-06,2.371375e-07,1.39565,0.470549,1.89672E-06
a_nx8_fs_125c_rbopen_st1,A,extraction,fs,hbt_typ,125,8,1,open,1e12,2.52982E-06,3.162275e-07,1.4037,0.480823,2.52944E-06
a_nx8_fs_125c_rbopen_st1,A,extraction,fs,hbt_typ,125,8,1,open,1e12,3.37357E-06,4.216963e-07,1.41186,0.491098,3.37319E-06
a_nx8_fs_125c_rbopen_st1,A,extraction,fs,hbt_typ,125,8,1,open,1e12,4.49873E-06,5.623413e-07,1.42013,0.501372,4.49835E-06
a_nx8_fs_125c_rbopen_st1,A,extraction,fs,hbt_typ,125,8,1,open,1e12,5.99915E-06,7.498937e-07,1.4285,0.511647,5.99877E-06
a_nx8_fs_125c_rbopen_st1,A,extraction,fs,hbt_typ,125,8,1,open,1e12,8E-06,1.000000e-06,1.43696,0.521922,7.99962E-06
a_nx8_fs_125c_rbopen_st1,A,extraction,fs,hbt_typ,125,8,1,open,1e12,1.06682E-05,1.333525e-06,1.44552,0.532198,1.06678E-05
a_nx8_fs_125c_rbopen_st1,A,extraction,fs,hbt_typ,125,8,1,open,1e12,1.42262E-05,1.778275e-06,1.45417,0.542476,1.42258E-05
a_nx8_fs_125c_rbopen_st1,A,extraction,fs,hbt_typ,125,8,1,open,1e12,1.8971E-05,2.371375e-06,1.46291,0.552756,1.89706E-05
a_nx8_fs_125c_rbopen_st1,A,extraction,fs,hbt_typ,125,8,1,open,1e12,2.52982E-05,3.162275e-06,1.47175,0.563038,2.52978E-05
a_nx8_fs_125c_rbopen_st1,A,extraction,fs,hbt_typ,125,8,1,open,1e12,3.37357E-05,4.216963e-06,1.48069,0.573325,3.37353E-05
a_nx8_fs_125c_rbopen_st1,A,extraction,fs,hbt_typ,125,8,1,open,1e12,4.49873E-05,5.623413e-06,1.48974,0.583616,4.49869E-05
a_nx8_fs_125c_rbopen_st1,A,extraction,fs,hbt_typ,125,8,1,open,1e12,5.99915E-05,7.498938e-06,1.49893,0.593915,5.99911E-05
a_nx8_fs_125c_rbopen_st1,A,extraction,fs,hbt_typ,125,8,1,open,1e12,8E-05,1.000000e-05,1.50829,0.604223,7.99996E-05
a_nx8_fs_125c_rbopen_st1,A,extraction,fs,hbt_typ,125,8,1,open,1e12,0.000106682,1.333525e-05,1.51784,0.614545,0.000106682
a_nx8_fs_125c_rbopen_st1,A,extraction,fs,hbt_typ,125,8,1,open,1e12,0.000142262,1.778275e-05,1.52765,0.624885,0.000142262
a_nx8_fs_125c_rbopen_st1,A,extraction,fs,hbt_typ,125,8,1,open,1e12,0.00018971,2.371375e-05,1.53779,0.63525,0.00018971
a_nx8_fs_125c_rbopen_st1,A,extraction,fs,hbt_typ,125,8,1,open,1e12,0.000252982,3.162275e-05,1.54836,0.645648,0.000252982
a_nx8_fs_125c_rbopen_st1,A,extraction,fs,hbt_typ,125,8,1,open,1e12,0.000337357,4.216962e-05,1.55948,0.656091,0.000337357
a_nx8_fs_125c_rbopen_st1,A,extraction,fs,hbt_typ,125,8,1,open,1e12,0.000449873,5.623412e-05,1.57133,0.666595,0.000449873
a_nx8_fs_125c_rbopen_st1,A,extraction,fs,hbt_typ,125,8,1,open,1e12,0.000599915,7.498938e-05,1.58416,0.677182,0.000599915
a_nx8_fs_125c_rbopen_st1,A,extraction,fs,hbt_typ,125,8,1,open,1e12,0.0008,1.000000e-04,1.59827,0.68788,0.0008
a_nx8_fs_125c_rbopen_st1,A,extraction,fs,hbt_typ,125,8,1,open,1e12,0.00106682,1.333525e-04,1.61408,0.698724,0.00106682
a_nx8_fs_125c_rbopen_st1,A,extraction,fs,hbt_typ,125,8,1,open,1e12,0.00142262,1.778275e-04,1.63214,0.709764,0.00142262
a_nx8_fs_125c_rbopen_st1,A,extraction,fs,hbt_typ,125,8,1,open,1e12,0.0018971,2.371375e-04,1.65318,0.721058,0.0018971
a_nx8_fs_125c_rbopen_st1,A,extraction,fs,hbt_typ,125,8,1,open,1e12,0.00252982,3.162275e-04,1.67813,0.732682,0.00252982
a_nx8_fs_125c_rbopen_st1,A,extraction,fs,hbt_typ,125,8,1,open,1e12,0.00337357,4.216963e-04,1.70824,0.744724,0.00337357
a_nx8_fs_125c_rbopen_st1,A,extraction,fs,hbt_typ,125,8,1,open,1e12,0.00449873,5.623413e-04,1.74509,0.757284,0.00449873
a_nx8_fs_125c_rbopen_st1,A,extraction,fs,hbt_typ,125,8,1,open,1e12,0.00599915,7.498937e-04,1.79073,0.770465,0.00599915
a_nx8_fs_125c_rbopen_st1,A,extraction,fs,hbt_typ,125,8,1,open,1e12,0.008,1.000000e-03,1.84775,0.784348,0.008
a_nx8_fs_125c_rbopen_st1,A,extraction,fs,hbt_typ,125,8,1,open,1e12,0.0106682,1.333525e-03,1.91935,0.798959,0.0106682
a_nx8_fs_125c_rbopen_st1,A,extraction,fs,hbt_typ,125,8,1,open,1e12,0.0142262,1.778275e-03,2.00941,0.814187,0.0142262
a_nx8_fs_125c_rbopen_st1,A,extraction,fs,hbt_typ,125,8,1,open,1e12,0.018971,2.371375e-03,2.12211,0.829671,0.0189709
a_nx8_fs_125c_rbopen_st1,A,extraction,fs,hbt_typ,125,8,1,open,1e12,0.0252982,3.162275e-03,2.25942,0.844653,0.0252977
a_nx8_fs_125c_rbopen_st0,A,extraction,fs,hbt_typ,125,8,0,open,1e12,8E-10,1.000000e-10,0.194326,0.170929,4.27694E-10
a_nx8_fs_125c_rbopen_st0,A,extraction,fs,hbt_typ,125,8,0,open,1e12,1.06682E-09,1.333525e-10,0.222582,0.188156,6.93583E-10
a_nx8_fs_125c_rbopen_st0,A,extraction,fs,hbt_typ,125,8,0,open,1e12,1.42262E-09,1.778275e-10,0.253157,0.202915,1.0489E-09
a_nx8_fs_125c_rbopen_st0,A,extraction,fs,hbt_typ,125,8,0,open,1e12,1.8971E-09,2.371375e-10,0.292247,0.216232,1.52311E-09
a_nx8_fs_125c_rbopen_st0,A,extraction,fs,hbt_typ,125,8,0,open,1e12,2.52982E-09,3.162275e-10,0.360357,0.228632,2.15564E-09
a_nx8_fs_125c_rbopen_st0,A,extraction,fs,hbt_typ,125,8,0,open,1e12,3.37357E-09,4.216962e-10,0.82007,0.240356,2.9989E-09
a_nx8_fs_125c_rbopen_st0,A,extraction,fs,hbt_typ,125,8,0,open,1e12,4.49873E-09,5.623413e-10,1.05372,0.251703,4.12383E-09
a_nx8_fs_125c_rbopen_st0,A,extraction,fs,hbt_typ,125,8,0,open,1e12,5.99915E-09,7.498938e-10,1.13911,0.262776,5.62416E-09
a_nx8_fs_125c_rbopen_st0,A,extraction,fs,hbt_typ,125,8,0,open,1e12,8E-09,1.000000e-09,1.18831,0.273642,7.62496E-09
a_nx8_fs_125c_rbopen_st0,A,extraction,fs,hbt_typ,125,8,0,open,1e12,1.06682E-08,1.333525e-09,1.22085,0.284354,1.02931E-08
a_nx8_fs_125c_rbopen_st0,A,extraction,fs,hbt_typ,125,8,0,open,1e12,1.42262E-08,1.778275e-09,1.24405,0.294954,1.38511E-08
a_nx8_fs_125c_rbopen_st0,A,extraction,fs,hbt_typ,125,8,0,open,1e12,1.8971E-08,2.371375e-09,1.26154,0.305471,1.85959E-08
a_nx8_fs_125c_rbopen_st0,A,extraction,fs,hbt_typ,125,8,0,open,1e12,2.52982E-08,3.162275e-09,1.27536,0.315926,2.49231E-08
a_nx8_fs_125c_rbopen_st0,A,extraction,fs,hbt_typ,125,8,0,open,1e12,3.37357E-08,4.216963e-09,1.28674,0.326335,3.33606E-08
a_nx8_fs_125c_rbopen_st0,A,extraction,fs,hbt_typ,125,8,0,open,1e12,4.49873E-08,5.623413e-09,1.29651,0.33671,4.46122E-08
a_nx8_fs_125c_rbopen_st0,A,extraction,fs,hbt_typ,125,8,0,open,1e12,5.99915E-08,7.498937e-09,1.30522,0.347059,5.96163E-08
a_nx8_fs_125c_rbopen_st0,A,extraction,fs,hbt_typ,125,8,0,open,1e12,8E-08,1.000000e-08,1.31324,0.357389,7.96248E-08
a_nx8_fs_125c_rbopen_st0,A,extraction,fs,hbt_typ,125,8,0,open,1e12,1.06682E-07,1.333525e-08,1.32083,0.367705,1.06307E-07
a_nx8_fs_125c_rbopen_st0,A,extraction,fs,hbt_typ,125,8,0,open,1e12,1.42262E-07,1.778275e-08,1.32818,0.37801,1.41887E-07
a_nx8_fs_125c_rbopen_st0,A,extraction,fs,hbt_typ,125,8,0,open,1e12,1.8971E-07,2.371375e-08,1.33543,0.388307,1.89335E-07
a_nx8_fs_125c_rbopen_st0,A,extraction,fs,hbt_typ,125,8,0,open,1e12,2.52982E-07,3.162275e-08,1.34265,0.398597,2.52607E-07
a_nx8_fs_125c_rbopen_st0,A,extraction,fs,hbt_typ,125,8,0,open,1e12,3.37357E-07,4.216963e-08,1.3499,0.408883,3.36982E-07
a_nx8_fs_125c_rbopen_st0,A,extraction,fs,hbt_typ,125,8,0,open,1e12,4.49873E-07,5.623413e-08,1.35724,0.419166,4.49498E-07
a_nx8_fs_125c_rbopen_st0,A,extraction,fs,hbt_typ,125,8,0,open,1e12,5.99915E-07,7.498937e-08,1.36469,0.429447,5.9954E-07
a_nx8_fs_125c_rbopen_st0,A,extraction,fs,hbt_typ,125,8,0,open,1e12,8E-07,1.000000e-07,1.37224,0.439725,7.99625E-07
a_nx8_fs_125c_rbopen_st0,A,extraction,fs,hbt_typ,125,8,0,open,1e12,1.06682E-06,1.333525e-07,1.37992,0.450003,1.06644E-06
a_nx8_fs_125c_rbopen_st0,A,extraction,fs,hbt_typ,125,8,0,open,1e12,1.42262E-06,1.778275e-07,1.38773,0.46028,1.42224E-06
a_nx8_fs_125c_rbopen_st0,A,extraction,fs,hbt_typ,125,8,0,open,1e12,1.8971E-06,2.371375e-07,1.39566,0.470556,1.89672E-06
a_nx8_fs_125c_rbopen_st0,A,extraction,fs,hbt_typ,125,8,0,open,1e12,2.52982E-06,3.162275e-07,1.40371,0.480833,2.52944E-06
a_nx8_fs_125c_rbopen_st0,A,extraction,fs,hbt_typ,125,8,0,open,1e12,3.37357E-06,4.216963e-07,1.41187,0.491111,3.37319E-06
a_nx8_fs_125c_rbopen_st0,A,extraction,fs,hbt_typ,125,8,0,open,1e12,4.49873E-06,5.623413e-07,1.42014,0.501389,4.49835E-06
a_nx8_fs_125c_rbopen_st0,A,extraction,fs,hbt_typ,125,8,0,open,1e12,5.99915E-06,7.498937e-07,1.42851,0.511669,5.99877E-06
a_nx8_fs_125c_rbopen_st0,A,extraction,fs,hbt_typ,125,8,0,open,1e12,8E-06,1.000000e-06,1.43698,0.521952,7.99962E-06
a_nx8_fs_125c_rbopen_st0,A,extraction,fs,hbt_typ,125,8,0,open,1e12,1.06682E-05,1.333525e-06,1.44554,0.532237,1.06678E-05
a_nx8_fs_125c_rbopen_st0,A,extraction,fs,hbt_typ,125,8,0,open,1e12,1.42262E-05,1.778275e-06,1.4542,0.542527,1.42258E-05
a_nx8_fs_125c_rbopen_st0,A,extraction,fs,hbt_typ,125,8,0,open,1e12,1.8971E-05,2.371375e-06,1.46295,0.552823,1.89706E-05
a_nx8_fs_125c_rbopen_st0,A,extraction,fs,hbt_typ,125,8,0,open,1e12,2.52982E-05,3.162275e-06,1.47179,0.563127,2.52978E-05
a_nx8_fs_125c_rbopen_st0,A,extraction,fs,hbt_typ,125,8,0,open,1e12,3.37357E-05,4.216963e-06,1.48075,0.573441,3.37353E-05
a_nx8_fs_125c_rbopen_st0,A,extraction,fs,hbt_typ,125,8,0,open,1e12,4.49873E-05,5.623413e-06,1.48982,0.583769,4.49869E-05
a_nx8_fs_125c_rbopen_st0,A,extraction,fs,hbt_typ,125,8,0,open,1e12,5.99915E-05,7.498938e-06,1.49903,0.594116,5.99911E-05
a_nx8_fs_125c_rbopen_st0,A,extraction,fs,hbt_typ,125,8,0,open,1e12,8E-05,1.000000e-05,1.50841,0.604487,7.99996E-05
a_nx8_fs_125c_rbopen_st0,A,extraction,fs,hbt_typ,125,8,0,open,1e12,0.000106682,1.333525e-05,1.518,0.614891,0.000106682
a_nx8_fs_125c_rbopen_st0,A,extraction,fs,hbt_typ,125,8,0,open,1e12,0.000142262,1.778275e-05,1.52785,0.625339,0.000142262
a_nx8_fs_125c_rbopen_st0,A,extraction,fs,hbt_typ,125,8,0,open,1e12,0.00018971,2.371375e-05,1.53803,0.635845,0.00018971
a_nx8_fs_125c_rbopen_st0,A,extraction,fs,hbt_typ,125,8,0,open,1e12,0.000252982,3.162275e-05,1.54865,0.646428,0.000252982
a_nx8_fs_125c_rbopen_st0,A,extraction,fs,hbt_typ,125,8,0,open,1e12,0.000337357,4.216962e-05,1.55984,0.657114,0.000337357
a_nx8_fs_125c_rbopen_st0,A,extraction,fs,hbt_typ,125,8,0,open,1e12,0.000449873,5.623412e-05,1.57178,0.667936,0.000449873
a_nx8_fs_125c_rbopen_st0,A,extraction,fs,hbt_typ,125,8,0,open,1e12,0.000599915,7.498938e-05,1.5847,0.67894,0.000599915
a_nx8_fs_125c_rbopen_st0,A,extraction,fs,hbt_typ,125,8,0,open,1e12,0.0008,1.000000e-04,1.59892,0.690182,0.0008
a_nx8_fs_125c_rbopen_st0,A,extraction,fs,hbt_typ,125,8,0,open,1e12,0.00106682,1.333525e-04,1.61486,0.701743,0.00106682
a_nx8_fs_125c_rbopen_st0,A,extraction,fs,hbt_typ,125,8,0,open,1e12,0.00142262,1.778275e-04,1.63305,0.713722,0.00142262
a_nx8_fs_125c_rbopen_st0,A,extraction,fs,hbt_typ,125,8,0,open,1e12,0.0018971,2.371375e-04,1.65422,0.726253,0.0018971
a_nx8_fs_125c_rbopen_st0,A,extraction,fs,hbt_typ,125,8,0,open,1e12,0.00252982,3.162275e-04,1.67931,0.739511,0.00252982
a_nx8_fs_125c_rbopen_st0,A,extraction,fs,hbt_typ,125,8,0,open,1e12,0.00337357,4.216963e-04,1.70952,0.753719,0.00337357
a_nx8_fs_125c_rbopen_st0,A,extraction,fs,hbt_typ,125,8,0,open,1e12,0.00449873,5.623413e-04,1.74645,0.769168,0.00449873
a_nx8_fs_125c_rbopen_st0,A,extraction,fs,hbt_typ,125,8,0,open,1e12,0.00599915,7.498937e-04,1.79213,0.786229,0.00599915
a_nx8_fs_125c_rbopen_st0,A,extraction,fs,hbt_typ,125,8,0,open,1e12,0.008,1.000000e-03,1.84916,0.805375,0.008
a_nx8_fs_125c_rbopen_st0,A,extraction,fs,hbt_typ,125,8,0,open,1e12,0.0106682,1.333525e-03,1.92091,0.82721,0.0106682
a_nx8_fs_125c_rbopen_st0,A,extraction,fs,hbt_typ,125,8,0,open,1e12,0.0142262,1.778275e-03,2.01167,0.852503,0.0142262
a_nx8_fs_125c_rbopen_st0,A,extraction,fs,hbt_typ,125,8,0,open,1e12,0.018971,2.371375e-03,2.12703,0.882241,0.018971
a_nx8_fs_125c_rbopen_st0,A,extraction,fs,hbt_typ,125,8,0,open,1e12,0.0252982,3.162275e-03,2.2743,0.917696,0.0252982
a_nx1_typ_-40c_rb14k_st1,A,extraction,typ,hbt_typ,-40,1,1,14k,1.4e4,1E-10,1.000000e-10,33.3334,9.33335E-07,6.66668E-11
a_nx1_typ_-40c_rb14k_st1,A,extraction,typ,hbt_typ,-40,1,1,14k,1.4e4,1.33352E-10,1.333520e-10,44.4507,1.24462E-06,8.89014E-11
a_nx1_typ_-40c_rb14k_st1,A,extraction,typ,hbt_typ,-40,1,1,14k,1.4e4,1.77828E-10,1.778280e-10,59.2759,1.65973E-06,1.18552E-10
a_nx1_typ_-40c_rb14k_st1,A,extraction,typ,hbt_typ,-40,1,1,14k,1.4e4,2.37137E-10,2.371370e-10,79.0454,2.21327E-06,1.58091E-10
a_nx1_typ_-40c_rb14k_st1,A,extraction,typ,hbt_typ,-40,1,1,14k,1.4e4,3.16228E-10,3.162280e-10,105.409,2.95145E-06,2.10818E-10
a_nx1_typ_-40c_rb14k_st1,A,extraction,typ,hbt_typ,-40,1,1,14k,1.4e4,4.21697E-10,4.216970e-10,140.566,3.93584E-06,2.81131E-10
a_nx1_typ_-40c_rb14k_st1,A,extraction,typ,hbt_typ,-40,1,1,14k,1.4e4,5.62341E-10,5.623410e-10,187.447,5.24851E-06,3.74893E-10
a_nx1_typ_-40c_rb14k_st1,A,extraction,typ,hbt_typ,-40,1,1,14k,1.4e4,7.49894E-10,7.498940e-10,249.964,6.999E-06,4.99929E-10
a_nx1_typ_-40c_rb14k_st1,A,extraction,typ,hbt_typ,-40,1,1,14k,1.4e4,1E-09,1.000000e-09,333.333,9.33332E-06,6.66666E-10
a_nx1_typ_-40c_rb14k_st1,A,extraction,typ,hbt_typ,-40,1,1,14k,1.4e4,1.33352E-09,1.333520e-09,444.508,1.24462E-05,8.89017E-10
a_nx1_typ_-40c_rb14k_st1,A,extraction,typ,hbt_typ,-40,1,1,14k,1.4e4,1.77828E-09,1.778280e-09,592.759,1.65973E-05,1.18552E-09
a_nx1_typ_-40c_rb14k_st1,A,extraction,typ,hbt_typ,-40,1,1,14k,1.4e4,2.37137E-09,2.371370e-09,790.456,2.21328E-05,1.58091E-09
a_nx1_typ_-40c_rb14k_st1,A,extraction,typ,hbt_typ,-40,1,1,14k,1.4e4,3.16228E-09,3.162280e-09,1054.1,2.95147E-05,2.10819E-09
a_nx1_typ_-40c_rb14k_st1,A,extraction,typ,hbt_typ,-40,1,1,14k,1.4e4,4.21697E-09,4.216970e-09,1405.65,3.93582E-05,2.8113E-09
a_nx1_typ_-40c_rb14k_st1,A,extraction,typ,hbt_typ,-40,1,1,14k,1.4e4,5.62341E-09,5.623410e-09,1874.46,5.2485E-05,3.74893E-09
a_nx1_typ_-40c_rb14k_st1,A,extraction,typ,hbt_typ,-40,1,1,14k,1.4e4,7.49894E-09,7.498940e-09,2499.66,6.99905E-05,4.99932E-09
a_nx1_typ_-40c_rb14k_st1,A,extraction,typ,hbt_typ,-40,1,1,14k,1.4e4,1E-08,1.000000e-08,3333.33,9.33331E-05,6.66666E-09
a_nx1_typ_-40c_rb14k_st1,A,extraction,typ,hbt_typ,-40,1,1,14k,1.4e4,1.33352E-08,1.333520e-08,4445.08,0.000124462,8.89017E-09
a_nx1_typ_-40c_rb14k_st1,A,extraction,typ,hbt_typ,-40,1,1,14k,1.4e4,1.77828E-08,1.778280e-08,5927.6,0.000165973,1.18552E-08
a_nx1_typ_-40c_rb14k_st1,A,extraction,typ,hbt_typ,-40,1,1,14k,1.4e4,2.37137E-08,2.371370e-08,7904.54,0.000221327,1.58091E-08
a_nx1_typ_-40c_rb14k_st1,A,extraction,typ,hbt_typ,-40,1,1,14k,1.4e4,3.16228E-08,3.162280e-08,10540.9,0.000295146,2.10819E-08
a_nx1_typ_-40c_rb14k_st1,A,extraction,typ,hbt_typ,-40,1,1,14k,1.4e4,4.21697E-08,4.216970e-08,14056.5,0.000393583,2.81131E-08
a_nx1_typ_-40c_rb14k_st1,A,extraction,typ,hbt_typ,-40,1,1,14k,1.4e4,5.62341E-08,5.623410e-08,18744.7,0.000524853,3.74895E-08
a_nx1_typ_-40c_rb14k_st1,A,extraction,typ,hbt_typ,-40,1,1,14k,1.4e4,7.49894E-08,7.498940e-08,24996.4,0.0006999,4.99929E-08
a_nx1_typ_-40c_rb14k_st1,A,extraction,typ,hbt_typ,-40,1,1,14k,1.4e4,1E-07,1.000000e-07,33333.1,0.000933331,6.66665E-08
a_nx1_typ_-40c_rb14k_st1,A,extraction,typ,hbt_typ,-40,1,1,14k,1.4e4,1.33352E-07,1.333520e-07,44450.5,0.00124462,8.89014E-08
a_nx1_typ_-40c_rb14k_st1,A,extraction,typ,hbt_typ,-40,1,1,14k,1.4e4,1.77828E-07,1.778280e-07,59275.9,0.00165974,1.18553E-07
a_nx1_typ_-40c_rb14k_st1,A,extraction,typ,hbt_typ,-40,1,1,14k,1.4e4,2.37137E-07,2.371370e-07,79044.3,0.00221329,1.58092E-07
a_nx1_typ_-40c_rb14k_st1,A,extraction,typ,hbt_typ,-40,1,1,14k,1.4e4,3.16228E-07,3.162280e-07,105405,0.00295153,2.10824E-07
a_nx1_typ_-40c_rb14k_st1,A,extraction,typ,hbt_typ,-40,1,1,14k,1.4e4,4.21697E-07,4.216970e-07,140538,0.00393624,2.8116E-07
a_nx1_typ_-40c_rb14k_st1,A,extraction,typ,hbt_typ,-40,1,1,14k,1.4e4,5.62341E-07,5.623410e-07,186931,0.00525576,3.75411E-07
a_nx1_typ_-40c_rb14k_st1,A,extraction,typ,hbt_typ,-40,1,1,14k,1.4e4,7.49894E-07,7.498940e-07,,,
a_nx1_typ_-40c_rb14k_st1,A,extraction,typ,hbt_typ,-40,1,1,14k,1.4e4,1E-06,1.000000e-06,184850,0.00139774,9.98425E-08
a_nx1_typ_-40c_rb14k_st1,A,extraction,typ,hbt_typ,-40,1,1,14k,1.4e4,1.33352E-06,1.333520e-06,387.399,0.0186425,1.33313E-06
a_nx1_typ_-40c_rb14k_st1,A,extraction,typ,hbt_typ,-40,1,1,14k,1.4e4,1.77828E-06,1.778280e-06,388.227,0.0248621,1.77789E-06
a_nx1_typ_-40c_rb14k_st1,A,extraction,typ,hbt_typ,-40,1,1,14k,1.4e4,2.37137E-06,2.371370e-06,389.039,0.033156,2.37098E-06
a_nx1_typ_-40c_rb14k_st1,A,extraction,typ,hbt_typ,-40,1,1,14k,1.4e4,3.16228E-06,3.162280e-06,389.833,0.0442162,3.16189E-06
a_nx1_typ_-40c_rb14k_st1,A,extraction,typ,hbt_typ,-40,1,1,14k,1.4e4,4.21697E-06,4.216970e-06,390.612,0.0589653,4.21658E-06
a_nx1_typ_-40c_rb14k_st1,A,extraction,typ,hbt_typ,-40,1,1,14k,1.4e4,5.62341E-06,5.623410e-06,391.38,0.0786334,5.62302E-06
a_nx1_typ_-40c_rb14k_st1,A,extraction,typ,hbt_typ,-40,1,1,14k,1.4e4,7.49894E-06,7.498940e-06,392.148,0.104861,7.49855E-06
a_nx1_typ_-40c_rb14k_st1,A,extraction,typ,hbt_typ,-40,1,1,14k,1.4e4,1E-05,1.000000e-05,392.935,0.139837,9.99961E-06
a_nx1_typ_-40c_rb14k_st1,A,extraction,typ,hbt_typ,-40,1,1,14k,1.4e4,1.33352E-05,1.333520e-05,393.73,0.186479,1.33348E-05
a_nx1_typ_-40c_rb14k_st1,A,extraction,typ,hbt_typ,-40,1,1,14k,1.4e4,1.77828E-05,1.778280e-05,394.187,0.248676,1.77824E-05
a_nx1_typ_-40c_rb14k_st1,A,extraction,typ,hbt_typ,-40,1,1,14k,1.4e4,2.37137E-05,2.371370e-05,389.257,0.331613,2.37133E-05
a_nx1_typ_-40c_rb14k_st1,A,extraction,typ,hbt_typ,-40,1,1,14k,1.4e4,3.16228E-05,3.162280e-05,,,
a_nx1_typ_-40c_rb14k_st1,A,extraction,typ,hbt_typ,-40,1,1,14k,1.4e4,4.21697E-05,4.216970e-05,,,
a_nx1_typ_-40c_rb14k_st1,A,extraction,typ,hbt_typ,-40,1,1,14k,1.4e4,5.62341E-05,5.623410e-05,,,
a_nx1_typ_-40c_rb14k_st1,A,extraction,typ,hbt_typ,-40,1,1,14k,1.4e4,7.49894E-05,7.498940e-05,8.59636,0.802424,7.49894E-05
a_nx1_typ_-40c_rb14k_st1,A,extraction,typ,hbt_typ,-40,1,1,14k,1.4e4,0.0001,1.000000e-04,6.48003,0.821258,0.0001
a_nx1_typ_-40c_rb14k_st1,A,extraction,typ,hbt_typ,-40,1,1,14k,1.4e4,0.000133352,1.333520e-04,5.48286,0.833812,0.000133352
a_nx1_typ_-40c_rb14k_st1,A,extraction,typ,hbt_typ,-40,1,1,14k,1.4e4,0.000177828,1.778280e-04,4.85604,0.84395,0.000177828
a_nx1_typ_-40c_rb14k_st1,A,extraction,typ,hbt_typ,-40,1,1,14k,1.4e4,0.000237137,2.371370e-04,4.40631,0.852982,0.000237137
a_nx1_typ_-40c_rb14k_st1,A,extraction,typ,hbt_typ,-40,1,1,14k,1.4e4,0.000316228,3.162280e-04,4.05916,0.861553,0.000316228
a_nx1_typ_-40c_rb14k_st1,A,extraction,typ,hbt_typ,-40,1,1,14k,1.4e4,0.000421697,4.216970e-04,3.77928,0.87008,0.000421697
a_nx1_typ_-40c_rb14k_st1,A,extraction,typ,hbt_typ,-40,1,1,14k,1.4e4,0.000562341,5.623410e-04,3.54782,0.878891,0.000562341
a_nx1_typ_-40c_rb14k_st1,A,extraction,typ,hbt_typ,-40,1,1,14k,1.4e4,0.000749894,7.498940e-04,3.35408,0.888286,0.000749894
a_nx1_typ_-40c_rb14k_st1,A,extraction,typ,hbt_typ,-40,1,1,14k,1.4e4,0.001,1.000000e-03,3.19198,0.898559,0.001
a_nx1_typ_-40c_rb14k_st1,A,extraction,typ,hbt_typ,-40,1,1,14k,1.4e4,0.00133352,1.333520e-03,3.05849,0.909993,0.00133352
a_nx1_typ_-40c_rb14k_st1,A,extraction,typ,hbt_typ,-40,1,1,14k,1.4e4,0.00177828,1.778280e-03,2.95285,0.922833,0.00177828
a_nx1_typ_-40c_rb14k_st1,A,extraction,typ,hbt_typ,-40,1,1,14k,1.4e4,0.00237137,2.371370e-03,2.87636,0.937202,0.00237137
a_nx1_typ_-40c_rb14k_st1,A,extraction,typ,hbt_typ,-40,1,1,14k,1.4e4,0.00316228,3.162280e-03,2.83236,0.952951,0.00316228
a_nx1_typ_-40c_rb1p4k_st1,A,extraction,typ,hbt_typ,-40,1,1,1p4k,1.4e3,1E-10,1.000000e-10,33.3334,9.33335E-08,6.66668E-11
a_nx1_typ_-40c_rb1p4k_st1,A,extraction,typ,hbt_typ,-40,1,1,1p4k,1.4e3,1.33352E-10,1.333520e-10,44.4507,1.24462E-07,8.89014E-11
a_nx1_typ_-40c_rb1p4k_st1,A,extraction,typ,hbt_typ,-40,1,1,1p4k,1.4e3,1.77828E-10,1.778280e-10,59.2759,1.65973E-07,1.18552E-10
a_nx1_typ_-40c_rb1p4k_st1,A,extraction,typ,hbt_typ,-40,1,1,1p4k,1.4e3,2.37137E-10,2.371370e-10,79.0454,2.21327E-07,1.58091E-10
a_nx1_typ_-40c_rb1p4k_st1,A,extraction,typ,hbt_typ,-40,1,1,1p4k,1.4e3,3.16228E-10,3.162280e-10,105.409,2.95144E-07,2.10817E-10
a_nx1_typ_-40c_rb1p4k_st1,A,extraction,typ,hbt_typ,-40,1,1,1p4k,1.4e3,4.21697E-10,4.216970e-10,140.566,3.93586E-07,2.81133E-10
a_nx1_typ_-40c_rb1p4k_st1,A,extraction,typ,hbt_typ,-40,1,1,1p4k,1.4e3,5.62341E-10,5.623410e-10,187.446,5.24848E-07,3.74891E-10
a_nx1_typ_-40c_rb1p4k_st1,A,extraction,typ,hbt_typ,-40,1,1,1p4k,1.4e3,7.49894E-10,7.498940e-10,249.964,6.999E-07,4.99929E-10
a_nx1_typ_-40c_rb1p4k_st1,A,extraction,typ,hbt_typ,-40,1,1,1p4k,1.4e3,1E-09,1.000000e-09,333.333,9.33332E-07,6.66666E-10
a_nx1_typ_-40c_rb1p4k_st1,A,extraction,typ,hbt_typ,-40,1,1,1p4k,1.4e3,1.33352E-09,1.333520e-09,444.506,1.24462E-06,8.89012E-10
a_nx1_typ_-40c_rb1p4k_st1,A,extraction,typ,hbt_typ,-40,1,1,1p4k,1.4e3,1.77828E-09,1.778280e-09,592.759,1.65973E-06,1.18552E-09
a_nx1_typ_-40c_rb1p4k_st1,A,extraction,typ,hbt_typ,-40,1,1,1p4k,1.4e3,2.37137E-09,2.371370e-09,790.459,2.21329E-06,1.58092E-09
a_nx1_typ_-40c_rb1p4k_st1,A,extraction,typ,hbt_typ,-40,1,1,1p4k,1.4e3,3.16228E-09,3.162280e-09,1054.1,2.95147E-06,2.10819E-09
a_nx1_typ_-40c_rb1p4k_st1,A,extraction,typ,hbt_typ,-40,1,1,1p4k,1.4e3,4.21697E-09,4.216970e-09,1405.66,3.93584E-06,2.81131E-09
a_nx1_typ_-40c_rb1p4k_st1,A,extraction,typ,hbt_typ,-40,1,1,1p4k,1.4e3,5.62341E-09,5.623410e-09,1874.47,5.24853E-06,3.74895E-09
a_nx1_typ_-40c_rb1p4k_st1,A,extraction,typ,hbt_typ,-40,1,1,1p4k,1.4e3,7.49894E-09,7.498940e-09,2499.64,6.99901E-06,4.99929E-09
a_nx1_typ_-40c_rb1p4k_st1,A,extraction,typ,hbt_typ,-40,1,1,1p4k,1.4e3,1E-08,1.000000e-08,3333.33,9.33331E-06,6.66666E-09
a_nx1_typ_-40c_rb1p4k_st1,A,extraction,typ,hbt_typ,-40,1,1,1p4k,1.4e3,1.33352E-08,1.333520e-08,4445.04,1.24461E-05,8.89009E-09
a_nx1_typ_-40c_rb1p4k_st1,A,extraction,typ,hbt_typ,-40,1,1,1p4k,1.4e3,1.77828E-08,1.778280e-08,5927.6,1.65973E-05,1.18552E-08
a_nx1_typ_-40c_rb1p4k_st1,A,extraction,typ,hbt_typ,-40,1,1,1p4k,1.4e3,2.37137E-08,2.371370e-08,7904.54,2.21327E-05,1.58091E-08
a_nx1_typ_-40c_rb1p4k_st1,A,extraction,typ,hbt_typ,-40,1,1,1p4k,1.4e3,3.16228E-08,3.162280e-08,10540.9,2.95146E-05,2.10819E-08
a_nx1_typ_-40c_rb1p4k_st1,A,extraction,typ,hbt_typ,-40,1,1,1p4k,1.4e3,4.21697E-08,4.216970e-08,14056.6,3.93584E-05,2.81132E-08
a_nx1_typ_-40c_rb1p4k_st1,A,extraction,typ,hbt_typ,-40,1,1,1p4k,1.4e3,5.62341E-08,5.623410e-08,18744.6,5.2485E-05,3.74893E-08
a_nx1_typ_-40c_rb1p4k_st1,A,extraction,typ,hbt_typ,-40,1,1,1p4k,1.4e3,7.49894E-08,7.498940e-08,24996.4,6.99902E-05,4.9993E-08
a_nx1_typ_-40c_rb1p4k_st1,A,extraction,typ,hbt_typ,-40,1,1,1p4k,1.4e3,1E-07,1.000000e-07,33333.4,9.33336E-05,6.66669E-08
a_nx1_typ_-40c_rb1p4k_st1,A,extraction,typ,hbt_typ,-40,1,1,1p4k,1.4e3,1.33352E-07,1.333520e-07,44450.7,0.000124463,8.89019E-08
a_nx1_typ_-40c_rb1p4k_st1,A,extraction,typ,hbt_typ,-40,1,1,1p4k,1.4e3,1.77828E-07,1.778280e-07,59275.8,0.000165974,1.18553E-07
a_nx1_typ_-40c_rb1p4k_st1,A,extraction,typ,hbt_typ,-40,1,1,1p4k,1.4e3,2.37137E-07,2.371370e-07,79044.1,0.000221328,1.58091E-07
a_nx1_typ_-40c_rb1p4k_st1,A,extraction,typ,hbt_typ,-40,1,1,1p4k,1.4e3,3.16228E-07,3.162280e-07,105405,0.000295151,2.10822E-07
a_nx1_typ_-40c_rb1p4k_st1,A,extraction,typ,hbt_typ,-40,1,1,1p4k,1.4e3,4.21697E-07,4.216970e-07,140543,0.000393618,2.81156E-07
a_nx1_typ_-40c_rb1p4k_st1,A,extraction,typ,hbt_typ,-40,1,1,1p4k,1.4e3,5.62341E-07,5.623410e-07,187133,0.000525294,3.7521E-07
a_nx1_typ_-40c_rb1p4k_st1,A,extraction,typ,hbt_typ,-40,1,1,1p4k,1.4e3,7.49894E-07,7.498940e-07,181795,-0.000162592,-1.16137E-07
a_nx1_typ_-40c_rb1p4k_st1,A,extraction,typ,hbt_typ,-40,1,1,1p4k,1.4e3,1E-06,1.000000e-06,,,
a_nx1_typ_-40c_rb1p4k_st1,A,extraction,typ,hbt_typ,-40,1,1,1p4k,1.4e3,1.33352E-06,1.333520e-06,387.339,0.00186425,1.33313E-06
a_nx1_typ_-40c_rb1p4k_st1,A,extraction,typ,hbt_typ,-40,1,1,1p4k,1.4e3,1.77828E-06,1.778280e-06,388.148,0.00248621,1.77789E-06
a_nx1_typ_-40c_rb1p4k_st1,A,extraction,typ,hbt_typ,-40,1,1,1p4k,1.4e3,2.37137E-06,2.371370e-06,388.935,0.00331559,2.37098E-06
a_nx1_typ_-40c_rb1p4k_st1,A,extraction,typ,hbt_typ,-40,1,1,1p4k,1.4e3,3.16228E-06,3.162280e-06,389.697,0.00442162,3.16189E-06
a_nx1_typ_-40c_rb1p4k_st1,A,extraction,typ,hbt_typ,-40,1,1,1p4k,1.4e3,4.21697E-06,4.216970e-06,390.433,0.00589652,4.21658E-06
a_nx1_typ_-40c_rb1p4k_st1,A,extraction,typ,hbt_typ,-40,1,1,1p4k,1.4e3,5.62341E-06,5.623410e-06,391.146,0.00786333,5.62302E-06
a_nx1_typ_-40c_rb1p4k_st1,A,extraction,typ,hbt_typ,-40,1,1,1p4k,1.4e3,7.49894E-06,7.498940e-06,391.849,0.0104861,7.49855E-06
a_nx1_typ_-40c_rb1p4k_st1,A,extraction,typ,hbt_typ,-40,1,1,1p4k,1.4e3,1E-05,1.000000e-05,392.573,0.0139837,9.99961E-06
a_nx1_typ_-40c_rb1p4k_st1,A,extraction,typ,hbt_typ,-40,1,1,1p4k,1.4e3,1.33352E-05,1.333520e-05,393.391,0.0186478,1.33348E-05
a_nx1_typ_-40c_rb1p4k_st1,A,extraction,typ,hbt_typ,-40,1,1,1p4k,1.4e3,1.77828E-05,1.778280e-05,394.454,0.0248677,1.77824E-05
a_nx1_typ_-40c_rb1p4k_st1,A,extraction,typ,hbt_typ,-40,1,1,1p4k,1.4e3,2.37137E-05,2.371370e-05,396.087,0.033162,2.37133E-05
a_nx1_typ_-40c_rb1p4k_st1,A,extraction,typ,hbt_typ,-40,1,1,1p4k,1.4e3,3.16228E-05,3.162280e-05,399.005,0.044223,3.16224E-05
a_nx1_typ_-40c_rb1p4k_st1,A,extraction,typ,hbt_typ,-40,1,1,1p4k,1.4e3,4.21697E-05,4.216970e-05,404.568,0.0589725,4.21684E-05
a_nx1_typ_-40c_rb1p4k_st1,A,extraction,typ,hbt_typ,-40,1,1,1p4k,1.4e3,5.62341E-05,5.623410e-05,403.523,0.0785351,5.61563E-05
a_nx1_typ_-40c_rb1p4k_st1,A,extraction,typ,hbt_typ,-40,1,1,1p4k,1.4e3,7.49894E-05,7.498940e-05,,,
a_nx1_typ_-40c_rb1p4k_st1,A,extraction,typ,hbt_typ,-40,1,1,1p4k,1.4e3,0.0001,1.000000e-04,,,
a_nx1_typ_-40c_rb1p4k_st1,A,extraction,typ,hbt_typ,-40,1,1,1p4k,1.4e3,0.000133352,1.333520e-04,,,
a_nx1_typ_-40c_rb1p4k_st1,A,extraction,typ,hbt_typ,-40,1,1,1p4k,1.4e3,0.000177828,1.778280e-04,,,
a_nx1_typ_-40c_rb1p4k_st1,A,extraction,typ,hbt_typ,-40,1,1,1p4k,1.4e3,0.000237137,2.371370e-04,,,
a_nx1_typ_-40c_rb1p4k_st1,A,extraction,typ,hbt_typ,-40,1,1,1p4k,1.4e3,0.000316228,3.162280e-04,,,
a_nx1_typ_-40c_rb1p4k_st1,A,extraction,typ,hbt_typ,-40,1,1,1p4k,1.4e3,0.000421697,4.216970e-04,,,
a_nx1_typ_-40c_rb1p4k_st1,A,extraction,typ,hbt_typ,-40,1,1,1p4k,1.4e3,0.000562341,5.623410e-04,,,
a_nx1_typ_-40c_rb1p4k_st1,A,extraction,typ,hbt_typ,-40,1,1,1p4k,1.4e3,0.000749894,7.498940e-04,,,
a_nx1_typ_-40c_rb1p4k_st1,A,extraction,typ,hbt_typ,-40,1,1,1p4k,1.4e3,0.001,1.000000e-03,6.02548,0.79286,0.001
a_nx1_typ_-40c_rb1p4k_st1,A,extraction,typ,hbt_typ,-40,1,1,1p4k,1.4e3,0.00133352,1.333520e-03,5.16804,0.812801,0.00133352
a_nx1_typ_-40c_rb1p4k_st1,A,extraction,typ,hbt_typ,-40,1,1,1p4k,1.4e3,0.00177828,1.778280e-03,4.60738,0.830663,0.00177828
a_nx1_typ_-40c_rb1p4k_st1,A,extraction,typ,hbt_typ,-40,1,1,1p4k,1.4e3,0.00237137,2.371370e-03,4.20272,0.848138,0.00237137
a_nx1_typ_-40c_rb1p4k_st1,A,extraction,typ,hbt_typ,-40,1,1,1p4k,1.4e3,0.00316228,3.162280e-03,3.89731,0.865818,0.00316228
a_nx8_typ_-40c_rb14k_st1,A,extraction,typ,hbt_typ,-40,8,1,14k,1.4e4,8E-10,1.000000e-10,266.674,7.4669E-06,5.3335E-10
a_nx8_typ_-40c_rb14k_st1,A,extraction,typ,hbt_typ,-40,8,1,14k,1.4e4,1.06682E-09,1.333525e-10,355.61,9.95716E-06,7.11226E-10
a_nx8_typ_-40c_rb14k_st1,A,extraction,typ,hbt_typ,-40,8,1,14k,1.4e4,1.42262E-09,1.778275e-10,474.21,1.3278E-05,9.48427E-10
a_nx8_typ_-40c_rb14k_st1,A,extraction,typ,hbt_typ,-40,8,1,14k,1.4e4,1.8971E-09,2.371375e-10,632.378,1.77067E-05,1.26477E-09
a_nx8_typ_-40c_rb14k_st1,A,extraction,typ,hbt_typ,-40,8,1,14k,1.4e4,2.52982E-09,3.162275e-10,843.269,2.36117E-05,1.68655E-09
a_nx8_typ_-40c_rb14k_st1,A,extraction,typ,hbt_typ,-40,8,1,14k,1.4e4,3.37357E-09,4.216962e-10,1124.5,3.14862E-05,2.24902E-09
a_nx8_typ_-40c_rb14k_st1,A,extraction,typ,hbt_typ,-40,8,1,14k,1.4e4,4.49873E-09,5.623413e-10,1499.57,4.19883E-05,2.99916E-09
a_nx8_typ_-40c_rb14k_st1,A,extraction,typ,hbt_typ,-40,8,1,14k,1.4e4,5.99915E-09,7.498938e-10,1999.73,5.59929E-05,3.99949E-09
a_nx8_typ_-40c_rb14k_st1,A,extraction,typ,hbt_typ,-40,8,1,14k,1.4e4,8E-09,1.000000e-09,2666.65,7.46669E-05,5.33335E-09
a_nx8_typ_-40c_rb14k_st1,A,extraction,typ,hbt_typ,-40,8,1,14k,1.4e4,1.06682E-08,1.333525e-09,3556.05,9.95702E-05,7.11216E-09
a_nx8_typ_-40c_rb14k_st1,A,extraction,typ,hbt_typ,-40,8,1,14k,1.4e4,1.42262E-08,1.778275e-09,4742.04,0.000132778,9.48417E-09
a_nx8_typ_-40c_rb14k_st1,A,extraction,typ,hbt_typ,-40,8,1,14k,1.4e4,1.8971E-08,2.371375e-09,6323.7,0.000177065,1.26475E-08
a_nx8_typ_-40c_rb14k_st1,A,extraction,typ,hbt_typ,-40,8,1,14k,1.4e4,2.52982E-08,3.162275e-09,8432.64,0.000236116,1.68654E-08
a_nx8_typ_-40c_rb14k_st1,A,extraction,typ,hbt_typ,-40,8,1,14k,1.4e4,3.37357E-08,4.216963e-09,11245.3,0.000314871,2.24908E-08
a_nx8_typ_-40c_rb14k_st1,A,extraction,typ,hbt_typ,-40,8,1,14k,1.4e4,4.49873E-08,5.623413e-09,14995.4,0.000419875,2.9991E-08
a_nx8_typ_-40c_rb14k_st1,A,extraction,typ,hbt_typ,-40,8,1,14k,1.4e4,5.99915E-08,7.498937e-09,19996.3,0.000559902,3.9993E-08
a_nx8_typ_-40c_rb14k_st1,A,extraction,typ,hbt_typ,-40,8,1,14k,1.4e4,8E-08,1.000000e-08,26666.3,0.000746663,5.33331E-08
a_nx8_typ_-40c_rb14k_st1,A,extraction,typ,hbt_typ,-40,8,1,14k,1.4e4,1.06682E-07,1.333525e-08,35560.5,0.000995706,7.11219E-08
a_nx8_typ_-40c_rb14k_st1,A,extraction,typ,hbt_typ,-40,8,1,14k,1.4e4,1.42262E-07,1.778275e-08,47420.5,0.00132779,9.48421E-08
a_nx8_typ_-40c_rb14k_st1,A,extraction,typ,hbt_typ,-40,8,1,14k,1.4e4,1.8971E-07,2.371375e-08,63234.3,0.00177058,1.2647E-07
a_nx8_typ_-40c_rb14k_st1,A,extraction,typ,hbt_typ,-40,8,1,14k,1.4e4,2.52982E-07,3.162275e-08,84325.1,0.00236114,1.68653E-07
a_nx8_typ_-40c_rb14k_st1,A,extraction,typ,hbt_typ,-40,8,1,14k,1.4e4,3.37357E-07,4.216963e-08,112451,0.00314867,2.24905E-07
a_nx8_typ_-40c_rb14k_st1,A,extraction,typ,hbt_typ,-40,8,1,14k,1.4e4,4.49873E-07,5.623413e-08,149954,0.00419879,2.99914E-07
a_nx8_typ_-40c_rb14k_st1,A,extraction,typ,hbt_typ,-40,8,1,14k,1.4e4,5.99915E-07,7.498937e-08,199967,0.00559923,3.99945E-07
a_nx8_typ_-40c_rb14k_st1,A,extraction,typ,hbt_typ,-40,8,1,14k,1.4e4,8E-07,1.000000e-07,266655,0.00746666,5.33333E-07
a_nx8_typ_-40c_rb14k_st1,A,extraction,typ,hbt_typ,-40,8,1,14k,1.4e4,1.06682E-06,1.333525e-07,355589,0.0099573,7.11236E-07
a_nx8_typ_-40c_rb14k_st1,A,extraction,typ,hbt_typ,-40,8,1,14k,1.4e4,1.42262E-06,1.778275e-07,474147,0.0132786,9.48472E-07
a_nx8_typ_-40c_rb14k_st1,A,extraction,typ,hbt_typ,-40,8,1,14k,1.4e4,1.8971E-06,2.371375e-07,632090,0.0177103,1.26502E-06
a_nx8_typ_-40c_rb14k_st1,A,extraction,typ,hbt_typ,-40,8,1,14k,1.4e4,2.52982E-06,3.162275e-07,,,
a_nx8_typ_-40c_rb14k_st1,A,extraction,typ,hbt_typ,-40,8,1,14k,1.4e4,3.37357E-06,4.216963e-07,,,
a_nx8_typ_-40c_rb14k_st1,A,extraction,typ,hbt_typ,-40,8,1,14k,1.4e4,4.49873E-06,5.623413e-07,,,
a_nx8_typ_-40c_rb14k_st1,A,extraction,typ,hbt_typ,-40,8,1,14k,1.4e4,5.99915E-06,7.498937e-07,,,
a_nx8_typ_-40c_rb14k_st1,A,extraction,typ,hbt_typ,-40,8,1,14k,1.4e4,8E-06,1.000000e-06,387.06,0.111866,7.99961E-06
a_nx8_typ_-40c_rb14k_st1,A,extraction,typ,hbt_typ,-40,8,1,14k,1.4e4,1.06682E-05,1.333525e-06,388.033,0.149179,1.06678E-05
a_nx8_typ_-40c_rb14k_st1,A,extraction,typ,hbt_typ,-40,8,1,14k,1.4e4,1.42262E-05,1.778275e-06,389.057,0.198935,1.42258E-05
a_nx8_typ_-40c_rb14k_st1,A,extraction,typ,hbt_typ,-40,8,1,14k,1.4e4,1.8971E-05,2.371375e-06,390.165,0.265287,1.89706E-05
a_nx8_typ_-40c_rb14k_st1,A,extraction,typ,hbt_typ,-40,8,1,14k,1.4e4,2.52982E-05,3.162275e-06,391.372,0.353769,2.52978E-05
a_nx8_typ_-40c_rb14k_st1,A,extraction,typ,hbt_typ,-40,8,1,14k,1.4e4,3.37357E-05,4.216963e-06,390.836,0.47176,3.37353E-05
a_nx8_typ_-40c_rb14k_st1,A,extraction,typ,hbt_typ,-40,8,1,14k,1.4e4,4.49873E-05,5.623413e-06,,,
a_nx8_typ_-40c_rb14k_st1,A,extraction,typ,hbt_typ,-40,8,1,14k,1.4e4,5.99915E-05,7.498938e-06,,,
a_nx8_typ_-40c_rb14k_st1,A,extraction,typ,hbt_typ,-40,8,1,14k,1.4e4,8E-05,1.000000e-05,7.56187,0.777245,8E-05
a_nx8_typ_-40c_rb14k_st1,A,extraction,typ,hbt_typ,-40,8,1,14k,1.4e4,0.000106682,1.333525e-05,6.03369,0.792024,0.000106682
a_nx8_typ_-40c_rb14k_st1,A,extraction,typ,hbt_typ,-40,8,1,14k,1.4e4,0.000142262,1.778275e-05,5.20839,0.802831,0.000142262
a_nx8_typ_-40c_rb14k_st1,A,extraction,typ,hbt_typ,-40,8,1,14k,1.4e4,0.00018971,2.371375e-05,4.65782,0.811796,0.00018971
a_nx8_typ_-40c_rb14k_st1,A,extraction,typ,hbt_typ,-40,8,1,14k,1.4e4,0.000252982,3.162275e-05,4.24921,0.819739,0.000252982
a_nx8_typ_-40c_rb14k_st1,A,extraction,typ,hbt_typ,-40,8,1,14k,1.4e4,0.000337357,4.216962e-05,3.92627,0.827063,0.000337357
a_nx8_typ_-40c_rb14k_st1,A,extraction,typ,hbt_typ,-40,8,1,14k,1.4e4,0.000449873,5.623412e-05,3.66051,0.834003,0.000449873
a_nx8_typ_-40c_rb14k_st1,A,extraction,typ,hbt_typ,-40,8,1,14k,1.4e4,0.000599915,7.498938e-05,3.43578,0.84071,0.000599915
a_nx8_typ_-40c_rb14k_st1,A,extraction,typ,hbt_typ,-40,8,1,14k,1.4e4,0.0008,1.000000e-04,3.24214,0.847298,0.0008
a_nx8_typ_-40c_rb14k_st1,A,extraction,typ,hbt_typ,-40,8,1,14k,1.4e4,0.00106682,1.333525e-04,3.07318,0.853862,0.00106682
a_nx8_typ_-40c_rb14k_st1,A,extraction,typ,hbt_typ,-40,8,1,14k,1.4e4,0.00142262,1.778275e-04,2.9246,0.860495,0.00142262
a_nx8_typ_-40c_rb14k_st1,A,extraction,typ,hbt_typ,-40,8,1,14k,1.4e4,0.0018971,2.371375e-04,2.79353,0.867293,0.0018971
a_nx8_typ_-40c_rb14k_st1,A,extraction,typ,hbt_typ,-40,8,1,14k,1.4e4,0.00252982,3.162275e-04,2.6781,0.874367,0.00252982
a_nx8_typ_-40c_rb14k_st1,A,extraction,typ,hbt_typ,-40,8,1,14k,1.4e4,0.00337357,4.216963e-04,2.57729,0.881846,0.00337357
a_nx8_typ_-40c_rb14k_st1,A,extraction,typ,hbt_typ,-40,8,1,14k,1.4e4,0.00449873,5.623413e-04,2.49084,0.889883,0.00449873
a_nx8_typ_-40c_rb14k_st1,A,extraction,typ,hbt_typ,-40,8,1,14k,1.4e4,0.00599915,7.498937e-04,2.41925,0.898645,0.00599915
a_nx8_typ_-40c_rb14k_st1,A,extraction,typ,hbt_typ,-40,8,1,14k,1.4e4,0.008,1.000000e-03,2.36396,0.908305,0.008
a_nx8_typ_-40c_rb14k_st1,A,extraction,typ,hbt_typ,-40,8,1,14k,1.4e4,0.0106682,1.333525e-03,2.3275,0.919,0.0106682
a_nx8_typ_-40c_rb14k_st1,A,extraction,typ,hbt_typ,-40,8,1,14k,1.4e4,0.0142262,1.778275e-03,2.31377,0.930753,0.0142262
a_nx8_typ_-40c_rb14k_st1,A,extraction,typ,hbt_typ,-40,8,1,14k,1.4e4,0.018971,2.371375e-03,2.3281,0.943317,0.018971
a_nx8_typ_-40c_rb14k_st1,A,extraction,typ,hbt_typ,-40,8,1,14k,1.4e4,0.0252982,3.162275e-03,2.37667,0.955925,0.0252982
a_nx8_typ_-40c_rb1p4k_st1,A,extraction,typ,hbt_typ,-40,8,1,1p4k,1.4e3,8E-10,1.000000e-10,266.674,7.4669E-07,5.3335E-10
a_nx8_typ_-40c_rb1p4k_st1,A,extraction,typ,hbt_typ,-40,8,1,1p4k,1.4e3,1.06682E-09,1.333525e-10,355.596,9.95676E-07,7.11198E-10
a_nx8_typ_-40c_rb1p4k_st1,A,extraction,typ,hbt_typ,-40,8,1,1p4k,1.4e3,1.42262E-09,1.778275e-10,474.21,1.3278E-06,9.48427E-10
a_nx8_typ_-40c_rb1p4k_st1,A,extraction,typ,hbt_typ,-40,8,1,1p4k,1.4e3,1.8971E-09,2.371375e-10,632.36,1.77062E-06,1.26473E-09
a_nx8_typ_-40c_rb1p4k_st1,A,extraction,typ,hbt_typ,-40,8,1,1p4k,1.4e3,2.52982E-09,3.162275e-10,843.269,2.36117E-06,1.68655E-09
a_nx8_typ_-40c_rb1p4k_st1,A,extraction,typ,hbt_typ,-40,8,1,1p4k,1.4e3,3.37357E-09,4.216962e-10,1124.53,3.14871E-06,2.24908E-09
a_nx8_typ_-40c_rb1p4k_st1,A,extraction,typ,hbt_typ,-40,8,1,1p4k,1.4e3,4.49873E-09,5.623413e-10,1499.57,4.19883E-06,2.99916E-09
a_nx8_typ_-40c_rb1p4k_st1,A,extraction,typ,hbt_typ,-40,8,1,1p4k,1.4e3,5.99915E-09,7.498938e-10,1999.73,5.59929E-06,3.99949E-09
a_nx8_typ_-40c_rb1p4k_st1,A,extraction,typ,hbt_typ,-40,8,1,1p4k,1.4e3,8E-09,1.000000e-09,2666.65,7.46669E-06,5.33335E-09
a_nx8_typ_-40c_rb1p4k_st1,A,extraction,typ,hbt_typ,-40,8,1,1p4k,1.4e3,1.06682E-08,1.333525e-09,3556.05,9.95702E-06,7.11216E-09
a_nx8_typ_-40c_rb1p4k_st1,A,extraction,typ,hbt_typ,-40,8,1,1p4k,1.4e3,1.42262E-08,1.778275e-09,4742.04,1.32778E-05,9.48417E-09
a_nx8_typ_-40c_rb1p4k_st1,A,extraction,typ,hbt_typ,-40,8,1,1p4k,1.4e3,1.8971E-08,2.371375e-09,6323.7,1.77065E-05,1.26475E-08
a_nx8_typ_-40c_rb1p4k_st1,A,extraction,typ,hbt_typ,-40,8,1,1p4k,1.4e3,2.52982E-08,3.162275e-09,8432.64,2.36116E-05,1.68654E-08
a_nx8_typ_-40c_rb1p4k_st1,A,extraction,typ,hbt_typ,-40,8,1,1p4k,1.4e3,3.37357E-08,4.216963e-09,11245.3,3.14871E-05,2.24908E-08
a_nx8_typ_-40c_rb1p4k_st1,A,extraction,typ,hbt_typ,-40,8,1,1p4k,1.4e3,4.49873E-08,5.623413e-09,14995.4,4.19874E-05,2.9991E-08
a_nx8_typ_-40c_rb1p4k_st1,A,extraction,typ,hbt_typ,-40,8,1,1p4k,1.4e3,5.99915E-08,7.498937e-09,19997.1,5.59924E-05,3.99946E-08
a_nx8_typ_-40c_rb1p4k_st1,A,extraction,typ,hbt_typ,-40,8,1,1p4k,1.4e3,8E-08,1.000000e-08,26666.3,7.46663E-05,5.33331E-08
a_nx8_typ_-40c_rb1p4k_st1,A,extraction,typ,hbt_typ,-40,8,1,1p4k,1.4e3,1.06682E-07,1.333525e-08,35559.9,9.95689E-05,7.11206E-08
a_nx8_typ_-40c_rb1p4k_st1,A,extraction,typ,hbt_typ,-40,8,1,1p4k,1.4e3,1.42262E-07,1.778275e-08,47420.5,0.000132779,9.48421E-08
a_nx8_typ_-40c_rb1p4k_st1,A,extraction,typ,hbt_typ,-40,8,1,1p4k,1.4e3,1.8971E-07,2.371375e-08,63234.3,0.000177058,1.2647E-07
a_nx8_typ_-40c_rb1p4k_st1,A,extraction,typ,hbt_typ,-40,8,1,1p4k,1.4e3,2.52982E-07,3.162275e-08,84325.1,0.000236113,1.68652E-07
a_nx8_typ_-40c_rb1p4k_st1,A,extraction,typ,hbt_typ,-40,8,1,1p4k,1.4e3,3.37357E-07,4.216963e-08,112451,0.000314867,2.24905E-07
a_nx8_typ_-40c_rb1p4k_st1,A,extraction,typ,hbt_typ,-40,8,1,1p4k,1.4e3,4.49873E-07,5.623413e-08,149961,0.000419897,2.99927E-07
a_nx8_typ_-40c_rb1p4k_st1,A,extraction,typ,hbt_typ,-40,8,1,1p4k,1.4e3,5.99915E-07,7.498937e-08,199965,0.000559916,3.9994E-07
a_nx8_typ_-40c_rb1p4k_st1,A,extraction,typ,hbt_typ,-40,8,1,1p4k,1.4e3,8E-07,1.000000e-07,266666,0.00074669,5.3335E-07
a_nx8_typ_-40c_rb1p4k_st1,A,extraction,typ,hbt_typ,-40,8,1,1p4k,1.4e3,1.06682E-06,1.333525e-07,355589,0.000995703,7.11217E-07
a_nx8_typ_-40c_rb1p4k_st1,A,extraction,typ,hbt_typ,-40,8,1,1p4k,1.4e3,1.42262E-06,1.778275e-07,474165,0.0013278,9.48429E-07
a_nx8_typ_-40c_rb1p4k_st1,A,extraction,typ,hbt_typ,-40,8,1,1p4k,1.4e3,1.8971E-06,2.371375e-07,632274,0.00177085,1.26489E-06
a_nx8_typ_-40c_rb1p4k_st1,A,extraction,typ,hbt_typ,-40,8,1,1p4k,1.4e3,2.52982E-06,3.162275e-07,,,
a_nx8_typ_-40c_rb1p4k_st1,A,extraction,typ,hbt_typ,-40,8,1,1p4k,1.4e3,3.37357E-06,4.216963e-07,,,
a_nx8_typ_-40c_rb1p4k_st1,A,extraction,typ,hbt_typ,-40,8,1,1p4k,1.4e3,4.49873E-06,5.623413e-07,819936,0.000631992,4.51427E-07
a_nx8_typ_-40c_rb1p4k_st1,A,extraction,typ,hbt_typ,-40,8,1,1p4k,1.4e3,5.99915E-06,7.498937e-07,,,
a_nx8_typ_-40c_rb1p4k_st1,A,extraction,typ,hbt_typ,-40,8,1,1p4k,1.4e3,8E-06,1.000000e-06,,,
a_nx8_typ_-40c_rb1p4k_st1,A,extraction,typ,hbt_typ,-40,8,1,1p4k,1.4e3,1.06682E-05,1.333525e-06,387.469,0.0149179,1.06678E-05
a_nx8_typ_-40c_rb1p4k_st1,A,extraction,typ,hbt_typ,-40,8,1,1p4k,1.4e3,1.42262E-05,1.778275e-06,388.272,0.0198934,1.42258E-05
a_nx8_typ_-40c_rb1p4k_st1,A,extraction,typ,hbt_typ,-40,8,1,1p4k,1.4e3,1.8971E-05,2.371375e-06,389.056,0.0265286,1.89706E-05
a_nx8_typ_-40c_rb1p4k_st1,A,extraction,typ,hbt_typ,-40,8,1,1p4k,1.4e3,2.52982E-05,3.162275e-06,389.819,0.0353767,2.52978E-05
a_nx8_typ_-40c_rb1p4k_st1,A,extraction,typ,hbt_typ,-40,8,1,1p4k,1.4e3,3.37357E-05,4.216963e-06,390.565,0.047176,3.37353E-05
a_nx8_typ_-40c_rb1p4k_st1,A,extraction,typ,hbt_typ,-40,8,1,1p4k,1.4e3,4.49873E-05,5.623413e-06,391.304,0.0629106,4.49869E-05
a_nx8_typ_-40c_rb1p4k_st1,A,extraction,typ,hbt_typ,-40,8,1,1p4k,1.4e3,5.99915E-05,7.498938e-06,392.059,0.0838931,5.99911E-05
a_nx8_typ_-40c_rb1p4k_st1,A,extraction,typ,hbt_typ,-40,8,1,1p4k,1.4e3,8E-05,1.000000e-05,392.874,0.111874,7.99996E-05
a_nx8_typ_-40c_rb1p4k_st1,A,extraction,typ,hbt_typ,-40,8,1,1p4k,1.4e3,0.000106682,1.333525e-05,393.798,0.149188,0.000106682
a_nx8_typ_-40c_rb1p4k_st1,A,extraction,typ,hbt_typ,-40,8,1,1p4k,1.4e3,0.000142262,1.778275e-05,394.637,0.198945,0.000142262
a_nx8_typ_-40c_rb1p4k_st1,A,extraction,typ,hbt_typ,-40,8,1,1p4k,1.4e3,0.00018971,2.371375e-05,391.432,0.265297,0.00018971
a_nx8_typ_-40c_rb1p4k_st1,A,extraction,typ,hbt_typ,-40,8,1,1p4k,1.4e3,0.000252982,3.162275e-05,,,
a_nx8_typ_-40c_rb1p4k_st1,A,extraction,typ,hbt_typ,-40,8,1,1p4k,1.4e3,0.000337357,4.216962e-05,,,
a_nx8_typ_-40c_rb1p4k_st1,A,extraction,typ,hbt_typ,-40,8,1,1p4k,1.4e3,0.000449873,5.623412e-05,,,
a_nx8_typ_-40c_rb1p4k_st1,A,extraction,typ,hbt_typ,-40,8,1,1p4k,1.4e3,0.000599915,7.498938e-05,,,
a_nx8_typ_-40c_rb1p4k_st1,A,extraction,typ,hbt_typ,-40,8,1,1p4k,1.4e3,0.0008,1.000000e-04,7.87736,0.806728,0.0008
a_nx8_typ_-40c_rb1p4k_st1,A,extraction,typ,hbt_typ,-40,8,1,1p4k,1.4e3,0.00106682,1.333525e-04,6.17855,0.823743,0.00106682
a_nx8_typ_-40c_rb1p4k_st1,A,extraction,typ,hbt_typ,-40,8,1,1p4k,1.4e3,0.00142262,1.778275e-04,5.29779,0.835559,0.00142262
a_nx8_typ_-40c_rb1p4k_st1,A,extraction,typ,hbt_typ,-40,8,1,1p4k,1.4e3,0.0018971,2.371375e-04,4.72107,0.845243,0.0018971
a_nx8_typ_-40c_rb1p4k_st1,A,extraction,typ,hbt_typ,-40,8,1,1p4k,1.4e3,0.00252982,3.162275e-04,4.29786,0.85393,0.00252982
a_nx8_typ_-40c_rb1p4k_st1,A,extraction,typ,hbt_typ,-40,8,1,1p4k,1.4e3,0.00337357,4.216963e-04,3.96655,0.862213,0.00337357
a_nx8_typ_-40c_rb1p4k_st1,A,extraction,typ,hbt_typ,-40,8,1,1p4k,1.4e3,0.00449873,5.623413e-04,3.69697,0.870481,0.00449873
a_nx8_typ_-40c_rb1p4k_st1,A,extraction,typ,hbt_typ,-40,8,1,1p4k,1.4e3,0.00599915,7.498937e-04,3.4728,0.879038,0.00599915
a_nx8_typ_-40c_rb1p4k_st1,A,extraction,typ,hbt_typ,-40,8,1,1p4k,1.4e3,0.008,1.000000e-03,3.2848,0.888144,0.008
a_nx8_typ_-40c_rb1p4k_st1,A,extraction,typ,hbt_typ,-40,8,1,1p4k,1.4e3,0.0106682,1.333525e-03,3.12794,0.898014,0.0106682
a_nx8_typ_-40c_rb1p4k_st1,A,extraction,typ,hbt_typ,-40,8,1,1p4k,1.4e3,0.0142262,1.778275e-03,3.00008,0.90878,0.0142262
a_nx8_typ_-40c_rb1p4k_st1,A,extraction,typ,hbt_typ,-40,8,1,1p4k,1.4e3,0.018971,2.371375e-03,2.90135,0.920405,0.018971
a_nx8_typ_-40c_rb1p4k_st1,A,extraction,typ,hbt_typ,-40,8,1,1p4k,1.4e3,0.0252982,3.162275e-03,2.83391,0.932502,0.0252982
a_nx1_typ_27c_rb14k_st1,A,extraction,typ,hbt_typ,27,1,1,14k,1.4e4,1E-10,1.000000e-10,33.3266,9.33403E-07,6.66716E-11
a_nx1_typ_27c_rb14k_st1,A,extraction,typ,hbt_typ,27,1,1,14k,1.4e4,1.33352E-10,1.333520e-10,44.4419,1.24472E-06,8.89085E-11
a_nx1_typ_27c_rb14k_st1,A,extraction,typ,hbt_typ,27,1,1,14k,1.4e4,1.77828E-10,1.778280e-10,59.2642,1.65987E-06,1.18562E-10
a_nx1_typ_27c_rb14k_st1,A,extraction,typ,hbt_typ,27,1,1,14k,1.4e4,2.37137E-10,2.371370e-10,79.0295,2.21347E-06,1.58105E-10
a_nx1_typ_27c_rb14k_st1,A,extraction,typ,hbt_typ,27,1,1,14k,1.4e4,3.16228E-10,3.162280e-10,105.388,2.95173E-06,2.10838E-10
a_nx1_typ_27c_rb14k_st1,A,extraction,typ,hbt_typ,27,1,1,14k,1.4e4,4.21697E-10,4.216970e-10,140.537,3.93622E-06,2.81159E-10
a_nx1_typ_27c_rb14k_st1,A,extraction,typ,hbt_typ,27,1,1,14k,1.4e4,5.62341E-10,5.623410e-10,187.408,5.24906E-06,3.74933E-10
a_nx1_typ_27c_rb14k_st1,A,extraction,typ,hbt_typ,27,1,1,14k,1.4e4,7.49894E-10,7.498940e-10,249.908,6.99976E-06,4.99983E-10
a_nx1_typ_27c_rb14k_st1,A,extraction,typ,hbt_typ,27,1,1,14k,1.4e4,1E-09,1.000000e-09,333.226,9.3348E-06,6.66772E-10
a_nx1_typ_27c_rb14k_st1,A,extraction,typ,hbt_typ,27,1,1,14k,1.4e4,1.33352E-09,1.333520e-09,406.675,1.29742E-05,9.26849E-10
a_nx1_typ_27c_rb14k_st1,A,extraction,typ,hbt_typ,27,1,1,14k,1.4e4,1.77828E-09,1.778280e-09,541.499,1.73131E-05,1.23677E-09
a_nx1_typ_27c_rb14k_st1,A,extraction,typ,hbt_typ,27,1,1,14k,1.4e4,2.37137E-09,2.371370e-09,721.057,2.31026E-05,1.65031E-09
a_nx1_typ_27c_rb14k_st1,A,extraction,typ,hbt_typ,27,1,1,14k,1.4e4,3.16228E-09,3.162280e-09,960.087,3.08291E-05,2.2022E-09
a_nx1_typ_27c_rb14k_st1,A,extraction,typ,hbt_typ,27,1,1,14k,1.4e4,4.21697E-09,4.216970e-09,1278.08,4.11426E-05,2.93888E-09
a_nx1_typ_27c_rb14k_st1,A,extraction,typ,hbt_typ,27,1,1,14k,1.4e4,5.62341E-09,5.623410e-09,1700.78,5.49152E-05,3.92264E-09
a_nx1_typ_27c_rb14k_st1,A,extraction,typ,hbt_typ,27,1,1,14k,1.4e4,7.49894E-09,7.498940e-09,2261.94,7.3316E-05,5.23699E-09
a_nx1_typ_27c_rb14k_st1,A,extraction,typ,hbt_typ,27,1,1,14k,1.4e4,1E-08,1.000000e-08,3005.51,9.79205E-05,6.99447E-09
a_nx1_typ_27c_rb14k_st1,A,extraction,typ,hbt_typ,27,1,1,14k,1.4e4,1.33352E-08,1.333520e-08,3987.85,0.000130861,9.34736E-09
a_nx1_typ_27c_rb14k_st1,A,extraction,typ,hbt_typ,27,1,1,14k,1.4e4,1.77828E-08,1.778280e-08,5279.16,0.000175049,1.25037E-08
a_nx1_typ_27c_rb14k_st1,A,extraction,typ,hbt_typ,27,1,1,14k,1.4e4,2.37137E-08,2.371370e-08,6961.18,0.000234532,1.67525E-08
a_nx1_typ_27c_rb14k_st1,A,extraction,typ,hbt_typ,27,1,1,14k,1.4e4,3.16228E-08,3.162280e-08,9110.81,0.000315164,2.2512E-08
a_nx1_typ_27c_rb14k_st1,A,extraction,typ,hbt_typ,27,1,1,14k,1.4e4,4.21697E-08,4.216970e-08,11722.2,0.000426263,3.04476E-08
a_nx1_typ_27c_rb14k_st1,A,extraction,typ,hbt_typ,27,1,1,14k,1.4e4,5.62341E-08,5.623410e-08,14265.9,0.00058755,4.19682E-08
a_nx1_typ_27c_rb14k_st1,A,extraction,typ,hbt_typ,27,1,1,14k,1.4e4,7.49894E-08,7.498940e-08,12937,0.000868717,6.20524E-08
a_nx1_typ_27c_rb14k_st1,A,extraction,typ,hbt_typ,27,1,1,14k,1.4e4,1E-07,1.000000e-07,11223.6,0.000587673,4.19766E-08
a_nx1_typ_27c_rb14k_st1,A,extraction,typ,hbt_typ,27,1,1,14k,1.4e4,1.33352E-07,1.333520e-07,,,
a_nx1_typ_27c_rb14k_st1,A,extraction,typ,hbt_typ,27,1,1,14k,1.4e4,1.77828E-07,1.778280e-07,,,
a_nx1_typ_27c_rb14k_st1,A,extraction,typ,hbt_typ,27,1,1,14k,1.4e4,2.37137E-07,2.371370e-07,427.15,0.00331055,2.3671E-07
a_nx1_typ_27c_rb14k_st1,A,extraction,typ,hbt_typ,27,1,1,14k,1.4e4,3.16228E-07,3.162280e-07,,,
a_nx1_typ_27c_rb14k_st1,A,extraction,typ,hbt_typ,27,1,1,14k,1.4e4,4.21697E-07,4.216970e-07,,,
a_nx1_typ_27c_rb14k_st1,A,extraction,typ,hbt_typ,27,1,1,14k,1.4e4,5.62341E-07,5.623410e-07,381.973,0.00785836,5.61959E-07
a_nx1_typ_27c_rb14k_st1,A,extraction,typ,hbt_typ,27,1,1,14k,1.4e4,7.49894E-07,7.498940e-07,383.083,0.0104811,7.49511E-07
a_nx1_typ_27c_rb14k_st1,A,extraction,typ,hbt_typ,27,1,1,14k,1.4e4,1E-06,1.000000e-06,384.205,0.0139786,9.99616E-07
a_nx1_typ_27c_rb14k_st1,A,extraction,typ,hbt_typ,27,1,1,14k,1.4e4,1.33352E-06,1.333520e-06,385.341,0.0186426,1.33313E-06
a_nx1_typ_27c_rb14k_st1,A,extraction,typ,hbt_typ,27,1,1,14k,1.4e4,1.77828E-06,1.778280e-06,386.493,0.0248622,1.77789E-06
a_nx1_typ_27c_rb14k_st1,A,extraction,typ,hbt_typ,27,1,1,14k,1.4e4,2.37137E-06,2.371370e-06,387.67,0.0331561,2.37098E-06
a_nx1_typ_27c_rb14k_st1,A,extraction,typ,hbt_typ,27,1,1,14k,1.4e4,3.16228E-06,3.162280e-06,388.881,0.0442164,3.16189E-06
a_nx1_typ_27c_rb14k_st1,A,extraction,typ,hbt_typ,27,1,1,14k,1.4e4,4.21697E-06,4.216970e-06,390.146,0.0589656,4.21658E-06
a_nx1_typ_27c_rb14k_st1,A,extraction,typ,hbt_typ,27,1,1,14k,1.4e4,5.62341E-06,5.623410e-06,391.492,0.078634,5.62302E-06
a_nx1_typ_27c_rb14k_st1,A,extraction,typ,hbt_typ,27,1,1,14k,1.4e4,7.49894E-06,7.498940e-06,392.953,0.104862,7.49855E-06
a_nx1_typ_27c_rb14k_st1,A,extraction,typ,hbt_typ,27,1,1,14k,1.4e4,1E-05,1.000000e-05,394.534,0.139839,9.99961E-06
a_nx1_typ_27c_rb14k_st1,A,extraction,typ,hbt_typ,27,1,1,14k,1.4e4,1.33352E-05,1.333520e-05,395.887,0.186481,1.33348E-05
a_nx1_typ_27c_rb14k_st1,A,extraction,typ,hbt_typ,27,1,1,14k,1.4e4,1.77828E-05,1.778280e-05,392.844,0.248677,1.77824E-05
a_nx1_typ_27c_rb14k_st1,A,extraction,typ,hbt_typ,27,1,1,14k,1.4e4,2.37137E-05,2.371370e-05,,,
a_nx1_typ_27c_rb14k_st1,A,extraction,typ,hbt_typ,27,1,1,14k,1.4e4,3.16228E-05,3.162280e-05,,,
a_nx1_typ_27c_rb14k_st1,A,extraction,typ,hbt_typ,27,1,1,14k,1.4e4,4.21697E-05,4.216970e-05,,,
a_nx1_typ_27c_rb14k_st1,A,extraction,typ,hbt_typ,27,1,1,14k,1.4e4,5.62341E-05,5.623410e-05,11.6697,0.699326,5.6234E-05
a_nx1_typ_27c_rb14k_st1,A,extraction,typ,hbt_typ,27,1,1,14k,1.4e4,7.49894E-05,7.498940e-05,7.111,0.736334,7.49894E-05
a_nx1_typ_27c_rb14k_st1,A,extraction,typ,hbt_typ,27,1,1,14k,1.4e4,0.0001,1.000000e-04,5.67001,0.756349,0.0001
a_nx1_typ_27c_rb14k_st1,A,extraction,typ,hbt_typ,27,1,1,14k,1.4e4,0.000133352,1.333520e-04,4.89423,0.771049,0.000133352
a_nx1_typ_27c_rb14k_st1,A,extraction,typ,hbt_typ,27,1,1,14k,1.4e4,0.000177828,1.778280e-04,4.38114,0.783384,0.000177828
a_nx1_typ_27c_rb14k_st1,A,extraction,typ,hbt_typ,27,1,1,14k,1.4e4,0.000237137,2.371370e-04,4.00436,0.794546,0.000237137
a_nx1_typ_27c_rb14k_st1,A,extraction,typ,hbt_typ,27,1,1,14k,1.4e4,0.000316228,3.162280e-04,3.71057,0.805173,0.000316228
a_nx1_typ_27c_rb14k_st1,A,extraction,typ,hbt_typ,27,1,1,14k,1.4e4,0.000421697,4.216970e-04,3.47323,0.815692,0.000421697
a_nx1_typ_27c_rb14k_st1,A,extraction,typ,hbt_typ,27,1,1,14k,1.4e4,0.000562341,5.623410e-04,3.27785,0.826439,0.000562341
a_nx1_typ_27c_rb14k_st1,A,extraction,typ,hbt_typ,27,1,1,14k,1.4e4,0.000749894,7.498940e-04,3.11621,0.83772,0.000749894
a_nx1_typ_27c_rb14k_st1,A,extraction,typ,hbt_typ,27,1,1,14k,1.4e4,0.001,1.000000e-03,2.98388,0.849825,0.001
a_nx1_typ_27c_rb14k_st1,A,extraction,typ,hbt_typ,27,1,1,14k,1.4e4,0.00133352,1.333520e-03,2.87903,0.863027,0.00133352
a_nx1_typ_27c_rb14k_st1,A,extraction,typ,hbt_typ,27,1,1,14k,1.4e4,0.00177828,1.778280e-03,2.80211,0.877576,0.00177828
a_nx1_typ_27c_rb14k_st1,A,extraction,typ,hbt_typ,27,1,1,14k,1.4e4,0.00237137,2.371370e-03,2.75543,0.893544,0.00237137
a_nx1_typ_27c_rb14k_st1,A,extraction,typ,hbt_typ,27,1,1,14k,1.4e4,0.00316228,3.162280e-03,2.74362,0.910748,0.00316228
a_nx1_typ_27c_rb1p4k_st1,A,extraction,typ,hbt_typ,27,1,1,1p4k,1.4e3,1E-10,1.000000e-10,33.3266,9.33402E-08,6.66716E-11
a_nx1_typ_27c_rb1p4k_st1,A,extraction,typ,hbt_typ,27,1,1,1p4k,1.4e3,1.33352E-10,1.333520e-10,44.4419,1.24472E-07,8.89085E-11
a_nx1_typ_27c_rb1p4k_st1,A,extraction,typ,hbt_typ,27,1,1,1p4k,1.4e3,1.77828E-10,1.778280e-10,59.2642,1.65987E-07,1.18562E-10
a_nx1_typ_27c_rb1p4k_st1,A,extraction,typ,hbt_typ,27,1,1,1p4k,1.4e3,2.37137E-10,2.371370e-10,79.0298,2.21347E-07,1.58105E-10
a_nx1_typ_27c_rb1p4k_st1,A,extraction,typ,hbt_typ,27,1,1,1p4k,1.4e3,3.16228E-10,3.162280e-10,105.388,2.95174E-07,2.10839E-10
a_nx1_typ_27c_rb1p4k_st1,A,extraction,typ,hbt_typ,27,1,1,1p4k,1.4e3,4.21697E-10,4.216970e-10,140.536,3.9362E-07,2.81157E-10
a_nx1_typ_27c_rb1p4k_st1,A,extraction,typ,hbt_typ,27,1,1,1p4k,1.4e3,5.62341E-10,5.623410e-10,187.408,5.24906E-07,3.74933E-10
a_nx1_typ_27c_rb1p4k_st1,A,extraction,typ,hbt_typ,27,1,1,1p4k,1.4e3,7.49894E-10,7.498940e-10,249.91,6.99979E-07,4.99985E-10
a_nx1_typ_27c_rb1p4k_st1,A,extraction,typ,hbt_typ,27,1,1,1p4k,1.4e3,1E-09,1.000000e-09,333.244,9.33455E-07,6.66754E-10
a_nx1_typ_27c_rb1p4k_st1,A,extraction,typ,hbt_typ,27,1,1,1p4k,1.4e3,1.33352E-09,1.333520e-09,406.689,1.29739E-06,9.2683E-10
a_nx1_typ_27c_rb1p4k_st1,A,extraction,typ,hbt_typ,27,1,1,1p4k,1.4e3,1.77828E-09,1.778280e-09,541.529,1.73128E-06,1.23675E-09
a_nx1_typ_27c_rb1p4k_st1,A,extraction,typ,hbt_typ,27,1,1,1p4k,1.4e3,2.37137E-09,2.371370e-09,721.107,2.31019E-06,1.65026E-09
a_nx1_typ_27c_rb1p4k_st1,A,extraction,typ,hbt_typ,27,1,1,1p4k,1.4e3,3.16228E-09,3.162280e-09,960.177,3.08278E-06,2.20211E-09
a_nx1_typ_27c_rb1p4k_st1,A,extraction,typ,hbt_typ,27,1,1,1p4k,1.4e3,4.21697E-09,4.216970e-09,1278.24,4.11403E-06,2.93872E-09
a_nx1_typ_27c_rb1p4k_st1,A,extraction,typ,hbt_typ,27,1,1,1p4k,1.4e3,5.62341E-09,5.623410e-09,1701.07,5.49106E-06,3.92231E-09
a_nx1_typ_27c_rb1p4k_st1,A,extraction,typ,hbt_typ,27,1,1,1p4k,1.4e3,7.49894E-09,7.498940e-09,2262.48,7.33084E-06,5.23645E-09
a_nx1_typ_27c_rb1p4k_st1,A,extraction,typ,hbt_typ,27,1,1,1p4k,1.4e3,1E-08,1.000000e-08,3006.52,9.79064E-06,6.99346E-09
a_nx1_typ_27c_rb1p4k_st1,A,extraction,typ,hbt_typ,27,1,1,1p4k,1.4e3,1.33352E-08,1.333520e-08,3989.74,1.30835E-05,9.34547E-09
a_nx1_typ_27c_rb1p4k_st1,A,extraction,typ,hbt_typ,27,1,1,1p4k,1.4e3,1.77828E-08,1.778280e-08,5282.76,1.74998E-05,1.25E-08
a_nx1_typ_27c_rb1p4k_st1,A,extraction,typ,hbt_typ,27,1,1,1p4k,1.4e3,2.37137E-08,2.371370e-08,6968.34,2.34431E-05,1.67453E-08
a_nx1_typ_27c_rb1p4k_st1,A,extraction,typ,hbt_typ,27,1,1,1p4k,1.4e3,3.16228E-08,3.162280e-08,9125.86,3.14954E-05,2.24969E-08
a_nx1_typ_27c_rb1p4k_st1,A,extraction,typ,hbt_typ,27,1,1,1p4k,1.4e3,4.21697E-08,4.216970e-08,11757.4,4.25766E-05,3.04121E-08
a_nx1_typ_27c_rb1p4k_st1,A,extraction,typ,hbt_typ,27,1,1,1p4k,1.4e3,5.62341E-08,5.623410e-08,14371.7,5.86067E-05,4.18623E-08
a_nx1_typ_27c_rb1p4k_st1,A,extraction,typ,hbt_typ,27,1,1,1p4k,1.4e3,7.49894E-08,7.498940e-08,13250.6,8.64326E-05,6.17387E-08
a_nx1_typ_27c_rb1p4k_st1,A,extraction,typ,hbt_typ,27,1,1,1p4k,1.4e3,1E-07,1.000000e-07,,,
a_nx1_typ_27c_rb1p4k_st1,A,extraction,typ,hbt_typ,27,1,1,1p4k,1.4e3,1.33352E-07,1.333520e-07,,,
a_nx1_typ_27c_rb1p4k_st1,A,extraction,typ,hbt_typ,27,1,1,1p4k,1.4e3,1.77828E-07,1.778280e-07,,,
a_nx1_typ_27c_rb1p4k_st1,A,extraction,typ,hbt_typ,27,1,1,1p4k,1.4e3,2.37137E-07,2.371370e-07,,,
a_nx1_typ_27c_rb1p4k_st1,A,extraction,typ,hbt_typ,27,1,1,1p4k,1.4e3,3.16228E-07,3.162280e-07,,,
a_nx1_typ_27c_rb1p4k_st1,A,extraction,typ,hbt_typ,27,1,1,1p4k,1.4e3,4.21697E-07,4.216970e-07,,,
a_nx1_typ_27c_rb1p4k_st1,A,extraction,typ,hbt_typ,27,1,1,1p4k,1.4e3,5.62341E-07,5.623410e-07,381.916,0.000785836,5.61959E-07
a_nx1_typ_27c_rb1p4k_st1,A,extraction,typ,hbt_typ,27,1,1,1p4k,1.4e3,7.49894E-07,7.498940e-07,383.011,0.00104811,7.49511E-07
a_nx1_typ_27c_rb1p4k_st1,A,extraction,typ,hbt_typ,27,1,1,1p4k,1.4e3,1E-06,1.000000e-06,384.113,0.00139786,9.99616E-07
a_nx1_typ_27c_rb1p4k_st1,A,extraction,typ,hbt_typ,27,1,1,1p4k,1.4e3,1.33352E-06,1.333520e-06,385.222,0.00186426,1.33313E-06
a_nx1_typ_27c_rb1p4k_st1,A,extraction,typ,hbt_typ,27,1,1,1p4k,1.4e3,1.77828E-06,1.778280e-06,386.341,0.00248622,1.77789E-06
a_nx1_typ_27c_rb1p4k_st1,A,extraction,typ,hbt_typ,27,1,1,1p4k,1.4e3,2.37137E-06,2.371370e-06,387.473,0.00331561,2.37098E-06
a_nx1_typ_27c_rb1p4k_st1,A,extraction,typ,hbt_typ,27,1,1,1p4k,1.4e3,3.16228E-06,3.162280e-06,388.628,0.00442164,3.16189E-06
a_nx1_typ_27c_rb1p4k_st1,A,extraction,typ,hbt_typ,27,1,1,1p4k,1.4e3,4.21697E-06,4.216970e-06,389.821,0.00589656,4.21658E-06
a_nx1_typ_27c_rb1p4k_st1,A,extraction,typ,hbt_typ,27,1,1,1p4k,1.4e3,5.62341E-06,5.623410e-06,391.083,0.00786339,5.62302E-06
a_nx1_typ_27c_rb1p4k_st1,A,extraction,typ,hbt_typ,27,1,1,1p4k,1.4e3,7.49894E-06,7.498940e-06,392.466,0.0104862,7.49855E-06
a_nx1_typ_27c_rb1p4k_st1,A,extraction,typ,hbt_typ,27,1,1,1p4k,1.4e3,1E-05,1.000000e-05,394.066,0.0139839,9.99961E-06
a_nx1_typ_27c_rb1p4k_st1,A,extraction,typ,hbt_typ,27,1,1,1p4k,1.4e3,1.33352E-05,1.333520e-05,396.066,0.0186481,1.33348E-05
a_nx1_typ_27c_rb1p4k_st1,A,extraction,typ,hbt_typ,27,1,1,1p4k,1.4e3,1.77828E-05,1.778280e-05,398.823,0.0248681,1.77824E-05
a_nx1_typ_27c_rb1p4k_st1,A,extraction,typ,hbt_typ,27,1,1,1p4k,1.4e3,2.37137E-05,2.371370e-05,403.07,0.0331625,2.37131E-05
a_nx1_typ_27c_rb1p4k_st1,A,extraction,typ,hbt_typ,27,1,1,1p4k,1.4e3,3.16228E-05,3.162280e-05,410.189,0.0442185,3.1618E-05
a_nx1_typ_27c_rb1p4k_st1,A,extraction,typ,hbt_typ,27,1,1,1p4k,1.4e3,4.21697E-05,4.216970e-05,414.984,0.0588006,4.20441E-05
a_nx1_typ_27c_rb1p4k_st1,A,extraction,typ,hbt_typ,27,1,1,1p4k,1.4e3,5.62341E-05,5.623410e-05,,,
a_nx1_typ_27c_rb1p4k_st1,A,extraction,typ,hbt_typ,27,1,1,1p4k,1.4e3,7.49894E-05,7.498940e-05,,,
a_nx1_typ_27c_rb1p4k_st1,A,extraction,typ,hbt_typ,27,1,1,1p4k,1.4e3,0.0001,1.000000e-04,,,
a_nx1_typ_27c_rb1p4k_st1,A,extraction,typ,hbt_typ,27,1,1,1p4k,1.4e3,0.000133352,1.333520e-04,,,
a_nx1_typ_27c_rb1p4k_st1,A,extraction,typ,hbt_typ,27,1,1,1p4k,1.4e3,0.000177828,1.778280e-04,,,
a_nx1_typ_27c_rb1p4k_st1,A,extraction,typ,hbt_typ,27,1,1,1p4k,1.4e3,0.000237137,2.371370e-04,,,
a_nx1_typ_27c_rb1p4k_st1,A,extraction,typ,hbt_typ,27,1,1,1p4k,1.4e3,0.000316228,3.162280e-04,,,
a_nx1_typ_27c_rb1p4k_st1,A,extraction,typ,hbt_typ,27,1,1,1p4k,1.4e3,0.000421697,4.216970e-04,,,
a_nx1_typ_27c_rb1p4k_st1,A,extraction,typ,hbt_typ,27,1,1,1p4k,1.4e3,0.000562341,5.623410e-04,,,
a_nx1_typ_27c_rb1p4k_st1,A,extraction,typ,hbt_typ,27,1,1,1p4k,1.4e3,0.000749894,7.498940e-04,6.69036,0.719865,0.000749894
a_nx1_typ_27c_rb1p4k_st1,A,extraction,typ,hbt_typ,27,1,1,1p4k,1.4e3,0.001,1.000000e-03,5.45384,0.746833,0.001
a_nx1_typ_27c_rb1p4k_st1,A,extraction,typ,hbt_typ,27,1,1,1p4k,1.4e3,0.00133352,1.333520e-03,4.75379,0.768231,0.00133352
a_nx1_typ_27c_rb1p4k_st1,A,extraction,typ,hbt_typ,27,1,1,1p4k,1.4e3,0.00177828,1.778280e-03,4.28786,0.787847,0.00177828
a_nx1_typ_27c_rb1p4k_st1,A,extraction,typ,hbt_typ,27,1,1,1p4k,1.4e3,0.00237137,2.371370e-03,3.95336,0.807113,0.00237137
a_nx1_typ_27c_rb1p4k_st1,A,extraction,typ,hbt_typ,27,1,1,1p4k,1.4e3,0.00316228,3.162280e-03,3.70709,0.826527,0.00316228
a_nx8_typ_27c_rb14k_st1,A,extraction,typ,hbt_typ,27,8,1,14k,1.4e4,8E-10,1.000000e-10,266.173,7.47332E-06,5.33809E-10
a_nx8_typ_27c_rb14k_st1,A,extraction,typ,hbt_typ,27,8,1,14k,1.4e4,1.06682E-09,1.333525e-10,353.838,9.98138E-06,7.1296E-10
a_nx8_typ_27c_rb14k_st1,A,extraction,typ,hbt_typ,27,8,1,14k,1.4e4,1.42262E-09,1.778275e-10,362.437,1.48369E-05,1.06019E-09
a_nx8_typ_27c_rb14k_st1,A,extraction,typ,hbt_typ,27,8,1,14k,1.4e4,1.8971E-09,2.371375e-10,365.492,2.14284E-05,1.53157E-09
a_nx8_typ_27c_rb14k_st1,A,extraction,typ,hbt_typ,27,8,1,14k,1.4e4,2.52982E-09,3.162275e-10,483.733,2.86314E-05,2.04607E-09
a_nx8_typ_27c_rb14k_st1,A,extraction,typ,hbt_typ,27,8,1,14k,1.4e4,3.37357E-09,4.216962e-10,641.6,3.82331E-05,2.73191E-09
a_nx8_typ_27c_rb14k_st1,A,extraction,typ,hbt_typ,27,8,1,14k,1.4e4,4.49873E-09,5.623413e-10,851.409,5.10484E-05,3.64729E-09
a_nx8_typ_27c_rb14k_st1,A,extraction,typ,hbt_typ,27,8,1,14k,1.4e4,5.99915E-09,7.498938e-10,1129.95,6.81545E-05,4.86916E-09
a_nx8_typ_27c_rb14k_st1,A,extraction,typ,hbt_typ,27,8,1,14k,1.4e4,8E-09,1.000000e-09,1499.25,9.0997E-05,6.50078E-09
a_nx8_typ_27c_rb14k_st1,A,extraction,typ,hbt_typ,27,8,1,14k,1.4e4,1.06682E-08,1.333525e-09,1987.81,0.000121513,8.68051E-09
a_nx8_typ_27c_rb14k_st1,A,extraction,typ,hbt_typ,27,8,1,14k,1.4e4,1.42262E-08,1.778275e-09,2632.03,0.000162302,1.1594E-08
a_nx8_typ_27c_rb14k_st1,A,extraction,typ,hbt_typ,27,8,1,14k,1.4e4,1.8971E-08,2.371375e-09,3477.6,0.000216893,1.54934E-08
a_nx8_typ_27c_rb14k_st1,A,extraction,typ,hbt_typ,27,8,1,14k,1.4e4,2.52982E-08,3.162275e-09,4578.93,0.000290054,2.07192E-08
a_nx8_typ_27c_rb14k_st1,A,extraction,typ,hbt_typ,27,8,1,14k,1.4e4,3.37357E-08,4.216963e-09,5995.97,0.000388341,2.77397E-08
a_nx8_typ_27c_rb14k_st1,A,extraction,typ,hbt_typ,27,8,1,14k,1.4e4,4.49873E-08,5.623413e-09,7781.6,0.000520862,3.72056E-08
a_nx8_typ_27c_rb14k_st1,A,extraction,typ,hbt_typ,27,8,1,14k,1.4e4,5.99915E-08,7.498937e-09,9948.3,0.00070059,5.00434E-08
a_nx8_typ_27c_rb14k_st1,A,extraction,typ,hbt_typ,27,8,1,14k,1.4e4,8E-08,1.000000e-08,12392.6,0.000946471,6.76065E-08
a_nx8_typ_27c_rb14k_st1,A,extraction,typ,hbt_typ,27,8,1,14k,1.4e4,1.06682E-07,1.333525e-08,14755.8,0.00128694,9.19259E-08
a_nx8_typ_27c_rb14k_st1,A,extraction,typ,hbt_typ,27,8,1,14k,1.4e4,1.42262E-07,1.778275e-08,16316.2,0.0017632,1.25945E-07
a_nx8_typ_27c_rb14k_st1,A,extraction,typ,hbt_typ,27,8,1,14k,1.4e4,1.8971E-07,2.371375e-08,16307.6,0.00242759,1.73403E-07
a_nx8_typ_27c_rb14k_st1,A,extraction,typ,hbt_typ,27,8,1,14k,1.4e4,2.52982E-07,3.162275e-08,16103.9,0.00237049,1.69334E-07
a_nx8_typ_27c_rb14k_st1,A,extraction,typ,hbt_typ,27,8,1,14k,1.4e4,3.37357E-07,4.216963e-08,,,
a_nx8_typ_27c_rb14k_st1,A,extraction,typ,hbt_typ,27,8,1,14k,1.4e4,4.49873E-07,5.623413e-08,,,
a_nx8_typ_27c_rb14k_st1,A,extraction,typ,hbt_typ,27,8,1,14k,1.4e4,5.99915E-07,7.498937e-08,,,
a_nx8_typ_27c_rb14k_st1,A,extraction,typ,hbt_typ,27,8,1,14k,1.4e4,8E-07,1.000000e-07,,,
a_nx8_typ_27c_rb14k_st1,A,extraction,typ,hbt_typ,27,8,1,14k,1.4e4,1.06682E-06,1.333525e-07,,,
a_nx8_typ_27c_rb14k_st1,A,extraction,typ,hbt_typ,27,8,1,14k,1.4e4,1.42262E-06,1.778275e-07,,,
a_nx8_typ_27c_rb14k_st1,A,extraction,typ,hbt_typ,27,8,1,14k,1.4e4,1.8971E-06,2.371375e-07,,,
a_nx8_typ_27c_rb14k_st1,A,extraction,typ,hbt_typ,27,8,1,14k,1.4e4,2.52982E-06,3.162275e-07,,,
a_nx8_typ_27c_rb14k_st1,A,extraction,typ,hbt_typ,27,8,1,14k,1.4e4,3.37357E-06,4.216963e-07,381.437,0.0471701,3.37319E-06
a_nx8_typ_27c_rb14k_st1,A,extraction,typ,hbt_typ,27,8,1,14k,1.4e4,4.49873E-06,5.623413e-07,382.651,0.0629044,4.49835E-06
a_nx8_typ_27c_rb14k_st1,A,extraction,typ,hbt_typ,27,8,1,14k,1.4e4,5.99915E-06,7.498937e-07,383.919,0.0838864,5.99877E-06
a_nx8_typ_27c_rb14k_st1,A,extraction,typ,hbt_typ,27,8,1,14k,1.4e4,8E-06,1.000000e-06,385.26,0.111867,7.99961E-06
a_nx8_typ_27c_rb14k_st1,A,extraction,typ,hbt_typ,27,8,1,14k,1.4e4,1.06682E-05,1.333525e-06,386.71,0.149179,1.06678E-05
a_nx8_typ_27c_rb14k_st1,A,extraction,typ,hbt_typ,27,8,1,14k,1.4e4,1.42262E-05,1.778275e-06,388.314,0.198936,1.42258E-05
a_nx8_typ_27c_rb14k_st1,A,extraction,typ,hbt_typ,27,8,1,14k,1.4e4,1.8971E-05,2.371375e-06,390.026,0.265289,1.89706E-05
a_nx8_typ_27c_rb14k_st1,A,extraction,typ,hbt_typ,27,8,1,14k,1.4e4,2.52982E-05,3.162275e-06,388.34,0.353768,2.52978E-05
a_nx8_typ_27c_rb14k_st1,A,extraction,typ,hbt_typ,27,8,1,14k,1.4e4,3.37357E-05,4.216963e-06,265.293,0.471496,3.37354E-05
a_nx8_typ_27c_rb14k_st1,A,extraction,typ,hbt_typ,27,8,1,14k,1.4e4,4.49873E-05,5.623413e-06,25.7882,0.611423,4.49873E-05
a_nx8_typ_27c_rb14k_st1,A,extraction,typ,hbt_typ,27,8,1,14k,1.4e4,5.99915E-05,7.498938e-06,8.70242,0.673248,5.99915E-05
a_nx8_typ_27c_rb14k_st1,A,extraction,typ,hbt_typ,27,8,1,14k,1.4e4,8E-05,1.000000e-05,6.28677,0.69825,8E-05
a_nx8_typ_27c_rb14k_st1,A,extraction,typ,hbt_typ,27,8,1,14k,1.4e4,0.000106682,1.333525e-05,5.23653,0.714634,0.000106682
a_nx8_typ_27c_rb14k_st1,A,extraction,typ,hbt_typ,27,8,1,14k,1.4e4,0.000142262,1.778275e-05,4.60212,0.727519,0.000142262
a_nx8_typ_27c_rb14k_st1,A,extraction,typ,hbt_typ,27,8,1,14k,1.4e4,0.00018971,2.371375e-05,4.15735,0.738584,0.00018971
a_nx8_typ_27c_rb14k_st1,A,extraction,typ,hbt_typ,27,8,1,14k,1.4e4,0.000252982,3.162275e-05,3.8186,0.748578,0.000252982
a_nx8_typ_27c_rb14k_st1,A,extraction,typ,hbt_typ,27,8,1,14k,1.4e4,0.000337357,4.216962e-05,3.547,0.757899,0.000337357
a_nx8_typ_27c_rb14k_st1,A,extraction,typ,hbt_typ,27,8,1,14k,1.4e4,0.000449873,5.623412e-05,3.32176,0.766788,0.000449873
a_nx8_typ_27c_rb14k_st1,A,extraction,typ,hbt_typ,27,8,1,14k,1.4e4,0.000599915,7.498938e-05,3.13061,0.775408,0.000599915
a_nx8_typ_27c_rb14k_st1,A,extraction,typ,hbt_typ,27,8,1,14k,1.4e4,0.0008,1.000000e-04,2.96589,0.78388,0.0008
a_nx8_typ_27c_rb14k_st1,A,extraction,typ,hbt_typ,27,8,1,14k,1.4e4,0.00106682,1.333525e-04,2.82254,0.792306,0.00106682
a_nx8_typ_27c_rb14k_st1,A,extraction,typ,hbt_typ,27,8,1,14k,1.4e4,0.00142262,1.778275e-04,2.69721,0.800779,0.00142262
a_nx8_typ_27c_rb14k_st1,A,extraction,typ,hbt_typ,27,8,1,14k,1.4e4,0.0018971,2.371375e-04,2.58772,0.809399,0.0018971
a_nx8_typ_27c_rb14k_st1,A,extraction,typ,hbt_typ,27,8,1,14k,1.4e4,0.00252982,3.162275e-04,2.49277,0.818275,0.00252982
a_nx8_typ_27c_rb14k_st1,A,extraction,typ,hbt_typ,27,8,1,14k,1.4e4,0.00337357,4.216963e-04,2.4118,0.827532,0.00337357
a_nx8_typ_27c_rb14k_st1,A,extraction,typ,hbt_typ,27,8,1,14k,1.4e4,0.00449873,5.623413e-04,2.34504,0.83731,0.00449873
a_nx8_typ_27c_rb14k_st1,A,extraction,typ,hbt_typ,27,8,1,14k,1.4e4,0.00599915,7.498937e-04,2.29349,0.847764,0.00599915
a_nx8_typ_27c_rb14k_st1,A,extraction,typ,hbt_typ,27,8,1,14k,1.4e4,0.008,1.000000e-03,2.25911,0.859043,0.008
a_nx8_typ_27c_rb14k_st1,A,extraction,typ,hbt_typ,27,8,1,14k,1.4e4,0.0106682,1.333525e-03,2.24499,0.871253,0.0106682
a_nx8_typ_27c_rb14k_st1,A,extraction,typ,hbt_typ,27,8,1,14k,1.4e4,0.0142262,1.778275e-03,2.25548,0.884372,0.0142262
a_nx8_typ_27c_rb14k_st1,A,extraction,typ,hbt_typ,27,8,1,14k,1.4e4,0.018971,2.371375e-03,2.29605,0.898111,0.018971
a_nx8_typ_27c_rb14k_st1,A,extraction,typ,hbt_typ,27,8,1,14k,1.4e4,0.0252982,3.162275e-03,2.37229,0.911667,0.0252982
a_nx8_typ_27c_rb1p4k_st1,A,extraction,typ,hbt_typ,27,8,1,1p4k,1.4e3,8E-10,1.000000e-10,266.183,7.47362E-07,5.3383E-10
a_nx8_typ_27c_rb1p4k_st1,A,extraction,typ,hbt_typ,27,8,1,1p4k,1.4e3,1.06682E-09,1.333525e-10,353.839,9.98138E-07,7.1296E-10
a_nx8_typ_27c_rb1p4k_st1,A,extraction,typ,hbt_typ,27,8,1,1p4k,1.4e3,1.42262E-09,1.778275e-10,362.436,1.4837E-06,1.06019E-09
a_nx8_typ_27c_rb1p4k_st1,A,extraction,typ,hbt_typ,27,8,1,1p4k,1.4e3,1.8971E-09,2.371375e-10,365.587,2.14272E-06,1.53148E-09
a_nx8_typ_27c_rb1p4k_st1,A,extraction,typ,hbt_typ,27,8,1,1p4k,1.4e3,2.52982E-09,3.162275e-10,483.93,2.86286E-06,2.04587E-09
a_nx8_typ_27c_rb1p4k_st1,A,extraction,typ,hbt_typ,27,8,1,1p4k,1.4e3,3.37357E-09,4.216962e-10,641.958,3.82283E-06,2.73157E-09
a_nx8_typ_27c_rb1p4k_st1,A,extraction,typ,hbt_typ,27,8,1,1p4k,1.4e3,4.49873E-09,5.623413e-10,852.047,5.10396E-06,3.64666E-09
a_nx8_typ_27c_rb1p4k_st1,A,extraction,typ,hbt_typ,27,8,1,1p4k,1.4e3,5.99915E-09,7.498938e-10,1131.09,6.81388E-06,4.86804E-09
a_nx8_typ_27c_rb1p4k_st1,A,extraction,typ,hbt_typ,27,8,1,1p4k,1.4e3,8E-09,1.000000e-09,1501.28,9.09686E-06,6.49874E-09
a_nx8_typ_27c_rb1p4k_st1,A,extraction,typ,hbt_typ,27,8,1,1p4k,1.4e3,1.06682E-08,1.333525e-09,1991.41,1.21459E-05,8.67664E-09
a_nx8_typ_27c_rb1p4k_st1,A,extraction,typ,hbt_typ,27,8,1,1p4k,1.4e3,1.42262E-08,1.778275e-09,2638.54,1.62211E-05,1.15875E-08
a_nx8_typ_27c_rb1p4k_st1,A,extraction,typ,hbt_typ,27,8,1,1p4k,1.4e3,1.8971E-08,2.371375e-09,3489.31,2.16729E-05,1.54817E-08
a_nx8_typ_27c_rb1p4k_st1,A,extraction,typ,hbt_typ,27,8,1,1p4k,1.4e3,2.52982E-08,3.162275e-09,4599.97,2.89759E-05,2.06981E-08
a_nx8_typ_27c_rb1p4k_st1,A,extraction,typ,hbt_typ,27,8,1,1p4k,1.4e3,3.37357E-08,4.216963e-09,6033.91,3.87808E-05,2.77017E-08
a_nx8_typ_27c_rb1p4k_st1,A,extraction,typ,hbt_typ,27,8,1,1p4k,1.4e3,4.49873E-08,5.623413e-09,7850.23,5.199E-05,3.71369E-08
a_nx8_typ_27c_rb1p4k_st1,A,extraction,typ,hbt_typ,27,8,1,1p4k,1.4e3,5.99915E-08,7.498937e-09,10072.9,6.98847E-05,4.99189E-08
a_nx8_typ_27c_rb1p4k_st1,A,extraction,typ,hbt_typ,27,8,1,1p4k,1.4e3,8E-08,1.000000e-08,12617.2,9.43324E-05,6.73817E-08
a_nx8_typ_27c_rb1p4k_st1,A,extraction,typ,hbt_typ,27,8,1,1p4k,1.4e3,1.06682E-07,1.333525e-08,15149.3,0.000128143,9.15324E-08
a_nx8_typ_27c_rb1p4k_st1,A,extraction,typ,hbt_typ,27,8,1,1p4k,1.4e3,1.42262E-07,1.778275e-08,16947.8,0.000175436,1.25314E-07
a_nx8_typ_27c_rb1p4k_st1,A,extraction,typ,hbt_typ,27,8,1,1p4k,1.4e3,1.8971E-07,2.371375e-08,17186.3,0.000241529,1.72524E-07
a_nx8_typ_27c_rb1p4k_st1,A,extraction,typ,hbt_typ,27,8,1,1p4k,1.4e3,2.52982E-07,3.162275e-08,17049.4,0.000231351,1.65253E-07
a_nx8_typ_27c_rb1p4k_st1,A,extraction,typ,hbt_typ,27,8,1,1p4k,1.4e3,3.37357E-07,4.216963e-08,,,
a_nx8_typ_27c_rb1p4k_st1,A,extraction,typ,hbt_typ,27,8,1,1p4k,1.4e3,4.49873E-07,5.623413e-08,,,
a_nx8_typ_27c_rb1p4k_st1,A,extraction,typ,hbt_typ,27,8,1,1p4k,1.4e3,5.99915E-07,7.498937e-08,,,
a_nx8_typ_27c_rb1p4k_st1,A,extraction,typ,hbt_typ,27,8,1,1p4k,1.4e3,8E-07,1.000000e-07,,,
a_nx8_typ_27c_rb1p4k_st1,A,extraction,typ,hbt_typ,27,8,1,1p4k,1.4e3,1.06682E-06,1.333525e-07,,,
a_nx8_typ_27c_rb1p4k_st1,A,extraction,typ,hbt_typ,27,8,1,1p4k,1.4e3,1.42262E-06,1.778275e-07,,,
a_nx8_typ_27c_rb1p4k_st1,A,extraction,typ,hbt_typ,27,8,1,1p4k,1.4e3,1.8971E-06,2.371375e-07,,,
a_nx8_typ_27c_rb1p4k_st1,A,extraction,typ,hbt_typ,27,8,1,1p4k,1.4e3,2.52982E-06,3.162275e-07,379.979,0.00353711,2.52944E-06
a_nx8_typ_27c_rb1p4k_st1,A,extraction,typ,hbt_typ,27,8,1,1p4k,1.4e3,3.37357E-06,4.216963e-07,381.056,0.00471701,3.37319E-06
a_nx8_typ_27c_rb1p4k_st1,A,extraction,typ,hbt_typ,27,8,1,1p4k,1.4e3,4.49873E-06,5.623413e-07,382.151,0.00629043,4.49835E-06
a_nx8_typ_27c_rb1p4k_st1,A,extraction,typ,hbt_typ,27,8,1,1p4k,1.4e3,5.99915E-06,7.498937e-07,383.256,0.00838863,5.99877E-06
a_nx8_typ_27c_rb1p4k_st1,A,extraction,typ,hbt_typ,27,8,1,1p4k,1.4e3,8E-06,1.000000e-06,384.374,0.0111866,7.99962E-06
a_nx8_typ_27c_rb1p4k_st1,A,extraction,typ,hbt_typ,27,8,1,1p4k,1.4e3,1.06682E-05,1.333525e-06,385.504,0.0149179,1.06678E-05
a_nx8_typ_27c_rb1p4k_st1,A,extraction,typ,hbt_typ,27,8,1,1p4k,1.4e3,1.42262E-05,1.778275e-06,386.653,0.0198935,1.42258E-05
a_nx8_typ_27c_rb1p4k_st1,A,extraction,typ,hbt_typ,27,8,1,1p4k,1.4e3,1.8971E-05,2.371375e-06,387.829,0.0265287,1.89706E-05
a_nx8_typ_27c_rb1p4k_st1,A,extraction,typ,hbt_typ,27,8,1,1p4k,1.4e3,2.52982E-05,3.162275e-06,389.048,0.0353769,2.52978E-05
a_nx8_typ_27c_rb1p4k_st1,A,extraction,typ,hbt_typ,27,8,1,1p4k,1.4e3,3.37357E-05,4.216963e-06,390.336,0.0471763,3.37353E-05
a_nx8_typ_27c_rb1p4k_st1,A,extraction,typ,hbt_typ,27,8,1,1p4k,1.4e3,4.49873E-05,5.623413e-06,391.735,0.0629111,4.49869E-05
a_nx8_typ_27c_rb1p4k_st1,A,extraction,typ,hbt_typ,27,8,1,1p4k,1.4e3,5.99915E-05,7.498938e-06,393.309,0.083894,5.99911E-05
a_nx8_typ_27c_rb1p4k_st1,A,extraction,typ,hbt_typ,27,8,1,1p4k,1.4e3,8E-05,1.000000e-05,395.122,0.111875,7.99996E-05
a_nx8_typ_27c_rb1p4k_st1,A,extraction,typ,hbt_typ,27,8,1,1p4k,1.4e3,0.000106682,1.333525e-05,396.979,0.14919,0.000106682
a_nx8_typ_27c_rb1p4k_st1,A,extraction,typ,hbt_typ,27,8,1,1p4k,1.4e3,0.000142262,1.778275e-05,395.502,0.198946,0.000142261
a_nx8_typ_27c_rb1p4k_st1,A,extraction,typ,hbt_typ,27,8,1,1p4k,1.4e3,0.00018971,2.371375e-05,,,
a_nx8_typ_27c_rb1p4k_st1,A,extraction,typ,hbt_typ,27,8,1,1p4k,1.4e3,0.000252982,3.162275e-05,,,
a_nx8_typ_27c_rb1p4k_st1,A,extraction,typ,hbt_typ,27,8,1,1p4k,1.4e3,0.000337357,4.216962e-05,,,
a_nx8_typ_27c_rb1p4k_st1,A,extraction,typ,hbt_typ,27,8,1,1p4k,1.4e3,0.000449873,5.623412e-05,,,
a_nx8_typ_27c_rb1p4k_st1,A,extraction,typ,hbt_typ,27,8,1,1p4k,1.4e3,0.000599915,7.498938e-05,9.87994,0.710919,0.000599915
a_nx8_typ_27c_rb1p4k_st1,A,extraction,typ,hbt_typ,27,8,1,1p4k,1.4e3,0.0008,1.000000e-04,6.67245,0.742506,0.0008
a_nx8_typ_27c_rb1p4k_st1,A,extraction,typ,hbt_typ,27,8,1,1p4k,1.4e3,0.00106682,1.333525e-04,5.4525,0.761025,0.00106682
a_nx8_typ_27c_rb1p4k_st1,A,extraction,typ,hbt_typ,27,8,1,1p4k,1.4e3,0.00142262,1.778275e-04,4.7535,0.775,0.00142262
a_nx8_typ_27c_rb1p4k_st1,A,extraction,typ,hbt_typ,27,8,1,1p4k,1.4e3,0.0018971,2.371375e-04,4.27703,0.786869,0.0018971
a_nx8_typ_27c_rb1p4k_st1,A,extraction,typ,hbt_typ,27,8,1,1p4k,1.4e3,0.00252982,3.162275e-04,3.92109,0.797685,0.00252982
a_nx8_typ_27c_rb1p4k_st1,A,extraction,typ,hbt_typ,27,8,1,1p4k,1.4e3,0.00337357,4.216963e-04,3.64067,0.808034,0.00337357
a_nx8_typ_27c_rb1p4k_st1,A,extraction,typ,hbt_typ,27,8,1,1p4k,1.4e3,0.00449873,5.623413e-04,3.41288,0.818314,0.00449873
a_nx8_typ_27c_rb1p4k_st1,A,extraction,typ,hbt_typ,27,8,1,1p4k,1.4e3,0.00599915,7.498937e-04,3.22512,0.828835,0.00599915
a_nx8_typ_27c_rb1p4k_st1,A,extraction,typ,hbt_typ,27,8,1,1p4k,1.4e3,0.008,1.000000e-03,3.07045,0.839866,0.008
a_nx8_typ_27c_rb1p4k_st1,A,extraction,typ,hbt_typ,27,8,1,1p4k,1.4e3,0.0106682,1.333525e-03,2.9454,0.851611,0.0106682
a_nx8_typ_27c_rb1p4k_st1,A,extraction,typ,hbt_typ,27,8,1,1p4k,1.4e3,0.0142262,1.778275e-03,2.84913,0.86419,0.0142262
a_nx8_typ_27c_rb1p4k_st1,A,extraction,typ,hbt_typ,27,8,1,1p4k,1.4e3,0.018971,2.371375e-03,2.78301,0.877528,0.018971
a_nx8_typ_27c_rb1p4k_st1,A,extraction,typ,hbt_typ,27,8,1,1p4k,1.4e3,0.0252982,3.162275e-03,2.75049,0.891165,0.0252982
a_nx1_typ_125c_rb14k_st1,A,extraction,typ,hbt_typ,125,1,1,14k,1.4e4,1E-10,1.000000e-10,4.1056,1.49782E-07,1.11477E-11
a_nx1_typ_125c_rb14k_st1,A,extraction,typ,hbt_typ,125,1,1,14k,1.4e4,1.33352E-10,1.333520e-10,12.9894,4.92125E-07,3.56159E-11
a_nx1_typ_125c_rb14k_st1,A,extraction,typ,hbt_typ,125,1,1,14k,1.4e4,1.77828E-10,1.778280e-10,23.7411,9.64008E-07,6.93397E-11
a_nx1_typ_125c_rb14k_st1,A,extraction,typ,hbt_typ,125,1,1,14k,1.4e4,2.37137E-10,2.371370e-10,37.3983,1.6028E-06,1.14991E-10
a_nx1_typ_125c_rb14k_st1,A,extraction,typ,hbt_typ,125,1,1,14k,1.4e4,3.16228E-10,3.162280e-10,54.8618,2.46515E-06,1.76619E-10
a_nx1_typ_125c_rb14k_st1,A,extraction,typ,hbt_typ,125,1,1,14k,1.4e4,4.21697E-10,4.216970e-10,77.0466,3.6305E-06,2.59903E-10
a_nx1_typ_125c_rb14k_st1,A,extraction,typ,hbt_typ,125,1,1,14k,1.4e4,5.62341E-10,5.623410e-10,104.766,5.21052E-06,3.72825E-10
a_nx1_typ_125c_rb14k_st1,A,extraction,typ,hbt_typ,125,1,1,14k,1.4e4,7.49894E-10,7.498940e-10,138.394,7.3641E-06,5.26747E-10
a_nx1_typ_125c_rb14k_st1,A,extraction,typ,hbt_typ,125,1,1,14k,1.4e4,1E-09,1.000000e-09,177.231,1.03198E-05,7.38014E-10
a_nx1_typ_125c_rb14k_st1,A,extraction,typ,hbt_typ,125,1,1,14k,1.4e4,1.33352E-09,1.333520e-09,218.754,1.44045E-05,1.03001E-09
a_nx1_typ_125c_rb14k_st1,A,extraction,typ,hbt_typ,125,1,1,14k,1.4e4,1.77828E-09,1.778280e-09,258.643,2.00674E-05,1.43486E-09
a_nx1_typ_125c_rb14k_st1,A,extraction,typ,hbt_typ,125,1,1,14k,1.4e4,2.37137E-09,2.371370e-09,292.639,2.78868E-05,1.99394E-09
a_nx1_typ_125c_rb14k_st1,A,extraction,typ,hbt_typ,125,1,1,14k,1.4e4,3.16228E-09,3.162280e-09,318.867,3.85809E-05,2.75861E-09
a_nx1_typ_125c_rb14k_st1,A,extraction,typ,hbt_typ,125,1,1,14k,1.4e4,4.21697E-09,4.216970e-09,337.941,5.30633E-05,3.79418E-09
a_nx1_typ_125c_rb14k_st1,A,extraction,typ,hbt_typ,125,1,1,14k,1.4e4,5.62341E-09,5.623410e-09,351.496,7.25416E-05,5.18703E-09
a_nx1_typ_125c_rb14k_st1,A,extraction,typ,hbt_typ,125,1,1,14k,1.4e4,7.49894E-09,7.498940e-09,361.108,9.86345E-05,7.05288E-09
a_nx1_typ_125c_rb14k_st1,A,extraction,typ,hbt_typ,125,1,1,14k,1.4e4,1E-08,1.000000e-08,367.967,0.000133513,9.547E-09
a_nx1_typ_125c_rb14k_st1,A,extraction,typ,hbt_typ,125,1,1,14k,1.4e4,1.33352E-08,1.333520e-08,372.906,0.000180083,1.28772E-08
a_nx1_typ_125c_rb14k_st1,A,extraction,typ,hbt_typ,125,1,1,14k,1.4e4,1.77828E-08,1.778280e-08,376.495,0.000242227,1.7321E-08
a_nx1_typ_125c_rb14k_st1,A,extraction,typ,hbt_typ,125,1,1,14k,1.4e4,2.37137E-08,2.371370e-08,379.126,0.000325126,2.32491E-08
a_nx1_typ_125c_rb14k_st1,A,extraction,typ,hbt_typ,125,1,1,14k,1.4e4,3.16228E-08,3.162280e-08,381.07,0.000435698,3.1156E-08
a_nx1_typ_125c_rb14k_st1,A,extraction,typ,hbt_typ,125,1,1,14k,1.4e4,4.21697E-08,4.216970e-08,382.521,0.000583163,4.17011E-08
a_nx1_typ_125c_rb14k_st1,A,extraction,typ,hbt_typ,125,1,1,14k,1.4e4,5.62341E-08,5.623410e-08,383.62,0.000779821,5.57639E-08
a_nx1_typ_125c_rb14k_st1,A,extraction,typ,hbt_typ,125,1,1,14k,1.4e4,7.49894E-08,7.498940e-08,384.472,0.00104208,7.45177E-08
a_nx1_typ_125c_rb14k_st1,A,extraction,typ,hbt_typ,125,1,1,14k,1.4e4,1E-07,1.000000e-07,385.161,0.00139181,9.95268E-08
a_nx1_typ_125c_rb14k_st1,A,extraction,typ,hbt_typ,125,1,1,14k,1.4e4,1.33352E-07,1.333520e-07,385.756,0.00185819,1.32877E-07
a_nx1_typ_125c_rb14k_st1,A,extraction,typ,hbt_typ,125,1,1,14k,1.4e4,1.77828E-07,1.778280e-07,386.321,0.00248013,1.77351E-07
a_nx1_typ_125c_rb14k_st1,A,extraction,typ,hbt_typ,125,1,1,14k,1.4e4,2.37137E-07,2.371370e-07,386.911,0.00330948,2.36657E-07
a_nx1_typ_125c_rb14k_st1,A,extraction,typ,hbt_typ,125,1,1,14k,1.4e4,3.16228E-07,3.162280e-07,387.573,0.00441547,3.15745E-07
a_nx1_typ_125c_rb14k_st1,A,extraction,typ,hbt_typ,125,1,1,14k,1.4e4,4.21697E-07,4.216970e-07,388.342,0.00589032,4.21209E-07
a_nx1_typ_125c_rb14k_st1,A,extraction,typ,hbt_typ,125,1,1,14k,1.4e4,5.62341E-07,5.623410e-07,389.237,0.00785706,5.61846E-07
a_nx1_typ_125c_rb14k_st1,A,extraction,typ,hbt_typ,125,1,1,14k,1.4e4,7.49894E-07,7.498940e-07,390.267,0.0104798,7.4939E-07
a_nx1_typ_125c_rb14k_st1,A,extraction,typ,hbt_typ,125,1,1,14k,1.4e4,1E-06,1.000000e-06,391.435,0.0139772,9.99483E-07
a_nx1_typ_125c_rb14k_st1,A,extraction,typ,hbt_typ,125,1,1,14k,1.4e4,1.33352E-06,1.333520e-06,392.745,0.0186411,1.33298E-06
a_nx1_typ_125c_rb14k_st1,A,extraction,typ,hbt_typ,125,1,1,14k,1.4e4,1.77828E-06,1.778280e-06,394.202,0.0248606,1.77772E-06
a_nx1_typ_125c_rb14k_st1,A,extraction,typ,hbt_typ,125,1,1,14k,1.4e4,2.37137E-06,2.371370e-06,395.817,0.0331542,2.37076E-06
a_nx1_typ_125c_rb14k_st1,A,extraction,typ,hbt_typ,125,1,1,14k,1.4e4,3.16228E-06,3.162280e-06,397.593,0.0442139,3.16159E-06
a_nx1_typ_125c_rb14k_st1,A,extraction,typ,hbt_typ,125,1,1,14k,1.4e4,4.21697E-06,4.216970e-06,399.488,0.0589617,4.21614E-06
a_nx1_typ_125c_rb14k_st1,A,extraction,typ,hbt_typ,125,1,1,14k,1.4e4,5.62341E-06,5.623410e-06,401.259,0.0786267,5.62227E-06
a_nx1_typ_125c_rb14k_st1,A,extraction,typ,hbt_typ,125,1,1,14k,1.4e4,7.49894E-06,7.498940e-06,401.676,0.104846,7.4971E-06
a_nx1_typ_125c_rb14k_st1,A,extraction,typ,hbt_typ,125,1,1,14k,1.4e4,1E-05,1.000000e-05,394.599,0.139796,9.99642E-06
a_nx1_typ_125c_rb14k_st1,A,extraction,typ,hbt_typ,125,1,1,14k,1.4e4,1.33352E-05,1.333520e-05,357.119,0.186373,1.33286E-05
a_nx1_typ_125c_rb14k_st1,A,extraction,typ,hbt_typ,125,1,1,14k,1.4e4,1.77828E-05,1.778280e-05,,,
a_nx1_typ_125c_rb14k_st1,A,extraction,typ,hbt_typ,125,1,1,14k,1.4e4,2.37137E-05,2.371370e-05,,,
a_nx1_typ_125c_rb14k_st1,A,extraction,typ,hbt_typ,125,1,1,14k,1.4e4,3.16228E-05,3.162280e-05,,,
a_nx1_typ_125c_rb14k_st1,A,extraction,typ,hbt_typ,125,1,1,14k,1.4e4,4.21697E-05,4.216970e-05,13.3989,0.547611,4.21695E-05
a_nx1_typ_125c_rb14k_st1,A,extraction,typ,hbt_typ,125,1,1,14k,1.4e4,5.62341E-05,5.623410e-05,7.13381,0.603671,5.6234E-05
a_nx1_typ_125c_rb14k_st1,A,extraction,typ,hbt_typ,125,1,1,14k,1.4e4,7.49894E-05,7.498940e-05,5.42013,0.633862,7.49893E-05
a_nx1_typ_125c_rb14k_st1,A,extraction,typ,hbt_typ,125,1,1,14k,1.4e4,0.0001,1.000000e-04,4.58519,0.655189,9.99999E-05
a_nx1_typ_125c_rb14k_st1,A,extraction,typ,hbt_typ,125,1,1,14k,1.4e4,0.000133352,1.333520e-04,4.06494,0.672537,0.000133352
a_nx1_typ_125c_rb14k_st1,A,extraction,typ,hbt_typ,125,1,1,14k,1.4e4,0.000177828,1.778280e-04,3.69782,0.687816,0.000177828
a_nx1_typ_125c_rb14k_st1,A,extraction,typ,hbt_typ,125,1,1,14k,1.4e4,0.000237137,2.371370e-04,3.41979,0.701978,0.000237137
a_nx1_typ_125c_rb14k_st1,A,extraction,typ,hbt_typ,125,1,1,14k,1.4e4,0.000316228,3.162280e-04,3.20027,0.715601,0.000316228
a_nx1_typ_125c_rb14k_st1,A,extraction,typ,hbt_typ,125,1,1,14k,1.4e4,0.000421697,4.216970e-04,3.02302,0.729094,0.000421697
a_nx1_typ_125c_rb14k_st1,A,extraction,typ,hbt_typ,125,1,1,14k,1.4e4,0.000562341,5.623410e-04,2.87893,0.742788,0.000562341
a_nx1_typ_125c_rb14k_st1,A,extraction,typ,hbt_typ,125,1,1,14k,1.4e4,0.000749894,7.498940e-04,2.76299,0.756981,0.000749893
a_nx1_typ_125c_rb14k_st1,A,extraction,typ,hbt_typ,125,1,1,14k,1.4e4,0.001,1.000000e-03,2.67292,0.771951,0.000999999
a_nx1_typ_125c_rb14k_st1,A,extraction,typ,hbt_typ,125,1,1,14k,1.4e4,0.00133352,1.333520e-03,2.60854,0.787947,0.00133352
a_nx1_typ_125c_rb14k_st1,A,extraction,typ,hbt_typ,125,1,1,14k,1.4e4,0.00177828,1.778280e-03,2.57157,0.805152,0.00177827
a_nx1_typ_125c_rb14k_st1,A,extraction,typ,hbt_typ,125,1,1,14k,1.4e4,0.00237137,2.371370e-03,2.5656,0.823595,0.00237135
a_nx1_typ_125c_rb14k_st1,A,extraction,typ,hbt_typ,125,1,1,14k,1.4e4,0.00316228,3.162280e-03,2.59524,0.843012,0.0031622
a_nx1_typ_125c_rb1p4k_st1,A,extraction,typ,hbt_typ,125,1,1,1p4k,1.4e3,1E-10,1.000000e-10,4.1056,1.49782E-08,1.11477E-11
a_nx1_typ_125c_rb1p4k_st1,A,extraction,typ,hbt_typ,125,1,1,1p4k,1.4e3,1.33352E-10,1.333520e-10,12.9894,4.92125E-08,3.56159E-11
a_nx1_typ_125c_rb1p4k_st1,A,extraction,typ,hbt_typ,125,1,1,1p4k,1.4e3,1.77828E-10,1.778280e-10,23.7412,9.64007E-08,6.93396E-11
a_nx1_typ_125c_rb1p4k_st1,A,extraction,typ,hbt_typ,125,1,1,1p4k,1.4e3,2.37137E-10,2.371370e-10,37.3987,1.60281E-07,1.14991E-10
a_nx1_typ_125c_rb1p4k_st1,A,extraction,typ,hbt_typ,125,1,1,1p4k,1.4e3,3.16228E-10,3.162280e-10,54.8625,2.46514E-07,1.76618E-10
a_nx1_typ_125c_rb1p4k_st1,A,extraction,typ,hbt_typ,125,1,1,1p4k,1.4e3,4.21697E-10,4.216970e-10,77.0481,3.63047E-07,2.599E-10
a_nx1_typ_125c_rb1p4k_st1,A,extraction,typ,hbt_typ,125,1,1,1p4k,1.4e3,5.62341E-10,5.623410e-10,104.77,5.21048E-07,3.72822E-10
a_nx1_typ_125c_rb1p4k_st1,A,extraction,typ,hbt_typ,125,1,1,1p4k,1.4e3,7.49894E-10,7.498940e-10,138.401,7.36401E-07,5.26741E-10
a_nx1_typ_125c_rb1p4k_st1,A,extraction,typ,hbt_typ,125,1,1,1p4k,1.4e3,1E-09,1.000000e-09,177.243,1.03196E-06,7.38002E-10
a_nx1_typ_125c_rb1p4k_st1,A,extraction,typ,hbt_typ,125,1,1,1p4k,1.4e3,1.33352E-09,1.333520e-09,218.775,1.44042E-06,1.02999E-09
a_nx1_typ_125c_rb1p4k_st1,A,extraction,typ,hbt_typ,125,1,1,1p4k,1.4e3,1.77828E-09,1.778280e-09,258.674,2.0067E-06,1.43483E-09
a_nx1_typ_125c_rb1p4k_st1,A,extraction,typ,hbt_typ,125,1,1,1p4k,1.4e3,2.37137E-09,2.371370e-09,292.68,2.78862E-06,1.9939E-09
a_nx1_typ_125c_rb1p4k_st1,A,extraction,typ,hbt_typ,125,1,1,1p4k,1.4e3,3.16228E-09,3.162280e-09,318.914,3.85803E-06,2.75856E-09
a_nx1_typ_125c_rb1p4k_st1,A,extraction,typ,hbt_typ,125,1,1,1p4k,1.4e3,4.21697E-09,4.216970e-09,337.992,5.30627E-06,3.79414E-09
a_nx1_typ_125c_rb1p4k_st1,A,extraction,typ,hbt_typ,125,1,1,1p4k,1.4e3,5.62341E-09,5.623410e-09,351.549,7.25409E-06,5.18698E-09
a_nx1_typ_125c_rb1p4k_st1,A,extraction,typ,hbt_typ,125,1,1,1p4k,1.4e3,7.49894E-09,7.498940e-09,361.16,9.86338E-06,7.05284E-09
a_nx1_typ_125c_rb1p4k_st1,A,extraction,typ,hbt_typ,125,1,1,1p4k,1.4e3,1E-08,1.000000e-08,368.017,1.33512E-05,9.54695E-09
a_nx1_typ_125c_rb1p4k_st1,A,extraction,typ,hbt_typ,125,1,1,1p4k,1.4e3,1.33352E-08,1.333520e-08,372.953,1.80082E-05,1.28771E-08
a_nx1_typ_125c_rb1p4k_st1,A,extraction,typ,hbt_typ,125,1,1,1p4k,1.4e3,1.77828E-08,1.778280e-08,376.538,2.42226E-05,1.7321E-08
a_nx1_typ_125c_rb1p4k_st1,A,extraction,typ,hbt_typ,125,1,1,1p4k,1.4e3,2.37137E-08,2.371370e-08,379.163,3.25126E-05,2.32491E-08
a_nx1_typ_125c_rb1p4k_st1,A,extraction,typ,hbt_typ,125,1,1,1p4k,1.4e3,3.16228E-08,3.162280e-08,381.1,4.35698E-05,3.11559E-08
a_nx1_typ_125c_rb1p4k_st1,A,extraction,typ,hbt_typ,125,1,1,1p4k,1.4e3,4.21697E-08,4.216970e-08,382.54,5.83163E-05,4.17011E-08
a_nx1_typ_125c_rb1p4k_st1,A,extraction,typ,hbt_typ,125,1,1,1p4k,1.4e3,5.62341E-08,5.623410e-08,383.626,7.79821E-05,5.57639E-08
a_nx1_typ_125c_rb1p4k_st1,A,extraction,typ,hbt_typ,125,1,1,1p4k,1.4e3,7.49894E-08,7.498940e-08,384.46,0.000104208,7.45177E-08
a_nx1_typ_125c_rb1p4k_st1,A,extraction,typ,hbt_typ,125,1,1,1p4k,1.4e3,1E-07,1.000000e-07,385.126,0.000139181,9.95268E-08
a_nx1_typ_125c_rb1p4k_st1,A,extraction,typ,hbt_typ,125,1,1,1p4k,1.4e3,1.33352E-07,1.333520e-07,385.693,0.000185819,1.32877E-07
a_nx1_typ_125c_rb1p4k_st1,A,extraction,typ,hbt_typ,125,1,1,1p4k,1.4e3,1.77828E-07,1.778280e-07,386.226,0.000248013,1.77351E-07
a_nx1_typ_125c_rb1p4k_st1,A,extraction,typ,hbt_typ,125,1,1,1p4k,1.4e3,2.37137E-07,2.371370e-07,386.779,0.000330948,2.36657E-07
a_nx1_typ_125c_rb1p4k_st1,A,extraction,typ,hbt_typ,125,1,1,1p4k,1.4e3,3.16228E-07,3.162280e-07,387.403,0.000441547,3.15745E-07
a_nx1_typ_125c_rb1p4k_st1,A,extraction,typ,hbt_typ,125,1,1,1p4k,1.4e3,4.21697E-07,4.216970e-07,388.13,0.000589032,4.21209E-07
a_nx1_typ_125c_rb1p4k_st1,A,extraction,typ,hbt_typ,125,1,1,1p4k,1.4e3,5.62341E-07,5.623410e-07,388.982,0.000785706,5.61846E-07
a_nx1_typ_125c_rb1p4k_st1,A,extraction,typ,hbt_typ,125,1,1,1p4k,1.4e3,7.49894E-07,7.498940e-07,389.965,0.00104798,7.4939E-07
a_nx1_typ_125c_rb1p4k_st1,A,extraction,typ,hbt_typ,125,1,1,1p4k,1.4e3,1E-06,1.000000e-06,391.082,0.00139772,9.99484E-07
a_nx1_typ_125c_rb1p4k_st1,A,extraction,typ,hbt_typ,125,1,1,1p4k,1.4e3,1.33352E-06,1.333520e-06,392.335,0.00186411,1.33298E-06
a_nx1_typ_125c_rb1p4k_st1,A,extraction,typ,hbt_typ,125,1,1,1p4k,1.4e3,1.77828E-06,1.778280e-06,393.735,0.00248605,1.77772E-06
a_nx1_typ_125c_rb1p4k_st1,A,extraction,typ,hbt_typ,125,1,1,1p4k,1.4e3,2.37137E-06,2.371370e-06,395.302,0.00331541,2.37076E-06
a_nx1_typ_125c_rb1p4k_st1,A,extraction,typ,hbt_typ,125,1,1,1p4k,1.4e3,3.16228E-06,3.162280e-06,397.074,0.00442138,3.16159E-06
a_nx1_typ_125c_rb1p4k_st1,A,extraction,typ,hbt_typ,125,1,1,1p4k,1.4e3,4.21697E-06,4.216970e-06,399.117,0.00589617,4.21614E-06
a_nx1_typ_125c_rb1p4k_st1,A,extraction,typ,hbt_typ,125,1,1,1p4k,1.4e3,5.62341E-06,5.623410e-06,401.544,0.00786267,5.62227E-06
a_nx1_typ_125c_rb1p4k_st1,A,extraction,typ,hbt_typ,125,1,1,1p4k,1.4e3,7.49894E-06,7.498940e-06,404.536,0.0104846,7.49707E-06
a_nx1_typ_125c_rb1p4k_st1,A,extraction,typ,hbt_typ,125,1,1,1p4k,1.4e3,1E-05,1.000000e-05,408.386,0.0139796,9.99602E-06
a_nx1_typ_125c_rb1p4k_st1,A,extraction,typ,hbt_typ,125,1,1,1p4k,1.4e3,1.33352E-05,1.333520e-05,413.51,0.0186334,1.33235E-05
a_nx1_typ_125c_rb1p4k_st1,A,extraction,typ,hbt_typ,125,1,1,1p4k,1.4e3,1.77828E-05,1.778280e-05,419.812,0.024803,1.77346E-05
a_nx1_typ_125c_rb1p4k_st1,A,extraction,typ,hbt_typ,125,1,1,1p4k,1.4e3,2.37137E-05,2.371370e-05,420.387,0.0328052,2.34563E-05
a_nx1_typ_125c_rb1p4k_st1,A,extraction,typ,hbt_typ,125,1,1,1p4k,1.4e3,3.16228E-05,3.162280e-05,,,
a_nx1_typ_125c_rb1p4k_st1,A,extraction,typ,hbt_typ,125,1,1,1p4k,1.4e3,4.21697E-05,4.216970e-05,,,
a_nx1_typ_125c_rb1p4k_st1,A,extraction,typ,hbt_typ,125,1,1,1p4k,1.4e3,5.62341E-05,5.623410e-05,,,
a_nx1_typ_125c_rb1p4k_st1,A,extraction,typ,hbt_typ,125,1,1,1p4k,1.4e3,7.49894E-05,7.498940e-05,,,
a_nx1_typ_125c_rb1p4k_st1,A,extraction,typ,hbt_typ,125,1,1,1p4k,1.4e3,0.0001,1.000000e-04,,,
a_nx1_typ_125c_rb1p4k_st1,A,extraction,typ,hbt_typ,125,1,1,1p4k,1.4e3,0.000133352,1.333520e-04,,,
a_nx1_typ_125c_rb1p4k_st1,A,extraction,typ,hbt_typ,125,1,1,1p4k,1.4e3,0.000177828,1.778280e-04,,,
a_nx1_typ_125c_rb1p4k_st1,A,extraction,typ,hbt_typ,125,1,1,1p4k,1.4e3,0.000237137,2.371370e-04,,,
a_nx1_typ_125c_rb1p4k_st1,A,extraction,typ,hbt_typ,125,1,1,1p4k,1.4e3,0.000316228,3.162280e-04,,,
a_nx1_typ_125c_rb1p4k_st1,A,extraction,typ,hbt_typ,125,1,1,1p4k,1.4e3,0.000421697,4.216970e-04,,,
a_nx1_typ_125c_rb1p4k_st1,A,extraction,typ,hbt_typ,125,1,1,1p4k,1.4e3,0.000562341,5.623410e-04,7.10057,0.609164,0.000562338
a_nx1_typ_125c_rb1p4k_st1,A,extraction,typ,hbt_typ,125,1,1,1p4k,1.4e3,0.000749894,7.498940e-04,5.44998,0.64676,0.000749891
a_nx1_typ_125c_rb1p4k_st1,A,extraction,typ,hbt_typ,125,1,1,1p4k,1.4e3,0.001,1.000000e-03,4.63658,0.673986,0.000999996
a_nx1_typ_125c_rb1p4k_st1,A,extraction,typ,hbt_typ,125,1,1,1p4k,1.4e3,0.00133352,1.333520e-03,4.1398,0.697393,0.00133351
a_nx1_typ_125c_rb1p4k_st1,A,extraction,typ,hbt_typ,125,1,1,1p4k,1.4e3,0.00177828,1.778280e-03,3.80354,0.719449,0.00177826
a_nx1_typ_125c_rb1p4k_st1,A,extraction,typ,hbt_typ,125,1,1,1p4k,1.4e3,0.00237137,2.371370e-03,3.5664,0.741216,0.0023713
a_nx1_typ_125c_rb1p4k_st1,A,extraction,typ,hbt_typ,125,1,1,1p4k,1.4e3,0.00316228,3.162280e-03,3.39761,0.763122,0.00316196
a_nx8_typ_125c_rb14k_st1,A,extraction,typ,hbt_typ,125,8,1,14k,1.4e4,8E-10,1.000000e-10,36.8692,5.39343E-06,3.8928E-10
a_nx8_typ_125c_rb14k_st1,A,extraction,typ,hbt_typ,125,8,1,14k,1.4e4,1.06682E-09,1.333525e-10,54.4329,8.87943E-06,6.38535E-10
a_nx8_typ_125c_rb14k_st1,A,extraction,typ,hbt_typ,125,8,1,14k,1.4e4,1.42262E-09,1.778275e-10,75.4341,1.35619E-05,9.7333E-10
a_nx8_typ_125c_rb14k_st1,A,extraction,typ,hbt_typ,125,8,1,14k,1.4e4,1.8971E-09,2.371375e-10,100.089,1.98531E-05,1.42315E-09
a_nx8_typ_125c_rb14k_st1,A,extraction,typ,hbt_typ,125,8,1,14k,1.4e4,2.52982E-09,3.162275e-10,128.178,2.83093E-05,2.02777E-09
a_nx8_typ_125c_rb14k_st1,A,extraction,typ,hbt_typ,125,8,1,14k,1.4e4,3.37357E-09,4.216962e-10,158.938,3.96797E-05,2.84077E-09
a_nx8_typ_125c_rb14k_st1,A,extraction,typ,hbt_typ,125,8,1,14k,1.4e4,4.49873E-09,5.623413e-10,191.048,5.49663E-05,3.9338E-09
a_nx8_typ_125c_rb14k_st1,A,extraction,typ,hbt_typ,125,8,1,14k,1.4e4,5.99915E-09,7.498938e-10,222.835,7.55045E-05,5.40237E-09
a_nx8_typ_125c_rb14k_st1,A,extraction,typ,hbt_typ,125,8,1,14k,1.4e4,8E-09,1.000000e-09,252.652,0.000103069,7.3734E-09
a_nx8_typ_125c_rb14k_st1,A,extraction,typ,hbt_typ,125,8,1,14k,1.4e4,1.06682E-08,1.333525e-09,279.245,0.00014001,1.00149E-08
a_nx8_typ_125c_rb14k_st1,A,extraction,typ,hbt_typ,125,8,1,14k,1.4e4,1.42262E-08,1.778275e-09,301.958,0.000189449,1.35502E-08
a_nx8_typ_125c_rb14k_st1,A,extraction,typ,hbt_typ,125,8,1,14k,1.4e4,1.8971E-08,2.371375e-09,320.698,0.000255539,1.82761E-08
a_nx8_typ_125c_rb14k_st1,A,extraction,typ,hbt_typ,125,8,1,14k,1.4e4,2.52982E-08,3.162275e-09,335.758,0.000343808,2.45881E-08
a_nx8_typ_125c_rb14k_st1,A,extraction,typ,hbt_typ,125,8,1,14k,1.4e4,3.37357E-08,4.216963e-09,347.631,0.000461631,3.30136E-08
a_nx8_typ_125c_rb14k_st1,A,extraction,typ,hbt_typ,125,8,1,14k,1.4e4,4.49873E-08,5.623413e-09,356.864,0.000618844,4.42557E-08
a_nx8_typ_125c_rb14k_st1,A,extraction,typ,hbt_typ,125,8,1,14k,1.4e4,5.99915E-08,7.498937e-09,363.977,0.000828561,5.92524E-08
a_nx8_typ_125c_rb14k_st1,A,extraction,typ,hbt_typ,125,8,1,14k,1.4e4,8E-08,1.000000e-08,369.421,0.00110828,7.92551E-08
a_nx8_typ_125c_rb14k_st1,A,extraction,typ,hbt_typ,125,8,1,14k,1.4e4,1.06682E-07,1.333525e-08,373.573,0.00148134,1.05932E-07
a_nx8_typ_125c_rb14k_st1,A,extraction,typ,hbt_typ,125,8,1,14k,1.4e4,1.42262E-07,1.778275e-08,376.737,0.00197885,1.41508E-07
a_nx8_typ_125c_rb14k_st1,A,extraction,typ,hbt_typ,125,8,1,14k,1.4e4,1.8971E-07,2.371375e-08,379.152,0.00264232,1.88953E-07
a_nx8_typ_125c_rb14k_st1,A,extraction,typ,hbt_typ,125,8,1,14k,1.4e4,2.52982E-07,3.162275e-08,381.008,0.00352708,2.52222E-07
a_nx8_typ_125c_rb14k_st1,A,extraction,typ,hbt_typ,125,8,1,14k,1.4e4,3.37357E-07,4.216963e-08,382.452,0.00470696,3.36593E-07
a_nx8_typ_125c_rb14k_st1,A,extraction,typ,hbt_typ,125,8,1,14k,1.4e4,4.49873E-07,5.623413e-08,383.603,0.00628036,4.49106E-07
a_nx8_typ_125c_rb14k_st1,A,extraction,typ,hbt_typ,125,8,1,14k,1.4e4,5.99915E-07,7.498937e-08,384.557,0.00837852,5.99143E-07
a_nx8_typ_125c_rb14k_st1,A,extraction,typ,hbt_typ,125,8,1,14k,1.4e4,8E-07,1.000000e-07,385.394,0.0111765,7.99223E-07
a_nx8_typ_125c_rb14k_st1,A,extraction,typ,hbt_typ,125,8,1,14k,1.4e4,1.06682E-06,1.333525e-07,386.181,0.0149077,1.06604E-06
a_nx8_typ_125c_rb14k_st1,A,extraction,typ,hbt_typ,125,8,1,14k,1.4e4,1.42262E-06,1.778275e-07,386.977,0.0198832,1.42183E-06
a_nx8_typ_125c_rb14k_st1,A,extraction,typ,hbt_typ,125,8,1,14k,1.4e4,1.8971E-06,2.371375e-07,387.83,0.0265183,1.89629E-06
a_nx8_typ_125c_rb14k_st1,A,extraction,typ,hbt_typ,125,8,1,14k,1.4e4,2.52982E-06,3.162275e-07,388.77,0.0353663,2.529E-06
a_nx8_typ_125c_rb14k_st1,A,extraction,typ,hbt_typ,125,8,1,14k,1.4e4,3.37357E-06,4.216963e-07,389.799,0.0471654,3.37272E-06
a_nx8_typ_125c_rb14k_st1,A,extraction,typ,hbt_typ,125,8,1,14k,1.4e4,4.49873E-06,5.623413e-07,390.856,0.0628998,4.49785E-06
a_nx8_typ_125c_rb14k_st1,A,extraction,typ,hbt_typ,125,8,1,14k,1.4e4,5.99915E-06,7.498937e-07,391.704,0.0838818,5.99822E-06
a_nx8_typ_125c_rb14k_st1,A,extraction,typ,hbt_typ,125,8,1,14k,1.4e4,8E-06,1.000000e-06,391.462,0.111862,7.99901E-06
a_nx8_typ_125c_rb14k_st1,A,extraction,typ,hbt_typ,125,8,1,14k,1.4e4,1.06682E-05,1.333525e-06,386.527,0.149171,1.06671E-05
a_nx8_typ_125c_rb14k_st1,A,extraction,typ,hbt_typ,125,8,1,14k,1.4e4,1.42262E-05,1.778275e-06,361,0.198909,1.4225E-05
a_nx8_typ_125c_rb14k_st1,A,extraction,typ,hbt_typ,125,8,1,14k,1.4e4,1.8971E-05,2.371375e-06,265.363,0.265135,1.89699E-05
a_nx8_typ_125c_rb14k_st1,A,extraction,typ,hbt_typ,125,8,1,14k,1.4e4,2.52982E-05,3.162275e-06,99.6386,0.352445,2.52976E-05
a_nx8_typ_125c_rb14k_st1,A,extraction,typ,hbt_typ,125,8,1,14k,1.4e4,3.37357E-05,4.216963e-06,19.4563,0.453552,3.37353E-05
a_nx8_typ_125c_rb14k_st1,A,extraction,typ,hbt_typ,125,8,1,14k,1.4e4,4.49873E-05,5.623413e-06,8.20056,0.519178,4.49869E-05
a_nx8_typ_125c_rb14k_st1,A,extraction,typ,hbt_typ,125,8,1,14k,1.4e4,5.99915E-05,7.498938e-06,5.80747,0.553556,5.99911E-05
a_nx8_typ_125c_rb14k_st1,A,extraction,typ,hbt_typ,125,8,1,14k,1.4e4,8E-05,1.000000e-05,4.77575,0.576589,7.99996E-05
a_nx8_typ_125c_rb14k_st1,A,extraction,typ,hbt_typ,125,8,1,14k,1.4e4,0.000106682,1.333525e-05,4.16899,0.594637,0.000106682
a_nx8_typ_125c_rb14k_st1,A,extraction,typ,hbt_typ,125,8,1,14k,1.4e4,0.000142262,1.778275e-05,3.7533,0.610032,0.000142262
a_nx8_typ_125c_rb14k_st1,A,extraction,typ,hbt_typ,125,8,1,14k,1.4e4,0.00018971,2.371375e-05,3.44257,0.623848,0.00018971
a_nx8_typ_125c_rb14k_st1,A,extraction,typ,hbt_typ,125,8,1,14k,1.4e4,0.000252982,3.162275e-05,3.19732,0.636658,0.000252982
a_nx8_typ_125c_rb14k_st1,A,extraction,typ,hbt_typ,125,8,1,14k,1.4e4,0.000337357,4.216962e-05,2.99666,0.648806,0.000337357
a_nx8_typ_125c_rb14k_st1,A,extraction,typ,hbt_typ,125,8,1,14k,1.4e4,0.000449873,5.623412e-05,2.82844,0.660515,0.000449873
a_nx8_typ_125c_rb14k_st1,A,extraction,typ,hbt_typ,125,8,1,14k,1.4e4,0.000599915,7.498938e-05,2.68513,0.671944,0.000599915
a_nx8_typ_125c_rb14k_st1,A,extraction,typ,hbt_typ,125,8,1,14k,1.4e4,0.0008,1.000000e-04,2.56182,0.683214,0.000799999
a_nx8_typ_125c_rb14k_st1,A,extraction,typ,hbt_typ,125,8,1,14k,1.4e4,0.00106682,1.333525e-04,2.45525,0.694432,0.00106682
a_nx8_typ_125c_rb14k_st1,A,extraction,typ,hbt_typ,125,8,1,14k,1.4e4,0.00142262,1.778275e-04,2.36331,0.705692,0.00142262
a_nx8_typ_125c_rb14k_st1,A,extraction,typ,hbt_typ,125,8,1,14k,1.4e4,0.0018971,2.371375e-04,2.28471,0.717096,0.0018971
a_nx8_typ_125c_rb14k_st1,A,extraction,typ,hbt_typ,125,8,1,14k,1.4e4,0.00252982,3.162275e-04,2.21885,0.728749,0.00252982
a_nx8_typ_125c_rb14k_st1,A,extraction,typ,hbt_typ,125,8,1,14k,1.4e4,0.00337357,4.216963e-04,2.16581,0.740772,0.00337357
a_nx8_typ_125c_rb14k_st1,A,extraction,typ,hbt_typ,125,8,1,14k,1.4e4,0.00449873,5.623413e-04,2.12633,0.753293,0.00449873
a_nx8_typ_125c_rb14k_st1,A,extraction,typ,hbt_typ,125,8,1,14k,1.4e4,0.00599915,7.498937e-04,2.10193,0.766446,0.00599915
a_nx8_typ_125c_rb14k_st1,A,extraction,typ,hbt_typ,125,8,1,14k,1.4e4,0.008,1.000000e-03,2.095,0.780348,0.008
a_nx8_typ_125c_rb14k_st1,A,extraction,typ,hbt_typ,125,8,1,14k,1.4e4,0.0106682,1.333525e-03,2.10897,0.795056,0.0106682
a_nx8_typ_125c_rb14k_st1,A,extraction,typ,hbt_typ,125,8,1,14k,1.4e4,0.0142262,1.778275e-03,2.14825,0.81049,0.0142262
a_nx8_typ_125c_rb14k_st1,A,extraction,typ,hbt_typ,125,8,1,14k,1.4e4,0.018971,2.371375e-03,2.21779,0.826303,0.0189709
a_nx8_typ_125c_rb14k_st1,A,extraction,typ,hbt_typ,125,8,1,14k,1.4e4,0.0252982,3.162275e-03,2.32007,0.84174,0.0252976
a_nx8_typ_125c_rb1p4k_st1,A,extraction,typ,hbt_typ,125,8,1,1p4k,1.4e3,8E-10,1.000000e-10,36.8716,5.3934E-07,3.89278E-10
a_nx8_typ_125c_rb1p4k_st1,A,extraction,typ,hbt_typ,125,8,1,1p4k,1.4e3,1.06682E-09,1.333525e-10,54.439,8.87936E-07,6.38528E-10
a_nx8_typ_125c_rb1p4k_st1,A,extraction,typ,hbt_typ,125,8,1,1p4k,1.4e3,1.42262E-09,1.778275e-10,75.4473,1.35617E-06,9.73317E-10
a_nx8_typ_125c_rb1p4k_st1,A,extraction,typ,hbt_typ,125,8,1,1p4k,1.4e3,1.8971E-09,2.371375e-10,100.114,1.98528E-06,1.42313E-09
a_nx8_typ_125c_rb1p4k_st1,A,extraction,typ,hbt_typ,125,8,1,1p4k,1.4e3,2.52982E-09,3.162275e-10,128.223,2.83087E-06,2.02773E-09
a_nx8_typ_125c_rb1p4k_st1,A,extraction,typ,hbt_typ,125,8,1,1p4k,1.4e3,3.37357E-09,4.216962e-10,159.01,3.96785E-06,2.84068E-09
a_nx8_typ_125c_rb1p4k_st1,A,extraction,typ,hbt_typ,125,8,1,1p4k,1.4e3,4.49873E-09,5.623413e-10,191.158,5.49647E-06,3.93368E-09
a_nx8_typ_125c_rb1p4k_st1,A,extraction,typ,hbt_typ,125,8,1,1p4k,1.4e3,5.99915E-09,7.498938e-10,222.991,7.55028E-06,5.40224E-09
a_nx8_typ_125c_rb1p4k_st1,A,extraction,typ,hbt_typ,125,8,1,1p4k,1.4e3,8E-09,1.000000e-09,252.855,1.03066E-05,7.3732E-09
a_nx8_typ_125c_rb1p4k_st1,A,extraction,typ,hbt_typ,125,8,1,1p4k,1.4e3,1.06682E-08,1.333525e-09,279.495,1.40007E-05,1.00147E-08
a_nx8_typ_125c_rb1p4k_st1,A,extraction,typ,hbt_typ,125,8,1,1p4k,1.4e3,1.42262E-08,1.778275e-09,302.251,1.89445E-05,1.35499E-08
a_nx8_typ_125c_rb1p4k_st1,A,extraction,typ,hbt_typ,125,8,1,1p4k,1.4e3,1.8971E-08,2.371375e-09,321.026,2.55534E-05,1.82758E-08
a_nx8_typ_125c_rb1p4k_st1,A,extraction,typ,hbt_typ,125,8,1,1p4k,1.4e3,2.52982E-08,3.162275e-09,336.113,3.43803E-05,2.45878E-08
a_nx8_typ_125c_rb1p4k_st1,A,extraction,typ,hbt_typ,125,8,1,1p4k,1.4e3,3.37357E-08,4.216963e-09,348.005,4.61626E-05,3.30132E-08
a_nx8_typ_125c_rb1p4k_st1,A,extraction,typ,hbt_typ,125,8,1,1p4k,1.4e3,4.49873E-08,5.623413e-09,357.248,6.18839E-05,4.42553E-08
a_nx8_typ_125c_rb1p4k_st1,A,extraction,typ,hbt_typ,125,8,1,1p4k,1.4e3,5.99915E-08,7.498937e-09,364.362,8.28557E-05,5.9252E-08
a_nx8_typ_125c_rb1p4k_st1,A,extraction,typ,hbt_typ,125,8,1,1p4k,1.4e3,8E-08,1.000000e-08,369.8,0.000110828,7.92547E-08
a_nx8_typ_125c_rb1p4k_st1,A,extraction,typ,hbt_typ,125,8,1,1p4k,1.4e3,1.06682E-07,1.333525e-08,373.938,0.000148134,1.05932E-07
a_nx8_typ_125c_rb1p4k_st1,A,extraction,typ,hbt_typ,125,8,1,1p4k,1.4e3,1.42262E-07,1.778275e-08,377.076,0.000197884,1.41508E-07
a_nx8_typ_125c_rb1p4k_st1,A,extraction,typ,hbt_typ,125,8,1,1p4k,1.4e3,1.8971E-07,2.371375e-08,379.454,0.000264232,1.88953E-07
a_nx8_typ_125c_rb1p4k_st1,A,extraction,typ,hbt_typ,125,8,1,1p4k,1.4e3,2.52982E-07,3.162275e-08,381.257,0.000352708,2.52221E-07
a_nx8_typ_125c_rb1p4k_st1,A,extraction,typ,hbt_typ,125,8,1,1p4k,1.4e3,3.37357E-07,4.216963e-08,382.629,0.000470696,3.36593E-07
a_nx8_typ_125c_rb1p4k_st1,A,extraction,typ,hbt_typ,125,8,1,1p4k,1.4e3,4.49873E-07,5.623413e-08,383.686,0.000628036,4.49105E-07
a_nx8_typ_125c_rb1p4k_st1,A,extraction,typ,hbt_typ,125,8,1,1p4k,1.4e3,5.99915E-07,7.498937e-08,384.517,0.000837852,5.99143E-07
a_nx8_typ_125c_rb1p4k_st1,A,extraction,typ,hbt_typ,125,8,1,1p4k,1.4e3,8E-07,1.000000e-07,385.198,0.00111765,7.99223E-07
a_nx8_typ_125c_rb1p4k_st1,A,extraction,typ,hbt_typ,125,8,1,1p4k,1.4e3,1.06682E-06,1.333525e-07,385.796,0.00149077,1.06604E-06
a_nx8_typ_125c_rb1p4k_st1,A,extraction,typ,hbt_typ,125,8,1,1p4k,1.4e3,1.42262E-06,1.778275e-07,386.372,0.00198832,1.42183E-06
a_nx8_typ_125c_rb1p4k_st1,A,extraction,typ,hbt_typ,125,8,1,1p4k,1.4e3,1.8971E-06,2.371375e-07,386.981,0.00265183,1.89629E-06
a_nx8_typ_125c_rb1p4k_st1,A,extraction,typ,hbt_typ,125,8,1,1p4k,1.4e3,2.52982E-06,3.162275e-07,387.668,0.00353662,2.529E-06
a_nx8_typ_125c_rb1p4k_st1,A,extraction,typ,hbt_typ,125,8,1,1p4k,1.4e3,3.37357E-06,4.216963e-07,388.465,0.00471652,3.37272E-06
a_nx8_typ_125c_rb1p4k_st1,A,extraction,typ,hbt_typ,125,8,1,1p4k,1.4e3,4.49873E-06,5.623413e-07,389.392,0.00628995,4.49785E-06
a_nx8_typ_125c_rb1p4k_st1,A,extraction,typ,hbt_typ,125,8,1,1p4k,1.4e3,5.99915E-06,7.498937e-07,390.458,0.00838815,5.99822E-06
a_nx8_typ_125c_rb1p4k_st1,A,extraction,typ,hbt_typ,125,8,1,1p4k,1.4e3,8E-06,1.000000e-06,391.667,0.0111862,7.99901E-06
a_nx8_typ_125c_rb1p4k_st1,A,extraction,typ,hbt_typ,125,8,1,1p4k,1.4e3,1.06682E-05,1.333525e-06,393.028,0.0149174,1.06671E-05
a_nx8_typ_125c_rb1p4k_st1,A,extraction,typ,hbt_typ,125,8,1,1p4k,1.4e3,1.42262E-05,1.778275e-06,394.554,0.0198929,1.42249E-05
a_nx8_typ_125c_rb1p4k_st1,A,extraction,typ,hbt_typ,125,8,1,1p4k,1.4e3,1.8971E-05,2.371375e-06,396.267,0.0265281,1.89694E-05
a_nx8_typ_125c_rb1p4k_st1,A,extraction,typ,hbt_typ,125,8,1,1p4k,1.4e3,2.52982E-05,3.162275e-06,398.189,0.0353759,2.52961E-05
a_nx8_typ_125c_rb1p4k_st1,A,extraction,typ,hbt_typ,125,8,1,1p4k,1.4e3,3.37357E-05,4.216963e-06,400.316,0.0471744,3.37326E-05
a_nx8_typ_125c_rb1p4k_st1,A,extraction,typ,hbt_typ,125,8,1,1p4k,1.4e3,4.49873E-05,5.623413e-06,402.473,0.0629066,4.49818E-05
a_nx8_typ_125c_rb1p4k_st1,A,extraction,typ,hbt_typ,125,8,1,1p4k,1.4e3,5.99915E-05,7.498938e-06,403.625,0.0838812,5.99796E-05
a_nx8_typ_125c_rb1p4k_st1,A,extraction,typ,hbt_typ,125,8,1,1p4k,1.4e3,8E-05,1.000000e-05,398.418,0.111836,7.99695E-05
a_nx8_typ_125c_rb1p4k_st1,A,extraction,typ,hbt_typ,125,8,1,1p4k,1.4e3,0.000106682,1.333525e-05,367.609,0.149077,0.000106609
a_nx8_typ_125c_rb1p4k_st1,A,extraction,typ,hbt_typ,125,8,1,1p4k,1.4e3,0.000142262,1.778275e-05,,,
a_nx8_typ_125c_rb1p4k_st1,A,extraction,typ,hbt_typ,125,8,1,1p4k,1.4e3,0.00018971,2.371375e-05,,,
a_nx8_typ_125c_rb1p4k_st1,A,extraction,typ,hbt_typ,125,8,1,1p4k,1.4e3,0.000252982,3.162275e-05,,,
a_nx8_typ_125c_rb1p4k_st1,A,extraction,typ,hbt_typ,125,8,1,1p4k,1.4e3,0.000337357,4.216962e-05,,,
a_nx8_typ_125c_rb1p4k_st1,A,extraction,typ,hbt_typ,125,8,1,1p4k,1.4e3,0.000449873,5.623412e-05,11.0479,0.566006,0.000449872
a_nx8_typ_125c_rb1p4k_st1,A,extraction,typ,hbt_typ,125,8,1,1p4k,1.4e3,0.000599915,7.498938e-05,6.63939,0.614853,0.000599914
a_nx8_typ_125c_rb1p4k_st1,A,extraction,typ,hbt_typ,125,8,1,1p4k,1.4e3,0.0008,1.000000e-04,5.20673,0.642712,0.000799999
a_nx8_typ_125c_rb1p4k_st1,A,extraction,typ,hbt_typ,125,8,1,1p4k,1.4e3,0.00106682,1.333525e-04,4.45973,0.66298,0.00106682
a_nx8_typ_125c_rb1p4k_st1,A,extraction,typ,hbt_typ,125,8,1,1p4k,1.4e3,0.00142262,1.778275e-04,3.97908,0.679708,0.00142262
a_nx8_typ_125c_rb1p4k_st1,A,extraction,typ,hbt_typ,125,8,1,1p4k,1.4e3,0.0018971,2.371375e-04,3.63391,0.694565,0.0018971
a_nx8_typ_125c_rb1p4k_st1,A,extraction,typ,hbt_typ,125,8,1,1p4k,1.4e3,0.00252982,3.162275e-04,3.36999,0.708416,0.00252982
a_nx8_typ_125c_rb1p4k_st1,A,extraction,typ,hbt_typ,125,8,1,1p4k,1.4e3,0.00337357,4.216963e-04,3.16075,0.721795,0.00337357
a_nx8_typ_125c_rb1p4k_st1,A,extraction,typ,hbt_typ,125,8,1,1p4k,1.4e3,0.00449873,5.623413e-04,2.992,0.735086,0.00449873
a_nx8_typ_125c_rb1p4k_st1,A,extraction,typ,hbt_typ,125,8,1,1p4k,1.4e3,0.00599915,7.498937e-04,2.8559,0.748589,0.00599915
a_nx8_typ_125c_rb1p4k_st1,A,extraction,typ,hbt_typ,125,8,1,1p4k,1.4e3,0.008,1.000000e-03,2.7484,0.762553,0.00799999
a_nx8_typ_125c_rb1p4k_st1,A,extraction,typ,hbt_typ,125,8,1,1p4k,1.4e3,0.0106682,1.333525e-03,2.66814,0.777156,0.0106682
a_nx8_typ_125c_rb1p4k_st1,A,extraction,typ,hbt_typ,125,8,1,1p4k,1.4e3,0.0142262,1.778275e-03,2.61583,0.792465,0.0142261
a_nx8_typ_125c_rb1p4k_st1,A,extraction,typ,hbt_typ,125,8,1,1p4k,1.4e3,0.018971,2.371375e-03,2.59368,0.808336,0.0189708
a_nx8_typ_125c_rb1p4k_st1,A,extraction,typ,hbt_typ,125,8,1,1p4k,1.4e3,0.0252982,3.162275e-03,2.60201,0.824338,0.025297
a_nx1_bcs_-40c_rb14k_st1,A,extraction,bcs,hbt_bcs,-40,1,1,14k,1.4e4,1E-10,1.000000e-10,33.3334,9.33335E-07,6.66668E-11
a_nx1_bcs_-40c_rb14k_st1,A,extraction,bcs,hbt_bcs,-40,1,1,14k,1.4e4,1.33352E-10,1.333520e-10,44.4507,1.24462E-06,8.89014E-11
a_nx1_bcs_-40c_rb14k_st1,A,extraction,bcs,hbt_bcs,-40,1,1,14k,1.4e4,1.77828E-10,1.778280e-10,59.2762,1.65973E-06,1.18552E-10
a_nx1_bcs_-40c_rb14k_st1,A,extraction,bcs,hbt_bcs,-40,1,1,14k,1.4e4,2.37137E-10,2.371370e-10,79.0458,2.21328E-06,1.58092E-10
a_nx1_bcs_-40c_rb14k_st1,A,extraction,bcs,hbt_bcs,-40,1,1,14k,1.4e4,3.16228E-10,3.162280e-10,105.41,2.95147E-06,2.10819E-10
a_nx1_bcs_-40c_rb14k_st1,A,extraction,bcs,hbt_bcs,-40,1,1,14k,1.4e4,4.21697E-10,4.216970e-10,140.566,3.93584E-06,2.81131E-10
a_nx1_bcs_-40c_rb14k_st1,A,extraction,bcs,hbt_bcs,-40,1,1,14k,1.4e4,5.62341E-10,5.623410e-10,187.447,5.24853E-06,3.74895E-10
a_nx1_bcs_-40c_rb14k_st1,A,extraction,bcs,hbt_bcs,-40,1,1,14k,1.4e4,7.49894E-10,7.498940e-10,249.965,6.99903E-06,4.99931E-10
a_nx1_bcs_-40c_rb14k_st1,A,extraction,bcs,hbt_bcs,-40,1,1,14k,1.4e4,1E-09,1.000000e-09,333.333,9.33332E-06,6.66666E-10
a_nx1_bcs_-40c_rb14k_st1,A,extraction,bcs,hbt_bcs,-40,1,1,14k,1.4e4,1.33352E-09,1.333520e-09,444.506,1.24462E-05,8.89013E-10
a_nx1_bcs_-40c_rb14k_st1,A,extraction,bcs,hbt_bcs,-40,1,1,14k,1.4e4,1.77828E-09,1.778280e-09,592.762,1.65973E-05,1.18553E-09
a_nx1_bcs_-40c_rb14k_st1,A,extraction,bcs,hbt_bcs,-40,1,1,14k,1.4e4,2.37137E-09,2.371370e-09,790.456,2.21328E-05,1.58091E-09
a_nx1_bcs_-40c_rb14k_st1,A,extraction,bcs,hbt_bcs,-40,1,1,14k,1.4e4,3.16228E-09,3.162280e-09,1054.09,2.95145E-05,2.10818E-09
a_nx1_bcs_-40c_rb14k_st1,A,extraction,bcs,hbt_bcs,-40,1,1,14k,1.4e4,4.21697E-09,4.216970e-09,1405.66,3.93584E-05,2.81131E-09
a_nx1_bcs_-40c_rb14k_st1,A,extraction,bcs,hbt_bcs,-40,1,1,14k,1.4e4,5.62341E-09,5.623410e-09,1874.46,5.2485E-05,3.74893E-09
a_nx1_bcs_-40c_rb14k_st1,A,extraction,bcs,hbt_bcs,-40,1,1,14k,1.4e4,7.49894E-09,7.498940e-09,2499.63,6.99898E-05,4.99927E-09
a_nx1_bcs_-40c_rb14k_st1,A,extraction,bcs,hbt_bcs,-40,1,1,14k,1.4e4,1E-08,1.000000e-08,3333.33,9.33332E-05,6.66666E-09
a_nx1_bcs_-40c_rb14k_st1,A,extraction,bcs,hbt_bcs,-40,1,1,14k,1.4e4,1.33352E-08,1.333520e-08,4445.06,0.000124462,8.89013E-09
a_nx1_bcs_-40c_rb14k_st1,A,extraction,bcs,hbt_bcs,-40,1,1,14k,1.4e4,1.77828E-08,1.778280e-08,5927.6,0.000165973,1.18552E-08
a_nx1_bcs_-40c_rb14k_st1,A,extraction,bcs,hbt_bcs,-40,1,1,14k,1.4e4,2.37137E-08,2.371370e-08,7904.57,0.000221328,1.58092E-08
a_nx1_bcs_-40c_rb14k_st1,A,extraction,bcs,hbt_bcs,-40,1,1,14k,1.4e4,3.16228E-08,3.162280e-08,10540.9,0.000295145,2.10818E-08
a_nx1_bcs_-40c_rb14k_st1,A,extraction,bcs,hbt_bcs,-40,1,1,14k,1.4e4,4.21697E-08,4.216970e-08,14056.5,0.000393583,2.81131E-08
a_nx1_bcs_-40c_rb14k_st1,A,extraction,bcs,hbt_bcs,-40,1,1,14k,1.4e4,5.62341E-08,5.623410e-08,18744.7,0.000524853,3.74895E-08
a_nx1_bcs_-40c_rb14k_st1,A,extraction,bcs,hbt_bcs,-40,1,1,14k,1.4e4,7.49894E-08,7.498940e-08,24996.4,0.0006999,4.99928E-08
a_nx1_bcs_-40c_rb14k_st1,A,extraction,bcs,hbt_bcs,-40,1,1,14k,1.4e4,1E-07,1.000000e-07,33333.2,0.000933334,6.66667E-08
a_nx1_bcs_-40c_rb14k_st1,A,extraction,bcs,hbt_bcs,-40,1,1,14k,1.4e4,1.33352E-07,1.333520e-07,44450.7,0.00124463,8.89019E-08
a_nx1_bcs_-40c_rb14k_st1,A,extraction,bcs,hbt_bcs,-40,1,1,14k,1.4e4,1.77828E-07,1.778280e-07,59275.4,0.00165973,1.18552E-07
a_nx1_bcs_-40c_rb14k_st1,A,extraction,bcs,hbt_bcs,-40,1,1,14k,1.4e4,2.37137E-07,2.371370e-07,79044.5,0.00221329,1.58092E-07
a_nx1_bcs_-40c_rb14k_st1,A,extraction,bcs,hbt_bcs,-40,1,1,14k,1.4e4,3.16228E-07,3.162280e-07,105406,0.00295152,2.10823E-07
a_nx1_bcs_-40c_rb14k_st1,A,extraction,bcs,hbt_bcs,-40,1,1,14k,1.4e4,4.21697E-07,4.216970e-07,140548,0.00393608,2.81149E-07
a_nx1_bcs_-40c_rb14k_st1,A,extraction,bcs,hbt_bcs,-40,1,1,14k,1.4e4,5.62341E-07,5.623410e-07,187282,0.00525083,3.7506E-07
a_nx1_bcs_-40c_rb14k_st1,A,extraction,bcs,hbt_bcs,-40,1,1,14k,1.4e4,7.49894E-07,7.498940e-07,,,
a_nx1_bcs_-40c_rb14k_st1,A,extraction,bcs,hbt_bcs,-40,1,1,14k,1.4e4,1E-06,1.000000e-06,198238,0.000533434,3.81072E-08
a_nx1_bcs_-40c_rb14k_st1,A,extraction,bcs,hbt_bcs,-40,1,1,14k,1.4e4,1.33352E-06,1.333520e-06,,,
a_nx1_bcs_-40c_rb14k_st1,A,extraction,bcs,hbt_bcs,-40,1,1,14k,1.4e4,1.77828E-06,1.778280e-06,387.649,0.024862,1.77789E-06
a_nx1_bcs_-40c_rb14k_st1,A,extraction,bcs,hbt_bcs,-40,1,1,14k,1.4e4,2.37137E-06,2.371370e-06,388.458,0.0331559,2.37098E-06
a_nx1_bcs_-40c_rb14k_st1,A,extraction,bcs,hbt_bcs,-40,1,1,14k,1.4e4,3.16228E-06,3.162280e-06,389.25,0.0442161,3.16189E-06
a_nx1_bcs_-40c_rb14k_st1,A,extraction,bcs,hbt_bcs,-40,1,1,14k,1.4e4,4.21697E-06,4.216970e-06,390.027,0.0589652,4.21658E-06
a_nx1_bcs_-40c_rb14k_st1,A,extraction,bcs,hbt_bcs,-40,1,1,14k,1.4e4,5.62341E-06,5.623410e-06,390.794,0.0786332,5.62302E-06
a_nx1_bcs_-40c_rb14k_st1,A,extraction,bcs,hbt_bcs,-40,1,1,14k,1.4e4,7.49894E-06,7.498940e-06,391.566,0.104861,7.49855E-06
a_nx1_bcs_-40c_rb14k_st1,A,extraction,bcs,hbt_bcs,-40,1,1,14k,1.4e4,1E-05,1.000000e-05,392.365,0.139837,9.99961E-06
a_nx1_bcs_-40c_rb14k_st1,A,extraction,bcs,hbt_bcs,-40,1,1,14k,1.4e4,1.33352E-05,1.333520e-05,393.196,0.186478,1.33348E-05
a_nx1_bcs_-40c_rb14k_st1,A,extraction,bcs,hbt_bcs,-40,1,1,14k,1.4e4,1.77828E-05,1.778280e-05,393.751,0.248676,1.77824E-05
a_nx1_bcs_-40c_rb14k_st1,A,extraction,bcs,hbt_bcs,-40,1,1,14k,1.4e4,2.37137E-05,2.371370e-05,388.759,0.331612,2.37133E-05
a_nx1_bcs_-40c_rb14k_st1,A,extraction,bcs,hbt_bcs,-40,1,1,14k,1.4e4,3.16228E-05,3.162280e-05,,,
a_nx1_bcs_-40c_rb14k_st1,A,extraction,bcs,hbt_bcs,-40,1,1,14k,1.4e4,4.21697E-05,4.216970e-05,,,
a_nx1_bcs_-40c_rb14k_st1,A,extraction,bcs,hbt_bcs,-40,1,1,14k,1.4e4,5.62341E-05,5.623410e-05,,,
a_nx1_bcs_-40c_rb14k_st1,A,extraction,bcs,hbt_bcs,-40,1,1,14k,1.4e4,7.49894E-05,7.498940e-05,8.52385,0.798509,7.49894E-05
a_nx1_bcs_-40c_rb14k_st1,A,extraction,bcs,hbt_bcs,-40,1,1,14k,1.4e4,0.0001,1.000000e-04,6.44715,0.816943,0.0001
a_nx1_bcs_-40c_rb14k_st1,A,extraction,bcs,hbt_bcs,-40,1,1,14k,1.4e4,0.000133352,1.333520e-04,5.45953,0.829142,0.000133352
a_nx1_bcs_-40c_rb14k_st1,A,extraction,bcs,hbt_bcs,-40,1,1,14k,1.4e4,0.000177828,1.778280e-04,4.83594,0.838858,0.000177828
a_nx1_bcs_-40c_rb14k_st1,A,extraction,bcs,hbt_bcs,-40,1,1,14k,1.4e4,0.000237137,2.371370e-04,4.38698,0.84735,0.000237137
a_nx1_bcs_-40c_rb14k_st1,A,extraction,bcs,hbt_bcs,-40,1,1,14k,1.4e4,0.000316228,3.162280e-04,4.0392,0.85522,0.000316228
a_nx1_bcs_-40c_rb14k_st1,A,extraction,bcs,hbt_bcs,-40,1,1,14k,1.4e4,0.000421697,4.216970e-04,3.75759,0.862832,0.000421697
a_nx1_bcs_-40c_rb14k_st1,A,extraction,bcs,hbt_bcs,-40,1,1,14k,1.4e4,0.000562341,5.623410e-04,3.52331,0.870449,0.000562341
a_nx1_bcs_-40c_rb14k_st1,A,extraction,bcs,hbt_bcs,-40,1,1,14k,1.4e4,0.000749894,7.498940e-04,3.32549,0.878294,0.000749894
a_nx1_bcs_-40c_rb14k_st1,A,extraction,bcs,hbt_bcs,-40,1,1,14k,1.4e4,0.001,1.000000e-03,3.15779,0.886567,0.001
a_nx1_bcs_-40c_rb14k_st1,A,extraction,bcs,hbt_bcs,-40,1,1,14k,1.4e4,0.00133352,1.333520e-03,3.01675,0.895445,0.00133352
a_nx1_bcs_-40c_rb14k_st1,A,extraction,bcs,hbt_bcs,-40,1,1,14k,1.4e4,0.00177828,1.778280e-03,2.90105,0.905056,0.00177828
a_nx1_bcs_-40c_rb14k_st1,A,extraction,bcs,hbt_bcs,-40,1,1,14k,1.4e4,0.00237137,2.371370e-03,2.81117,0.915421,0.00237137
a_nx1_bcs_-40c_rb14k_st1,A,extraction,bcs,hbt_bcs,-40,1,1,14k,1.4e4,0.00316228,3.162280e-03,2.74938,0.926332,0.00316228
a_nx1_bcs_-40c_rb1p4k_st1,A,extraction,bcs,hbt_bcs,-40,1,1,1p4k,1.4e3,1E-10,1.000000e-10,33.3334,9.33335E-08,6.66668E-11
a_nx1_bcs_-40c_rb1p4k_st1,A,extraction,bcs,hbt_bcs,-40,1,1,1p4k,1.4e3,1.33352E-10,1.333520e-10,44.4507,1.24462E-07,8.89014E-11
a_nx1_bcs_-40c_rb1p4k_st1,A,extraction,bcs,hbt_bcs,-40,1,1,1p4k,1.4e3,1.77828E-10,1.778280e-10,59.2762,1.65973E-07,1.18552E-10
a_nx1_bcs_-40c_rb1p4k_st1,A,extraction,bcs,hbt_bcs,-40,1,1,1p4k,1.4e3,2.37137E-10,2.371370e-10,79.0458,2.21328E-07,1.58092E-10
a_nx1_bcs_-40c_rb1p4k_st1,A,extraction,bcs,hbt_bcs,-40,1,1,1p4k,1.4e3,3.16228E-10,3.162280e-10,105.409,2.95145E-07,2.10818E-10
a_nx1_bcs_-40c_rb1p4k_st1,A,extraction,bcs,hbt_bcs,-40,1,1,1p4k,1.4e3,4.21697E-10,4.216970e-10,140.565,3.93582E-07,2.8113E-10
a_nx1_bcs_-40c_rb1p4k_st1,A,extraction,bcs,hbt_bcs,-40,1,1,1p4k,1.4e3,5.62341E-10,5.623410e-10,187.447,5.24851E-07,3.74893E-10
a_nx1_bcs_-40c_rb1p4k_st1,A,extraction,bcs,hbt_bcs,-40,1,1,1p4k,1.4e3,7.49894E-10,7.498940e-10,249.965,6.99903E-07,4.99931E-10
a_nx1_bcs_-40c_rb1p4k_st1,A,extraction,bcs,hbt_bcs,-40,1,1,1p4k,1.4e3,1E-09,1.000000e-09,333.334,9.33336E-07,6.66669E-10
a_nx1_bcs_-40c_rb1p4k_st1,A,extraction,bcs,hbt_bcs,-40,1,1,1p4k,1.4e3,1.33352E-09,1.333520e-09,444.506,1.24462E-06,8.89013E-10
a_nx1_bcs_-40c_rb1p4k_st1,A,extraction,bcs,hbt_bcs,-40,1,1,1p4k,1.4e3,1.77828E-09,1.778280e-09,592.759,1.65973E-06,1.18552E-09
a_nx1_bcs_-40c_rb1p4k_st1,A,extraction,bcs,hbt_bcs,-40,1,1,1p4k,1.4e3,2.37137E-09,2.371370e-09,790.456,2.21328E-06,1.58091E-09
a_nx1_bcs_-40c_rb1p4k_st1,A,extraction,bcs,hbt_bcs,-40,1,1,1p4k,1.4e3,3.16228E-09,3.162280e-09,1054.1,2.95147E-06,2.10819E-09
a_nx1_bcs_-40c_rb1p4k_st1,A,extraction,bcs,hbt_bcs,-40,1,1,1p4k,1.4e3,4.21697E-09,4.216970e-09,1405.66,3.93585E-06,2.81133E-09
a_nx1_bcs_-40c_rb1p4k_st1,A,extraction,bcs,hbt_bcs,-40,1,1,1p4k,1.4e3,5.62341E-09,5.623410e-09,1874.46,5.2485E-06,3.74893E-09
a_nx1_bcs_-40c_rb1p4k_st1,A,extraction,bcs,hbt_bcs,-40,1,1,1p4k,1.4e3,7.49894E-09,7.498940e-09,2499.64,6.99901E-06,4.99929E-09
a_nx1_bcs_-40c_rb1p4k_st1,A,extraction,bcs,hbt_bcs,-40,1,1,1p4k,1.4e3,1E-08,1.000000e-08,3333.34,9.33337E-06,6.6667E-09
a_nx1_bcs_-40c_rb1p4k_st1,A,extraction,bcs,hbt_bcs,-40,1,1,1p4k,1.4e3,1.33352E-08,1.333520e-08,4445.04,1.24461E-05,8.8901E-09
a_nx1_bcs_-40c_rb1p4k_st1,A,extraction,bcs,hbt_bcs,-40,1,1,1p4k,1.4e3,1.77828E-08,1.778280e-08,5927.6,1.65973E-05,1.18552E-08
a_nx1_bcs_-40c_rb1p4k_st1,A,extraction,bcs,hbt_bcs,-40,1,1,1p4k,1.4e3,2.37137E-08,2.371370e-08,7904.54,2.21327E-05,1.58091E-08
a_nx1_bcs_-40c_rb1p4k_st1,A,extraction,bcs,hbt_bcs,-40,1,1,1p4k,1.4e3,3.16228E-08,3.162280e-08,10540.9,2.95147E-05,2.10819E-08
a_nx1_bcs_-40c_rb1p4k_st1,A,extraction,bcs,hbt_bcs,-40,1,1,1p4k,1.4e3,4.21697E-08,4.216970e-08,14056.5,3.93583E-05,2.81131E-08
a_nx1_bcs_-40c_rb1p4k_st1,A,extraction,bcs,hbt_bcs,-40,1,1,1p4k,1.4e3,5.62341E-08,5.623410e-08,18744.7,5.24852E-05,3.74894E-08
a_nx1_bcs_-40c_rb1p4k_st1,A,extraction,bcs,hbt_bcs,-40,1,1,1p4k,1.4e3,7.49894E-08,7.498940e-08,24996.3,6.99899E-05,4.99928E-08
a_nx1_bcs_-40c_rb1p4k_st1,A,extraction,bcs,hbt_bcs,-40,1,1,1p4k,1.4e3,1E-07,1.000000e-07,33333.3,9.33334E-05,6.66668E-08
a_nx1_bcs_-40c_rb1p4k_st1,A,extraction,bcs,hbt_bcs,-40,1,1,1p4k,1.4e3,1.33352E-07,1.333520e-07,44450.6,0.000124462,8.89017E-08
a_nx1_bcs_-40c_rb1p4k_st1,A,extraction,bcs,hbt_bcs,-40,1,1,1p4k,1.4e3,1.77828E-07,1.778280e-07,59275.7,0.000165973,1.18552E-07
a_nx1_bcs_-40c_rb1p4k_st1,A,extraction,bcs,hbt_bcs,-40,1,1,1p4k,1.4e3,2.37137E-07,2.371370e-07,79044.6,0.000221328,1.58092E-07
a_nx1_bcs_-40c_rb1p4k_st1,A,extraction,bcs,hbt_bcs,-40,1,1,1p4k,1.4e3,3.16228E-07,3.162280e-07,105406,0.000295149,2.10821E-07
a_nx1_bcs_-40c_rb1p4k_st1,A,extraction,bcs,hbt_bcs,-40,1,1,1p4k,1.4e3,4.21697E-07,4.216970e-07,140551,0.000393604,2.81146E-07
a_nx1_bcs_-40c_rb1p4k_st1,A,extraction,bcs,hbt_bcs,-40,1,1,1p4k,1.4e3,5.62341E-07,5.623410e-07,187323,0.000525025,3.75018E-07
a_nx1_bcs_-40c_rb1p4k_st1,A,extraction,bcs,hbt_bcs,-40,1,1,1p4k,1.4e3,7.49894E-07,7.498940e-07,,,
a_nx1_bcs_-40c_rb1p4k_st1,A,extraction,bcs,hbt_bcs,-40,1,1,1p4k,1.4e3,1E-06,1.000000e-06,,,
a_nx1_bcs_-40c_rb1p4k_st1,A,extraction,bcs,hbt_bcs,-40,1,1,1p4k,1.4e3,1.33352E-06,1.333520e-06,,,
a_nx1_bcs_-40c_rb1p4k_st1,A,extraction,bcs,hbt_bcs,-40,1,1,1p4k,1.4e3,1.77828E-06,1.778280e-06,387.569,0.0024862,1.77789E-06
a_nx1_bcs_-40c_rb1p4k_st1,A,extraction,bcs,hbt_bcs,-40,1,1,1p4k,1.4e3,2.37137E-06,2.371370e-06,388.352,0.00331559,2.37098E-06
a_nx1_bcs_-40c_rb1p4k_st1,A,extraction,bcs,hbt_bcs,-40,1,1,1p4k,1.4e3,3.16228E-06,3.162280e-06,389.11,0.00442161,3.16189E-06
a_nx1_bcs_-40c_rb1p4k_st1,A,extraction,bcs,hbt_bcs,-40,1,1,1p4k,1.4e3,4.21697E-06,4.216970e-06,389.841,0.00589651,4.21658E-06
a_nx1_bcs_-40c_rb1p4k_st1,A,extraction,bcs,hbt_bcs,-40,1,1,1p4k,1.4e3,5.62341E-06,5.623410e-06,390.549,0.00786332,5.62302E-06
a_nx1_bcs_-40c_rb1p4k_st1,A,extraction,bcs,hbt_bcs,-40,1,1,1p4k,1.4e3,7.49894E-06,7.498940e-06,391.246,0.0104861,7.49855E-06
a_nx1_bcs_-40c_rb1p4k_st1,A,extraction,bcs,hbt_bcs,-40,1,1,1p4k,1.4e3,1E-05,1.000000e-05,391.965,0.0139837,9.99961E-06
a_nx1_bcs_-40c_rb1p4k_st1,A,extraction,bcs,hbt_bcs,-40,1,1,1p4k,1.4e3,1.33352E-05,1.333520e-05,392.779,0.0186478,1.33348E-05
a_nx1_bcs_-40c_rb1p4k_st1,A,extraction,bcs,hbt_bcs,-40,1,1,1p4k,1.4e3,1.77828E-05,1.778280e-05,393.842,0.0248676,1.77824E-05
a_nx1_bcs_-40c_rb1p4k_st1,A,extraction,bcs,hbt_bcs,-40,1,1,1p4k,1.4e3,2.37137E-05,2.371370e-05,395.491,0.0331619,2.37133E-05
a_nx1_bcs_-40c_rb1p4k_st1,A,extraction,bcs,hbt_bcs,-40,1,1,1p4k,1.4e3,3.16228E-05,3.162280e-05,398.462,0.044223,3.16224E-05
a_nx1_bcs_-40c_rb1p4k_st1,A,extraction,bcs,hbt_bcs,-40,1,1,1p4k,1.4e3,4.21697E-05,4.216970e-05,404.127,0.0589725,4.21684E-05
a_nx1_bcs_-40c_rb1p4k_st1,A,extraction,bcs,hbt_bcs,-40,1,1,1p4k,1.4e3,5.62341E-05,5.623410e-05,401.431,0.0785433,5.61625E-05
a_nx1_bcs_-40c_rb1p4k_st1,A,extraction,bcs,hbt_bcs,-40,1,1,1p4k,1.4e3,7.49894E-05,7.498940e-05,,,
a_nx1_bcs_-40c_rb1p4k_st1,A,extraction,bcs,hbt_bcs,-40,1,1,1p4k,1.4e3,0.0001,1.000000e-04,,,
a_nx1_bcs_-40c_rb1p4k_st1,A,extraction,bcs,hbt_bcs,-40,1,1,1p4k,1.4e3,0.000133352,1.333520e-04,,,
a_nx1_bcs_-40c_rb1p4k_st1,A,extraction,bcs,hbt_bcs,-40,1,1,1p4k,1.4e3,0.000177828,1.778280e-04,,,
a_nx1_bcs_-40c_rb1p4k_st1,A,extraction,bcs,hbt_bcs,-40,1,1,1p4k,1.4e3,0.000237137,2.371370e-04,,,
a_nx1_bcs_-40c_rb1p4k_st1,A,extraction,bcs,hbt_bcs,-40,1,1,1p4k,1.4e3,0.000316228,3.162280e-04,,,
a_nx1_bcs_-40c_rb1p4k_st1,A,extraction,bcs,hbt_bcs,-40,1,1,1p4k,1.4e3,0.000421697,4.216970e-04,,,
a_nx1_bcs_-40c_rb1p4k_st1,A,extraction,bcs,hbt_bcs,-40,1,1,1p4k,1.4e3,0.000562341,5.623410e-04,,,
a_nx1_bcs_-40c_rb1p4k_st1,A,extraction,bcs,hbt_bcs,-40,1,1,1p4k,1.4e3,0.000749894,7.498940e-04,,,
a_nx1_bcs_-40c_rb1p4k_st1,A,extraction,bcs,hbt_bcs,-40,1,1,1p4k,1.4e3,0.001,1.000000e-03,5.99142,0.790042,0.001
a_nx1_bcs_-40c_rb1p4k_st1,A,extraction,bcs,hbt_bcs,-40,1,1,1p4k,1.4e3,0.00133352,1.333520e-03,5.12746,0.807526,0.00133352
a_nx1_bcs_-40c_rb1p4k_st1,A,extraction,bcs,hbt_bcs,-40,1,1,1p4k,1.4e3,0.00177828,1.778280e-03,4.55839,0.822203,0.00177828
a_nx1_bcs_-40c_rb1p4k_st1,A,extraction,bcs,hbt_bcs,-40,1,1,1p4k,1.4e3,0.00237137,2.371370e-03,4.14312,0.835697,0.00237137
a_nx1_bcs_-40c_rb1p4k_st1,A,extraction,bcs,hbt_bcs,-40,1,1,1p4k,1.4e3,0.00316228,3.162280e-03,3.82451,0.848535,0.00316228
a_nx8_bcs_-40c_rb14k_st1,A,extraction,bcs,hbt_bcs,-40,8,1,14k,1.4e4,8E-10,1.000000e-10,266.664,7.4666E-06,5.33329E-10
a_nx8_bcs_-40c_rb14k_st1,A,extraction,bcs,hbt_bcs,-40,8,1,14k,1.4e4,1.06682E-09,1.333525e-10,355.596,9.95678E-06,7.11199E-10
a_nx8_bcs_-40c_rb14k_st1,A,extraction,bcs,hbt_bcs,-40,8,1,14k,1.4e4,1.42262E-09,1.778275e-10,474.205,1.32779E-05,9.4842E-10
a_nx8_bcs_-40c_rb14k_st1,A,extraction,bcs,hbt_bcs,-40,8,1,14k,1.4e4,1.8971E-09,2.371375e-10,632.354,1.77061E-05,1.26472E-09
a_nx8_bcs_-40c_rb14k_st1,A,extraction,bcs,hbt_bcs,-40,8,1,14k,1.4e4,2.52982E-09,3.162275e-10,843.232,2.36107E-05,1.68648E-09
a_nx8_bcs_-40c_rb14k_st1,A,extraction,bcs,hbt_bcs,-40,8,1,14k,1.4e4,3.37357E-09,4.216962e-10,1124.49,3.1486E-05,2.249E-09
a_nx8_bcs_-40c_rb14k_st1,A,extraction,bcs,hbt_bcs,-40,8,1,14k,1.4e4,4.49873E-09,5.623413e-10,1499.61,4.19894E-05,2.99924E-09
a_nx8_bcs_-40c_rb14k_st1,A,extraction,bcs,hbt_bcs,-40,8,1,14k,1.4e4,5.99915E-09,7.498938e-10,1999.71,5.59925E-05,3.99946E-09
a_nx8_bcs_-40c_rb14k_st1,A,extraction,bcs,hbt_bcs,-40,8,1,14k,1.4e4,8E-09,1.000000e-09,2666.63,7.46664E-05,5.33331E-09
a_nx8_bcs_-40c_rb14k_st1,A,extraction,bcs,hbt_bcs,-40,8,1,14k,1.4e4,1.06682E-08,1.333525e-09,3556.01,9.95695E-05,7.11211E-09
a_nx8_bcs_-40c_rb14k_st1,A,extraction,bcs,hbt_bcs,-40,8,1,14k,1.4e4,1.42262E-08,1.778275e-09,4742,0.000132777,9.4841E-09
a_nx8_bcs_-40c_rb14k_st1,A,extraction,bcs,hbt_bcs,-40,8,1,14k,1.4e4,1.8971E-08,2.371375e-09,6323.39,0.000177057,1.26469E-08
a_nx8_bcs_-40c_rb14k_st1,A,extraction,bcs,hbt_bcs,-40,8,1,14k,1.4e4,2.52982E-08,3.162275e-09,8432.56,0.000236114,1.68653E-08
a_nx8_bcs_-40c_rb14k_st1,A,extraction,bcs,hbt_bcs,-40,8,1,14k,1.4e4,3.37357E-08,4.216963e-09,11245.2,0.000314869,2.24906E-08
a_nx8_bcs_-40c_rb14k_st1,A,extraction,bcs,hbt_bcs,-40,8,1,14k,1.4e4,4.49873E-08,5.623413e-09,14996.1,0.000419895,2.99925E-08
a_nx8_bcs_-40c_rb14k_st1,A,extraction,bcs,hbt_bcs,-40,8,1,14k,1.4e4,5.99915E-08,7.498937e-09,19997.1,0.000559925,3.99947E-08
a_nx8_bcs_-40c_rb14k_st1,A,extraction,bcs,hbt_bcs,-40,8,1,14k,1.4e4,8E-08,1.000000e-08,26666.3,0.000746665,5.33332E-08
a_nx8_bcs_-40c_rb14k_st1,A,extraction,bcs,hbt_bcs,-40,8,1,14k,1.4e4,1.06682E-07,1.333525e-08,35559.9,0.000995691,7.11208E-08
a_nx8_bcs_-40c_rb14k_st1,A,extraction,bcs,hbt_bcs,-40,8,1,14k,1.4e4,1.42262E-07,1.778275e-08,47418.6,0.00132774,9.48385E-08
a_nx8_bcs_-40c_rb14k_st1,A,extraction,bcs,hbt_bcs,-40,8,1,14k,1.4e4,1.8971E-07,2.371375e-08,63237.2,0.00177067,1.26476E-07
a_nx8_bcs_-40c_rb14k_st1,A,extraction,bcs,hbt_bcs,-40,8,1,14k,1.4e4,2.52982E-07,3.162275e-08,84325.1,0.00236114,1.68653E-07
a_nx8_bcs_-40c_rb14k_st1,A,extraction,bcs,hbt_bcs,-40,8,1,14k,1.4e4,3.37357E-07,4.216963e-08,112451,0.00314868,2.24906E-07
a_nx8_bcs_-40c_rb14k_st1,A,extraction,bcs,hbt_bcs,-40,8,1,14k,1.4e4,4.49873E-07,5.623413e-08,149951,0.00419872,2.99908E-07
a_nx8_bcs_-40c_rb14k_st1,A,extraction,bcs,hbt_bcs,-40,8,1,14k,1.4e4,5.99915E-07,7.498937e-08,199963,0.00559915,3.99939E-07
a_nx8_bcs_-40c_rb14k_st1,A,extraction,bcs,hbt_bcs,-40,8,1,14k,1.4e4,8E-07,1.000000e-07,266658,0.00746677,5.3334E-07
a_nx8_bcs_-40c_rb14k_st1,A,extraction,bcs,hbt_bcs,-40,8,1,14k,1.4e4,1.06682E-06,1.333525e-07,355583,0.00995712,7.11223E-07
a_nx8_bcs_-40c_rb14k_st1,A,extraction,bcs,hbt_bcs,-40,8,1,14k,1.4e4,1.42262E-06,1.778275e-07,474157,0.0132787,9.48476E-07
a_nx8_bcs_-40c_rb14k_st1,A,extraction,bcs,hbt_bcs,-40,8,1,14k,1.4e4,1.8971E-06,2.371375e-07,632148,0.0177094,1.26496E-06
a_nx8_bcs_-40c_rb14k_st1,A,extraction,bcs,hbt_bcs,-40,8,1,14k,1.4e4,2.52982E-06,3.162275e-07,,,
a_nx8_bcs_-40c_rb14k_st1,A,extraction,bcs,hbt_bcs,-40,8,1,14k,1.4e4,3.37357E-06,4.216963e-07,,,
a_nx8_bcs_-40c_rb14k_st1,A,extraction,bcs,hbt_bcs,-40,8,1,14k,1.4e4,4.49873E-06,5.623413e-07,,,
a_nx8_bcs_-40c_rb14k_st1,A,extraction,bcs,hbt_bcs,-40,8,1,14k,1.4e4,5.99915E-06,7.498937e-07,,,
a_nx8_bcs_-40c_rb14k_st1,A,extraction,bcs,hbt_bcs,-40,8,1,14k,1.4e4,8E-06,1.000000e-06,386.496,0.111866,7.99961E-06
a_nx8_bcs_-40c_rb14k_st1,A,extraction,bcs,hbt_bcs,-40,8,1,14k,1.4e4,1.06682E-05,1.333525e-06,387.471,0.149179,1.06678E-05
a_nx8_bcs_-40c_rb14k_st1,A,extraction,bcs,hbt_bcs,-40,8,1,14k,1.4e4,1.42262E-05,1.778275e-06,388.501,0.198934,1.42258E-05
a_nx8_bcs_-40c_rb14k_st1,A,extraction,bcs,hbt_bcs,-40,8,1,14k,1.4e4,1.8971E-05,2.371375e-06,389.627,0.265287,1.89706E-05
a_nx8_bcs_-40c_rb14k_st1,A,extraction,bcs,hbt_bcs,-40,8,1,14k,1.4e4,2.52982E-05,3.162275e-06,390.885,0.353768,2.52978E-05
a_nx8_bcs_-40c_rb14k_st1,A,extraction,bcs,hbt_bcs,-40,8,1,14k,1.4e4,3.37357E-05,4.216963e-06,390.327,0.471759,3.37353E-05
a_nx8_bcs_-40c_rb14k_st1,A,extraction,bcs,hbt_bcs,-40,8,1,14k,1.4e4,4.49873E-05,5.623413e-06,,,
a_nx8_bcs_-40c_rb14k_st1,A,extraction,bcs,hbt_bcs,-40,8,1,14k,1.4e4,5.99915E-05,7.498938e-06,,,
a_nx8_bcs_-40c_rb14k_st1,A,extraction,bcs,hbt_bcs,-40,8,1,14k,1.4e4,8E-05,1.000000e-05,7.50766,0.772869,8E-05
a_nx8_bcs_-40c_rb14k_st1,A,extraction,bcs,hbt_bcs,-40,8,1,14k,1.4e4,0.000106682,1.333525e-05,6.00546,0.787487,0.000106682
a_nx8_bcs_-40c_rb14k_st1,A,extraction,bcs,hbt_bcs,-40,8,1,14k,1.4e4,0.000142262,1.778275e-05,5.18848,0.798201,0.000142262
a_nx8_bcs_-40c_rb14k_st1,A,extraction,bcs,hbt_bcs,-40,8,1,14k,1.4e4,0.00018971,2.371375e-05,4.64162,0.807084,0.00018971
a_nx8_bcs_-40c_rb14k_st1,A,extraction,bcs,hbt_bcs,-40,8,1,14k,1.4e4,0.000252982,3.162275e-05,4.23491,0.814938,0.000252982
a_nx8_bcs_-40c_rb14k_st1,A,extraction,bcs,hbt_bcs,-40,8,1,14k,1.4e4,0.000337357,4.216962e-05,3.91295,0.822156,0.000337357
a_nx8_bcs_-40c_rb14k_st1,A,extraction,bcs,hbt_bcs,-40,8,1,14k,1.4e4,0.000449873,5.623412e-05,3.64759,0.82896,0.000449873
a_nx8_bcs_-40c_rb14k_st1,A,extraction,bcs,hbt_bcs,-40,8,1,14k,1.4e4,0.000599915,7.498938e-05,3.42282,0.835493,0.000599915
a_nx8_bcs_-40c_rb14k_st1,A,extraction,bcs,hbt_bcs,-40,8,1,14k,1.4e4,0.0008,1.000000e-04,3.22875,0.841852,0.0008
a_nx8_bcs_-40c_rb14k_st1,A,extraction,bcs,hbt_bcs,-40,8,1,14k,1.4e4,0.00106682,1.333525e-04,3.05897,0.848116,0.00106682
a_nx8_bcs_-40c_rb14k_st1,A,extraction,bcs,hbt_bcs,-40,8,1,14k,1.4e4,0.00142262,1.778275e-04,2.90911,0.854353,0.00142262
a_nx8_bcs_-40c_rb14k_st1,A,extraction,bcs,hbt_bcs,-40,8,1,14k,1.4e4,0.0018971,2.371375e-04,2.77619,0.86063,0.0018971
a_nx8_bcs_-40c_rb14k_st1,A,extraction,bcs,hbt_bcs,-40,8,1,14k,1.4e4,0.00252982,3.162275e-04,2.65823,0.867021,0.00252982
a_nx8_bcs_-40c_rb14k_st1,A,extraction,bcs,hbt_bcs,-40,8,1,14k,1.4e4,0.00337357,4.216963e-04,2.55396,0.873608,0.00337357
a_nx8_bcs_-40c_rb14k_st1,A,extraction,bcs,hbt_bcs,-40,8,1,14k,1.4e4,0.00449873,5.623413e-04,2.46284,0.880481,0.00449873
a_nx8_bcs_-40c_rb14k_st1,A,extraction,bcs,hbt_bcs,-40,8,1,14k,1.4e4,0.00599915,7.498937e-04,2.38494,0.88774,0.00599915
a_nx8_bcs_-40c_rb14k_st1,A,extraction,bcs,hbt_bcs,-40,8,1,14k,1.4e4,0.008,1.000000e-03,2.32113,0.895476,0.008
a_nx8_bcs_-40c_rb14k_st1,A,extraction,bcs,hbt_bcs,-40,8,1,14k,1.4e4,0.0106682,1.333525e-03,2.27313,0.903747,0.0106682
a_nx8_bcs_-40c_rb14k_st1,A,extraction,bcs,hbt_bcs,-40,8,1,14k,1.4e4,0.0142262,1.778275e-03,2.24387,0.912509,0.0142262
a_nx8_bcs_-40c_rb14k_st1,A,extraction,bcs,hbt_bcs,-40,8,1,14k,1.4e4,0.018971,2.371375e-03,2.23765,0.921497,0.018971
a_nx8_bcs_-40c_rb14k_st1,A,extraction,bcs,hbt_bcs,-40,8,1,14k,1.4e4,0.0252982,3.162275e-03,2.26023,0.930012,0.0252982
a_nx8_bcs_-40c_rb1p4k_st1,A,extraction,bcs,hbt_bcs,-40,8,1,1p4k,1.4e3,8E-10,1.000000e-10,266.674,7.4669E-07,5.3335E-10
a_nx8_bcs_-40c_rb1p4k_st1,A,extraction,bcs,hbt_bcs,-40,8,1,1p4k,1.4e3,1.06682E-09,1.333525e-10,355.61,9.95718E-07,7.11227E-10
a_nx8_bcs_-40c_rb1p4k_st1,A,extraction,bcs,hbt_bcs,-40,8,1,1p4k,1.4e3,1.42262E-09,1.778275e-10,474.205,1.32779E-06,9.4842E-10
a_nx8_bcs_-40c_rb1p4k_st1,A,extraction,bcs,hbt_bcs,-40,8,1,1p4k,1.4e3,1.8971E-09,2.371375e-10,632.372,1.77066E-06,1.26476E-09
a_nx8_bcs_-40c_rb1p4k_st1,A,extraction,bcs,hbt_bcs,-40,8,1,1p4k,1.4e3,2.52982E-09,3.162275e-10,843.261,2.36116E-06,1.68654E-09
a_nx8_bcs_-40c_rb1p4k_st1,A,extraction,bcs,hbt_bcs,-40,8,1,1p4k,1.4e3,3.37357E-09,4.216962e-10,1124.52,3.14869E-06,2.24906E-09
a_nx8_bcs_-40c_rb1p4k_st1,A,extraction,bcs,hbt_bcs,-40,8,1,1p4k,1.4e3,4.49873E-09,5.623413e-10,1499.55,4.1988E-06,2.99914E-09
a_nx8_bcs_-40c_rb1p4k_st1,A,extraction,bcs,hbt_bcs,-40,8,1,1p4k,1.4e3,5.99915E-09,7.498938e-10,1999.71,5.59925E-06,3.99946E-09
a_nx8_bcs_-40c_rb1p4k_st1,A,extraction,bcs,hbt_bcs,-40,8,1,1p4k,1.4e3,8E-09,1.000000e-09,2666.63,7.46664E-06,5.33331E-09
a_nx8_bcs_-40c_rb1p4k_st1,A,extraction,bcs,hbt_bcs,-40,8,1,1p4k,1.4e3,1.06682E-08,1.333525e-09,3556.01,9.95695E-06,7.11211E-09
a_nx8_bcs_-40c_rb1p4k_st1,A,extraction,bcs,hbt_bcs,-40,8,1,1p4k,1.4e3,1.42262E-08,1.778275e-09,4742,1.32777E-05,9.4841E-09
a_nx8_bcs_-40c_rb1p4k_st1,A,extraction,bcs,hbt_bcs,-40,8,1,1p4k,1.4e3,1.8971E-08,2.371375e-09,6323.65,1.77064E-05,1.26474E-08
a_nx8_bcs_-40c_rb1p4k_st1,A,extraction,bcs,hbt_bcs,-40,8,1,1p4k,1.4e3,2.52982E-08,3.162275e-09,8432.56,2.36114E-05,1.68653E-08
a_nx8_bcs_-40c_rb1p4k_st1,A,extraction,bcs,hbt_bcs,-40,8,1,1p4k,1.4e3,3.37357E-08,4.216963e-09,11245.2,3.14869E-05,2.24906E-08
a_nx8_bcs_-40c_rb1p4k_st1,A,extraction,bcs,hbt_bcs,-40,8,1,1p4k,1.4e3,4.49873E-08,5.623413e-09,14995.4,4.19875E-05,2.99911E-08
a_nx8_bcs_-40c_rb1p4k_st1,A,extraction,bcs,hbt_bcs,-40,8,1,1p4k,1.4e3,5.99915E-08,7.498937e-09,19996.5,5.59909E-05,3.99935E-08
a_nx8_bcs_-40c_rb1p4k_st1,A,extraction,bcs,hbt_bcs,-40,8,1,1p4k,1.4e3,8E-08,1.000000e-08,26666.3,7.46664E-05,5.33332E-08
a_nx8_bcs_-40c_rb1p4k_st1,A,extraction,bcs,hbt_bcs,-40,8,1,1p4k,1.4e3,1.06682E-07,1.333525e-08,35561,9.95719E-05,7.11228E-08
a_nx8_bcs_-40c_rb1p4k_st1,A,extraction,bcs,hbt_bcs,-40,8,1,1p4k,1.4e3,1.42262E-07,1.778275e-08,47420.5,0.000132779,9.48422E-08
a_nx8_bcs_-40c_rb1p4k_st1,A,extraction,bcs,hbt_bcs,-40,8,1,1p4k,1.4e3,1.8971E-07,2.371375e-08,63237.2,0.000177067,1.26476E-07
a_nx8_bcs_-40c_rb1p4k_st1,A,extraction,bcs,hbt_bcs,-40,8,1,1p4k,1.4e3,2.52982E-07,3.162275e-08,84325.1,0.000236114,1.68653E-07
a_nx8_bcs_-40c_rb1p4k_st1,A,extraction,bcs,hbt_bcs,-40,8,1,1p4k,1.4e3,3.37357E-07,4.216963e-08,112451,0.000314867,2.24905E-07
a_nx8_bcs_-40c_rb1p4k_st1,A,extraction,bcs,hbt_bcs,-40,8,1,1p4k,1.4e3,4.49873E-07,5.623413e-08,149955,0.000419884,2.99917E-07
a_nx8_bcs_-40c_rb1p4k_st1,A,extraction,bcs,hbt_bcs,-40,8,1,1p4k,1.4e3,5.99915E-07,7.498937e-08,199966,0.000559918,3.99941E-07
a_nx8_bcs_-40c_rb1p4k_st1,A,extraction,bcs,hbt_bcs,-40,8,1,1p4k,1.4e3,8E-07,1.000000e-07,266666,0.000746691,5.33351E-07
a_nx8_bcs_-40c_rb1p4k_st1,A,extraction,bcs,hbt_bcs,-40,8,1,1p4k,1.4e3,1.06682E-06,1.333525e-07,355592,0.000995709,7.1122E-07
a_nx8_bcs_-40c_rb1p4k_st1,A,extraction,bcs,hbt_bcs,-40,8,1,1p4k,1.4e3,1.42262E-06,1.778275e-07,474184,0.00132784,9.48458E-07
a_nx8_bcs_-40c_rb1p4k_st1,A,extraction,bcs,hbt_bcs,-40,8,1,1p4k,1.4e3,1.8971E-06,2.371375e-07,632259,0.00177071,1.2648E-06
a_nx8_bcs_-40c_rb1p4k_st1,A,extraction,bcs,hbt_bcs,-40,8,1,1p4k,1.4e3,2.52982E-06,3.162275e-07,842677,0.00236192,1.68708E-06
a_nx8_bcs_-40c_rb1p4k_st1,A,extraction,bcs,hbt_bcs,-40,8,1,1p4k,1.4e3,3.37357E-06,4.216963e-07,,,
a_nx8_bcs_-40c_rb1p4k_st1,A,extraction,bcs,hbt_bcs,-40,8,1,1p4k,1.4e3,4.49873E-06,5.623413e-07,,,
a_nx8_bcs_-40c_rb1p4k_st1,A,extraction,bcs,hbt_bcs,-40,8,1,1p4k,1.4e3,5.99915E-06,7.498937e-07,,,
a_nx8_bcs_-40c_rb1p4k_st1,A,extraction,bcs,hbt_bcs,-40,8,1,1p4k,1.4e3,8E-06,1.000000e-06,,,
a_nx8_bcs_-40c_rb1p4k_st1,A,extraction,bcs,hbt_bcs,-40,8,1,1p4k,1.4e3,1.06682E-05,1.333525e-06,386.892,0.0149178,1.06678E-05
a_nx8_bcs_-40c_rb1p4k_st1,A,extraction,bcs,hbt_bcs,-40,8,1,1p4k,1.4e3,1.42262E-05,1.778275e-06,387.692,0.0198934,1.42258E-05
a_nx8_bcs_-40c_rb1p4k_st1,A,extraction,bcs,hbt_bcs,-40,8,1,1p4k,1.4e3,1.8971E-05,2.371375e-06,388.472,0.0265286,1.89706E-05
a_nx8_bcs_-40c_rb1p4k_st1,A,extraction,bcs,hbt_bcs,-40,8,1,1p4k,1.4e3,2.52982E-05,3.162275e-06,389.231,0.0353767,2.52978E-05
a_nx8_bcs_-40c_rb1p4k_st1,A,extraction,bcs,hbt_bcs,-40,8,1,1p4k,1.4e3,3.37357E-05,4.216963e-06,389.973,0.0471759,3.37353E-05
a_nx8_bcs_-40c_rb1p4k_st1,A,extraction,bcs,hbt_bcs,-40,8,1,1p4k,1.4e3,4.49873E-05,5.623413e-06,390.709,0.0629105,4.49869E-05
a_nx8_bcs_-40c_rb1p4k_st1,A,extraction,bcs,hbt_bcs,-40,8,1,1p4k,1.4e3,5.99915E-05,7.498938e-06,391.465,0.0838929,5.99911E-05
a_nx8_bcs_-40c_rb1p4k_st1,A,extraction,bcs,hbt_bcs,-40,8,1,1p4k,1.4e3,8E-05,1.000000e-05,392.289,0.111874,7.99996E-05
a_nx8_bcs_-40c_rb1p4k_st1,A,extraction,bcs,hbt_bcs,-40,8,1,1p4k,1.4e3,0.000106682,1.333525e-05,393.244,0.149187,0.000106682
a_nx8_bcs_-40c_rb1p4k_st1,A,extraction,bcs,hbt_bcs,-40,8,1,1p4k,1.4e3,0.000142262,1.778275e-05,394.171,0.198945,0.000142262
a_nx8_bcs_-40c_rb1p4k_st1,A,extraction,bcs,hbt_bcs,-40,8,1,1p4k,1.4e3,0.00018971,2.371375e-05,390.944,0.265297,0.00018971
a_nx8_bcs_-40c_rb1p4k_st1,A,extraction,bcs,hbt_bcs,-40,8,1,1p4k,1.4e3,0.000252982,3.162275e-05,,,
a_nx8_bcs_-40c_rb1p4k_st1,A,extraction,bcs,hbt_bcs,-40,8,1,1p4k,1.4e3,0.000337357,4.216962e-05,,,
a_nx8_bcs_-40c_rb1p4k_st1,A,extraction,bcs,hbt_bcs,-40,8,1,1p4k,1.4e3,0.000449873,5.623412e-05,,,
a_nx8_bcs_-40c_rb1p4k_st1,A,extraction,bcs,hbt_bcs,-40,8,1,1p4k,1.4e3,0.000599915,7.498938e-05,,,
a_nx8_bcs_-40c_rb1p4k_st1,A,extraction,bcs,hbt_bcs,-40,8,1,1p4k,1.4e3,0.0008,1.000000e-04,7.82277,0.802858,0.0008
a_nx8_bcs_-40c_rb1p4k_st1,A,extraction,bcs,hbt_bcs,-40,8,1,1p4k,1.4e3,0.00106682,1.333525e-04,6.14913,0.819449,0.00106682
a_nx8_bcs_-40c_rb1p4k_st1,A,extraction,bcs,hbt_bcs,-40,8,1,1p4k,1.4e3,0.00142262,1.778275e-04,5.2751,0.830822,0.00142262
a_nx8_bcs_-40c_rb1p4k_st1,A,extraction,bcs,hbt_bcs,-40,8,1,1p4k,1.4e3,0.0018971,2.371375e-04,4.70041,0.839955,0.0018971
a_nx8_bcs_-40c_rb1p4k_st1,A,extraction,bcs,hbt_bcs,-40,8,1,1p4k,1.4e3,0.00252982,3.162275e-04,4.27713,0.847933,0.00252982
a_nx8_bcs_-40c_rb1p4k_st1,A,extraction,bcs,hbt_bcs,-40,8,1,1p4k,1.4e3,0.00337357,4.216963e-04,3.94439,0.855294,0.00337357
a_nx8_bcs_-40c_rb1p4k_st1,A,extraction,bcs,hbt_bcs,-40,8,1,1p4k,1.4e3,0.00449873,5.623413e-04,3.6722,0.862367,0.00449873
a_nx8_bcs_-40c_rb1p4k_st1,A,extraction,bcs,hbt_bcs,-40,8,1,1p4k,1.4e3,0.00599915,7.498937e-04,3.44414,0.869381,0.00599915
a_nx8_bcs_-40c_rb1p4k_st1,A,extraction,bcs,hbt_bcs,-40,8,1,1p4k,1.4e3,0.008,1.000000e-03,3.25076,0.876511,0.008
a_nx8_bcs_-40c_rb1p4k_st1,A,extraction,bcs,hbt_bcs,-40,8,1,1p4k,1.4e3,0.0106682,1.333525e-03,3.08665,0.883876,0.0106682
a_nx8_bcs_-40c_rb1p4k_st1,A,extraction,bcs,hbt_bcs,-40,8,1,1p4k,1.4e3,0.0142262,1.778275e-03,2.94917,0.891513,0.0142262
a_nx8_bcs_-40c_rb1p4k_st1,A,extraction,bcs,hbt_bcs,-40,8,1,1p4k,1.4e3,0.018971,2.371375e-03,2.83772,0.899309,0.018971
a_nx8_bcs_-40c_rb1p4k_st1,A,extraction,bcs,hbt_bcs,-40,8,1,1p4k,1.4e3,0.0252982,3.162275e-03,2.7536,0.906862,0.0252982
a_nx1_bcs_27c_rb14k_st1,A,extraction,bcs,hbt_bcs,27,1,1,14k,1.4e4,1E-10,1.000000e-10,33.3265,9.33403E-07,6.66717E-11
a_nx1_bcs_27c_rb14k_st1,A,extraction,bcs,hbt_bcs,27,1,1,14k,1.4e4,1.33352E-10,1.333520e-10,44.4415,1.24471E-06,8.89081E-11
a_nx1_bcs_27c_rb14k_st1,A,extraction,bcs,hbt_bcs,27,1,1,14k,1.4e4,1.77828E-10,1.778280e-10,59.2641,1.65987E-06,1.18562E-10
a_nx1_bcs_27c_rb14k_st1,A,extraction,bcs,hbt_bcs,27,1,1,14k,1.4e4,2.37137E-10,2.371370e-10,79.0296,2.21348E-06,1.58106E-10
a_nx1_bcs_27c_rb14k_st1,A,extraction,bcs,hbt_bcs,27,1,1,14k,1.4e4,3.16228E-10,3.162280e-10,105.387,2.95173E-06,2.10838E-10
a_nx1_bcs_27c_rb14k_st1,A,extraction,bcs,hbt_bcs,27,1,1,14k,1.4e4,4.21697E-10,4.216970e-10,140.536,3.93623E-06,2.81159E-10
a_nx1_bcs_27c_rb14k_st1,A,extraction,bcs,hbt_bcs,27,1,1,14k,1.4e4,5.62341E-10,5.623410e-10,187.406,5.24905E-06,3.74932E-10
a_nx1_bcs_27c_rb14k_st1,A,extraction,bcs,hbt_bcs,27,1,1,14k,1.4e4,7.49894E-10,7.498940e-10,249.906,6.99979E-06,4.99985E-10
a_nx1_bcs_27c_rb14k_st1,A,extraction,bcs,hbt_bcs,27,1,1,14k,1.4e4,1E-09,1.000000e-09,333.215,9.33495E-06,6.66783E-10
a_nx1_bcs_27c_rb14k_st1,A,extraction,bcs,hbt_bcs,27,1,1,14k,1.4e4,1.33352E-09,1.333520e-09,397.991,1.30952E-05,9.35528E-10
a_nx1_bcs_27c_rb14k_st1,A,extraction,bcs,hbt_bcs,27,1,1,14k,1.4e4,1.77828E-09,1.778280e-09,529.773,1.7477E-05,1.24851E-09
a_nx1_bcs_27c_rb14k_st1,A,extraction,bcs,hbt_bcs,27,1,1,14k,1.4e4,2.37137E-09,2.371370e-09,705.241,2.33237E-05,1.66613E-09
a_nx1_bcs_27c_rb14k_st1,A,extraction,bcs,hbt_bcs,27,1,1,14k,1.4e4,3.16228E-09,3.162280e-09,938.769,3.11271E-05,2.22352E-09
a_nx1_bcs_27c_rb14k_st1,A,extraction,bcs,hbt_bcs,27,1,1,14k,1.4e4,4.21697E-09,4.216970e-09,1249.35,4.15445E-05,2.96763E-09
a_nx1_bcs_27c_rb14k_st1,A,extraction,bcs,hbt_bcs,27,1,1,14k,1.4e4,5.62341E-09,5.623410e-09,1662,5.54571E-05,3.96138E-09
a_nx1_bcs_27c_rb14k_st1,A,extraction,bcs,hbt_bcs,27,1,1,14k,1.4e4,7.49894E-09,7.498940e-09,2209.52,7.40498E-05,5.28944E-09
a_nx1_bcs_27c_rb14k_st1,A,extraction,bcs,hbt_bcs,27,1,1,14k,1.4e4,1E-08,1.000000e-08,2934.34,9.8917E-05,7.06568E-09
a_nx1_bcs_27c_rb14k_st1,A,extraction,bcs,hbt_bcs,27,1,1,14k,1.4e4,1.33352E-08,1.333520e-08,3890.6,0.000132222,9.44462E-09
a_nx1_bcs_27c_rb14k_st1,A,extraction,bcs,hbt_bcs,27,1,1,14k,1.4e4,1.77828E-08,1.778280e-08,5144.86,0.000176928,1.26379E-08
a_nx1_bcs_27c_rb14k_st1,A,extraction,bcs,hbt_bcs,27,1,1,14k,1.4e4,2.37137E-08,2.371370e-08,6772.53,0.000237174,1.69412E-08
a_nx1_bcs_27c_rb14k_st1,A,extraction,bcs,hbt_bcs,27,1,1,14k,1.4e4,3.16228E-08,3.162280e-08,8837.34,0.000318992,2.27854E-08
a_nx1_bcs_27c_rb14k_st1,A,extraction,bcs,hbt_bcs,27,1,1,14k,1.4e4,4.21697E-08,4.216970e-08,11302.2,0.000432141,3.08675E-08
a_nx1_bcs_27c_rb14k_st1,A,extraction,bcs,hbt_bcs,27,1,1,14k,1.4e4,5.62341E-08,5.623410e-08,13564.1,0.000597374,4.26701E-08
a_nx1_bcs_27c_rb14k_st1,A,extraction,bcs,hbt_bcs,27,1,1,14k,1.4e4,7.49894E-08,7.498940e-08,12449.6,0.000875538,6.25397E-08
a_nx1_bcs_27c_rb14k_st1,A,extraction,bcs,hbt_bcs,27,1,1,14k,1.4e4,1E-07,1.000000e-07,10641,0.000624219,4.45876E-08
a_nx1_bcs_27c_rb14k_st1,A,extraction,bcs,hbt_bcs,27,1,1,14k,1.4e4,1.33352E-07,1.333520e-07,,,
a_nx1_bcs_27c_rb14k_st1,A,extraction,bcs,hbt_bcs,27,1,1,14k,1.4e4,1.77828E-07,1.778280e-07,,,
a_nx1_bcs_27c_rb14k_st1,A,extraction,bcs,hbt_bcs,27,1,1,14k,1.4e4,2.37137E-07,2.371370e-07,,,
a_nx1_bcs_27c_rb14k_st1,A,extraction,bcs,hbt_bcs,27,1,1,14k,1.4e4,3.16228E-07,3.162280e-07,,,
a_nx1_bcs_27c_rb14k_st1,A,extraction,bcs,hbt_bcs,27,1,1,14k,1.4e4,4.21697E-07,4.216970e-07,,,
a_nx1_bcs_27c_rb14k_st1,A,extraction,bcs,hbt_bcs,27,1,1,14k,1.4e4,5.62341E-07,5.623410e-07,381.287,0.00785836,5.6196E-07
a_nx1_bcs_27c_rb14k_st1,A,extraction,bcs,hbt_bcs,27,1,1,14k,1.4e4,7.49894E-07,7.498940e-07,382.392,0.0104811,7.49512E-07
a_nx1_bcs_27c_rb14k_st1,A,extraction,bcs,hbt_bcs,27,1,1,14k,1.4e4,1E-06,1.000000e-06,383.51,0.0139786,9.99616E-07
a_nx1_bcs_27c_rb14k_st1,A,extraction,bcs,hbt_bcs,27,1,1,14k,1.4e4,1.33352E-06,1.333520e-06,384.642,0.0186425,1.33314E-06
a_nx1_bcs_27c_rb14k_st1,A,extraction,bcs,hbt_bcs,27,1,1,14k,1.4e4,1.77828E-06,1.778280e-06,385.791,0.0248621,1.77789E-06
a_nx1_bcs_27c_rb14k_st1,A,extraction,bcs,hbt_bcs,27,1,1,14k,1.4e4,2.37137E-06,2.371370e-06,386.966,0.033156,2.37098E-06
a_nx1_bcs_27c_rb14k_st1,A,extraction,bcs,hbt_bcs,27,1,1,14k,1.4e4,3.16228E-06,3.162280e-06,388.178,0.0442164,3.16189E-06
a_nx1_bcs_27c_rb14k_st1,A,extraction,bcs,hbt_bcs,27,1,1,14k,1.4e4,4.21697E-06,4.216970e-06,389.445,0.0589655,4.21658E-06
a_nx1_bcs_27c_rb14k_st1,A,extraction,bcs,hbt_bcs,27,1,1,14k,1.4e4,5.62341E-06,5.623410e-06,390.8,0.0786338,5.62302E-06
a_nx1_bcs_27c_rb14k_st1,A,extraction,bcs,hbt_bcs,27,1,1,14k,1.4e4,7.49894E-06,7.498940e-06,392.28,0.104862,7.49855E-06
a_nx1_bcs_27c_rb14k_st1,A,extraction,bcs,hbt_bcs,27,1,1,14k,1.4e4,1E-05,1.000000e-05,393.901,0.139839,9.99961E-06
a_nx1_bcs_27c_rb14k_st1,A,extraction,bcs,hbt_bcs,27,1,1,14k,1.4e4,1.33352E-05,1.333520e-05,395.321,0.186481,1.33348E-05
a_nx1_bcs_27c_rb14k_st1,A,extraction,bcs,hbt_bcs,27,1,1,14k,1.4e4,1.77828E-05,1.778280e-05,391.948,0.248676,1.77824E-05
a_nx1_bcs_27c_rb14k_st1,A,extraction,bcs,hbt_bcs,27,1,1,14k,1.4e4,2.37137E-05,2.371370e-05,,,
a_nx1_bcs_27c_rb14k_st1,A,extraction,bcs,hbt_bcs,27,1,1,14k,1.4e4,3.16228E-05,3.162280e-05,,,
a_nx1_bcs_27c_rb14k_st1,A,extraction,bcs,hbt_bcs,27,1,1,14k,1.4e4,4.21697E-05,4.216970e-05,,,
a_nx1_bcs_27c_rb14k_st1,A,extraction,bcs,hbt_bcs,27,1,1,14k,1.4e4,5.62341E-05,5.623410e-05,11.3813,0.695172,5.6234E-05
a_nx1_bcs_27c_rb14k_st1,A,extraction,bcs,hbt_bcs,27,1,1,14k,1.4e4,7.49894E-05,7.498940e-05,7.04293,0.731117,7.49894E-05
a_nx1_bcs_27c_rb14k_st1,A,extraction,bcs,hbt_bcs,27,1,1,14k,1.4e4,0.0001,1.000000e-04,5.63281,0.750721,0.0001
a_nx1_bcs_27c_rb14k_st1,A,extraction,bcs,hbt_bcs,27,1,1,14k,1.4e4,0.000133352,1.333520e-04,4.8665,0.765071,0.000133352
a_nx1_bcs_27c_rb14k_st1,A,extraction,bcs,hbt_bcs,27,1,1,14k,1.4e4,0.000177828,1.778280e-04,4.357,0.777008,0.000177828
a_nx1_bcs_27c_rb14k_st1,A,extraction,bcs,hbt_bcs,27,1,1,14k,1.4e4,0.000237137,2.371370e-04,3.9813,0.787673,0.000237137
a_nx1_bcs_27c_rb14k_st1,A,extraction,bcs,hbt_bcs,27,1,1,14k,1.4e4,0.000316228,3.162280e-04,3.68706,0.797661,0.000316228
a_nx1_bcs_27c_rb14k_st1,A,extraction,bcs,hbt_bcs,27,1,1,14k,1.4e4,0.000421697,4.216970e-04,3.44805,0.807349,0.000421697
a_nx1_bcs_27c_rb14k_st1,A,extraction,bcs,hbt_bcs,27,1,1,14k,1.4e4,0.000562341,5.623410e-04,3.24977,0.817011,0.000562341
a_nx1_bcs_27c_rb14k_st1,A,extraction,bcs,hbt_bcs,27,1,1,14k,1.4e4,0.000749894,7.498940e-04,3.08385,0.826879,0.000749894
a_nx1_bcs_27c_rb14k_st1,A,extraction,bcs,hbt_bcs,27,1,1,14k,1.4e4,0.001,1.000000e-03,2.94553,0.837159,0.001
a_nx1_bcs_27c_rb14k_st1,A,extraction,bcs,hbt_bcs,27,1,1,14k,1.4e4,0.00133352,1.333520e-03,2.83248,0.848019,0.00133352
a_nx1_bcs_27c_rb14k_st1,A,extraction,bcs,hbt_bcs,27,1,1,14k,1.4e4,0.00177828,1.778280e-03,2.74443,0.859598,0.00177828
a_nx1_bcs_27c_rb14k_st1,A,extraction,bcs,hbt_bcs,27,1,1,14k,1.4e4,0.00237137,2.371370e-03,2.68274,0.871879,0.00237137
a_nx1_bcs_27c_rb14k_st1,A,extraction,bcs,hbt_bcs,27,1,1,14k,1.4e4,0.00316228,3.162280e-03,2.65078,0.884627,0.00316228
a_nx1_bcs_27c_rb1p4k_st1,A,extraction,bcs,hbt_bcs,27,1,1,1p4k,1.4e3,1E-10,1.000000e-10,33.3264,9.33399E-08,6.66713E-11
a_nx1_bcs_27c_rb1p4k_st1,A,extraction,bcs,hbt_bcs,27,1,1,1p4k,1.4e3,1.33352E-10,1.333520e-10,44.4417,1.24472E-07,8.89085E-11
a_nx1_bcs_27c_rb1p4k_st1,A,extraction,bcs,hbt_bcs,27,1,1,1p4k,1.4e3,1.77828E-10,1.778280e-10,59.2638,1.65986E-07,1.18562E-10
a_nx1_bcs_27c_rb1p4k_st1,A,extraction,bcs,hbt_bcs,27,1,1,1p4k,1.4e3,2.37137E-10,2.371370e-10,79.0296,2.21348E-07,1.58106E-10
a_nx1_bcs_27c_rb1p4k_st1,A,extraction,bcs,hbt_bcs,27,1,1,1p4k,1.4e3,3.16228E-10,3.162280e-10,105.388,2.95174E-07,2.10839E-10
a_nx1_bcs_27c_rb1p4k_st1,A,extraction,bcs,hbt_bcs,27,1,1,1p4k,1.4e3,4.21697E-10,4.216970e-10,140.536,3.93623E-07,2.81159E-10
a_nx1_bcs_27c_rb1p4k_st1,A,extraction,bcs,hbt_bcs,27,1,1,1p4k,1.4e3,5.62341E-10,5.623410e-10,187.406,5.24905E-07,3.74932E-10
a_nx1_bcs_27c_rb1p4k_st1,A,extraction,bcs,hbt_bcs,27,1,1,1p4k,1.4e3,7.49894E-10,7.498940e-10,249.907,6.99978E-07,4.99984E-10
a_nx1_bcs_27c_rb1p4k_st1,A,extraction,bcs,hbt_bcs,27,1,1,1p4k,1.4e3,1E-09,1.000000e-09,333.236,9.33461E-07,6.66758E-10
a_nx1_bcs_27c_rb1p4k_st1,A,extraction,bcs,hbt_bcs,27,1,1,1p4k,1.4e3,1.33352E-09,1.333520e-09,398.01,1.3095E-06,9.35509E-10
a_nx1_bcs_27c_rb1p4k_st1,A,extraction,bcs,hbt_bcs,27,1,1,1p4k,1.4e3,1.77828E-09,1.778280e-09,529.803,1.74764E-06,1.24847E-09
a_nx1_bcs_27c_rb1p4k_st1,A,extraction,bcs,hbt_bcs,27,1,1,1p4k,1.4e3,2.37137E-09,2.371370e-09,705.302,2.33229E-06,1.66607E-09
a_nx1_bcs_27c_rb1p4k_st1,A,extraction,bcs,hbt_bcs,27,1,1,1p4k,1.4e3,3.16228E-09,3.162280e-09,938.874,3.11254E-06,2.2234E-09
a_nx1_bcs_27c_rb1p4k_st1,A,extraction,bcs,hbt_bcs,27,1,1,1p4k,1.4e3,4.21697E-09,4.216970e-09,1249.54,4.15416E-06,2.96742E-09
a_nx1_bcs_27c_rb1p4k_st1,A,extraction,bcs,hbt_bcs,27,1,1,1p4k,1.4e3,5.62341E-09,5.623410e-09,1662.36,5.5452E-06,3.96102E-09
a_nx1_bcs_27c_rb1p4k_st1,A,extraction,bcs,hbt_bcs,27,1,1,1p4k,1.4e3,7.49894E-09,7.498940e-09,2210.18,7.40407E-06,5.28879E-09
a_nx1_bcs_27c_rb1p4k_st1,A,extraction,bcs,hbt_bcs,27,1,1,1p4k,1.4e3,1E-08,1.000000e-08,2935.56,9.89001E-06,7.06447E-09
a_nx1_bcs_27c_rb1p4k_st1,A,extraction,bcs,hbt_bcs,27,1,1,1p4k,1.4e3,1.33352E-08,1.333520e-08,3892.85,1.3219E-05,9.44235E-09
a_nx1_bcs_27c_rb1p4k_st1,A,extraction,bcs,hbt_bcs,27,1,1,1p4k,1.4e3,1.77828E-08,1.778280e-08,5149.18,1.76868E-05,1.26336E-08
a_nx1_bcs_27c_rb1p4k_st1,A,extraction,bcs,hbt_bcs,27,1,1,1p4k,1.4e3,2.37137E-08,2.371370e-08,6781,2.37053E-05,1.69326E-08
a_nx1_bcs_27c_rb1p4k_st1,A,extraction,bcs,hbt_bcs,27,1,1,1p4k,1.4e3,3.16228E-08,3.162280e-08,8855.03,3.18744E-05,2.27677E-08
a_nx1_bcs_27c_rb1p4k_st1,A,extraction,bcs,hbt_bcs,27,1,1,1p4k,1.4e3,4.21697E-08,4.216970e-08,11343.1,4.31569E-05,3.08266E-08
a_nx1_bcs_27c_rb1p4k_st1,A,extraction,bcs,hbt_bcs,27,1,1,1p4k,1.4e3,5.62341E-08,5.623410e-08,13679.8,5.95754E-05,4.25543E-08
a_nx1_bcs_27c_rb1p4k_st1,A,extraction,bcs,hbt_bcs,27,1,1,1p4k,1.4e3,7.49894E-08,7.498940e-08,12733,8.71571E-05,6.22563E-08
a_nx1_bcs_27c_rb1p4k_st1,A,extraction,bcs,hbt_bcs,27,1,1,1p4k,1.4e3,1E-07,1.000000e-07,,,
a_nx1_bcs_27c_rb1p4k_st1,A,extraction,bcs,hbt_bcs,27,1,1,1p4k,1.4e3,1.33352E-07,1.333520e-07,,,
a_nx1_bcs_27c_rb1p4k_st1,A,extraction,bcs,hbt_bcs,27,1,1,1p4k,1.4e3,1.77828E-07,1.778280e-07,,,
a_nx1_bcs_27c_rb1p4k_st1,A,extraction,bcs,hbt_bcs,27,1,1,1p4k,1.4e3,2.37137E-07,2.371370e-07,,,
a_nx1_bcs_27c_rb1p4k_st1,A,extraction,bcs,hbt_bcs,27,1,1,1p4k,1.4e3,3.16228E-07,3.162280e-07,,,
a_nx1_bcs_27c_rb1p4k_st1,A,extraction,bcs,hbt_bcs,27,1,1,1p4k,1.4e3,4.21697E-07,4.216970e-07,380.153,0.000589161,4.21317E-07
a_nx1_bcs_27c_rb1p4k_st1,A,extraction,bcs,hbt_bcs,27,1,1,1p4k,1.4e3,5.62341E-07,5.623410e-07,381.229,0.000785836,5.6196E-07
a_nx1_bcs_27c_rb1p4k_st1,A,extraction,bcs,hbt_bcs,27,1,1,1p4k,1.4e3,7.49894E-07,7.498940e-07,382.317,0.00104811,7.49512E-07
a_nx1_bcs_27c_rb1p4k_st1,A,extraction,bcs,hbt_bcs,27,1,1,1p4k,1.4e3,1E-06,1.000000e-06,383.414,0.00139786,9.99617E-07
a_nx1_bcs_27c_rb1p4k_st1,A,extraction,bcs,hbt_bcs,27,1,1,1p4k,1.4e3,1.33352E-06,1.333520e-06,384.519,0.00186425,1.33314E-06
a_nx1_bcs_27c_rb1p4k_st1,A,extraction,bcs,hbt_bcs,27,1,1,1p4k,1.4e3,1.77828E-06,1.778280e-06,385.633,0.00248621,1.77789E-06
a_nx1_bcs_27c_rb1p4k_st1,A,extraction,bcs,hbt_bcs,27,1,1,1p4k,1.4e3,2.37137E-06,2.371370e-06,386.761,0.0033156,2.37098E-06
a_nx1_bcs_27c_rb1p4k_st1,A,extraction,bcs,hbt_bcs,27,1,1,1p4k,1.4e3,3.16228E-06,3.162280e-06,387.912,0.00442163,3.16189E-06
a_nx1_bcs_27c_rb1p4k_st1,A,extraction,bcs,hbt_bcs,27,1,1,1p4k,1.4e3,4.21697E-06,4.216970e-06,389.103,0.00589655,4.21658E-06
a_nx1_bcs_27c_rb1p4k_st1,A,extraction,bcs,hbt_bcs,27,1,1,1p4k,1.4e3,5.62341E-06,5.623410e-06,390.362,0.00786337,5.62302E-06
a_nx1_bcs_27c_rb1p4k_st1,A,extraction,bcs,hbt_bcs,27,1,1,1p4k,1.4e3,7.49894E-06,7.498940e-06,391.744,0.0104862,7.49855E-06
a_nx1_bcs_27c_rb1p4k_st1,A,extraction,bcs,hbt_bcs,27,1,1,1p4k,1.4e3,1E-05,1.000000e-05,393.346,0.0139839,9.99961E-06
a_nx1_bcs_27c_rb1p4k_st1,A,extraction,bcs,hbt_bcs,27,1,1,1p4k,1.4e3,1.33352E-05,1.333520e-05,395.354,0.0186481,1.33348E-05
a_nx1_bcs_27c_rb1p4k_st1,A,extraction,bcs,hbt_bcs,27,1,1,1p4k,1.4e3,1.77828E-05,1.778280e-05,398.131,0.0248681,1.77824E-05
a_nx1_bcs_27c_rb1p4k_st1,A,extraction,bcs,hbt_bcs,27,1,1,1p4k,1.4e3,2.37137E-05,2.371370e-05,402.418,0.0331625,2.37131E-05
a_nx1_bcs_27c_rb1p4k_st1,A,extraction,bcs,hbt_bcs,27,1,1,1p4k,1.4e3,3.16228E-05,3.162280e-05,409.521,0.0442185,3.16181E-05
a_nx1_bcs_27c_rb1p4k_st1,A,extraction,bcs,hbt_bcs,27,1,1,1p4k,1.4e3,4.21697E-05,4.216970e-05,412.393,0.0588126,4.20529E-05
a_nx1_bcs_27c_rb1p4k_st1,A,extraction,bcs,hbt_bcs,27,1,1,1p4k,1.4e3,5.62341E-05,5.623410e-05,,,
a_nx1_bcs_27c_rb1p4k_st1,A,extraction,bcs,hbt_bcs,27,1,1,1p4k,1.4e3,7.49894E-05,7.498940e-05,,,
a_nx1_bcs_27c_rb1p4k_st1,A,extraction,bcs,hbt_bcs,27,1,1,1p4k,1.4e3,0.0001,1.000000e-04,,,
a_nx1_bcs_27c_rb1p4k_st1,A,extraction,bcs,hbt_bcs,27,1,1,1p4k,1.4e3,0.000133352,1.333520e-04,,,
a_nx1_bcs_27c_rb1p4k_st1,A,extraction,bcs,hbt_bcs,27,1,1,1p4k,1.4e3,0.000177828,1.778280e-04,,,
a_nx1_bcs_27c_rb1p4k_st1,A,extraction,bcs,hbt_bcs,27,1,1,1p4k,1.4e3,0.000237137,2.371370e-04,,,
a_nx1_bcs_27c_rb1p4k_st1,A,extraction,bcs,hbt_bcs,27,1,1,1p4k,1.4e3,0.000316228,3.162280e-04,,,
a_nx1_bcs_27c_rb1p4k_st1,A,extraction,bcs,hbt_bcs,27,1,1,1p4k,1.4e3,0.000421697,4.216970e-04,,,
a_nx1_bcs_27c_rb1p4k_st1,A,extraction,bcs,hbt_bcs,27,1,1,1p4k,1.4e3,0.000562341,5.623410e-04,,,
a_nx1_bcs_27c_rb1p4k_st1,A,extraction,bcs,hbt_bcs,27,1,1,1p4k,1.4e3,0.000749894,7.498940e-04,6.64984,0.717593,0.000749894
a_nx1_bcs_27c_rb1p4k_st1,A,extraction,bcs,hbt_bcs,27,1,1,1p4k,1.4e3,0.001,1.000000e-03,5.41385,0.742892,0.001
a_nx1_bcs_27c_rb1p4k_st1,A,extraction,bcs,hbt_bcs,27,1,1,1p4k,1.4e3,0.00133352,1.333520e-03,4.70902,0.762016,0.00133352
a_nx1_bcs_27c_rb1p4k_st1,A,extraction,bcs,hbt_bcs,27,1,1,1p4k,1.4e3,0.00177828,1.778280e-03,4.23527,0.77869,0.00177828
a_nx1_bcs_27c_rb1p4k_st1,A,extraction,bcs,hbt_bcs,27,1,1,1p4k,1.4e3,0.00237137,2.371370e-03,3.89008,0.794263,0.00237137
a_nx1_bcs_27c_rb1p4k_st1,A,extraction,bcs,hbt_bcs,27,1,1,1p4k,1.4e3,0.00316228,3.162280e-03,3.62994,0.809162,0.00316228
a_nx8_bcs_27c_rb14k_st1,A,extraction,bcs,hbt_bcs,27,8,1,14k,1.4e4,8E-10,1.000000e-10,266.151,7.47358E-06,5.33828E-10
a_nx8_bcs_27c_rb14k_st1,A,extraction,bcs,hbt_bcs,27,8,1,14k,1.4e4,1.06682E-09,1.333525e-10,353.568,9.98507E-06,7.13225E-10
a_nx8_bcs_27c_rb14k_st1,A,extraction,bcs,hbt_bcs,27,8,1,14k,1.4e4,1.42262E-09,1.778275e-10,362.408,1.48373E-05,1.06022E-09
a_nx8_bcs_27c_rb14k_st1,A,extraction,bcs,hbt_bcs,27,8,1,14k,1.4e4,1.8971E-09,2.371375e-10,362.524,2.14698E-05,1.53454E-09
a_nx8_bcs_27c_rb14k_st1,A,extraction,bcs,hbt_bcs,27,8,1,14k,1.4e4,2.52982E-09,3.162275e-10,436.536,2.92886E-05,2.09326E-09
a_nx8_bcs_27c_rb14k_st1,A,extraction,bcs,hbt_bcs,27,8,1,14k,1.4e4,3.37357E-09,4.216962e-10,578.387,3.91158E-05,2.79521E-09
a_nx8_bcs_27c_rb14k_st1,A,extraction,bcs,hbt_bcs,27,8,1,14k,1.4e4,4.49873E-09,5.623413e-10,766.82,5.22292E-05,3.73189E-09
a_nx8_bcs_27c_rb14k_st1,A,extraction,bcs,hbt_bcs,27,8,1,14k,1.4e4,5.99915E-09,7.498938e-10,1016.9,6.97339E-05,4.98223E-09
a_nx8_bcs_27c_rb14k_st1,A,extraction,bcs,hbt_bcs,27,8,1,14k,1.4e4,8E-09,1.000000e-09,1348.3,9.31069E-05,6.65174E-09
a_nx8_bcs_27c_rb14k_st1,A,extraction,bcs,hbt_bcs,27,8,1,14k,1.4e4,1.06682E-08,1.333525e-09,1786.4,0.000124326,8.88169E-09
a_nx8_bcs_27c_rb14k_st1,A,extraction,bcs,hbt_bcs,27,8,1,14k,1.4e4,1.42262E-08,1.778275e-09,2363.69,0.000166059,1.18626E-08
a_nx8_bcs_27c_rb14k_st1,A,extraction,bcs,hbt_bcs,27,8,1,14k,1.4e4,1.8971E-08,2.371375e-09,3120.33,0.000221891,1.58507E-08
a_nx8_bcs_27c_rb14k_st1,A,extraction,bcs,hbt_bcs,27,8,1,14k,1.4e4,2.52982E-08,3.162275e-09,4104.09,0.000296697,2.1194E-08
a_nx8_bcs_27c_rb14k_st1,A,extraction,bcs,hbt_bcs,27,8,1,14k,1.4e4,3.37357E-08,4.216963e-09,5366.65,0.00039715,2.83692E-08
a_nx8_bcs_27c_rb14k_st1,A,extraction,bcs,hbt_bcs,27,8,1,14k,1.4e4,4.49873E-08,5.623413e-09,6951.5,0.000532479,3.80357E-08
a_nx8_bcs_27c_rb14k_st1,A,extraction,bcs,hbt_bcs,27,8,1,14k,1.4e4,5.99915E-08,7.498937e-09,8865.62,0.000715743,5.11261E-08
a_nx8_bcs_27c_rb14k_st1,A,extraction,bcs,hbt_bcs,27,8,1,14k,1.4e4,8E-08,1.000000e-08,11015.5,0.000965761,6.89847E-08
a_nx8_bcs_27c_rb14k_st1,A,extraction,bcs,hbt_bcs,27,8,1,14k,1.4e4,1.06682E-07,1.333525e-08,13106.3,0.00131003,9.35756E-08
a_nx8_bcs_27c_rb14k_st1,A,extraction,bcs,hbt_bcs,27,8,1,14k,1.4e4,1.42262E-07,1.778275e-08,14566.8,0.0017877,1.27696E-07
a_nx8_bcs_27c_rb14k_st1,A,extraction,bcs,hbt_bcs,27,8,1,14k,1.4e4,1.8971E-07,2.371375e-08,14810.5,0.00244852,1.74899E-07
a_nx8_bcs_27c_rb14k_st1,A,extraction,bcs,hbt_bcs,27,8,1,14k,1.4e4,2.52982E-07,3.162275e-08,14731.1,0.00248939,1.77821E-07
a_nx8_bcs_27c_rb14k_st1,A,extraction,bcs,hbt_bcs,27,8,1,14k,1.4e4,3.37357E-07,4.216963e-08,,,
a_nx8_bcs_27c_rb14k_st1,A,extraction,bcs,hbt_bcs,27,8,1,14k,1.4e4,4.49873E-07,5.623413e-08,,,
a_nx8_bcs_27c_rb14k_st1,A,extraction,bcs,hbt_bcs,27,8,1,14k,1.4e4,5.99915E-07,7.498937e-08,,,
a_nx8_bcs_27c_rb14k_st1,A,extraction,bcs,hbt_bcs,27,8,1,14k,1.4e4,8E-07,1.000000e-07,,,
a_nx8_bcs_27c_rb14k_st1,A,extraction,bcs,hbt_bcs,27,8,1,14k,1.4e4,1.06682E-06,1.333525e-07,,,
a_nx8_bcs_27c_rb14k_st1,A,extraction,bcs,hbt_bcs,27,8,1,14k,1.4e4,1.42262E-06,1.778275e-07,,,
a_nx8_bcs_27c_rb14k_st1,A,extraction,bcs,hbt_bcs,27,8,1,14k,1.4e4,1.8971E-06,2.371375e-07,,,
a_nx8_bcs_27c_rb14k_st1,A,extraction,bcs,hbt_bcs,27,8,1,14k,1.4e4,2.52982E-06,3.162275e-07,,,
a_nx8_bcs_27c_rb14k_st1,A,extraction,bcs,hbt_bcs,27,8,1,14k,1.4e4,3.37357E-06,4.216963e-07,380.77,0.04717,3.37319E-06
a_nx8_bcs_27c_rb14k_st1,A,extraction,bcs,hbt_bcs,27,8,1,14k,1.4e4,4.49873E-06,5.623413e-07,381.983,0.0629043,4.49835E-06
a_nx8_bcs_27c_rb14k_st1,A,extraction,bcs,hbt_bcs,27,8,1,14k,1.4e4,5.99915E-06,7.498937e-07,383.253,0.0838863,5.99877E-06
a_nx8_bcs_27c_rb14k_st1,A,extraction,bcs,hbt_bcs,27,8,1,14k,1.4e4,8E-06,1.000000e-06,384.602,0.111866,7.99962E-06
a_nx8_bcs_27c_rb14k_st1,A,extraction,bcs,hbt_bcs,27,8,1,14k,1.4e4,1.06682E-05,1.333525e-06,386.068,0.149179,1.06678E-05
a_nx8_bcs_27c_rb14k_st1,A,extraction,bcs,hbt_bcs,27,8,1,14k,1.4e4,1.42262E-05,1.778275e-06,387.708,0.198935,1.42258E-05
a_nx8_bcs_27c_rb14k_st1,A,extraction,bcs,hbt_bcs,27,8,1,14k,1.4e4,1.8971E-05,2.371375e-06,389.486,0.265289,1.89706E-05
a_nx8_bcs_27c_rb14k_st1,A,extraction,bcs,hbt_bcs,27,8,1,14k,1.4e4,2.52982E-05,3.162275e-06,387.173,0.353767,2.52978E-05
a_nx8_bcs_27c_rb14k_st1,A,extraction,bcs,hbt_bcs,27,8,1,14k,1.4e4,3.37357E-05,4.216963e-06,,,
a_nx8_bcs_27c_rb14k_st1,A,extraction,bcs,hbt_bcs,27,8,1,14k,1.4e4,4.49873E-05,5.623413e-06,23.7879,0.609035,4.49872E-05
a_nx8_bcs_27c_rb14k_st1,A,extraction,bcs,hbt_bcs,27,8,1,14k,1.4e4,5.99915E-05,7.498938e-06,8.56031,0.668051,5.99915E-05
a_nx8_bcs_27c_rb14k_st1,A,extraction,bcs,hbt_bcs,27,8,1,14k,1.4e4,8E-05,1.000000e-05,6.23375,0.69256,8E-05
a_nx8_bcs_27c_rb14k_st1,A,extraction,bcs,hbt_bcs,27,8,1,14k,1.4e4,0.000106682,1.333525e-05,5.20413,0.708758,0.000106682
a_nx8_bcs_27c_rb14k_st1,A,extraction,bcs,hbt_bcs,27,8,1,14k,1.4e4,0.000142262,1.778275e-05,4.57777,0.721532,0.000142262
a_nx8_bcs_27c_rb14k_st1,A,extraction,bcs,hbt_bcs,27,8,1,14k,1.4e4,0.00018971,2.371375e-05,4.13691,0.732507,0.00018971
a_nx8_bcs_27c_rb14k_st1,A,extraction,bcs,hbt_bcs,27,8,1,14k,1.4e4,0.000252982,3.162275e-05,3.80024,0.742411,0.000252982
a_nx8_bcs_27c_rb14k_st1,A,extraction,bcs,hbt_bcs,27,8,1,14k,1.4e4,0.000337357,4.216962e-05,3.52972,0.751629,0.000337357
a_nx8_bcs_27c_rb14k_st1,A,extraction,bcs,hbt_bcs,27,8,1,14k,1.4e4,0.000449873,5.623412e-05,3.30488,0.760392,0.000449873
a_nx8_bcs_27c_rb14k_st1,A,extraction,bcs,hbt_bcs,27,8,1,14k,1.4e4,0.000599915,7.498938e-05,3.11363,0.768853,0.000599915
a_nx8_bcs_27c_rb14k_st1,A,extraction,bcs,hbt_bcs,27,8,1,14k,1.4e4,0.0008,1.000000e-04,2.94833,0.777118,0.0008
a_nx8_bcs_27c_rb14k_st1,A,extraction,bcs,hbt_bcs,27,8,1,14k,1.4e4,0.00106682,1.333525e-04,2.80391,0.785272,0.00106682
a_nx8_bcs_27c_rb14k_st1,A,extraction,bcs,hbt_bcs,27,8,1,14k,1.4e4,0.00142262,1.778275e-04,2.67695,0.79339,0.00142262
a_nx8_bcs_27c_rb14k_st1,A,extraction,bcs,hbt_bcs,27,8,1,14k,1.4e4,0.0018971,2.371375e-04,2.56515,0.801544,0.0018971
a_nx8_bcs_27c_rb14k_st1,A,extraction,bcs,hbt_bcs,27,8,1,14k,1.4e4,0.00252982,3.162275e-04,2.46703,0.809807,0.00252982
a_nx8_bcs_27c_rb14k_st1,A,extraction,bcs,hbt_bcs,27,8,1,14k,1.4e4,0.00337357,4.216963e-04,2.38178,0.818263,0.00337357
a_nx8_bcs_27c_rb14k_st1,A,extraction,bcs,hbt_bcs,27,8,1,14k,1.4e4,0.00449873,5.623413e-04,2.30928,0.827,0.00449873
a_nx8_bcs_27c_rb14k_st1,A,extraction,bcs,hbt_bcs,27,8,1,14k,1.4e4,0.00599915,7.498937e-04,2.25004,0.836109,0.00599915
a_nx8_bcs_27c_rb14k_st1,A,extraction,bcs,hbt_bcs,27,8,1,14k,1.4e4,0.008,1.000000e-03,2.20541,0.845669,0.008
a_nx8_bcs_27c_rb14k_st1,A,extraction,bcs,hbt_bcs,27,8,1,14k,1.4e4,0.0106682,1.333525e-03,2.17769,0.855714,0.0106682
a_nx8_bcs_27c_rb14k_st1,A,extraction,bcs,hbt_bcs,27,8,1,14k,1.4e4,0.0142262,1.778275e-03,2.17039,0.866157,0.0142262
a_nx8_bcs_27c_rb14k_st1,A,extraction,bcs,hbt_bcs,27,8,1,14k,1.4e4,0.018971,2.371375e-03,2.18844,0.876699,0.018971
a_nx8_bcs_27c_rb14k_st1,A,extraction,bcs,hbt_bcs,27,8,1,14k,1.4e4,0.0252982,3.162275e-03,2.23779,0.886558,0.0252982
a_nx8_bcs_27c_rb1p4k_st1,A,extraction,bcs,hbt_bcs,27,8,1,1p4k,1.4e3,8E-10,1.000000e-10,266.161,7.47388E-07,5.33849E-10
a_nx8_bcs_27c_rb1p4k_st1,A,extraction,bcs,hbt_bcs,27,8,1,1p4k,1.4e3,1.06682E-09,1.333525e-10,353.583,9.98557E-07,7.1326E-10
a_nx8_bcs_27c_rb1p4k_st1,A,extraction,bcs,hbt_bcs,27,8,1,1p4k,1.4e3,1.42262E-09,1.778275e-10,362.407,1.48374E-06,1.06022E-09
a_nx8_bcs_27c_rb1p4k_st1,A,extraction,bcs,hbt_bcs,27,8,1,1p4k,1.4e3,1.8971E-09,2.371375e-10,362.523,2.14698E-06,1.53454E-09
a_nx8_bcs_27c_rb1p4k_st1,A,extraction,bcs,hbt_bcs,27,8,1,1p4k,1.4e3,2.52982E-09,3.162275e-10,436.742,2.92857E-06,2.09306E-09
a_nx8_bcs_27c_rb1p4k_st1,A,extraction,bcs,hbt_bcs,27,8,1,1p4k,1.4e3,3.37357E-09,4.216962e-10,578.755,3.91105E-06,2.79483E-09
a_nx8_bcs_27c_rb1p4k_st1,A,extraction,bcs,hbt_bcs,27,8,1,1p4k,1.4e3,4.49873E-09,5.623413e-10,767.481,5.222E-06,3.73123E-09
a_nx8_bcs_27c_rb1p4k_st1,A,extraction,bcs,hbt_bcs,27,8,1,1p4k,1.4e3,5.99915E-09,7.498938e-10,1018.08,6.97174E-06,4.98105E-09
a_nx8_bcs_27c_rb1p4k_st1,A,extraction,bcs,hbt_bcs,27,8,1,1p4k,1.4e3,8E-09,1.000000e-09,1350.38,9.30755E-06,6.64949E-09
a_nx8_bcs_27c_rb1p4k_st1,A,extraction,bcs,hbt_bcs,27,8,1,1p4k,1.4e3,1.06682E-08,1.333525e-09,1790.17,1.24273E-05,8.87791E-09
a_nx8_bcs_27c_rb1p4k_st1,A,extraction,bcs,hbt_bcs,27,8,1,1p4k,1.4e3,1.42262E-08,1.778275e-09,2370.39,1.65962E-05,1.18557E-08
a_nx8_bcs_27c_rb1p4k_st1,A,extraction,bcs,hbt_bcs,27,8,1,1p4k,1.4e3,1.8971E-08,2.371375e-09,3132.39,2.21722E-05,1.58386E-08
a_nx8_bcs_27c_rb1p4k_st1,A,extraction,bcs,hbt_bcs,27,8,1,1p4k,1.4e3,2.52982E-08,3.162275e-09,4125.69,2.96395E-05,2.11724E-08
a_nx8_bcs_27c_rb1p4k_st1,A,extraction,bcs,hbt_bcs,27,8,1,1p4k,1.4e3,3.37357E-08,4.216963e-09,5405.35,3.96608E-05,2.83305E-08
a_nx8_bcs_27c_rb1p4k_st1,A,extraction,bcs,hbt_bcs,27,8,1,1p4k,1.4e3,4.49873E-08,5.623413e-09,7020.89,5.31508E-05,3.79663E-08
a_nx8_bcs_27c_rb1p4k_st1,A,extraction,bcs,hbt_bcs,27,8,1,1p4k,1.4e3,5.99915E-08,7.498937e-09,8989.49,7.13993E-05,5.1001E-08
a_nx8_bcs_27c_rb1p4k_st1,A,extraction,bcs,hbt_bcs,27,8,1,1p4k,1.4e3,8E-08,1.000000e-08,11234.6,9.62693E-05,6.87655E-08
a_nx8_bcs_27c_rb1p4k_st1,A,extraction,bcs,hbt_bcs,27,8,1,1p4k,1.4e3,1.06682E-07,1.333525e-08,13479.2,0.000130482,9.32032E-08
a_nx8_bcs_27c_rb1p4k_st1,A,extraction,bcs,hbt_bcs,27,8,1,1p4k,1.4e3,1.42262E-07,1.778275e-08,15154.1,0.000177949,1.27109E-07
a_nx8_bcs_27c_rb1p4k_st1,A,extraction,bcs,hbt_bcs,27,8,1,1p4k,1.4e3,1.8971E-07,2.371375e-08,15616.3,0.000243726,1.74094E-07
a_nx8_bcs_27c_rb1p4k_st1,A,extraction,bcs,hbt_bcs,27,8,1,1p4k,1.4e3,2.52982E-07,3.162275e-08,15569.9,0.000243456,1.73901E-07
a_nx8_bcs_27c_rb1p4k_st1,A,extraction,bcs,hbt_bcs,27,8,1,1p4k,1.4e3,3.37357E-07,4.216963e-08,,,
a_nx8_bcs_27c_rb1p4k_st1,A,extraction,bcs,hbt_bcs,27,8,1,1p4k,1.4e3,4.49873E-07,5.623413e-08,,,
a_nx8_bcs_27c_rb1p4k_st1,A,extraction,bcs,hbt_bcs,27,8,1,1p4k,1.4e3,5.99915E-07,7.498937e-08,,,
a_nx8_bcs_27c_rb1p4k_st1,A,extraction,bcs,hbt_bcs,27,8,1,1p4k,1.4e3,8E-07,1.000000e-07,,,
a_nx8_bcs_27c_rb1p4k_st1,A,extraction,bcs,hbt_bcs,27,8,1,1p4k,1.4e3,1.06682E-06,1.333525e-07,,,
a_nx8_bcs_27c_rb1p4k_st1,A,extraction,bcs,hbt_bcs,27,8,1,1p4k,1.4e3,1.42262E-06,1.778275e-07,,,
a_nx8_bcs_27c_rb1p4k_st1,A,extraction,bcs,hbt_bcs,27,8,1,1p4k,1.4e3,1.8971E-06,2.371375e-07,399.842,0.00265246,1.8967E-06
a_nx8_bcs_27c_rb1p4k_st1,A,extraction,bcs,hbt_bcs,27,8,1,1p4k,1.4e3,2.52982E-06,3.162275e-07,,,
a_nx8_bcs_27c_rb1p4k_st1,A,extraction,bcs,hbt_bcs,27,8,1,1p4k,1.4e3,3.37357E-06,4.216963e-07,,,
a_nx8_bcs_27c_rb1p4k_st1,A,extraction,bcs,hbt_bcs,27,8,1,1p4k,1.4e3,4.49873E-06,5.623413e-07,381.463,0.00629042,4.49835E-06
a_nx8_bcs_27c_rb1p4k_st1,A,extraction,bcs,hbt_bcs,27,8,1,1p4k,1.4e3,5.99915E-06,7.498937e-07,382.563,0.00838861,5.99877E-06
a_nx8_bcs_27c_rb1p4k_st1,A,extraction,bcs,hbt_bcs,27,8,1,1p4k,1.4e3,8E-06,1.000000e-06,383.676,0.0111866,7.99962E-06
a_nx8_bcs_27c_rb1p4k_st1,A,extraction,bcs,hbt_bcs,27,8,1,1p4k,1.4e3,1.06682E-05,1.333525e-06,384.802,0.0149179,1.06678E-05
a_nx8_bcs_27c_rb1p4k_st1,A,extraction,bcs,hbt_bcs,27,8,1,1p4k,1.4e3,1.42262E-05,1.778275e-06,385.948,0.0198934,1.42258E-05
a_nx8_bcs_27c_rb1p4k_st1,A,extraction,bcs,hbt_bcs,27,8,1,1p4k,1.4e3,1.8971E-05,2.371375e-06,387.122,0.0265287,1.89706E-05
a_nx8_bcs_27c_rb1p4k_st1,A,extraction,bcs,hbt_bcs,27,8,1,1p4k,1.4e3,2.52982E-05,3.162275e-06,388.34,0.0353769,2.52978E-05
a_nx8_bcs_27c_rb1p4k_st1,A,extraction,bcs,hbt_bcs,27,8,1,1p4k,1.4e3,3.37357E-05,4.216963e-06,389.629,0.0471762,3.37353E-05
a_nx8_bcs_27c_rb1p4k_st1,A,extraction,bcs,hbt_bcs,27,8,1,1p4k,1.4e3,4.49873E-05,5.623413e-06,391.034,0.062911,4.49869E-05
a_nx8_bcs_27c_rb1p4k_st1,A,extraction,bcs,hbt_bcs,27,8,1,1p4k,1.4e3,5.99915E-05,7.498938e-06,392.624,0.0838938,5.99911E-05
a_nx8_bcs_27c_rb1p4k_st1,A,extraction,bcs,hbt_bcs,27,8,1,1p4k,1.4e3,8E-05,1.000000e-05,394.473,0.111875,7.99996E-05
a_nx8_bcs_27c_rb1p4k_st1,A,extraction,bcs,hbt_bcs,27,8,1,1p4k,1.4e3,0.000106682,1.333525e-05,396.389,0.14919,0.000106682
a_nx8_bcs_27c_rb1p4k_st1,A,extraction,bcs,hbt_bcs,27,8,1,1p4k,1.4e3,0.000142262,1.778275e-05,394.637,0.198946,0.000142261
a_nx8_bcs_27c_rb1p4k_st1,A,extraction,bcs,hbt_bcs,27,8,1,1p4k,1.4e3,0.00018971,2.371375e-05,,,
a_nx8_bcs_27c_rb1p4k_st1,A,extraction,bcs,hbt_bcs,27,8,1,1p4k,1.4e3,0.000252982,3.162275e-05,,,
a_nx8_bcs_27c_rb1p4k_st1,A,extraction,bcs,hbt_bcs,27,8,1,1p4k,1.4e3,0.000337357,4.216962e-05,,,
a_nx8_bcs_27c_rb1p4k_st1,A,extraction,bcs,hbt_bcs,27,8,1,1p4k,1.4e3,0.000449873,5.623412e-05,,,
a_nx8_bcs_27c_rb1p4k_st1,A,extraction,bcs,hbt_bcs,27,8,1,1p4k,1.4e3,0.000599915,7.498938e-05,9.70603,0.706558,0.000599915
a_nx8_bcs_27c_rb1p4k_st1,A,extraction,bcs,hbt_bcs,27,8,1,1p4k,1.4e3,0.0008,1.000000e-04,6.61676,0.737339,0.0008
a_nx8_bcs_27c_rb1p4k_st1,A,extraction,bcs,hbt_bcs,27,8,1,1p4k,1.4e3,0.00106682,1.333525e-04,5.41849,0.755428,0.00106682
a_nx8_bcs_27c_rb1p4k_st1,A,extraction,bcs,hbt_bcs,27,8,1,1p4k,1.4e3,0.00142262,1.778275e-04,4.72651,0.768976,0.00142262
a_nx8_bcs_27c_rb1p4k_st1,A,extraction,bcs,hbt_bcs,27,8,1,1p4k,1.4e3,0.0018971,2.371375e-04,4.25245,0.780333,0.0018971
a_nx8_bcs_27c_rb1p4k_st1,A,extraction,bcs,hbt_bcs,27,8,1,1p4k,1.4e3,0.00252982,3.162275e-04,3.89674,0.790501,0.00252982
a_nx8_bcs_27c_rb1p4k_st1,A,extraction,bcs,hbt_bcs,27,8,1,1p4k,1.4e3,0.00337357,4.216963e-04,3.61504,0.80001,0.00337357
a_nx8_bcs_27c_rb1p4k_st1,A,extraction,bcs,hbt_bcs,27,8,1,1p4k,1.4e3,0.00449873,5.623413e-04,3.38463,0.809199,0.00449873
a_nx8_bcs_27c_rb1p4k_st1,A,extraction,bcs,hbt_bcs,27,8,1,1p4k,1.4e3,0.00599915,7.498937e-04,3.19286,0.818314,0.00599915
a_nx8_bcs_27c_rb1p4k_st1,A,extraction,bcs,hbt_bcs,27,8,1,1p4k,1.4e3,0.008,1.000000e-03,3.03246,0.827532,0.008
a_nx8_bcs_27c_rb1p4k_st1,A,extraction,bcs,hbt_bcs,27,8,1,1p4k,1.4e3,0.0106682,1.333525e-03,2.89957,0.836975,0.0106682
a_nx8_bcs_27c_rb1p4k_st1,A,extraction,bcs,hbt_bcs,27,8,1,1p4k,1.4e3,0.0142262,1.778275e-03,2.79269,0.846669,0.0142262
a_nx8_bcs_27c_rb1p4k_st1,A,extraction,bcs,hbt_bcs,27,8,1,1p4k,1.4e3,0.018971,2.371375e-03,2.71231,0.856473,0.018971
a_nx8_bcs_27c_rb1p4k_st1,A,extraction,bcs,hbt_bcs,27,8,1,1p4k,1.4e3,0.0252982,3.162275e-03,2.66083,0.865923,0.0252982
a_nx1_bcs_125c_rb14k_st1,A,extraction,bcs,hbt_bcs,125,1,1,14k,1.4e4,1E-10,1.000000e-10,4.03805,1.49095E-07,1.12152E-11
a_nx1_bcs_125c_rb14k_st1,A,extraction,bcs,hbt_bcs,125,1,1,14k,1.4e4,1.33352E-10,1.333520e-10,12.5881,4.96066E-07,3.60172E-11
a_nx1_bcs_125c_rb14k_st1,A,extraction,bcs,hbt_bcs,125,1,1,14k,1.4e4,1.77828E-10,1.778280e-10,22.7739,9.75829E-07,7.03073E-11
a_nx1_bcs_125c_rb14k_st1,A,extraction,bcs,hbt_bcs,125,1,1,14k,1.4e4,2.37137E-10,2.371370e-10,35.6194,1.62593E-06,1.16771E-10
a_nx1_bcs_125c_rb14k_st1,A,extraction,bcs,hbt_bcs,125,1,1,14k,1.4e4,3.16228E-10,3.162280e-10,51.9623,2.50387E-06,1.79518E-10
a_nx1_bcs_125c_rb14k_st1,A,extraction,bcs,hbt_bcs,125,1,1,14k,1.4e4,4.21697E-10,4.216970e-10,72.6372,3.69028E-06,2.64312E-10
a_nx1_bcs_125c_rb14k_st1,A,extraction,bcs,hbt_bcs,125,1,1,14k,1.4e4,5.62341E-10,5.623410e-10,98.382,5.29783E-06,3.7921E-10
a_nx1_bcs_125c_rb14k_st1,A,extraction,bcs,hbt_bcs,125,1,1,14k,1.4e4,7.49894E-10,7.498940e-10,129.567,7.48549E-06,5.35576E-10
a_nx1_bcs_125c_rb14k_st1,A,extraction,bcs,hbt_bcs,125,1,1,14k,1.4e4,1E-09,1.000000e-09,165.704,1.04788E-05,7.49541E-10
a_nx1_bcs_125c_rb14k_st1,A,extraction,bcs,hbt_bcs,125,1,1,14k,1.4e4,1.33352E-09,1.333520e-09,204.879,1.45962E-05,1.04388E-09
a_nx1_bcs_125c_rb14k_st1,A,extraction,bcs,hbt_bcs,125,1,1,14k,1.4e4,1.77828E-09,1.778280e-09,243.67,2.02745E-05,1.44984E-09
a_nx1_bcs_125c_rb14k_st1,A,extraction,bcs,hbt_bcs,125,1,1,14k,1.4e4,2.37137E-09,2.371370e-09,278.301,2.8085E-05,2.00828E-09
a_nx1_bcs_125c_rb14k_st1,A,extraction,bcs,hbt_bcs,125,1,1,14k,1.4e4,3.16228E-09,3.162280e-09,306.453,3.87522E-05,2.77102E-09
a_nx1_bcs_125c_rb14k_st1,A,extraction,bcs,hbt_bcs,125,1,1,14k,1.4e4,4.21697E-09,4.216970e-09,327.894,5.32016E-05,3.80423E-09
a_nx1_bcs_125c_rb14k_st1,A,extraction,bcs,hbt_bcs,125,1,1,14k,1.4e4,5.62341E-09,5.623410e-09,343.672,7.26489E-05,5.19485E-09
a_nx1_bcs_125c_rb14k_st1,A,extraction,bcs,hbt_bcs,125,1,1,14k,1.4e4,7.49894E-09,7.498940e-09,355.133,9.8716E-05,7.05886E-09
a_nx1_bcs_125c_rb14k_st1,A,extraction,bcs,hbt_bcs,125,1,1,14k,1.4e4,1E-08,1.000000e-08,363.448,0.000133574,9.55152E-09
a_nx1_bcs_125c_rb14k_st1,A,extraction,bcs,hbt_bcs,125,1,1,14k,1.4e4,1.33352E-08,1.333520e-08,369.502,0.000180128,1.28806E-08
a_nx1_bcs_125c_rb14k_st1,A,extraction,bcs,hbt_bcs,125,1,1,14k,1.4e4,1.77828E-08,1.778280e-08,373.934,0.000242261,1.73236E-08
a_nx1_bcs_125c_rb14k_st1,A,extraction,bcs,hbt_bcs,125,1,1,14k,1.4e4,2.37137E-08,2.371370e-08,377.198,0.000325152,2.3251E-08
a_nx1_bcs_125c_rb14k_st1,A,extraction,bcs,hbt_bcs,125,1,1,14k,1.4e4,3.16228E-08,3.162280e-08,379.616,0.000435717,3.11574E-08
a_nx1_bcs_125c_rb14k_st1,A,extraction,bcs,hbt_bcs,125,1,1,14k,1.4e4,4.21697E-08,4.216970e-08,381.421,0.000583177,4.17022E-08
a_nx1_bcs_125c_rb14k_st1,A,extraction,bcs,hbt_bcs,125,1,1,14k,1.4e4,5.62341E-08,5.623410e-08,382.781,0.000779831,5.57647E-08
a_nx1_bcs_125c_rb14k_st1,A,extraction,bcs,hbt_bcs,125,1,1,14k,1.4e4,7.49894E-08,7.498940e-08,383.823,0.00104209,7.45184E-08
a_nx1_bcs_125c_rb14k_st1,A,extraction,bcs,hbt_bcs,125,1,1,14k,1.4e4,1E-07,1.000000e-07,384.645,0.00139182,9.95273E-08
a_nx1_bcs_125c_rb14k_st1,A,extraction,bcs,hbt_bcs,125,1,1,14k,1.4e4,1.33352E-07,1.333520e-07,385.327,0.00185819,1.32877E-07
a_nx1_bcs_125c_rb14k_st1,A,extraction,bcs,hbt_bcs,125,1,1,14k,1.4e4,1.77828E-07,1.778280e-07,385.936,0.00248013,1.77351E-07
a_nx1_bcs_125c_rb14k_st1,A,extraction,bcs,hbt_bcs,125,1,1,14k,1.4e4,2.37137E-07,2.371370e-07,386.535,0.00330948,2.36658E-07
a_nx1_bcs_125c_rb14k_st1,A,extraction,bcs,hbt_bcs,125,1,1,14k,1.4e4,3.16228E-07,3.162280e-07,387.177,0.00441547,3.15745E-07
a_nx1_bcs_125c_rb14k_st1,A,extraction,bcs,hbt_bcs,125,1,1,14k,1.4e4,4.21697E-07,4.216970e-07,387.906,0.00589032,4.21209E-07
a_nx1_bcs_125c_rb14k_st1,A,extraction,bcs,hbt_bcs,125,1,1,14k,1.4e4,5.62341E-07,5.623410e-07,388.752,0.00785705,5.61847E-07
a_nx1_bcs_125c_rb14k_st1,A,extraction,bcs,hbt_bcs,125,1,1,14k,1.4e4,7.49894E-07,7.498940e-07,389.732,0.0104798,7.49391E-07
a_nx1_bcs_125c_rb14k_st1,A,extraction,bcs,hbt_bcs,125,1,1,14k,1.4e4,1E-06,1.000000e-06,390.854,0.0139772,9.99484E-07
a_nx1_bcs_125c_rb14k_st1,A,extraction,bcs,hbt_bcs,125,1,1,14k,1.4e4,1.33352E-06,1.333520e-06,392.124,0.0186411,1.33298E-06
a_nx1_bcs_125c_rb14k_st1,A,extraction,bcs,hbt_bcs,125,1,1,14k,1.4e4,1.77828E-06,1.778280e-06,393.549,0.0248605,1.77772E-06
a_nx1_bcs_125c_rb14k_st1,A,extraction,bcs,hbt_bcs,125,1,1,14k,1.4e4,2.37137E-06,2.371370e-06,395.137,0.0331541,2.37076E-06
a_nx1_bcs_125c_rb14k_st1,A,extraction,bcs,hbt_bcs,125,1,1,14k,1.4e4,3.16228E-06,3.162280e-06,396.886,0.0442138,3.16159E-06
a_nx1_bcs_125c_rb14k_st1,A,extraction,bcs,hbt_bcs,125,1,1,14k,1.4e4,4.21697E-06,4.216970e-06,398.738,0.0589616,4.21614E-06
a_nx1_bcs_125c_rb14k_st1,A,extraction,bcs,hbt_bcs,125,1,1,14k,1.4e4,5.62341E-06,5.623410e-06,400.384,0.0786265,5.62228E-06
a_nx1_bcs_125c_rb14k_st1,A,extraction,bcs,hbt_bcs,125,1,1,14k,1.4e4,7.49894E-06,7.498940e-06,400.311,0.104846,7.49712E-06
a_nx1_bcs_125c_rb14k_st1,A,extraction,bcs,hbt_bcs,125,1,1,14k,1.4e4,1E-05,1.000000e-05,391.202,0.139796,9.99651E-06
a_nx1_bcs_125c_rb14k_st1,A,extraction,bcs,hbt_bcs,125,1,1,14k,1.4e4,1.33352E-05,1.333520e-05,,,
a_nx1_bcs_125c_rb14k_st1,A,extraction,bcs,hbt_bcs,125,1,1,14k,1.4e4,1.77828E-05,1.778280e-05,,,
a_nx1_bcs_125c_rb14k_st1,A,extraction,bcs,hbt_bcs,125,1,1,14k,1.4e4,2.37137E-05,2.371370e-05,,,
a_nx1_bcs_125c_rb14k_st1,A,extraction,bcs,hbt_bcs,125,1,1,14k,1.4e4,3.16228E-05,3.162280e-05,,,
a_nx1_bcs_125c_rb14k_st1,A,extraction,bcs,hbt_bcs,125,1,1,14k,1.4e4,4.21697E-05,4.216970e-05,12.7027,0.543598,4.21695E-05
a_nx1_bcs_125c_rb14k_st1,A,extraction,bcs,hbt_bcs,125,1,1,14k,1.4e4,5.62341E-05,5.623410e-05,6.99695,0.597249,5.6234E-05
a_nx1_bcs_125c_rb14k_st1,A,extraction,bcs,hbt_bcs,125,1,1,14k,1.4e4,7.49894E-05,7.498940e-05,5.35773,0.626673,7.49893E-05
a_nx1_bcs_125c_rb14k_st1,A,extraction,bcs,hbt_bcs,125,1,1,14k,1.4e4,0.0001,1.000000e-04,4.5439,0.64758,9.99999E-05
a_nx1_bcs_125c_rb14k_st1,A,extraction,bcs,hbt_bcs,125,1,1,14k,1.4e4,0.000133352,1.333520e-04,4.03202,0.664575,0.000133352
a_nx1_bcs_125c_rb14k_st1,A,extraction,bcs,hbt_bcs,125,1,1,14k,1.4e4,0.000177828,1.778280e-04,3.66854,0.679475,0.000177828
a_nx1_bcs_125c_rb14k_st1,A,extraction,bcs,hbt_bcs,125,1,1,14k,1.4e4,0.000237137,2.371370e-04,3.39176,0.693182,0.000237137
a_nx1_bcs_125c_rb14k_st1,A,extraction,bcs,hbt_bcs,125,1,1,14k,1.4e4,0.000316228,3.162280e-04,3.17191,0.706231,0.000316228
a_nx1_bcs_125c_rb14k_st1,A,extraction,bcs,hbt_bcs,125,1,1,14k,1.4e4,0.000421697,4.216970e-04,2.99301,0.718981,0.000421697
a_nx1_bcs_125c_rb14k_st1,A,extraction,bcs,hbt_bcs,125,1,1,14k,1.4e4,0.000562341,5.623410e-04,2.84593,0.731709,0.000562341
a_nx1_bcs_125c_rb14k_st1,A,extraction,bcs,hbt_bcs,125,1,1,14k,1.4e4,0.000749894,7.498940e-04,2.72547,0.744647,0.000749893
a_nx1_bcs_125c_rb14k_st1,A,extraction,bcs,hbt_bcs,125,1,1,14k,1.4e4,0.001,1.000000e-03,2.62896,0.757991,0.000999999
a_nx1_bcs_125c_rb14k_st1,A,extraction,bcs,hbt_bcs,125,1,1,14k,1.4e4,0.00133352,1.333520e-03,2.55566,0.771898,0.00133352
a_nx1_bcs_125c_rb14k_st1,A,extraction,bcs,hbt_bcs,125,1,1,14k,1.4e4,0.00177828,1.778280e-03,2.50651,0.786452,0.00177828
a_nx1_bcs_125c_rb14k_st1,A,extraction,bcs,hbt_bcs,125,1,1,14k,1.4e4,0.00237137,2.371370e-03,2.48404,0.801594,0.00237136
a_nx1_bcs_125c_rb14k_st1,A,extraction,bcs,hbt_bcs,125,1,1,14k,1.4e4,0.00316228,3.162280e-03,2.4919,0.817009,0.00316222
a_nx1_bcs_125c_rb1p4k_st1,A,extraction,bcs,hbt_bcs,125,1,1,1p4k,1.4e3,1E-10,1.000000e-10,4.03807,1.49096E-08,1.12152E-11
a_nx1_bcs_125c_rb1p4k_st1,A,extraction,bcs,hbt_bcs,125,1,1,1p4k,1.4e3,1.33352E-10,1.333520e-10,12.588,4.96064E-08,3.6017E-11
a_nx1_bcs_125c_rb1p4k_st1,A,extraction,bcs,hbt_bcs,125,1,1,1p4k,1.4e3,1.77828E-10,1.778280e-10,22.7739,9.75824E-08,7.0307E-11
a_nx1_bcs_125c_rb1p4k_st1,A,extraction,bcs,hbt_bcs,125,1,1,1p4k,1.4e3,2.37137E-10,2.371370e-10,35.6197,1.62593E-07,1.1677E-10
a_nx1_bcs_125c_rb1p4k_st1,A,extraction,bcs,hbt_bcs,125,1,1,1p4k,1.4e3,3.16228E-10,3.162280e-10,51.9633,2.50387E-07,1.79517E-10
a_nx1_bcs_125c_rb1p4k_st1,A,extraction,bcs,hbt_bcs,125,1,1,1p4k,1.4e3,4.21697E-10,4.216970e-10,72.639,3.69026E-07,2.6431E-10
a_nx1_bcs_125c_rb1p4k_st1,A,extraction,bcs,hbt_bcs,125,1,1,1p4k,1.4e3,5.62341E-10,5.623410e-10,98.3858,5.29778E-07,3.79206E-10
a_nx1_bcs_125c_rb1p4k_st1,A,extraction,bcs,hbt_bcs,125,1,1,1p4k,1.4e3,7.49894E-10,7.498940e-10,129.574,7.48539E-07,5.35569E-10
a_nx1_bcs_125c_rb1p4k_st1,A,extraction,bcs,hbt_bcs,125,1,1,1p4k,1.4e3,1E-09,1.000000e-09,165.717,1.04786E-06,7.4953E-10
a_nx1_bcs_125c_rb1p4k_st1,A,extraction,bcs,hbt_bcs,125,1,1,1p4k,1.4e3,1.33352E-09,1.333520e-09,204.901,1.45959E-06,1.04386E-09
a_nx1_bcs_125c_rb1p4k_st1,A,extraction,bcs,hbt_bcs,125,1,1,1p4k,1.4e3,1.77828E-09,1.778280e-09,243.703,2.0274E-06,1.44981E-09
a_nx1_bcs_125c_rb1p4k_st1,A,extraction,bcs,hbt_bcs,125,1,1,1p4k,1.4e3,2.37137E-09,2.371370e-09,278.346,2.80844E-06,2.00824E-09
a_nx1_bcs_125c_rb1p4k_st1,A,extraction,bcs,hbt_bcs,125,1,1,1p4k,1.4e3,3.16228E-09,3.162280e-09,306.507,3.87515E-06,2.77096E-09
a_nx1_bcs_125c_rb1p4k_st1,A,extraction,bcs,hbt_bcs,125,1,1,1p4k,1.4e3,4.21697E-09,4.216970e-09,327.954,5.32008E-06,3.80417E-09
a_nx1_bcs_125c_rb1p4k_st1,A,extraction,bcs,hbt_bcs,125,1,1,1p4k,1.4e3,5.62341E-09,5.623410e-09,343.735,7.26481E-06,5.19479E-09
a_nx1_bcs_125c_rb1p4k_st1,A,extraction,bcs,hbt_bcs,125,1,1,1p4k,1.4e3,7.49894E-09,7.498940e-09,355.197,9.87151E-06,7.0588E-09
a_nx1_bcs_125c_rb1p4k_st1,A,extraction,bcs,hbt_bcs,125,1,1,1p4k,1.4e3,1E-08,1.000000e-08,363.511,1.33573E-05,9.55146E-09
a_nx1_bcs_125c_rb1p4k_st1,A,extraction,bcs,hbt_bcs,125,1,1,1p4k,1.4e3,1.33352E-08,1.333520e-08,369.563,1.80128E-05,1.28805E-08
a_nx1_bcs_125c_rb1p4k_st1,A,extraction,bcs,hbt_bcs,125,1,1,1p4k,1.4e3,1.77828E-08,1.778280e-08,373.992,2.4226E-05,1.73235E-08
a_nx1_bcs_125c_rb1p4k_st1,A,extraction,bcs,hbt_bcs,125,1,1,1p4k,1.4e3,2.37137E-08,2.371370e-08,377.25,3.25151E-05,2.3251E-08
a_nx1_bcs_125c_rb1p4k_st1,A,extraction,bcs,hbt_bcs,125,1,1,1p4k,1.4e3,3.16228E-08,3.162280e-08,379.661,4.35716E-05,3.11574E-08
a_nx1_bcs_125c_rb1p4k_st1,A,extraction,bcs,hbt_bcs,125,1,1,1p4k,1.4e3,4.21697E-08,4.216970e-08,381.456,5.83177E-05,4.17021E-08
a_nx1_bcs_125c_rb1p4k_st1,A,extraction,bcs,hbt_bcs,125,1,1,1p4k,1.4e3,5.62341E-08,5.623410e-08,382.802,7.79831E-05,5.57647E-08
a_nx1_bcs_125c_rb1p4k_st1,A,extraction,bcs,hbt_bcs,125,1,1,1p4k,1.4e3,7.49894E-08,7.498940e-08,383.827,0.000104209,7.45184E-08
a_nx1_bcs_125c_rb1p4k_st1,A,extraction,bcs,hbt_bcs,125,1,1,1p4k,1.4e3,1E-07,1.000000e-07,384.626,0.000139182,9.95273E-08
a_nx1_bcs_125c_rb1p4k_st1,A,extraction,bcs,hbt_bcs,125,1,1,1p4k,1.4e3,1.33352E-07,1.333520e-07,385.278,0.000185819,1.32877E-07
a_nx1_bcs_125c_rb1p4k_st1,A,extraction,bcs,hbt_bcs,125,1,1,1p4k,1.4e3,1.77828E-07,1.778280e-07,385.852,0.000248013,1.77351E-07
a_nx1_bcs_125c_rb1p4k_st1,A,extraction,bcs,hbt_bcs,125,1,1,1p4k,1.4e3,2.37137E-07,2.371370e-07,386.411,0.000330949,2.36658E-07
a_nx1_bcs_125c_rb1p4k_st1,A,extraction,bcs,hbt_bcs,125,1,1,1p4k,1.4e3,3.16228E-07,3.162280e-07,387.008,0.000441547,3.15745E-07
a_nx1_bcs_125c_rb1p4k_st1,A,extraction,bcs,hbt_bcs,125,1,1,1p4k,1.4e3,4.21697E-07,4.216970e-07,387.689,0.000589032,4.21209E-07
a_nx1_bcs_125c_rb1p4k_st1,A,extraction,bcs,hbt_bcs,125,1,1,1p4k,1.4e3,5.62341E-07,5.623410e-07,388.485,0.000785705,5.61847E-07
a_nx1_bcs_125c_rb1p4k_st1,A,extraction,bcs,hbt_bcs,125,1,1,1p4k,1.4e3,7.49894E-07,7.498940e-07,389.412,0.00104798,7.49391E-07
a_nx1_bcs_125c_rb1p4k_st1,A,extraction,bcs,hbt_bcs,125,1,1,1p4k,1.4e3,1E-06,1.000000e-06,390.477,0.00139772,9.99484E-07
a_nx1_bcs_125c_rb1p4k_st1,A,extraction,bcs,hbt_bcs,125,1,1,1p4k,1.4e3,1.33352E-06,1.333520e-06,391.685,0.00186411,1.33299E-06
a_nx1_bcs_125c_rb1p4k_st1,A,extraction,bcs,hbt_bcs,125,1,1,1p4k,1.4e3,1.77828E-06,1.778280e-06,393.048,0.00248605,1.77772E-06
a_nx1_bcs_125c_rb1p4k_st1,A,extraction,bcs,hbt_bcs,125,1,1,1p4k,1.4e3,2.37137E-06,2.371370e-06,394.585,0.00331541,2.37076E-06
a_nx1_bcs_125c_rb1p4k_st1,A,extraction,bcs,hbt_bcs,125,1,1,1p4k,1.4e3,3.16228E-06,3.162280e-06,396.331,0.00442138,3.16159E-06
a_nx1_bcs_125c_rb1p4k_st1,A,extraction,bcs,hbt_bcs,125,1,1,1p4k,1.4e3,4.21697E-06,4.216970e-06,398.357,0.00589616,4.21614E-06
a_nx1_bcs_125c_rb1p4k_st1,A,extraction,bcs,hbt_bcs,125,1,1,1p4k,1.4e3,5.62341E-06,5.623410e-06,400.768,0.00786266,5.62228E-06
a_nx1_bcs_125c_rb1p4k_st1,A,extraction,bcs,hbt_bcs,125,1,1,1p4k,1.4e3,7.49894E-06,7.498940e-06,403.74,0.0104846,7.49708E-06
a_nx1_bcs_125c_rb1p4k_st1,A,extraction,bcs,hbt_bcs,125,1,1,1p4k,1.4e3,1E-05,1.000000e-05,407.547,0.0139796,9.99604E-06
a_nx1_bcs_125c_rb1p4k_st1,A,extraction,bcs,hbt_bcs,125,1,1,1p4k,1.4e3,1.33352E-05,1.333520e-05,412.512,0.0186336,1.33237E-05
a_nx1_bcs_125c_rb1p4k_st1,A,extraction,bcs,hbt_bcs,125,1,1,1p4k,1.4e3,1.77828E-05,1.778280e-05,418.097,0.0248043,1.77357E-05
a_nx1_bcs_125c_rb1p4k_st1,A,extraction,bcs,hbt_bcs,125,1,1,1p4k,1.4e3,2.37137E-05,2.371370e-05,415.806,0.0328287,2.34734E-05
a_nx1_bcs_125c_rb1p4k_st1,A,extraction,bcs,hbt_bcs,125,1,1,1p4k,1.4e3,3.16228E-05,3.162280e-05,,,
a_nx1_bcs_125c_rb1p4k_st1,A,extraction,bcs,hbt_bcs,125,1,1,1p4k,1.4e3,4.21697E-05,4.216970e-05,,,
a_nx1_bcs_125c_rb1p4k_st1,A,extraction,bcs,hbt_bcs,125,1,1,1p4k,1.4e3,5.62341E-05,5.623410e-05,,,
a_nx1_bcs_125c_rb1p4k_st1,A,extraction,bcs,hbt_bcs,125,1,1,1p4k,1.4e3,7.49894E-05,7.498940e-05,,,
a_nx1_bcs_125c_rb1p4k_st1,A,extraction,bcs,hbt_bcs,125,1,1,1p4k,1.4e3,0.0001,1.000000e-04,,,
a_nx1_bcs_125c_rb1p4k_st1,A,extraction,bcs,hbt_bcs,125,1,1,1p4k,1.4e3,0.000133352,1.333520e-04,,,
a_nx1_bcs_125c_rb1p4k_st1,A,extraction,bcs,hbt_bcs,125,1,1,1p4k,1.4e3,0.000177828,1.778280e-04,,,
a_nx1_bcs_125c_rb1p4k_st1,A,extraction,bcs,hbt_bcs,125,1,1,1p4k,1.4e3,0.000237137,2.371370e-04,,,
a_nx1_bcs_125c_rb1p4k_st1,A,extraction,bcs,hbt_bcs,125,1,1,1p4k,1.4e3,0.000316228,3.162280e-04,,,
a_nx1_bcs_125c_rb1p4k_st1,A,extraction,bcs,hbt_bcs,125,1,1,1p4k,1.4e3,0.000421697,4.216970e-04,,,
a_nx1_bcs_125c_rb1p4k_st1,A,extraction,bcs,hbt_bcs,125,1,1,1p4k,1.4e3,0.000562341,5.623410e-04,7.02401,0.6062,0.000562338
a_nx1_bcs_125c_rb1p4k_st1,A,extraction,bcs,hbt_bcs,125,1,1,1p4k,1.4e3,0.000749894,7.498940e-04,5.39929,0.642563,0.000749891
a_nx1_bcs_125c_rb1p4k_st1,A,extraction,bcs,hbt_bcs,125,1,1,1p4k,1.4e3,0.001,1.000000e-03,4.58945,0.668223,0.000999996
a_nx1_bcs_125c_rb1p4k_st1,A,extraction,bcs,hbt_bcs,125,1,1,1p4k,1.4e3,0.00133352,1.333520e-03,4.0894,0.689577,0.00133351
a_nx1_bcs_125c_rb1p4k_st1,A,extraction,bcs,hbt_bcs,125,1,1,1p4k,1.4e3,0.00177828,1.778280e-03,3.74593,0.708989,0.00177826
a_nx1_bcs_125c_rb1p4k_st1,A,extraction,bcs,hbt_bcs,125,1,1,1p4k,1.4e3,0.00237137,2.371370e-03,3.49817,0.727425,0.0023713
a_nx1_bcs_125c_rb1p4k_st1,A,extraction,bcs,hbt_bcs,125,1,1,1p4k,1.4e3,0.00316228,3.162280e-03,3.31563,0.745223,0.003162
a_nx8_bcs_125c_rb14k_st1,A,extraction,bcs,hbt_bcs,125,8,1,14k,1.4e4,8E-10,1.000000e-10,32.9108,5.43519E-06,3.93243E-10
a_nx8_bcs_125c_rb14k_st1,A,extraction,bcs,hbt_bcs,125,8,1,14k,1.4e4,1.06682E-09,1.333525e-10,48.2862,8.95157E-06,6.44688E-10
a_nx8_bcs_125c_rb14k_st1,A,extraction,bcs,hbt_bcs,125,8,1,14k,1.4e4,1.42262E-09,1.778275e-10,66.7514,1.36692E-05,9.82014E-10
a_nx8_bcs_125c_rb14k_st1,A,extraction,bcs,hbt_bcs,125,8,1,14k,1.4e4,1.8971E-09,2.371375e-10,88.6328,1.99989E-05,1.43461E-09
a_nx8_bcs_125c_rb14k_st1,A,extraction,bcs,hbt_bcs,125,8,1,14k,1.4e4,2.52982E-09,3.162275e-10,113.933,2.84938E-05,2.04202E-09
a_nx8_bcs_125c_rb14k_st1,A,extraction,bcs,hbt_bcs,125,8,1,14k,1.4e4,3.37357E-09,4.216962e-10,142.223,3.98982E-05,2.85747E-09
a_nx8_bcs_125c_rb14k_st1,A,extraction,bcs,hbt_bcs,125,8,1,14k,1.4e4,4.49873E-09,5.623413e-10,172.572,5.52092E-05,3.95226E-09
a_nx8_bcs_125c_rb14k_st1,A,extraction,bcs,hbt_bcs,125,8,1,14k,1.4e4,5.99915E-09,7.498938e-10,203.623,7.57581E-05,5.42161E-09
a_nx8_bcs_125c_rb14k_st1,A,extraction,bcs,hbt_bcs,125,8,1,14k,1.4e4,8E-09,1.000000e-09,233.83,0.000103317,7.39223E-09
a_nx8_bcs_125c_rb14k_st1,A,extraction,bcs,hbt_bcs,125,8,1,14k,1.4e4,1.06682E-08,1.333525e-09,261.792,0.000140239,1.00324E-08
a_nx8_bcs_125c_rb14k_st1,A,extraction,bcs,hbt_bcs,125,8,1,14k,1.4e4,1.42262E-08,1.778275e-09,286.525,0.000189649,1.35656E-08
a_nx8_bcs_125c_rb14k_st1,A,extraction,bcs,hbt_bcs,125,8,1,14k,1.4e4,1.8971E-08,2.371375e-09,307.569,0.000255706,1.82893E-08
a_nx8_bcs_125c_rb14k_st1,A,extraction,bcs,hbt_bcs,125,8,1,14k,1.4e4,2.52982E-08,3.162275e-09,324.922,0.000343944,2.4599E-08
a_nx8_bcs_125c_rb14k_st1,A,extraction,bcs,hbt_bcs,125,8,1,14k,1.4e4,3.37357E-08,4.216963e-09,338.888,0.000461738,3.30223E-08
a_nx8_bcs_125c_rb14k_st1,A,extraction,bcs,hbt_bcs,125,8,1,14k,1.4e4,4.49873E-08,5.623413e-09,349.925,0.000618925,4.42626E-08
a_nx8_bcs_125c_rb14k_st1,A,extraction,bcs,hbt_bcs,125,8,1,14k,1.4e4,5.99915E-08,7.498937e-09,358.533,0.000828622,5.92579E-08
a_nx8_bcs_125c_rb14k_st1,A,extraction,bcs,hbt_bcs,125,8,1,14k,1.4e4,8E-08,1.000000e-08,365.182,0.00110833,7.92593E-08
a_nx8_bcs_125c_rb14k_st1,A,extraction,bcs,hbt_bcs,125,8,1,14k,1.4e4,1.06682E-07,1.333525e-08,370.287,0.00148137,1.05936E-07
a_nx8_bcs_125c_rb14k_st1,A,extraction,bcs,hbt_bcs,125,8,1,14k,1.4e4,1.42262E-07,1.778275e-08,374.193,0.00197887,1.41511E-07
a_nx8_bcs_125c_rb14k_st1,A,extraction,bcs,hbt_bcs,125,8,1,14k,1.4e4,1.8971E-07,2.371375e-08,377.18,0.00264233,1.88955E-07
a_nx8_bcs_125c_rb14k_st1,A,extraction,bcs,hbt_bcs,125,8,1,14k,1.4e4,2.52982E-07,3.162275e-08,379.471,0.00352709,2.52223E-07
a_nx8_bcs_125c_rb14k_st1,A,extraction,bcs,hbt_bcs,125,8,1,14k,1.4e4,3.37357E-07,4.216963e-08,381.244,0.00470696,3.36594E-07
a_nx8_bcs_125c_rb14k_st1,A,extraction,bcs,hbt_bcs,125,8,1,14k,1.4e4,4.49873E-07,5.623413e-08,382.641,0.00628035,4.49106E-07
a_nx8_bcs_125c_rb14k_st1,A,extraction,bcs,hbt_bcs,125,8,1,14k,1.4e4,5.99915E-07,7.498937e-08,383.774,0.00837851,5.99144E-07
a_nx8_bcs_125c_rb14k_st1,A,extraction,bcs,hbt_bcs,125,8,1,14k,1.4e4,8E-07,1.000000e-07,384.735,0.0111765,7.99223E-07
a_nx8_bcs_125c_rb14k_st1,A,extraction,bcs,hbt_bcs,125,8,1,14k,1.4e4,1.06682E-06,1.333525e-07,385.603,0.0149077,1.06604E-06
a_nx8_bcs_125c_rb14k_st1,A,extraction,bcs,hbt_bcs,125,8,1,14k,1.4e4,1.42262E-06,1.778275e-07,386.442,0.0198832,1.42183E-06
a_nx8_bcs_125c_rb14k_st1,A,extraction,bcs,hbt_bcs,125,8,1,14k,1.4e4,1.8971E-06,2.371375e-07,387.304,0.0265183,1.89629E-06
a_nx8_bcs_125c_rb14k_st1,A,extraction,bcs,hbt_bcs,125,8,1,14k,1.4e4,2.52982E-06,3.162275e-07,388.223,0.0353663,2.529E-06
a_nx8_bcs_125c_rb14k_st1,A,extraction,bcs,hbt_bcs,125,8,1,14k,1.4e4,3.37357E-06,4.216963e-07,389.196,0.0471653,3.37272E-06
a_nx8_bcs_125c_rb14k_st1,A,extraction,bcs,hbt_bcs,125,8,1,14k,1.4e4,4.49873E-06,5.623413e-07,390.143,0.0628996,4.49785E-06
a_nx8_bcs_125c_rb14k_st1,A,extraction,bcs,hbt_bcs,125,8,1,14k,1.4e4,5.99915E-06,7.498937e-07,390.751,0.0838816,5.99822E-06
a_nx8_bcs_125c_rb14k_st1,A,extraction,bcs,hbt_bcs,125,8,1,14k,1.4e4,8E-06,1.000000e-06,389.896,0.111861,7.99901E-06
a_nx8_bcs_125c_rb14k_st1,A,extraction,bcs,hbt_bcs,125,8,1,14k,1.4e4,1.06682E-05,1.333525e-06,383.118,0.14917,1.06671E-05
a_nx8_bcs_125c_rb14k_st1,A,extraction,bcs,hbt_bcs,125,8,1,14k,1.4e4,1.42262E-05,1.778275e-06,351.95,0.198903,1.4225E-05
a_nx8_bcs_125c_rb14k_st1,A,extraction,bcs,hbt_bcs,125,8,1,14k,1.4e4,1.8971E-05,2.371375e-06,247.401,0.265102,1.897E-05
a_nx8_bcs_125c_rb14k_st1,A,extraction,bcs,hbt_bcs,125,8,1,14k,1.4e4,2.52982E-05,3.162275e-06,87.2932,0.352168,2.52976E-05
a_nx8_bcs_125c_rb14k_st1,A,extraction,bcs,hbt_bcs,125,8,1,14k,1.4e4,3.37357E-05,4.216963e-06,17.7517,0.450743,3.37353E-05
a_nx8_bcs_125c_rb14k_st1,A,extraction,bcs,hbt_bcs,125,8,1,14k,1.4e4,4.49873E-05,5.623413e-06,7.95833,0.513015,4.49869E-05
a_nx8_bcs_125c_rb14k_st1,A,extraction,bcs,hbt_bcs,125,8,1,14k,1.4e4,5.99915E-05,7.498938e-06,5.71886,0.546309,5.99911E-05
a_nx8_bcs_125c_rb14k_st1,A,extraction,bcs,hbt_bcs,125,8,1,14k,1.4e4,8E-05,1.000000e-05,4.72458,0.568927,7.99996E-05
a_nx8_bcs_125c_rb14k_st1,A,extraction,bcs,hbt_bcs,125,8,1,14k,1.4e4,0.000106682,1.333525e-05,4.13227,0.586761,0.000106682
a_nx8_bcs_125c_rb14k_st1,A,extraction,bcs,hbt_bcs,125,8,1,14k,1.4e4,0.000142262,1.778275e-05,3.72358,0.602019,0.000142262
a_nx8_bcs_125c_rb14k_st1,A,extraction,bcs,hbt_bcs,125,8,1,14k,1.4e4,0.00018971,2.371375e-05,3.41667,0.615729,0.00018971
a_nx8_bcs_125c_rb14k_st1,A,extraction,bcs,hbt_bcs,125,8,1,14k,1.4e4,0.000252982,3.162275e-05,3.17356,0.628441,0.000252982
a_nx8_bcs_125c_rb14k_st1,A,extraction,bcs,hbt_bcs,125,8,1,14k,1.4e4,0.000337357,4.216962e-05,2.97402,0.640486,0.000337357
a_nx8_bcs_125c_rb14k_st1,A,extraction,bcs,hbt_bcs,125,8,1,14k,1.4e4,0.000449873,5.623412e-05,2.80621,0.652076,0.000449873
a_nx8_bcs_125c_rb14k_st1,A,extraction,bcs,hbt_bcs,125,8,1,14k,1.4e4,0.000599915,7.498938e-05,2.6627,0.663358,0.000599915
a_nx8_bcs_125c_rb14k_st1,A,extraction,bcs,hbt_bcs,125,8,1,14k,1.4e4,0.0008,1.000000e-04,2.53861,0.674444,0.000799999
a_nx8_bcs_125c_rb14k_st1,A,extraction,bcs,hbt_bcs,125,8,1,14k,1.4e4,0.00106682,1.333525e-04,2.43069,0.685421,0.00106682
a_nx8_bcs_125c_rb14k_st1,A,extraction,bcs,hbt_bcs,125,8,1,14k,1.4e4,0.00142262,1.778275e-04,2.33671,0.696369,0.00142262
a_nx8_bcs_125c_rb14k_st1,A,extraction,bcs,hbt_bcs,125,8,1,14k,1.4e4,0.0018971,2.371375e-04,2.25525,0.707364,0.0018971
a_nx8_bcs_125c_rb14k_st1,A,extraction,bcs,hbt_bcs,125,8,1,14k,1.4e4,0.00252982,3.162275e-04,2.18555,0.718482,0.00252982
a_nx8_bcs_125c_rb14k_st1,A,extraction,bcs,hbt_bcs,125,8,1,14k,1.4e4,0.00337357,4.216963e-04,2.12738,0.729807,0.00337357
a_nx8_bcs_125c_rb14k_st1,A,extraction,bcs,hbt_bcs,125,8,1,14k,1.4e4,0.00449873,5.623413e-04,2.08115,0.741422,0.00449873
a_nx8_bcs_125c_rb14k_st1,A,extraction,bcs,hbt_bcs,125,8,1,14k,1.4e4,0.00599915,7.498937e-04,2.04791,0.753406,0.00599915
a_nx8_bcs_125c_rb14k_st1,A,extraction,bcs,hbt_bcs,125,8,1,14k,1.4e4,0.008,1.000000e-03,2.02951,0.765814,0.008
a_nx8_bcs_125c_rb14k_st1,A,extraction,bcs,hbt_bcs,125,8,1,14k,1.4e4,0.0106682,1.333525e-03,2.02878,0.778641,0.0106682
a_nx8_bcs_125c_rb14k_st1,A,extraction,bcs,hbt_bcs,125,8,1,14k,1.4e4,0.0142262,1.778275e-03,2.04967,0.791745,0.0142262
a_nx8_bcs_125c_rb14k_st1,A,extraction,bcs,hbt_bcs,125,8,1,14k,1.4e4,0.018971,2.371375e-03,2.09711,0.804735,0.0189709
a_nx8_bcs_125c_rb14k_st1,A,extraction,bcs,hbt_bcs,125,8,1,14k,1.4e4,0.0252982,3.162275e-03,2.17518,0.816814,0.0252978
a_nx8_bcs_125c_rb1p4k_st1,A,extraction,bcs,hbt_bcs,125,8,1,1p4k,1.4e3,8E-10,1.000000e-10,32.9132,5.43515E-07,3.9324E-10
a_nx8_bcs_125c_rb1p4k_st1,A,extraction,bcs,hbt_bcs,125,8,1,1p4k,1.4e3,1.06682E-09,1.333525e-10,48.2916,8.95143E-07,6.44677E-10
a_nx8_bcs_125c_rb1p4k_st1,A,extraction,bcs,hbt_bcs,125,8,1,1p4k,1.4e3,1.42262E-09,1.778275e-10,66.7643,1.36691E-06,9.8201E-10
a_nx8_bcs_125c_rb1p4k_st1,A,extraction,bcs,hbt_bcs,125,8,1,1p4k,1.4e3,1.8971E-09,2.371375e-10,88.6574,1.99987E-06,1.43459E-09
a_nx8_bcs_125c_rb1p4k_st1,A,extraction,bcs,hbt_bcs,125,8,1,1p4k,1.4e3,2.52982E-09,3.162275e-10,113.977,2.84935E-06,2.04199E-09
a_nx8_bcs_125c_rb1p4k_st1,A,extraction,bcs,hbt_bcs,125,8,1,1p4k,1.4e3,3.37357E-09,4.216962e-10,142.294,3.98972E-06,2.85739E-09
a_nx8_bcs_125c_rb1p4k_st1,A,extraction,bcs,hbt_bcs,125,8,1,1p4k,1.4e3,4.49873E-09,5.623413e-10,172.682,5.52078E-06,3.95216E-09
a_nx8_bcs_125c_rb1p4k_st1,A,extraction,bcs,hbt_bcs,125,8,1,1p4k,1.4e3,5.99915E-09,7.498938e-10,203.781,7.5756E-06,5.42145E-09
a_nx8_bcs_125c_rb1p4k_st1,A,extraction,bcs,hbt_bcs,125,8,1,1p4k,1.4e3,8E-09,1.000000e-09,234.044,1.03314E-05,7.39202E-09
a_nx8_bcs_125c_rb1p4k_st1,A,extraction,bcs,hbt_bcs,125,8,1,1p4k,1.4e3,1.06682E-08,1.333525e-09,262.064,1.40235E-05,1.00321E-08
a_nx8_bcs_125c_rb1p4k_st1,A,extraction,bcs,hbt_bcs,125,8,1,1p4k,1.4e3,1.42262E-08,1.778275e-09,286.853,1.89644E-05,1.35653E-08
a_nx8_bcs_125c_rb1p4k_st1,A,extraction,bcs,hbt_bcs,125,8,1,1p4k,1.4e3,1.8971E-08,2.371375e-09,307.947,2.55702E-05,1.82889E-08
a_nx8_bcs_125c_rb1p4k_st1,A,extraction,bcs,hbt_bcs,125,8,1,1p4k,1.4e3,2.52982E-08,3.162275e-09,325.341,3.43938E-05,2.45985E-08
a_nx8_bcs_125c_rb1p4k_st1,A,extraction,bcs,hbt_bcs,125,8,1,1p4k,1.4e3,3.37357E-08,4.216963e-09,339.338,4.61732E-05,3.30219E-08
a_nx8_bcs_125c_rb1p4k_st1,A,extraction,bcs,hbt_bcs,125,8,1,1p4k,1.4e3,4.49873E-08,5.623413e-09,350.397,6.1892E-05,4.42622E-08
a_nx8_bcs_125c_rb1p4k_st1,A,extraction,bcs,hbt_bcs,125,8,1,1p4k,1.4e3,5.99915E-08,7.498937e-09,359.016,8.28617E-05,5.92574E-08
a_nx8_bcs_125c_rb1p4k_st1,A,extraction,bcs,hbt_bcs,125,8,1,1p4k,1.4e3,8E-08,1.000000e-08,365.668,0.000110832,7.92588E-08
a_nx8_bcs_125c_rb1p4k_st1,A,extraction,bcs,hbt_bcs,125,8,1,1p4k,1.4e3,1.06682E-07,1.333525e-08,370.764,0.000148137,1.05935E-07
a_nx8_bcs_125c_rb1p4k_st1,A,extraction,bcs,hbt_bcs,125,8,1,1p4k,1.4e3,1.42262E-07,1.778275e-08,374.65,0.000197886,1.4151E-07
a_nx8_bcs_125c_rb1p4k_st1,A,extraction,bcs,hbt_bcs,125,8,1,1p4k,1.4e3,1.8971E-07,2.371375e-08,377.604,0.000264233,1.88954E-07
a_nx8_bcs_125c_rb1p4k_st1,A,extraction,bcs,hbt_bcs,125,8,1,1p4k,1.4e3,2.52982E-07,3.162275e-08,379.847,0.000352709,2.52223E-07
a_nx8_bcs_125c_rb1p4k_st1,A,extraction,bcs,hbt_bcs,125,8,1,1p4k,1.4e3,3.37357E-07,4.216963e-08,381.554,0.000470696,3.36594E-07
a_nx8_bcs_125c_rb1p4k_st1,A,extraction,bcs,hbt_bcs,125,8,1,1p4k,1.4e3,4.49873E-07,5.623413e-08,382.86,0.000628035,4.49106E-07
a_nx8_bcs_125c_rb1p4k_st1,A,extraction,bcs,hbt_bcs,125,8,1,1p4k,1.4e3,5.99915E-07,7.498937e-08,383.874,0.000837851,5.99144E-07
a_nx8_bcs_125c_rb1p4k_st1,A,extraction,bcs,hbt_bcs,125,8,1,1p4k,1.4e3,8E-07,1.000000e-07,384.683,0.00111765,7.99223E-07
a_nx8_bcs_125c_rb1p4k_st1,A,extraction,bcs,hbt_bcs,125,8,1,1p4k,1.4e3,1.06682E-06,1.333525e-07,385.363,0.00149077,1.06604E-06
a_nx8_bcs_125c_rb1p4k_st1,A,extraction,bcs,hbt_bcs,125,8,1,1p4k,1.4e3,1.42262E-06,1.778275e-07,385.98,0.00198831,1.42183E-06
a_nx8_bcs_125c_rb1p4k_st1,A,extraction,bcs,hbt_bcs,125,8,1,1p4k,1.4e3,1.8971E-06,2.371375e-07,386.593,0.00265182,1.89629E-06
a_nx8_bcs_125c_rb1p4k_st1,A,extraction,bcs,hbt_bcs,125,8,1,1p4k,1.4e3,2.52982E-06,3.162275e-07,387.257,0.00353662,2.529E-06
a_nx8_bcs_125c_rb1p4k_st1,A,extraction,bcs,hbt_bcs,125,8,1,1p4k,1.4e3,3.37357E-06,4.216963e-07,388.013,0.00471652,3.37272E-06
a_nx8_bcs_125c_rb1p4k_st1,A,extraction,bcs,hbt_bcs,125,8,1,1p4k,1.4e3,4.49873E-06,5.623413e-07,388.891,0.00628994,4.49785E-06
a_nx8_bcs_125c_rb1p4k_st1,A,extraction,bcs,hbt_bcs,125,8,1,1p4k,1.4e3,5.99915E-06,7.498937e-07,389.907,0.00838814,5.99823E-06
a_nx8_bcs_125c_rb1p4k_st1,A,extraction,bcs,hbt_bcs,125,8,1,1p4k,1.4e3,8E-06,1.000000e-06,391.071,0.0111861,7.99901E-06
a_nx8_bcs_125c_rb1p4k_st1,A,extraction,bcs,hbt_bcs,125,8,1,1p4k,1.4e3,1.06682E-05,1.333525e-06,392.394,0.0149174,1.06671E-05
a_nx8_bcs_125c_rb1p4k_st1,A,extraction,bcs,hbt_bcs,125,8,1,1p4k,1.4e3,1.42262E-05,1.778275e-06,393.888,0.0198929,1.42249E-05
a_nx8_bcs_125c_rb1p4k_st1,A,extraction,bcs,hbt_bcs,125,8,1,1p4k,1.4e3,1.8971E-05,2.371375e-06,395.573,0.026528,1.89694E-05
a_nx8_bcs_125c_rb1p4k_st1,A,extraction,bcs,hbt_bcs,125,8,1,1p4k,1.4e3,2.52982E-05,3.162275e-06,397.467,0.0353759,2.52961E-05
a_nx8_bcs_125c_rb1p4k_st1,A,extraction,bcs,hbt_bcs,125,8,1,1p4k,1.4e3,3.37357E-05,4.216963e-06,399.549,0.0471743,3.37326E-05
a_nx8_bcs_125c_rb1p4k_st1,A,extraction,bcs,hbt_bcs,125,8,1,1p4k,1.4e3,4.49873E-05,5.623413e-06,401.581,0.0629065,4.49818E-05
a_nx8_bcs_125c_rb1p4k_st1,A,extraction,bcs,hbt_bcs,125,8,1,1p4k,1.4e3,5.99915E-05,7.498938e-06,402.263,0.0838811,5.99797E-05
a_nx8_bcs_125c_rb1p4k_st1,A,extraction,bcs,hbt_bcs,125,8,1,1p4k,1.4e3,8E-05,1.000000e-05,395.195,0.111836,7.99705E-05
a_nx8_bcs_125c_rb1p4k_st1,A,extraction,bcs,hbt_bcs,125,8,1,1p4k,1.4e3,0.000106682,1.333525e-05,,,
a_nx8_bcs_125c_rb1p4k_st1,A,extraction,bcs,hbt_bcs,125,8,1,1p4k,1.4e3,0.000142262,1.778275e-05,,,
a_nx8_bcs_125c_rb1p4k_st1,A,extraction,bcs,hbt_bcs,125,8,1,1p4k,1.4e3,0.00018971,2.371375e-05,,,
a_nx8_bcs_125c_rb1p4k_st1,A,extraction,bcs,hbt_bcs,125,8,1,1p4k,1.4e3,0.000252982,3.162275e-05,,,
a_nx8_bcs_125c_rb1p4k_st1,A,extraction,bcs,hbt_bcs,125,8,1,1p4k,1.4e3,0.000337357,4.216962e-05,,,
a_nx8_bcs_125c_rb1p4k_st1,A,extraction,bcs,hbt_bcs,125,8,1,1p4k,1.4e3,0.000449873,5.623412e-05,10.6185,0.561405,0.000449872
a_nx8_bcs_125c_rb1p4k_st1,A,extraction,bcs,hbt_bcs,125,8,1,1p4k,1.4e3,0.000599915,7.498938e-05,6.5314,0.608391,0.000599914
a_nx8_bcs_125c_rb1p4k_st1,A,extraction,bcs,hbt_bcs,125,8,1,1p4k,1.4e3,0.0008,1.000000e-04,5.15161,0.635576,0.000799999
a_nx8_bcs_125c_rb1p4k_st1,A,extraction,bcs,hbt_bcs,125,8,1,1p4k,1.4e3,0.00106682,1.333525e-04,4.42096,0.655408,0.00106682
a_nx8_bcs_125c_rb1p4k_st1,A,extraction,bcs,hbt_bcs,125,8,1,1p4k,1.4e3,0.00142262,1.778275e-04,3.94687,0.671722,0.00142262
a_nx8_bcs_125c_rb1p4k_st1,A,extraction,bcs,hbt_bcs,125,8,1,1p4k,1.4e3,0.0018971,2.371375e-04,3.60429,0.686105,0.0018971
a_nx8_bcs_125c_rb1p4k_st1,A,extraction,bcs,hbt_bcs,125,8,1,1p4k,1.4e3,0.00252982,3.162275e-04,3.34077,0.699368,0.00252982
a_nx8_bcs_125c_rb1p4k_st1,A,extraction,bcs,hbt_bcs,125,8,1,1p4k,1.4e3,0.00337357,4.216963e-04,3.13036,0.711995,0.00337357
a_nx8_bcs_125c_rb1p4k_st1,A,extraction,bcs,hbt_bcs,125,8,1,1p4k,1.4e3,0.00449873,5.623413e-04,2.95898,0.724315,0.00449873
a_nx8_bcs_125c_rb1p4k_st1,A,extraction,bcs,hbt_bcs,125,8,1,1p4k,1.4e3,0.00599915,7.498937e-04,2.81868,0.736563,0.00599915
a_nx8_bcs_125c_rb1p4k_st1,A,extraction,bcs,hbt_bcs,125,8,1,1p4k,1.4e3,0.008,1.000000e-03,2.7051,0.748911,0.00799999
a_nx8_bcs_125c_rb1p4k_st1,A,extraction,bcs,hbt_bcs,125,8,1,1p4k,1.4e3,0.0106682,1.333525e-03,2.61636,0.761456,0.0106682
a_nx8_bcs_125c_rb1p4k_st1,A,extraction,bcs,hbt_bcs,125,8,1,1p4k,1.4e3,0.0142262,1.778275e-03,2.55245,0.774184,0.0142262
a_nx8_bcs_125c_rb1p4k_st1,A,extraction,bcs,hbt_bcs,125,8,1,1p4k,1.4e3,0.018971,2.371375e-03,2.51473,0.786888,0.0189708
a_nx8_bcs_125c_rb1p4k_st1,A,extraction,bcs,hbt_bcs,125,8,1,1p4k,1.4e3,0.0252982,3.162275e-03,2.50345,0.799105,0.0252973
a_nx1_wcs_-40c_rb14k_st1,A,extraction,wcs,hbt_wcs,-40,1,1,14k,1.4e4,1E-10,1.000000e-10,33.3332,9.3333E-07,6.66665E-11
a_nx1_wcs_-40c_rb14k_st1,A,extraction,wcs,hbt_wcs,-40,1,1,14k,1.4e4,1.33352E-10,1.333520e-10,44.4505,1.24461E-06,8.8901E-11
a_nx1_wcs_-40c_rb14k_st1,A,extraction,wcs,hbt_wcs,-40,1,1,14k,1.4e4,1.77828E-10,1.778280e-10,59.2759,1.65973E-06,1.18552E-10
a_nx1_wcs_-40c_rb14k_st1,A,extraction,wcs,hbt_wcs,-40,1,1,14k,1.4e4,2.37137E-10,2.371370e-10,79.0458,2.21328E-06,1.58092E-10
a_nx1_wcs_-40c_rb14k_st1,A,extraction,wcs,hbt_wcs,-40,1,1,14k,1.4e4,3.16228E-10,3.162280e-10,105.409,2.95145E-06,2.10818E-10
a_nx1_wcs_-40c_rb14k_st1,A,extraction,wcs,hbt_wcs,-40,1,1,14k,1.4e4,4.21697E-10,4.216970e-10,140.565,3.93582E-06,2.8113E-10
a_nx1_wcs_-40c_rb14k_st1,A,extraction,wcs,hbt_wcs,-40,1,1,14k,1.4e4,5.62341E-10,5.623410e-10,187.447,5.24851E-06,3.74893E-10
a_nx1_wcs_-40c_rb14k_st1,A,extraction,wcs,hbt_wcs,-40,1,1,14k,1.4e4,7.49894E-10,7.498940e-10,249.964,6.999E-06,4.99929E-10
a_nx1_wcs_-40c_rb14k_st1,A,extraction,wcs,hbt_wcs,-40,1,1,14k,1.4e4,1E-09,1.000000e-09,333.333,9.33332E-06,6.66666E-10
a_nx1_wcs_-40c_rb14k_st1,A,extraction,wcs,hbt_wcs,-40,1,1,14k,1.4e4,1.33352E-09,1.333520e-09,444.506,1.24462E-05,8.89012E-10
a_nx1_wcs_-40c_rb14k_st1,A,extraction,wcs,hbt_wcs,-40,1,1,14k,1.4e4,1.77828E-09,1.778280e-09,592.759,1.65973E-05,1.18552E-09
a_nx1_wcs_-40c_rb14k_st1,A,extraction,wcs,hbt_wcs,-40,1,1,14k,1.4e4,2.37137E-09,2.371370e-09,790.456,2.21328E-05,1.58091E-09
a_nx1_wcs_-40c_rb14k_st1,A,extraction,wcs,hbt_wcs,-40,1,1,14k,1.4e4,3.16228E-09,3.162280e-09,1054.1,2.95147E-05,2.10819E-09
a_nx1_wcs_-40c_rb14k_st1,A,extraction,wcs,hbt_wcs,-40,1,1,14k,1.4e4,4.21697E-09,4.216970e-09,1405.65,3.93582E-05,2.8113E-09
a_nx1_wcs_-40c_rb14k_st1,A,extraction,wcs,hbt_wcs,-40,1,1,14k,1.4e4,5.62341E-09,5.623410e-09,1874.46,5.2485E-05,3.74893E-09
a_nx1_wcs_-40c_rb14k_st1,A,extraction,wcs,hbt_wcs,-40,1,1,14k,1.4e4,7.49894E-09,7.498940e-09,2499.63,6.99897E-05,4.99927E-09
a_nx1_wcs_-40c_rb14k_st1,A,extraction,wcs,hbt_wcs,-40,1,1,14k,1.4e4,1E-08,1.000000e-08,3333.34,9.33337E-05,6.66669E-09
a_nx1_wcs_-40c_rb14k_st1,A,extraction,wcs,hbt_wcs,-40,1,1,14k,1.4e4,1.33352E-08,1.333520e-08,4445.08,0.000124462,8.89017E-09
a_nx1_wcs_-40c_rb14k_st1,A,extraction,wcs,hbt_wcs,-40,1,1,14k,1.4e4,1.77828E-08,1.778280e-08,5927.6,0.000165973,1.18552E-08
a_nx1_wcs_-40c_rb14k_st1,A,extraction,wcs,hbt_wcs,-40,1,1,14k,1.4e4,2.37137E-08,2.371370e-08,7904.54,0.000221327,1.58091E-08
a_nx1_wcs_-40c_rb14k_st1,A,extraction,wcs,hbt_wcs,-40,1,1,14k,1.4e4,3.16228E-08,3.162280e-08,10540.9,0.000295146,2.10819E-08
a_nx1_wcs_-40c_rb14k_st1,A,extraction,wcs,hbt_wcs,-40,1,1,14k,1.4e4,4.21697E-08,4.216970e-08,14056.5,0.000393583,2.81131E-08
a_nx1_wcs_-40c_rb14k_st1,A,extraction,wcs,hbt_wcs,-40,1,1,14k,1.4e4,5.62341E-08,5.623410e-08,18744.6,0.00052485,3.74893E-08
a_nx1_wcs_-40c_rb14k_st1,A,extraction,wcs,hbt_wcs,-40,1,1,14k,1.4e4,7.49894E-08,7.498940e-08,24996.4,0.000699901,4.9993E-08
a_nx1_wcs_-40c_rb14k_st1,A,extraction,wcs,hbt_wcs,-40,1,1,14k,1.4e4,1E-07,1.000000e-07,33333.3,0.000933335,6.66668E-08
a_nx1_wcs_-40c_rb14k_st1,A,extraction,wcs,hbt_wcs,-40,1,1,14k,1.4e4,1.33352E-07,1.333520e-07,44450.5,0.00124462,8.89015E-08
a_nx1_wcs_-40c_rb14k_st1,A,extraction,wcs,hbt_wcs,-40,1,1,14k,1.4e4,1.77828E-07,1.778280e-07,59275.8,0.00165974,1.18553E-07
a_nx1_wcs_-40c_rb14k_st1,A,extraction,wcs,hbt_wcs,-40,1,1,14k,1.4e4,2.37137E-07,2.371370e-07,79044.6,0.0022133,1.58093E-07
a_nx1_wcs_-40c_rb14k_st1,A,extraction,wcs,hbt_wcs,-40,1,1,14k,1.4e4,3.16228E-07,3.162280e-07,105403,0.00295153,2.10823E-07
a_nx1_wcs_-40c_rb14k_st1,A,extraction,wcs,hbt_wcs,-40,1,1,14k,1.4e4,4.21697E-07,4.216970e-07,140524,0.00393643,2.81173E-07
a_nx1_wcs_-40c_rb14k_st1,A,extraction,wcs,hbt_wcs,-40,1,1,14k,1.4e4,5.62341E-07,5.623410e-07,170698,-0.00329669,-2.35468E-07
a_nx1_wcs_-40c_rb14k_st1,A,extraction,wcs,hbt_wcs,-40,1,1,14k,1.4e4,7.49894E-07,7.498940e-07,50388.2,0.00636972,4.55014E-07
a_nx1_wcs_-40c_rb14k_st1,A,extraction,wcs,hbt_wcs,-40,1,1,14k,1.4e4,1E-06,1.000000e-06,,,
a_nx1_wcs_-40c_rb14k_st1,A,extraction,wcs,hbt_wcs,-40,1,1,14k,1.4e4,1.33352E-06,1.333520e-06,388.067,0.0186425,1.33313E-06
a_nx1_wcs_-40c_rb14k_st1,A,extraction,wcs,hbt_wcs,-40,1,1,14k,1.4e4,1.77828E-06,1.778280e-06,388.899,0.0248621,1.77789E-06
a_nx1_wcs_-40c_rb14k_st1,A,extraction,wcs,hbt_wcs,-40,1,1,14k,1.4e4,2.37137E-06,2.371370e-06,389.715,0.033156,2.37098E-06
a_nx1_wcs_-40c_rb14k_st1,A,extraction,wcs,hbt_wcs,-40,1,1,14k,1.4e4,3.16228E-06,3.162280e-06,390.514,0.0442163,3.16189E-06
a_nx1_wcs_-40c_rb14k_st1,A,extraction,wcs,hbt_wcs,-40,1,1,14k,1.4e4,4.21697E-06,4.216970e-06,391.298,0.0589654,4.21658E-06
a_nx1_wcs_-40c_rb14k_st1,A,extraction,wcs,hbt_wcs,-40,1,1,14k,1.4e4,5.62341E-06,5.623410e-06,392.07,0.0786335,5.62302E-06
a_nx1_wcs_-40c_rb14k_st1,A,extraction,wcs,hbt_wcs,-40,1,1,14k,1.4e4,7.49894E-06,7.498940e-06,392.84,0.104862,7.49855E-06
a_nx1_wcs_-40c_rb14k_st1,A,extraction,wcs,hbt_wcs,-40,1,1,14k,1.4e4,1E-05,1.000000e-05,393.624,0.139838,9.99961E-06
a_nx1_wcs_-40c_rb14k_st1,A,extraction,wcs,hbt_wcs,-40,1,1,14k,1.4e4,1.33352E-05,1.333520e-05,394.399,0.186479,1.33348E-05
a_nx1_wcs_-40c_rb14k_st1,A,extraction,wcs,hbt_wcs,-40,1,1,14k,1.4e4,1.77828E-05,1.778280e-05,394.803,0.248677,1.77824E-05
a_nx1_wcs_-40c_rb14k_st1,A,extraction,wcs,hbt_wcs,-40,1,1,14k,1.4e4,2.37137E-05,2.371370e-05,390.16,0.331614,2.37133E-05
a_nx1_wcs_-40c_rb14k_st1,A,extraction,wcs,hbt_wcs,-40,1,1,14k,1.4e4,3.16228E-05,3.162280e-05,,,
a_nx1_wcs_-40c_rb14k_st1,A,extraction,wcs,hbt_wcs,-40,1,1,14k,1.4e4,4.21697E-05,4.216970e-05,,,
a_nx1_wcs_-40c_rb14k_st1,A,extraction,wcs,hbt_wcs,-40,1,1,14k,1.4e4,5.62341E-05,5.623410e-05,,,
a_nx1_wcs_-40c_rb14k_st1,A,extraction,wcs,hbt_wcs,-40,1,1,14k,1.4e4,7.49894E-05,7.498940e-05,8.69536,0.807637,7.49894E-05
a_nx1_wcs_-40c_rb14k_st1,A,extraction,wcs,hbt_wcs,-40,1,1,14k,1.4e4,0.0001,1.000000e-04,6.52361,0.826948,0.0001
a_nx1_wcs_-40c_rb14k_st1,A,extraction,wcs,hbt_wcs,-40,1,1,14k,1.4e4,0.000133352,1.333520e-04,5.51309,0.839887,0.000133352
a_nx1_wcs_-40c_rb14k_st1,A,extraction,wcs,hbt_wcs,-40,1,1,14k,1.4e4,0.000177828,1.778280e-04,4.88156,0.850467,0.000177828
a_nx1_wcs_-40c_rb14k_st1,A,extraction,wcs,hbt_wcs,-40,1,1,14k,1.4e4,0.000237137,2.371370e-04,4.43035,0.860054,0.000237137
a_nx1_wcs_-40c_rb14k_st1,A,extraction,wcs,hbt_wcs,-40,1,1,14k,1.4e4,0.000316228,3.162280e-04,4.08348,0.869343,0.000316228
a_nx1_wcs_-40c_rb14k_st1,A,extraction,wcs,hbt_wcs,-40,1,1,14k,1.4e4,0.000421697,4.216970e-04,3.80522,0.878805,0.000421697
a_nx1_wcs_-40c_rb14k_st1,A,extraction,wcs,hbt_wcs,-40,1,1,14k,1.4e4,0.000562341,5.623410e-04,3.57666,0.888832,0.000562341
a_nx1_wcs_-40c_rb14k_st1,A,extraction,wcs,hbt_wcs,-40,1,1,14k,1.4e4,0.000749894,7.498940e-04,3.38723,0.899804,0.000749894
a_nx1_wcs_-40c_rb14k_st1,A,extraction,wcs,hbt_wcs,-40,1,1,14k,1.4e4,0.001,1.000000e-03,3.23118,0.912108,0.001
a_nx1_wcs_-40c_rb14k_st1,A,extraction,wcs,hbt_wcs,-40,1,1,14k,1.4e4,0.00133352,1.333520e-03,3.10597,0.926135,0.00133352
a_nx1_wcs_-40c_rb14k_st1,A,extraction,wcs,hbt_wcs,-40,1,1,14k,1.4e4,0.00177828,1.778280e-03,3.01153,0.942236,0.00177828
a_nx1_wcs_-40c_rb14k_st1,A,extraction,wcs,hbt_wcs,-40,1,1,14k,1.4e4,0.00237137,2.371370e-03,2.95015,0.960628,0.00237137
a_nx1_wcs_-40c_rb14k_st1,A,extraction,wcs,hbt_wcs,-40,1,1,14k,1.4e4,0.00316228,3.162280e-03,2.92636,0.981192,0.00316228
a_nx1_wcs_-40c_rb1p4k_st1,A,extraction,wcs,hbt_wcs,-40,1,1,1p4k,1.4e3,1E-10,1.000000e-10,33.3332,9.3333E-08,6.66665E-11
a_nx1_wcs_-40c_rb1p4k_st1,A,extraction,wcs,hbt_wcs,-40,1,1,1p4k,1.4e3,1.33352E-10,1.333520e-10,44.4505,1.24461E-07,8.8901E-11
a_nx1_wcs_-40c_rb1p4k_st1,A,extraction,wcs,hbt_wcs,-40,1,1,1p4k,1.4e3,1.77828E-10,1.778280e-10,59.2759,1.65973E-07,1.18552E-10
a_nx1_wcs_-40c_rb1p4k_st1,A,extraction,wcs,hbt_wcs,-40,1,1,1p4k,1.4e3,2.37137E-10,2.371370e-10,79.0458,2.21328E-07,1.58092E-10
a_nx1_wcs_-40c_rb1p4k_st1,A,extraction,wcs,hbt_wcs,-40,1,1,1p4k,1.4e3,3.16228E-10,3.162280e-10,105.409,2.95144E-07,2.10817E-10
a_nx1_wcs_-40c_rb1p4k_st1,A,extraction,wcs,hbt_wcs,-40,1,1,1p4k,1.4e3,4.21697E-10,4.216970e-10,140.565,3.93582E-07,2.8113E-10
a_nx1_wcs_-40c_rb1p4k_st1,A,extraction,wcs,hbt_wcs,-40,1,1,1p4k,1.4e3,5.62341E-10,5.623410e-10,187.447,5.24851E-07,3.74893E-10
a_nx1_wcs_-40c_rb1p4k_st1,A,extraction,wcs,hbt_wcs,-40,1,1,1p4k,1.4e3,7.49894E-10,7.498940e-10,249.963,6.99897E-07,4.99927E-10
a_nx1_wcs_-40c_rb1p4k_st1,A,extraction,wcs,hbt_wcs,-40,1,1,1p4k,1.4e3,1E-09,1.000000e-09,333.333,9.33332E-07,6.66666E-10
a_nx1_wcs_-40c_rb1p4k_st1,A,extraction,wcs,hbt_wcs,-40,1,1,1p4k,1.4e3,1.33352E-09,1.333520e-09,444.506,1.24462E-06,8.89012E-10
a_nx1_wcs_-40c_rb1p4k_st1,A,extraction,wcs,hbt_wcs,-40,1,1,1p4k,1.4e3,1.77828E-09,1.778280e-09,592.759,1.65973E-06,1.18552E-09
a_nx1_wcs_-40c_rb1p4k_st1,A,extraction,wcs,hbt_wcs,-40,1,1,1p4k,1.4e3,2.37137E-09,2.371370e-09,790.456,2.21328E-06,1.58091E-09
a_nx1_wcs_-40c_rb1p4k_st1,A,extraction,wcs,hbt_wcs,-40,1,1,1p4k,1.4e3,3.16228E-09,3.162280e-09,1054.09,2.95145E-06,2.10818E-09
a_nx1_wcs_-40c_rb1p4k_st1,A,extraction,wcs,hbt_wcs,-40,1,1,1p4k,1.4e3,4.21697E-09,4.216970e-09,1405.65,3.93582E-06,2.8113E-09
a_nx1_wcs_-40c_rb1p4k_st1,A,extraction,wcs,hbt_wcs,-40,1,1,1p4k,1.4e3,5.62341E-09,5.623410e-09,1874.47,5.24853E-06,3.74895E-09
a_nx1_wcs_-40c_rb1p4k_st1,A,extraction,wcs,hbt_wcs,-40,1,1,1p4k,1.4e3,7.49894E-09,7.498940e-09,2499.64,6.999E-06,4.99929E-09
a_nx1_wcs_-40c_rb1p4k_st1,A,extraction,wcs,hbt_wcs,-40,1,1,1p4k,1.4e3,1E-08,1.000000e-08,3333.33,9.33331E-06,6.66665E-09
a_nx1_wcs_-40c_rb1p4k_st1,A,extraction,wcs,hbt_wcs,-40,1,1,1p4k,1.4e3,1.33352E-08,1.333520e-08,4445.06,1.24462E-05,8.89013E-09
a_nx1_wcs_-40c_rb1p4k_st1,A,extraction,wcs,hbt_wcs,-40,1,1,1p4k,1.4e3,1.77828E-08,1.778280e-08,5927.63,1.65974E-05,1.18553E-08
a_nx1_wcs_-40c_rb1p4k_st1,A,extraction,wcs,hbt_wcs,-40,1,1,1p4k,1.4e3,2.37137E-08,2.371370e-08,7904.57,2.21328E-05,1.58092E-08
a_nx1_wcs_-40c_rb1p4k_st1,A,extraction,wcs,hbt_wcs,-40,1,1,1p4k,1.4e3,3.16228E-08,3.162280e-08,10540.9,2.95146E-05,2.10819E-08
a_nx1_wcs_-40c_rb1p4k_st1,A,extraction,wcs,hbt_wcs,-40,1,1,1p4k,1.4e3,4.21697E-08,4.216970e-08,14056.5,3.93583E-05,2.81131E-08
a_nx1_wcs_-40c_rb1p4k_st1,A,extraction,wcs,hbt_wcs,-40,1,1,1p4k,1.4e3,5.62341E-08,5.623410e-08,18744.8,5.24855E-05,3.74896E-08
a_nx1_wcs_-40c_rb1p4k_st1,A,extraction,wcs,hbt_wcs,-40,1,1,1p4k,1.4e3,7.49894E-08,7.498940e-08,24996.5,6.99902E-05,4.99931E-08
a_nx1_wcs_-40c_rb1p4k_st1,A,extraction,wcs,hbt_wcs,-40,1,1,1p4k,1.4e3,1E-07,1.000000e-07,33333.3,9.33335E-05,6.66668E-08
a_nx1_wcs_-40c_rb1p4k_st1,A,extraction,wcs,hbt_wcs,-40,1,1,1p4k,1.4e3,1.33352E-07,1.333520e-07,44450.3,0.000124461,8.8901E-08
a_nx1_wcs_-40c_rb1p4k_st1,A,extraction,wcs,hbt_wcs,-40,1,1,1p4k,1.4e3,1.77828E-07,1.778280e-07,59275.5,0.000165973,1.18552E-07
a_nx1_wcs_-40c_rb1p4k_st1,A,extraction,wcs,hbt_wcs,-40,1,1,1p4k,1.4e3,2.37137E-07,2.371370e-07,79044.4,0.000221329,1.58092E-07
a_nx1_wcs_-40c_rb1p4k_st1,A,extraction,wcs,hbt_wcs,-40,1,1,1p4k,1.4e3,3.16228E-07,3.162280e-07,105404,0.000295153,2.10823E-07
a_nx1_wcs_-40c_rb1p4k_st1,A,extraction,wcs,hbt_wcs,-40,1,1,1p4k,1.4e3,4.21697E-07,4.216970e-07,140530,0.000393632,2.81166E-07
a_nx1_wcs_-40c_rb1p4k_st1,A,extraction,wcs,hbt_wcs,-40,1,1,1p4k,1.4e3,5.62341E-07,5.623410e-07,174364,-0.000352452,-2.5175E-07
a_nx1_wcs_-40c_rb1p4k_st1,A,extraction,wcs,hbt_wcs,-40,1,1,1p4k,1.4e3,7.49894E-07,7.498940e-07,176191,-0.000124224,-8.87311E-08
a_nx1_wcs_-40c_rb1p4k_st1,A,extraction,wcs,hbt_wcs,-40,1,1,1p4k,1.4e3,1E-06,1.000000e-06,,,
a_nx1_wcs_-40c_rb1p4k_st1,A,extraction,wcs,hbt_wcs,-40,1,1,1p4k,1.4e3,1.33352E-06,1.333520e-06,388.009,0.00186425,1.33313E-06
a_nx1_wcs_-40c_rb1p4k_st1,A,extraction,wcs,hbt_wcs,-40,1,1,1p4k,1.4e3,1.77828E-06,1.778280e-06,388.822,0.00248621,1.77789E-06
a_nx1_wcs_-40c_rb1p4k_st1,A,extraction,wcs,hbt_wcs,-40,1,1,1p4k,1.4e3,2.37137E-06,2.371370e-06,389.614,0.0033156,2.37098E-06
a_nx1_wcs_-40c_rb1p4k_st1,A,extraction,wcs,hbt_wcs,-40,1,1,1p4k,1.4e3,3.16228E-06,3.162280e-06,390.382,0.00442163,3.16189E-06
a_nx1_wcs_-40c_rb1p4k_st1,A,extraction,wcs,hbt_wcs,-40,1,1,1p4k,1.4e3,4.21697E-06,4.216970e-06,391.126,0.00589653,4.21658E-06
a_nx1_wcs_-40c_rb1p4k_st1,A,extraction,wcs,hbt_wcs,-40,1,1,1p4k,1.4e3,5.62341E-06,5.623410e-06,391.847,0.00786335,5.62302E-06
a_nx1_wcs_-40c_rb1p4k_st1,A,extraction,wcs,hbt_wcs,-40,1,1,1p4k,1.4e3,7.49894E-06,7.498940e-06,392.56,0.0104862,7.49855E-06
a_nx1_wcs_-40c_rb1p4k_st1,A,extraction,wcs,hbt_wcs,-40,1,1,1p4k,1.4e3,1E-05,1.000000e-05,393.297,0.0139838,9.99961E-06
a_nx1_wcs_-40c_rb1p4k_st1,A,extraction,wcs,hbt_wcs,-40,1,1,1p4k,1.4e3,1.33352E-05,1.333520e-05,394.129,0.0186479,1.33348E-05
a_nx1_wcs_-40c_rb1p4k_st1,A,extraction,wcs,hbt_wcs,-40,1,1,1p4k,1.4e3,1.77828E-05,1.778280e-05,395.205,0.0248677,1.77824E-05
a_nx1_wcs_-40c_rb1p4k_st1,A,extraction,wcs,hbt_wcs,-40,1,1,1p4k,1.4e3,2.37137E-05,2.371370e-05,396.848,0.033162,2.37133E-05
a_nx1_wcs_-40c_rb1p4k_st1,A,extraction,wcs,hbt_wcs,-40,1,1,1p4k,1.4e3,3.16228E-05,3.162280e-05,399.769,0.0442231,3.16224E-05
a_nx1_wcs_-40c_rb1p4k_st1,A,extraction,wcs,hbt_wcs,-40,1,1,1p4k,1.4e3,4.21697E-05,4.216970e-05,405.412,0.0589726,4.21683E-05
a_nx1_wcs_-40c_rb1p4k_st1,A,extraction,wcs,hbt_wcs,-40,1,1,1p4k,1.4e3,5.62341E-05,5.623410e-05,406.904,0.0785208,5.61456E-05
a_nx1_wcs_-40c_rb1p4k_st1,A,extraction,wcs,hbt_wcs,-40,1,1,1p4k,1.4e3,7.49894E-05,7.498940e-05,,,
a_nx1_wcs_-40c_rb1p4k_st1,A,extraction,wcs,hbt_wcs,-40,1,1,1p4k,1.4e3,0.0001,1.000000e-04,,,
a_nx1_wcs_-40c_rb1p4k_st1,A,extraction,wcs,hbt_wcs,-40,1,1,1p4k,1.4e3,0.000133352,1.333520e-04,,,
a_nx1_wcs_-40c_rb1p4k_st1,A,extraction,wcs,hbt_wcs,-40,1,1,1p4k,1.4e3,0.000177828,1.778280e-04,,,
a_nx1_wcs_-40c_rb1p4k_st1,A,extraction,wcs,hbt_wcs,-40,1,1,1p4k,1.4e3,0.000237137,2.371370e-04,,,
a_nx1_wcs_-40c_rb1p4k_st1,A,extraction,wcs,hbt_wcs,-40,1,1,1p4k,1.4e3,0.000316228,3.162280e-04,,,
a_nx1_wcs_-40c_rb1p4k_st1,A,extraction,wcs,hbt_wcs,-40,1,1,1p4k,1.4e3,0.000421697,4.216970e-04,,,
a_nx1_wcs_-40c_rb1p4k_st1,A,extraction,wcs,hbt_wcs,-40,1,1,1p4k,1.4e3,0.000562341,5.623410e-04,,,
a_nx1_wcs_-40c_rb1p4k_st1,A,extraction,wcs,hbt_wcs,-40,1,1,1p4k,1.4e3,0.000749894,7.498940e-04,,,
a_nx1_wcs_-40c_rb1p4k_st1,A,extraction,wcs,hbt_wcs,-40,1,1,1p4k,1.4e3,0.001,1.000000e-03,6.06954,0.79713,0.001
a_nx1_wcs_-40c_rb1p4k_st1,A,extraction,wcs,hbt_wcs,-40,1,1,1p4k,1.4e3,0.00133352,1.333520e-03,5.21567,0.819565,0.00133352
a_nx1_wcs_-40c_rb1p4k_st1,A,extraction,wcs,hbt_wcs,-40,1,1,1p4k,1.4e3,0.00177828,1.778280e-03,4.66227,0.840635,0.00177828
a_nx1_wcs_-40c_rb1p4k_st1,A,extraction,wcs,hbt_wcs,-40,1,1,1p4k,1.4e3,0.00237137,2.371370e-03,4.26784,0.862109,0.00237137
a_nx1_wcs_-40c_rb1p4k_st1,A,extraction,wcs,hbt_wcs,-40,1,1,1p4k,1.4e3,0.00316228,3.162280e-03,3.97577,0.884643,0.00316228
a_nx8_wcs_-40c_rb14k_st1,A,extraction,wcs,hbt_wcs,-40,8,1,14k,1.4e4,8E-10,1.000000e-10,266.664,7.4666E-06,5.33329E-10
a_nx8_wcs_-40c_rb14k_st1,A,extraction,wcs,hbt_wcs,-40,8,1,14k,1.4e4,1.06682E-09,1.333525e-10,355.599,9.95684E-06,7.11203E-10
a_nx8_wcs_-40c_rb14k_st1,A,extraction,wcs,hbt_wcs,-40,8,1,14k,1.4e4,1.42262E-09,1.778275e-10,474.21,1.3278E-05,9.48426E-10
a_nx8_wcs_-40c_rb14k_st1,A,extraction,wcs,hbt_wcs,-40,8,1,14k,1.4e4,1.8971E-09,2.371375e-10,632.36,1.77062E-05,1.26473E-09
a_nx8_wcs_-40c_rb14k_st1,A,extraction,wcs,hbt_wcs,-40,8,1,14k,1.4e4,2.52982E-09,3.162275e-10,843.298,2.36125E-05,1.68661E-09
a_nx8_wcs_-40c_rb14k_st1,A,extraction,wcs,hbt_wcs,-40,8,1,14k,1.4e4,3.37357E-09,4.216962e-10,1124.5,3.14862E-05,2.24901E-09
a_nx8_wcs_-40c_rb14k_st1,A,extraction,wcs,hbt_wcs,-40,8,1,14k,1.4e4,4.49873E-09,5.623413e-10,1499.57,4.19882E-05,2.99916E-09
a_nx8_wcs_-40c_rb14k_st1,A,extraction,wcs,hbt_wcs,-40,8,1,14k,1.4e4,5.99915E-09,7.498938e-10,1999.73,5.59928E-05,3.99949E-09
a_nx8_wcs_-40c_rb14k_st1,A,extraction,wcs,hbt_wcs,-40,8,1,14k,1.4e4,8E-09,1.000000e-09,2666.65,7.46668E-05,5.33334E-09
a_nx8_wcs_-40c_rb14k_st1,A,extraction,wcs,hbt_wcs,-40,8,1,14k,1.4e4,1.06682E-08,1.333525e-09,3556.05,9.95701E-05,7.11215E-09
a_nx8_wcs_-40c_rb14k_st1,A,extraction,wcs,hbt_wcs,-40,8,1,14k,1.4e4,1.42262E-08,1.778275e-09,4742.04,0.000132778,9.48415E-09
a_nx8_wcs_-40c_rb14k_st1,A,extraction,wcs,hbt_wcs,-40,8,1,14k,1.4e4,1.8971E-08,2.371375e-09,6323.7,0.000177065,1.26475E-08
a_nx8_wcs_-40c_rb14k_st1,A,extraction,wcs,hbt_wcs,-40,8,1,14k,1.4e4,2.52982E-08,3.162275e-09,8432.64,0.000236116,1.68654E-08
a_nx8_wcs_-40c_rb14k_st1,A,extraction,wcs,hbt_wcs,-40,8,1,14k,1.4e4,3.37357E-08,4.216963e-09,11245,0.000314862,2.24901E-08
a_nx8_wcs_-40c_rb14k_st1,A,extraction,wcs,hbt_wcs,-40,8,1,14k,1.4e4,4.49873E-08,5.623413e-09,14995.5,0.000419878,2.99913E-08
a_nx8_wcs_-40c_rb14k_st1,A,extraction,wcs,hbt_wcs,-40,8,1,14k,1.4e4,5.99915E-08,7.498937e-09,19997.3,0.000559929,3.99949E-08
a_nx8_wcs_-40c_rb14k_st1,A,extraction,wcs,hbt_wcs,-40,8,1,14k,1.4e4,8E-08,1.000000e-08,26666.5,0.000746669,5.33335E-08
a_nx8_wcs_-40c_rb14k_st1,A,extraction,wcs,hbt_wcs,-40,8,1,14k,1.4e4,1.06682E-07,1.333525e-08,35560.9,0.000995713,7.11224E-08
a_nx8_wcs_-40c_rb14k_st1,A,extraction,wcs,hbt_wcs,-40,8,1,14k,1.4e4,1.42262E-07,1.778275e-08,47420.9,0.0013278,9.48428E-08
a_nx8_wcs_-40c_rb14k_st1,A,extraction,wcs,hbt_wcs,-40,8,1,14k,1.4e4,1.8971E-07,2.371375e-08,63234.6,0.00177059,1.26471E-07
a_nx8_wcs_-40c_rb14k_st1,A,extraction,wcs,hbt_wcs,-40,8,1,14k,1.4e4,2.52982E-07,3.162275e-08,84325.1,0.00236113,1.68652E-07
a_nx8_wcs_-40c_rb14k_st1,A,extraction,wcs,hbt_wcs,-40,8,1,14k,1.4e4,3.37357E-07,4.216963e-08,112449,0.00314861,2.24901E-07
a_nx8_wcs_-40c_rb14k_st1,A,extraction,wcs,hbt_wcs,-40,8,1,14k,1.4e4,4.49873E-07,5.623413e-08,149961,0.00419897,2.99927E-07
a_nx8_wcs_-40c_rb14k_st1,A,extraction,wcs,hbt_wcs,-40,8,1,14k,1.4e4,5.99915E-07,7.498937e-08,199974,0.0055994,3.99957E-07
a_nx8_wcs_-40c_rb14k_st1,A,extraction,wcs,hbt_wcs,-40,8,1,14k,1.4e4,8E-07,1.000000e-07,266658,0.00746671,5.33337E-07
a_nx8_wcs_-40c_rb14k_st1,A,extraction,wcs,hbt_wcs,-40,8,1,14k,1.4e4,1.06682E-06,1.333525e-07,355588,0.00995723,7.11231E-07
a_nx8_wcs_-40c_rb14k_st1,A,extraction,wcs,hbt_wcs,-40,8,1,14k,1.4e4,1.42262E-06,1.778275e-07,474140,0.0132785,9.48461E-07
a_nx8_wcs_-40c_rb14k_st1,A,extraction,wcs,hbt_wcs,-40,8,1,14k,1.4e4,1.8971E-06,2.371375e-07,632036,0.0177108,1.26506E-06
a_nx8_wcs_-40c_rb14k_st1,A,extraction,wcs,hbt_wcs,-40,8,1,14k,1.4e4,2.52982E-06,3.162275e-07,,,
a_nx8_wcs_-40c_rb14k_st1,A,extraction,wcs,hbt_wcs,-40,8,1,14k,1.4e4,3.37357E-06,4.216963e-07,,,
a_nx8_wcs_-40c_rb14k_st1,A,extraction,wcs,hbt_wcs,-40,8,1,14k,1.4e4,4.49873E-06,5.623413e-07,,,
a_nx8_wcs_-40c_rb14k_st1,A,extraction,wcs,hbt_wcs,-40,8,1,14k,1.4e4,5.99915E-06,7.498937e-07,,,
a_nx8_wcs_-40c_rb14k_st1,A,extraction,wcs,hbt_wcs,-40,8,1,14k,1.4e4,8E-06,1.000000e-06,387.717,0.111867,7.99961E-06
a_nx8_wcs_-40c_rb14k_st1,A,extraction,wcs,hbt_wcs,-40,8,1,14k,1.4e4,1.06682E-05,1.333525e-06,388.689,0.149179,1.06678E-05
a_nx8_wcs_-40c_rb14k_st1,A,extraction,wcs,hbt_wcs,-40,8,1,14k,1.4e4,1.42262E-05,1.778275e-06,389.708,0.198935,1.42258E-05
a_nx8_wcs_-40c_rb14k_st1,A,extraction,wcs,hbt_wcs,-40,8,1,14k,1.4e4,1.8971E-05,2.371375e-06,390.801,0.265288,1.89706E-05
a_nx8_wcs_-40c_rb14k_st1,A,extraction,wcs,hbt_wcs,-40,8,1,14k,1.4e4,2.52982E-05,3.162275e-06,391.967,0.35377,2.52978E-05
a_nx8_wcs_-40c_rb14k_st1,A,extraction,wcs,hbt_wcs,-40,8,1,14k,1.4e4,3.37357E-05,4.216963e-06,391.537,0.471761,3.37353E-05
a_nx8_wcs_-40c_rb14k_st1,A,extraction,wcs,hbt_wcs,-40,8,1,14k,1.4e4,4.49873E-05,5.623413e-06,,,
a_nx8_wcs_-40c_rb14k_st1,A,extraction,wcs,hbt_wcs,-40,8,1,14k,1.4e4,5.99915E-05,7.498938e-06,,,
a_nx8_wcs_-40c_rb14k_st1,A,extraction,wcs,hbt_wcs,-40,8,1,14k,1.4e4,8E-05,1.000000e-05,7.63432,0.782955,8E-05
a_nx8_wcs_-40c_rb14k_st1,A,extraction,wcs,hbt_wcs,-40,8,1,14k,1.4e4,0.000106682,1.333525e-05,6.07108,0.797939,0.000106682
a_nx8_wcs_-40c_rb14k_st1,A,extraction,wcs,hbt_wcs,-40,8,1,14k,1.4e4,0.000142262,1.778275e-05,5.23471,0.808858,0.000142262
a_nx8_wcs_-40c_rb14k_st1,A,extraction,wcs,hbt_wcs,-40,8,1,14k,1.4e4,0.00018971,2.371375e-05,4.67922,0.817915,0.00018971
a_nx8_wcs_-40c_rb14k_st1,A,extraction,wcs,hbt_wcs,-40,8,1,14k,1.4e4,0.000252982,3.162275e-05,4.2681,0.825953,0.000252982
a_nx8_wcs_-40c_rb14k_st1,A,extraction,wcs,hbt_wcs,-40,8,1,14k,1.4e4,0.000337357,4.216962e-05,3.94386,0.83339,0.000337357
a_nx8_wcs_-40c_rb14k_st1,A,extraction,wcs,hbt_wcs,-40,8,1,14k,1.4e4,0.000449873,5.623412e-05,3.67756,0.84047,0.000449873
a_nx8_wcs_-40c_rb14k_st1,A,extraction,wcs,hbt_wcs,-40,8,1,14k,1.4e4,0.000599915,7.498938e-05,3.45285,0.847357,0.000599915
a_nx8_wcs_-40c_rb14k_st1,A,extraction,wcs,hbt_wcs,-40,8,1,14k,1.4e4,0.0008,1.000000e-04,3.25972,0.854179,0.0008
a_nx8_wcs_-40c_rb14k_st1,A,extraction,wcs,hbt_wcs,-40,8,1,14k,1.4e4,0.00106682,1.333525e-04,3.09178,0.861051,0.00106682
a_nx8_wcs_-40c_rb14k_st1,A,extraction,wcs,hbt_wcs,-40,8,1,14k,1.4e4,0.00142262,1.778275e-04,2.9448,0.868086,0.00142262
a_nx8_wcs_-40c_rb14k_st1,A,extraction,wcs,hbt_wcs,-40,8,1,14k,1.4e4,0.0018971,2.371375e-04,2.81599,0.875413,0.0018971
a_nx8_wcs_-40c_rb14k_st1,A,extraction,wcs,hbt_wcs,-40,8,1,14k,1.4e4,0.00252982,3.162275e-04,2.70371,0.88318,0.00252982
a_nx8_wcs_-40c_rb14k_st1,A,extraction,wcs,hbt_wcs,-40,8,1,14k,1.4e4,0.00337357,4.216963e-04,2.60717,0.891565,0.00337357
a_nx8_wcs_-40c_rb14k_st1,A,extraction,wcs,hbt_wcs,-40,8,1,14k,1.4e4,0.00449873,5.623413e-04,2.52647,0.900776,0.00449873
a_nx8_wcs_-40c_rb14k_st1,A,extraction,wcs,hbt_wcs,-40,8,1,14k,1.4e4,0.00599915,7.498937e-04,2.46264,0.911052,0.00599915
a_nx8_wcs_-40c_rb14k_st1,A,extraction,wcs,hbt_wcs,-40,8,1,14k,1.4e4,0.008,1.000000e-03,2.41777,0.922641,0.008
a_nx8_wcs_-40c_rb14k_st1,A,extraction,wcs,hbt_wcs,-40,8,1,14k,1.4e4,0.0106682,1.333525e-03,2.39523,0.935752,0.0106682
a_nx8_wcs_-40c_rb14k_st1,A,extraction,wcs,hbt_wcs,-40,8,1,14k,1.4e4,0.0142262,1.778275e-03,2.39981,0.950461,0.0142262
a_nx8_wcs_-40c_rb14k_st1,A,extraction,wcs,hbt_wcs,-40,8,1,14k,1.4e4,0.018971,2.371375e-03,2.43736,0.966529,0.018971
a_nx8_wcs_-40c_rb14k_st1,A,extraction,wcs,hbt_wcs,-40,8,1,14k,1.4e4,0.0252982,3.162275e-03,2.51331,0.983133,0.0252982
a_nx8_wcs_-40c_rb1p4k_st1,A,extraction,wcs,hbt_wcs,-40,8,1,1p4k,1.4e3,8E-10,1.000000e-10,266.664,7.4666E-07,5.33329E-10
a_nx8_wcs_-40c_rb1p4k_st1,A,extraction,wcs,hbt_wcs,-40,8,1,1p4k,1.4e3,1.06682E-09,1.333525e-10,355.599,9.95684E-07,7.11203E-10
a_nx8_wcs_-40c_rb1p4k_st1,A,extraction,wcs,hbt_wcs,-40,8,1,1p4k,1.4e3,1.42262E-09,1.778275e-10,474.21,1.3278E-06,9.48426E-10
a_nx8_wcs_-40c_rb1p4k_st1,A,extraction,wcs,hbt_wcs,-40,8,1,1p4k,1.4e3,1.8971E-09,2.371375e-10,632.36,1.77062E-06,1.26473E-09
a_nx8_wcs_-40c_rb1p4k_st1,A,extraction,wcs,hbt_wcs,-40,8,1,1p4k,1.4e3,2.52982E-09,3.162275e-10,843.298,2.36125E-06,1.68661E-09
a_nx8_wcs_-40c_rb1p4k_st1,A,extraction,wcs,hbt_wcs,-40,8,1,1p4k,1.4e3,3.37357E-09,4.216962e-10,1124.5,3.14862E-06,2.24901E-09
a_nx8_wcs_-40c_rb1p4k_st1,A,extraction,wcs,hbt_wcs,-40,8,1,1p4k,1.4e3,4.49873E-09,5.623413e-10,1499.57,4.19882E-06,2.99916E-09
a_nx8_wcs_-40c_rb1p4k_st1,A,extraction,wcs,hbt_wcs,-40,8,1,1p4k,1.4e3,5.99915E-09,7.498938e-10,1999.73,5.59928E-06,3.99949E-09
a_nx8_wcs_-40c_rb1p4k_st1,A,extraction,wcs,hbt_wcs,-40,8,1,1p4k,1.4e3,8E-09,1.000000e-09,2666.65,7.46668E-06,5.33334E-09
a_nx8_wcs_-40c_rb1p4k_st1,A,extraction,wcs,hbt_wcs,-40,8,1,1p4k,1.4e3,1.06682E-08,1.333525e-09,3556.05,9.95701E-06,7.11215E-09
a_nx8_wcs_-40c_rb1p4k_st1,A,extraction,wcs,hbt_wcs,-40,8,1,1p4k,1.4e3,1.42262E-08,1.778275e-09,4742.04,1.32778E-05,9.48415E-09
a_nx8_wcs_-40c_rb1p4k_st1,A,extraction,wcs,hbt_wcs,-40,8,1,1p4k,1.4e3,1.8971E-08,2.371375e-09,6323.7,1.77065E-05,1.26475E-08
a_nx8_wcs_-40c_rb1p4k_st1,A,extraction,wcs,hbt_wcs,-40,8,1,1p4k,1.4e3,2.52982E-08,3.162275e-09,8432.64,2.36116E-05,1.68654E-08
a_nx8_wcs_-40c_rb1p4k_st1,A,extraction,wcs,hbt_wcs,-40,8,1,1p4k,1.4e3,3.37357E-08,4.216963e-09,11245.3,3.14871E-05,2.24908E-08
a_nx8_wcs_-40c_rb1p4k_st1,A,extraction,wcs,hbt_wcs,-40,8,1,1p4k,1.4e3,4.49873E-08,5.623413e-09,14996.2,4.19897E-05,2.99926E-08
a_nx8_wcs_-40c_rb1p4k_st1,A,extraction,wcs,hbt_wcs,-40,8,1,1p4k,1.4e3,5.99915E-08,7.498937e-09,19996.7,5.59912E-05,3.99937E-08
a_nx8_wcs_-40c_rb1p4k_st1,A,extraction,wcs,hbt_wcs,-40,8,1,1p4k,1.4e3,8E-08,1.000000e-08,26666.5,7.46669E-05,5.33335E-08
a_nx8_wcs_-40c_rb1p4k_st1,A,extraction,wcs,hbt_wcs,-40,8,1,1p4k,1.4e3,1.06682E-07,1.333525e-08,35560.9,9.95713E-05,7.11224E-08
a_nx8_wcs_-40c_rb1p4k_st1,A,extraction,wcs,hbt_wcs,-40,8,1,1p4k,1.4e3,1.42262E-07,1.778275e-08,47420.9,0.00013278,9.48428E-08
a_nx8_wcs_-40c_rb1p4k_st1,A,extraction,wcs,hbt_wcs,-40,8,1,1p4k,1.4e3,1.8971E-07,2.371375e-08,63234.3,0.000177058,1.2647E-07
a_nx8_wcs_-40c_rb1p4k_st1,A,extraction,wcs,hbt_wcs,-40,8,1,1p4k,1.4e3,2.52982E-07,3.162275e-08,84328,0.000236121,1.68658E-07
a_nx8_wcs_-40c_rb1p4k_st1,A,extraction,wcs,hbt_wcs,-40,8,1,1p4k,1.4e3,3.37357E-07,4.216963e-08,112449,0.00031486,2.249E-07
a_nx8_wcs_-40c_rb1p4k_st1,A,extraction,wcs,hbt_wcs,-40,8,1,1p4k,1.4e3,4.49873E-07,5.623413e-08,149952,0.000419872,2.99909E-07
a_nx8_wcs_-40c_rb1p4k_st1,A,extraction,wcs,hbt_wcs,-40,8,1,1p4k,1.4e3,5.99915E-07,7.498937e-08,199964,0.000559911,3.99936E-07
a_nx8_wcs_-40c_rb1p4k_st1,A,extraction,wcs,hbt_wcs,-40,8,1,1p4k,1.4e3,8E-07,1.000000e-07,266659,0.000746666,5.33333E-07
a_nx8_wcs_-40c_rb1p4k_st1,A,extraction,wcs,hbt_wcs,-40,8,1,1p4k,1.4e3,1.06682E-06,1.333525e-07,355589,0.000995698,7.11213E-07
a_nx8_wcs_-40c_rb1p4k_st1,A,extraction,wcs,hbt_wcs,-40,8,1,1p4k,1.4e3,1.42262E-06,1.778275e-07,474184,0.00132786,9.48469E-07
a_nx8_wcs_-40c_rb1p4k_st1,A,extraction,wcs,hbt_wcs,-40,8,1,1p4k,1.4e3,1.8971E-06,2.371375e-07,632249,0.00177085,1.26489E-06
a_nx8_wcs_-40c_rb1p4k_st1,A,extraction,wcs,hbt_wcs,-40,8,1,1p4k,1.4e3,2.52982E-06,3.162275e-07,,,
a_nx8_wcs_-40c_rb1p4k_st1,A,extraction,wcs,hbt_wcs,-40,8,1,1p4k,1.4e3,3.37357E-06,4.216963e-07,,,
a_nx8_wcs_-40c_rb1p4k_st1,A,extraction,wcs,hbt_wcs,-40,8,1,1p4k,1.4e3,4.49873E-06,5.623413e-07,,,
a_nx8_wcs_-40c_rb1p4k_st1,A,extraction,wcs,hbt_wcs,-40,8,1,1p4k,1.4e3,5.99915E-06,7.498937e-07,,,
a_nx8_wcs_-40c_rb1p4k_st1,A,extraction,wcs,hbt_wcs,-40,8,1,1p4k,1.4e3,8E-06,1.000000e-06,387.314,0.0111866,7.99961E-06
a_nx8_wcs_-40c_rb1p4k_st1,A,extraction,wcs,hbt_wcs,-40,8,1,1p4k,1.4e3,1.06682E-05,1.333525e-06,388.14,0.0149179,1.06678E-05
a_nx8_wcs_-40c_rb1p4k_st1,A,extraction,wcs,hbt_wcs,-40,8,1,1p4k,1.4e3,1.42262E-05,1.778275e-06,388.948,0.0198935,1.42258E-05
a_nx8_wcs_-40c_rb1p4k_st1,A,extraction,wcs,hbt_wcs,-40,8,1,1p4k,1.4e3,1.8971E-05,2.371375e-06,389.738,0.0265287,1.89706E-05
a_nx8_wcs_-40c_rb1p4k_st1,A,extraction,wcs,hbt_wcs,-40,8,1,1p4k,1.4e3,2.52982E-05,3.162275e-06,390.507,0.0353768,2.52978E-05
a_nx8_wcs_-40c_rb1p4k_st1,A,extraction,wcs,hbt_wcs,-40,8,1,1p4k,1.4e3,3.37357E-05,4.216963e-06,391.26,0.0471761,3.37353E-05
a_nx8_wcs_-40c_rb1p4k_st1,A,extraction,wcs,hbt_wcs,-40,8,1,1p4k,1.4e3,4.49873E-05,5.623413e-06,392.005,0.0629107,4.49869E-05
a_nx8_wcs_-40c_rb1p4k_st1,A,extraction,wcs,hbt_wcs,-40,8,1,1p4k,1.4e3,5.99915E-05,7.498938e-06,392.767,0.0838932,5.99911E-05
a_nx8_wcs_-40c_rb1p4k_st1,A,extraction,wcs,hbt_wcs,-40,8,1,1p4k,1.4e3,8E-05,1.000000e-05,393.584,0.111874,7.99996E-05
a_nx8_wcs_-40c_rb1p4k_st1,A,extraction,wcs,hbt_wcs,-40,8,1,1p4k,1.4e3,0.000106682,1.333525e-05,394.496,0.149188,0.000106682
a_nx8_wcs_-40c_rb1p4k_st1,A,extraction,wcs,hbt_wcs,-40,8,1,1p4k,1.4e3,0.000142262,1.778275e-05,395.297,0.198946,0.000142262
a_nx8_wcs_-40c_rb1p4k_st1,A,extraction,wcs,hbt_wcs,-40,8,1,1p4k,1.4e3,0.00018971,2.371375e-05,392.329,0.265298,0.00018971
a_nx8_wcs_-40c_rb1p4k_st1,A,extraction,wcs,hbt_wcs,-40,8,1,1p4k,1.4e3,0.000252982,3.162275e-05,,,
a_nx8_wcs_-40c_rb1p4k_st1,A,extraction,wcs,hbt_wcs,-40,8,1,1p4k,1.4e3,0.000337357,4.216962e-05,,,
a_nx8_wcs_-40c_rb1p4k_st1,A,extraction,wcs,hbt_wcs,-40,8,1,1p4k,1.4e3,0.000449873,5.623412e-05,,,
a_nx8_wcs_-40c_rb1p4k_st1,A,extraction,wcs,hbt_wcs,-40,8,1,1p4k,1.4e3,0.000599915,7.498938e-05,,,
a_nx8_wcs_-40c_rb1p4k_st1,A,extraction,wcs,hbt_wcs,-40,8,1,1p4k,1.4e3,0.0008,1.000000e-04,7.95183,0.811929,0.0008
a_nx8_wcs_-40c_rb1p4k_st1,A,extraction,wcs,hbt_wcs,-40,8,1,1p4k,1.4e3,0.00106682,1.333525e-04,6.21743,0.82943,0.00106682
a_nx8_wcs_-40c_rb1p4k_st1,A,extraction,wcs,hbt_wcs,-40,8,1,1p4k,1.4e3,0.00142262,1.778275e-04,5.32697,0.84172,0.00142262
a_nx8_wcs_-40c_rb1p4k_st1,A,extraction,wcs,hbt_wcs,-40,8,1,1p4k,1.4e3,0.0018971,2.371375e-04,4.747,0.851977,0.0018971
a_nx8_wcs_-40c_rb1p4k_st1,A,extraction,wcs,hbt_wcs,-40,8,1,1p4k,1.4e3,0.00252982,3.162275e-04,4.32327,0.861396,0.00252982
a_nx8_wcs_-40c_rb1p4k_st1,A,extraction,wcs,hbt_wcs,-40,8,1,1p4k,1.4e3,0.00337357,4.216963e-04,3.99312,0.870625,0.00337357
a_nx8_wcs_-40c_rb1p4k_st1,A,extraction,wcs,hbt_wcs,-40,8,1,1p4k,1.4e3,0.00449873,5.623413e-04,3.72614,0.880116,0.00449873
a_nx8_wcs_-40c_rb1p4k_st1,A,extraction,wcs,hbt_wcs,-40,8,1,1p4k,1.4e3,0.00599915,7.498937e-04,3.50603,0.89025,0.00599915
a_nx8_wcs_-40c_rb1p4k_st1,A,extraction,wcs,hbt_wcs,-40,8,1,1p4k,1.4e3,0.008,1.000000e-03,3.3238,0.901372,0.008
a_nx8_wcs_-40c_rb1p4k_st1,A,extraction,wcs,hbt_wcs,-40,8,1,1p4k,1.4e3,0.0106682,1.333525e-03,3.17485,0.913792,0.0106682
a_nx8_wcs_-40c_rb1p4k_st1,A,extraction,wcs,hbt_wcs,-40,8,1,1p4k,1.4e3,0.0142262,1.778275e-03,3.05767,0.927732,0.0142262
a_nx8_wcs_-40c_rb1p4k_st1,A,extraction,wcs,hbt_wcs,-40,8,1,1p4k,1.4e3,0.018971,2.371375e-03,2.97324,0.943214,0.018971
a_nx8_wcs_-40c_rb1p4k_st1,A,extraction,wcs,hbt_wcs,-40,8,1,1p4k,1.4e3,0.0252982,3.162275e-03,2.92471,0.959841,0.0252982
a_nx1_wcs_27c_rb14k_st1,A,extraction,wcs,hbt_wcs,27,1,1,14k,1.4e4,1E-10,1.000000e-10,33.3267,9.33402E-07,6.66716E-11
a_nx1_wcs_27c_rb14k_st1,A,extraction,wcs,hbt_wcs,27,1,1,14k,1.4e4,1.33352E-10,1.333520e-10,44.4419,1.24472E-06,8.89083E-11
a_nx1_wcs_27c_rb14k_st1,A,extraction,wcs,hbt_wcs,27,1,1,14k,1.4e4,1.77828E-10,1.778280e-10,59.2643,1.65987E-06,1.18562E-10
a_nx1_wcs_27c_rb14k_st1,A,extraction,wcs,hbt_wcs,27,1,1,14k,1.4e4,2.37137E-10,2.371370e-10,79.03,2.21347E-06,1.58105E-10
a_nx1_wcs_27c_rb14k_st1,A,extraction,wcs,hbt_wcs,27,1,1,14k,1.4e4,3.16228E-10,3.162280e-10,105.388,2.95173E-06,2.10838E-10
a_nx1_wcs_27c_rb14k_st1,A,extraction,wcs,hbt_wcs,27,1,1,14k,1.4e4,4.21697E-10,4.216970e-10,140.538,3.93623E-06,2.81159E-10
a_nx1_wcs_27c_rb14k_st1,A,extraction,wcs,hbt_wcs,27,1,1,14k,1.4e4,5.62341E-10,5.623410e-10,187.408,5.24903E-06,3.7493E-10
a_nx1_wcs_27c_rb14k_st1,A,extraction,wcs,hbt_wcs,27,1,1,14k,1.4e4,7.49894E-10,7.498940e-10,249.91,6.99973E-06,4.99981E-10
a_nx1_wcs_27c_rb14k_st1,A,extraction,wcs,hbt_wcs,27,1,1,14k,1.4e4,1E-09,1.000000e-09,333.235,9.3346E-06,6.66757E-10
a_nx1_wcs_27c_rb14k_st1,A,extraction,wcs,hbt_wcs,27,1,1,14k,1.4e4,1.33352E-09,1.333520e-09,415.793,1.28468E-05,9.17721E-10
a_nx1_wcs_27c_rb14k_st1,A,extraction,wcs,hbt_wcs,27,1,1,14k,1.4e4,1.77828E-09,1.778280e-09,553.84,1.71409E-05,1.22444E-09
a_nx1_wcs_27c_rb14k_st1,A,extraction,wcs,hbt_wcs,27,1,1,14k,1.4e4,2.37137E-09,2.371370e-09,737.725,2.28697E-05,1.63364E-09
a_nx1_wcs_27c_rb14k_st1,A,extraction,wcs,hbt_wcs,27,1,1,14k,1.4e4,3.16228E-09,3.162280e-09,982.596,3.05141E-05,2.17968E-09
a_nx1_wcs_27c_rb14k_st1,A,extraction,wcs,hbt_wcs,27,1,1,14k,1.4e4,4.21697E-09,4.216970e-09,1308.52,4.07169E-05,2.90845E-09
a_nx1_wcs_27c_rb14k_st1,A,extraction,wcs,hbt_wcs,27,1,1,14k,1.4e4,5.62341E-09,5.623410e-09,1742.02,5.43383E-05,3.8814E-09
a_nx1_wcs_27c_rb14k_st1,A,extraction,wcs,hbt_wcs,27,1,1,14k,1.4e4,7.49894E-09,7.498940e-09,2318.01,7.25311E-05,5.18089E-09
a_nx1_wcs_27c_rb14k_st1,A,extraction,wcs,hbt_wcs,27,1,1,14k,1.4e4,1E-08,1.000000e-08,3082.23,9.68476E-05,6.91779E-09
a_nx1_wcs_27c_rb14k_st1,A,extraction,wcs,hbt_wcs,27,1,1,14k,1.4e4,1.33352E-08,1.333520e-08,4093.72,0.000129379,9.24146E-09
a_nx1_wcs_27c_rb14k_st1,A,extraction,wcs,hbt_wcs,27,1,1,14k,1.4e4,1.77828E-08,1.778280e-08,5427.37,0.000172974,1.23554E-08
a_nx1_wcs_27c_rb14k_st1,A,extraction,wcs,hbt_wcs,27,1,1,14k,1.4e4,2.37137E-08,2.371370e-08,7173.56,0.000231559,1.65401E-08
a_nx1_wcs_27c_rb14k_st1,A,extraction,wcs,hbt_wcs,27,1,1,14k,1.4e4,3.16228E-08,3.162280e-08,9427.83,0.000310728,2.2195E-08
a_nx1_wcs_27c_rb14k_st1,A,extraction,wcs,hbt_wcs,27,1,1,14k,1.4e4,4.21697E-08,4.216970e-08,12234.6,0.000419088,2.99351E-08
a_nx1_wcs_27c_rb14k_st1,A,extraction,wcs,hbt_wcs,27,1,1,14k,1.4e4,5.62341E-08,5.623410e-08,15254,0.00057372,4.09803E-08
a_nx1_wcs_27c_rb14k_st1,A,extraction,wcs,hbt_wcs,27,1,1,14k,1.4e4,7.49894E-08,7.498940e-08,14411.8,0.000848074,6.05777E-08
a_nx1_wcs_27c_rb14k_st1,A,extraction,wcs,hbt_wcs,27,1,1,14k,1.4e4,1E-07,1.000000e-07,11251.4,0.000581314,4.15218E-08
a_nx1_wcs_27c_rb14k_st1,A,extraction,wcs,hbt_wcs,27,1,1,14k,1.4e4,1.33352E-07,1.333520e-07,,,
a_nx1_wcs_27c_rb14k_st1,A,extraction,wcs,hbt_wcs,27,1,1,14k,1.4e4,1.77828E-07,1.778280e-07,,,
a_nx1_wcs_27c_rb14k_st1,A,extraction,wcs,hbt_wcs,27,1,1,14k,1.4e4,2.37137E-07,2.371370e-07,,,
a_nx1_wcs_27c_rb14k_st1,A,extraction,wcs,hbt_wcs,27,1,1,14k,1.4e4,3.16228E-07,3.162280e-07,,,
a_nx1_wcs_27c_rb14k_st1,A,extraction,wcs,hbt_wcs,27,1,1,14k,1.4e4,4.21697E-07,4.216970e-07,381.667,0.00589162,4.21315E-07
a_nx1_wcs_27c_rb14k_st1,A,extraction,wcs,hbt_wcs,27,1,1,14k,1.4e4,5.62341E-07,5.623410e-07,382.772,0.00785837,5.61958E-07
a_nx1_wcs_27c_rb14k_st1,A,extraction,wcs,hbt_wcs,27,1,1,14k,1.4e4,7.49894E-07,7.498940e-07,383.889,0.0104811,7.4951E-07
a_nx1_wcs_27c_rb14k_st1,A,extraction,wcs,hbt_wcs,27,1,1,14k,1.4e4,1E-06,1.000000e-06,385.017,0.0139786,9.99615E-07
a_nx1_wcs_27c_rb14k_st1,A,extraction,wcs,hbt_wcs,27,1,1,14k,1.4e4,1.33352E-06,1.333520e-06,386.157,0.0186426,1.33313E-06
a_nx1_wcs_27c_rb14k_st1,A,extraction,wcs,hbt_wcs,27,1,1,14k,1.4e4,1.77828E-06,1.778280e-06,387.314,0.0248622,1.77789E-06
a_nx1_wcs_27c_rb14k_st1,A,extraction,wcs,hbt_wcs,27,1,1,14k,1.4e4,2.37137E-06,2.371370e-06,388.494,0.0331562,2.37098E-06
a_nx1_wcs_27c_rb14k_st1,A,extraction,wcs,hbt_wcs,27,1,1,14k,1.4e4,3.16228E-06,3.162280e-06,389.709,0.0442165,3.16189E-06
a_nx1_wcs_27c_rb14k_st1,A,extraction,wcs,hbt_wcs,27,1,1,14k,1.4e4,4.21697E-06,4.216970e-06,390.975,0.0589658,4.21658E-06
a_nx1_wcs_27c_rb14k_st1,A,extraction,wcs,hbt_wcs,27,1,1,14k,1.4e4,5.62341E-06,5.623410e-06,392.319,0.0786342,5.62302E-06
a_nx1_wcs_27c_rb14k_st1,A,extraction,wcs,hbt_wcs,27,1,1,14k,1.4e4,7.49894E-06,7.498940e-06,393.772,0.104863,7.49855E-06
a_nx1_wcs_27c_rb14k_st1,A,extraction,wcs,hbt_wcs,27,1,1,14k,1.4e4,1E-05,1.000000e-05,395.334,0.139839,9.9996E-06
a_nx1_wcs_27c_rb14k_st1,A,extraction,wcs,hbt_wcs,27,1,1,14k,1.4e4,1.33352E-05,1.333520e-05,396.676,0.186481,1.33348E-05
a_nx1_wcs_27c_rb14k_st1,A,extraction,wcs,hbt_wcs,27,1,1,14k,1.4e4,1.77828E-05,1.778280e-05,394.16,0.248678,1.77824E-05
a_nx1_wcs_27c_rb14k_st1,A,extraction,wcs,hbt_wcs,27,1,1,14k,1.4e4,2.37137E-05,2.371370e-05,,,
a_nx1_wcs_27c_rb14k_st1,A,extraction,wcs,hbt_wcs,27,1,1,14k,1.4e4,3.16228E-05,3.162280e-05,,,
a_nx1_wcs_27c_rb14k_st1,A,extraction,wcs,hbt_wcs,27,1,1,14k,1.4e4,4.21697E-05,4.216970e-05,,,
a_nx1_wcs_27c_rb14k_st1,A,extraction,wcs,hbt_wcs,27,1,1,14k,1.4e4,5.62341E-05,5.623410e-05,12.0832,0.704762,5.6234E-05
a_nx1_wcs_27c_rb14k_st1,A,extraction,wcs,hbt_wcs,27,1,1,14k,1.4e4,7.49894E-05,7.498940e-05,7.20339,0.743224,7.49894E-05
a_nx1_wcs_27c_rb14k_st1,A,extraction,wcs,hbt_wcs,27,1,1,14k,1.4e4,0.0001,1.000000e-04,5.71943,0.763737,0.0001
a_nx1_wcs_27c_rb14k_st1,A,extraction,wcs,hbt_wcs,27,1,1,14k,1.4e4,0.000133352,1.333520e-04,4.9305,0.778826,0.000133352
a_nx1_wcs_27c_rb14k_st1,A,extraction,wcs,hbt_wcs,27,1,1,14k,1.4e4,0.000177828,1.778280e-04,4.41225,0.791582,0.000177828
a_nx1_wcs_27c_rb14k_st1,A,extraction,wcs,hbt_wcs,27,1,1,14k,1.4e4,0.000237137,2.371370e-04,4.03367,0.803258,0.000237137
a_nx1_wcs_27c_rb14k_st1,A,extraction,wcs,hbt_wcs,27,1,1,14k,1.4e4,0.000316228,3.162280e-04,3.74001,0.814542,0.000316228
a_nx1_wcs_27c_rb14k_st1,A,extraction,wcs,hbt_wcs,27,1,1,14k,1.4e4,0.000421697,4.216970e-04,3.50431,0.825911,0.000421697
a_nx1_wcs_27c_rb14k_st1,A,extraction,wcs,hbt_wcs,27,1,1,14k,1.4e4,0.000562341,5.623410e-04,3.31202,0.837763,0.000562341
a_nx1_wcs_27c_rb14k_st1,A,extraction,wcs,hbt_wcs,27,1,1,14k,1.4e4,0.000749894,7.498940e-04,3.1551,0.850477,0.000749894
a_nx1_wcs_27c_rb14k_st1,A,extraction,wcs,hbt_wcs,27,1,1,14k,1.4e4,0.001,1.000000e-03,3.02951,0.864433,0.001
a_nx1_wcs_27c_rb14k_st1,A,extraction,wcs,hbt_wcs,27,1,1,14k,1.4e4,0.00133352,1.333520e-03,2.93402,0.880002,0.00133352
a_nx1_wcs_27c_rb14k_st1,A,extraction,wcs,hbt_wcs,27,1,1,14k,1.4e4,0.00177828,1.778280e-03,2.86985,0.897527,0.00177828
a_nx1_wcs_27c_rb14k_st1,A,extraction,wcs,hbt_wcs,27,1,1,14k,1.4e4,0.00237137,2.371370e-03,2.84054,0.917183,0.00237137
a_nx1_wcs_27c_rb14k_st1,A,extraction,wcs,hbt_wcs,27,1,1,14k,1.4e4,0.00316228,3.162280e-03,2.85194,0.938803,0.00316228
a_nx1_wcs_27c_rb1p4k_st1,A,extraction,wcs,hbt_wcs,27,1,1,1p4k,1.4e3,1E-10,1.000000e-10,33.3265,9.33398E-08,6.66713E-11
a_nx1_wcs_27c_rb1p4k_st1,A,extraction,wcs,hbt_wcs,27,1,1,1p4k,1.4e3,1.33352E-10,1.333520e-10,44.4419,1.24472E-07,8.89084E-11
a_nx1_wcs_27c_rb1p4k_st1,A,extraction,wcs,hbt_wcs,27,1,1,1p4k,1.4e3,1.77828E-10,1.778280e-10,59.2641,1.65986E-07,1.18561E-10
a_nx1_wcs_27c_rb1p4k_st1,A,extraction,wcs,hbt_wcs,27,1,1,1p4k,1.4e3,2.37137E-10,2.371370e-10,79.0301,2.21347E-07,1.58105E-10
a_nx1_wcs_27c_rb1p4k_st1,A,extraction,wcs,hbt_wcs,27,1,1,1p4k,1.4e3,3.16228E-10,3.162280e-10,105.388,2.95173E-07,2.10838E-10
a_nx1_wcs_27c_rb1p4k_st1,A,extraction,wcs,hbt_wcs,27,1,1,1p4k,1.4e3,4.21697E-10,4.216970e-10,140.537,3.93621E-07,2.81158E-10
a_nx1_wcs_27c_rb1p4k_st1,A,extraction,wcs,hbt_wcs,27,1,1,1p4k,1.4e3,5.62341E-10,5.623410e-10,187.408,5.24902E-07,3.7493E-10
a_nx1_wcs_27c_rb1p4k_st1,A,extraction,wcs,hbt_wcs,27,1,1,1p4k,1.4e3,7.49894E-10,7.498940e-10,249.911,6.99973E-07,4.99981E-10
a_nx1_wcs_27c_rb1p4k_st1,A,extraction,wcs,hbt_wcs,27,1,1,1p4k,1.4e3,1E-09,1.000000e-09,333.25,9.33447E-07,6.66748E-10
a_nx1_wcs_27c_rb1p4k_st1,A,extraction,wcs,hbt_wcs,27,1,1,1p4k,1.4e3,1.33352E-09,1.333520e-09,415.808,1.28468E-06,9.17716E-10
a_nx1_wcs_27c_rb1p4k_st1,A,extraction,wcs,hbt_wcs,27,1,1,1p4k,1.4e3,1.77828E-09,1.778280e-09,553.861,1.71406E-06,1.22442E-09
a_nx1_wcs_27c_rb1p4k_st1,A,extraction,wcs,hbt_wcs,27,1,1,1p4k,1.4e3,2.37137E-09,2.371370e-09,737.767,2.28692E-06,1.63361E-09
a_nx1_wcs_27c_rb1p4k_st1,A,extraction,wcs,hbt_wcs,27,1,1,1p4k,1.4e3,3.16228E-09,3.162280e-09,982.666,3.05132E-06,2.17961E-09
a_nx1_wcs_27c_rb1p4k_st1,A,extraction,wcs,hbt_wcs,27,1,1,1p4k,1.4e3,4.21697E-09,4.216970e-09,1308.65,4.07152E-06,2.90833E-09
a_nx1_wcs_27c_rb1p4k_st1,A,extraction,wcs,hbt_wcs,27,1,1,1p4k,1.4e3,5.62341E-09,5.623410e-09,1742.24,5.43346E-06,3.88114E-09
a_nx1_wcs_27c_rb1p4k_st1,A,extraction,wcs,hbt_wcs,27,1,1,1p4k,1.4e3,7.49894E-09,7.498940e-09,2318.44,7.25254E-06,5.18049E-09
a_nx1_wcs_27c_rb1p4k_st1,A,extraction,wcs,hbt_wcs,27,1,1,1p4k,1.4e3,1E-08,1.000000e-08,3083,9.68362E-06,6.91698E-09
a_nx1_wcs_27c_rb1p4k_st1,A,extraction,wcs,hbt_wcs,27,1,1,1p4k,1.4e3,1.33352E-08,1.333520e-08,4095.18,1.29358E-05,9.23999E-09
a_nx1_wcs_27c_rb1p4k_st1,A,extraction,wcs,hbt_wcs,27,1,1,1p4k,1.4e3,1.77828E-08,1.778280e-08,5430.18,1.72934E-05,1.23526E-08
a_nx1_wcs_27c_rb1p4k_st1,A,extraction,wcs,hbt_wcs,27,1,1,1p4k,1.4e3,2.37137E-08,2.371370e-08,7179.15,2.3148E-05,1.65344E-08
a_nx1_wcs_27c_rb1p4k_st1,A,extraction,wcs,hbt_wcs,27,1,1,1p4k,1.4e3,3.16228E-08,3.162280e-08,9439.57,3.10562E-05,2.21832E-08
a_nx1_wcs_27c_rb1p4k_st1,A,extraction,wcs,hbt_wcs,27,1,1,1p4k,1.4e3,4.21697E-08,4.216970e-08,12262.2,4.18702E-05,2.99075E-08
a_nx1_wcs_27c_rb1p4k_st1,A,extraction,wcs,hbt_wcs,27,1,1,1p4k,1.4e3,5.62341E-08,5.623410e-08,15338.1,5.72536E-05,4.08958E-08
a_nx1_wcs_27c_rb1p4k_st1,A,extraction,wcs,hbt_wcs,27,1,1,1p4k,1.4e3,7.49894E-08,7.498940e-08,14775.3,8.42984E-05,6.02141E-08
a_nx1_wcs_27c_rb1p4k_st1,A,extraction,wcs,hbt_wcs,27,1,1,1p4k,1.4e3,1E-07,1.000000e-07,,,
a_nx1_wcs_27c_rb1p4k_st1,A,extraction,wcs,hbt_wcs,27,1,1,1p4k,1.4e3,1.33352E-07,1.333520e-07,,,
a_nx1_wcs_27c_rb1p4k_st1,A,extraction,wcs,hbt_wcs,27,1,1,1p4k,1.4e3,1.77828E-07,1.778280e-07,,,
a_nx1_wcs_27c_rb1p4k_st1,A,extraction,wcs,hbt_wcs,27,1,1,1p4k,1.4e3,2.37137E-07,2.371370e-07,,,
a_nx1_wcs_27c_rb1p4k_st1,A,extraction,wcs,hbt_wcs,27,1,1,1p4k,1.4e3,3.16228E-07,3.162280e-07,,,
a_nx1_wcs_27c_rb1p4k_st1,A,extraction,wcs,hbt_wcs,27,1,1,1p4k,1.4e3,4.21697E-07,4.216970e-07,381.625,0.000589162,4.21315E-07
a_nx1_wcs_27c_rb1p4k_st1,A,extraction,wcs,hbt_wcs,27,1,1,1p4k,1.4e3,5.62341E-07,5.623410e-07,382.718,0.000785837,5.61958E-07
a_nx1_wcs_27c_rb1p4k_st1,A,extraction,wcs,hbt_wcs,27,1,1,1p4k,1.4e3,7.49894E-07,7.498940e-07,383.82,0.00104811,7.4951E-07
a_nx1_wcs_27c_rb1p4k_st1,A,extraction,wcs,hbt_wcs,27,1,1,1p4k,1.4e3,1E-06,1.000000e-06,384.928,0.00139786,9.99615E-07
a_nx1_wcs_27c_rb1p4k_st1,A,extraction,wcs,hbt_wcs,27,1,1,1p4k,1.4e3,1.33352E-06,1.333520e-06,386.043,0.00186426,1.33313E-06
a_nx1_wcs_27c_rb1p4k_st1,A,extraction,wcs,hbt_wcs,27,1,1,1p4k,1.4e3,1.77828E-06,1.778280e-06,387.168,0.00248622,1.77789E-06
a_nx1_wcs_27c_rb1p4k_st1,A,extraction,wcs,hbt_wcs,27,1,1,1p4k,1.4e3,2.37137E-06,2.371370e-06,388.306,0.00331562,2.37098E-06
a_nx1_wcs_27c_rb1p4k_st1,A,extraction,wcs,hbt_wcs,27,1,1,1p4k,1.4e3,3.16228E-06,3.162280e-06,389.467,0.00442165,3.16189E-06
a_nx1_wcs_27c_rb1p4k_st1,A,extraction,wcs,hbt_wcs,27,1,1,1p4k,1.4e3,4.21697E-06,4.216970e-06,390.668,0.00589657,4.21658E-06
a_nx1_wcs_27c_rb1p4k_st1,A,extraction,wcs,hbt_wcs,27,1,1,1p4k,1.4e3,5.62341E-06,5.623410e-06,391.937,0.00786341,5.62302E-06
a_nx1_wcs_27c_rb1p4k_st1,A,extraction,wcs,hbt_wcs,27,1,1,1p4k,1.4e3,7.49894E-06,7.498940e-06,393.328,0.0104863,7.49855E-06
a_nx1_wcs_27c_rb1p4k_st1,A,extraction,wcs,hbt_wcs,27,1,1,1p4k,1.4e3,1E-05,1.000000e-05,394.937,0.0139839,9.9996E-06
a_nx1_wcs_27c_rb1p4k_st1,A,extraction,wcs,hbt_wcs,27,1,1,1p4k,1.4e3,1.33352E-05,1.333520e-05,396.945,0.0186482,1.33348E-05
a_nx1_wcs_27c_rb1p4k_st1,A,extraction,wcs,hbt_wcs,27,1,1,1p4k,1.4e3,1.77828E-05,1.778280e-05,399.711,0.0248682,1.77824E-05
a_nx1_wcs_27c_rb1p4k_st1,A,extraction,wcs,hbt_wcs,27,1,1,1p4k,1.4e3,2.37137E-05,2.371370e-05,403.98,0.0331626,2.37131E-05
a_nx1_wcs_27c_rb1p4k_st1,A,extraction,wcs,hbt_wcs,27,1,1,1p4k,1.4e3,3.16228E-05,3.162280e-05,411.299,0.0442184,3.16179E-05
a_nx1_wcs_27c_rb1p4k_st1,A,extraction,wcs,hbt_wcs,27,1,1,1p4k,1.4e3,4.21697E-05,4.216970e-05,418.834,0.0587813,4.20298E-05
a_nx1_wcs_27c_rb1p4k_st1,A,extraction,wcs,hbt_wcs,27,1,1,1p4k,1.4e3,5.62341E-05,5.623410e-05,,,
a_nx1_wcs_27c_rb1p4k_st1,A,extraction,wcs,hbt_wcs,27,1,1,1p4k,1.4e3,7.49894E-05,7.498940e-05,,,
a_nx1_wcs_27c_rb1p4k_st1,A,extraction,wcs,hbt_wcs,27,1,1,1p4k,1.4e3,0.0001,1.000000e-04,,,
a_nx1_wcs_27c_rb1p4k_st1,A,extraction,wcs,hbt_wcs,27,1,1,1p4k,1.4e3,0.000133352,1.333520e-04,,,
a_nx1_wcs_27c_rb1p4k_st1,A,extraction,wcs,hbt_wcs,27,1,1,1p4k,1.4e3,0.000177828,1.778280e-04,,,
a_nx1_wcs_27c_rb1p4k_st1,A,extraction,wcs,hbt_wcs,27,1,1,1p4k,1.4e3,0.000237137,2.371370e-04,,,
a_nx1_wcs_27c_rb1p4k_st1,A,extraction,wcs,hbt_wcs,27,1,1,1p4k,1.4e3,0.000316228,3.162280e-04,,,
a_nx1_wcs_27c_rb1p4k_st1,A,extraction,wcs,hbt_wcs,27,1,1,1p4k,1.4e3,0.000421697,4.216970e-04,,,
a_nx1_wcs_27c_rb1p4k_st1,A,extraction,wcs,hbt_wcs,27,1,1,1p4k,1.4e3,0.000562341,5.623410e-04,,,
a_nx1_wcs_27c_rb1p4k_st1,A,extraction,wcs,hbt_wcs,27,1,1,1p4k,1.4e3,0.000749894,7.498940e-04,6.75079,0.723778,0.000749894
a_nx1_wcs_27c_rb1p4k_st1,A,extraction,wcs,hbt_wcs,27,1,1,1p4k,1.4e3,0.001,1.000000e-03,5.50525,0.752517,0.001
a_nx1_wcs_27c_rb1p4k_st1,A,extraction,wcs,hbt_wcs,27,1,1,1p4k,1.4e3,0.00133352,1.333520e-03,4.80712,0.776234,0.00133352
a_nx1_wcs_27c_rb1p4k_st1,A,extraction,wcs,hbt_wcs,27,1,1,1p4k,1.4e3,0.00177828,1.778280e-03,4.34793,0.79882,0.00177828
a_nx1_wcs_27c_rb1p4k_st1,A,extraction,wcs,hbt_wcs,27,1,1,1p4k,1.4e3,0.00237137,2.371370e-03,4.02388,0.821796,0.00237137
a_nx1_wcs_27c_rb1p4k_st1,A,extraction,wcs,hbt_wcs,27,1,1,1p4k,1.4e3,0.00316228,3.162280e-03,3.7919,0.845724,0.00316228
a_nx8_wcs_27c_rb14k_st1,A,extraction,wcs,hbt_wcs,27,8,1,14k,1.4e4,8E-10,1.000000e-10,266.202,7.47329E-06,5.33807E-10
a_nx8_wcs_27c_rb14k_st1,A,extraction,wcs,hbt_wcs,27,8,1,14k,1.4e4,1.06682E-09,1.333525e-10,354.123,9.97744E-06,7.12678E-10
a_nx8_wcs_27c_rb14k_st1,A,extraction,wcs,hbt_wcs,27,8,1,14k,1.4e4,1.42262E-09,1.778275e-10,362.469,1.48359E-05,1.06011E-09
a_nx8_wcs_27c_rb14k_st1,A,extraction,wcs,hbt_wcs,27,8,1,14k,1.4e4,1.8971E-09,2.371375e-10,409.172,2.08204E-05,1.48789E-09
a_nx8_wcs_27c_rb14k_st1,A,extraction,wcs,hbt_wcs,27,8,1,14k,1.4e4,2.52982E-09,3.162275e-10,543.027,2.78049E-05,1.98678E-09
a_nx8_wcs_27c_rb14k_st1,A,extraction,wcs,hbt_wcs,27,8,1,14k,1.4e4,3.37357E-09,4.216962e-10,721.106,3.71236E-05,2.65241E-09
a_nx8_wcs_27c_rb14k_st1,A,extraction,wcs,hbt_wcs,27,8,1,14k,1.4e4,4.49873E-09,5.623413e-10,957.909,4.95609E-05,3.54079E-09
a_nx8_wcs_27c_rb14k_st1,A,extraction,wcs,hbt_wcs,27,8,1,14k,1.4e4,5.99915E-09,7.498938e-10,1272.51,6.61623E-05,4.72661E-09
a_nx8_wcs_27c_rb14k_st1,A,extraction,wcs,hbt_wcs,27,8,1,14k,1.4e4,8E-09,1.000000e-09,1689.99,8.833E-05,6.31002E-09
a_nx8_wcs_27c_rb14k_st1,A,extraction,wcs,hbt_wcs,27,8,1,14k,1.4e4,1.06682E-08,1.333525e-09,2242.98,0.000117944,8.42531E-09
a_nx8_wcs_27c_rb14k_st1,A,extraction,wcs,hbt_wcs,27,8,1,14k,1.4e4,1.42262E-08,1.778275e-09,2973.45,0.00015753,1.12529E-08
a_nx8_wcs_27c_rb14k_st1,A,extraction,wcs,hbt_wcs,27,8,1,14k,1.4e4,1.8971E-08,2.371375e-09,3934.46,0.000210501,1.50365E-08
a_nx8_wcs_27c_rb14k_st1,A,extraction,wcs,hbt_wcs,27,8,1,14k,1.4e4,2.52982E-08,3.162275e-09,5190.7,0.000281492,2.01074E-08
a_nx8_wcs_27c_rb14k_st1,A,extraction,wcs,hbt_wcs,27,8,1,14k,1.4e4,3.37357E-08,4.216963e-09,6815.8,0.000376866,2.69198E-08
a_nx8_wcs_27c_rb14k_st1,A,extraction,wcs,hbt_wcs,27,8,1,14k,1.4e4,4.49873E-08,5.623413e-09,8880.48,0.000505481,3.61067E-08
a_nx8_wcs_27c_rb14k_st1,A,extraction,wcs,hbt_wcs,27,8,1,14k,1.4e4,5.99915E-08,7.498937e-09,11418,0.000680019,4.85737E-08
a_nx8_wcs_27c_rb14k_st1,A,extraction,wcs,hbt_wcs,27,8,1,14k,1.4e4,8E-08,1.000000e-08,14330.6,0.00091934,6.56682E-08
a_nx8_wcs_27c_rb14k_st1,A,extraction,wcs,hbt_wcs,27,8,1,14k,1.4e4,1.06682E-07,1.333525e-08,17207.1,0.00125264,8.94756E-08
a_nx8_wcs_27c_rb14k_st1,A,extraction,wcs,hbt_wcs,27,8,1,14k,1.4e4,1.42262E-07,1.778275e-08,19061.3,0.00172477,1.232E-07
a_nx8_wcs_27c_rb14k_st1,A,extraction,wcs,hbt_wcs,27,8,1,14k,1.4e4,1.8971E-07,2.371375e-08,18797.8,0.00239274,1.70913E-07
a_nx8_wcs_27c_rb14k_st1,A,extraction,wcs,hbt_wcs,27,8,1,14k,1.4e4,2.52982E-07,3.162275e-08,18435.4,0.00219962,1.57124E-07
a_nx8_wcs_27c_rb14k_st1,A,extraction,wcs,hbt_wcs,27,8,1,14k,1.4e4,3.37357E-07,4.216963e-08,,,
a_nx8_wcs_27c_rb14k_st1,A,extraction,wcs,hbt_wcs,27,8,1,14k,1.4e4,4.49873E-07,5.623413e-08,,,
a_nx8_wcs_27c_rb14k_st1,A,extraction,wcs,hbt_wcs,27,8,1,14k,1.4e4,5.99915E-07,7.498937e-08,,,
a_nx8_wcs_27c_rb14k_st1,A,extraction,wcs,hbt_wcs,27,8,1,14k,1.4e4,8E-07,1.000000e-07,,,
a_nx8_wcs_27c_rb14k_st1,A,extraction,wcs,hbt_wcs,27,8,1,14k,1.4e4,1.06682E-06,1.333525e-07,,,
a_nx8_wcs_27c_rb14k_st1,A,extraction,wcs,hbt_wcs,27,8,1,14k,1.4e4,1.42262E-06,1.778275e-07,,,
a_nx8_wcs_27c_rb14k_st1,A,extraction,wcs,hbt_wcs,27,8,1,14k,1.4e4,1.8971E-06,2.371375e-07,,,
a_nx8_wcs_27c_rb14k_st1,A,extraction,wcs,hbt_wcs,27,8,1,14k,1.4e4,2.52982E-06,3.162275e-07,381.042,0.0353712,2.52944E-06
a_nx8_wcs_27c_rb14k_st1,A,extraction,wcs,hbt_wcs,27,8,1,14k,1.4e4,3.37357E-06,4.216963e-07,382.217,0.0471702,3.37319E-06
a_nx8_wcs_27c_rb14k_st1,A,extraction,wcs,hbt_wcs,27,8,1,14k,1.4e4,4.49873E-06,5.623413e-07,383.433,0.0629045,4.49835E-06
a_nx8_wcs_27c_rb14k_st1,A,extraction,wcs,hbt_wcs,27,8,1,14k,1.4e4,5.99915E-06,7.498937e-07,384.699,0.0838866,5.99877E-06
a_nx8_wcs_27c_rb14k_st1,A,extraction,wcs,hbt_wcs,27,8,1,14k,1.4e4,8E-06,1.000000e-06,386.035,0.111867,7.99961E-06
a_nx8_wcs_27c_rb14k_st1,A,extraction,wcs,hbt_wcs,27,8,1,14k,1.4e4,1.06682E-05,1.333525e-06,387.47,0.14918,1.06678E-05
a_nx8_wcs_27c_rb14k_st1,A,extraction,wcs,hbt_wcs,27,8,1,14k,1.4e4,1.42262E-05,1.778275e-06,389.045,0.198936,1.42258E-05
a_nx8_wcs_27c_rb14k_st1,A,extraction,wcs,hbt_wcs,27,8,1,14k,1.4e4,1.8971E-05,2.371375e-06,390.711,0.26529,1.89706E-05
a_nx8_wcs_27c_rb14k_st1,A,extraction,wcs,hbt_wcs,27,8,1,14k,1.4e4,2.52982E-05,3.162275e-06,389.711,0.35377,2.52978E-05
a_nx8_wcs_27c_rb14k_st1,A,extraction,wcs,hbt_wcs,27,8,1,14k,1.4e4,3.37357E-05,4.216963e-06,283.379,0.471549,3.37354E-05
a_nx8_wcs_27c_rb14k_st1,A,extraction,wcs,hbt_wcs,27,8,1,14k,1.4e4,4.49873E-05,5.623413e-06,28.8807,0.614246,4.49873E-05
a_nx8_wcs_27c_rb14k_st1,A,extraction,wcs,hbt_wcs,27,8,1,14k,1.4e4,5.99915E-05,7.498938e-06,8.89796,0.679994,5.99915E-05
a_nx8_wcs_27c_rb14k_st1,A,extraction,wcs,hbt_wcs,27,8,1,14k,1.4e4,8E-05,1.000000e-05,6.35776,0.705664,8E-05
a_nx8_wcs_27c_rb14k_st1,A,extraction,wcs,hbt_wcs,27,8,1,14k,1.4e4,0.000106682,1.333525e-05,5.27965,0.722288,0.000106682
a_nx8_wcs_27c_rb14k_st1,A,extraction,wcs,hbt_wcs,27,8,1,14k,1.4e4,0.000142262,1.778275e-05,4.63454,0.735309,0.000142262
a_nx8_wcs_27c_rb14k_st1,A,extraction,wcs,hbt_wcs,27,8,1,14k,1.4e4,0.00018971,2.371375e-05,4.18461,0.746479,0.00018971
a_nx8_wcs_27c_rb14k_st1,A,extraction,wcs,hbt_wcs,27,8,1,14k,1.4e4,0.000252982,3.162275e-05,3.84315,0.756573,0.000252982
a_nx8_wcs_27c_rb14k_st1,A,extraction,wcs,hbt_wcs,27,8,1,14k,1.4e4,0.000337357,4.216962e-05,3.57018,0.766003,0.000337357
a_nx8_wcs_27c_rb14k_st1,A,extraction,wcs,hbt_wcs,27,8,1,14k,1.4e4,0.000449873,5.623412e-05,3.34445,0.775025,0.000449873
a_nx8_wcs_27c_rb14k_st1,A,extraction,wcs,hbt_wcs,27,8,1,14k,1.4e4,0.000599915,7.498938e-05,3.1535,0.78381,0.000599915
a_nx8_wcs_27c_rb14k_st1,A,extraction,wcs,hbt_wcs,27,8,1,14k,1.4e4,0.0008,1.000000e-04,2.98959,0.792494,0.0008
a_nx8_wcs_27c_rb14k_st1,A,extraction,wcs,hbt_wcs,27,8,1,14k,1.4e4,0.00106682,1.333525e-04,2.8477,0.801196,0.00106682
a_nx8_wcs_27c_rb14k_st1,A,extraction,wcs,hbt_wcs,27,8,1,14k,1.4e4,0.00142262,1.778275e-04,2.72456,0.81003,0.00142262
a_nx8_wcs_27c_rb14k_st1,A,extraction,wcs,hbt_wcs,27,8,1,14k,1.4e4,0.0018971,2.371375e-04,2.61812,0.819123,0.0018971
a_nx8_wcs_27c_rb14k_st1,A,extraction,wcs,hbt_wcs,27,8,1,14k,1.4e4,0.00252982,3.162275e-04,2.5273,0.828618,0.00252982
a_nx8_wcs_27c_rb14k_st1,A,extraction,wcs,hbt_wcs,27,8,1,14k,1.4e4,0.00337357,4.216963e-04,2.45185,0.83868,0.00337357
a_nx8_wcs_27c_rb14k_st1,A,extraction,wcs,hbt_wcs,27,8,1,14k,1.4e4,0.00449873,5.623413e-04,2.39238,0.849503,0.00449873
a_nx8_wcs_27c_rb14k_st1,A,extraction,wcs,hbt_wcs,27,8,1,14k,1.4e4,0.00599915,7.498937e-04,2.35041,0.861302,0.00599915
a_nx8_wcs_27c_rb14k_st1,A,extraction,wcs,hbt_wcs,27,8,1,14k,1.4e4,0.008,1.000000e-03,2.32852,0.874294,0.008
a_nx8_wcs_27c_rb14k_st1,A,extraction,wcs,hbt_wcs,27,8,1,14k,1.4e4,0.0106682,1.333525e-03,2.33044,0.888649,0.0106682
a_nx8_wcs_27c_rb14k_st1,A,extraction,wcs,hbt_wcs,27,8,1,14k,1.4e4,0.0142262,1.778275e-03,2.36095,0.904402,0.0142262
a_nx8_wcs_27c_rb14k_st1,A,extraction,wcs,hbt_wcs,27,8,1,14k,1.4e4,0.018971,2.371375e-03,2.42538,0.921294,0.018971
a_nx8_wcs_27c_rb14k_st1,A,extraction,wcs,hbt_wcs,27,8,1,14k,1.4e4,0.0252982,3.162275e-03,2.52805,0.938527,0.0252982
a_nx8_wcs_27c_rb1p4k_st1,A,extraction,wcs,hbt_wcs,27,8,1,1p4k,1.4e3,8E-10,1.000000e-10,266.192,7.47299E-07,5.33785E-10
a_nx8_wcs_27c_rb1p4k_st1,A,extraction,wcs,hbt_wcs,27,8,1,1p4k,1.4e3,1.06682E-09,1.333525e-10,354.123,9.97743E-07,7.12677E-10
a_nx8_wcs_27c_rb1p4k_st1,A,extraction,wcs,hbt_wcs,27,8,1,1p4k,1.4e3,1.42262E-09,1.778275e-10,362.468,1.48365E-06,1.06016E-09
a_nx8_wcs_27c_rb1p4k_st1,A,extraction,wcs,hbt_wcs,27,8,1,1p4k,1.4e3,1.8971E-09,2.371375e-10,409.283,2.08195E-06,1.48782E-09
a_nx8_wcs_27c_rb1p4k_st1,A,extraction,wcs,hbt_wcs,27,8,1,1p4k,1.4e3,2.52982E-09,3.162275e-10,543.207,2.78022E-06,1.98659E-09
a_nx8_wcs_27c_rb1p4k_st1,A,extraction,wcs,hbt_wcs,27,8,1,1p4k,1.4e3,3.37357E-09,4.216962e-10,721.433,3.71192E-06,2.65209E-09
a_nx8_wcs_27c_rb1p4k_st1,A,extraction,wcs,hbt_wcs,27,8,1,1p4k,1.4e3,4.49873E-09,5.623413e-10,958.493,4.95528E-06,3.54021E-09
a_nx8_wcs_27c_rb1p4k_st1,A,extraction,wcs,hbt_wcs,27,8,1,1p4k,1.4e3,5.99915E-09,7.498938e-10,1273.55,6.61477E-06,4.72556E-09
a_nx8_wcs_27c_rb1p4k_st1,A,extraction,wcs,hbt_wcs,27,8,1,1p4k,1.4e3,8E-09,1.000000e-09,1691.86,8.83042E-06,6.30818E-09
a_nx8_wcs_27c_rb1p4k_st1,A,extraction,wcs,hbt_wcs,27,8,1,1p4k,1.4e3,1.06682E-08,1.333525e-09,2246.33,1.17897E-05,8.42198E-09
a_nx8_wcs_27c_rb1p4k_st1,A,extraction,wcs,hbt_wcs,27,8,1,1p4k,1.4e3,1.42262E-08,1.778275e-09,2979.39,1.57442E-05,1.12466E-08
a_nx8_wcs_27c_rb1p4k_st1,A,extraction,wcs,hbt_wcs,27,8,1,1p4k,1.4e3,1.8971E-08,2.371375e-09,3945.26,2.1035E-05,1.50257E-08
a_nx8_wcs_27c_rb1p4k_st1,A,extraction,wcs,hbt_wcs,27,8,1,1p4k,1.4e3,2.52982E-08,3.162275e-09,5210.23,2.8122E-05,2.00879E-08
a_nx8_wcs_27c_rb1p4k_st1,A,extraction,wcs,hbt_wcs,27,8,1,1p4k,1.4e3,3.37357E-08,4.216963e-09,6851.27,3.7637E-05,2.68844E-08
a_nx8_wcs_27c_rb1p4k_st1,A,extraction,wcs,hbt_wcs,27,8,1,1p4k,1.4e3,4.49873E-08,5.623413e-09,8945.43,5.04574E-05,3.60419E-08
a_nx8_wcs_27c_rb1p4k_st1,A,extraction,wcs,hbt_wcs,27,8,1,1p4k,1.4e3,5.99915E-08,7.498937e-09,11538,6.78341E-05,4.84538E-08
a_nx8_wcs_27c_rb1p4k_st1,A,extraction,wcs,hbt_wcs,27,8,1,1p4k,1.4e3,8E-08,1.000000e-08,14556.7,9.16173E-05,6.5442E-08
a_nx8_wcs_27c_rb1p4k_st1,A,extraction,wcs,hbt_wcs,27,8,1,1p4k,1.4e3,1.06682E-07,1.333525e-08,17615.8,0.00012469,8.90656E-08
a_nx8_wcs_27c_rb1p4k_st1,A,extraction,wcs,hbt_wcs,27,8,1,1p4k,1.4e3,1.42262E-07,1.778275e-08,19755,0.000171508,1.22507E-07
a_nx8_wcs_27c_rb1p4k_st1,A,extraction,wcs,hbt_wcs,27,8,1,1p4k,1.4e3,1.8971E-07,2.371375e-08,19773.5,0.000237908,1.69937E-07
a_nx8_wcs_27c_rb1p4k_st1,A,extraction,wcs,hbt_wcs,27,8,1,1p4k,1.4e3,2.52982E-07,3.162275e-08,19371.3,0.000214056,1.52898E-07
a_nx8_wcs_27c_rb1p4k_st1,A,extraction,wcs,hbt_wcs,27,8,1,1p4k,1.4e3,3.37357E-07,4.216963e-08,,,
a_nx8_wcs_27c_rb1p4k_st1,A,extraction,wcs,hbt_wcs,27,8,1,1p4k,1.4e3,4.49873E-07,5.623413e-08,,,
a_nx8_wcs_27c_rb1p4k_st1,A,extraction,wcs,hbt_wcs,27,8,1,1p4k,1.4e3,5.99915E-07,7.498937e-08,,,
a_nx8_wcs_27c_rb1p4k_st1,A,extraction,wcs,hbt_wcs,27,8,1,1p4k,1.4e3,8E-07,1.000000e-07,,,
a_nx8_wcs_27c_rb1p4k_st1,A,extraction,wcs,hbt_wcs,27,8,1,1p4k,1.4e3,1.06682E-06,1.333525e-07,,,
a_nx8_wcs_27c_rb1p4k_st1,A,extraction,wcs,hbt_wcs,27,8,1,1p4k,1.4e3,1.42262E-06,1.778275e-07,,,
a_nx8_wcs_27c_rb1p4k_st1,A,extraction,wcs,hbt_wcs,27,8,1,1p4k,1.4e3,1.8971E-06,2.371375e-07,,,
a_nx8_wcs_27c_rb1p4k_st1,A,extraction,wcs,hbt_wcs,27,8,1,1p4k,1.4e3,2.52982E-06,3.162275e-07,380.763,0.00353712,2.52944E-06
a_nx8_wcs_27c_rb1p4k_st1,A,extraction,wcs,hbt_wcs,27,8,1,1p4k,1.4e3,3.37357E-06,4.216963e-07,381.851,0.00471702,3.37319E-06
a_nx8_wcs_27c_rb1p4k_st1,A,extraction,wcs,hbt_wcs,27,8,1,1p4k,1.4e3,4.49873E-06,5.623413e-07,382.953,0.00629044,4.49835E-06
a_nx8_wcs_27c_rb1p4k_st1,A,extraction,wcs,hbt_wcs,27,8,1,1p4k,1.4e3,5.99915E-06,7.498937e-07,384.065,0.00838865,5.99877E-06
a_nx8_wcs_27c_rb1p4k_st1,A,extraction,wcs,hbt_wcs,27,8,1,1p4k,1.4e3,8E-06,1.000000e-06,385.188,0.0111867,7.99961E-06
a_nx8_wcs_27c_rb1p4k_st1,A,extraction,wcs,hbt_wcs,27,8,1,1p4k,1.4e3,1.06682E-05,1.333525e-06,386.324,0.0149179,1.06678E-05
a_nx8_wcs_27c_rb1p4k_st1,A,extraction,wcs,hbt_wcs,27,8,1,1p4k,1.4e3,1.42262E-05,1.778275e-06,387.478,0.0198935,1.42258E-05
a_nx8_wcs_27c_rb1p4k_st1,A,extraction,wcs,hbt_wcs,27,8,1,1p4k,1.4e3,1.8971E-05,2.371375e-06,388.659,0.0265288,1.89706E-05
a_nx8_wcs_27c_rb1p4k_st1,A,extraction,wcs,hbt_wcs,27,8,1,1p4k,1.4e3,2.52982E-05,3.162275e-06,389.883,0.035377,2.52978E-05
a_nx8_wcs_27c_rb1p4k_st1,A,extraction,wcs,hbt_wcs,27,8,1,1p4k,1.4e3,3.37357E-05,4.216963e-06,391.174,0.0471764,3.37353E-05
a_nx8_wcs_27c_rb1p4k_st1,A,extraction,wcs,hbt_wcs,27,8,1,1p4k,1.4e3,4.49873E-05,5.623413e-06,392.575,0.0629113,4.49869E-05
a_nx8_wcs_27c_rb1p4k_st1,A,extraction,wcs,hbt_wcs,27,8,1,1p4k,1.4e3,5.99915E-05,7.498938e-06,394.145,0.0838942,5.99911E-05
a_nx8_wcs_27c_rb1p4k_st1,A,extraction,wcs,hbt_wcs,27,8,1,1p4k,1.4e3,8E-05,1.000000e-05,395.947,0.111876,7.99996E-05
a_nx8_wcs_27c_rb1p4k_st1,A,extraction,wcs,hbt_wcs,27,8,1,1p4k,1.4e3,0.000106682,1.333525e-05,397.804,0.14919,0.000106682
a_nx8_wcs_27c_rb1p4k_st1,A,extraction,wcs,hbt_wcs,27,8,1,1p4k,1.4e3,0.000142262,1.778275e-05,396.801,0.198947,0.000142261
a_nx8_wcs_27c_rb1p4k_st1,A,extraction,wcs,hbt_wcs,27,8,1,1p4k,1.4e3,0.00018971,2.371375e-05,,,
a_nx8_wcs_27c_rb1p4k_st1,A,extraction,wcs,hbt_wcs,27,8,1,1p4k,1.4e3,0.000252982,3.162275e-05,,,
a_nx8_wcs_27c_rb1p4k_st1,A,extraction,wcs,hbt_wcs,27,8,1,1p4k,1.4e3,0.000337357,4.216962e-05,,,
a_nx8_wcs_27c_rb1p4k_st1,A,extraction,wcs,hbt_wcs,27,8,1,1p4k,1.4e3,0.000449873,5.623412e-05,,,
a_nx8_wcs_27c_rb1p4k_st1,A,extraction,wcs,hbt_wcs,27,8,1,1p4k,1.4e3,0.000599915,7.498938e-05,10.126,0.716713,0.000599915
a_nx8_wcs_27c_rb1p4k_st1,A,extraction,wcs,hbt_wcs,27,8,1,1p4k,1.4e3,0.0008,1.000000e-04,6.74791,0.749374,0.0008
a_nx8_wcs_27c_rb1p4k_st1,A,extraction,wcs,hbt_wcs,27,8,1,1p4k,1.4e3,0.00106682,1.333525e-04,5.49756,0.768397,0.00106682
a_nx8_wcs_27c_rb1p4k_st1,A,extraction,wcs,hbt_wcs,27,8,1,1p4k,1.4e3,0.00142262,1.778275e-04,4.78858,0.782834,0.00142262
a_nx8_wcs_27c_rb1p4k_st1,A,extraction,wcs,hbt_wcs,27,8,1,1p4k,1.4e3,0.0018971,2.371375e-04,4.3084,0.795242,0.0018971
a_nx8_wcs_27c_rb1p4k_st1,A,extraction,wcs,hbt_wcs,27,8,1,1p4k,1.4e3,0.00252982,3.162275e-04,3.95164,0.80673,0.00252982
a_nx8_wcs_27c_rb1p4k_st1,A,extraction,wcs,hbt_wcs,27,8,1,1p4k,1.4e3,0.00337357,4.216963e-04,3.6723,0.817942,0.00337357
a_nx8_wcs_27c_rb1p4k_st1,A,extraction,wcs,hbt_wcs,27,8,1,1p4k,1.4e3,0.00449873,5.623413e-04,3.44719,0.829337,0.00449873
a_nx8_wcs_27c_rb1p4k_st1,A,extraction,wcs,hbt_wcs,27,8,1,1p4k,1.4e3,0.00599915,7.498937e-04,3.26382,0.841301,0.00599915
a_nx8_wcs_27c_rb1p4k_st1,A,extraction,wcs,hbt_wcs,27,8,1,1p4k,1.4e3,0.008,1.000000e-03,3.11549,0.854171,0.008
a_nx8_wcs_27c_rb1p4k_st1,A,extraction,wcs,hbt_wcs,27,8,1,1p4k,1.4e3,0.0106682,1.333525e-03,2.99931,0.868251,0.0106682
a_nx8_wcs_27c_rb1p4k_st1,A,extraction,wcs,hbt_wcs,27,8,1,1p4k,1.4e3,0.0142262,1.778275e-03,2.9152,0.883741,0.0142262
a_nx8_wcs_27c_rb1p4k_st1,A,extraction,wcs,hbt_wcs,27,8,1,1p4k,1.4e3,0.018971,2.371375e-03,2.86553,0.900616,0.018971
a_nx8_wcs_27c_rb1p4k_st1,A,extraction,wcs,hbt_wcs,27,8,1,1p4k,1.4e3,0.0252982,3.162275e-03,2.8548,0.918395,0.0252982
a_nx1_wcs_125c_rb14k_st1,A,extraction,wcs,hbt_wcs,125,1,1,14k,1.4e4,1E-10,1.000000e-10,4.17642,1.50423E-07,1.10768E-11
a_nx1_wcs_125c_rb14k_st1,A,extraction,wcs,hbt_wcs,125,1,1,14k,1.4e4,1.33352E-10,1.333520e-10,13.4354,4.87559E-07,3.51696E-11
a_nx1_wcs_125c_rb14k_st1,A,extraction,wcs,hbt_wcs,125,1,1,14k,1.4e4,1.77828E-10,1.778280e-10,24.8377,9.50392E-07,6.82432E-11
a_nx1_wcs_125c_rb14k_st1,A,extraction,wcs,hbt_wcs,125,1,1,14k,1.4e4,2.37137E-10,2.371370e-10,39.4431,1.57599E-06,1.12947E-10
a_nx1_wcs_125c_rb14k_st1,A,extraction,wcs,hbt_wcs,125,1,1,14k,1.4e4,3.16228E-10,3.162280e-10,58.2374,2.41978E-06,1.73243E-10
a_nx1_wcs_125c_rb14k_st1,A,extraction,wcs,hbt_wcs,125,1,1,14k,1.4e4,4.21697E-10,4.216970e-10,82.2545,3.55959E-06,2.54695E-10
a_nx1_wcs_125c_rb14k_st1,A,extraction,wcs,hbt_wcs,125,1,1,14k,1.4e4,5.62341E-10,5.623410e-10,112.433,5.10532E-06,3.65158E-10
a_nx1_wcs_125c_rb14k_st1,A,extraction,wcs,hbt_wcs,125,1,1,14k,1.4e4,7.49894E-10,7.498940e-10,149.192,7.21527E-06,5.15951E-10
a_nx1_wcs_125c_rb14k_st1,A,extraction,wcs,hbt_wcs,125,1,1,14k,1.4e4,1E-09,1.000000e-09,191.555,1.01218E-05,7.2369E-10
a_nx1_wcs_125c_rb14k_st1,A,extraction,wcs,hbt_wcs,125,1,1,14k,1.4e4,1.33352E-09,1.333520e-09,236.057,1.41649E-05,1.0127E-09
a_nx1_wcs_125c_rb14k_st1,A,extraction,wcs,hbt_wcs,125,1,1,14k,1.4e4,1.77828E-09,1.778280e-09,276.968,1.98136E-05,1.41654E-09
a_nx1_wcs_125c_rb14k_st1,A,extraction,wcs,hbt_wcs,125,1,1,14k,1.4e4,2.37137E-09,2.371370e-09,309.53,2.76531E-05,1.97706E-09
a_nx1_wcs_125c_rb14k_st1,A,extraction,wcs,hbt_wcs,125,1,1,14k,1.4e4,3.16228E-09,3.162280e-09,332.885,3.83872E-05,2.74458E-09
a_nx1_wcs_125c_rb14k_st1,A,extraction,wcs,hbt_wcs,125,1,1,14k,1.4e4,4.21697E-09,4.216970e-09,348.894,5.29125E-05,3.78323E-09
a_nx1_wcs_125c_rb14k_st1,A,extraction,wcs,hbt_wcs,125,1,1,14k,1.4e4,5.62341E-09,5.623410e-09,359.811,7.24275E-05,5.17871E-09
a_nx1_wcs_125c_rb14k_st1,A,extraction,wcs,hbt_wcs,125,1,1,14k,1.4e4,7.49894E-09,7.498940e-09,367.344,9.85494E-05,7.04665E-09
a_nx1_wcs_125c_rb14k_st1,A,extraction,wcs,hbt_wcs,125,1,1,14k,1.4e4,1E-08,1.000000e-08,372.626,0.00013345,9.54235E-09
a_nx1_wcs_125c_rb14k_st1,A,extraction,wcs,hbt_wcs,125,1,1,14k,1.4e4,1.33352E-08,1.333520e-08,376.386,0.000180036,1.28737E-08
a_nx1_wcs_125c_rb14k_st1,A,extraction,wcs,hbt_wcs,125,1,1,14k,1.4e4,1.77828E-08,1.778280e-08,379.099,0.000242192,1.73184E-08
a_nx1_wcs_125c_rb14k_st1,A,extraction,wcs,hbt_wcs,125,1,1,14k,1.4e4,2.37137E-08,2.371370e-08,381.078,0.000325101,2.32471E-08
a_nx1_wcs_125c_rb14k_st1,A,extraction,wcs,hbt_wcs,125,1,1,14k,1.4e4,3.16228E-08,3.162280e-08,382.54,0.00043568,3.11545E-08
a_nx1_wcs_125c_rb14k_st1,A,extraction,wcs,hbt_wcs,125,1,1,14k,1.4e4,4.21697E-08,4.216970e-08,383.635,0.00058315,4.17E-08
a_nx1_wcs_125c_rb14k_st1,A,extraction,wcs,hbt_wcs,125,1,1,14k,1.4e4,5.62341E-08,5.623410e-08,384.474,0.000779811,5.5763E-08
a_nx1_wcs_125c_rb14k_st1,A,extraction,wcs,hbt_wcs,125,1,1,14k,1.4e4,7.49894E-08,7.498940e-08,385.141,0.00104207,7.4517E-08
a_nx1_wcs_125c_rb14k_st1,A,extraction,wcs,hbt_wcs,125,1,1,14k,1.4e4,1E-07,1.000000e-07,385.706,0.00139181,9.95262E-08
a_nx1_wcs_125c_rb14k_st1,A,extraction,wcs,hbt_wcs,125,1,1,14k,1.4e4,1.33352E-07,1.333520e-07,386.231,0.00185819,1.32877E-07
a_nx1_wcs_125c_rb14k_st1,A,extraction,wcs,hbt_wcs,125,1,1,14k,1.4e4,1.77828E-07,1.778280e-07,386.772,0.00248012,1.7735E-07
a_nx1_wcs_125c_rb14k_st1,A,extraction,wcs,hbt_wcs,125,1,1,14k,1.4e4,2.37137E-07,2.371370e-07,387.376,0.00330948,2.36657E-07
a_nx1_wcs_125c_rb14k_st1,A,extraction,wcs,hbt_wcs,125,1,1,14k,1.4e4,3.16228E-07,3.162280e-07,388.081,0.00441547,3.15744E-07
a_nx1_wcs_125c_rb14k_st1,A,extraction,wcs,hbt_wcs,125,1,1,14k,1.4e4,4.21697E-07,4.216970e-07,388.908,0.00589032,4.21208E-07
a_nx1_wcs_125c_rb14k_st1,A,extraction,wcs,hbt_wcs,125,1,1,14k,1.4e4,5.62341E-07,5.623410e-07,389.865,0.00785706,5.61845E-07
a_nx1_wcs_125c_rb14k_st1,A,extraction,wcs,hbt_wcs,125,1,1,14k,1.4e4,7.49894E-07,7.498940e-07,390.955,0.0104798,7.49389E-07
a_nx1_wcs_125c_rb14k_st1,A,extraction,wcs,hbt_wcs,125,1,1,14k,1.4e4,1E-06,1.000000e-06,392.177,0.0139772,9.99482E-07
a_nx1_wcs_125c_rb14k_st1,A,extraction,wcs,hbt_wcs,125,1,1,14k,1.4e4,1.33352E-06,1.333520e-06,393.532,0.0186411,1.33298E-06
a_nx1_wcs_125c_rb14k_st1,A,extraction,wcs,hbt_wcs,125,1,1,14k,1.4e4,1.77828E-06,1.778280e-06,395.03,0.0248606,1.77771E-06
a_nx1_wcs_125c_rb14k_st1,A,extraction,wcs,hbt_wcs,125,1,1,14k,1.4e4,2.37137E-06,2.371370e-06,396.682,0.0331542,2.37076E-06
a_nx1_wcs_125c_rb14k_st1,A,extraction,wcs,hbt_wcs,125,1,1,14k,1.4e4,3.16228E-06,3.162280e-06,398.499,0.044214,3.16159E-06
a_nx1_wcs_125c_rb14k_st1,A,extraction,wcs,hbt_wcs,125,1,1,14k,1.4e4,4.21697E-06,4.216970e-06,400.46,0.0589618,4.21613E-06
a_nx1_wcs_125c_rb14k_st1,A,extraction,wcs,hbt_wcs,125,1,1,14k,1.4e4,5.62341E-06,5.623410e-06,402.391,0.0786268,5.62227E-06
a_nx1_wcs_125c_rb14k_st1,A,extraction,wcs,hbt_wcs,125,1,1,14k,1.4e4,7.49894E-06,7.498940e-06,403.361,0.104846,7.49708E-06
a_nx1_wcs_125c_rb14k_st1,A,extraction,wcs,hbt_wcs,125,1,1,14k,1.4e4,1E-05,1.000000e-05,398.529,0.139796,9.99631E-06
a_nx1_wcs_125c_rb14k_st1,A,extraction,wcs,hbt_wcs,125,1,1,14k,1.4e4,1.33352E-05,1.333520e-05,367.165,0.18637,1.33279E-05
a_nx1_wcs_125c_rb14k_st1,A,extraction,wcs,hbt_wcs,125,1,1,14k,1.4e4,1.77828E-05,1.778280e-05,,,
a_nx1_wcs_125c_rb14k_st1,A,extraction,wcs,hbt_wcs,125,1,1,14k,1.4e4,2.37137E-05,2.371370e-05,,,
a_nx1_wcs_125c_rb14k_st1,A,extraction,wcs,hbt_wcs,125,1,1,14k,1.4e4,3.16228E-05,3.162280e-05,,,
a_nx1_wcs_125c_rb14k_st1,A,extraction,wcs,hbt_wcs,125,1,1,14k,1.4e4,4.21697E-05,4.216970e-05,14.4457,0.552604,4.21695E-05
a_nx1_wcs_125c_rb14k_st1,A,extraction,wcs,hbt_wcs,125,1,1,14k,1.4e4,5.62341E-05,5.623410e-05,7.32433,0.612065,5.6234E-05
a_nx1_wcs_125c_rb14k_st1,A,extraction,wcs,hbt_wcs,125,1,1,14k,1.4e4,7.49894E-05,7.498940e-05,5.50429,0.643283,7.49893E-05
a_nx1_wcs_125c_rb14k_st1,A,extraction,wcs,hbt_wcs,125,1,1,14k,1.4e4,0.0001,1.000000e-04,4.64007,0.665127,9.99999E-05
a_nx1_wcs_125c_rb14k_st1,A,extraction,wcs,hbt_wcs,125,1,1,14k,1.4e4,0.000133352,1.333520e-04,4.10826,0.682878,0.000133352
a_nx1_wcs_125c_rb14k_st1,A,extraction,wcs,hbt_wcs,125,1,1,14k,1.4e4,0.000177828,1.778280e-04,3.73601,0.698565,0.000177828
a_nx1_wcs_125c_rb14k_st1,A,extraction,wcs,hbt_wcs,125,1,1,14k,1.4e4,0.000237137,2.371370e-04,3.45602,0.713204,0.000237137
a_nx1_wcs_125c_rb14k_st1,A,extraction,wcs,hbt_wcs,125,1,1,14k,1.4e4,0.000316228,3.162280e-04,3.23657,0.72742,0.000316228
a_nx1_wcs_125c_rb14k_st1,A,extraction,wcs,hbt_wcs,125,1,1,14k,1.4e4,0.000421697,4.216970e-04,3.06103,0.741671,0.000421697
a_nx1_wcs_125c_rb14k_st1,A,extraction,wcs,hbt_wcs,125,1,1,14k,1.4e4,0.000562341,5.623410e-04,2.92028,0.756346,0.000562341
a_nx1_wcs_125c_rb14k_st1,A,extraction,wcs,hbt_wcs,125,1,1,14k,1.4e4,0.000749894,7.498940e-04,2.80954,0.77181,0.000749893
a_nx1_wcs_125c_rb14k_st1,A,extraction,wcs,hbt_wcs,125,1,1,14k,1.4e4,0.001,1.000000e-03,2.72694,0.78842,0.000999999
a_nx1_wcs_125c_rb14k_st1,A,extraction,wcs,hbt_wcs,125,1,1,14k,1.4e4,0.00133352,1.333520e-03,2.67296,0.806516,0.00133352
a_nx1_wcs_125c_rb14k_st1,A,extraction,wcs,hbt_wcs,125,1,1,14k,1.4e4,0.00177828,1.778280e-03,2.65022,0.826371,0.00177827
a_nx1_wcs_125c_rb14k_st1,A,extraction,wcs,hbt_wcs,125,1,1,14k,1.4e4,0.00237137,2.371370e-03,2.66336,0.848094,0.00237135
a_nx1_wcs_125c_rb14k_st1,A,extraction,wcs,hbt_wcs,125,1,1,14k,1.4e4,0.00316228,3.162280e-03,2.71753,0.871456,0.00316218
a_nx1_wcs_125c_rb1p4k_st1,A,extraction,wcs,hbt_wcs,125,1,1,1p4k,1.4e3,1E-10,1.000000e-10,4.17642,1.50423E-08,1.10768E-11
a_nx1_wcs_125c_rb1p4k_st1,A,extraction,wcs,hbt_wcs,125,1,1,1p4k,1.4e3,1.33352E-10,1.333520e-10,13.4355,4.87561E-08,3.51697E-11
a_nx1_wcs_125c_rb1p4k_st1,A,extraction,wcs,hbt_wcs,125,1,1,1p4k,1.4e3,1.77828E-10,1.778280e-10,24.8378,9.50396E-08,6.82434E-11
a_nx1_wcs_125c_rb1p4k_st1,A,extraction,wcs,hbt_wcs,125,1,1,1p4k,1.4e3,2.37137E-10,2.371370e-10,39.4432,1.57598E-07,1.12946E-10
a_nx1_wcs_125c_rb1p4k_st1,A,extraction,wcs,hbt_wcs,125,1,1,1p4k,1.4e3,3.16228E-10,3.162280e-10,58.238,2.41977E-07,1.73243E-10
a_nx1_wcs_125c_rb1p4k_st1,A,extraction,wcs,hbt_wcs,125,1,1,1p4k,1.4e3,4.21697E-10,4.216970e-10,82.256,3.55957E-07,2.54693E-10
a_nx1_wcs_125c_rb1p4k_st1,A,extraction,wcs,hbt_wcs,125,1,1,1p4k,1.4e3,5.62341E-10,5.623410e-10,112.437,5.1053E-07,3.65156E-10
a_nx1_wcs_125c_rb1p4k_st1,A,extraction,wcs,hbt_wcs,125,1,1,1p4k,1.4e3,7.49894E-10,7.498940e-10,149.198,7.21519E-07,5.15945E-10
a_nx1_wcs_125c_rb1p4k_st1,A,extraction,wcs,hbt_wcs,125,1,1,1p4k,1.4e3,1E-09,1.000000e-09,191.567,1.01216E-06,7.2368E-10
a_nx1_wcs_125c_rb1p4k_st1,A,extraction,wcs,hbt_wcs,125,1,1,1p4k,1.4e3,1.33352E-09,1.333520e-09,236.077,1.41646E-06,1.01268E-09
a_nx1_wcs_125c_rb1p4k_st1,A,extraction,wcs,hbt_wcs,125,1,1,1p4k,1.4e3,1.77828E-09,1.778280e-09,276.997,1.98132E-06,1.41651E-09
a_nx1_wcs_125c_rb1p4k_st1,A,extraction,wcs,hbt_wcs,125,1,1,1p4k,1.4e3,2.37137E-09,2.371370e-09,309.566,2.76526E-06,1.97702E-09
a_nx1_wcs_125c_rb1p4k_st1,A,extraction,wcs,hbt_wcs,125,1,1,1p4k,1.4e3,3.16228E-09,3.162280e-09,332.924,3.83867E-06,2.74455E-09
a_nx1_wcs_125c_rb1p4k_st1,A,extraction,wcs,hbt_wcs,125,1,1,1p4k,1.4e3,4.21697E-09,4.216970e-09,348.934,5.29119E-06,3.78319E-09
a_nx1_wcs_125c_rb1p4k_st1,A,extraction,wcs,hbt_wcs,125,1,1,1p4k,1.4e3,5.62341E-09,5.623410e-09,359.851,7.2427E-06,5.17868E-09
a_nx1_wcs_125c_rb1p4k_st1,A,extraction,wcs,hbt_wcs,125,1,1,1p4k,1.4e3,7.49894E-09,7.498940e-09,367.383,9.85488E-06,7.04661E-09
a_nx1_wcs_125c_rb1p4k_st1,A,extraction,wcs,hbt_wcs,125,1,1,1p4k,1.4e3,1E-08,1.000000e-08,372.662,1.33449E-05,9.54231E-09
a_nx1_wcs_125c_rb1p4k_st1,A,extraction,wcs,hbt_wcs,125,1,1,1p4k,1.4e3,1.33352E-08,1.333520e-08,376.419,1.80036E-05,1.28736E-08
a_nx1_wcs_125c_rb1p4k_st1,A,extraction,wcs,hbt_wcs,125,1,1,1p4k,1.4e3,1.77828E-08,1.778280e-08,379.127,2.42192E-05,1.73184E-08
a_nx1_wcs_125c_rb1p4k_st1,A,extraction,wcs,hbt_wcs,125,1,1,1p4k,1.4e3,2.37137E-08,2.371370e-08,381.1,3.25101E-05,2.32471E-08
a_nx1_wcs_125c_rb1p4k_st1,A,extraction,wcs,hbt_wcs,125,1,1,1p4k,1.4e3,3.16228E-08,3.162280e-08,382.554,4.3568E-05,3.11545E-08
a_nx1_wcs_125c_rb1p4k_st1,A,extraction,wcs,hbt_wcs,125,1,1,1p4k,1.4e3,4.21697E-08,4.216970e-08,383.638,5.8315E-05,4.17E-08
a_nx1_wcs_125c_rb1p4k_st1,A,extraction,wcs,hbt_wcs,125,1,1,1p4k,1.4e3,5.62341E-08,5.623410e-08,384.463,7.79811E-05,5.5763E-08
a_nx1_wcs_125c_rb1p4k_st1,A,extraction,wcs,hbt_wcs,125,1,1,1p4k,1.4e3,7.49894E-08,7.498940e-08,385.113,0.000104207,7.45171E-08
a_nx1_wcs_125c_rb1p4k_st1,A,extraction,wcs,hbt_wcs,125,1,1,1p4k,1.4e3,1E-07,1.000000e-07,385.657,0.000139181,9.95263E-08
a_nx1_wcs_125c_rb1p4k_st1,A,extraction,wcs,hbt_wcs,125,1,1,1p4k,1.4e3,1.33352E-07,1.333520e-07,386.156,0.000185819,1.32877E-07
a_nx1_wcs_125c_rb1p4k_st1,A,extraction,wcs,hbt_wcs,125,1,1,1p4k,1.4e3,1.77828E-07,1.778280e-07,386.668,0.000248012,1.77351E-07
a_nx1_wcs_125c_rb1p4k_st1,A,extraction,wcs,hbt_wcs,125,1,1,1p4k,1.4e3,2.37137E-07,2.371370e-07,387.241,0.000330948,2.36657E-07
a_nx1_wcs_125c_rb1p4k_st1,A,extraction,wcs,hbt_wcs,125,1,1,1p4k,1.4e3,3.16228E-07,3.162280e-07,387.912,0.000441547,3.15744E-07
a_nx1_wcs_125c_rb1p4k_st1,A,extraction,wcs,hbt_wcs,125,1,1,1p4k,1.4e3,4.21697E-07,4.216970e-07,388.704,0.000589032,4.21208E-07
a_nx1_wcs_125c_rb1p4k_st1,A,extraction,wcs,hbt_wcs,125,1,1,1p4k,1.4e3,5.62341E-07,5.623410e-07,389.624,0.000785706,5.61846E-07
a_nx1_wcs_125c_rb1p4k_st1,A,extraction,wcs,hbt_wcs,125,1,1,1p4k,1.4e3,7.49894E-07,7.498940e-07,390.672,0.00104798,7.4939E-07
a_nx1_wcs_125c_rb1p4k_st1,A,extraction,wcs,hbt_wcs,125,1,1,1p4k,1.4e3,1E-06,1.000000e-06,391.847,0.00139772,9.99483E-07
a_nx1_wcs_125c_rb1p4k_st1,A,extraction,wcs,hbt_wcs,125,1,1,1p4k,1.4e3,1.33352E-06,1.333520e-06,393.15,0.00186411,1.33298E-06
a_nx1_wcs_125c_rb1p4k_st1,A,extraction,wcs,hbt_wcs,125,1,1,1p4k,1.4e3,1.77828E-06,1.778280e-06,394.593,0.00248606,1.77772E-06
a_nx1_wcs_125c_rb1p4k_st1,A,extraction,wcs,hbt_wcs,125,1,1,1p4k,1.4e3,2.37137E-06,2.371370e-06,396.197,0.00331542,2.37076E-06
a_nx1_wcs_125c_rb1p4k_st1,A,extraction,wcs,hbt_wcs,125,1,1,1p4k,1.4e3,3.16228E-06,3.162280e-06,398.002,0.00442139,3.16159E-06
a_nx1_wcs_125c_rb1p4k_st1,A,extraction,wcs,hbt_wcs,125,1,1,1p4k,1.4e3,4.21697E-06,4.216970e-06,400.075,0.00589618,4.21613E-06
a_nx1_wcs_125c_rb1p4k_st1,A,extraction,wcs,hbt_wcs,125,1,1,1p4k,1.4e3,5.62341E-06,5.623410e-06,402.536,0.00786269,5.62227E-06
a_nx1_wcs_125c_rb1p4k_st1,A,extraction,wcs,hbt_wcs,125,1,1,1p4k,1.4e3,7.49894E-06,7.498940e-06,405.575,0.0104847,7.49706E-06
a_nx1_wcs_125c_rb1p4k_st1,A,extraction,wcs,hbt_wcs,125,1,1,1p4k,1.4e3,1E-05,1.000000e-05,409.516,0.0139796,9.99598E-06
a_nx1_wcs_125c_rb1p4k_st1,A,extraction,wcs,hbt_wcs,125,1,1,1p4k,1.4e3,1.33352E-05,1.333520e-05,414.885,0.0186333,1.33234E-05
a_nx1_wcs_125c_rb1p4k_st1,A,extraction,wcs,hbt_wcs,125,1,1,1p4k,1.4e3,1.77828E-05,1.778280e-05,422.1,0.0248012,1.77333E-05
a_nx1_wcs_125c_rb1p4k_st1,A,extraction,wcs,hbt_wcs,125,1,1,1p4k,1.4e3,2.37137E-05,2.371370e-05,426.267,0.0327724,2.34325E-05
a_nx1_wcs_125c_rb1p4k_st1,A,extraction,wcs,hbt_wcs,125,1,1,1p4k,1.4e3,3.16228E-05,3.162280e-05,,,
a_nx1_wcs_125c_rb1p4k_st1,A,extraction,wcs,hbt_wcs,125,1,1,1p4k,1.4e3,4.21697E-05,4.216970e-05,,,
a_nx1_wcs_125c_rb1p4k_st1,A,extraction,wcs,hbt_wcs,125,1,1,1p4k,1.4e3,5.62341E-05,5.623410e-05,,,
a_nx1_wcs_125c_rb1p4k_st1,A,extraction,wcs,hbt_wcs,125,1,1,1p4k,1.4e3,7.49894E-05,7.498940e-05,,,
a_nx1_wcs_125c_rb1p4k_st1,A,extraction,wcs,hbt_wcs,125,1,1,1p4k,1.4e3,0.0001,1.000000e-04,,,
a_nx1_wcs_125c_rb1p4k_st1,A,extraction,wcs,hbt_wcs,125,1,1,1p4k,1.4e3,0.000133352,1.333520e-04,,,
a_nx1_wcs_125c_rb1p4k_st1,A,extraction,wcs,hbt_wcs,125,1,1,1p4k,1.4e3,0.000177828,1.778280e-04,,,
a_nx1_wcs_125c_rb1p4k_st1,A,extraction,wcs,hbt_wcs,125,1,1,1p4k,1.4e3,0.000237137,2.371370e-04,,,
a_nx1_wcs_125c_rb1p4k_st1,A,extraction,wcs,hbt_wcs,125,1,1,1p4k,1.4e3,0.000316228,3.162280e-04,,,
a_nx1_wcs_125c_rb1p4k_st1,A,extraction,wcs,hbt_wcs,125,1,1,1p4k,1.4e3,0.000421697,4.216970e-04,,,
a_nx1_wcs_125c_rb1p4k_st1,A,extraction,wcs,hbt_wcs,125,1,1,1p4k,1.4e3,0.000562341,5.623410e-04,7.21968,0.613909,0.000562338
a_nx1_wcs_125c_rb1p4k_st1,A,extraction,wcs,hbt_wcs,125,1,1,1p4k,1.4e3,0.000749894,7.498940e-04,5.52016,0.653018,0.000749891
a_nx1_wcs_125c_rb1p4k_st1,A,extraction,wcs,hbt_wcs,125,1,1,1p4k,1.4e3,0.001,1.000000e-03,4.69656,0.681916,0.000999995
a_nx1_wcs_125c_rb1p4k_st1,A,extraction,wcs,hbt_wcs,125,1,1,1p4k,1.4e3,0.00133352,1.333520e-03,4.20051,0.70743,0.00133351
a_nx1_wcs_125c_rb1p4k_st1,A,extraction,wcs,hbt_wcs,125,1,1,1p4k,1.4e3,0.00177828,1.778280e-03,3.87051,0.73216,0.00177826
a_nx1_wcs_125c_rb1p4k_st1,A,extraction,wcs,hbt_wcs,125,1,1,1p4k,1.4e3,0.00237137,2.371370e-03,3.6439,0.757273,0.00237129
a_nx1_wcs_125c_rb1p4k_st1,A,extraction,wcs,hbt_wcs,125,1,1,1p4k,1.4e3,0.00316228,3.162280e-03,3.48929,0.783277,0.0031619
a_nx8_wcs_125c_rb14k_st1,A,extraction,wcs,hbt_wcs,125,8,1,14k,1.4e4,8E-10,1.000000e-10,42.3535,5.33054E-06,3.83796E-10
a_nx8_wcs_125c_rb14k_st1,A,extraction,wcs,hbt_wcs,125,8,1,14k,1.4e4,1.06682E-09,1.333525e-10,62.9973,8.77379E-06,6.29971E-10
a_nx8_wcs_125c_rb14k_st1,A,extraction,wcs,hbt_wcs,125,8,1,14k,1.4e4,1.42262E-09,1.778275e-10,87.5346,1.34071E-05,9.6123E-10
a_nx8_wcs_125c_rb14k_st1,A,extraction,wcs,hbt_wcs,125,8,1,14k,1.4e4,1.8971E-09,2.371375e-10,115.973,1.96458E-05,1.40726E-09
a_nx8_wcs_125c_rb14k_st1,A,extraction,wcs,hbt_wcs,125,8,1,14k,1.4e4,2.52982E-09,3.162275e-10,147.703,2.80517E-05,2.00826E-09
a_nx8_wcs_125c_rb14k_st1,A,extraction,wcs,hbt_wcs,125,8,1,14k,1.4e4,3.37357E-09,4.216962e-10,181.407,3.93807E-05,2.81827E-09
a_nx8_wcs_125c_rb14k_st1,A,extraction,wcs,hbt_wcs,125,8,1,14k,1.4e4,4.49873E-09,5.623413e-10,215.216,5.46438E-05,3.90961E-09
a_nx8_wcs_125c_rb14k_st1,A,extraction,wcs,hbt_wcs,125,8,1,14k,1.4e4,5.99915E-09,7.498938e-10,247.138,7.51809E-05,5.37809E-09
a_nx8_wcs_125c_rb14k_st1,A,extraction,wcs,hbt_wcs,125,8,1,14k,1.4e4,8E-09,1.000000e-09,275.598,0.000102764,7.35042E-09
a_nx8_wcs_125c_rb14k_st1,A,extraction,wcs,hbt_wcs,125,8,1,14k,1.4e4,1.06682E-08,1.333525e-09,299.762,0.000139739,9.99442E-09
a_nx8_wcs_125c_rb14k_st1,A,extraction,wcs,hbt_wcs,125,8,1,14k,1.4e4,1.42262E-08,1.778275e-09,319.51,0.000189219,1.35326E-08
a_nx8_wcs_125c_rb14k_st1,A,extraction,wcs,hbt_wcs,125,8,1,14k,1.4e4,1.8971E-08,2.371375e-09,335.215,0.000255351,1.82616E-08
a_nx8_wcs_125c_rb14k_st1,A,extraction,wcs,hbt_wcs,125,8,1,14k,1.4e4,2.52982E-08,3.162275e-09,347.468,0.000343659,2.45764E-08
a_nx8_wcs_125c_rb14k_st1,A,extraction,wcs,hbt_wcs,125,8,1,14k,1.4e4,3.37357E-08,4.216963e-09,356.909,0.000461517,3.30043E-08
a_nx8_wcs_125c_rb14k_st1,A,extraction,wcs,hbt_wcs,125,8,1,14k,1.4e4,4.49873E-08,5.623413e-09,364.124,0.000618757,4.42484E-08
a_nx8_wcs_125c_rb14k_st1,A,extraction,wcs,hbt_wcs,125,8,1,14k,1.4e4,5.99915E-08,7.498937e-09,369.611,0.000828498,5.92468E-08
a_nx8_wcs_125c_rb14k_st1,A,extraction,wcs,hbt_wcs,125,8,1,14k,1.4e4,8E-08,1.000000e-08,373.772,0.00110824,7.92506E-08
a_nx8_wcs_125c_rb14k_st1,A,extraction,wcs,hbt_wcs,125,8,1,14k,1.4e4,1.06682E-07,1.333525e-08,376.926,0.00148131,1.05929E-07
a_nx8_wcs_125c_rb14k_st1,A,extraction,wcs,hbt_wcs,125,8,1,14k,1.4e4,1.42262E-07,1.778275e-08,379.321,0.00197883,1.41506E-07
a_nx8_wcs_125c_rb14k_st1,A,extraction,wcs,hbt_wcs,125,8,1,14k,1.4e4,1.8971E-07,2.371375e-08,381.15,0.00264231,1.88951E-07
a_nx8_wcs_125c_rb14k_st1,A,extraction,wcs,hbt_wcs,125,8,1,14k,1.4e4,2.52982E-07,3.162275e-08,382.562,0.00352708,2.5222E-07
a_nx8_wcs_125c_rb14k_st1,A,extraction,wcs,hbt_wcs,125,8,1,14k,1.4e4,3.37357E-07,4.216963e-08,383.675,0.00470696,3.36592E-07
a_nx8_wcs_125c_rb14k_st1,A,extraction,wcs,hbt_wcs,125,8,1,14k,1.4e4,4.49873E-07,5.623413e-08,384.581,0.00628036,4.49104E-07
a_nx8_wcs_125c_rb14k_st1,A,extraction,wcs,hbt_wcs,125,8,1,14k,1.4e4,5.99915E-07,7.498937e-08,385.361,0.00837853,5.99142E-07
a_nx8_wcs_125c_rb14k_st1,A,extraction,wcs,hbt_wcs,125,8,1,14k,1.4e4,8E-07,1.000000e-07,386.08,0.0111765,7.99222E-07
a_nx8_wcs_125c_rb14k_st1,A,extraction,wcs,hbt_wcs,125,8,1,14k,1.4e4,1.06682E-06,1.333525e-07,386.798,0.0149077,1.06603E-06
a_nx8_wcs_125c_rb14k_st1,A,extraction,wcs,hbt_wcs,125,8,1,14k,1.4e4,1.42262E-06,1.778275e-07,387.566,0.0198832,1.42183E-06
a_nx8_wcs_125c_rb14k_st1,A,extraction,wcs,hbt_wcs,125,8,1,14k,1.4e4,1.8971E-06,2.371375e-07,388.424,0.0265183,1.89629E-06
a_nx8_wcs_125c_rb14k_st1,A,extraction,wcs,hbt_wcs,125,8,1,14k,1.4e4,2.52982E-06,3.162275e-07,389.399,0.0353664,2.529E-06
a_nx8_wcs_125c_rb14k_st1,A,extraction,wcs,hbt_wcs,125,8,1,14k,1.4e4,3.37357E-06,4.216963e-07,390.493,0.0471655,3.37272E-06
a_nx8_wcs_125c_rb14k_st1,A,extraction,wcs,hbt_wcs,125,8,1,14k,1.4e4,4.49873E-06,5.623413e-07,391.669,0.0628999,4.49785E-06
a_nx8_wcs_125c_rb14k_st1,A,extraction,wcs,hbt_wcs,125,8,1,14k,1.4e4,5.99915E-06,7.498937e-07,392.759,0.083882,5.99822E-06
a_nx8_wcs_125c_rb14k_st1,A,extraction,wcs,hbt_wcs,125,8,1,14k,1.4e4,8E-06,1.000000e-06,393.132,0.111862,7.999E-06
a_nx8_wcs_125c_rb14k_st1,A,extraction,wcs,hbt_wcs,125,8,1,14k,1.4e4,1.06682E-05,1.333525e-06,390.097,0.149173,1.06671E-05
a_nx8_wcs_125c_rb14k_st1,A,extraction,wcs,hbt_wcs,125,8,1,14k,1.4e4,1.42262E-05,1.778275e-06,370.882,0.198916,1.4225E-05
a_nx8_wcs_125c_rb14k_st1,A,extraction,wcs,hbt_wcs,125,8,1,14k,1.4e4,1.8971E-05,2.371375e-06,287.649,0.26517,1.89699E-05
a_nx8_wcs_125c_rb14k_st1,A,extraction,wcs,hbt_wcs,125,8,1,14k,1.4e4,2.52982E-05,3.162275e-06,117.547,0.352733,2.52975E-05
a_nx8_wcs_125c_rb14k_st1,A,extraction,wcs,hbt_wcs,125,8,1,14k,1.4e4,3.37357E-05,4.216963e-06,22.1368,0.456807,3.37353E-05
a_nx8_wcs_125c_rb14k_st1,A,extraction,wcs,hbt_wcs,125,8,1,14k,1.4e4,4.49873E-05,5.623413e-06,8.54533,0.527079,4.49869E-05
a_nx8_wcs_125c_rb14k_st1,A,extraction,wcs,hbt_wcs,125,8,1,14k,1.4e4,5.99915E-05,7.498938e-06,5.9279,0.562966,5.99911E-05
a_nx8_wcs_125c_rb14k_st1,A,extraction,wcs,hbt_wcs,125,8,1,14k,1.4e4,8E-05,1.000000e-05,4.84429,0.586558,7.99996E-05
a_nx8_wcs_125c_rb14k_st1,A,extraction,wcs,hbt_wcs,125,8,1,14k,1.4e4,0.000106682,1.333525e-05,4.21803,0.604884,0.000106682
a_nx8_wcs_125c_rb14k_st1,A,extraction,wcs,hbt_wcs,125,8,1,14k,1.4e4,0.000142262,1.778275e-05,3.79304,0.620451,0.000142262
a_nx8_wcs_125c_rb14k_st1,A,extraction,wcs,hbt_wcs,125,8,1,14k,1.4e4,0.00018971,2.371375e-05,3.47733,0.634395,0.00018971
a_nx8_wcs_125c_rb14k_st1,A,extraction,wcs,hbt_wcs,125,8,1,14k,1.4e4,0.000252982,3.162275e-05,3.22933,0.647317,0.000252982
a_nx8_wcs_125c_rb14k_st1,A,extraction,wcs,hbt_wcs,125,8,1,14k,1.4e4,0.000337357,4.216962e-05,3.0273,0.659578,0.000337357
a_nx8_wcs_125c_rb14k_st1,A,extraction,wcs,hbt_wcs,125,8,1,14k,1.4e4,0.000449873,5.623412e-05,2.8587,0.671414,0.000449873
a_nx8_wcs_125c_rb14k_st1,A,extraction,wcs,hbt_wcs,125,8,1,14k,1.4e4,0.000599915,7.498938e-05,2.71581,0.682995,0.000599915
a_nx8_wcs_125c_rb14k_st1,A,extraction,wcs,hbt_wcs,125,8,1,14k,1.4e4,0.0008,1.000000e-04,2.59367,0.694456,0.000799999
a_nx8_wcs_125c_rb14k_st1,A,extraction,wcs,hbt_wcs,125,8,1,14k,1.4e4,0.00106682,1.333525e-04,2.48906,0.705917,0.00106682
a_nx8_wcs_125c_rb14k_st1,A,extraction,wcs,hbt_wcs,125,8,1,14k,1.4e4,0.00142262,1.778275e-04,2.39995,0.717493,0.00142262
a_nx8_wcs_125c_rb14k_st1,A,extraction,wcs,hbt_wcs,125,8,1,14k,1.4e4,0.0018971,2.371375e-04,2.3252,0.729308,0.0018971
a_nx8_wcs_125c_rb14k_st1,A,extraction,wcs,hbt_wcs,125,8,1,14k,1.4e4,0.00252982,3.162275e-04,2.26445,0.741497,0.00252982
a_nx8_wcs_125c_rb14k_st1,A,extraction,wcs,hbt_wcs,125,8,1,14k,1.4e4,0.00337357,4.216963e-04,2.21802,0.754215,0.00337357
a_nx8_wcs_125c_rb14k_st1,A,extraction,wcs,hbt_wcs,125,8,1,14k,1.4e4,0.00449873,5.623413e-04,2.18702,0.767638,0.00449873
a_nx8_wcs_125c_rb14k_st1,A,extraction,wcs,hbt_wcs,125,8,1,14k,1.4e4,0.00599915,7.498937e-04,2.17334,0.781951,0.00599915
a_nx8_wcs_125c_rb14k_st1,A,extraction,wcs,hbt_wcs,125,8,1,14k,1.4e4,0.008,1.000000e-03,2.17979,0.797331,0.008
a_nx8_wcs_125c_rb14k_st1,A,extraction,wcs,hbt_wcs,125,8,1,14k,1.4e4,0.0106682,1.333525e-03,2.21007,0.813902,0.0106682
a_nx8_wcs_125c_rb14k_st1,A,extraction,wcs,hbt_wcs,125,8,1,14k,1.4e4,0.0142262,1.778275e-03,2.26869,0.83165,0.0142262
a_nx8_wcs_125c_rb14k_st1,A,extraction,wcs,hbt_wcs,125,8,1,14k,1.4e4,0.018971,2.371375e-03,2.3601,0.850285,0.0189709
a_nx8_wcs_125c_rb14k_st1,A,extraction,wcs,hbt_wcs,125,8,1,14k,1.4e4,0.0252982,3.162275e-03,2.48431,0.869138,0.0252973
a_nx8_wcs_125c_rb1p4k_st1,A,extraction,wcs,hbt_wcs,125,8,1,1p4k,1.4e3,8E-10,1.000000e-10,42.3564,5.33057E-07,3.83798E-10
a_nx8_wcs_125c_rb1p4k_st1,A,extraction,wcs,hbt_wcs,125,8,1,1p4k,1.4e3,1.06682E-09,1.333525e-10,63.0039,8.77373E-07,6.29966E-10
a_nx8_wcs_125c_rb1p4k_st1,A,extraction,wcs,hbt_wcs,125,8,1,1p4k,1.4e3,1.42262E-09,1.778275e-10,87.5485,1.3407E-06,9.61216E-10
a_nx8_wcs_125c_rb1p4k_st1,A,extraction,wcs,hbt_wcs,125,8,1,1p4k,1.4e3,1.8971E-09,2.371375e-10,116.001,1.96456E-06,1.40725E-09
a_nx8_wcs_125c_rb1p4k_st1,A,extraction,wcs,hbt_wcs,125,8,1,1p4k,1.4e3,2.52982E-09,3.162275e-10,147.749,2.80511E-06,2.00822E-09
a_nx8_wcs_125c_rb1p4k_st1,A,extraction,wcs,hbt_wcs,125,8,1,1p4k,1.4e3,3.37357E-09,4.216962e-10,181.481,3.93798E-06,2.81821E-09
a_nx8_wcs_125c_rb1p4k_st1,A,extraction,wcs,hbt_wcs,125,8,1,1p4k,1.4e3,4.49873E-09,5.623413e-10,215.325,5.46424E-06,3.90951E-09
a_nx8_wcs_125c_rb1p4k_st1,A,extraction,wcs,hbt_wcs,125,8,1,1p4k,1.4e3,5.99915E-09,7.498938e-10,247.285,7.51789E-06,5.37794E-09
a_nx8_wcs_125c_rb1p4k_st1,A,extraction,wcs,hbt_wcs,125,8,1,1p4k,1.4e3,8E-09,1.000000e-09,275.783,1.02762E-05,7.35026E-09
a_nx8_wcs_125c_rb1p4k_st1,A,extraction,wcs,hbt_wcs,125,8,1,1p4k,1.4e3,1.06682E-08,1.333525e-09,299.98,1.39736E-05,9.9942E-09
a_nx8_wcs_125c_rb1p4k_st1,A,extraction,wcs,hbt_wcs,125,8,1,1p4k,1.4e3,1.42262E-08,1.778275e-09,319.756,1.89215E-05,1.35323E-08
a_nx8_wcs_125c_rb1p4k_st1,A,extraction,wcs,hbt_wcs,125,8,1,1p4k,1.4e3,1.8971E-08,2.371375e-09,335.48,2.55348E-05,1.82613E-08
a_nx8_wcs_125c_rb1p4k_st1,A,extraction,wcs,hbt_wcs,125,8,1,1p4k,1.4e3,2.52982E-08,3.162275e-09,347.747,3.43656E-05,2.45761E-08
a_nx8_wcs_125c_rb1p4k_st1,A,extraction,wcs,hbt_wcs,125,8,1,1p4k,1.4e3,3.37357E-08,4.216963e-09,357.195,4.61513E-05,3.3004E-08
a_nx8_wcs_125c_rb1p4k_st1,A,extraction,wcs,hbt_wcs,125,8,1,1p4k,1.4e3,4.49873E-08,5.623413e-09,364.411,6.18755E-05,4.42482E-08
a_nx8_wcs_125c_rb1p4k_st1,A,extraction,wcs,hbt_wcs,125,8,1,1p4k,1.4e3,5.99915E-08,7.498937e-09,369.892,8.28496E-05,5.92465E-08
a_nx8_wcs_125c_rb1p4k_st1,A,extraction,wcs,hbt_wcs,125,8,1,1p4k,1.4e3,8E-08,1.000000e-08,374.04,0.000110823,7.92504E-08
a_nx8_wcs_125c_rb1p4k_st1,A,extraction,wcs,hbt_wcs,125,8,1,1p4k,1.4e3,1.06682E-07,1.333525e-08,377.174,0.000148131,1.05929E-07
a_nx8_wcs_125c_rb1p4k_st1,A,extraction,wcs,hbt_wcs,125,8,1,1p4k,1.4e3,1.42262E-07,1.778275e-08,379.539,0.000197882,1.41505E-07
a_nx8_wcs_125c_rb1p4k_st1,A,extraction,wcs,hbt_wcs,125,8,1,1p4k,1.4e3,1.8971E-07,2.371375e-08,381.326,0.000264231,1.88951E-07
a_nx8_wcs_125c_rb1p4k_st1,A,extraction,wcs,hbt_wcs,125,8,1,1p4k,1.4e3,2.52982E-07,3.162275e-08,382.682,0.000352708,2.5222E-07
a_nx8_wcs_125c_rb1p4k_st1,A,extraction,wcs,hbt_wcs,125,8,1,1p4k,1.4e3,3.37357E-07,4.216963e-08,383.719,0.000470696,3.36592E-07
a_nx8_wcs_125c_rb1p4k_st1,A,extraction,wcs,hbt_wcs,125,8,1,1p4k,1.4e3,4.49873E-07,5.623413e-08,384.527,0.000628036,4.49105E-07
a_nx8_wcs_125c_rb1p4k_st1,A,extraction,wcs,hbt_wcs,125,8,1,1p4k,1.4e3,5.99915E-07,7.498937e-08,385.182,0.000837853,5.99142E-07
a_nx8_wcs_125c_rb1p4k_st1,A,extraction,wcs,hbt_wcs,125,8,1,1p4k,1.4e3,8E-07,1.000000e-07,385.746,0.00111765,7.99222E-07
a_nx8_wcs_125c_rb1p4k_st1,A,extraction,wcs,hbt_wcs,125,8,1,1p4k,1.4e3,1.06682E-06,1.333525e-07,386.279,0.00149077,1.06604E-06
a_nx8_wcs_125c_rb1p4k_st1,A,extraction,wcs,hbt_wcs,125,8,1,1p4k,1.4e3,1.42262E-06,1.778275e-07,386.836,0.00198832,1.42183E-06
a_nx8_wcs_125c_rb1p4k_st1,A,extraction,wcs,hbt_wcs,125,8,1,1p4k,1.4e3,1.8971E-06,2.371375e-07,387.463,0.00265183,1.89629E-06
a_nx8_wcs_125c_rb1p4k_st1,A,extraction,wcs,hbt_wcs,125,8,1,1p4k,1.4e3,2.52982E-06,3.162275e-07,388.194,0.00353663,2.529E-06
a_nx8_wcs_125c_rb1p4k_st1,A,extraction,wcs,hbt_wcs,125,8,1,1p4k,1.4e3,3.37357E-06,4.216963e-07,389.05,0.00471653,3.37272E-06
a_nx8_wcs_125c_rb1p4k_st1,A,extraction,wcs,hbt_wcs,125,8,1,1p4k,1.4e3,4.49873E-06,5.623413e-07,390.039,0.00628996,4.49785E-06
a_nx8_wcs_125c_rb1p4k_st1,A,extraction,wcs,hbt_wcs,125,8,1,1p4k,1.4e3,5.99915E-06,7.498937e-07,391.163,0.00838817,5.99822E-06
a_nx8_wcs_125c_rb1p4k_st1,A,extraction,wcs,hbt_wcs,125,8,1,1p4k,1.4e3,8E-06,1.000000e-06,392.426,0.0111862,7.999E-06
a_nx8_wcs_125c_rb1p4k_st1,A,extraction,wcs,hbt_wcs,125,8,1,1p4k,1.4e3,1.06682E-05,1.333525e-06,393.833,0.0149174,1.06671E-05
a_nx8_wcs_125c_rb1p4k_st1,A,extraction,wcs,hbt_wcs,125,8,1,1p4k,1.4e3,1.42262E-05,1.778275e-06,395.399,0.019893,1.42249E-05
a_nx8_wcs_125c_rb1p4k_st1,A,extraction,wcs,hbt_wcs,125,8,1,1p4k,1.4e3,1.8971E-05,2.371375e-06,397.15,0.0265281,1.89694E-05
a_nx8_wcs_125c_rb1p4k_st1,A,extraction,wcs,hbt_wcs,125,8,1,1p4k,1.4e3,2.52982E-05,3.162275e-06,399.115,0.035376,2.52961E-05
a_nx8_wcs_125c_rb1p4k_st1,A,extraction,wcs,hbt_wcs,125,8,1,1p4k,1.4e3,3.37357E-05,4.216963e-06,401.312,0.0471745,3.37326E-05
a_nx8_wcs_125c_rb1p4k_st1,A,extraction,wcs,hbt_wcs,125,8,1,1p4k,1.4e3,4.49873E-05,5.623413e-06,403.635,0.0629067,4.49817E-05
a_nx8_wcs_125c_rb1p4k_st1,A,extraction,wcs,hbt_wcs,125,8,1,1p4k,1.4e3,5.99915E-05,7.498938e-06,405.33,0.0838814,5.99795E-05
a_nx8_wcs_125c_rb1p4k_st1,A,extraction,wcs,hbt_wcs,125,8,1,1p4k,1.4e3,8E-05,1.000000e-05,402.208,0.111835,7.99684E-05
a_nx8_wcs_125c_rb1p4k_st1,A,extraction,wcs,hbt_wcs,125,8,1,1p4k,1.4e3,0.000106682,1.333525e-05,376.708,0.149069,0.000106601
a_nx8_wcs_125c_rb1p4k_st1,A,extraction,wcs,hbt_wcs,125,8,1,1p4k,1.4e3,0.000142262,1.778275e-05,,,
a_nx8_wcs_125c_rb1p4k_st1,A,extraction,wcs,hbt_wcs,125,8,1,1p4k,1.4e3,0.00018971,2.371375e-05,,,
a_nx8_wcs_125c_rb1p4k_st1,A,extraction,wcs,hbt_wcs,125,8,1,1p4k,1.4e3,0.000252982,3.162275e-05,,,
a_nx8_wcs_125c_rb1p4k_st1,A,extraction,wcs,hbt_wcs,125,8,1,1p4k,1.4e3,0.000337357,4.216962e-05,,,
a_nx8_wcs_125c_rb1p4k_st1,A,extraction,wcs,hbt_wcs,125,8,1,1p4k,1.4e3,0.000449873,5.623412e-05,11.6812,0.571888,0.000449872
a_nx8_wcs_125c_rb1p4k_st1,A,extraction,wcs,hbt_wcs,125,8,1,1p4k,1.4e3,0.000599915,7.498938e-05,6.7888,0.623359,0.000599914
a_nx8_wcs_125c_rb1p4k_st1,A,extraction,wcs,hbt_wcs,125,8,1,1p4k,1.4e3,0.0008,1.000000e-04,5.28093,0.6521,0.000799999
a_nx8_wcs_125c_rb1p4k_st1,A,extraction,wcs,hbt_wcs,125,8,1,1p4k,1.4e3,0.00106682,1.333525e-04,4.51111,0.672889,0.00106682
a_nx8_wcs_125c_rb1p4k_st1,A,extraction,wcs,hbt_wcs,125,8,1,1p4k,1.4e3,0.00142262,1.778275e-04,4.02126,0.690078,0.00142262
a_nx8_wcs_125c_rb1p4k_st1,A,extraction,wcs,hbt_wcs,125,8,1,1p4k,1.4e3,0.0018971,2.371375e-04,3.67226,0.705441,0.0018971
a_nx8_wcs_125c_rb1p4k_st1,A,extraction,wcs,hbt_wcs,125,8,1,1p4k,1.4e3,0.00252982,3.162275e-04,3.40736,0.719905,0.00252982
a_nx8_wcs_125c_rb1p4k_st1,A,extraction,wcs,hbt_wcs,125,8,1,1p4k,1.4e3,0.00337357,4.216963e-04,3.19917,0.734058,0.00337357
a_nx8_wcs_125c_rb1p4k_st1,A,extraction,wcs,hbt_wcs,125,8,1,1p4k,1.4e3,0.00449873,5.623413e-04,3.03324,0.74834,0.00449873
a_nx8_wcs_125c_rb1p4k_st1,A,extraction,wcs,hbt_wcs,125,8,1,1p4k,1.4e3,0.00599915,7.498937e-04,2.90185,0.763121,0.00599915
a_nx8_wcs_125c_rb1p4k_st1,A,extraction,wcs,hbt_wcs,125,8,1,1p4k,1.4e3,0.008,1.000000e-03,2.80133,0.77872,0.00799999
a_nx8_wcs_125c_rb1p4k_st1,A,extraction,wcs,hbt_wcs,125,8,1,1p4k,1.4e3,0.0106682,1.333525e-03,2.73089,0.795399,0.0106682
a_nx8_wcs_125c_rb1p4k_st1,A,extraction,wcs,hbt_wcs,125,8,1,1p4k,1.4e3,0.0142262,1.778275e-03,2.69208,0.813295,0.0142261
a_nx8_wcs_125c_rb1p4k_st1,A,extraction,wcs,hbt_wcs,125,8,1,1p4k,1.4e3,0.018971,2.371375e-03,2.68793,0.832315,0.0189707
a_nx8_wcs_125c_rb1p4k_st1,A,extraction,wcs,hbt_wcs,125,8,1,1p4k,1.4e3,0.0252982,3.162275e-03,2.71811,0.852051,0.0252967
a_nx1_sf_-40c_rb14k_st1,A,extraction,sf,hbt_typ,-40,1,1,14k,1.4e4,1E-10,1.000000e-10,33.3334,9.33335E-07,6.66668E-11
a_nx1_sf_-40c_rb14k_st1,A,extraction,sf,hbt_typ,-40,1,1,14k,1.4e4,1.33352E-10,1.333520e-10,44.4507,1.24462E-06,8.89014E-11
a_nx1_sf_-40c_rb14k_st1,A,extraction,sf,hbt_typ,-40,1,1,14k,1.4e4,1.77828E-10,1.778280e-10,59.2759,1.65973E-06,1.18552E-10
a_nx1_sf_-40c_rb14k_st1,A,extraction,sf,hbt_typ,-40,1,1,14k,1.4e4,2.37137E-10,2.371370e-10,79.0454,2.21327E-06,1.58091E-10
a_nx1_sf_-40c_rb14k_st1,A,extraction,sf,hbt_typ,-40,1,1,14k,1.4e4,3.16228E-10,3.162280e-10,105.409,2.95145E-06,2.10818E-10
a_nx1_sf_-40c_rb14k_st1,A,extraction,sf,hbt_typ,-40,1,1,14k,1.4e4,4.21697E-10,4.216970e-10,140.566,3.93584E-06,2.81131E-10
a_nx1_sf_-40c_rb14k_st1,A,extraction,sf,hbt_typ,-40,1,1,14k,1.4e4,5.62341E-10,5.623410e-10,187.447,5.24851E-06,3.74893E-10
a_nx1_sf_-40c_rb14k_st1,A,extraction,sf,hbt_typ,-40,1,1,14k,1.4e4,7.49894E-10,7.498940e-10,249.964,6.999E-06,4.99929E-10
a_nx1_sf_-40c_rb14k_st1,A,extraction,sf,hbt_typ,-40,1,1,14k,1.4e4,1E-09,1.000000e-09,333.333,9.33332E-06,6.66666E-10
a_nx1_sf_-40c_rb14k_st1,A,extraction,sf,hbt_typ,-40,1,1,14k,1.4e4,1.33352E-09,1.333520e-09,444.508,1.24462E-05,8.89017E-10
a_nx1_sf_-40c_rb14k_st1,A,extraction,sf,hbt_typ,-40,1,1,14k,1.4e4,1.77828E-09,1.778280e-09,592.759,1.65973E-05,1.18552E-09
a_nx1_sf_-40c_rb14k_st1,A,extraction,sf,hbt_typ,-40,1,1,14k,1.4e4,2.37137E-09,2.371370e-09,790.456,2.21328E-05,1.58091E-09
a_nx1_sf_-40c_rb14k_st1,A,extraction,sf,hbt_typ,-40,1,1,14k,1.4e4,3.16228E-09,3.162280e-09,1054.1,2.95147E-05,2.10819E-09
a_nx1_sf_-40c_rb14k_st1,A,extraction,sf,hbt_typ,-40,1,1,14k,1.4e4,4.21697E-09,4.216970e-09,1405.65,3.93582E-05,2.8113E-09
a_nx1_sf_-40c_rb14k_st1,A,extraction,sf,hbt_typ,-40,1,1,14k,1.4e4,5.62341E-09,5.623410e-09,1874.46,5.2485E-05,3.74893E-09
a_nx1_sf_-40c_rb14k_st1,A,extraction,sf,hbt_typ,-40,1,1,14k,1.4e4,7.49894E-09,7.498940e-09,2499.66,6.99905E-05,4.99932E-09
a_nx1_sf_-40c_rb14k_st1,A,extraction,sf,hbt_typ,-40,1,1,14k,1.4e4,1E-08,1.000000e-08,3333.33,9.33331E-05,6.66666E-09
a_nx1_sf_-40c_rb14k_st1,A,extraction,sf,hbt_typ,-40,1,1,14k,1.4e4,1.33352E-08,1.333520e-08,4445.08,0.000124462,8.89017E-09
a_nx1_sf_-40c_rb14k_st1,A,extraction,sf,hbt_typ,-40,1,1,14k,1.4e4,1.77828E-08,1.778280e-08,5927.6,0.000165973,1.18552E-08
a_nx1_sf_-40c_rb14k_st1,A,extraction,sf,hbt_typ,-40,1,1,14k,1.4e4,2.37137E-08,2.371370e-08,7904.54,0.000221327,1.58091E-08
a_nx1_sf_-40c_rb14k_st1,A,extraction,sf,hbt_typ,-40,1,1,14k,1.4e4,3.16228E-08,3.162280e-08,10540.9,0.000295146,2.10819E-08
a_nx1_sf_-40c_rb14k_st1,A,extraction,sf,hbt_typ,-40,1,1,14k,1.4e4,4.21697E-08,4.216970e-08,14056.5,0.000393583,2.81131E-08
a_nx1_sf_-40c_rb14k_st1,A,extraction,sf,hbt_typ,-40,1,1,14k,1.4e4,5.62341E-08,5.623410e-08,18744.7,0.000524853,3.74895E-08
a_nx1_sf_-40c_rb14k_st1,A,extraction,sf,hbt_typ,-40,1,1,14k,1.4e4,7.49894E-08,7.498940e-08,24996.4,0.0006999,4.99929E-08
a_nx1_sf_-40c_rb14k_st1,A,extraction,sf,hbt_typ,-40,1,1,14k,1.4e4,1E-07,1.000000e-07,33333.1,0.000933331,6.66665E-08
a_nx1_sf_-40c_rb14k_st1,A,extraction,sf,hbt_typ,-40,1,1,14k,1.4e4,1.33352E-07,1.333520e-07,44450.5,0.00124462,8.89014E-08
a_nx1_sf_-40c_rb14k_st1,A,extraction,sf,hbt_typ,-40,1,1,14k,1.4e4,1.77828E-07,1.778280e-07,59275.9,0.00165974,1.18553E-07
a_nx1_sf_-40c_rb14k_st1,A,extraction,sf,hbt_typ,-40,1,1,14k,1.4e4,2.37137E-07,2.371370e-07,79044.3,0.00221329,1.58092E-07
a_nx1_sf_-40c_rb14k_st1,A,extraction,sf,hbt_typ,-40,1,1,14k,1.4e4,3.16228E-07,3.162280e-07,105405,0.00295153,2.10824E-07
a_nx1_sf_-40c_rb14k_st1,A,extraction,sf,hbt_typ,-40,1,1,14k,1.4e4,4.21697E-07,4.216970e-07,140538,0.00393624,2.8116E-07
a_nx1_sf_-40c_rb14k_st1,A,extraction,sf,hbt_typ,-40,1,1,14k,1.4e4,5.62341E-07,5.623410e-07,186931,0.00525576,3.75411E-07
a_nx1_sf_-40c_rb14k_st1,A,extraction,sf,hbt_typ,-40,1,1,14k,1.4e4,7.49894E-07,7.498940e-07,,,
a_nx1_sf_-40c_rb14k_st1,A,extraction,sf,hbt_typ,-40,1,1,14k,1.4e4,1E-06,1.000000e-06,184850,0.00139774,9.98425E-08
a_nx1_sf_-40c_rb14k_st1,A,extraction,sf,hbt_typ,-40,1,1,14k,1.4e4,1.33352E-06,1.333520e-06,387.399,0.0186425,1.33313E-06
a_nx1_sf_-40c_rb14k_st1,A,extraction,sf,hbt_typ,-40,1,1,14k,1.4e4,1.77828E-06,1.778280e-06,388.227,0.0248621,1.77789E-06
a_nx1_sf_-40c_rb14k_st1,A,extraction,sf,hbt_typ,-40,1,1,14k,1.4e4,2.37137E-06,2.371370e-06,389.039,0.033156,2.37098E-06
a_nx1_sf_-40c_rb14k_st1,A,extraction,sf,hbt_typ,-40,1,1,14k,1.4e4,3.16228E-06,3.162280e-06,389.833,0.0442162,3.16189E-06
a_nx1_sf_-40c_rb14k_st1,A,extraction,sf,hbt_typ,-40,1,1,14k,1.4e4,4.21697E-06,4.216970e-06,390.612,0.0589653,4.21658E-06
a_nx1_sf_-40c_rb14k_st1,A,extraction,sf,hbt_typ,-40,1,1,14k,1.4e4,5.62341E-06,5.623410e-06,391.38,0.0786334,5.62302E-06
a_nx1_sf_-40c_rb14k_st1,A,extraction,sf,hbt_typ,-40,1,1,14k,1.4e4,7.49894E-06,7.498940e-06,392.148,0.104861,7.49855E-06
a_nx1_sf_-40c_rb14k_st1,A,extraction,sf,hbt_typ,-40,1,1,14k,1.4e4,1E-05,1.000000e-05,392.935,0.139837,9.99961E-06
a_nx1_sf_-40c_rb14k_st1,A,extraction,sf,hbt_typ,-40,1,1,14k,1.4e4,1.33352E-05,1.333520e-05,393.73,0.186479,1.33348E-05
a_nx1_sf_-40c_rb14k_st1,A,extraction,sf,hbt_typ,-40,1,1,14k,1.4e4,1.77828E-05,1.778280e-05,394.187,0.248676,1.77824E-05
a_nx1_sf_-40c_rb14k_st1,A,extraction,sf,hbt_typ,-40,1,1,14k,1.4e4,2.37137E-05,2.371370e-05,389.257,0.331613,2.37133E-05
a_nx1_sf_-40c_rb14k_st1,A,extraction,sf,hbt_typ,-40,1,1,14k,1.4e4,3.16228E-05,3.162280e-05,,,
a_nx1_sf_-40c_rb14k_st1,A,extraction,sf,hbt_typ,-40,1,1,14k,1.4e4,4.21697E-05,4.216970e-05,,,
a_nx1_sf_-40c_rb14k_st1,A,extraction,sf,hbt_typ,-40,1,1,14k,1.4e4,5.62341E-05,5.623410e-05,,,
a_nx1_sf_-40c_rb14k_st1,A,extraction,sf,hbt_typ,-40,1,1,14k,1.4e4,7.49894E-05,7.498940e-05,8.59636,0.802424,7.49894E-05
a_nx1_sf_-40c_rb14k_st1,A,extraction,sf,hbt_typ,-40,1,1,14k,1.4e4,0.0001,1.000000e-04,6.48003,0.821258,0.0001
a_nx1_sf_-40c_rb14k_st1,A,extraction,sf,hbt_typ,-40,1,1,14k,1.4e4,0.000133352,1.333520e-04,5.48286,0.833812,0.000133352
a_nx1_sf_-40c_rb14k_st1,A,extraction,sf,hbt_typ,-40,1,1,14k,1.4e4,0.000177828,1.778280e-04,4.85604,0.84395,0.000177828
a_nx1_sf_-40c_rb14k_st1,A,extraction,sf,hbt_typ,-40,1,1,14k,1.4e4,0.000237137,2.371370e-04,4.40631,0.852982,0.000237137
a_nx1_sf_-40c_rb14k_st1,A,extraction,sf,hbt_typ,-40,1,1,14k,1.4e4,0.000316228,3.162280e-04,4.05916,0.861553,0.000316228
a_nx1_sf_-40c_rb14k_st1,A,extraction,sf,hbt_typ,-40,1,1,14k,1.4e4,0.000421697,4.216970e-04,3.77928,0.87008,0.000421697
a_nx1_sf_-40c_rb14k_st1,A,extraction,sf,hbt_typ,-40,1,1,14k,1.4e4,0.000562341,5.623410e-04,3.54782,0.878891,0.000562341
a_nx1_sf_-40c_rb14k_st1,A,extraction,sf,hbt_typ,-40,1,1,14k,1.4e4,0.000749894,7.498940e-04,3.35408,0.888286,0.000749894
a_nx1_sf_-40c_rb14k_st1,A,extraction,sf,hbt_typ,-40,1,1,14k,1.4e4,0.001,1.000000e-03,3.19198,0.898559,0.001
a_nx1_sf_-40c_rb14k_st1,A,extraction,sf,hbt_typ,-40,1,1,14k,1.4e4,0.00133352,1.333520e-03,3.05849,0.909993,0.00133352
a_nx1_sf_-40c_rb14k_st1,A,extraction,sf,hbt_typ,-40,1,1,14k,1.4e4,0.00177828,1.778280e-03,2.95285,0.922833,0.00177828
a_nx1_sf_-40c_rb14k_st1,A,extraction,sf,hbt_typ,-40,1,1,14k,1.4e4,0.00237137,2.371370e-03,2.87636,0.937202,0.00237137
a_nx1_sf_-40c_rb14k_st1,A,extraction,sf,hbt_typ,-40,1,1,14k,1.4e4,0.00316228,3.162280e-03,2.83236,0.952951,0.00316228
a_nx1_sf_-40c_rb1p4k_st1,A,extraction,sf,hbt_typ,-40,1,1,1p4k,1.4e3,1E-10,1.000000e-10,33.3334,9.33335E-08,6.66668E-11
a_nx1_sf_-40c_rb1p4k_st1,A,extraction,sf,hbt_typ,-40,1,1,1p4k,1.4e3,1.33352E-10,1.333520e-10,44.4507,1.24462E-07,8.89014E-11
a_nx1_sf_-40c_rb1p4k_st1,A,extraction,sf,hbt_typ,-40,1,1,1p4k,1.4e3,1.77828E-10,1.778280e-10,59.2759,1.65973E-07,1.18552E-10
a_nx1_sf_-40c_rb1p4k_st1,A,extraction,sf,hbt_typ,-40,1,1,1p4k,1.4e3,2.37137E-10,2.371370e-10,79.0454,2.21327E-07,1.58091E-10
a_nx1_sf_-40c_rb1p4k_st1,A,extraction,sf,hbt_typ,-40,1,1,1p4k,1.4e3,3.16228E-10,3.162280e-10,105.409,2.95144E-07,2.10817E-10
a_nx1_sf_-40c_rb1p4k_st1,A,extraction,sf,hbt_typ,-40,1,1,1p4k,1.4e3,4.21697E-10,4.216970e-10,140.566,3.93586E-07,2.81133E-10
a_nx1_sf_-40c_rb1p4k_st1,A,extraction,sf,hbt_typ,-40,1,1,1p4k,1.4e3,5.62341E-10,5.623410e-10,187.446,5.24848E-07,3.74891E-10
a_nx1_sf_-40c_rb1p4k_st1,A,extraction,sf,hbt_typ,-40,1,1,1p4k,1.4e3,7.49894E-10,7.498940e-10,249.964,6.999E-07,4.99929E-10
a_nx1_sf_-40c_rb1p4k_st1,A,extraction,sf,hbt_typ,-40,1,1,1p4k,1.4e3,1E-09,1.000000e-09,333.333,9.33332E-07,6.66666E-10
a_nx1_sf_-40c_rb1p4k_st1,A,extraction,sf,hbt_typ,-40,1,1,1p4k,1.4e3,1.33352E-09,1.333520e-09,444.506,1.24462E-06,8.89012E-10
a_nx1_sf_-40c_rb1p4k_st1,A,extraction,sf,hbt_typ,-40,1,1,1p4k,1.4e3,1.77828E-09,1.778280e-09,592.759,1.65973E-06,1.18552E-09
a_nx1_sf_-40c_rb1p4k_st1,A,extraction,sf,hbt_typ,-40,1,1,1p4k,1.4e3,2.37137E-09,2.371370e-09,790.459,2.21329E-06,1.58092E-09
a_nx1_sf_-40c_rb1p4k_st1,A,extraction,sf,hbt_typ,-40,1,1,1p4k,1.4e3,3.16228E-09,3.162280e-09,1054.1,2.95147E-06,2.10819E-09
a_nx1_sf_-40c_rb1p4k_st1,A,extraction,sf,hbt_typ,-40,1,1,1p4k,1.4e3,4.21697E-09,4.216970e-09,1405.66,3.93584E-06,2.81131E-09
a_nx1_sf_-40c_rb1p4k_st1,A,extraction,sf,hbt_typ,-40,1,1,1p4k,1.4e3,5.62341E-09,5.623410e-09,1874.47,5.24853E-06,3.74895E-09
a_nx1_sf_-40c_rb1p4k_st1,A,extraction,sf,hbt_typ,-40,1,1,1p4k,1.4e3,7.49894E-09,7.498940e-09,2499.64,6.99901E-06,4.99929E-09
a_nx1_sf_-40c_rb1p4k_st1,A,extraction,sf,hbt_typ,-40,1,1,1p4k,1.4e3,1E-08,1.000000e-08,3333.33,9.33331E-06,6.66666E-09
a_nx1_sf_-40c_rb1p4k_st1,A,extraction,sf,hbt_typ,-40,1,1,1p4k,1.4e3,1.33352E-08,1.333520e-08,4445.04,1.24461E-05,8.89009E-09
a_nx1_sf_-40c_rb1p4k_st1,A,extraction,sf,hbt_typ,-40,1,1,1p4k,1.4e3,1.77828E-08,1.778280e-08,5927.6,1.65973E-05,1.18552E-08
a_nx1_sf_-40c_rb1p4k_st1,A,extraction,sf,hbt_typ,-40,1,1,1p4k,1.4e3,2.37137E-08,2.371370e-08,7904.54,2.21327E-05,1.58091E-08
a_nx1_sf_-40c_rb1p4k_st1,A,extraction,sf,hbt_typ,-40,1,1,1p4k,1.4e3,3.16228E-08,3.162280e-08,10540.9,2.95146E-05,2.10819E-08
a_nx1_sf_-40c_rb1p4k_st1,A,extraction,sf,hbt_typ,-40,1,1,1p4k,1.4e3,4.21697E-08,4.216970e-08,14056.6,3.93584E-05,2.81132E-08
a_nx1_sf_-40c_rb1p4k_st1,A,extraction,sf,hbt_typ,-40,1,1,1p4k,1.4e3,5.62341E-08,5.623410e-08,18744.6,5.2485E-05,3.74893E-08
a_nx1_sf_-40c_rb1p4k_st1,A,extraction,sf,hbt_typ,-40,1,1,1p4k,1.4e3,7.49894E-08,7.498940e-08,24996.4,6.99902E-05,4.9993E-08
a_nx1_sf_-40c_rb1p4k_st1,A,extraction,sf,hbt_typ,-40,1,1,1p4k,1.4e3,1E-07,1.000000e-07,33333.4,9.33336E-05,6.66669E-08
a_nx1_sf_-40c_rb1p4k_st1,A,extraction,sf,hbt_typ,-40,1,1,1p4k,1.4e3,1.33352E-07,1.333520e-07,44450.7,0.000124463,8.89019E-08
a_nx1_sf_-40c_rb1p4k_st1,A,extraction,sf,hbt_typ,-40,1,1,1p4k,1.4e3,1.77828E-07,1.778280e-07,59275.8,0.000165974,1.18553E-07
a_nx1_sf_-40c_rb1p4k_st1,A,extraction,sf,hbt_typ,-40,1,1,1p4k,1.4e3,2.37137E-07,2.371370e-07,79044.1,0.000221328,1.58091E-07
a_nx1_sf_-40c_rb1p4k_st1,A,extraction,sf,hbt_typ,-40,1,1,1p4k,1.4e3,3.16228E-07,3.162280e-07,105405,0.000295151,2.10822E-07
a_nx1_sf_-40c_rb1p4k_st1,A,extraction,sf,hbt_typ,-40,1,1,1p4k,1.4e3,4.21697E-07,4.216970e-07,140543,0.000393618,2.81156E-07
a_nx1_sf_-40c_rb1p4k_st1,A,extraction,sf,hbt_typ,-40,1,1,1p4k,1.4e3,5.62341E-07,5.623410e-07,187133,0.000525294,3.7521E-07
a_nx1_sf_-40c_rb1p4k_st1,A,extraction,sf,hbt_typ,-40,1,1,1p4k,1.4e3,7.49894E-07,7.498940e-07,181795,-0.000162592,-1.16137E-07
a_nx1_sf_-40c_rb1p4k_st1,A,extraction,sf,hbt_typ,-40,1,1,1p4k,1.4e3,1E-06,1.000000e-06,,,
a_nx1_sf_-40c_rb1p4k_st1,A,extraction,sf,hbt_typ,-40,1,1,1p4k,1.4e3,1.33352E-06,1.333520e-06,387.339,0.00186425,1.33313E-06
a_nx1_sf_-40c_rb1p4k_st1,A,extraction,sf,hbt_typ,-40,1,1,1p4k,1.4e3,1.77828E-06,1.778280e-06,388.148,0.00248621,1.77789E-06
a_nx1_sf_-40c_rb1p4k_st1,A,extraction,sf,hbt_typ,-40,1,1,1p4k,1.4e3,2.37137E-06,2.371370e-06,388.935,0.00331559,2.37098E-06
a_nx1_sf_-40c_rb1p4k_st1,A,extraction,sf,hbt_typ,-40,1,1,1p4k,1.4e3,3.16228E-06,3.162280e-06,389.697,0.00442162,3.16189E-06
a_nx1_sf_-40c_rb1p4k_st1,A,extraction,sf,hbt_typ,-40,1,1,1p4k,1.4e3,4.21697E-06,4.216970e-06,390.433,0.00589652,4.21658E-06
a_nx1_sf_-40c_rb1p4k_st1,A,extraction,sf,hbt_typ,-40,1,1,1p4k,1.4e3,5.62341E-06,5.623410e-06,391.146,0.00786333,5.62302E-06
a_nx1_sf_-40c_rb1p4k_st1,A,extraction,sf,hbt_typ,-40,1,1,1p4k,1.4e3,7.49894E-06,7.498940e-06,391.849,0.0104861,7.49855E-06
a_nx1_sf_-40c_rb1p4k_st1,A,extraction,sf,hbt_typ,-40,1,1,1p4k,1.4e3,1E-05,1.000000e-05,392.573,0.0139837,9.99961E-06
a_nx1_sf_-40c_rb1p4k_st1,A,extraction,sf,hbt_typ,-40,1,1,1p4k,1.4e3,1.33352E-05,1.333520e-05,393.391,0.0186478,1.33348E-05
a_nx1_sf_-40c_rb1p4k_st1,A,extraction,sf,hbt_typ,-40,1,1,1p4k,1.4e3,1.77828E-05,1.778280e-05,394.454,0.0248677,1.77824E-05
a_nx1_sf_-40c_rb1p4k_st1,A,extraction,sf,hbt_typ,-40,1,1,1p4k,1.4e3,2.37137E-05,2.371370e-05,396.087,0.033162,2.37133E-05
a_nx1_sf_-40c_rb1p4k_st1,A,extraction,sf,hbt_typ,-40,1,1,1p4k,1.4e3,3.16228E-05,3.162280e-05,399.005,0.044223,3.16224E-05
a_nx1_sf_-40c_rb1p4k_st1,A,extraction,sf,hbt_typ,-40,1,1,1p4k,1.4e3,4.21697E-05,4.216970e-05,404.568,0.0589725,4.21684E-05
a_nx1_sf_-40c_rb1p4k_st1,A,extraction,sf,hbt_typ,-40,1,1,1p4k,1.4e3,5.62341E-05,5.623410e-05,403.523,0.0785351,5.61563E-05
a_nx1_sf_-40c_rb1p4k_st1,A,extraction,sf,hbt_typ,-40,1,1,1p4k,1.4e3,7.49894E-05,7.498940e-05,,,
a_nx1_sf_-40c_rb1p4k_st1,A,extraction,sf,hbt_typ,-40,1,1,1p4k,1.4e3,0.0001,1.000000e-04,,,
a_nx1_sf_-40c_rb1p4k_st1,A,extraction,sf,hbt_typ,-40,1,1,1p4k,1.4e3,0.000133352,1.333520e-04,,,
a_nx1_sf_-40c_rb1p4k_st1,A,extraction,sf,hbt_typ,-40,1,1,1p4k,1.4e3,0.000177828,1.778280e-04,,,
a_nx1_sf_-40c_rb1p4k_st1,A,extraction,sf,hbt_typ,-40,1,1,1p4k,1.4e3,0.000237137,2.371370e-04,,,
a_nx1_sf_-40c_rb1p4k_st1,A,extraction,sf,hbt_typ,-40,1,1,1p4k,1.4e3,0.000316228,3.162280e-04,,,
a_nx1_sf_-40c_rb1p4k_st1,A,extraction,sf,hbt_typ,-40,1,1,1p4k,1.4e3,0.000421697,4.216970e-04,,,
a_nx1_sf_-40c_rb1p4k_st1,A,extraction,sf,hbt_typ,-40,1,1,1p4k,1.4e3,0.000562341,5.623410e-04,,,
a_nx1_sf_-40c_rb1p4k_st1,A,extraction,sf,hbt_typ,-40,1,1,1p4k,1.4e3,0.000749894,7.498940e-04,,,
a_nx1_sf_-40c_rb1p4k_st1,A,extraction,sf,hbt_typ,-40,1,1,1p4k,1.4e3,0.001,1.000000e-03,6.02548,0.79286,0.001
a_nx1_sf_-40c_rb1p4k_st1,A,extraction,sf,hbt_typ,-40,1,1,1p4k,1.4e3,0.00133352,1.333520e-03,5.16804,0.812801,0.00133352
a_nx1_sf_-40c_rb1p4k_st1,A,extraction,sf,hbt_typ,-40,1,1,1p4k,1.4e3,0.00177828,1.778280e-03,4.60738,0.830663,0.00177828
a_nx1_sf_-40c_rb1p4k_st1,A,extraction,sf,hbt_typ,-40,1,1,1p4k,1.4e3,0.00237137,2.371370e-03,4.20272,0.848138,0.00237137
a_nx1_sf_-40c_rb1p4k_st1,A,extraction,sf,hbt_typ,-40,1,1,1p4k,1.4e3,0.00316228,3.162280e-03,3.89731,0.865818,0.00316228
a_nx8_sf_-40c_rb14k_st1,A,extraction,sf,hbt_typ,-40,8,1,14k,1.4e4,8E-10,1.000000e-10,266.674,7.4669E-06,5.3335E-10
a_nx8_sf_-40c_rb14k_st1,A,extraction,sf,hbt_typ,-40,8,1,14k,1.4e4,1.06682E-09,1.333525e-10,355.61,9.95716E-06,7.11226E-10
a_nx8_sf_-40c_rb14k_st1,A,extraction,sf,hbt_typ,-40,8,1,14k,1.4e4,1.42262E-09,1.778275e-10,474.21,1.3278E-05,9.48427E-10
a_nx8_sf_-40c_rb14k_st1,A,extraction,sf,hbt_typ,-40,8,1,14k,1.4e4,1.8971E-09,2.371375e-10,632.378,1.77067E-05,1.26477E-09
a_nx8_sf_-40c_rb14k_st1,A,extraction,sf,hbt_typ,-40,8,1,14k,1.4e4,2.52982E-09,3.162275e-10,843.269,2.36117E-05,1.68655E-09
a_nx8_sf_-40c_rb14k_st1,A,extraction,sf,hbt_typ,-40,8,1,14k,1.4e4,3.37357E-09,4.216962e-10,1124.5,3.14862E-05,2.24902E-09
a_nx8_sf_-40c_rb14k_st1,A,extraction,sf,hbt_typ,-40,8,1,14k,1.4e4,4.49873E-09,5.623413e-10,1499.57,4.19883E-05,2.99916E-09
a_nx8_sf_-40c_rb14k_st1,A,extraction,sf,hbt_typ,-40,8,1,14k,1.4e4,5.99915E-09,7.498938e-10,1999.73,5.59929E-05,3.99949E-09
a_nx8_sf_-40c_rb14k_st1,A,extraction,sf,hbt_typ,-40,8,1,14k,1.4e4,8E-09,1.000000e-09,2666.65,7.46669E-05,5.33335E-09
a_nx8_sf_-40c_rb14k_st1,A,extraction,sf,hbt_typ,-40,8,1,14k,1.4e4,1.06682E-08,1.333525e-09,3556.05,9.95702E-05,7.11216E-09
a_nx8_sf_-40c_rb14k_st1,A,extraction,sf,hbt_typ,-40,8,1,14k,1.4e4,1.42262E-08,1.778275e-09,4742.04,0.000132778,9.48417E-09
a_nx8_sf_-40c_rb14k_st1,A,extraction,sf,hbt_typ,-40,8,1,14k,1.4e4,1.8971E-08,2.371375e-09,6323.7,0.000177065,1.26475E-08
a_nx8_sf_-40c_rb14k_st1,A,extraction,sf,hbt_typ,-40,8,1,14k,1.4e4,2.52982E-08,3.162275e-09,8432.64,0.000236116,1.68654E-08
a_nx8_sf_-40c_rb14k_st1,A,extraction,sf,hbt_typ,-40,8,1,14k,1.4e4,3.37357E-08,4.216963e-09,11245.3,0.000314871,2.24908E-08
a_nx8_sf_-40c_rb14k_st1,A,extraction,sf,hbt_typ,-40,8,1,14k,1.4e4,4.49873E-08,5.623413e-09,14995.4,0.000419875,2.9991E-08
a_nx8_sf_-40c_rb14k_st1,A,extraction,sf,hbt_typ,-40,8,1,14k,1.4e4,5.99915E-08,7.498937e-09,19996.3,0.000559902,3.9993E-08
a_nx8_sf_-40c_rb14k_st1,A,extraction,sf,hbt_typ,-40,8,1,14k,1.4e4,8E-08,1.000000e-08,26666.3,0.000746663,5.33331E-08
a_nx8_sf_-40c_rb14k_st1,A,extraction,sf,hbt_typ,-40,8,1,14k,1.4e4,1.06682E-07,1.333525e-08,35560.5,0.000995706,7.11219E-08
a_nx8_sf_-40c_rb14k_st1,A,extraction,sf,hbt_typ,-40,8,1,14k,1.4e4,1.42262E-07,1.778275e-08,47420.5,0.00132779,9.48421E-08
a_nx8_sf_-40c_rb14k_st1,A,extraction,sf,hbt_typ,-40,8,1,14k,1.4e4,1.8971E-07,2.371375e-08,63234.3,0.00177058,1.2647E-07
a_nx8_sf_-40c_rb14k_st1,A,extraction,sf,hbt_typ,-40,8,1,14k,1.4e4,2.52982E-07,3.162275e-08,84325.1,0.00236114,1.68653E-07
a_nx8_sf_-40c_rb14k_st1,A,extraction,sf,hbt_typ,-40,8,1,14k,1.4e4,3.37357E-07,4.216963e-08,112451,0.00314867,2.24905E-07
a_nx8_sf_-40c_rb14k_st1,A,extraction,sf,hbt_typ,-40,8,1,14k,1.4e4,4.49873E-07,5.623413e-08,149954,0.00419879,2.99914E-07
a_nx8_sf_-40c_rb14k_st1,A,extraction,sf,hbt_typ,-40,8,1,14k,1.4e4,5.99915E-07,7.498937e-08,199967,0.00559923,3.99945E-07
a_nx8_sf_-40c_rb14k_st1,A,extraction,sf,hbt_typ,-40,8,1,14k,1.4e4,8E-07,1.000000e-07,266655,0.00746666,5.33333E-07
a_nx8_sf_-40c_rb14k_st1,A,extraction,sf,hbt_typ,-40,8,1,14k,1.4e4,1.06682E-06,1.333525e-07,355589,0.0099573,7.11236E-07
a_nx8_sf_-40c_rb14k_st1,A,extraction,sf,hbt_typ,-40,8,1,14k,1.4e4,1.42262E-06,1.778275e-07,474147,0.0132786,9.48472E-07
a_nx8_sf_-40c_rb14k_st1,A,extraction,sf,hbt_typ,-40,8,1,14k,1.4e4,1.8971E-06,2.371375e-07,632090,0.0177103,1.26502E-06
a_nx8_sf_-40c_rb14k_st1,A,extraction,sf,hbt_typ,-40,8,1,14k,1.4e4,2.52982E-06,3.162275e-07,,,
a_nx8_sf_-40c_rb14k_st1,A,extraction,sf,hbt_typ,-40,8,1,14k,1.4e4,3.37357E-06,4.216963e-07,,,
a_nx8_sf_-40c_rb14k_st1,A,extraction,sf,hbt_typ,-40,8,1,14k,1.4e4,4.49873E-06,5.623413e-07,,,
a_nx8_sf_-40c_rb14k_st1,A,extraction,sf,hbt_typ,-40,8,1,14k,1.4e4,5.99915E-06,7.498937e-07,,,
a_nx8_sf_-40c_rb14k_st1,A,extraction,sf,hbt_typ,-40,8,1,14k,1.4e4,8E-06,1.000000e-06,387.06,0.111866,7.99961E-06
a_nx8_sf_-40c_rb14k_st1,A,extraction,sf,hbt_typ,-40,8,1,14k,1.4e4,1.06682E-05,1.333525e-06,388.033,0.149179,1.06678E-05
a_nx8_sf_-40c_rb14k_st1,A,extraction,sf,hbt_typ,-40,8,1,14k,1.4e4,1.42262E-05,1.778275e-06,389.057,0.198935,1.42258E-05
a_nx8_sf_-40c_rb14k_st1,A,extraction,sf,hbt_typ,-40,8,1,14k,1.4e4,1.8971E-05,2.371375e-06,390.165,0.265287,1.89706E-05
a_nx8_sf_-40c_rb14k_st1,A,extraction,sf,hbt_typ,-40,8,1,14k,1.4e4,2.52982E-05,3.162275e-06,391.372,0.353769,2.52978E-05
a_nx8_sf_-40c_rb14k_st1,A,extraction,sf,hbt_typ,-40,8,1,14k,1.4e4,3.37357E-05,4.216963e-06,390.836,0.47176,3.37353E-05
a_nx8_sf_-40c_rb14k_st1,A,extraction,sf,hbt_typ,-40,8,1,14k,1.4e4,4.49873E-05,5.623413e-06,,,
a_nx8_sf_-40c_rb14k_st1,A,extraction,sf,hbt_typ,-40,8,1,14k,1.4e4,5.99915E-05,7.498938e-06,,,
a_nx8_sf_-40c_rb14k_st1,A,extraction,sf,hbt_typ,-40,8,1,14k,1.4e4,8E-05,1.000000e-05,7.56187,0.777245,8E-05
a_nx8_sf_-40c_rb14k_st1,A,extraction,sf,hbt_typ,-40,8,1,14k,1.4e4,0.000106682,1.333525e-05,6.03369,0.792024,0.000106682
a_nx8_sf_-40c_rb14k_st1,A,extraction,sf,hbt_typ,-40,8,1,14k,1.4e4,0.000142262,1.778275e-05,5.20839,0.802831,0.000142262
a_nx8_sf_-40c_rb14k_st1,A,extraction,sf,hbt_typ,-40,8,1,14k,1.4e4,0.00018971,2.371375e-05,4.65782,0.811796,0.00018971
a_nx8_sf_-40c_rb14k_st1,A,extraction,sf,hbt_typ,-40,8,1,14k,1.4e4,0.000252982,3.162275e-05,4.24921,0.819739,0.000252982
a_nx8_sf_-40c_rb14k_st1,A,extraction,sf,hbt_typ,-40,8,1,14k,1.4e4,0.000337357,4.216962e-05,3.92627,0.827063,0.000337357
a_nx8_sf_-40c_rb14k_st1,A,extraction,sf,hbt_typ,-40,8,1,14k,1.4e4,0.000449873,5.623412e-05,3.66051,0.834003,0.000449873
a_nx8_sf_-40c_rb14k_st1,A,extraction,sf,hbt_typ,-40,8,1,14k,1.4e4,0.000599915,7.498938e-05,3.43578,0.84071,0.000599915
a_nx8_sf_-40c_rb14k_st1,A,extraction,sf,hbt_typ,-40,8,1,14k,1.4e4,0.0008,1.000000e-04,3.24214,0.847298,0.0008
a_nx8_sf_-40c_rb14k_st1,A,extraction,sf,hbt_typ,-40,8,1,14k,1.4e4,0.00106682,1.333525e-04,3.07318,0.853862,0.00106682
a_nx8_sf_-40c_rb14k_st1,A,extraction,sf,hbt_typ,-40,8,1,14k,1.4e4,0.00142262,1.778275e-04,2.9246,0.860495,0.00142262
a_nx8_sf_-40c_rb14k_st1,A,extraction,sf,hbt_typ,-40,8,1,14k,1.4e4,0.0018971,2.371375e-04,2.79353,0.867293,0.0018971
a_nx8_sf_-40c_rb14k_st1,A,extraction,sf,hbt_typ,-40,8,1,14k,1.4e4,0.00252982,3.162275e-04,2.6781,0.874367,0.00252982
a_nx8_sf_-40c_rb14k_st1,A,extraction,sf,hbt_typ,-40,8,1,14k,1.4e4,0.00337357,4.216963e-04,2.57729,0.881846,0.00337357
a_nx8_sf_-40c_rb14k_st1,A,extraction,sf,hbt_typ,-40,8,1,14k,1.4e4,0.00449873,5.623413e-04,2.49084,0.889883,0.00449873
a_nx8_sf_-40c_rb14k_st1,A,extraction,sf,hbt_typ,-40,8,1,14k,1.4e4,0.00599915,7.498937e-04,2.41925,0.898645,0.00599915
a_nx8_sf_-40c_rb14k_st1,A,extraction,sf,hbt_typ,-40,8,1,14k,1.4e4,0.008,1.000000e-03,2.36396,0.908305,0.008
a_nx8_sf_-40c_rb14k_st1,A,extraction,sf,hbt_typ,-40,8,1,14k,1.4e4,0.0106682,1.333525e-03,2.3275,0.919,0.0106682
a_nx8_sf_-40c_rb14k_st1,A,extraction,sf,hbt_typ,-40,8,1,14k,1.4e4,0.0142262,1.778275e-03,2.31377,0.930753,0.0142262
a_nx8_sf_-40c_rb14k_st1,A,extraction,sf,hbt_typ,-40,8,1,14k,1.4e4,0.018971,2.371375e-03,2.3281,0.943317,0.018971
a_nx8_sf_-40c_rb14k_st1,A,extraction,sf,hbt_typ,-40,8,1,14k,1.4e4,0.0252982,3.162275e-03,2.37667,0.955925,0.0252982
a_nx8_sf_-40c_rb1p4k_st1,A,extraction,sf,hbt_typ,-40,8,1,1p4k,1.4e3,8E-10,1.000000e-10,266.674,7.4669E-07,5.3335E-10
a_nx8_sf_-40c_rb1p4k_st1,A,extraction,sf,hbt_typ,-40,8,1,1p4k,1.4e3,1.06682E-09,1.333525e-10,355.596,9.95676E-07,7.11198E-10
a_nx8_sf_-40c_rb1p4k_st1,A,extraction,sf,hbt_typ,-40,8,1,1p4k,1.4e3,1.42262E-09,1.778275e-10,474.21,1.3278E-06,9.48427E-10
a_nx8_sf_-40c_rb1p4k_st1,A,extraction,sf,hbt_typ,-40,8,1,1p4k,1.4e3,1.8971E-09,2.371375e-10,632.36,1.77062E-06,1.26473E-09
a_nx8_sf_-40c_rb1p4k_st1,A,extraction,sf,hbt_typ,-40,8,1,1p4k,1.4e3,2.52982E-09,3.162275e-10,843.269,2.36117E-06,1.68655E-09
a_nx8_sf_-40c_rb1p4k_st1,A,extraction,sf,hbt_typ,-40,8,1,1p4k,1.4e3,3.37357E-09,4.216962e-10,1124.53,3.14871E-06,2.24908E-09
a_nx8_sf_-40c_rb1p4k_st1,A,extraction,sf,hbt_typ,-40,8,1,1p4k,1.4e3,4.49873E-09,5.623413e-10,1499.57,4.19883E-06,2.99916E-09
a_nx8_sf_-40c_rb1p4k_st1,A,extraction,sf,hbt_typ,-40,8,1,1p4k,1.4e3,5.99915E-09,7.498938e-10,1999.73,5.59929E-06,3.99949E-09
a_nx8_sf_-40c_rb1p4k_st1,A,extraction,sf,hbt_typ,-40,8,1,1p4k,1.4e3,8E-09,1.000000e-09,2666.65,7.46669E-06,5.33335E-09
a_nx8_sf_-40c_rb1p4k_st1,A,extraction,sf,hbt_typ,-40,8,1,1p4k,1.4e3,1.06682E-08,1.333525e-09,3556.05,9.95702E-06,7.11216E-09
a_nx8_sf_-40c_rb1p4k_st1,A,extraction,sf,hbt_typ,-40,8,1,1p4k,1.4e3,1.42262E-08,1.778275e-09,4742.04,1.32778E-05,9.48417E-09
a_nx8_sf_-40c_rb1p4k_st1,A,extraction,sf,hbt_typ,-40,8,1,1p4k,1.4e3,1.8971E-08,2.371375e-09,6323.7,1.77065E-05,1.26475E-08
a_nx8_sf_-40c_rb1p4k_st1,A,extraction,sf,hbt_typ,-40,8,1,1p4k,1.4e3,2.52982E-08,3.162275e-09,8432.64,2.36116E-05,1.68654E-08
a_nx8_sf_-40c_rb1p4k_st1,A,extraction,sf,hbt_typ,-40,8,1,1p4k,1.4e3,3.37357E-08,4.216963e-09,11245.3,3.14871E-05,2.24908E-08
a_nx8_sf_-40c_rb1p4k_st1,A,extraction,sf,hbt_typ,-40,8,1,1p4k,1.4e3,4.49873E-08,5.623413e-09,14995.4,4.19874E-05,2.9991E-08
a_nx8_sf_-40c_rb1p4k_st1,A,extraction,sf,hbt_typ,-40,8,1,1p4k,1.4e3,5.99915E-08,7.498937e-09,19997.1,5.59924E-05,3.99946E-08
a_nx8_sf_-40c_rb1p4k_st1,A,extraction,sf,hbt_typ,-40,8,1,1p4k,1.4e3,8E-08,1.000000e-08,26666.3,7.46663E-05,5.33331E-08
a_nx8_sf_-40c_rb1p4k_st1,A,extraction,sf,hbt_typ,-40,8,1,1p4k,1.4e3,1.06682E-07,1.333525e-08,35559.9,9.95689E-05,7.11206E-08
a_nx8_sf_-40c_rb1p4k_st1,A,extraction,sf,hbt_typ,-40,8,1,1p4k,1.4e3,1.42262E-07,1.778275e-08,47420.5,0.000132779,9.48421E-08
a_nx8_sf_-40c_rb1p4k_st1,A,extraction,sf,hbt_typ,-40,8,1,1p4k,1.4e3,1.8971E-07,2.371375e-08,63234.3,0.000177058,1.2647E-07
a_nx8_sf_-40c_rb1p4k_st1,A,extraction,sf,hbt_typ,-40,8,1,1p4k,1.4e3,2.52982E-07,3.162275e-08,84325.1,0.000236113,1.68652E-07
a_nx8_sf_-40c_rb1p4k_st1,A,extraction,sf,hbt_typ,-40,8,1,1p4k,1.4e3,3.37357E-07,4.216963e-08,112451,0.000314867,2.24905E-07
a_nx8_sf_-40c_rb1p4k_st1,A,extraction,sf,hbt_typ,-40,8,1,1p4k,1.4e3,4.49873E-07,5.623413e-08,149961,0.000419897,2.99927E-07
a_nx8_sf_-40c_rb1p4k_st1,A,extraction,sf,hbt_typ,-40,8,1,1p4k,1.4e3,5.99915E-07,7.498937e-08,199965,0.000559916,3.9994E-07
a_nx8_sf_-40c_rb1p4k_st1,A,extraction,sf,hbt_typ,-40,8,1,1p4k,1.4e3,8E-07,1.000000e-07,266666,0.00074669,5.3335E-07
a_nx8_sf_-40c_rb1p4k_st1,A,extraction,sf,hbt_typ,-40,8,1,1p4k,1.4e3,1.06682E-06,1.333525e-07,355589,0.000995703,7.11217E-07
a_nx8_sf_-40c_rb1p4k_st1,A,extraction,sf,hbt_typ,-40,8,1,1p4k,1.4e3,1.42262E-06,1.778275e-07,474165,0.0013278,9.48429E-07
a_nx8_sf_-40c_rb1p4k_st1,A,extraction,sf,hbt_typ,-40,8,1,1p4k,1.4e3,1.8971E-06,2.371375e-07,632274,0.00177085,1.26489E-06
a_nx8_sf_-40c_rb1p4k_st1,A,extraction,sf,hbt_typ,-40,8,1,1p4k,1.4e3,2.52982E-06,3.162275e-07,,,
a_nx8_sf_-40c_rb1p4k_st1,A,extraction,sf,hbt_typ,-40,8,1,1p4k,1.4e3,3.37357E-06,4.216963e-07,,,
a_nx8_sf_-40c_rb1p4k_st1,A,extraction,sf,hbt_typ,-40,8,1,1p4k,1.4e3,4.49873E-06,5.623413e-07,819936,0.000631992,4.51427E-07
a_nx8_sf_-40c_rb1p4k_st1,A,extraction,sf,hbt_typ,-40,8,1,1p4k,1.4e3,5.99915E-06,7.498937e-07,,,
a_nx8_sf_-40c_rb1p4k_st1,A,extraction,sf,hbt_typ,-40,8,1,1p4k,1.4e3,8E-06,1.000000e-06,,,
a_nx8_sf_-40c_rb1p4k_st1,A,extraction,sf,hbt_typ,-40,8,1,1p4k,1.4e3,1.06682E-05,1.333525e-06,387.469,0.0149179,1.06678E-05
a_nx8_sf_-40c_rb1p4k_st1,A,extraction,sf,hbt_typ,-40,8,1,1p4k,1.4e3,1.42262E-05,1.778275e-06,388.272,0.0198934,1.42258E-05
a_nx8_sf_-40c_rb1p4k_st1,A,extraction,sf,hbt_typ,-40,8,1,1p4k,1.4e3,1.8971E-05,2.371375e-06,389.056,0.0265286,1.89706E-05
a_nx8_sf_-40c_rb1p4k_st1,A,extraction,sf,hbt_typ,-40,8,1,1p4k,1.4e3,2.52982E-05,3.162275e-06,389.819,0.0353767,2.52978E-05
a_nx8_sf_-40c_rb1p4k_st1,A,extraction,sf,hbt_typ,-40,8,1,1p4k,1.4e3,3.37357E-05,4.216963e-06,390.565,0.047176,3.37353E-05
a_nx8_sf_-40c_rb1p4k_st1,A,extraction,sf,hbt_typ,-40,8,1,1p4k,1.4e3,4.49873E-05,5.623413e-06,391.304,0.0629106,4.49869E-05
a_nx8_sf_-40c_rb1p4k_st1,A,extraction,sf,hbt_typ,-40,8,1,1p4k,1.4e3,5.99915E-05,7.498938e-06,392.059,0.0838931,5.99911E-05
a_nx8_sf_-40c_rb1p4k_st1,A,extraction,sf,hbt_typ,-40,8,1,1p4k,1.4e3,8E-05,1.000000e-05,392.874,0.111874,7.99996E-05
a_nx8_sf_-40c_rb1p4k_st1,A,extraction,sf,hbt_typ,-40,8,1,1p4k,1.4e3,0.000106682,1.333525e-05,393.798,0.149188,0.000106682
a_nx8_sf_-40c_rb1p4k_st1,A,extraction,sf,hbt_typ,-40,8,1,1p4k,1.4e3,0.000142262,1.778275e-05,394.637,0.198945,0.000142262
a_nx8_sf_-40c_rb1p4k_st1,A,extraction,sf,hbt_typ,-40,8,1,1p4k,1.4e3,0.00018971,2.371375e-05,391.432,0.265297,0.00018971
a_nx8_sf_-40c_rb1p4k_st1,A,extraction,sf,hbt_typ,-40,8,1,1p4k,1.4e3,0.000252982,3.162275e-05,,,
a_nx8_sf_-40c_rb1p4k_st1,A,extraction,sf,hbt_typ,-40,8,1,1p4k,1.4e3,0.000337357,4.216962e-05,,,
a_nx8_sf_-40c_rb1p4k_st1,A,extraction,sf,hbt_typ,-40,8,1,1p4k,1.4e3,0.000449873,5.623412e-05,,,
a_nx8_sf_-40c_rb1p4k_st1,A,extraction,sf,hbt_typ,-40,8,1,1p4k,1.4e3,0.000599915,7.498938e-05,,,
a_nx8_sf_-40c_rb1p4k_st1,A,extraction,sf,hbt_typ,-40,8,1,1p4k,1.4e3,0.0008,1.000000e-04,7.87736,0.806728,0.0008
a_nx8_sf_-40c_rb1p4k_st1,A,extraction,sf,hbt_typ,-40,8,1,1p4k,1.4e3,0.00106682,1.333525e-04,6.17855,0.823743,0.00106682
a_nx8_sf_-40c_rb1p4k_st1,A,extraction,sf,hbt_typ,-40,8,1,1p4k,1.4e3,0.00142262,1.778275e-04,5.29779,0.835559,0.00142262
a_nx8_sf_-40c_rb1p4k_st1,A,extraction,sf,hbt_typ,-40,8,1,1p4k,1.4e3,0.0018971,2.371375e-04,4.72107,0.845243,0.0018971
a_nx8_sf_-40c_rb1p4k_st1,A,extraction,sf,hbt_typ,-40,8,1,1p4k,1.4e3,0.00252982,3.162275e-04,4.29786,0.85393,0.00252982
a_nx8_sf_-40c_rb1p4k_st1,A,extraction,sf,hbt_typ,-40,8,1,1p4k,1.4e3,0.00337357,4.216963e-04,3.96655,0.862213,0.00337357
a_nx8_sf_-40c_rb1p4k_st1,A,extraction,sf,hbt_typ,-40,8,1,1p4k,1.4e3,0.00449873,5.623413e-04,3.69697,0.870481,0.00449873
a_nx8_sf_-40c_rb1p4k_st1,A,extraction,sf,hbt_typ,-40,8,1,1p4k,1.4e3,0.00599915,7.498937e-04,3.4728,0.879038,0.00599915
a_nx8_sf_-40c_rb1p4k_st1,A,extraction,sf,hbt_typ,-40,8,1,1p4k,1.4e3,0.008,1.000000e-03,3.2848,0.888144,0.008
a_nx8_sf_-40c_rb1p4k_st1,A,extraction,sf,hbt_typ,-40,8,1,1p4k,1.4e3,0.0106682,1.333525e-03,3.12794,0.898014,0.0106682
a_nx8_sf_-40c_rb1p4k_st1,A,extraction,sf,hbt_typ,-40,8,1,1p4k,1.4e3,0.0142262,1.778275e-03,3.00008,0.90878,0.0142262
a_nx8_sf_-40c_rb1p4k_st1,A,extraction,sf,hbt_typ,-40,8,1,1p4k,1.4e3,0.018971,2.371375e-03,2.90135,0.920405,0.018971
a_nx8_sf_-40c_rb1p4k_st1,A,extraction,sf,hbt_typ,-40,8,1,1p4k,1.4e3,0.0252982,3.162275e-03,2.83391,0.932502,0.0252982
a_nx1_sf_27c_rb14k_st1,A,extraction,sf,hbt_typ,27,1,1,14k,1.4e4,1E-10,1.000000e-10,33.3266,9.33403E-07,6.66716E-11
a_nx1_sf_27c_rb14k_st1,A,extraction,sf,hbt_typ,27,1,1,14k,1.4e4,1.33352E-10,1.333520e-10,44.4419,1.24472E-06,8.89085E-11
a_nx1_sf_27c_rb14k_st1,A,extraction,sf,hbt_typ,27,1,1,14k,1.4e4,1.77828E-10,1.778280e-10,59.2642,1.65987E-06,1.18562E-10
a_nx1_sf_27c_rb14k_st1,A,extraction,sf,hbt_typ,27,1,1,14k,1.4e4,2.37137E-10,2.371370e-10,79.0295,2.21347E-06,1.58105E-10
a_nx1_sf_27c_rb14k_st1,A,extraction,sf,hbt_typ,27,1,1,14k,1.4e4,3.16228E-10,3.162280e-10,105.388,2.95173E-06,2.10838E-10
a_nx1_sf_27c_rb14k_st1,A,extraction,sf,hbt_typ,27,1,1,14k,1.4e4,4.21697E-10,4.216970e-10,140.537,3.93622E-06,2.81159E-10
a_nx1_sf_27c_rb14k_st1,A,extraction,sf,hbt_typ,27,1,1,14k,1.4e4,5.62341E-10,5.623410e-10,187.408,5.24906E-06,3.74933E-10
a_nx1_sf_27c_rb14k_st1,A,extraction,sf,hbt_typ,27,1,1,14k,1.4e4,7.49894E-10,7.498940e-10,249.908,6.99976E-06,4.99983E-10
a_nx1_sf_27c_rb14k_st1,A,extraction,sf,hbt_typ,27,1,1,14k,1.4e4,1E-09,1.000000e-09,333.226,9.3348E-06,6.66772E-10
a_nx1_sf_27c_rb14k_st1,A,extraction,sf,hbt_typ,27,1,1,14k,1.4e4,1.33352E-09,1.333520e-09,406.675,1.29742E-05,9.26849E-10
a_nx1_sf_27c_rb14k_st1,A,extraction,sf,hbt_typ,27,1,1,14k,1.4e4,1.77828E-09,1.778280e-09,541.499,1.73131E-05,1.23677E-09
a_nx1_sf_27c_rb14k_st1,A,extraction,sf,hbt_typ,27,1,1,14k,1.4e4,2.37137E-09,2.371370e-09,721.057,2.31026E-05,1.65031E-09
a_nx1_sf_27c_rb14k_st1,A,extraction,sf,hbt_typ,27,1,1,14k,1.4e4,3.16228E-09,3.162280e-09,960.087,3.08291E-05,2.2022E-09
a_nx1_sf_27c_rb14k_st1,A,extraction,sf,hbt_typ,27,1,1,14k,1.4e4,4.21697E-09,4.216970e-09,1278.08,4.11426E-05,2.93888E-09
a_nx1_sf_27c_rb14k_st1,A,extraction,sf,hbt_typ,27,1,1,14k,1.4e4,5.62341E-09,5.623410e-09,1700.78,5.49152E-05,3.92264E-09
a_nx1_sf_27c_rb14k_st1,A,extraction,sf,hbt_typ,27,1,1,14k,1.4e4,7.49894E-09,7.498940e-09,2261.94,7.3316E-05,5.23699E-09
a_nx1_sf_27c_rb14k_st1,A,extraction,sf,hbt_typ,27,1,1,14k,1.4e4,1E-08,1.000000e-08,3005.51,9.79205E-05,6.99447E-09
a_nx1_sf_27c_rb14k_st1,A,extraction,sf,hbt_typ,27,1,1,14k,1.4e4,1.33352E-08,1.333520e-08,3987.85,0.000130861,9.34736E-09
a_nx1_sf_27c_rb14k_st1,A,extraction,sf,hbt_typ,27,1,1,14k,1.4e4,1.77828E-08,1.778280e-08,5279.16,0.000175049,1.25037E-08
a_nx1_sf_27c_rb14k_st1,A,extraction,sf,hbt_typ,27,1,1,14k,1.4e4,2.37137E-08,2.371370e-08,6961.18,0.000234532,1.67525E-08
a_nx1_sf_27c_rb14k_st1,A,extraction,sf,hbt_typ,27,1,1,14k,1.4e4,3.16228E-08,3.162280e-08,9110.81,0.000315164,2.2512E-08
a_nx1_sf_27c_rb14k_st1,A,extraction,sf,hbt_typ,27,1,1,14k,1.4e4,4.21697E-08,4.216970e-08,11722.2,0.000426263,3.04476E-08
a_nx1_sf_27c_rb14k_st1,A,extraction,sf,hbt_typ,27,1,1,14k,1.4e4,5.62341E-08,5.623410e-08,14265.9,0.00058755,4.19682E-08
a_nx1_sf_27c_rb14k_st1,A,extraction,sf,hbt_typ,27,1,1,14k,1.4e4,7.49894E-08,7.498940e-08,12937,0.000868717,6.20524E-08
a_nx1_sf_27c_rb14k_st1,A,extraction,sf,hbt_typ,27,1,1,14k,1.4e4,1E-07,1.000000e-07,11223.6,0.000587673,4.19766E-08
a_nx1_sf_27c_rb14k_st1,A,extraction,sf,hbt_typ,27,1,1,14k,1.4e4,1.33352E-07,1.333520e-07,,,
a_nx1_sf_27c_rb14k_st1,A,extraction,sf,hbt_typ,27,1,1,14k,1.4e4,1.77828E-07,1.778280e-07,,,
a_nx1_sf_27c_rb14k_st1,A,extraction,sf,hbt_typ,27,1,1,14k,1.4e4,2.37137E-07,2.371370e-07,427.15,0.00331055,2.3671E-07
a_nx1_sf_27c_rb14k_st1,A,extraction,sf,hbt_typ,27,1,1,14k,1.4e4,3.16228E-07,3.162280e-07,,,
a_nx1_sf_27c_rb14k_st1,A,extraction,sf,hbt_typ,27,1,1,14k,1.4e4,4.21697E-07,4.216970e-07,,,
a_nx1_sf_27c_rb14k_st1,A,extraction,sf,hbt_typ,27,1,1,14k,1.4e4,5.62341E-07,5.623410e-07,381.973,0.00785836,5.61959E-07
a_nx1_sf_27c_rb14k_st1,A,extraction,sf,hbt_typ,27,1,1,14k,1.4e4,7.49894E-07,7.498940e-07,383.083,0.0104811,7.49511E-07
a_nx1_sf_27c_rb14k_st1,A,extraction,sf,hbt_typ,27,1,1,14k,1.4e4,1E-06,1.000000e-06,384.205,0.0139786,9.99616E-07
a_nx1_sf_27c_rb14k_st1,A,extraction,sf,hbt_typ,27,1,1,14k,1.4e4,1.33352E-06,1.333520e-06,385.341,0.0186426,1.33313E-06
a_nx1_sf_27c_rb14k_st1,A,extraction,sf,hbt_typ,27,1,1,14k,1.4e4,1.77828E-06,1.778280e-06,386.493,0.0248622,1.77789E-06
a_nx1_sf_27c_rb14k_st1,A,extraction,sf,hbt_typ,27,1,1,14k,1.4e4,2.37137E-06,2.371370e-06,387.67,0.0331561,2.37098E-06
a_nx1_sf_27c_rb14k_st1,A,extraction,sf,hbt_typ,27,1,1,14k,1.4e4,3.16228E-06,3.162280e-06,388.881,0.0442164,3.16189E-06
a_nx1_sf_27c_rb14k_st1,A,extraction,sf,hbt_typ,27,1,1,14k,1.4e4,4.21697E-06,4.216970e-06,390.146,0.0589656,4.21658E-06
a_nx1_sf_27c_rb14k_st1,A,extraction,sf,hbt_typ,27,1,1,14k,1.4e4,5.62341E-06,5.623410e-06,391.492,0.078634,5.62302E-06
a_nx1_sf_27c_rb14k_st1,A,extraction,sf,hbt_typ,27,1,1,14k,1.4e4,7.49894E-06,7.498940e-06,392.953,0.104862,7.49855E-06
a_nx1_sf_27c_rb14k_st1,A,extraction,sf,hbt_typ,27,1,1,14k,1.4e4,1E-05,1.000000e-05,394.534,0.139839,9.99961E-06
a_nx1_sf_27c_rb14k_st1,A,extraction,sf,hbt_typ,27,1,1,14k,1.4e4,1.33352E-05,1.333520e-05,395.887,0.186481,1.33348E-05
a_nx1_sf_27c_rb14k_st1,A,extraction,sf,hbt_typ,27,1,1,14k,1.4e4,1.77828E-05,1.778280e-05,392.844,0.248677,1.77824E-05
a_nx1_sf_27c_rb14k_st1,A,extraction,sf,hbt_typ,27,1,1,14k,1.4e4,2.37137E-05,2.371370e-05,,,
a_nx1_sf_27c_rb14k_st1,A,extraction,sf,hbt_typ,27,1,1,14k,1.4e4,3.16228E-05,3.162280e-05,,,
a_nx1_sf_27c_rb14k_st1,A,extraction,sf,hbt_typ,27,1,1,14k,1.4e4,4.21697E-05,4.216970e-05,,,
a_nx1_sf_27c_rb14k_st1,A,extraction,sf,hbt_typ,27,1,1,14k,1.4e4,5.62341E-05,5.623410e-05,11.6697,0.699326,5.6234E-05
a_nx1_sf_27c_rb14k_st1,A,extraction,sf,hbt_typ,27,1,1,14k,1.4e4,7.49894E-05,7.498940e-05,7.111,0.736334,7.49894E-05
a_nx1_sf_27c_rb14k_st1,A,extraction,sf,hbt_typ,27,1,1,14k,1.4e4,0.0001,1.000000e-04,5.67001,0.756349,0.0001
a_nx1_sf_27c_rb14k_st1,A,extraction,sf,hbt_typ,27,1,1,14k,1.4e4,0.000133352,1.333520e-04,4.89423,0.771049,0.000133352
a_nx1_sf_27c_rb14k_st1,A,extraction,sf,hbt_typ,27,1,1,14k,1.4e4,0.000177828,1.778280e-04,4.38114,0.783384,0.000177828
a_nx1_sf_27c_rb14k_st1,A,extraction,sf,hbt_typ,27,1,1,14k,1.4e4,0.000237137,2.371370e-04,4.00436,0.794546,0.000237137
a_nx1_sf_27c_rb14k_st1,A,extraction,sf,hbt_typ,27,1,1,14k,1.4e4,0.000316228,3.162280e-04,3.71057,0.805173,0.000316228
a_nx1_sf_27c_rb14k_st1,A,extraction,sf,hbt_typ,27,1,1,14k,1.4e4,0.000421697,4.216970e-04,3.47323,0.815692,0.000421697
a_nx1_sf_27c_rb14k_st1,A,extraction,sf,hbt_typ,27,1,1,14k,1.4e4,0.000562341,5.623410e-04,3.27785,0.826439,0.000562341
a_nx1_sf_27c_rb14k_st1,A,extraction,sf,hbt_typ,27,1,1,14k,1.4e4,0.000749894,7.498940e-04,3.11621,0.83772,0.000749894
a_nx1_sf_27c_rb14k_st1,A,extraction,sf,hbt_typ,27,1,1,14k,1.4e4,0.001,1.000000e-03,2.98388,0.849825,0.001
a_nx1_sf_27c_rb14k_st1,A,extraction,sf,hbt_typ,27,1,1,14k,1.4e4,0.00133352,1.333520e-03,2.87903,0.863027,0.00133352
a_nx1_sf_27c_rb14k_st1,A,extraction,sf,hbt_typ,27,1,1,14k,1.4e4,0.00177828,1.778280e-03,2.80211,0.877576,0.00177828
a_nx1_sf_27c_rb14k_st1,A,extraction,sf,hbt_typ,27,1,1,14k,1.4e4,0.00237137,2.371370e-03,2.75543,0.893544,0.00237137
a_nx1_sf_27c_rb14k_st1,A,extraction,sf,hbt_typ,27,1,1,14k,1.4e4,0.00316228,3.162280e-03,2.74362,0.910748,0.00316228
a_nx1_sf_27c_rb1p4k_st1,A,extraction,sf,hbt_typ,27,1,1,1p4k,1.4e3,1E-10,1.000000e-10,33.3266,9.33402E-08,6.66716E-11
a_nx1_sf_27c_rb1p4k_st1,A,extraction,sf,hbt_typ,27,1,1,1p4k,1.4e3,1.33352E-10,1.333520e-10,44.4419,1.24472E-07,8.89085E-11
a_nx1_sf_27c_rb1p4k_st1,A,extraction,sf,hbt_typ,27,1,1,1p4k,1.4e3,1.77828E-10,1.778280e-10,59.2642,1.65987E-07,1.18562E-10
a_nx1_sf_27c_rb1p4k_st1,A,extraction,sf,hbt_typ,27,1,1,1p4k,1.4e3,2.37137E-10,2.371370e-10,79.0298,2.21347E-07,1.58105E-10
a_nx1_sf_27c_rb1p4k_st1,A,extraction,sf,hbt_typ,27,1,1,1p4k,1.4e3,3.16228E-10,3.162280e-10,105.388,2.95174E-07,2.10839E-10
a_nx1_sf_27c_rb1p4k_st1,A,extraction,sf,hbt_typ,27,1,1,1p4k,1.4e3,4.21697E-10,4.216970e-10,140.536,3.9362E-07,2.81157E-10
a_nx1_sf_27c_rb1p4k_st1,A,extraction,sf,hbt_typ,27,1,1,1p4k,1.4e3,5.62341E-10,5.623410e-10,187.408,5.24906E-07,3.74933E-10
a_nx1_sf_27c_rb1p4k_st1,A,extraction,sf,hbt_typ,27,1,1,1p4k,1.4e3,7.49894E-10,7.498940e-10,249.91,6.99979E-07,4.99985E-10
a_nx1_sf_27c_rb1p4k_st1,A,extraction,sf,hbt_typ,27,1,1,1p4k,1.4e3,1E-09,1.000000e-09,333.244,9.33455E-07,6.66754E-10
a_nx1_sf_27c_rb1p4k_st1,A,extraction,sf,hbt_typ,27,1,1,1p4k,1.4e3,1.33352E-09,1.333520e-09,406.689,1.29739E-06,9.2683E-10
a_nx1_sf_27c_rb1p4k_st1,A,extraction,sf,hbt_typ,27,1,1,1p4k,1.4e3,1.77828E-09,1.778280e-09,541.529,1.73128E-06,1.23675E-09
a_nx1_sf_27c_rb1p4k_st1,A,extraction,sf,hbt_typ,27,1,1,1p4k,1.4e3,2.37137E-09,2.371370e-09,721.107,2.31019E-06,1.65026E-09
a_nx1_sf_27c_rb1p4k_st1,A,extraction,sf,hbt_typ,27,1,1,1p4k,1.4e3,3.16228E-09,3.162280e-09,960.177,3.08278E-06,2.20211E-09
a_nx1_sf_27c_rb1p4k_st1,A,extraction,sf,hbt_typ,27,1,1,1p4k,1.4e3,4.21697E-09,4.216970e-09,1278.24,4.11403E-06,2.93872E-09
a_nx1_sf_27c_rb1p4k_st1,A,extraction,sf,hbt_typ,27,1,1,1p4k,1.4e3,5.62341E-09,5.623410e-09,1701.07,5.49106E-06,3.92231E-09
a_nx1_sf_27c_rb1p4k_st1,A,extraction,sf,hbt_typ,27,1,1,1p4k,1.4e3,7.49894E-09,7.498940e-09,2262.48,7.33084E-06,5.23645E-09
a_nx1_sf_27c_rb1p4k_st1,A,extraction,sf,hbt_typ,27,1,1,1p4k,1.4e3,1E-08,1.000000e-08,3006.52,9.79064E-06,6.99346E-09
a_nx1_sf_27c_rb1p4k_st1,A,extraction,sf,hbt_typ,27,1,1,1p4k,1.4e3,1.33352E-08,1.333520e-08,3989.74,1.30835E-05,9.34547E-09
a_nx1_sf_27c_rb1p4k_st1,A,extraction,sf,hbt_typ,27,1,1,1p4k,1.4e3,1.77828E-08,1.778280e-08,5282.76,1.74998E-05,1.25E-08
a_nx1_sf_27c_rb1p4k_st1,A,extraction,sf,hbt_typ,27,1,1,1p4k,1.4e3,2.37137E-08,2.371370e-08,6968.34,2.34431E-05,1.67453E-08
a_nx1_sf_27c_rb1p4k_st1,A,extraction,sf,hbt_typ,27,1,1,1p4k,1.4e3,3.16228E-08,3.162280e-08,9125.86,3.14954E-05,2.24969E-08
a_nx1_sf_27c_rb1p4k_st1,A,extraction,sf,hbt_typ,27,1,1,1p4k,1.4e3,4.21697E-08,4.216970e-08,11757.4,4.25766E-05,3.04121E-08
a_nx1_sf_27c_rb1p4k_st1,A,extraction,sf,hbt_typ,27,1,1,1p4k,1.4e3,5.62341E-08,5.623410e-08,14371.7,5.86067E-05,4.18623E-08
a_nx1_sf_27c_rb1p4k_st1,A,extraction,sf,hbt_typ,27,1,1,1p4k,1.4e3,7.49894E-08,7.498940e-08,13250.6,8.64326E-05,6.17387E-08
a_nx1_sf_27c_rb1p4k_st1,A,extraction,sf,hbt_typ,27,1,1,1p4k,1.4e3,1E-07,1.000000e-07,,,
a_nx1_sf_27c_rb1p4k_st1,A,extraction,sf,hbt_typ,27,1,1,1p4k,1.4e3,1.33352E-07,1.333520e-07,,,
a_nx1_sf_27c_rb1p4k_st1,A,extraction,sf,hbt_typ,27,1,1,1p4k,1.4e3,1.77828E-07,1.778280e-07,,,
a_nx1_sf_27c_rb1p4k_st1,A,extraction,sf,hbt_typ,27,1,1,1p4k,1.4e3,2.37137E-07,2.371370e-07,,,
a_nx1_sf_27c_rb1p4k_st1,A,extraction,sf,hbt_typ,27,1,1,1p4k,1.4e3,3.16228E-07,3.162280e-07,,,
a_nx1_sf_27c_rb1p4k_st1,A,extraction,sf,hbt_typ,27,1,1,1p4k,1.4e3,4.21697E-07,4.216970e-07,,,
a_nx1_sf_27c_rb1p4k_st1,A,extraction,sf,hbt_typ,27,1,1,1p4k,1.4e3,5.62341E-07,5.623410e-07,381.916,0.000785836,5.61959E-07
a_nx1_sf_27c_rb1p4k_st1,A,extraction,sf,hbt_typ,27,1,1,1p4k,1.4e3,7.49894E-07,7.498940e-07,383.011,0.00104811,7.49511E-07
a_nx1_sf_27c_rb1p4k_st1,A,extraction,sf,hbt_typ,27,1,1,1p4k,1.4e3,1E-06,1.000000e-06,384.113,0.00139786,9.99616E-07
a_nx1_sf_27c_rb1p4k_st1,A,extraction,sf,hbt_typ,27,1,1,1p4k,1.4e3,1.33352E-06,1.333520e-06,385.222,0.00186426,1.33313E-06
a_nx1_sf_27c_rb1p4k_st1,A,extraction,sf,hbt_typ,27,1,1,1p4k,1.4e3,1.77828E-06,1.778280e-06,386.341,0.00248622,1.77789E-06
a_nx1_sf_27c_rb1p4k_st1,A,extraction,sf,hbt_typ,27,1,1,1p4k,1.4e3,2.37137E-06,2.371370e-06,387.473,0.00331561,2.37098E-06
a_nx1_sf_27c_rb1p4k_st1,A,extraction,sf,hbt_typ,27,1,1,1p4k,1.4e3,3.16228E-06,3.162280e-06,388.628,0.00442164,3.16189E-06
a_nx1_sf_27c_rb1p4k_st1,A,extraction,sf,hbt_typ,27,1,1,1p4k,1.4e3,4.21697E-06,4.216970e-06,389.821,0.00589656,4.21658E-06
a_nx1_sf_27c_rb1p4k_st1,A,extraction,sf,hbt_typ,27,1,1,1p4k,1.4e3,5.62341E-06,5.623410e-06,391.083,0.00786339,5.62302E-06
a_nx1_sf_27c_rb1p4k_st1,A,extraction,sf,hbt_typ,27,1,1,1p4k,1.4e3,7.49894E-06,7.498940e-06,392.466,0.0104862,7.49855E-06
a_nx1_sf_27c_rb1p4k_st1,A,extraction,sf,hbt_typ,27,1,1,1p4k,1.4e3,1E-05,1.000000e-05,394.066,0.0139839,9.99961E-06
a_nx1_sf_27c_rb1p4k_st1,A,extraction,sf,hbt_typ,27,1,1,1p4k,1.4e3,1.33352E-05,1.333520e-05,396.066,0.0186481,1.33348E-05
a_nx1_sf_27c_rb1p4k_st1,A,extraction,sf,hbt_typ,27,1,1,1p4k,1.4e3,1.77828E-05,1.778280e-05,398.823,0.0248681,1.77824E-05
a_nx1_sf_27c_rb1p4k_st1,A,extraction,sf,hbt_typ,27,1,1,1p4k,1.4e3,2.37137E-05,2.371370e-05,403.07,0.0331625,2.37131E-05
a_nx1_sf_27c_rb1p4k_st1,A,extraction,sf,hbt_typ,27,1,1,1p4k,1.4e3,3.16228E-05,3.162280e-05,410.189,0.0442185,3.1618E-05
a_nx1_sf_27c_rb1p4k_st1,A,extraction,sf,hbt_typ,27,1,1,1p4k,1.4e3,4.21697E-05,4.216970e-05,414.984,0.0588006,4.20441E-05
a_nx1_sf_27c_rb1p4k_st1,A,extraction,sf,hbt_typ,27,1,1,1p4k,1.4e3,5.62341E-05,5.623410e-05,,,
a_nx1_sf_27c_rb1p4k_st1,A,extraction,sf,hbt_typ,27,1,1,1p4k,1.4e3,7.49894E-05,7.498940e-05,,,
a_nx1_sf_27c_rb1p4k_st1,A,extraction,sf,hbt_typ,27,1,1,1p4k,1.4e3,0.0001,1.000000e-04,,,
a_nx1_sf_27c_rb1p4k_st1,A,extraction,sf,hbt_typ,27,1,1,1p4k,1.4e3,0.000133352,1.333520e-04,,,
a_nx1_sf_27c_rb1p4k_st1,A,extraction,sf,hbt_typ,27,1,1,1p4k,1.4e3,0.000177828,1.778280e-04,,,
a_nx1_sf_27c_rb1p4k_st1,A,extraction,sf,hbt_typ,27,1,1,1p4k,1.4e3,0.000237137,2.371370e-04,,,
a_nx1_sf_27c_rb1p4k_st1,A,extraction,sf,hbt_typ,27,1,1,1p4k,1.4e3,0.000316228,3.162280e-04,,,
a_nx1_sf_27c_rb1p4k_st1,A,extraction,sf,hbt_typ,27,1,1,1p4k,1.4e3,0.000421697,4.216970e-04,,,
a_nx1_sf_27c_rb1p4k_st1,A,extraction,sf,hbt_typ,27,1,1,1p4k,1.4e3,0.000562341,5.623410e-04,,,
a_nx1_sf_27c_rb1p4k_st1,A,extraction,sf,hbt_typ,27,1,1,1p4k,1.4e3,0.000749894,7.498940e-04,6.69036,0.719865,0.000749894
a_nx1_sf_27c_rb1p4k_st1,A,extraction,sf,hbt_typ,27,1,1,1p4k,1.4e3,0.001,1.000000e-03,5.45384,0.746833,0.001
a_nx1_sf_27c_rb1p4k_st1,A,extraction,sf,hbt_typ,27,1,1,1p4k,1.4e3,0.00133352,1.333520e-03,4.75379,0.768231,0.00133352
a_nx1_sf_27c_rb1p4k_st1,A,extraction,sf,hbt_typ,27,1,1,1p4k,1.4e3,0.00177828,1.778280e-03,4.28786,0.787847,0.00177828
a_nx1_sf_27c_rb1p4k_st1,A,extraction,sf,hbt_typ,27,1,1,1p4k,1.4e3,0.00237137,2.371370e-03,3.95336,0.807113,0.00237137
a_nx1_sf_27c_rb1p4k_st1,A,extraction,sf,hbt_typ,27,1,1,1p4k,1.4e3,0.00316228,3.162280e-03,3.70709,0.826527,0.00316228
a_nx8_sf_27c_rb14k_st1,A,extraction,sf,hbt_typ,27,8,1,14k,1.4e4,8E-10,1.000000e-10,266.173,7.47332E-06,5.33809E-10
a_nx8_sf_27c_rb14k_st1,A,extraction,sf,hbt_typ,27,8,1,14k,1.4e4,1.06682E-09,1.333525e-10,353.838,9.98138E-06,7.1296E-10
a_nx8_sf_27c_rb14k_st1,A,extraction,sf,hbt_typ,27,8,1,14k,1.4e4,1.42262E-09,1.778275e-10,362.437,1.48369E-05,1.06019E-09
a_nx8_sf_27c_rb14k_st1,A,extraction,sf,hbt_typ,27,8,1,14k,1.4e4,1.8971E-09,2.371375e-10,365.492,2.14284E-05,1.53157E-09
a_nx8_sf_27c_rb14k_st1,A,extraction,sf,hbt_typ,27,8,1,14k,1.4e4,2.52982E-09,3.162275e-10,483.733,2.86314E-05,2.04607E-09
a_nx8_sf_27c_rb14k_st1,A,extraction,sf,hbt_typ,27,8,1,14k,1.4e4,3.37357E-09,4.216962e-10,641.6,3.82331E-05,2.73191E-09
a_nx8_sf_27c_rb14k_st1,A,extraction,sf,hbt_typ,27,8,1,14k,1.4e4,4.49873E-09,5.623413e-10,851.409,5.10484E-05,3.64729E-09
a_nx8_sf_27c_rb14k_st1,A,extraction,sf,hbt_typ,27,8,1,14k,1.4e4,5.99915E-09,7.498938e-10,1129.95,6.81545E-05,4.86916E-09
a_nx8_sf_27c_rb14k_st1,A,extraction,sf,hbt_typ,27,8,1,14k,1.4e4,8E-09,1.000000e-09,1499.25,9.0997E-05,6.50078E-09
a_nx8_sf_27c_rb14k_st1,A,extraction,sf,hbt_typ,27,8,1,14k,1.4e4,1.06682E-08,1.333525e-09,1987.81,0.000121513,8.68051E-09
a_nx8_sf_27c_rb14k_st1,A,extraction,sf,hbt_typ,27,8,1,14k,1.4e4,1.42262E-08,1.778275e-09,2632.03,0.000162302,1.1594E-08
a_nx8_sf_27c_rb14k_st1,A,extraction,sf,hbt_typ,27,8,1,14k,1.4e4,1.8971E-08,2.371375e-09,3477.6,0.000216893,1.54934E-08
a_nx8_sf_27c_rb14k_st1,A,extraction,sf,hbt_typ,27,8,1,14k,1.4e4,2.52982E-08,3.162275e-09,4578.93,0.000290054,2.07192E-08
a_nx8_sf_27c_rb14k_st1,A,extraction,sf,hbt_typ,27,8,1,14k,1.4e4,3.37357E-08,4.216963e-09,5995.97,0.000388341,2.77397E-08
a_nx8_sf_27c_rb14k_st1,A,extraction,sf,hbt_typ,27,8,1,14k,1.4e4,4.49873E-08,5.623413e-09,7781.6,0.000520862,3.72056E-08
a_nx8_sf_27c_rb14k_st1,A,extraction,sf,hbt_typ,27,8,1,14k,1.4e4,5.99915E-08,7.498937e-09,9948.3,0.00070059,5.00434E-08
a_nx8_sf_27c_rb14k_st1,A,extraction,sf,hbt_typ,27,8,1,14k,1.4e4,8E-08,1.000000e-08,12392.6,0.000946471,6.76065E-08
a_nx8_sf_27c_rb14k_st1,A,extraction,sf,hbt_typ,27,8,1,14k,1.4e4,1.06682E-07,1.333525e-08,14755.8,0.00128694,9.19259E-08
a_nx8_sf_27c_rb14k_st1,A,extraction,sf,hbt_typ,27,8,1,14k,1.4e4,1.42262E-07,1.778275e-08,16316.2,0.0017632,1.25945E-07
a_nx8_sf_27c_rb14k_st1,A,extraction,sf,hbt_typ,27,8,1,14k,1.4e4,1.8971E-07,2.371375e-08,16307.6,0.00242759,1.73403E-07
a_nx8_sf_27c_rb14k_st1,A,extraction,sf,hbt_typ,27,8,1,14k,1.4e4,2.52982E-07,3.162275e-08,16103.9,0.00237049,1.69334E-07
a_nx8_sf_27c_rb14k_st1,A,extraction,sf,hbt_typ,27,8,1,14k,1.4e4,3.37357E-07,4.216963e-08,,,
a_nx8_sf_27c_rb14k_st1,A,extraction,sf,hbt_typ,27,8,1,14k,1.4e4,4.49873E-07,5.623413e-08,,,
a_nx8_sf_27c_rb14k_st1,A,extraction,sf,hbt_typ,27,8,1,14k,1.4e4,5.99915E-07,7.498937e-08,,,
a_nx8_sf_27c_rb14k_st1,A,extraction,sf,hbt_typ,27,8,1,14k,1.4e4,8E-07,1.000000e-07,,,
a_nx8_sf_27c_rb14k_st1,A,extraction,sf,hbt_typ,27,8,1,14k,1.4e4,1.06682E-06,1.333525e-07,,,
a_nx8_sf_27c_rb14k_st1,A,extraction,sf,hbt_typ,27,8,1,14k,1.4e4,1.42262E-06,1.778275e-07,,,
a_nx8_sf_27c_rb14k_st1,A,extraction,sf,hbt_typ,27,8,1,14k,1.4e4,1.8971E-06,2.371375e-07,,,
a_nx8_sf_27c_rb14k_st1,A,extraction,sf,hbt_typ,27,8,1,14k,1.4e4,2.52982E-06,3.162275e-07,,,
a_nx8_sf_27c_rb14k_st1,A,extraction,sf,hbt_typ,27,8,1,14k,1.4e4,3.37357E-06,4.216963e-07,381.437,0.0471701,3.37319E-06
a_nx8_sf_27c_rb14k_st1,A,extraction,sf,hbt_typ,27,8,1,14k,1.4e4,4.49873E-06,5.623413e-07,382.651,0.0629044,4.49835E-06
a_nx8_sf_27c_rb14k_st1,A,extraction,sf,hbt_typ,27,8,1,14k,1.4e4,5.99915E-06,7.498937e-07,383.919,0.0838864,5.99877E-06
a_nx8_sf_27c_rb14k_st1,A,extraction,sf,hbt_typ,27,8,1,14k,1.4e4,8E-06,1.000000e-06,385.26,0.111867,7.99961E-06
a_nx8_sf_27c_rb14k_st1,A,extraction,sf,hbt_typ,27,8,1,14k,1.4e4,1.06682E-05,1.333525e-06,386.71,0.149179,1.06678E-05
a_nx8_sf_27c_rb14k_st1,A,extraction,sf,hbt_typ,27,8,1,14k,1.4e4,1.42262E-05,1.778275e-06,388.314,0.198936,1.42258E-05
a_nx8_sf_27c_rb14k_st1,A,extraction,sf,hbt_typ,27,8,1,14k,1.4e4,1.8971E-05,2.371375e-06,390.026,0.265289,1.89706E-05
a_nx8_sf_27c_rb14k_st1,A,extraction,sf,hbt_typ,27,8,1,14k,1.4e4,2.52982E-05,3.162275e-06,388.34,0.353768,2.52978E-05
a_nx8_sf_27c_rb14k_st1,A,extraction,sf,hbt_typ,27,8,1,14k,1.4e4,3.37357E-05,4.216963e-06,265.293,0.471496,3.37354E-05
a_nx8_sf_27c_rb14k_st1,A,extraction,sf,hbt_typ,27,8,1,14k,1.4e4,4.49873E-05,5.623413e-06,25.7882,0.611423,4.49873E-05
a_nx8_sf_27c_rb14k_st1,A,extraction,sf,hbt_typ,27,8,1,14k,1.4e4,5.99915E-05,7.498938e-06,8.70242,0.673248,5.99915E-05
a_nx8_sf_27c_rb14k_st1,A,extraction,sf,hbt_typ,27,8,1,14k,1.4e4,8E-05,1.000000e-05,6.28677,0.69825,8E-05
a_nx8_sf_27c_rb14k_st1,A,extraction,sf,hbt_typ,27,8,1,14k,1.4e4,0.000106682,1.333525e-05,5.23653,0.714634,0.000106682
a_nx8_sf_27c_rb14k_st1,A,extraction,sf,hbt_typ,27,8,1,14k,1.4e4,0.000142262,1.778275e-05,4.60212,0.727519,0.000142262
a_nx8_sf_27c_rb14k_st1,A,extraction,sf,hbt_typ,27,8,1,14k,1.4e4,0.00018971,2.371375e-05,4.15735,0.738584,0.00018971
a_nx8_sf_27c_rb14k_st1,A,extraction,sf,hbt_typ,27,8,1,14k,1.4e4,0.000252982,3.162275e-05,3.8186,0.748578,0.000252982
a_nx8_sf_27c_rb14k_st1,A,extraction,sf,hbt_typ,27,8,1,14k,1.4e4,0.000337357,4.216962e-05,3.547,0.757899,0.000337357
a_nx8_sf_27c_rb14k_st1,A,extraction,sf,hbt_typ,27,8,1,14k,1.4e4,0.000449873,5.623412e-05,3.32176,0.766788,0.000449873
a_nx8_sf_27c_rb14k_st1,A,extraction,sf,hbt_typ,27,8,1,14k,1.4e4,0.000599915,7.498938e-05,3.13061,0.775408,0.000599915
a_nx8_sf_27c_rb14k_st1,A,extraction,sf,hbt_typ,27,8,1,14k,1.4e4,0.0008,1.000000e-04,2.96589,0.78388,0.0008
a_nx8_sf_27c_rb14k_st1,A,extraction,sf,hbt_typ,27,8,1,14k,1.4e4,0.00106682,1.333525e-04,2.82254,0.792306,0.00106682
a_nx8_sf_27c_rb14k_st1,A,extraction,sf,hbt_typ,27,8,1,14k,1.4e4,0.00142262,1.778275e-04,2.69721,0.800779,0.00142262
a_nx8_sf_27c_rb14k_st1,A,extraction,sf,hbt_typ,27,8,1,14k,1.4e4,0.0018971,2.371375e-04,2.58772,0.809399,0.0018971
a_nx8_sf_27c_rb14k_st1,A,extraction,sf,hbt_typ,27,8,1,14k,1.4e4,0.00252982,3.162275e-04,2.49277,0.818275,0.00252982
a_nx8_sf_27c_rb14k_st1,A,extraction,sf,hbt_typ,27,8,1,14k,1.4e4,0.00337357,4.216963e-04,2.4118,0.827532,0.00337357
a_nx8_sf_27c_rb14k_st1,A,extraction,sf,hbt_typ,27,8,1,14k,1.4e4,0.00449873,5.623413e-04,2.34504,0.83731,0.00449873
a_nx8_sf_27c_rb14k_st1,A,extraction,sf,hbt_typ,27,8,1,14k,1.4e4,0.00599915,7.498937e-04,2.29349,0.847764,0.00599915
a_nx8_sf_27c_rb14k_st1,A,extraction,sf,hbt_typ,27,8,1,14k,1.4e4,0.008,1.000000e-03,2.25911,0.859043,0.008
a_nx8_sf_27c_rb14k_st1,A,extraction,sf,hbt_typ,27,8,1,14k,1.4e4,0.0106682,1.333525e-03,2.24499,0.871253,0.0106682
a_nx8_sf_27c_rb14k_st1,A,extraction,sf,hbt_typ,27,8,1,14k,1.4e4,0.0142262,1.778275e-03,2.25548,0.884372,0.0142262
a_nx8_sf_27c_rb14k_st1,A,extraction,sf,hbt_typ,27,8,1,14k,1.4e4,0.018971,2.371375e-03,2.29605,0.898111,0.018971
a_nx8_sf_27c_rb14k_st1,A,extraction,sf,hbt_typ,27,8,1,14k,1.4e4,0.0252982,3.162275e-03,2.37229,0.911667,0.0252982
a_nx8_sf_27c_rb1p4k_st1,A,extraction,sf,hbt_typ,27,8,1,1p4k,1.4e3,8E-10,1.000000e-10,266.183,7.47362E-07,5.3383E-10
a_nx8_sf_27c_rb1p4k_st1,A,extraction,sf,hbt_typ,27,8,1,1p4k,1.4e3,1.06682E-09,1.333525e-10,353.839,9.98138E-07,7.1296E-10
a_nx8_sf_27c_rb1p4k_st1,A,extraction,sf,hbt_typ,27,8,1,1p4k,1.4e3,1.42262E-09,1.778275e-10,362.436,1.4837E-06,1.06019E-09
a_nx8_sf_27c_rb1p4k_st1,A,extraction,sf,hbt_typ,27,8,1,1p4k,1.4e3,1.8971E-09,2.371375e-10,365.587,2.14272E-06,1.53148E-09
a_nx8_sf_27c_rb1p4k_st1,A,extraction,sf,hbt_typ,27,8,1,1p4k,1.4e3,2.52982E-09,3.162275e-10,483.93,2.86286E-06,2.04587E-09
a_nx8_sf_27c_rb1p4k_st1,A,extraction,sf,hbt_typ,27,8,1,1p4k,1.4e3,3.37357E-09,4.216962e-10,641.958,3.82283E-06,2.73157E-09
a_nx8_sf_27c_rb1p4k_st1,A,extraction,sf,hbt_typ,27,8,1,1p4k,1.4e3,4.49873E-09,5.623413e-10,852.047,5.10396E-06,3.64666E-09
a_nx8_sf_27c_rb1p4k_st1,A,extraction,sf,hbt_typ,27,8,1,1p4k,1.4e3,5.99915E-09,7.498938e-10,1131.09,6.81388E-06,4.86804E-09
a_nx8_sf_27c_rb1p4k_st1,A,extraction,sf,hbt_typ,27,8,1,1p4k,1.4e3,8E-09,1.000000e-09,1501.28,9.09686E-06,6.49874E-09
a_nx8_sf_27c_rb1p4k_st1,A,extraction,sf,hbt_typ,27,8,1,1p4k,1.4e3,1.06682E-08,1.333525e-09,1991.41,1.21459E-05,8.67664E-09
a_nx8_sf_27c_rb1p4k_st1,A,extraction,sf,hbt_typ,27,8,1,1p4k,1.4e3,1.42262E-08,1.778275e-09,2638.54,1.62211E-05,1.15875E-08
a_nx8_sf_27c_rb1p4k_st1,A,extraction,sf,hbt_typ,27,8,1,1p4k,1.4e3,1.8971E-08,2.371375e-09,3489.31,2.16729E-05,1.54817E-08
a_nx8_sf_27c_rb1p4k_st1,A,extraction,sf,hbt_typ,27,8,1,1p4k,1.4e3,2.52982E-08,3.162275e-09,4599.97,2.89759E-05,2.06981E-08
a_nx8_sf_27c_rb1p4k_st1,A,extraction,sf,hbt_typ,27,8,1,1p4k,1.4e3,3.37357E-08,4.216963e-09,6033.91,3.87808E-05,2.77017E-08
a_nx8_sf_27c_rb1p4k_st1,A,extraction,sf,hbt_typ,27,8,1,1p4k,1.4e3,4.49873E-08,5.623413e-09,7850.23,5.199E-05,3.71369E-08
a_nx8_sf_27c_rb1p4k_st1,A,extraction,sf,hbt_typ,27,8,1,1p4k,1.4e3,5.99915E-08,7.498937e-09,10072.9,6.98847E-05,4.99189E-08
a_nx8_sf_27c_rb1p4k_st1,A,extraction,sf,hbt_typ,27,8,1,1p4k,1.4e3,8E-08,1.000000e-08,12617.2,9.43324E-05,6.73817E-08
a_nx8_sf_27c_rb1p4k_st1,A,extraction,sf,hbt_typ,27,8,1,1p4k,1.4e3,1.06682E-07,1.333525e-08,15149.3,0.000128143,9.15324E-08
a_nx8_sf_27c_rb1p4k_st1,A,extraction,sf,hbt_typ,27,8,1,1p4k,1.4e3,1.42262E-07,1.778275e-08,16947.8,0.000175436,1.25314E-07
a_nx8_sf_27c_rb1p4k_st1,A,extraction,sf,hbt_typ,27,8,1,1p4k,1.4e3,1.8971E-07,2.371375e-08,17186.3,0.000241529,1.72524E-07
a_nx8_sf_27c_rb1p4k_st1,A,extraction,sf,hbt_typ,27,8,1,1p4k,1.4e3,2.52982E-07,3.162275e-08,17049.4,0.000231351,1.65253E-07
a_nx8_sf_27c_rb1p4k_st1,A,extraction,sf,hbt_typ,27,8,1,1p4k,1.4e3,3.37357E-07,4.216963e-08,,,
a_nx8_sf_27c_rb1p4k_st1,A,extraction,sf,hbt_typ,27,8,1,1p4k,1.4e3,4.49873E-07,5.623413e-08,,,
a_nx8_sf_27c_rb1p4k_st1,A,extraction,sf,hbt_typ,27,8,1,1p4k,1.4e3,5.99915E-07,7.498937e-08,,,
a_nx8_sf_27c_rb1p4k_st1,A,extraction,sf,hbt_typ,27,8,1,1p4k,1.4e3,8E-07,1.000000e-07,,,
a_nx8_sf_27c_rb1p4k_st1,A,extraction,sf,hbt_typ,27,8,1,1p4k,1.4e3,1.06682E-06,1.333525e-07,,,
a_nx8_sf_27c_rb1p4k_st1,A,extraction,sf,hbt_typ,27,8,1,1p4k,1.4e3,1.42262E-06,1.778275e-07,,,
a_nx8_sf_27c_rb1p4k_st1,A,extraction,sf,hbt_typ,27,8,1,1p4k,1.4e3,1.8971E-06,2.371375e-07,,,
a_nx8_sf_27c_rb1p4k_st1,A,extraction,sf,hbt_typ,27,8,1,1p4k,1.4e3,2.52982E-06,3.162275e-07,379.979,0.00353711,2.52944E-06
a_nx8_sf_27c_rb1p4k_st1,A,extraction,sf,hbt_typ,27,8,1,1p4k,1.4e3,3.37357E-06,4.216963e-07,381.056,0.00471701,3.37319E-06
a_nx8_sf_27c_rb1p4k_st1,A,extraction,sf,hbt_typ,27,8,1,1p4k,1.4e3,4.49873E-06,5.623413e-07,382.151,0.00629043,4.49835E-06
a_nx8_sf_27c_rb1p4k_st1,A,extraction,sf,hbt_typ,27,8,1,1p4k,1.4e3,5.99915E-06,7.498937e-07,383.256,0.00838863,5.99877E-06
a_nx8_sf_27c_rb1p4k_st1,A,extraction,sf,hbt_typ,27,8,1,1p4k,1.4e3,8E-06,1.000000e-06,384.374,0.0111866,7.99962E-06
a_nx8_sf_27c_rb1p4k_st1,A,extraction,sf,hbt_typ,27,8,1,1p4k,1.4e3,1.06682E-05,1.333525e-06,385.504,0.0149179,1.06678E-05
a_nx8_sf_27c_rb1p4k_st1,A,extraction,sf,hbt_typ,27,8,1,1p4k,1.4e3,1.42262E-05,1.778275e-06,386.653,0.0198935,1.42258E-05
a_nx8_sf_27c_rb1p4k_st1,A,extraction,sf,hbt_typ,27,8,1,1p4k,1.4e3,1.8971E-05,2.371375e-06,387.829,0.0265287,1.89706E-05
a_nx8_sf_27c_rb1p4k_st1,A,extraction,sf,hbt_typ,27,8,1,1p4k,1.4e3,2.52982E-05,3.162275e-06,389.048,0.0353769,2.52978E-05
a_nx8_sf_27c_rb1p4k_st1,A,extraction,sf,hbt_typ,27,8,1,1p4k,1.4e3,3.37357E-05,4.216963e-06,390.336,0.0471763,3.37353E-05
a_nx8_sf_27c_rb1p4k_st1,A,extraction,sf,hbt_typ,27,8,1,1p4k,1.4e3,4.49873E-05,5.623413e-06,391.735,0.0629111,4.49869E-05
a_nx8_sf_27c_rb1p4k_st1,A,extraction,sf,hbt_typ,27,8,1,1p4k,1.4e3,5.99915E-05,7.498938e-06,393.309,0.083894,5.99911E-05
a_nx8_sf_27c_rb1p4k_st1,A,extraction,sf,hbt_typ,27,8,1,1p4k,1.4e3,8E-05,1.000000e-05,395.122,0.111875,7.99996E-05
a_nx8_sf_27c_rb1p4k_st1,A,extraction,sf,hbt_typ,27,8,1,1p4k,1.4e3,0.000106682,1.333525e-05,396.979,0.14919,0.000106682
a_nx8_sf_27c_rb1p4k_st1,A,extraction,sf,hbt_typ,27,8,1,1p4k,1.4e3,0.000142262,1.778275e-05,395.502,0.198946,0.000142261
a_nx8_sf_27c_rb1p4k_st1,A,extraction,sf,hbt_typ,27,8,1,1p4k,1.4e3,0.00018971,2.371375e-05,,,
a_nx8_sf_27c_rb1p4k_st1,A,extraction,sf,hbt_typ,27,8,1,1p4k,1.4e3,0.000252982,3.162275e-05,,,
a_nx8_sf_27c_rb1p4k_st1,A,extraction,sf,hbt_typ,27,8,1,1p4k,1.4e3,0.000337357,4.216962e-05,,,
a_nx8_sf_27c_rb1p4k_st1,A,extraction,sf,hbt_typ,27,8,1,1p4k,1.4e3,0.000449873,5.623412e-05,,,
a_nx8_sf_27c_rb1p4k_st1,A,extraction,sf,hbt_typ,27,8,1,1p4k,1.4e3,0.000599915,7.498938e-05,9.87994,0.710919,0.000599915
a_nx8_sf_27c_rb1p4k_st1,A,extraction,sf,hbt_typ,27,8,1,1p4k,1.4e3,0.0008,1.000000e-04,6.67245,0.742506,0.0008
a_nx8_sf_27c_rb1p4k_st1,A,extraction,sf,hbt_typ,27,8,1,1p4k,1.4e3,0.00106682,1.333525e-04,5.4525,0.761025,0.00106682
a_nx8_sf_27c_rb1p4k_st1,A,extraction,sf,hbt_typ,27,8,1,1p4k,1.4e3,0.00142262,1.778275e-04,4.7535,0.775,0.00142262
a_nx8_sf_27c_rb1p4k_st1,A,extraction,sf,hbt_typ,27,8,1,1p4k,1.4e3,0.0018971,2.371375e-04,4.27703,0.786869,0.0018971
a_nx8_sf_27c_rb1p4k_st1,A,extraction,sf,hbt_typ,27,8,1,1p4k,1.4e3,0.00252982,3.162275e-04,3.92109,0.797685,0.00252982
a_nx8_sf_27c_rb1p4k_st1,A,extraction,sf,hbt_typ,27,8,1,1p4k,1.4e3,0.00337357,4.216963e-04,3.64067,0.808034,0.00337357
a_nx8_sf_27c_rb1p4k_st1,A,extraction,sf,hbt_typ,27,8,1,1p4k,1.4e3,0.00449873,5.623413e-04,3.41288,0.818314,0.00449873
a_nx8_sf_27c_rb1p4k_st1,A,extraction,sf,hbt_typ,27,8,1,1p4k,1.4e3,0.00599915,7.498937e-04,3.22512,0.828835,0.00599915
a_nx8_sf_27c_rb1p4k_st1,A,extraction,sf,hbt_typ,27,8,1,1p4k,1.4e3,0.008,1.000000e-03,3.07045,0.839866,0.008
a_nx8_sf_27c_rb1p4k_st1,A,extraction,sf,hbt_typ,27,8,1,1p4k,1.4e3,0.0106682,1.333525e-03,2.9454,0.851611,0.0106682
a_nx8_sf_27c_rb1p4k_st1,A,extraction,sf,hbt_typ,27,8,1,1p4k,1.4e3,0.0142262,1.778275e-03,2.84913,0.86419,0.0142262
a_nx8_sf_27c_rb1p4k_st1,A,extraction,sf,hbt_typ,27,8,1,1p4k,1.4e3,0.018971,2.371375e-03,2.78301,0.877528,0.018971
a_nx8_sf_27c_rb1p4k_st1,A,extraction,sf,hbt_typ,27,8,1,1p4k,1.4e3,0.0252982,3.162275e-03,2.75049,0.891165,0.0252982
a_nx1_sf_125c_rb14k_st1,A,extraction,sf,hbt_typ,125,1,1,14k,1.4e4,1E-10,1.000000e-10,4.1056,1.49782E-07,1.11477E-11
a_nx1_sf_125c_rb14k_st1,A,extraction,sf,hbt_typ,125,1,1,14k,1.4e4,1.33352E-10,1.333520e-10,12.9894,4.92125E-07,3.56159E-11
a_nx1_sf_125c_rb14k_st1,A,extraction,sf,hbt_typ,125,1,1,14k,1.4e4,1.77828E-10,1.778280e-10,23.7411,9.64008E-07,6.93397E-11
a_nx1_sf_125c_rb14k_st1,A,extraction,sf,hbt_typ,125,1,1,14k,1.4e4,2.37137E-10,2.371370e-10,37.3983,1.6028E-06,1.14991E-10
a_nx1_sf_125c_rb14k_st1,A,extraction,sf,hbt_typ,125,1,1,14k,1.4e4,3.16228E-10,3.162280e-10,54.8618,2.46515E-06,1.76619E-10
a_nx1_sf_125c_rb14k_st1,A,extraction,sf,hbt_typ,125,1,1,14k,1.4e4,4.21697E-10,4.216970e-10,77.0466,3.6305E-06,2.59903E-10
a_nx1_sf_125c_rb14k_st1,A,extraction,sf,hbt_typ,125,1,1,14k,1.4e4,5.62341E-10,5.623410e-10,104.766,5.21052E-06,3.72825E-10
a_nx1_sf_125c_rb14k_st1,A,extraction,sf,hbt_typ,125,1,1,14k,1.4e4,7.49894E-10,7.498940e-10,138.394,7.3641E-06,5.26747E-10
a_nx1_sf_125c_rb14k_st1,A,extraction,sf,hbt_typ,125,1,1,14k,1.4e4,1E-09,1.000000e-09,177.231,1.03198E-05,7.38014E-10
a_nx1_sf_125c_rb14k_st1,A,extraction,sf,hbt_typ,125,1,1,14k,1.4e4,1.33352E-09,1.333520e-09,218.754,1.44045E-05,1.03001E-09
a_nx1_sf_125c_rb14k_st1,A,extraction,sf,hbt_typ,125,1,1,14k,1.4e4,1.77828E-09,1.778280e-09,258.643,2.00674E-05,1.43486E-09
a_nx1_sf_125c_rb14k_st1,A,extraction,sf,hbt_typ,125,1,1,14k,1.4e4,2.37137E-09,2.371370e-09,292.639,2.78868E-05,1.99394E-09
a_nx1_sf_125c_rb14k_st1,A,extraction,sf,hbt_typ,125,1,1,14k,1.4e4,3.16228E-09,3.162280e-09,318.867,3.85809E-05,2.75861E-09
a_nx1_sf_125c_rb14k_st1,A,extraction,sf,hbt_typ,125,1,1,14k,1.4e4,4.21697E-09,4.216970e-09,337.941,5.30633E-05,3.79418E-09
a_nx1_sf_125c_rb14k_st1,A,extraction,sf,hbt_typ,125,1,1,14k,1.4e4,5.62341E-09,5.623410e-09,351.496,7.25416E-05,5.18703E-09
a_nx1_sf_125c_rb14k_st1,A,extraction,sf,hbt_typ,125,1,1,14k,1.4e4,7.49894E-09,7.498940e-09,361.108,9.86345E-05,7.05288E-09
a_nx1_sf_125c_rb14k_st1,A,extraction,sf,hbt_typ,125,1,1,14k,1.4e4,1E-08,1.000000e-08,367.967,0.000133513,9.547E-09
a_nx1_sf_125c_rb14k_st1,A,extraction,sf,hbt_typ,125,1,1,14k,1.4e4,1.33352E-08,1.333520e-08,372.906,0.000180083,1.28772E-08
a_nx1_sf_125c_rb14k_st1,A,extraction,sf,hbt_typ,125,1,1,14k,1.4e4,1.77828E-08,1.778280e-08,376.495,0.000242227,1.7321E-08
a_nx1_sf_125c_rb14k_st1,A,extraction,sf,hbt_typ,125,1,1,14k,1.4e4,2.37137E-08,2.371370e-08,379.126,0.000325126,2.32491E-08
a_nx1_sf_125c_rb14k_st1,A,extraction,sf,hbt_typ,125,1,1,14k,1.4e4,3.16228E-08,3.162280e-08,381.07,0.000435698,3.1156E-08
a_nx1_sf_125c_rb14k_st1,A,extraction,sf,hbt_typ,125,1,1,14k,1.4e4,4.21697E-08,4.216970e-08,382.521,0.000583163,4.17011E-08
a_nx1_sf_125c_rb14k_st1,A,extraction,sf,hbt_typ,125,1,1,14k,1.4e4,5.62341E-08,5.623410e-08,383.62,0.000779821,5.57639E-08
a_nx1_sf_125c_rb14k_st1,A,extraction,sf,hbt_typ,125,1,1,14k,1.4e4,7.49894E-08,7.498940e-08,384.472,0.00104208,7.45177E-08
a_nx1_sf_125c_rb14k_st1,A,extraction,sf,hbt_typ,125,1,1,14k,1.4e4,1E-07,1.000000e-07,385.161,0.00139181,9.95268E-08
a_nx1_sf_125c_rb14k_st1,A,extraction,sf,hbt_typ,125,1,1,14k,1.4e4,1.33352E-07,1.333520e-07,385.756,0.00185819,1.32877E-07
a_nx1_sf_125c_rb14k_st1,A,extraction,sf,hbt_typ,125,1,1,14k,1.4e4,1.77828E-07,1.778280e-07,386.321,0.00248013,1.77351E-07
a_nx1_sf_125c_rb14k_st1,A,extraction,sf,hbt_typ,125,1,1,14k,1.4e4,2.37137E-07,2.371370e-07,386.911,0.00330948,2.36657E-07
a_nx1_sf_125c_rb14k_st1,A,extraction,sf,hbt_typ,125,1,1,14k,1.4e4,3.16228E-07,3.162280e-07,387.573,0.00441547,3.15745E-07
a_nx1_sf_125c_rb14k_st1,A,extraction,sf,hbt_typ,125,1,1,14k,1.4e4,4.21697E-07,4.216970e-07,388.342,0.00589032,4.21209E-07
a_nx1_sf_125c_rb14k_st1,A,extraction,sf,hbt_typ,125,1,1,14k,1.4e4,5.62341E-07,5.623410e-07,389.237,0.00785706,5.61846E-07
a_nx1_sf_125c_rb14k_st1,A,extraction,sf,hbt_typ,125,1,1,14k,1.4e4,7.49894E-07,7.498940e-07,390.267,0.0104798,7.4939E-07
a_nx1_sf_125c_rb14k_st1,A,extraction,sf,hbt_typ,125,1,1,14k,1.4e4,1E-06,1.000000e-06,391.435,0.0139772,9.99483E-07
a_nx1_sf_125c_rb14k_st1,A,extraction,sf,hbt_typ,125,1,1,14k,1.4e4,1.33352E-06,1.333520e-06,392.745,0.0186411,1.33298E-06
a_nx1_sf_125c_rb14k_st1,A,extraction,sf,hbt_typ,125,1,1,14k,1.4e4,1.77828E-06,1.778280e-06,394.202,0.0248606,1.77772E-06
a_nx1_sf_125c_rb14k_st1,A,extraction,sf,hbt_typ,125,1,1,14k,1.4e4,2.37137E-06,2.371370e-06,395.817,0.0331542,2.37076E-06
a_nx1_sf_125c_rb14k_st1,A,extraction,sf,hbt_typ,125,1,1,14k,1.4e4,3.16228E-06,3.162280e-06,397.593,0.0442139,3.16159E-06
a_nx1_sf_125c_rb14k_st1,A,extraction,sf,hbt_typ,125,1,1,14k,1.4e4,4.21697E-06,4.216970e-06,399.488,0.0589617,4.21614E-06
a_nx1_sf_125c_rb14k_st1,A,extraction,sf,hbt_typ,125,1,1,14k,1.4e4,5.62341E-06,5.623410e-06,401.259,0.0786267,5.62227E-06
a_nx1_sf_125c_rb14k_st1,A,extraction,sf,hbt_typ,125,1,1,14k,1.4e4,7.49894E-06,7.498940e-06,401.676,0.104846,7.4971E-06
a_nx1_sf_125c_rb14k_st1,A,extraction,sf,hbt_typ,125,1,1,14k,1.4e4,1E-05,1.000000e-05,394.599,0.139796,9.99642E-06
a_nx1_sf_125c_rb14k_st1,A,extraction,sf,hbt_typ,125,1,1,14k,1.4e4,1.33352E-05,1.333520e-05,357.119,0.186373,1.33286E-05
a_nx1_sf_125c_rb14k_st1,A,extraction,sf,hbt_typ,125,1,1,14k,1.4e4,1.77828E-05,1.778280e-05,,,
a_nx1_sf_125c_rb14k_st1,A,extraction,sf,hbt_typ,125,1,1,14k,1.4e4,2.37137E-05,2.371370e-05,,,
a_nx1_sf_125c_rb14k_st1,A,extraction,sf,hbt_typ,125,1,1,14k,1.4e4,3.16228E-05,3.162280e-05,,,
a_nx1_sf_125c_rb14k_st1,A,extraction,sf,hbt_typ,125,1,1,14k,1.4e4,4.21697E-05,4.216970e-05,13.3989,0.547611,4.21695E-05
a_nx1_sf_125c_rb14k_st1,A,extraction,sf,hbt_typ,125,1,1,14k,1.4e4,5.62341E-05,5.623410e-05,7.13381,0.603671,5.6234E-05
a_nx1_sf_125c_rb14k_st1,A,extraction,sf,hbt_typ,125,1,1,14k,1.4e4,7.49894E-05,7.498940e-05,5.42013,0.633862,7.49893E-05
a_nx1_sf_125c_rb14k_st1,A,extraction,sf,hbt_typ,125,1,1,14k,1.4e4,0.0001,1.000000e-04,4.58519,0.655189,9.99999E-05
a_nx1_sf_125c_rb14k_st1,A,extraction,sf,hbt_typ,125,1,1,14k,1.4e4,0.000133352,1.333520e-04,4.06494,0.672537,0.000133352
a_nx1_sf_125c_rb14k_st1,A,extraction,sf,hbt_typ,125,1,1,14k,1.4e4,0.000177828,1.778280e-04,3.69782,0.687816,0.000177828
a_nx1_sf_125c_rb14k_st1,A,extraction,sf,hbt_typ,125,1,1,14k,1.4e4,0.000237137,2.371370e-04,3.41979,0.701978,0.000237137
a_nx1_sf_125c_rb14k_st1,A,extraction,sf,hbt_typ,125,1,1,14k,1.4e4,0.000316228,3.162280e-04,3.20027,0.715601,0.000316228
a_nx1_sf_125c_rb14k_st1,A,extraction,sf,hbt_typ,125,1,1,14k,1.4e4,0.000421697,4.216970e-04,3.02302,0.729094,0.000421697
a_nx1_sf_125c_rb14k_st1,A,extraction,sf,hbt_typ,125,1,1,14k,1.4e4,0.000562341,5.623410e-04,2.87893,0.742788,0.000562341
a_nx1_sf_125c_rb14k_st1,A,extraction,sf,hbt_typ,125,1,1,14k,1.4e4,0.000749894,7.498940e-04,2.76299,0.756981,0.000749893
a_nx1_sf_125c_rb14k_st1,A,extraction,sf,hbt_typ,125,1,1,14k,1.4e4,0.001,1.000000e-03,2.67292,0.771951,0.000999999
a_nx1_sf_125c_rb14k_st1,A,extraction,sf,hbt_typ,125,1,1,14k,1.4e4,0.00133352,1.333520e-03,2.60854,0.787947,0.00133352
a_nx1_sf_125c_rb14k_st1,A,extraction,sf,hbt_typ,125,1,1,14k,1.4e4,0.00177828,1.778280e-03,2.57157,0.805152,0.00177827
a_nx1_sf_125c_rb14k_st1,A,extraction,sf,hbt_typ,125,1,1,14k,1.4e4,0.00237137,2.371370e-03,2.5656,0.823595,0.00237135
a_nx1_sf_125c_rb14k_st1,A,extraction,sf,hbt_typ,125,1,1,14k,1.4e4,0.00316228,3.162280e-03,2.59524,0.843012,0.0031622
a_nx1_sf_125c_rb1p4k_st1,A,extraction,sf,hbt_typ,125,1,1,1p4k,1.4e3,1E-10,1.000000e-10,4.1056,1.49782E-08,1.11477E-11
a_nx1_sf_125c_rb1p4k_st1,A,extraction,sf,hbt_typ,125,1,1,1p4k,1.4e3,1.33352E-10,1.333520e-10,12.9894,4.92125E-08,3.56159E-11
a_nx1_sf_125c_rb1p4k_st1,A,extraction,sf,hbt_typ,125,1,1,1p4k,1.4e3,1.77828E-10,1.778280e-10,23.7412,9.64007E-08,6.93396E-11
a_nx1_sf_125c_rb1p4k_st1,A,extraction,sf,hbt_typ,125,1,1,1p4k,1.4e3,2.37137E-10,2.371370e-10,37.3987,1.60281E-07,1.14991E-10
a_nx1_sf_125c_rb1p4k_st1,A,extraction,sf,hbt_typ,125,1,1,1p4k,1.4e3,3.16228E-10,3.162280e-10,54.8625,2.46514E-07,1.76618E-10
a_nx1_sf_125c_rb1p4k_st1,A,extraction,sf,hbt_typ,125,1,1,1p4k,1.4e3,4.21697E-10,4.216970e-10,77.0481,3.63047E-07,2.599E-10
a_nx1_sf_125c_rb1p4k_st1,A,extraction,sf,hbt_typ,125,1,1,1p4k,1.4e3,5.62341E-10,5.623410e-10,104.77,5.21048E-07,3.72822E-10
a_nx1_sf_125c_rb1p4k_st1,A,extraction,sf,hbt_typ,125,1,1,1p4k,1.4e3,7.49894E-10,7.498940e-10,138.401,7.36401E-07,5.26741E-10
a_nx1_sf_125c_rb1p4k_st1,A,extraction,sf,hbt_typ,125,1,1,1p4k,1.4e3,1E-09,1.000000e-09,177.243,1.03196E-06,7.38002E-10
a_nx1_sf_125c_rb1p4k_st1,A,extraction,sf,hbt_typ,125,1,1,1p4k,1.4e3,1.33352E-09,1.333520e-09,218.775,1.44042E-06,1.02999E-09
a_nx1_sf_125c_rb1p4k_st1,A,extraction,sf,hbt_typ,125,1,1,1p4k,1.4e3,1.77828E-09,1.778280e-09,258.674,2.0067E-06,1.43483E-09
a_nx1_sf_125c_rb1p4k_st1,A,extraction,sf,hbt_typ,125,1,1,1p4k,1.4e3,2.37137E-09,2.371370e-09,292.68,2.78862E-06,1.9939E-09
a_nx1_sf_125c_rb1p4k_st1,A,extraction,sf,hbt_typ,125,1,1,1p4k,1.4e3,3.16228E-09,3.162280e-09,318.914,3.85803E-06,2.75856E-09
a_nx1_sf_125c_rb1p4k_st1,A,extraction,sf,hbt_typ,125,1,1,1p4k,1.4e3,4.21697E-09,4.216970e-09,337.992,5.30627E-06,3.79414E-09
a_nx1_sf_125c_rb1p4k_st1,A,extraction,sf,hbt_typ,125,1,1,1p4k,1.4e3,5.62341E-09,5.623410e-09,351.549,7.25409E-06,5.18698E-09
a_nx1_sf_125c_rb1p4k_st1,A,extraction,sf,hbt_typ,125,1,1,1p4k,1.4e3,7.49894E-09,7.498940e-09,361.16,9.86338E-06,7.05284E-09
a_nx1_sf_125c_rb1p4k_st1,A,extraction,sf,hbt_typ,125,1,1,1p4k,1.4e3,1E-08,1.000000e-08,368.017,1.33512E-05,9.54695E-09
a_nx1_sf_125c_rb1p4k_st1,A,extraction,sf,hbt_typ,125,1,1,1p4k,1.4e3,1.33352E-08,1.333520e-08,372.953,1.80082E-05,1.28771E-08
a_nx1_sf_125c_rb1p4k_st1,A,extraction,sf,hbt_typ,125,1,1,1p4k,1.4e3,1.77828E-08,1.778280e-08,376.538,2.42226E-05,1.7321E-08
a_nx1_sf_125c_rb1p4k_st1,A,extraction,sf,hbt_typ,125,1,1,1p4k,1.4e3,2.37137E-08,2.371370e-08,379.163,3.25126E-05,2.32491E-08
a_nx1_sf_125c_rb1p4k_st1,A,extraction,sf,hbt_typ,125,1,1,1p4k,1.4e3,3.16228E-08,3.162280e-08,381.1,4.35698E-05,3.11559E-08
a_nx1_sf_125c_rb1p4k_st1,A,extraction,sf,hbt_typ,125,1,1,1p4k,1.4e3,4.21697E-08,4.216970e-08,382.54,5.83163E-05,4.17011E-08
a_nx1_sf_125c_rb1p4k_st1,A,extraction,sf,hbt_typ,125,1,1,1p4k,1.4e3,5.62341E-08,5.623410e-08,383.626,7.79821E-05,5.57639E-08
a_nx1_sf_125c_rb1p4k_st1,A,extraction,sf,hbt_typ,125,1,1,1p4k,1.4e3,7.49894E-08,7.498940e-08,384.46,0.000104208,7.45177E-08
a_nx1_sf_125c_rb1p4k_st1,A,extraction,sf,hbt_typ,125,1,1,1p4k,1.4e3,1E-07,1.000000e-07,385.126,0.000139181,9.95268E-08
a_nx1_sf_125c_rb1p4k_st1,A,extraction,sf,hbt_typ,125,1,1,1p4k,1.4e3,1.33352E-07,1.333520e-07,385.693,0.000185819,1.32877E-07
a_nx1_sf_125c_rb1p4k_st1,A,extraction,sf,hbt_typ,125,1,1,1p4k,1.4e3,1.77828E-07,1.778280e-07,386.226,0.000248013,1.77351E-07
a_nx1_sf_125c_rb1p4k_st1,A,extraction,sf,hbt_typ,125,1,1,1p4k,1.4e3,2.37137E-07,2.371370e-07,386.779,0.000330948,2.36657E-07
a_nx1_sf_125c_rb1p4k_st1,A,extraction,sf,hbt_typ,125,1,1,1p4k,1.4e3,3.16228E-07,3.162280e-07,387.403,0.000441547,3.15745E-07
a_nx1_sf_125c_rb1p4k_st1,A,extraction,sf,hbt_typ,125,1,1,1p4k,1.4e3,4.21697E-07,4.216970e-07,388.13,0.000589032,4.21209E-07
a_nx1_sf_125c_rb1p4k_st1,A,extraction,sf,hbt_typ,125,1,1,1p4k,1.4e3,5.62341E-07,5.623410e-07,388.982,0.000785706,5.61846E-07
a_nx1_sf_125c_rb1p4k_st1,A,extraction,sf,hbt_typ,125,1,1,1p4k,1.4e3,7.49894E-07,7.498940e-07,389.965,0.00104798,7.4939E-07
a_nx1_sf_125c_rb1p4k_st1,A,extraction,sf,hbt_typ,125,1,1,1p4k,1.4e3,1E-06,1.000000e-06,391.082,0.00139772,9.99484E-07
a_nx1_sf_125c_rb1p4k_st1,A,extraction,sf,hbt_typ,125,1,1,1p4k,1.4e3,1.33352E-06,1.333520e-06,392.335,0.00186411,1.33298E-06
a_nx1_sf_125c_rb1p4k_st1,A,extraction,sf,hbt_typ,125,1,1,1p4k,1.4e3,1.77828E-06,1.778280e-06,393.735,0.00248605,1.77772E-06
a_nx1_sf_125c_rb1p4k_st1,A,extraction,sf,hbt_typ,125,1,1,1p4k,1.4e3,2.37137E-06,2.371370e-06,395.302,0.00331541,2.37076E-06
a_nx1_sf_125c_rb1p4k_st1,A,extraction,sf,hbt_typ,125,1,1,1p4k,1.4e3,3.16228E-06,3.162280e-06,397.074,0.00442138,3.16159E-06
a_nx1_sf_125c_rb1p4k_st1,A,extraction,sf,hbt_typ,125,1,1,1p4k,1.4e3,4.21697E-06,4.216970e-06,399.117,0.00589617,4.21614E-06
a_nx1_sf_125c_rb1p4k_st1,A,extraction,sf,hbt_typ,125,1,1,1p4k,1.4e3,5.62341E-06,5.623410e-06,401.544,0.00786267,5.62227E-06
a_nx1_sf_125c_rb1p4k_st1,A,extraction,sf,hbt_typ,125,1,1,1p4k,1.4e3,7.49894E-06,7.498940e-06,404.536,0.0104846,7.49707E-06
a_nx1_sf_125c_rb1p4k_st1,A,extraction,sf,hbt_typ,125,1,1,1p4k,1.4e3,1E-05,1.000000e-05,408.386,0.0139796,9.99602E-06
a_nx1_sf_125c_rb1p4k_st1,A,extraction,sf,hbt_typ,125,1,1,1p4k,1.4e3,1.33352E-05,1.333520e-05,413.51,0.0186334,1.33235E-05
a_nx1_sf_125c_rb1p4k_st1,A,extraction,sf,hbt_typ,125,1,1,1p4k,1.4e3,1.77828E-05,1.778280e-05,419.812,0.024803,1.77346E-05
a_nx1_sf_125c_rb1p4k_st1,A,extraction,sf,hbt_typ,125,1,1,1p4k,1.4e3,2.37137E-05,2.371370e-05,420.387,0.0328052,2.34563E-05
a_nx1_sf_125c_rb1p4k_st1,A,extraction,sf,hbt_typ,125,1,1,1p4k,1.4e3,3.16228E-05,3.162280e-05,,,
a_nx1_sf_125c_rb1p4k_st1,A,extraction,sf,hbt_typ,125,1,1,1p4k,1.4e3,4.21697E-05,4.216970e-05,,,
a_nx1_sf_125c_rb1p4k_st1,A,extraction,sf,hbt_typ,125,1,1,1p4k,1.4e3,5.62341E-05,5.623410e-05,,,
a_nx1_sf_125c_rb1p4k_st1,A,extraction,sf,hbt_typ,125,1,1,1p4k,1.4e3,7.49894E-05,7.498940e-05,,,
a_nx1_sf_125c_rb1p4k_st1,A,extraction,sf,hbt_typ,125,1,1,1p4k,1.4e3,0.0001,1.000000e-04,,,
a_nx1_sf_125c_rb1p4k_st1,A,extraction,sf,hbt_typ,125,1,1,1p4k,1.4e3,0.000133352,1.333520e-04,,,
a_nx1_sf_125c_rb1p4k_st1,A,extraction,sf,hbt_typ,125,1,1,1p4k,1.4e3,0.000177828,1.778280e-04,,,
a_nx1_sf_125c_rb1p4k_st1,A,extraction,sf,hbt_typ,125,1,1,1p4k,1.4e3,0.000237137,2.371370e-04,,,
a_nx1_sf_125c_rb1p4k_st1,A,extraction,sf,hbt_typ,125,1,1,1p4k,1.4e3,0.000316228,3.162280e-04,,,
a_nx1_sf_125c_rb1p4k_st1,A,extraction,sf,hbt_typ,125,1,1,1p4k,1.4e3,0.000421697,4.216970e-04,,,
a_nx1_sf_125c_rb1p4k_st1,A,extraction,sf,hbt_typ,125,1,1,1p4k,1.4e3,0.000562341,5.623410e-04,7.10057,0.609164,0.000562338
a_nx1_sf_125c_rb1p4k_st1,A,extraction,sf,hbt_typ,125,1,1,1p4k,1.4e3,0.000749894,7.498940e-04,5.44998,0.64676,0.000749891
a_nx1_sf_125c_rb1p4k_st1,A,extraction,sf,hbt_typ,125,1,1,1p4k,1.4e3,0.001,1.000000e-03,4.63658,0.673986,0.000999996
a_nx1_sf_125c_rb1p4k_st1,A,extraction,sf,hbt_typ,125,1,1,1p4k,1.4e3,0.00133352,1.333520e-03,4.1398,0.697393,0.00133351
a_nx1_sf_125c_rb1p4k_st1,A,extraction,sf,hbt_typ,125,1,1,1p4k,1.4e3,0.00177828,1.778280e-03,3.80354,0.719449,0.00177826
a_nx1_sf_125c_rb1p4k_st1,A,extraction,sf,hbt_typ,125,1,1,1p4k,1.4e3,0.00237137,2.371370e-03,3.5664,0.741216,0.0023713
a_nx1_sf_125c_rb1p4k_st1,A,extraction,sf,hbt_typ,125,1,1,1p4k,1.4e3,0.00316228,3.162280e-03,3.39761,0.763122,0.00316196
a_nx8_sf_125c_rb14k_st1,A,extraction,sf,hbt_typ,125,8,1,14k,1.4e4,8E-10,1.000000e-10,36.8692,5.39343E-06,3.8928E-10
a_nx8_sf_125c_rb14k_st1,A,extraction,sf,hbt_typ,125,8,1,14k,1.4e4,1.06682E-09,1.333525e-10,54.4329,8.87943E-06,6.38535E-10
a_nx8_sf_125c_rb14k_st1,A,extraction,sf,hbt_typ,125,8,1,14k,1.4e4,1.42262E-09,1.778275e-10,75.4341,1.35619E-05,9.7333E-10
a_nx8_sf_125c_rb14k_st1,A,extraction,sf,hbt_typ,125,8,1,14k,1.4e4,1.8971E-09,2.371375e-10,100.089,1.98531E-05,1.42315E-09
a_nx8_sf_125c_rb14k_st1,A,extraction,sf,hbt_typ,125,8,1,14k,1.4e4,2.52982E-09,3.162275e-10,128.178,2.83093E-05,2.02777E-09
a_nx8_sf_125c_rb14k_st1,A,extraction,sf,hbt_typ,125,8,1,14k,1.4e4,3.37357E-09,4.216962e-10,158.938,3.96797E-05,2.84077E-09
a_nx8_sf_125c_rb14k_st1,A,extraction,sf,hbt_typ,125,8,1,14k,1.4e4,4.49873E-09,5.623413e-10,191.048,5.49663E-05,3.9338E-09
a_nx8_sf_125c_rb14k_st1,A,extraction,sf,hbt_typ,125,8,1,14k,1.4e4,5.99915E-09,7.498938e-10,222.835,7.55045E-05,5.40237E-09
a_nx8_sf_125c_rb14k_st1,A,extraction,sf,hbt_typ,125,8,1,14k,1.4e4,8E-09,1.000000e-09,252.652,0.000103069,7.3734E-09
a_nx8_sf_125c_rb14k_st1,A,extraction,sf,hbt_typ,125,8,1,14k,1.4e4,1.06682E-08,1.333525e-09,279.245,0.00014001,1.00149E-08
a_nx8_sf_125c_rb14k_st1,A,extraction,sf,hbt_typ,125,8,1,14k,1.4e4,1.42262E-08,1.778275e-09,301.958,0.000189449,1.35502E-08
a_nx8_sf_125c_rb14k_st1,A,extraction,sf,hbt_typ,125,8,1,14k,1.4e4,1.8971E-08,2.371375e-09,320.698,0.000255539,1.82761E-08
a_nx8_sf_125c_rb14k_st1,A,extraction,sf,hbt_typ,125,8,1,14k,1.4e4,2.52982E-08,3.162275e-09,335.758,0.000343808,2.45881E-08
a_nx8_sf_125c_rb14k_st1,A,extraction,sf,hbt_typ,125,8,1,14k,1.4e4,3.37357E-08,4.216963e-09,347.631,0.000461631,3.30136E-08
a_nx8_sf_125c_rb14k_st1,A,extraction,sf,hbt_typ,125,8,1,14k,1.4e4,4.49873E-08,5.623413e-09,356.864,0.000618844,4.42557E-08
a_nx8_sf_125c_rb14k_st1,A,extraction,sf,hbt_typ,125,8,1,14k,1.4e4,5.99915E-08,7.498937e-09,363.977,0.000828561,5.92524E-08
a_nx8_sf_125c_rb14k_st1,A,extraction,sf,hbt_typ,125,8,1,14k,1.4e4,8E-08,1.000000e-08,369.421,0.00110828,7.92551E-08
a_nx8_sf_125c_rb14k_st1,A,extraction,sf,hbt_typ,125,8,1,14k,1.4e4,1.06682E-07,1.333525e-08,373.573,0.00148134,1.05932E-07
a_nx8_sf_125c_rb14k_st1,A,extraction,sf,hbt_typ,125,8,1,14k,1.4e4,1.42262E-07,1.778275e-08,376.737,0.00197885,1.41508E-07
a_nx8_sf_125c_rb14k_st1,A,extraction,sf,hbt_typ,125,8,1,14k,1.4e4,1.8971E-07,2.371375e-08,379.152,0.00264232,1.88953E-07
a_nx8_sf_125c_rb14k_st1,A,extraction,sf,hbt_typ,125,8,1,14k,1.4e4,2.52982E-07,3.162275e-08,381.008,0.00352708,2.52222E-07
a_nx8_sf_125c_rb14k_st1,A,extraction,sf,hbt_typ,125,8,1,14k,1.4e4,3.37357E-07,4.216963e-08,382.452,0.00470696,3.36593E-07
a_nx8_sf_125c_rb14k_st1,A,extraction,sf,hbt_typ,125,8,1,14k,1.4e4,4.49873E-07,5.623413e-08,383.603,0.00628036,4.49106E-07
a_nx8_sf_125c_rb14k_st1,A,extraction,sf,hbt_typ,125,8,1,14k,1.4e4,5.99915E-07,7.498937e-08,384.557,0.00837852,5.99143E-07
a_nx8_sf_125c_rb14k_st1,A,extraction,sf,hbt_typ,125,8,1,14k,1.4e4,8E-07,1.000000e-07,385.394,0.0111765,7.99223E-07
a_nx8_sf_125c_rb14k_st1,A,extraction,sf,hbt_typ,125,8,1,14k,1.4e4,1.06682E-06,1.333525e-07,386.181,0.0149077,1.06604E-06
a_nx8_sf_125c_rb14k_st1,A,extraction,sf,hbt_typ,125,8,1,14k,1.4e4,1.42262E-06,1.778275e-07,386.977,0.0198832,1.42183E-06
a_nx8_sf_125c_rb14k_st1,A,extraction,sf,hbt_typ,125,8,1,14k,1.4e4,1.8971E-06,2.371375e-07,387.83,0.0265183,1.89629E-06
a_nx8_sf_125c_rb14k_st1,A,extraction,sf,hbt_typ,125,8,1,14k,1.4e4,2.52982E-06,3.162275e-07,388.77,0.0353663,2.529E-06
a_nx8_sf_125c_rb14k_st1,A,extraction,sf,hbt_typ,125,8,1,14k,1.4e4,3.37357E-06,4.216963e-07,389.799,0.0471654,3.37272E-06
a_nx8_sf_125c_rb14k_st1,A,extraction,sf,hbt_typ,125,8,1,14k,1.4e4,4.49873E-06,5.623413e-07,390.856,0.0628998,4.49785E-06
a_nx8_sf_125c_rb14k_st1,A,extraction,sf,hbt_typ,125,8,1,14k,1.4e4,5.99915E-06,7.498937e-07,391.704,0.0838818,5.99822E-06
a_nx8_sf_125c_rb14k_st1,A,extraction,sf,hbt_typ,125,8,1,14k,1.4e4,8E-06,1.000000e-06,391.462,0.111862,7.99901E-06
a_nx8_sf_125c_rb14k_st1,A,extraction,sf,hbt_typ,125,8,1,14k,1.4e4,1.06682E-05,1.333525e-06,386.527,0.149171,1.06671E-05
a_nx8_sf_125c_rb14k_st1,A,extraction,sf,hbt_typ,125,8,1,14k,1.4e4,1.42262E-05,1.778275e-06,361,0.198909,1.4225E-05
a_nx8_sf_125c_rb14k_st1,A,extraction,sf,hbt_typ,125,8,1,14k,1.4e4,1.8971E-05,2.371375e-06,265.363,0.265135,1.89699E-05
a_nx8_sf_125c_rb14k_st1,A,extraction,sf,hbt_typ,125,8,1,14k,1.4e4,2.52982E-05,3.162275e-06,99.6386,0.352445,2.52976E-05
a_nx8_sf_125c_rb14k_st1,A,extraction,sf,hbt_typ,125,8,1,14k,1.4e4,3.37357E-05,4.216963e-06,19.4563,0.453552,3.37353E-05
a_nx8_sf_125c_rb14k_st1,A,extraction,sf,hbt_typ,125,8,1,14k,1.4e4,4.49873E-05,5.623413e-06,8.20056,0.519178,4.49869E-05
a_nx8_sf_125c_rb14k_st1,A,extraction,sf,hbt_typ,125,8,1,14k,1.4e4,5.99915E-05,7.498938e-06,5.80747,0.553556,5.99911E-05
a_nx8_sf_125c_rb14k_st1,A,extraction,sf,hbt_typ,125,8,1,14k,1.4e4,8E-05,1.000000e-05,4.77575,0.576589,7.99996E-05
a_nx8_sf_125c_rb14k_st1,A,extraction,sf,hbt_typ,125,8,1,14k,1.4e4,0.000106682,1.333525e-05,4.16899,0.594637,0.000106682
a_nx8_sf_125c_rb14k_st1,A,extraction,sf,hbt_typ,125,8,1,14k,1.4e4,0.000142262,1.778275e-05,3.7533,0.610032,0.000142262
a_nx8_sf_125c_rb14k_st1,A,extraction,sf,hbt_typ,125,8,1,14k,1.4e4,0.00018971,2.371375e-05,3.44257,0.623848,0.00018971
a_nx8_sf_125c_rb14k_st1,A,extraction,sf,hbt_typ,125,8,1,14k,1.4e4,0.000252982,3.162275e-05,3.19732,0.636658,0.000252982
a_nx8_sf_125c_rb14k_st1,A,extraction,sf,hbt_typ,125,8,1,14k,1.4e4,0.000337357,4.216962e-05,2.99666,0.648806,0.000337357
a_nx8_sf_125c_rb14k_st1,A,extraction,sf,hbt_typ,125,8,1,14k,1.4e4,0.000449873,5.623412e-05,2.82844,0.660515,0.000449873
a_nx8_sf_125c_rb14k_st1,A,extraction,sf,hbt_typ,125,8,1,14k,1.4e4,0.000599915,7.498938e-05,2.68513,0.671944,0.000599915
a_nx8_sf_125c_rb14k_st1,A,extraction,sf,hbt_typ,125,8,1,14k,1.4e4,0.0008,1.000000e-04,2.56182,0.683214,0.000799999
a_nx8_sf_125c_rb14k_st1,A,extraction,sf,hbt_typ,125,8,1,14k,1.4e4,0.00106682,1.333525e-04,2.45525,0.694432,0.00106682
a_nx8_sf_125c_rb14k_st1,A,extraction,sf,hbt_typ,125,8,1,14k,1.4e4,0.00142262,1.778275e-04,2.36331,0.705692,0.00142262
a_nx8_sf_125c_rb14k_st1,A,extraction,sf,hbt_typ,125,8,1,14k,1.4e4,0.0018971,2.371375e-04,2.28471,0.717096,0.0018971
a_nx8_sf_125c_rb14k_st1,A,extraction,sf,hbt_typ,125,8,1,14k,1.4e4,0.00252982,3.162275e-04,2.21885,0.728749,0.00252982
a_nx8_sf_125c_rb14k_st1,A,extraction,sf,hbt_typ,125,8,1,14k,1.4e4,0.00337357,4.216963e-04,2.16581,0.740772,0.00337357
a_nx8_sf_125c_rb14k_st1,A,extraction,sf,hbt_typ,125,8,1,14k,1.4e4,0.00449873,5.623413e-04,2.12633,0.753293,0.00449873
a_nx8_sf_125c_rb14k_st1,A,extraction,sf,hbt_typ,125,8,1,14k,1.4e4,0.00599915,7.498937e-04,2.10193,0.766446,0.00599915
a_nx8_sf_125c_rb14k_st1,A,extraction,sf,hbt_typ,125,8,1,14k,1.4e4,0.008,1.000000e-03,2.095,0.780348,0.008
a_nx8_sf_125c_rb14k_st1,A,extraction,sf,hbt_typ,125,8,1,14k,1.4e4,0.0106682,1.333525e-03,2.10897,0.795056,0.0106682
a_nx8_sf_125c_rb14k_st1,A,extraction,sf,hbt_typ,125,8,1,14k,1.4e4,0.0142262,1.778275e-03,2.14825,0.81049,0.0142262
a_nx8_sf_125c_rb14k_st1,A,extraction,sf,hbt_typ,125,8,1,14k,1.4e4,0.018971,2.371375e-03,2.21779,0.826303,0.0189709
a_nx8_sf_125c_rb14k_st1,A,extraction,sf,hbt_typ,125,8,1,14k,1.4e4,0.0252982,3.162275e-03,2.32007,0.84174,0.0252976
a_nx8_sf_125c_rb1p4k_st1,A,extraction,sf,hbt_typ,125,8,1,1p4k,1.4e3,8E-10,1.000000e-10,36.8716,5.3934E-07,3.89278E-10
a_nx8_sf_125c_rb1p4k_st1,A,extraction,sf,hbt_typ,125,8,1,1p4k,1.4e3,1.06682E-09,1.333525e-10,54.439,8.87936E-07,6.38528E-10
a_nx8_sf_125c_rb1p4k_st1,A,extraction,sf,hbt_typ,125,8,1,1p4k,1.4e3,1.42262E-09,1.778275e-10,75.4473,1.35617E-06,9.73317E-10
a_nx8_sf_125c_rb1p4k_st1,A,extraction,sf,hbt_typ,125,8,1,1p4k,1.4e3,1.8971E-09,2.371375e-10,100.114,1.98528E-06,1.42313E-09
a_nx8_sf_125c_rb1p4k_st1,A,extraction,sf,hbt_typ,125,8,1,1p4k,1.4e3,2.52982E-09,3.162275e-10,128.223,2.83087E-06,2.02773E-09
a_nx8_sf_125c_rb1p4k_st1,A,extraction,sf,hbt_typ,125,8,1,1p4k,1.4e3,3.37357E-09,4.216962e-10,159.01,3.96785E-06,2.84068E-09
a_nx8_sf_125c_rb1p4k_st1,A,extraction,sf,hbt_typ,125,8,1,1p4k,1.4e3,4.49873E-09,5.623413e-10,191.158,5.49647E-06,3.93368E-09
a_nx8_sf_125c_rb1p4k_st1,A,extraction,sf,hbt_typ,125,8,1,1p4k,1.4e3,5.99915E-09,7.498938e-10,222.991,7.55028E-06,5.40224E-09
a_nx8_sf_125c_rb1p4k_st1,A,extraction,sf,hbt_typ,125,8,1,1p4k,1.4e3,8E-09,1.000000e-09,252.855,1.03066E-05,7.3732E-09
a_nx8_sf_125c_rb1p4k_st1,A,extraction,sf,hbt_typ,125,8,1,1p4k,1.4e3,1.06682E-08,1.333525e-09,279.495,1.40007E-05,1.00147E-08
a_nx8_sf_125c_rb1p4k_st1,A,extraction,sf,hbt_typ,125,8,1,1p4k,1.4e3,1.42262E-08,1.778275e-09,302.251,1.89445E-05,1.35499E-08
a_nx8_sf_125c_rb1p4k_st1,A,extraction,sf,hbt_typ,125,8,1,1p4k,1.4e3,1.8971E-08,2.371375e-09,321.026,2.55534E-05,1.82758E-08
a_nx8_sf_125c_rb1p4k_st1,A,extraction,sf,hbt_typ,125,8,1,1p4k,1.4e3,2.52982E-08,3.162275e-09,336.113,3.43803E-05,2.45878E-08
a_nx8_sf_125c_rb1p4k_st1,A,extraction,sf,hbt_typ,125,8,1,1p4k,1.4e3,3.37357E-08,4.216963e-09,348.005,4.61626E-05,3.30132E-08
a_nx8_sf_125c_rb1p4k_st1,A,extraction,sf,hbt_typ,125,8,1,1p4k,1.4e3,4.49873E-08,5.623413e-09,357.248,6.18839E-05,4.42553E-08
a_nx8_sf_125c_rb1p4k_st1,A,extraction,sf,hbt_typ,125,8,1,1p4k,1.4e3,5.99915E-08,7.498937e-09,364.362,8.28557E-05,5.9252E-08
a_nx8_sf_125c_rb1p4k_st1,A,extraction,sf,hbt_typ,125,8,1,1p4k,1.4e3,8E-08,1.000000e-08,369.8,0.000110828,7.92547E-08
a_nx8_sf_125c_rb1p4k_st1,A,extraction,sf,hbt_typ,125,8,1,1p4k,1.4e3,1.06682E-07,1.333525e-08,373.938,0.000148134,1.05932E-07
a_nx8_sf_125c_rb1p4k_st1,A,extraction,sf,hbt_typ,125,8,1,1p4k,1.4e3,1.42262E-07,1.778275e-08,377.076,0.000197884,1.41508E-07
a_nx8_sf_125c_rb1p4k_st1,A,extraction,sf,hbt_typ,125,8,1,1p4k,1.4e3,1.8971E-07,2.371375e-08,379.454,0.000264232,1.88953E-07
a_nx8_sf_125c_rb1p4k_st1,A,extraction,sf,hbt_typ,125,8,1,1p4k,1.4e3,2.52982E-07,3.162275e-08,381.257,0.000352708,2.52221E-07
a_nx8_sf_125c_rb1p4k_st1,A,extraction,sf,hbt_typ,125,8,1,1p4k,1.4e3,3.37357E-07,4.216963e-08,382.629,0.000470696,3.36593E-07
a_nx8_sf_125c_rb1p4k_st1,A,extraction,sf,hbt_typ,125,8,1,1p4k,1.4e3,4.49873E-07,5.623413e-08,383.686,0.000628036,4.49105E-07
a_nx8_sf_125c_rb1p4k_st1,A,extraction,sf,hbt_typ,125,8,1,1p4k,1.4e3,5.99915E-07,7.498937e-08,384.517,0.000837852,5.99143E-07
a_nx8_sf_125c_rb1p4k_st1,A,extraction,sf,hbt_typ,125,8,1,1p4k,1.4e3,8E-07,1.000000e-07,385.198,0.00111765,7.99223E-07
a_nx8_sf_125c_rb1p4k_st1,A,extraction,sf,hbt_typ,125,8,1,1p4k,1.4e3,1.06682E-06,1.333525e-07,385.796,0.00149077,1.06604E-06
a_nx8_sf_125c_rb1p4k_st1,A,extraction,sf,hbt_typ,125,8,1,1p4k,1.4e3,1.42262E-06,1.778275e-07,386.372,0.00198832,1.42183E-06
a_nx8_sf_125c_rb1p4k_st1,A,extraction,sf,hbt_typ,125,8,1,1p4k,1.4e3,1.8971E-06,2.371375e-07,386.981,0.00265183,1.89629E-06
a_nx8_sf_125c_rb1p4k_st1,A,extraction,sf,hbt_typ,125,8,1,1p4k,1.4e3,2.52982E-06,3.162275e-07,387.668,0.00353662,2.529E-06
a_nx8_sf_125c_rb1p4k_st1,A,extraction,sf,hbt_typ,125,8,1,1p4k,1.4e3,3.37357E-06,4.216963e-07,388.465,0.00471652,3.37272E-06
a_nx8_sf_125c_rb1p4k_st1,A,extraction,sf,hbt_typ,125,8,1,1p4k,1.4e3,4.49873E-06,5.623413e-07,389.392,0.00628995,4.49785E-06
a_nx8_sf_125c_rb1p4k_st1,A,extraction,sf,hbt_typ,125,8,1,1p4k,1.4e3,5.99915E-06,7.498937e-07,390.458,0.00838815,5.99822E-06
a_nx8_sf_125c_rb1p4k_st1,A,extraction,sf,hbt_typ,125,8,1,1p4k,1.4e3,8E-06,1.000000e-06,391.667,0.0111862,7.99901E-06
a_nx8_sf_125c_rb1p4k_st1,A,extraction,sf,hbt_typ,125,8,1,1p4k,1.4e3,1.06682E-05,1.333525e-06,393.028,0.0149174,1.06671E-05
a_nx8_sf_125c_rb1p4k_st1,A,extraction,sf,hbt_typ,125,8,1,1p4k,1.4e3,1.42262E-05,1.778275e-06,394.554,0.0198929,1.42249E-05
a_nx8_sf_125c_rb1p4k_st1,A,extraction,sf,hbt_typ,125,8,1,1p4k,1.4e3,1.8971E-05,2.371375e-06,396.267,0.0265281,1.89694E-05
a_nx8_sf_125c_rb1p4k_st1,A,extraction,sf,hbt_typ,125,8,1,1p4k,1.4e3,2.52982E-05,3.162275e-06,398.189,0.0353759,2.52961E-05
a_nx8_sf_125c_rb1p4k_st1,A,extraction,sf,hbt_typ,125,8,1,1p4k,1.4e3,3.37357E-05,4.216963e-06,400.316,0.0471744,3.37326E-05
a_nx8_sf_125c_rb1p4k_st1,A,extraction,sf,hbt_typ,125,8,1,1p4k,1.4e3,4.49873E-05,5.623413e-06,402.473,0.0629066,4.49818E-05
a_nx8_sf_125c_rb1p4k_st1,A,extraction,sf,hbt_typ,125,8,1,1p4k,1.4e3,5.99915E-05,7.498938e-06,403.625,0.0838812,5.99796E-05
a_nx8_sf_125c_rb1p4k_st1,A,extraction,sf,hbt_typ,125,8,1,1p4k,1.4e3,8E-05,1.000000e-05,398.418,0.111836,7.99695E-05
a_nx8_sf_125c_rb1p4k_st1,A,extraction,sf,hbt_typ,125,8,1,1p4k,1.4e3,0.000106682,1.333525e-05,367.609,0.149077,0.000106609
a_nx8_sf_125c_rb1p4k_st1,A,extraction,sf,hbt_typ,125,8,1,1p4k,1.4e3,0.000142262,1.778275e-05,,,
a_nx8_sf_125c_rb1p4k_st1,A,extraction,sf,hbt_typ,125,8,1,1p4k,1.4e3,0.00018971,2.371375e-05,,,
a_nx8_sf_125c_rb1p4k_st1,A,extraction,sf,hbt_typ,125,8,1,1p4k,1.4e3,0.000252982,3.162275e-05,,,
a_nx8_sf_125c_rb1p4k_st1,A,extraction,sf,hbt_typ,125,8,1,1p4k,1.4e3,0.000337357,4.216962e-05,,,
a_nx8_sf_125c_rb1p4k_st1,A,extraction,sf,hbt_typ,125,8,1,1p4k,1.4e3,0.000449873,5.623412e-05,11.0479,0.566006,0.000449872
a_nx8_sf_125c_rb1p4k_st1,A,extraction,sf,hbt_typ,125,8,1,1p4k,1.4e3,0.000599915,7.498938e-05,6.63939,0.614853,0.000599914
a_nx8_sf_125c_rb1p4k_st1,A,extraction,sf,hbt_typ,125,8,1,1p4k,1.4e3,0.0008,1.000000e-04,5.20673,0.642712,0.000799999
a_nx8_sf_125c_rb1p4k_st1,A,extraction,sf,hbt_typ,125,8,1,1p4k,1.4e3,0.00106682,1.333525e-04,4.45973,0.66298,0.00106682
a_nx8_sf_125c_rb1p4k_st1,A,extraction,sf,hbt_typ,125,8,1,1p4k,1.4e3,0.00142262,1.778275e-04,3.97908,0.679708,0.00142262
a_nx8_sf_125c_rb1p4k_st1,A,extraction,sf,hbt_typ,125,8,1,1p4k,1.4e3,0.0018971,2.371375e-04,3.63391,0.694565,0.0018971
a_nx8_sf_125c_rb1p4k_st1,A,extraction,sf,hbt_typ,125,8,1,1p4k,1.4e3,0.00252982,3.162275e-04,3.36999,0.708416,0.00252982
a_nx8_sf_125c_rb1p4k_st1,A,extraction,sf,hbt_typ,125,8,1,1p4k,1.4e3,0.00337357,4.216963e-04,3.16075,0.721795,0.00337357
a_nx8_sf_125c_rb1p4k_st1,A,extraction,sf,hbt_typ,125,8,1,1p4k,1.4e3,0.00449873,5.623413e-04,2.992,0.735086,0.00449873
a_nx8_sf_125c_rb1p4k_st1,A,extraction,sf,hbt_typ,125,8,1,1p4k,1.4e3,0.00599915,7.498937e-04,2.8559,0.748589,0.00599915
a_nx8_sf_125c_rb1p4k_st1,A,extraction,sf,hbt_typ,125,8,1,1p4k,1.4e3,0.008,1.000000e-03,2.7484,0.762553,0.00799999
a_nx8_sf_125c_rb1p4k_st1,A,extraction,sf,hbt_typ,125,8,1,1p4k,1.4e3,0.0106682,1.333525e-03,2.66814,0.777156,0.0106682
a_nx8_sf_125c_rb1p4k_st1,A,extraction,sf,hbt_typ,125,8,1,1p4k,1.4e3,0.0142262,1.778275e-03,2.61583,0.792465,0.0142261
a_nx8_sf_125c_rb1p4k_st1,A,extraction,sf,hbt_typ,125,8,1,1p4k,1.4e3,0.018971,2.371375e-03,2.59368,0.808336,0.0189708
a_nx8_sf_125c_rb1p4k_st1,A,extraction,sf,hbt_typ,125,8,1,1p4k,1.4e3,0.0252982,3.162275e-03,2.60201,0.824338,0.025297
a_nx1_fs_-40c_rb14k_st1,A,extraction,fs,hbt_typ,-40,1,1,14k,1.4e4,1E-10,1.000000e-10,33.3334,9.33335E-07,6.66668E-11
a_nx1_fs_-40c_rb14k_st1,A,extraction,fs,hbt_typ,-40,1,1,14k,1.4e4,1.33352E-10,1.333520e-10,44.4507,1.24462E-06,8.89014E-11
a_nx1_fs_-40c_rb14k_st1,A,extraction,fs,hbt_typ,-40,1,1,14k,1.4e4,1.77828E-10,1.778280e-10,59.2759,1.65973E-06,1.18552E-10
a_nx1_fs_-40c_rb14k_st1,A,extraction,fs,hbt_typ,-40,1,1,14k,1.4e4,2.37137E-10,2.371370e-10,79.0454,2.21327E-06,1.58091E-10
a_nx1_fs_-40c_rb14k_st1,A,extraction,fs,hbt_typ,-40,1,1,14k,1.4e4,3.16228E-10,3.162280e-10,105.409,2.95145E-06,2.10818E-10
a_nx1_fs_-40c_rb14k_st1,A,extraction,fs,hbt_typ,-40,1,1,14k,1.4e4,4.21697E-10,4.216970e-10,140.566,3.93584E-06,2.81131E-10
a_nx1_fs_-40c_rb14k_st1,A,extraction,fs,hbt_typ,-40,1,1,14k,1.4e4,5.62341E-10,5.623410e-10,187.447,5.24851E-06,3.74893E-10
a_nx1_fs_-40c_rb14k_st1,A,extraction,fs,hbt_typ,-40,1,1,14k,1.4e4,7.49894E-10,7.498940e-10,249.964,6.999E-06,4.99929E-10
a_nx1_fs_-40c_rb14k_st1,A,extraction,fs,hbt_typ,-40,1,1,14k,1.4e4,1E-09,1.000000e-09,333.333,9.33332E-06,6.66666E-10
a_nx1_fs_-40c_rb14k_st1,A,extraction,fs,hbt_typ,-40,1,1,14k,1.4e4,1.33352E-09,1.333520e-09,444.508,1.24462E-05,8.89017E-10
a_nx1_fs_-40c_rb14k_st1,A,extraction,fs,hbt_typ,-40,1,1,14k,1.4e4,1.77828E-09,1.778280e-09,592.759,1.65973E-05,1.18552E-09
a_nx1_fs_-40c_rb14k_st1,A,extraction,fs,hbt_typ,-40,1,1,14k,1.4e4,2.37137E-09,2.371370e-09,790.456,2.21328E-05,1.58091E-09
a_nx1_fs_-40c_rb14k_st1,A,extraction,fs,hbt_typ,-40,1,1,14k,1.4e4,3.16228E-09,3.162280e-09,1054.1,2.95147E-05,2.10819E-09
a_nx1_fs_-40c_rb14k_st1,A,extraction,fs,hbt_typ,-40,1,1,14k,1.4e4,4.21697E-09,4.216970e-09,1405.65,3.93582E-05,2.8113E-09
a_nx1_fs_-40c_rb14k_st1,A,extraction,fs,hbt_typ,-40,1,1,14k,1.4e4,5.62341E-09,5.623410e-09,1874.46,5.2485E-05,3.74893E-09
a_nx1_fs_-40c_rb14k_st1,A,extraction,fs,hbt_typ,-40,1,1,14k,1.4e4,7.49894E-09,7.498940e-09,2499.66,6.99905E-05,4.99932E-09
a_nx1_fs_-40c_rb14k_st1,A,extraction,fs,hbt_typ,-40,1,1,14k,1.4e4,1E-08,1.000000e-08,3333.33,9.33331E-05,6.66666E-09
a_nx1_fs_-40c_rb14k_st1,A,extraction,fs,hbt_typ,-40,1,1,14k,1.4e4,1.33352E-08,1.333520e-08,4445.08,0.000124462,8.89017E-09
a_nx1_fs_-40c_rb14k_st1,A,extraction,fs,hbt_typ,-40,1,1,14k,1.4e4,1.77828E-08,1.778280e-08,5927.6,0.000165973,1.18552E-08
a_nx1_fs_-40c_rb14k_st1,A,extraction,fs,hbt_typ,-40,1,1,14k,1.4e4,2.37137E-08,2.371370e-08,7904.54,0.000221327,1.58091E-08
a_nx1_fs_-40c_rb14k_st1,A,extraction,fs,hbt_typ,-40,1,1,14k,1.4e4,3.16228E-08,3.162280e-08,10540.9,0.000295146,2.10819E-08
a_nx1_fs_-40c_rb14k_st1,A,extraction,fs,hbt_typ,-40,1,1,14k,1.4e4,4.21697E-08,4.216970e-08,14056.5,0.000393583,2.81131E-08
a_nx1_fs_-40c_rb14k_st1,A,extraction,fs,hbt_typ,-40,1,1,14k,1.4e4,5.62341E-08,5.623410e-08,18744.7,0.000524853,3.74895E-08
a_nx1_fs_-40c_rb14k_st1,A,extraction,fs,hbt_typ,-40,1,1,14k,1.4e4,7.49894E-08,7.498940e-08,24996.4,0.0006999,4.99929E-08
a_nx1_fs_-40c_rb14k_st1,A,extraction,fs,hbt_typ,-40,1,1,14k,1.4e4,1E-07,1.000000e-07,33333.1,0.000933331,6.66665E-08
a_nx1_fs_-40c_rb14k_st1,A,extraction,fs,hbt_typ,-40,1,1,14k,1.4e4,1.33352E-07,1.333520e-07,44450.5,0.00124462,8.89014E-08
a_nx1_fs_-40c_rb14k_st1,A,extraction,fs,hbt_typ,-40,1,1,14k,1.4e4,1.77828E-07,1.778280e-07,59275.9,0.00165974,1.18553E-07
a_nx1_fs_-40c_rb14k_st1,A,extraction,fs,hbt_typ,-40,1,1,14k,1.4e4,2.37137E-07,2.371370e-07,79044.3,0.00221329,1.58092E-07
a_nx1_fs_-40c_rb14k_st1,A,extraction,fs,hbt_typ,-40,1,1,14k,1.4e4,3.16228E-07,3.162280e-07,105405,0.00295153,2.10824E-07
a_nx1_fs_-40c_rb14k_st1,A,extraction,fs,hbt_typ,-40,1,1,14k,1.4e4,4.21697E-07,4.216970e-07,140538,0.00393624,2.8116E-07
a_nx1_fs_-40c_rb14k_st1,A,extraction,fs,hbt_typ,-40,1,1,14k,1.4e4,5.62341E-07,5.623410e-07,186931,0.00525576,3.75411E-07
a_nx1_fs_-40c_rb14k_st1,A,extraction,fs,hbt_typ,-40,1,1,14k,1.4e4,7.49894E-07,7.498940e-07,,,
a_nx1_fs_-40c_rb14k_st1,A,extraction,fs,hbt_typ,-40,1,1,14k,1.4e4,1E-06,1.000000e-06,184850,0.00139774,9.98425E-08
a_nx1_fs_-40c_rb14k_st1,A,extraction,fs,hbt_typ,-40,1,1,14k,1.4e4,1.33352E-06,1.333520e-06,387.399,0.0186425,1.33313E-06
a_nx1_fs_-40c_rb14k_st1,A,extraction,fs,hbt_typ,-40,1,1,14k,1.4e4,1.77828E-06,1.778280e-06,388.227,0.0248621,1.77789E-06
a_nx1_fs_-40c_rb14k_st1,A,extraction,fs,hbt_typ,-40,1,1,14k,1.4e4,2.37137E-06,2.371370e-06,389.039,0.033156,2.37098E-06
a_nx1_fs_-40c_rb14k_st1,A,extraction,fs,hbt_typ,-40,1,1,14k,1.4e4,3.16228E-06,3.162280e-06,389.833,0.0442162,3.16189E-06
a_nx1_fs_-40c_rb14k_st1,A,extraction,fs,hbt_typ,-40,1,1,14k,1.4e4,4.21697E-06,4.216970e-06,390.612,0.0589653,4.21658E-06
a_nx1_fs_-40c_rb14k_st1,A,extraction,fs,hbt_typ,-40,1,1,14k,1.4e4,5.62341E-06,5.623410e-06,391.38,0.0786334,5.62302E-06
a_nx1_fs_-40c_rb14k_st1,A,extraction,fs,hbt_typ,-40,1,1,14k,1.4e4,7.49894E-06,7.498940e-06,392.148,0.104861,7.49855E-06
a_nx1_fs_-40c_rb14k_st1,A,extraction,fs,hbt_typ,-40,1,1,14k,1.4e4,1E-05,1.000000e-05,392.935,0.139837,9.99961E-06
a_nx1_fs_-40c_rb14k_st1,A,extraction,fs,hbt_typ,-40,1,1,14k,1.4e4,1.33352E-05,1.333520e-05,393.73,0.186479,1.33348E-05
a_nx1_fs_-40c_rb14k_st1,A,extraction,fs,hbt_typ,-40,1,1,14k,1.4e4,1.77828E-05,1.778280e-05,394.187,0.248676,1.77824E-05
a_nx1_fs_-40c_rb14k_st1,A,extraction,fs,hbt_typ,-40,1,1,14k,1.4e4,2.37137E-05,2.371370e-05,389.257,0.331613,2.37133E-05
a_nx1_fs_-40c_rb14k_st1,A,extraction,fs,hbt_typ,-40,1,1,14k,1.4e4,3.16228E-05,3.162280e-05,,,
a_nx1_fs_-40c_rb14k_st1,A,extraction,fs,hbt_typ,-40,1,1,14k,1.4e4,4.21697E-05,4.216970e-05,,,
a_nx1_fs_-40c_rb14k_st1,A,extraction,fs,hbt_typ,-40,1,1,14k,1.4e4,5.62341E-05,5.623410e-05,,,
a_nx1_fs_-40c_rb14k_st1,A,extraction,fs,hbt_typ,-40,1,1,14k,1.4e4,7.49894E-05,7.498940e-05,8.59636,0.802424,7.49894E-05
a_nx1_fs_-40c_rb14k_st1,A,extraction,fs,hbt_typ,-40,1,1,14k,1.4e4,0.0001,1.000000e-04,6.48003,0.821258,0.0001
a_nx1_fs_-40c_rb14k_st1,A,extraction,fs,hbt_typ,-40,1,1,14k,1.4e4,0.000133352,1.333520e-04,5.48286,0.833812,0.000133352
a_nx1_fs_-40c_rb14k_st1,A,extraction,fs,hbt_typ,-40,1,1,14k,1.4e4,0.000177828,1.778280e-04,4.85604,0.84395,0.000177828
a_nx1_fs_-40c_rb14k_st1,A,extraction,fs,hbt_typ,-40,1,1,14k,1.4e4,0.000237137,2.371370e-04,4.40631,0.852982,0.000237137
a_nx1_fs_-40c_rb14k_st1,A,extraction,fs,hbt_typ,-40,1,1,14k,1.4e4,0.000316228,3.162280e-04,4.05916,0.861553,0.000316228
a_nx1_fs_-40c_rb14k_st1,A,extraction,fs,hbt_typ,-40,1,1,14k,1.4e4,0.000421697,4.216970e-04,3.77928,0.87008,0.000421697
a_nx1_fs_-40c_rb14k_st1,A,extraction,fs,hbt_typ,-40,1,1,14k,1.4e4,0.000562341,5.623410e-04,3.54782,0.878891,0.000562341
a_nx1_fs_-40c_rb14k_st1,A,extraction,fs,hbt_typ,-40,1,1,14k,1.4e4,0.000749894,7.498940e-04,3.35408,0.888286,0.000749894
a_nx1_fs_-40c_rb14k_st1,A,extraction,fs,hbt_typ,-40,1,1,14k,1.4e4,0.001,1.000000e-03,3.19198,0.898559,0.001
a_nx1_fs_-40c_rb14k_st1,A,extraction,fs,hbt_typ,-40,1,1,14k,1.4e4,0.00133352,1.333520e-03,3.05849,0.909993,0.00133352
a_nx1_fs_-40c_rb14k_st1,A,extraction,fs,hbt_typ,-40,1,1,14k,1.4e4,0.00177828,1.778280e-03,2.95285,0.922833,0.00177828
a_nx1_fs_-40c_rb14k_st1,A,extraction,fs,hbt_typ,-40,1,1,14k,1.4e4,0.00237137,2.371370e-03,2.87636,0.937202,0.00237137
a_nx1_fs_-40c_rb14k_st1,A,extraction,fs,hbt_typ,-40,1,1,14k,1.4e4,0.00316228,3.162280e-03,2.83236,0.952951,0.00316228
a_nx1_fs_-40c_rb1p4k_st1,A,extraction,fs,hbt_typ,-40,1,1,1p4k,1.4e3,1E-10,1.000000e-10,33.3334,9.33335E-08,6.66668E-11
a_nx1_fs_-40c_rb1p4k_st1,A,extraction,fs,hbt_typ,-40,1,1,1p4k,1.4e3,1.33352E-10,1.333520e-10,44.4507,1.24462E-07,8.89014E-11
a_nx1_fs_-40c_rb1p4k_st1,A,extraction,fs,hbt_typ,-40,1,1,1p4k,1.4e3,1.77828E-10,1.778280e-10,59.2759,1.65973E-07,1.18552E-10
a_nx1_fs_-40c_rb1p4k_st1,A,extraction,fs,hbt_typ,-40,1,1,1p4k,1.4e3,2.37137E-10,2.371370e-10,79.0454,2.21327E-07,1.58091E-10
a_nx1_fs_-40c_rb1p4k_st1,A,extraction,fs,hbt_typ,-40,1,1,1p4k,1.4e3,3.16228E-10,3.162280e-10,105.409,2.95144E-07,2.10817E-10
a_nx1_fs_-40c_rb1p4k_st1,A,extraction,fs,hbt_typ,-40,1,1,1p4k,1.4e3,4.21697E-10,4.216970e-10,140.566,3.93586E-07,2.81133E-10
a_nx1_fs_-40c_rb1p4k_st1,A,extraction,fs,hbt_typ,-40,1,1,1p4k,1.4e3,5.62341E-10,5.623410e-10,187.446,5.24848E-07,3.74891E-10
a_nx1_fs_-40c_rb1p4k_st1,A,extraction,fs,hbt_typ,-40,1,1,1p4k,1.4e3,7.49894E-10,7.498940e-10,249.964,6.999E-07,4.99929E-10
a_nx1_fs_-40c_rb1p4k_st1,A,extraction,fs,hbt_typ,-40,1,1,1p4k,1.4e3,1E-09,1.000000e-09,333.333,9.33332E-07,6.66666E-10
a_nx1_fs_-40c_rb1p4k_st1,A,extraction,fs,hbt_typ,-40,1,1,1p4k,1.4e3,1.33352E-09,1.333520e-09,444.506,1.24462E-06,8.89012E-10
a_nx1_fs_-40c_rb1p4k_st1,A,extraction,fs,hbt_typ,-40,1,1,1p4k,1.4e3,1.77828E-09,1.778280e-09,592.759,1.65973E-06,1.18552E-09
a_nx1_fs_-40c_rb1p4k_st1,A,extraction,fs,hbt_typ,-40,1,1,1p4k,1.4e3,2.37137E-09,2.371370e-09,790.459,2.21329E-06,1.58092E-09
a_nx1_fs_-40c_rb1p4k_st1,A,extraction,fs,hbt_typ,-40,1,1,1p4k,1.4e3,3.16228E-09,3.162280e-09,1054.1,2.95147E-06,2.10819E-09
a_nx1_fs_-40c_rb1p4k_st1,A,extraction,fs,hbt_typ,-40,1,1,1p4k,1.4e3,4.21697E-09,4.216970e-09,1405.66,3.93584E-06,2.81131E-09
a_nx1_fs_-40c_rb1p4k_st1,A,extraction,fs,hbt_typ,-40,1,1,1p4k,1.4e3,5.62341E-09,5.623410e-09,1874.47,5.24853E-06,3.74895E-09
a_nx1_fs_-40c_rb1p4k_st1,A,extraction,fs,hbt_typ,-40,1,1,1p4k,1.4e3,7.49894E-09,7.498940e-09,2499.64,6.99901E-06,4.99929E-09
a_nx1_fs_-40c_rb1p4k_st1,A,extraction,fs,hbt_typ,-40,1,1,1p4k,1.4e3,1E-08,1.000000e-08,3333.33,9.33331E-06,6.66666E-09
a_nx1_fs_-40c_rb1p4k_st1,A,extraction,fs,hbt_typ,-40,1,1,1p4k,1.4e3,1.33352E-08,1.333520e-08,4445.04,1.24461E-05,8.89009E-09
a_nx1_fs_-40c_rb1p4k_st1,A,extraction,fs,hbt_typ,-40,1,1,1p4k,1.4e3,1.77828E-08,1.778280e-08,5927.6,1.65973E-05,1.18552E-08
a_nx1_fs_-40c_rb1p4k_st1,A,extraction,fs,hbt_typ,-40,1,1,1p4k,1.4e3,2.37137E-08,2.371370e-08,7904.54,2.21327E-05,1.58091E-08
a_nx1_fs_-40c_rb1p4k_st1,A,extraction,fs,hbt_typ,-40,1,1,1p4k,1.4e3,3.16228E-08,3.162280e-08,10540.9,2.95146E-05,2.10819E-08
a_nx1_fs_-40c_rb1p4k_st1,A,extraction,fs,hbt_typ,-40,1,1,1p4k,1.4e3,4.21697E-08,4.216970e-08,14056.6,3.93584E-05,2.81132E-08
a_nx1_fs_-40c_rb1p4k_st1,A,extraction,fs,hbt_typ,-40,1,1,1p4k,1.4e3,5.62341E-08,5.623410e-08,18744.6,5.2485E-05,3.74893E-08
a_nx1_fs_-40c_rb1p4k_st1,A,extraction,fs,hbt_typ,-40,1,1,1p4k,1.4e3,7.49894E-08,7.498940e-08,24996.4,6.99902E-05,4.9993E-08
a_nx1_fs_-40c_rb1p4k_st1,A,extraction,fs,hbt_typ,-40,1,1,1p4k,1.4e3,1E-07,1.000000e-07,33333.4,9.33336E-05,6.66669E-08
a_nx1_fs_-40c_rb1p4k_st1,A,extraction,fs,hbt_typ,-40,1,1,1p4k,1.4e3,1.33352E-07,1.333520e-07,44450.7,0.000124463,8.89019E-08
a_nx1_fs_-40c_rb1p4k_st1,A,extraction,fs,hbt_typ,-40,1,1,1p4k,1.4e3,1.77828E-07,1.778280e-07,59275.8,0.000165974,1.18553E-07
a_nx1_fs_-40c_rb1p4k_st1,A,extraction,fs,hbt_typ,-40,1,1,1p4k,1.4e3,2.37137E-07,2.371370e-07,79044.1,0.000221328,1.58091E-07
a_nx1_fs_-40c_rb1p4k_st1,A,extraction,fs,hbt_typ,-40,1,1,1p4k,1.4e3,3.16228E-07,3.162280e-07,105405,0.000295151,2.10822E-07
a_nx1_fs_-40c_rb1p4k_st1,A,extraction,fs,hbt_typ,-40,1,1,1p4k,1.4e3,4.21697E-07,4.216970e-07,140543,0.000393618,2.81156E-07
a_nx1_fs_-40c_rb1p4k_st1,A,extraction,fs,hbt_typ,-40,1,1,1p4k,1.4e3,5.62341E-07,5.623410e-07,187133,0.000525294,3.7521E-07
a_nx1_fs_-40c_rb1p4k_st1,A,extraction,fs,hbt_typ,-40,1,1,1p4k,1.4e3,7.49894E-07,7.498940e-07,181795,-0.000162592,-1.16137E-07
a_nx1_fs_-40c_rb1p4k_st1,A,extraction,fs,hbt_typ,-40,1,1,1p4k,1.4e3,1E-06,1.000000e-06,,,
a_nx1_fs_-40c_rb1p4k_st1,A,extraction,fs,hbt_typ,-40,1,1,1p4k,1.4e3,1.33352E-06,1.333520e-06,387.339,0.00186425,1.33313E-06
a_nx1_fs_-40c_rb1p4k_st1,A,extraction,fs,hbt_typ,-40,1,1,1p4k,1.4e3,1.77828E-06,1.778280e-06,388.148,0.00248621,1.77789E-06
a_nx1_fs_-40c_rb1p4k_st1,A,extraction,fs,hbt_typ,-40,1,1,1p4k,1.4e3,2.37137E-06,2.371370e-06,388.935,0.00331559,2.37098E-06
a_nx1_fs_-40c_rb1p4k_st1,A,extraction,fs,hbt_typ,-40,1,1,1p4k,1.4e3,3.16228E-06,3.162280e-06,389.697,0.00442162,3.16189E-06
a_nx1_fs_-40c_rb1p4k_st1,A,extraction,fs,hbt_typ,-40,1,1,1p4k,1.4e3,4.21697E-06,4.216970e-06,390.433,0.00589652,4.21658E-06
a_nx1_fs_-40c_rb1p4k_st1,A,extraction,fs,hbt_typ,-40,1,1,1p4k,1.4e3,5.62341E-06,5.623410e-06,391.146,0.00786333,5.62302E-06
a_nx1_fs_-40c_rb1p4k_st1,A,extraction,fs,hbt_typ,-40,1,1,1p4k,1.4e3,7.49894E-06,7.498940e-06,391.849,0.0104861,7.49855E-06
a_nx1_fs_-40c_rb1p4k_st1,A,extraction,fs,hbt_typ,-40,1,1,1p4k,1.4e3,1E-05,1.000000e-05,392.573,0.0139837,9.99961E-06
a_nx1_fs_-40c_rb1p4k_st1,A,extraction,fs,hbt_typ,-40,1,1,1p4k,1.4e3,1.33352E-05,1.333520e-05,393.391,0.0186478,1.33348E-05
a_nx1_fs_-40c_rb1p4k_st1,A,extraction,fs,hbt_typ,-40,1,1,1p4k,1.4e3,1.77828E-05,1.778280e-05,394.454,0.0248677,1.77824E-05
a_nx1_fs_-40c_rb1p4k_st1,A,extraction,fs,hbt_typ,-40,1,1,1p4k,1.4e3,2.37137E-05,2.371370e-05,396.087,0.033162,2.37133E-05
a_nx1_fs_-40c_rb1p4k_st1,A,extraction,fs,hbt_typ,-40,1,1,1p4k,1.4e3,3.16228E-05,3.162280e-05,399.005,0.044223,3.16224E-05
a_nx1_fs_-40c_rb1p4k_st1,A,extraction,fs,hbt_typ,-40,1,1,1p4k,1.4e3,4.21697E-05,4.216970e-05,404.568,0.0589725,4.21684E-05
a_nx1_fs_-40c_rb1p4k_st1,A,extraction,fs,hbt_typ,-40,1,1,1p4k,1.4e3,5.62341E-05,5.623410e-05,403.523,0.0785351,5.61563E-05
a_nx1_fs_-40c_rb1p4k_st1,A,extraction,fs,hbt_typ,-40,1,1,1p4k,1.4e3,7.49894E-05,7.498940e-05,,,
a_nx1_fs_-40c_rb1p4k_st1,A,extraction,fs,hbt_typ,-40,1,1,1p4k,1.4e3,0.0001,1.000000e-04,,,
a_nx1_fs_-40c_rb1p4k_st1,A,extraction,fs,hbt_typ,-40,1,1,1p4k,1.4e3,0.000133352,1.333520e-04,,,
a_nx1_fs_-40c_rb1p4k_st1,A,extraction,fs,hbt_typ,-40,1,1,1p4k,1.4e3,0.000177828,1.778280e-04,,,
a_nx1_fs_-40c_rb1p4k_st1,A,extraction,fs,hbt_typ,-40,1,1,1p4k,1.4e3,0.000237137,2.371370e-04,,,
a_nx1_fs_-40c_rb1p4k_st1,A,extraction,fs,hbt_typ,-40,1,1,1p4k,1.4e3,0.000316228,3.162280e-04,,,
a_nx1_fs_-40c_rb1p4k_st1,A,extraction,fs,hbt_typ,-40,1,1,1p4k,1.4e3,0.000421697,4.216970e-04,,,
a_nx1_fs_-40c_rb1p4k_st1,A,extraction,fs,hbt_typ,-40,1,1,1p4k,1.4e3,0.000562341,5.623410e-04,,,
a_nx1_fs_-40c_rb1p4k_st1,A,extraction,fs,hbt_typ,-40,1,1,1p4k,1.4e3,0.000749894,7.498940e-04,,,
a_nx1_fs_-40c_rb1p4k_st1,A,extraction,fs,hbt_typ,-40,1,1,1p4k,1.4e3,0.001,1.000000e-03,6.02548,0.79286,0.001
a_nx1_fs_-40c_rb1p4k_st1,A,extraction,fs,hbt_typ,-40,1,1,1p4k,1.4e3,0.00133352,1.333520e-03,5.16804,0.812801,0.00133352
a_nx1_fs_-40c_rb1p4k_st1,A,extraction,fs,hbt_typ,-40,1,1,1p4k,1.4e3,0.00177828,1.778280e-03,4.60738,0.830663,0.00177828
a_nx1_fs_-40c_rb1p4k_st1,A,extraction,fs,hbt_typ,-40,1,1,1p4k,1.4e3,0.00237137,2.371370e-03,4.20272,0.848138,0.00237137
a_nx1_fs_-40c_rb1p4k_st1,A,extraction,fs,hbt_typ,-40,1,1,1p4k,1.4e3,0.00316228,3.162280e-03,3.89731,0.865818,0.00316228
a_nx8_fs_-40c_rb14k_st1,A,extraction,fs,hbt_typ,-40,8,1,14k,1.4e4,8E-10,1.000000e-10,266.674,7.4669E-06,5.3335E-10
a_nx8_fs_-40c_rb14k_st1,A,extraction,fs,hbt_typ,-40,8,1,14k,1.4e4,1.06682E-09,1.333525e-10,355.61,9.95716E-06,7.11226E-10
a_nx8_fs_-40c_rb14k_st1,A,extraction,fs,hbt_typ,-40,8,1,14k,1.4e4,1.42262E-09,1.778275e-10,474.21,1.3278E-05,9.48427E-10
a_nx8_fs_-40c_rb14k_st1,A,extraction,fs,hbt_typ,-40,8,1,14k,1.4e4,1.8971E-09,2.371375e-10,632.378,1.77067E-05,1.26477E-09
a_nx8_fs_-40c_rb14k_st1,A,extraction,fs,hbt_typ,-40,8,1,14k,1.4e4,2.52982E-09,3.162275e-10,843.269,2.36117E-05,1.68655E-09
a_nx8_fs_-40c_rb14k_st1,A,extraction,fs,hbt_typ,-40,8,1,14k,1.4e4,3.37357E-09,4.216962e-10,1124.5,3.14862E-05,2.24902E-09
a_nx8_fs_-40c_rb14k_st1,A,extraction,fs,hbt_typ,-40,8,1,14k,1.4e4,4.49873E-09,5.623413e-10,1499.57,4.19883E-05,2.99916E-09
a_nx8_fs_-40c_rb14k_st1,A,extraction,fs,hbt_typ,-40,8,1,14k,1.4e4,5.99915E-09,7.498938e-10,1999.73,5.59929E-05,3.99949E-09
a_nx8_fs_-40c_rb14k_st1,A,extraction,fs,hbt_typ,-40,8,1,14k,1.4e4,8E-09,1.000000e-09,2666.65,7.46669E-05,5.33335E-09
a_nx8_fs_-40c_rb14k_st1,A,extraction,fs,hbt_typ,-40,8,1,14k,1.4e4,1.06682E-08,1.333525e-09,3556.05,9.95702E-05,7.11216E-09
a_nx8_fs_-40c_rb14k_st1,A,extraction,fs,hbt_typ,-40,8,1,14k,1.4e4,1.42262E-08,1.778275e-09,4742.04,0.000132778,9.48417E-09
a_nx8_fs_-40c_rb14k_st1,A,extraction,fs,hbt_typ,-40,8,1,14k,1.4e4,1.8971E-08,2.371375e-09,6323.7,0.000177065,1.26475E-08
a_nx8_fs_-40c_rb14k_st1,A,extraction,fs,hbt_typ,-40,8,1,14k,1.4e4,2.52982E-08,3.162275e-09,8432.64,0.000236116,1.68654E-08
a_nx8_fs_-40c_rb14k_st1,A,extraction,fs,hbt_typ,-40,8,1,14k,1.4e4,3.37357E-08,4.216963e-09,11245.3,0.000314871,2.24908E-08
a_nx8_fs_-40c_rb14k_st1,A,extraction,fs,hbt_typ,-40,8,1,14k,1.4e4,4.49873E-08,5.623413e-09,14995.4,0.000419875,2.9991E-08
a_nx8_fs_-40c_rb14k_st1,A,extraction,fs,hbt_typ,-40,8,1,14k,1.4e4,5.99915E-08,7.498937e-09,19996.3,0.000559902,3.9993E-08
a_nx8_fs_-40c_rb14k_st1,A,extraction,fs,hbt_typ,-40,8,1,14k,1.4e4,8E-08,1.000000e-08,26666.3,0.000746663,5.33331E-08
a_nx8_fs_-40c_rb14k_st1,A,extraction,fs,hbt_typ,-40,8,1,14k,1.4e4,1.06682E-07,1.333525e-08,35560.5,0.000995706,7.11219E-08
a_nx8_fs_-40c_rb14k_st1,A,extraction,fs,hbt_typ,-40,8,1,14k,1.4e4,1.42262E-07,1.778275e-08,47420.5,0.00132779,9.48421E-08
a_nx8_fs_-40c_rb14k_st1,A,extraction,fs,hbt_typ,-40,8,1,14k,1.4e4,1.8971E-07,2.371375e-08,63234.3,0.00177058,1.2647E-07
a_nx8_fs_-40c_rb14k_st1,A,extraction,fs,hbt_typ,-40,8,1,14k,1.4e4,2.52982E-07,3.162275e-08,84325.1,0.00236114,1.68653E-07
a_nx8_fs_-40c_rb14k_st1,A,extraction,fs,hbt_typ,-40,8,1,14k,1.4e4,3.37357E-07,4.216963e-08,112451,0.00314867,2.24905E-07
a_nx8_fs_-40c_rb14k_st1,A,extraction,fs,hbt_typ,-40,8,1,14k,1.4e4,4.49873E-07,5.623413e-08,149954,0.00419879,2.99914E-07
a_nx8_fs_-40c_rb14k_st1,A,extraction,fs,hbt_typ,-40,8,1,14k,1.4e4,5.99915E-07,7.498937e-08,199967,0.00559923,3.99945E-07
a_nx8_fs_-40c_rb14k_st1,A,extraction,fs,hbt_typ,-40,8,1,14k,1.4e4,8E-07,1.000000e-07,266655,0.00746666,5.33333E-07
a_nx8_fs_-40c_rb14k_st1,A,extraction,fs,hbt_typ,-40,8,1,14k,1.4e4,1.06682E-06,1.333525e-07,355589,0.0099573,7.11236E-07
a_nx8_fs_-40c_rb14k_st1,A,extraction,fs,hbt_typ,-40,8,1,14k,1.4e4,1.42262E-06,1.778275e-07,474147,0.0132786,9.48472E-07
a_nx8_fs_-40c_rb14k_st1,A,extraction,fs,hbt_typ,-40,8,1,14k,1.4e4,1.8971E-06,2.371375e-07,632090,0.0177103,1.26502E-06
a_nx8_fs_-40c_rb14k_st1,A,extraction,fs,hbt_typ,-40,8,1,14k,1.4e4,2.52982E-06,3.162275e-07,,,
a_nx8_fs_-40c_rb14k_st1,A,extraction,fs,hbt_typ,-40,8,1,14k,1.4e4,3.37357E-06,4.216963e-07,,,
a_nx8_fs_-40c_rb14k_st1,A,extraction,fs,hbt_typ,-40,8,1,14k,1.4e4,4.49873E-06,5.623413e-07,,,
a_nx8_fs_-40c_rb14k_st1,A,extraction,fs,hbt_typ,-40,8,1,14k,1.4e4,5.99915E-06,7.498937e-07,,,
a_nx8_fs_-40c_rb14k_st1,A,extraction,fs,hbt_typ,-40,8,1,14k,1.4e4,8E-06,1.000000e-06,387.06,0.111866,7.99961E-06
a_nx8_fs_-40c_rb14k_st1,A,extraction,fs,hbt_typ,-40,8,1,14k,1.4e4,1.06682E-05,1.333525e-06,388.033,0.149179,1.06678E-05
a_nx8_fs_-40c_rb14k_st1,A,extraction,fs,hbt_typ,-40,8,1,14k,1.4e4,1.42262E-05,1.778275e-06,389.057,0.198935,1.42258E-05
a_nx8_fs_-40c_rb14k_st1,A,extraction,fs,hbt_typ,-40,8,1,14k,1.4e4,1.8971E-05,2.371375e-06,390.165,0.265287,1.89706E-05
a_nx8_fs_-40c_rb14k_st1,A,extraction,fs,hbt_typ,-40,8,1,14k,1.4e4,2.52982E-05,3.162275e-06,391.372,0.353769,2.52978E-05
a_nx8_fs_-40c_rb14k_st1,A,extraction,fs,hbt_typ,-40,8,1,14k,1.4e4,3.37357E-05,4.216963e-06,390.836,0.47176,3.37353E-05
a_nx8_fs_-40c_rb14k_st1,A,extraction,fs,hbt_typ,-40,8,1,14k,1.4e4,4.49873E-05,5.623413e-06,,,
a_nx8_fs_-40c_rb14k_st1,A,extraction,fs,hbt_typ,-40,8,1,14k,1.4e4,5.99915E-05,7.498938e-06,,,
a_nx8_fs_-40c_rb14k_st1,A,extraction,fs,hbt_typ,-40,8,1,14k,1.4e4,8E-05,1.000000e-05,7.56187,0.777245,8E-05
a_nx8_fs_-40c_rb14k_st1,A,extraction,fs,hbt_typ,-40,8,1,14k,1.4e4,0.000106682,1.333525e-05,6.03369,0.792024,0.000106682
a_nx8_fs_-40c_rb14k_st1,A,extraction,fs,hbt_typ,-40,8,1,14k,1.4e4,0.000142262,1.778275e-05,5.20839,0.802831,0.000142262
a_nx8_fs_-40c_rb14k_st1,A,extraction,fs,hbt_typ,-40,8,1,14k,1.4e4,0.00018971,2.371375e-05,4.65782,0.811796,0.00018971
a_nx8_fs_-40c_rb14k_st1,A,extraction,fs,hbt_typ,-40,8,1,14k,1.4e4,0.000252982,3.162275e-05,4.24921,0.819739,0.000252982
a_nx8_fs_-40c_rb14k_st1,A,extraction,fs,hbt_typ,-40,8,1,14k,1.4e4,0.000337357,4.216962e-05,3.92627,0.827063,0.000337357
a_nx8_fs_-40c_rb14k_st1,A,extraction,fs,hbt_typ,-40,8,1,14k,1.4e4,0.000449873,5.623412e-05,3.66051,0.834003,0.000449873
a_nx8_fs_-40c_rb14k_st1,A,extraction,fs,hbt_typ,-40,8,1,14k,1.4e4,0.000599915,7.498938e-05,3.43578,0.84071,0.000599915
a_nx8_fs_-40c_rb14k_st1,A,extraction,fs,hbt_typ,-40,8,1,14k,1.4e4,0.0008,1.000000e-04,3.24214,0.847298,0.0008
a_nx8_fs_-40c_rb14k_st1,A,extraction,fs,hbt_typ,-40,8,1,14k,1.4e4,0.00106682,1.333525e-04,3.07318,0.853862,0.00106682
a_nx8_fs_-40c_rb14k_st1,A,extraction,fs,hbt_typ,-40,8,1,14k,1.4e4,0.00142262,1.778275e-04,2.9246,0.860495,0.00142262
a_nx8_fs_-40c_rb14k_st1,A,extraction,fs,hbt_typ,-40,8,1,14k,1.4e4,0.0018971,2.371375e-04,2.79353,0.867293,0.0018971
a_nx8_fs_-40c_rb14k_st1,A,extraction,fs,hbt_typ,-40,8,1,14k,1.4e4,0.00252982,3.162275e-04,2.6781,0.874367,0.00252982
a_nx8_fs_-40c_rb14k_st1,A,extraction,fs,hbt_typ,-40,8,1,14k,1.4e4,0.00337357,4.216963e-04,2.57729,0.881846,0.00337357
a_nx8_fs_-40c_rb14k_st1,A,extraction,fs,hbt_typ,-40,8,1,14k,1.4e4,0.00449873,5.623413e-04,2.49084,0.889883,0.00449873
a_nx8_fs_-40c_rb14k_st1,A,extraction,fs,hbt_typ,-40,8,1,14k,1.4e4,0.00599915,7.498937e-04,2.41925,0.898645,0.00599915
a_nx8_fs_-40c_rb14k_st1,A,extraction,fs,hbt_typ,-40,8,1,14k,1.4e4,0.008,1.000000e-03,2.36396,0.908305,0.008
a_nx8_fs_-40c_rb14k_st1,A,extraction,fs,hbt_typ,-40,8,1,14k,1.4e4,0.0106682,1.333525e-03,2.3275,0.919,0.0106682
a_nx8_fs_-40c_rb14k_st1,A,extraction,fs,hbt_typ,-40,8,1,14k,1.4e4,0.0142262,1.778275e-03,2.31377,0.930753,0.0142262
a_nx8_fs_-40c_rb14k_st1,A,extraction,fs,hbt_typ,-40,8,1,14k,1.4e4,0.018971,2.371375e-03,2.3281,0.943317,0.018971
a_nx8_fs_-40c_rb14k_st1,A,extraction,fs,hbt_typ,-40,8,1,14k,1.4e4,0.0252982,3.162275e-03,2.37667,0.955925,0.0252982
a_nx8_fs_-40c_rb1p4k_st1,A,extraction,fs,hbt_typ,-40,8,1,1p4k,1.4e3,8E-10,1.000000e-10,266.674,7.4669E-07,5.3335E-10
a_nx8_fs_-40c_rb1p4k_st1,A,extraction,fs,hbt_typ,-40,8,1,1p4k,1.4e3,1.06682E-09,1.333525e-10,355.596,9.95676E-07,7.11198E-10
a_nx8_fs_-40c_rb1p4k_st1,A,extraction,fs,hbt_typ,-40,8,1,1p4k,1.4e3,1.42262E-09,1.778275e-10,474.21,1.3278E-06,9.48427E-10
a_nx8_fs_-40c_rb1p4k_st1,A,extraction,fs,hbt_typ,-40,8,1,1p4k,1.4e3,1.8971E-09,2.371375e-10,632.36,1.77062E-06,1.26473E-09
a_nx8_fs_-40c_rb1p4k_st1,A,extraction,fs,hbt_typ,-40,8,1,1p4k,1.4e3,2.52982E-09,3.162275e-10,843.269,2.36117E-06,1.68655E-09
a_nx8_fs_-40c_rb1p4k_st1,A,extraction,fs,hbt_typ,-40,8,1,1p4k,1.4e3,3.37357E-09,4.216962e-10,1124.53,3.14871E-06,2.24908E-09
a_nx8_fs_-40c_rb1p4k_st1,A,extraction,fs,hbt_typ,-40,8,1,1p4k,1.4e3,4.49873E-09,5.623413e-10,1499.57,4.19883E-06,2.99916E-09
a_nx8_fs_-40c_rb1p4k_st1,A,extraction,fs,hbt_typ,-40,8,1,1p4k,1.4e3,5.99915E-09,7.498938e-10,1999.73,5.59929E-06,3.99949E-09
a_nx8_fs_-40c_rb1p4k_st1,A,extraction,fs,hbt_typ,-40,8,1,1p4k,1.4e3,8E-09,1.000000e-09,2666.65,7.46669E-06,5.33335E-09
a_nx8_fs_-40c_rb1p4k_st1,A,extraction,fs,hbt_typ,-40,8,1,1p4k,1.4e3,1.06682E-08,1.333525e-09,3556.05,9.95702E-06,7.11216E-09
a_nx8_fs_-40c_rb1p4k_st1,A,extraction,fs,hbt_typ,-40,8,1,1p4k,1.4e3,1.42262E-08,1.778275e-09,4742.04,1.32778E-05,9.48417E-09
a_nx8_fs_-40c_rb1p4k_st1,A,extraction,fs,hbt_typ,-40,8,1,1p4k,1.4e3,1.8971E-08,2.371375e-09,6323.7,1.77065E-05,1.26475E-08
a_nx8_fs_-40c_rb1p4k_st1,A,extraction,fs,hbt_typ,-40,8,1,1p4k,1.4e3,2.52982E-08,3.162275e-09,8432.64,2.36116E-05,1.68654E-08
a_nx8_fs_-40c_rb1p4k_st1,A,extraction,fs,hbt_typ,-40,8,1,1p4k,1.4e3,3.37357E-08,4.216963e-09,11245.3,3.14871E-05,2.24908E-08
a_nx8_fs_-40c_rb1p4k_st1,A,extraction,fs,hbt_typ,-40,8,1,1p4k,1.4e3,4.49873E-08,5.623413e-09,14995.4,4.19874E-05,2.9991E-08
a_nx8_fs_-40c_rb1p4k_st1,A,extraction,fs,hbt_typ,-40,8,1,1p4k,1.4e3,5.99915E-08,7.498937e-09,19997.1,5.59924E-05,3.99946E-08
a_nx8_fs_-40c_rb1p4k_st1,A,extraction,fs,hbt_typ,-40,8,1,1p4k,1.4e3,8E-08,1.000000e-08,26666.3,7.46663E-05,5.33331E-08
a_nx8_fs_-40c_rb1p4k_st1,A,extraction,fs,hbt_typ,-40,8,1,1p4k,1.4e3,1.06682E-07,1.333525e-08,35559.9,9.95689E-05,7.11206E-08
a_nx8_fs_-40c_rb1p4k_st1,A,extraction,fs,hbt_typ,-40,8,1,1p4k,1.4e3,1.42262E-07,1.778275e-08,47420.5,0.000132779,9.48421E-08
a_nx8_fs_-40c_rb1p4k_st1,A,extraction,fs,hbt_typ,-40,8,1,1p4k,1.4e3,1.8971E-07,2.371375e-08,63234.3,0.000177058,1.2647E-07
a_nx8_fs_-40c_rb1p4k_st1,A,extraction,fs,hbt_typ,-40,8,1,1p4k,1.4e3,2.52982E-07,3.162275e-08,84325.1,0.000236113,1.68652E-07
a_nx8_fs_-40c_rb1p4k_st1,A,extraction,fs,hbt_typ,-40,8,1,1p4k,1.4e3,3.37357E-07,4.216963e-08,112451,0.000314867,2.24905E-07
a_nx8_fs_-40c_rb1p4k_st1,A,extraction,fs,hbt_typ,-40,8,1,1p4k,1.4e3,4.49873E-07,5.623413e-08,149961,0.000419897,2.99927E-07
a_nx8_fs_-40c_rb1p4k_st1,A,extraction,fs,hbt_typ,-40,8,1,1p4k,1.4e3,5.99915E-07,7.498937e-08,199965,0.000559916,3.9994E-07
a_nx8_fs_-40c_rb1p4k_st1,A,extraction,fs,hbt_typ,-40,8,1,1p4k,1.4e3,8E-07,1.000000e-07,266666,0.00074669,5.3335E-07
a_nx8_fs_-40c_rb1p4k_st1,A,extraction,fs,hbt_typ,-40,8,1,1p4k,1.4e3,1.06682E-06,1.333525e-07,355589,0.000995703,7.11217E-07
a_nx8_fs_-40c_rb1p4k_st1,A,extraction,fs,hbt_typ,-40,8,1,1p4k,1.4e3,1.42262E-06,1.778275e-07,474165,0.0013278,9.48429E-07
a_nx8_fs_-40c_rb1p4k_st1,A,extraction,fs,hbt_typ,-40,8,1,1p4k,1.4e3,1.8971E-06,2.371375e-07,632274,0.00177085,1.26489E-06
a_nx8_fs_-40c_rb1p4k_st1,A,extraction,fs,hbt_typ,-40,8,1,1p4k,1.4e3,2.52982E-06,3.162275e-07,,,
a_nx8_fs_-40c_rb1p4k_st1,A,extraction,fs,hbt_typ,-40,8,1,1p4k,1.4e3,3.37357E-06,4.216963e-07,,,
a_nx8_fs_-40c_rb1p4k_st1,A,extraction,fs,hbt_typ,-40,8,1,1p4k,1.4e3,4.49873E-06,5.623413e-07,819936,0.000631992,4.51427E-07
a_nx8_fs_-40c_rb1p4k_st1,A,extraction,fs,hbt_typ,-40,8,1,1p4k,1.4e3,5.99915E-06,7.498937e-07,,,
a_nx8_fs_-40c_rb1p4k_st1,A,extraction,fs,hbt_typ,-40,8,1,1p4k,1.4e3,8E-06,1.000000e-06,,,
a_nx8_fs_-40c_rb1p4k_st1,A,extraction,fs,hbt_typ,-40,8,1,1p4k,1.4e3,1.06682E-05,1.333525e-06,387.469,0.0149179,1.06678E-05
a_nx8_fs_-40c_rb1p4k_st1,A,extraction,fs,hbt_typ,-40,8,1,1p4k,1.4e3,1.42262E-05,1.778275e-06,388.272,0.0198934,1.42258E-05
a_nx8_fs_-40c_rb1p4k_st1,A,extraction,fs,hbt_typ,-40,8,1,1p4k,1.4e3,1.8971E-05,2.371375e-06,389.056,0.0265286,1.89706E-05
a_nx8_fs_-40c_rb1p4k_st1,A,extraction,fs,hbt_typ,-40,8,1,1p4k,1.4e3,2.52982E-05,3.162275e-06,389.819,0.0353767,2.52978E-05
a_nx8_fs_-40c_rb1p4k_st1,A,extraction,fs,hbt_typ,-40,8,1,1p4k,1.4e3,3.37357E-05,4.216963e-06,390.565,0.047176,3.37353E-05
a_nx8_fs_-40c_rb1p4k_st1,A,extraction,fs,hbt_typ,-40,8,1,1p4k,1.4e3,4.49873E-05,5.623413e-06,391.304,0.0629106,4.49869E-05
a_nx8_fs_-40c_rb1p4k_st1,A,extraction,fs,hbt_typ,-40,8,1,1p4k,1.4e3,5.99915E-05,7.498938e-06,392.059,0.0838931,5.99911E-05
a_nx8_fs_-40c_rb1p4k_st1,A,extraction,fs,hbt_typ,-40,8,1,1p4k,1.4e3,8E-05,1.000000e-05,392.874,0.111874,7.99996E-05
a_nx8_fs_-40c_rb1p4k_st1,A,extraction,fs,hbt_typ,-40,8,1,1p4k,1.4e3,0.000106682,1.333525e-05,393.798,0.149188,0.000106682
a_nx8_fs_-40c_rb1p4k_st1,A,extraction,fs,hbt_typ,-40,8,1,1p4k,1.4e3,0.000142262,1.778275e-05,394.637,0.198945,0.000142262
a_nx8_fs_-40c_rb1p4k_st1,A,extraction,fs,hbt_typ,-40,8,1,1p4k,1.4e3,0.00018971,2.371375e-05,391.432,0.265297,0.00018971
a_nx8_fs_-40c_rb1p4k_st1,A,extraction,fs,hbt_typ,-40,8,1,1p4k,1.4e3,0.000252982,3.162275e-05,,,
a_nx8_fs_-40c_rb1p4k_st1,A,extraction,fs,hbt_typ,-40,8,1,1p4k,1.4e3,0.000337357,4.216962e-05,,,
a_nx8_fs_-40c_rb1p4k_st1,A,extraction,fs,hbt_typ,-40,8,1,1p4k,1.4e3,0.000449873,5.623412e-05,,,
a_nx8_fs_-40c_rb1p4k_st1,A,extraction,fs,hbt_typ,-40,8,1,1p4k,1.4e3,0.000599915,7.498938e-05,,,
a_nx8_fs_-40c_rb1p4k_st1,A,extraction,fs,hbt_typ,-40,8,1,1p4k,1.4e3,0.0008,1.000000e-04,7.87736,0.806728,0.0008
a_nx8_fs_-40c_rb1p4k_st1,A,extraction,fs,hbt_typ,-40,8,1,1p4k,1.4e3,0.00106682,1.333525e-04,6.17855,0.823743,0.00106682
a_nx8_fs_-40c_rb1p4k_st1,A,extraction,fs,hbt_typ,-40,8,1,1p4k,1.4e3,0.00142262,1.778275e-04,5.29779,0.835559,0.00142262
a_nx8_fs_-40c_rb1p4k_st1,A,extraction,fs,hbt_typ,-40,8,1,1p4k,1.4e3,0.0018971,2.371375e-04,4.72107,0.845243,0.0018971
a_nx8_fs_-40c_rb1p4k_st1,A,extraction,fs,hbt_typ,-40,8,1,1p4k,1.4e3,0.00252982,3.162275e-04,4.29786,0.85393,0.00252982
a_nx8_fs_-40c_rb1p4k_st1,A,extraction,fs,hbt_typ,-40,8,1,1p4k,1.4e3,0.00337357,4.216963e-04,3.96655,0.862213,0.00337357
a_nx8_fs_-40c_rb1p4k_st1,A,extraction,fs,hbt_typ,-40,8,1,1p4k,1.4e3,0.00449873,5.623413e-04,3.69697,0.870481,0.00449873
a_nx8_fs_-40c_rb1p4k_st1,A,extraction,fs,hbt_typ,-40,8,1,1p4k,1.4e3,0.00599915,7.498937e-04,3.4728,0.879038,0.00599915
a_nx8_fs_-40c_rb1p4k_st1,A,extraction,fs,hbt_typ,-40,8,1,1p4k,1.4e3,0.008,1.000000e-03,3.2848,0.888144,0.008
a_nx8_fs_-40c_rb1p4k_st1,A,extraction,fs,hbt_typ,-40,8,1,1p4k,1.4e3,0.0106682,1.333525e-03,3.12794,0.898014,0.0106682
a_nx8_fs_-40c_rb1p4k_st1,A,extraction,fs,hbt_typ,-40,8,1,1p4k,1.4e3,0.0142262,1.778275e-03,3.00008,0.90878,0.0142262
a_nx8_fs_-40c_rb1p4k_st1,A,extraction,fs,hbt_typ,-40,8,1,1p4k,1.4e3,0.018971,2.371375e-03,2.90135,0.920405,0.018971
a_nx8_fs_-40c_rb1p4k_st1,A,extraction,fs,hbt_typ,-40,8,1,1p4k,1.4e3,0.0252982,3.162275e-03,2.83391,0.932502,0.0252982
a_nx1_fs_27c_rb14k_st1,A,extraction,fs,hbt_typ,27,1,1,14k,1.4e4,1E-10,1.000000e-10,33.3266,9.33403E-07,6.66716E-11
a_nx1_fs_27c_rb14k_st1,A,extraction,fs,hbt_typ,27,1,1,14k,1.4e4,1.33352E-10,1.333520e-10,44.4419,1.24472E-06,8.89085E-11
a_nx1_fs_27c_rb14k_st1,A,extraction,fs,hbt_typ,27,1,1,14k,1.4e4,1.77828E-10,1.778280e-10,59.2642,1.65987E-06,1.18562E-10
a_nx1_fs_27c_rb14k_st1,A,extraction,fs,hbt_typ,27,1,1,14k,1.4e4,2.37137E-10,2.371370e-10,79.0295,2.21347E-06,1.58105E-10
a_nx1_fs_27c_rb14k_st1,A,extraction,fs,hbt_typ,27,1,1,14k,1.4e4,3.16228E-10,3.162280e-10,105.388,2.95173E-06,2.10838E-10
a_nx1_fs_27c_rb14k_st1,A,extraction,fs,hbt_typ,27,1,1,14k,1.4e4,4.21697E-10,4.216970e-10,140.537,3.93622E-06,2.81159E-10
a_nx1_fs_27c_rb14k_st1,A,extraction,fs,hbt_typ,27,1,1,14k,1.4e4,5.62341E-10,5.623410e-10,187.408,5.24906E-06,3.74933E-10
a_nx1_fs_27c_rb14k_st1,A,extraction,fs,hbt_typ,27,1,1,14k,1.4e4,7.49894E-10,7.498940e-10,249.908,6.99976E-06,4.99983E-10
a_nx1_fs_27c_rb14k_st1,A,extraction,fs,hbt_typ,27,1,1,14k,1.4e4,1E-09,1.000000e-09,333.226,9.3348E-06,6.66772E-10
a_nx1_fs_27c_rb14k_st1,A,extraction,fs,hbt_typ,27,1,1,14k,1.4e4,1.33352E-09,1.333520e-09,406.675,1.29742E-05,9.26849E-10
a_nx1_fs_27c_rb14k_st1,A,extraction,fs,hbt_typ,27,1,1,14k,1.4e4,1.77828E-09,1.778280e-09,541.499,1.73131E-05,1.23677E-09
a_nx1_fs_27c_rb14k_st1,A,extraction,fs,hbt_typ,27,1,1,14k,1.4e4,2.37137E-09,2.371370e-09,721.057,2.31026E-05,1.65031E-09
a_nx1_fs_27c_rb14k_st1,A,extraction,fs,hbt_typ,27,1,1,14k,1.4e4,3.16228E-09,3.162280e-09,960.087,3.08291E-05,2.2022E-09
a_nx1_fs_27c_rb14k_st1,A,extraction,fs,hbt_typ,27,1,1,14k,1.4e4,4.21697E-09,4.216970e-09,1278.08,4.11426E-05,2.93888E-09
a_nx1_fs_27c_rb14k_st1,A,extraction,fs,hbt_typ,27,1,1,14k,1.4e4,5.62341E-09,5.623410e-09,1700.78,5.49152E-05,3.92264E-09
a_nx1_fs_27c_rb14k_st1,A,extraction,fs,hbt_typ,27,1,1,14k,1.4e4,7.49894E-09,7.498940e-09,2261.94,7.3316E-05,5.23699E-09
a_nx1_fs_27c_rb14k_st1,A,extraction,fs,hbt_typ,27,1,1,14k,1.4e4,1E-08,1.000000e-08,3005.51,9.79205E-05,6.99447E-09
a_nx1_fs_27c_rb14k_st1,A,extraction,fs,hbt_typ,27,1,1,14k,1.4e4,1.33352E-08,1.333520e-08,3987.85,0.000130861,9.34736E-09
a_nx1_fs_27c_rb14k_st1,A,extraction,fs,hbt_typ,27,1,1,14k,1.4e4,1.77828E-08,1.778280e-08,5279.16,0.000175049,1.25037E-08
a_nx1_fs_27c_rb14k_st1,A,extraction,fs,hbt_typ,27,1,1,14k,1.4e4,2.37137E-08,2.371370e-08,6961.18,0.000234532,1.67525E-08
a_nx1_fs_27c_rb14k_st1,A,extraction,fs,hbt_typ,27,1,1,14k,1.4e4,3.16228E-08,3.162280e-08,9110.81,0.000315164,2.2512E-08
a_nx1_fs_27c_rb14k_st1,A,extraction,fs,hbt_typ,27,1,1,14k,1.4e4,4.21697E-08,4.216970e-08,11722.2,0.000426263,3.04476E-08
a_nx1_fs_27c_rb14k_st1,A,extraction,fs,hbt_typ,27,1,1,14k,1.4e4,5.62341E-08,5.623410e-08,14265.9,0.00058755,4.19682E-08
a_nx1_fs_27c_rb14k_st1,A,extraction,fs,hbt_typ,27,1,1,14k,1.4e4,7.49894E-08,7.498940e-08,12937,0.000868717,6.20524E-08
a_nx1_fs_27c_rb14k_st1,A,extraction,fs,hbt_typ,27,1,1,14k,1.4e4,1E-07,1.000000e-07,11223.6,0.000587673,4.19766E-08
a_nx1_fs_27c_rb14k_st1,A,extraction,fs,hbt_typ,27,1,1,14k,1.4e4,1.33352E-07,1.333520e-07,,,
a_nx1_fs_27c_rb14k_st1,A,extraction,fs,hbt_typ,27,1,1,14k,1.4e4,1.77828E-07,1.778280e-07,,,
a_nx1_fs_27c_rb14k_st1,A,extraction,fs,hbt_typ,27,1,1,14k,1.4e4,2.37137E-07,2.371370e-07,427.15,0.00331055,2.3671E-07
a_nx1_fs_27c_rb14k_st1,A,extraction,fs,hbt_typ,27,1,1,14k,1.4e4,3.16228E-07,3.162280e-07,,,
a_nx1_fs_27c_rb14k_st1,A,extraction,fs,hbt_typ,27,1,1,14k,1.4e4,4.21697E-07,4.216970e-07,,,
a_nx1_fs_27c_rb14k_st1,A,extraction,fs,hbt_typ,27,1,1,14k,1.4e4,5.62341E-07,5.623410e-07,381.973,0.00785836,5.61959E-07
a_nx1_fs_27c_rb14k_st1,A,extraction,fs,hbt_typ,27,1,1,14k,1.4e4,7.49894E-07,7.498940e-07,383.083,0.0104811,7.49511E-07
a_nx1_fs_27c_rb14k_st1,A,extraction,fs,hbt_typ,27,1,1,14k,1.4e4,1E-06,1.000000e-06,384.205,0.0139786,9.99616E-07
a_nx1_fs_27c_rb14k_st1,A,extraction,fs,hbt_typ,27,1,1,14k,1.4e4,1.33352E-06,1.333520e-06,385.341,0.0186426,1.33313E-06
a_nx1_fs_27c_rb14k_st1,A,extraction,fs,hbt_typ,27,1,1,14k,1.4e4,1.77828E-06,1.778280e-06,386.493,0.0248622,1.77789E-06
a_nx1_fs_27c_rb14k_st1,A,extraction,fs,hbt_typ,27,1,1,14k,1.4e4,2.37137E-06,2.371370e-06,387.67,0.0331561,2.37098E-06
a_nx1_fs_27c_rb14k_st1,A,extraction,fs,hbt_typ,27,1,1,14k,1.4e4,3.16228E-06,3.162280e-06,388.881,0.0442164,3.16189E-06
a_nx1_fs_27c_rb14k_st1,A,extraction,fs,hbt_typ,27,1,1,14k,1.4e4,4.21697E-06,4.216970e-06,390.146,0.0589656,4.21658E-06
a_nx1_fs_27c_rb14k_st1,A,extraction,fs,hbt_typ,27,1,1,14k,1.4e4,5.62341E-06,5.623410e-06,391.492,0.078634,5.62302E-06
a_nx1_fs_27c_rb14k_st1,A,extraction,fs,hbt_typ,27,1,1,14k,1.4e4,7.49894E-06,7.498940e-06,392.953,0.104862,7.49855E-06
a_nx1_fs_27c_rb14k_st1,A,extraction,fs,hbt_typ,27,1,1,14k,1.4e4,1E-05,1.000000e-05,394.534,0.139839,9.99961E-06
a_nx1_fs_27c_rb14k_st1,A,extraction,fs,hbt_typ,27,1,1,14k,1.4e4,1.33352E-05,1.333520e-05,395.887,0.186481,1.33348E-05
a_nx1_fs_27c_rb14k_st1,A,extraction,fs,hbt_typ,27,1,1,14k,1.4e4,1.77828E-05,1.778280e-05,392.844,0.248677,1.77824E-05
a_nx1_fs_27c_rb14k_st1,A,extraction,fs,hbt_typ,27,1,1,14k,1.4e4,2.37137E-05,2.371370e-05,,,
a_nx1_fs_27c_rb14k_st1,A,extraction,fs,hbt_typ,27,1,1,14k,1.4e4,3.16228E-05,3.162280e-05,,,
a_nx1_fs_27c_rb14k_st1,A,extraction,fs,hbt_typ,27,1,1,14k,1.4e4,4.21697E-05,4.216970e-05,,,
a_nx1_fs_27c_rb14k_st1,A,extraction,fs,hbt_typ,27,1,1,14k,1.4e4,5.62341E-05,5.623410e-05,11.6697,0.699326,5.6234E-05
a_nx1_fs_27c_rb14k_st1,A,extraction,fs,hbt_typ,27,1,1,14k,1.4e4,7.49894E-05,7.498940e-05,7.111,0.736334,7.49894E-05
a_nx1_fs_27c_rb14k_st1,A,extraction,fs,hbt_typ,27,1,1,14k,1.4e4,0.0001,1.000000e-04,5.67001,0.756349,0.0001
a_nx1_fs_27c_rb14k_st1,A,extraction,fs,hbt_typ,27,1,1,14k,1.4e4,0.000133352,1.333520e-04,4.89423,0.771049,0.000133352
a_nx1_fs_27c_rb14k_st1,A,extraction,fs,hbt_typ,27,1,1,14k,1.4e4,0.000177828,1.778280e-04,4.38114,0.783384,0.000177828
a_nx1_fs_27c_rb14k_st1,A,extraction,fs,hbt_typ,27,1,1,14k,1.4e4,0.000237137,2.371370e-04,4.00436,0.794546,0.000237137
a_nx1_fs_27c_rb14k_st1,A,extraction,fs,hbt_typ,27,1,1,14k,1.4e4,0.000316228,3.162280e-04,3.71057,0.805173,0.000316228
a_nx1_fs_27c_rb14k_st1,A,extraction,fs,hbt_typ,27,1,1,14k,1.4e4,0.000421697,4.216970e-04,3.47323,0.815692,0.000421697
a_nx1_fs_27c_rb14k_st1,A,extraction,fs,hbt_typ,27,1,1,14k,1.4e4,0.000562341,5.623410e-04,3.27785,0.826439,0.000562341
a_nx1_fs_27c_rb14k_st1,A,extraction,fs,hbt_typ,27,1,1,14k,1.4e4,0.000749894,7.498940e-04,3.11621,0.83772,0.000749894
a_nx1_fs_27c_rb14k_st1,A,extraction,fs,hbt_typ,27,1,1,14k,1.4e4,0.001,1.000000e-03,2.98388,0.849825,0.001
a_nx1_fs_27c_rb14k_st1,A,extraction,fs,hbt_typ,27,1,1,14k,1.4e4,0.00133352,1.333520e-03,2.87903,0.863027,0.00133352
a_nx1_fs_27c_rb14k_st1,A,extraction,fs,hbt_typ,27,1,1,14k,1.4e4,0.00177828,1.778280e-03,2.80211,0.877576,0.00177828
a_nx1_fs_27c_rb14k_st1,A,extraction,fs,hbt_typ,27,1,1,14k,1.4e4,0.00237137,2.371370e-03,2.75543,0.893544,0.00237137
a_nx1_fs_27c_rb14k_st1,A,extraction,fs,hbt_typ,27,1,1,14k,1.4e4,0.00316228,3.162280e-03,2.74362,0.910748,0.00316228
a_nx1_fs_27c_rb1p4k_st1,A,extraction,fs,hbt_typ,27,1,1,1p4k,1.4e3,1E-10,1.000000e-10,33.3266,9.33402E-08,6.66716E-11
a_nx1_fs_27c_rb1p4k_st1,A,extraction,fs,hbt_typ,27,1,1,1p4k,1.4e3,1.33352E-10,1.333520e-10,44.4419,1.24472E-07,8.89085E-11
a_nx1_fs_27c_rb1p4k_st1,A,extraction,fs,hbt_typ,27,1,1,1p4k,1.4e3,1.77828E-10,1.778280e-10,59.2642,1.65987E-07,1.18562E-10
a_nx1_fs_27c_rb1p4k_st1,A,extraction,fs,hbt_typ,27,1,1,1p4k,1.4e3,2.37137E-10,2.371370e-10,79.0298,2.21347E-07,1.58105E-10
a_nx1_fs_27c_rb1p4k_st1,A,extraction,fs,hbt_typ,27,1,1,1p4k,1.4e3,3.16228E-10,3.162280e-10,105.388,2.95174E-07,2.10839E-10
a_nx1_fs_27c_rb1p4k_st1,A,extraction,fs,hbt_typ,27,1,1,1p4k,1.4e3,4.21697E-10,4.216970e-10,140.536,3.9362E-07,2.81157E-10
a_nx1_fs_27c_rb1p4k_st1,A,extraction,fs,hbt_typ,27,1,1,1p4k,1.4e3,5.62341E-10,5.623410e-10,187.408,5.24906E-07,3.74933E-10
a_nx1_fs_27c_rb1p4k_st1,A,extraction,fs,hbt_typ,27,1,1,1p4k,1.4e3,7.49894E-10,7.498940e-10,249.91,6.99979E-07,4.99985E-10
a_nx1_fs_27c_rb1p4k_st1,A,extraction,fs,hbt_typ,27,1,1,1p4k,1.4e3,1E-09,1.000000e-09,333.244,9.33455E-07,6.66754E-10
a_nx1_fs_27c_rb1p4k_st1,A,extraction,fs,hbt_typ,27,1,1,1p4k,1.4e3,1.33352E-09,1.333520e-09,406.689,1.29739E-06,9.2683E-10
a_nx1_fs_27c_rb1p4k_st1,A,extraction,fs,hbt_typ,27,1,1,1p4k,1.4e3,1.77828E-09,1.778280e-09,541.529,1.73128E-06,1.23675E-09
a_nx1_fs_27c_rb1p4k_st1,A,extraction,fs,hbt_typ,27,1,1,1p4k,1.4e3,2.37137E-09,2.371370e-09,721.107,2.31019E-06,1.65026E-09
a_nx1_fs_27c_rb1p4k_st1,A,extraction,fs,hbt_typ,27,1,1,1p4k,1.4e3,3.16228E-09,3.162280e-09,960.177,3.08278E-06,2.20211E-09
a_nx1_fs_27c_rb1p4k_st1,A,extraction,fs,hbt_typ,27,1,1,1p4k,1.4e3,4.21697E-09,4.216970e-09,1278.24,4.11403E-06,2.93872E-09
a_nx1_fs_27c_rb1p4k_st1,A,extraction,fs,hbt_typ,27,1,1,1p4k,1.4e3,5.62341E-09,5.623410e-09,1701.07,5.49106E-06,3.92231E-09
a_nx1_fs_27c_rb1p4k_st1,A,extraction,fs,hbt_typ,27,1,1,1p4k,1.4e3,7.49894E-09,7.498940e-09,2262.48,7.33084E-06,5.23645E-09
a_nx1_fs_27c_rb1p4k_st1,A,extraction,fs,hbt_typ,27,1,1,1p4k,1.4e3,1E-08,1.000000e-08,3006.52,9.79064E-06,6.99346E-09
a_nx1_fs_27c_rb1p4k_st1,A,extraction,fs,hbt_typ,27,1,1,1p4k,1.4e3,1.33352E-08,1.333520e-08,3989.74,1.30835E-05,9.34547E-09
a_nx1_fs_27c_rb1p4k_st1,A,extraction,fs,hbt_typ,27,1,1,1p4k,1.4e3,1.77828E-08,1.778280e-08,5282.76,1.74998E-05,1.25E-08
a_nx1_fs_27c_rb1p4k_st1,A,extraction,fs,hbt_typ,27,1,1,1p4k,1.4e3,2.37137E-08,2.371370e-08,6968.34,2.34431E-05,1.67453E-08
a_nx1_fs_27c_rb1p4k_st1,A,extraction,fs,hbt_typ,27,1,1,1p4k,1.4e3,3.16228E-08,3.162280e-08,9125.86,3.14954E-05,2.24969E-08
a_nx1_fs_27c_rb1p4k_st1,A,extraction,fs,hbt_typ,27,1,1,1p4k,1.4e3,4.21697E-08,4.216970e-08,11757.4,4.25766E-05,3.04121E-08
a_nx1_fs_27c_rb1p4k_st1,A,extraction,fs,hbt_typ,27,1,1,1p4k,1.4e3,5.62341E-08,5.623410e-08,14371.7,5.86067E-05,4.18623E-08
a_nx1_fs_27c_rb1p4k_st1,A,extraction,fs,hbt_typ,27,1,1,1p4k,1.4e3,7.49894E-08,7.498940e-08,13250.6,8.64326E-05,6.17387E-08
a_nx1_fs_27c_rb1p4k_st1,A,extraction,fs,hbt_typ,27,1,1,1p4k,1.4e3,1E-07,1.000000e-07,,,
a_nx1_fs_27c_rb1p4k_st1,A,extraction,fs,hbt_typ,27,1,1,1p4k,1.4e3,1.33352E-07,1.333520e-07,,,
a_nx1_fs_27c_rb1p4k_st1,A,extraction,fs,hbt_typ,27,1,1,1p4k,1.4e3,1.77828E-07,1.778280e-07,,,
a_nx1_fs_27c_rb1p4k_st1,A,extraction,fs,hbt_typ,27,1,1,1p4k,1.4e3,2.37137E-07,2.371370e-07,,,
a_nx1_fs_27c_rb1p4k_st1,A,extraction,fs,hbt_typ,27,1,1,1p4k,1.4e3,3.16228E-07,3.162280e-07,,,
a_nx1_fs_27c_rb1p4k_st1,A,extraction,fs,hbt_typ,27,1,1,1p4k,1.4e3,4.21697E-07,4.216970e-07,,,
a_nx1_fs_27c_rb1p4k_st1,A,extraction,fs,hbt_typ,27,1,1,1p4k,1.4e3,5.62341E-07,5.623410e-07,381.916,0.000785836,5.61959E-07
a_nx1_fs_27c_rb1p4k_st1,A,extraction,fs,hbt_typ,27,1,1,1p4k,1.4e3,7.49894E-07,7.498940e-07,383.011,0.00104811,7.49511E-07
a_nx1_fs_27c_rb1p4k_st1,A,extraction,fs,hbt_typ,27,1,1,1p4k,1.4e3,1E-06,1.000000e-06,384.113,0.00139786,9.99616E-07
a_nx1_fs_27c_rb1p4k_st1,A,extraction,fs,hbt_typ,27,1,1,1p4k,1.4e3,1.33352E-06,1.333520e-06,385.222,0.00186426,1.33313E-06
a_nx1_fs_27c_rb1p4k_st1,A,extraction,fs,hbt_typ,27,1,1,1p4k,1.4e3,1.77828E-06,1.778280e-06,386.341,0.00248622,1.77789E-06
a_nx1_fs_27c_rb1p4k_st1,A,extraction,fs,hbt_typ,27,1,1,1p4k,1.4e3,2.37137E-06,2.371370e-06,387.473,0.00331561,2.37098E-06
a_nx1_fs_27c_rb1p4k_st1,A,extraction,fs,hbt_typ,27,1,1,1p4k,1.4e3,3.16228E-06,3.162280e-06,388.628,0.00442164,3.16189E-06
a_nx1_fs_27c_rb1p4k_st1,A,extraction,fs,hbt_typ,27,1,1,1p4k,1.4e3,4.21697E-06,4.216970e-06,389.821,0.00589656,4.21658E-06
a_nx1_fs_27c_rb1p4k_st1,A,extraction,fs,hbt_typ,27,1,1,1p4k,1.4e3,5.62341E-06,5.623410e-06,391.083,0.00786339,5.62302E-06
a_nx1_fs_27c_rb1p4k_st1,A,extraction,fs,hbt_typ,27,1,1,1p4k,1.4e3,7.49894E-06,7.498940e-06,392.466,0.0104862,7.49855E-06
a_nx1_fs_27c_rb1p4k_st1,A,extraction,fs,hbt_typ,27,1,1,1p4k,1.4e3,1E-05,1.000000e-05,394.066,0.0139839,9.99961E-06
a_nx1_fs_27c_rb1p4k_st1,A,extraction,fs,hbt_typ,27,1,1,1p4k,1.4e3,1.33352E-05,1.333520e-05,396.066,0.0186481,1.33348E-05
a_nx1_fs_27c_rb1p4k_st1,A,extraction,fs,hbt_typ,27,1,1,1p4k,1.4e3,1.77828E-05,1.778280e-05,398.823,0.0248681,1.77824E-05
a_nx1_fs_27c_rb1p4k_st1,A,extraction,fs,hbt_typ,27,1,1,1p4k,1.4e3,2.37137E-05,2.371370e-05,403.07,0.0331625,2.37131E-05
a_nx1_fs_27c_rb1p4k_st1,A,extraction,fs,hbt_typ,27,1,1,1p4k,1.4e3,3.16228E-05,3.162280e-05,410.189,0.0442185,3.1618E-05
a_nx1_fs_27c_rb1p4k_st1,A,extraction,fs,hbt_typ,27,1,1,1p4k,1.4e3,4.21697E-05,4.216970e-05,414.984,0.0588006,4.20441E-05
a_nx1_fs_27c_rb1p4k_st1,A,extraction,fs,hbt_typ,27,1,1,1p4k,1.4e3,5.62341E-05,5.623410e-05,,,
a_nx1_fs_27c_rb1p4k_st1,A,extraction,fs,hbt_typ,27,1,1,1p4k,1.4e3,7.49894E-05,7.498940e-05,,,
a_nx1_fs_27c_rb1p4k_st1,A,extraction,fs,hbt_typ,27,1,1,1p4k,1.4e3,0.0001,1.000000e-04,,,
a_nx1_fs_27c_rb1p4k_st1,A,extraction,fs,hbt_typ,27,1,1,1p4k,1.4e3,0.000133352,1.333520e-04,,,
a_nx1_fs_27c_rb1p4k_st1,A,extraction,fs,hbt_typ,27,1,1,1p4k,1.4e3,0.000177828,1.778280e-04,,,
a_nx1_fs_27c_rb1p4k_st1,A,extraction,fs,hbt_typ,27,1,1,1p4k,1.4e3,0.000237137,2.371370e-04,,,
a_nx1_fs_27c_rb1p4k_st1,A,extraction,fs,hbt_typ,27,1,1,1p4k,1.4e3,0.000316228,3.162280e-04,,,
a_nx1_fs_27c_rb1p4k_st1,A,extraction,fs,hbt_typ,27,1,1,1p4k,1.4e3,0.000421697,4.216970e-04,,,
a_nx1_fs_27c_rb1p4k_st1,A,extraction,fs,hbt_typ,27,1,1,1p4k,1.4e3,0.000562341,5.623410e-04,,,
a_nx1_fs_27c_rb1p4k_st1,A,extraction,fs,hbt_typ,27,1,1,1p4k,1.4e3,0.000749894,7.498940e-04,6.69036,0.719865,0.000749894
a_nx1_fs_27c_rb1p4k_st1,A,extraction,fs,hbt_typ,27,1,1,1p4k,1.4e3,0.001,1.000000e-03,5.45384,0.746833,0.001
a_nx1_fs_27c_rb1p4k_st1,A,extraction,fs,hbt_typ,27,1,1,1p4k,1.4e3,0.00133352,1.333520e-03,4.75379,0.768231,0.00133352
a_nx1_fs_27c_rb1p4k_st1,A,extraction,fs,hbt_typ,27,1,1,1p4k,1.4e3,0.00177828,1.778280e-03,4.28786,0.787847,0.00177828
a_nx1_fs_27c_rb1p4k_st1,A,extraction,fs,hbt_typ,27,1,1,1p4k,1.4e3,0.00237137,2.371370e-03,3.95336,0.807113,0.00237137
a_nx1_fs_27c_rb1p4k_st1,A,extraction,fs,hbt_typ,27,1,1,1p4k,1.4e3,0.00316228,3.162280e-03,3.70709,0.826527,0.00316228
a_nx8_fs_27c_rb14k_st1,A,extraction,fs,hbt_typ,27,8,1,14k,1.4e4,8E-10,1.000000e-10,266.173,7.47332E-06,5.33809E-10
a_nx8_fs_27c_rb14k_st1,A,extraction,fs,hbt_typ,27,8,1,14k,1.4e4,1.06682E-09,1.333525e-10,353.838,9.98138E-06,7.1296E-10
a_nx8_fs_27c_rb14k_st1,A,extraction,fs,hbt_typ,27,8,1,14k,1.4e4,1.42262E-09,1.778275e-10,362.437,1.48369E-05,1.06019E-09
a_nx8_fs_27c_rb14k_st1,A,extraction,fs,hbt_typ,27,8,1,14k,1.4e4,1.8971E-09,2.371375e-10,365.492,2.14284E-05,1.53157E-09
a_nx8_fs_27c_rb14k_st1,A,extraction,fs,hbt_typ,27,8,1,14k,1.4e4,2.52982E-09,3.162275e-10,483.733,2.86314E-05,2.04607E-09
a_nx8_fs_27c_rb14k_st1,A,extraction,fs,hbt_typ,27,8,1,14k,1.4e4,3.37357E-09,4.216962e-10,641.6,3.82331E-05,2.73191E-09
a_nx8_fs_27c_rb14k_st1,A,extraction,fs,hbt_typ,27,8,1,14k,1.4e4,4.49873E-09,5.623413e-10,851.409,5.10484E-05,3.64729E-09
a_nx8_fs_27c_rb14k_st1,A,extraction,fs,hbt_typ,27,8,1,14k,1.4e4,5.99915E-09,7.498938e-10,1129.95,6.81545E-05,4.86916E-09
a_nx8_fs_27c_rb14k_st1,A,extraction,fs,hbt_typ,27,8,1,14k,1.4e4,8E-09,1.000000e-09,1499.25,9.0997E-05,6.50078E-09
a_nx8_fs_27c_rb14k_st1,A,extraction,fs,hbt_typ,27,8,1,14k,1.4e4,1.06682E-08,1.333525e-09,1987.81,0.000121513,8.68051E-09
a_nx8_fs_27c_rb14k_st1,A,extraction,fs,hbt_typ,27,8,1,14k,1.4e4,1.42262E-08,1.778275e-09,2632.03,0.000162302,1.1594E-08
a_nx8_fs_27c_rb14k_st1,A,extraction,fs,hbt_typ,27,8,1,14k,1.4e4,1.8971E-08,2.371375e-09,3477.6,0.000216893,1.54934E-08
a_nx8_fs_27c_rb14k_st1,A,extraction,fs,hbt_typ,27,8,1,14k,1.4e4,2.52982E-08,3.162275e-09,4578.93,0.000290054,2.07192E-08
a_nx8_fs_27c_rb14k_st1,A,extraction,fs,hbt_typ,27,8,1,14k,1.4e4,3.37357E-08,4.216963e-09,5995.97,0.000388341,2.77397E-08
a_nx8_fs_27c_rb14k_st1,A,extraction,fs,hbt_typ,27,8,1,14k,1.4e4,4.49873E-08,5.623413e-09,7781.6,0.000520862,3.72056E-08
a_nx8_fs_27c_rb14k_st1,A,extraction,fs,hbt_typ,27,8,1,14k,1.4e4,5.99915E-08,7.498937e-09,9948.3,0.00070059,5.00434E-08
a_nx8_fs_27c_rb14k_st1,A,extraction,fs,hbt_typ,27,8,1,14k,1.4e4,8E-08,1.000000e-08,12392.6,0.000946471,6.76065E-08
a_nx8_fs_27c_rb14k_st1,A,extraction,fs,hbt_typ,27,8,1,14k,1.4e4,1.06682E-07,1.333525e-08,14755.8,0.00128694,9.19259E-08
a_nx8_fs_27c_rb14k_st1,A,extraction,fs,hbt_typ,27,8,1,14k,1.4e4,1.42262E-07,1.778275e-08,16316.2,0.0017632,1.25945E-07
a_nx8_fs_27c_rb14k_st1,A,extraction,fs,hbt_typ,27,8,1,14k,1.4e4,1.8971E-07,2.371375e-08,16307.6,0.00242759,1.73403E-07
a_nx8_fs_27c_rb14k_st1,A,extraction,fs,hbt_typ,27,8,1,14k,1.4e4,2.52982E-07,3.162275e-08,16103.9,0.00237049,1.69334E-07
a_nx8_fs_27c_rb14k_st1,A,extraction,fs,hbt_typ,27,8,1,14k,1.4e4,3.37357E-07,4.216963e-08,,,
a_nx8_fs_27c_rb14k_st1,A,extraction,fs,hbt_typ,27,8,1,14k,1.4e4,4.49873E-07,5.623413e-08,,,
a_nx8_fs_27c_rb14k_st1,A,extraction,fs,hbt_typ,27,8,1,14k,1.4e4,5.99915E-07,7.498937e-08,,,
a_nx8_fs_27c_rb14k_st1,A,extraction,fs,hbt_typ,27,8,1,14k,1.4e4,8E-07,1.000000e-07,,,
a_nx8_fs_27c_rb14k_st1,A,extraction,fs,hbt_typ,27,8,1,14k,1.4e4,1.06682E-06,1.333525e-07,,,
a_nx8_fs_27c_rb14k_st1,A,extraction,fs,hbt_typ,27,8,1,14k,1.4e4,1.42262E-06,1.778275e-07,,,
a_nx8_fs_27c_rb14k_st1,A,extraction,fs,hbt_typ,27,8,1,14k,1.4e4,1.8971E-06,2.371375e-07,,,
a_nx8_fs_27c_rb14k_st1,A,extraction,fs,hbt_typ,27,8,1,14k,1.4e4,2.52982E-06,3.162275e-07,,,
a_nx8_fs_27c_rb14k_st1,A,extraction,fs,hbt_typ,27,8,1,14k,1.4e4,3.37357E-06,4.216963e-07,381.437,0.0471701,3.37319E-06
a_nx8_fs_27c_rb14k_st1,A,extraction,fs,hbt_typ,27,8,1,14k,1.4e4,4.49873E-06,5.623413e-07,382.651,0.0629044,4.49835E-06
a_nx8_fs_27c_rb14k_st1,A,extraction,fs,hbt_typ,27,8,1,14k,1.4e4,5.99915E-06,7.498937e-07,383.919,0.0838864,5.99877E-06
a_nx8_fs_27c_rb14k_st1,A,extraction,fs,hbt_typ,27,8,1,14k,1.4e4,8E-06,1.000000e-06,385.26,0.111867,7.99961E-06
a_nx8_fs_27c_rb14k_st1,A,extraction,fs,hbt_typ,27,8,1,14k,1.4e4,1.06682E-05,1.333525e-06,386.71,0.149179,1.06678E-05
a_nx8_fs_27c_rb14k_st1,A,extraction,fs,hbt_typ,27,8,1,14k,1.4e4,1.42262E-05,1.778275e-06,388.314,0.198936,1.42258E-05
a_nx8_fs_27c_rb14k_st1,A,extraction,fs,hbt_typ,27,8,1,14k,1.4e4,1.8971E-05,2.371375e-06,390.026,0.265289,1.89706E-05
a_nx8_fs_27c_rb14k_st1,A,extraction,fs,hbt_typ,27,8,1,14k,1.4e4,2.52982E-05,3.162275e-06,388.34,0.353768,2.52978E-05
a_nx8_fs_27c_rb14k_st1,A,extraction,fs,hbt_typ,27,8,1,14k,1.4e4,3.37357E-05,4.216963e-06,265.293,0.471496,3.37354E-05
a_nx8_fs_27c_rb14k_st1,A,extraction,fs,hbt_typ,27,8,1,14k,1.4e4,4.49873E-05,5.623413e-06,25.7882,0.611423,4.49873E-05
a_nx8_fs_27c_rb14k_st1,A,extraction,fs,hbt_typ,27,8,1,14k,1.4e4,5.99915E-05,7.498938e-06,8.70242,0.673248,5.99915E-05
a_nx8_fs_27c_rb14k_st1,A,extraction,fs,hbt_typ,27,8,1,14k,1.4e4,8E-05,1.000000e-05,6.28677,0.69825,8E-05
a_nx8_fs_27c_rb14k_st1,A,extraction,fs,hbt_typ,27,8,1,14k,1.4e4,0.000106682,1.333525e-05,5.23653,0.714634,0.000106682
a_nx8_fs_27c_rb14k_st1,A,extraction,fs,hbt_typ,27,8,1,14k,1.4e4,0.000142262,1.778275e-05,4.60212,0.727519,0.000142262
a_nx8_fs_27c_rb14k_st1,A,extraction,fs,hbt_typ,27,8,1,14k,1.4e4,0.00018971,2.371375e-05,4.15735,0.738584,0.00018971
a_nx8_fs_27c_rb14k_st1,A,extraction,fs,hbt_typ,27,8,1,14k,1.4e4,0.000252982,3.162275e-05,3.8186,0.748578,0.000252982
a_nx8_fs_27c_rb14k_st1,A,extraction,fs,hbt_typ,27,8,1,14k,1.4e4,0.000337357,4.216962e-05,3.547,0.757899,0.000337357
a_nx8_fs_27c_rb14k_st1,A,extraction,fs,hbt_typ,27,8,1,14k,1.4e4,0.000449873,5.623412e-05,3.32176,0.766788,0.000449873
a_nx8_fs_27c_rb14k_st1,A,extraction,fs,hbt_typ,27,8,1,14k,1.4e4,0.000599915,7.498938e-05,3.13061,0.775408,0.000599915
a_nx8_fs_27c_rb14k_st1,A,extraction,fs,hbt_typ,27,8,1,14k,1.4e4,0.0008,1.000000e-04,2.96589,0.78388,0.0008
a_nx8_fs_27c_rb14k_st1,A,extraction,fs,hbt_typ,27,8,1,14k,1.4e4,0.00106682,1.333525e-04,2.82254,0.792306,0.00106682
a_nx8_fs_27c_rb14k_st1,A,extraction,fs,hbt_typ,27,8,1,14k,1.4e4,0.00142262,1.778275e-04,2.69721,0.800779,0.00142262
a_nx8_fs_27c_rb14k_st1,A,extraction,fs,hbt_typ,27,8,1,14k,1.4e4,0.0018971,2.371375e-04,2.58772,0.809399,0.0018971
a_nx8_fs_27c_rb14k_st1,A,extraction,fs,hbt_typ,27,8,1,14k,1.4e4,0.00252982,3.162275e-04,2.49277,0.818275,0.00252982
a_nx8_fs_27c_rb14k_st1,A,extraction,fs,hbt_typ,27,8,1,14k,1.4e4,0.00337357,4.216963e-04,2.4118,0.827532,0.00337357
a_nx8_fs_27c_rb14k_st1,A,extraction,fs,hbt_typ,27,8,1,14k,1.4e4,0.00449873,5.623413e-04,2.34504,0.83731,0.00449873
a_nx8_fs_27c_rb14k_st1,A,extraction,fs,hbt_typ,27,8,1,14k,1.4e4,0.00599915,7.498937e-04,2.29349,0.847764,0.00599915
a_nx8_fs_27c_rb14k_st1,A,extraction,fs,hbt_typ,27,8,1,14k,1.4e4,0.008,1.000000e-03,2.25911,0.859043,0.008
a_nx8_fs_27c_rb14k_st1,A,extraction,fs,hbt_typ,27,8,1,14k,1.4e4,0.0106682,1.333525e-03,2.24499,0.871253,0.0106682
a_nx8_fs_27c_rb14k_st1,A,extraction,fs,hbt_typ,27,8,1,14k,1.4e4,0.0142262,1.778275e-03,2.25548,0.884372,0.0142262
a_nx8_fs_27c_rb14k_st1,A,extraction,fs,hbt_typ,27,8,1,14k,1.4e4,0.018971,2.371375e-03,2.29605,0.898111,0.018971
a_nx8_fs_27c_rb14k_st1,A,extraction,fs,hbt_typ,27,8,1,14k,1.4e4,0.0252982,3.162275e-03,2.37229,0.911667,0.0252982
a_nx8_fs_27c_rb1p4k_st1,A,extraction,fs,hbt_typ,27,8,1,1p4k,1.4e3,8E-10,1.000000e-10,266.183,7.47362E-07,5.3383E-10
a_nx8_fs_27c_rb1p4k_st1,A,extraction,fs,hbt_typ,27,8,1,1p4k,1.4e3,1.06682E-09,1.333525e-10,353.839,9.98138E-07,7.1296E-10
a_nx8_fs_27c_rb1p4k_st1,A,extraction,fs,hbt_typ,27,8,1,1p4k,1.4e3,1.42262E-09,1.778275e-10,362.436,1.4837E-06,1.06019E-09
a_nx8_fs_27c_rb1p4k_st1,A,extraction,fs,hbt_typ,27,8,1,1p4k,1.4e3,1.8971E-09,2.371375e-10,365.587,2.14272E-06,1.53148E-09
a_nx8_fs_27c_rb1p4k_st1,A,extraction,fs,hbt_typ,27,8,1,1p4k,1.4e3,2.52982E-09,3.162275e-10,483.93,2.86286E-06,2.04587E-09
a_nx8_fs_27c_rb1p4k_st1,A,extraction,fs,hbt_typ,27,8,1,1p4k,1.4e3,3.37357E-09,4.216962e-10,641.958,3.82283E-06,2.73157E-09
a_nx8_fs_27c_rb1p4k_st1,A,extraction,fs,hbt_typ,27,8,1,1p4k,1.4e3,4.49873E-09,5.623413e-10,852.047,5.10396E-06,3.64666E-09
a_nx8_fs_27c_rb1p4k_st1,A,extraction,fs,hbt_typ,27,8,1,1p4k,1.4e3,5.99915E-09,7.498938e-10,1131.09,6.81388E-06,4.86804E-09
a_nx8_fs_27c_rb1p4k_st1,A,extraction,fs,hbt_typ,27,8,1,1p4k,1.4e3,8E-09,1.000000e-09,1501.28,9.09686E-06,6.49874E-09
a_nx8_fs_27c_rb1p4k_st1,A,extraction,fs,hbt_typ,27,8,1,1p4k,1.4e3,1.06682E-08,1.333525e-09,1991.41,1.21459E-05,8.67664E-09
a_nx8_fs_27c_rb1p4k_st1,A,extraction,fs,hbt_typ,27,8,1,1p4k,1.4e3,1.42262E-08,1.778275e-09,2638.54,1.62211E-05,1.15875E-08
a_nx8_fs_27c_rb1p4k_st1,A,extraction,fs,hbt_typ,27,8,1,1p4k,1.4e3,1.8971E-08,2.371375e-09,3489.31,2.16729E-05,1.54817E-08
a_nx8_fs_27c_rb1p4k_st1,A,extraction,fs,hbt_typ,27,8,1,1p4k,1.4e3,2.52982E-08,3.162275e-09,4599.97,2.89759E-05,2.06981E-08
a_nx8_fs_27c_rb1p4k_st1,A,extraction,fs,hbt_typ,27,8,1,1p4k,1.4e3,3.37357E-08,4.216963e-09,6033.91,3.87808E-05,2.77017E-08
a_nx8_fs_27c_rb1p4k_st1,A,extraction,fs,hbt_typ,27,8,1,1p4k,1.4e3,4.49873E-08,5.623413e-09,7850.23,5.199E-05,3.71369E-08
a_nx8_fs_27c_rb1p4k_st1,A,extraction,fs,hbt_typ,27,8,1,1p4k,1.4e3,5.99915E-08,7.498937e-09,10072.9,6.98847E-05,4.99189E-08
a_nx8_fs_27c_rb1p4k_st1,A,extraction,fs,hbt_typ,27,8,1,1p4k,1.4e3,8E-08,1.000000e-08,12617.2,9.43324E-05,6.73817E-08
a_nx8_fs_27c_rb1p4k_st1,A,extraction,fs,hbt_typ,27,8,1,1p4k,1.4e3,1.06682E-07,1.333525e-08,15149.3,0.000128143,9.15324E-08
a_nx8_fs_27c_rb1p4k_st1,A,extraction,fs,hbt_typ,27,8,1,1p4k,1.4e3,1.42262E-07,1.778275e-08,16947.8,0.000175436,1.25314E-07
a_nx8_fs_27c_rb1p4k_st1,A,extraction,fs,hbt_typ,27,8,1,1p4k,1.4e3,1.8971E-07,2.371375e-08,17186.3,0.000241529,1.72524E-07
a_nx8_fs_27c_rb1p4k_st1,A,extraction,fs,hbt_typ,27,8,1,1p4k,1.4e3,2.52982E-07,3.162275e-08,17049.4,0.000231351,1.65253E-07
a_nx8_fs_27c_rb1p4k_st1,A,extraction,fs,hbt_typ,27,8,1,1p4k,1.4e3,3.37357E-07,4.216963e-08,,,
a_nx8_fs_27c_rb1p4k_st1,A,extraction,fs,hbt_typ,27,8,1,1p4k,1.4e3,4.49873E-07,5.623413e-08,,,
a_nx8_fs_27c_rb1p4k_st1,A,extraction,fs,hbt_typ,27,8,1,1p4k,1.4e3,5.99915E-07,7.498937e-08,,,
a_nx8_fs_27c_rb1p4k_st1,A,extraction,fs,hbt_typ,27,8,1,1p4k,1.4e3,8E-07,1.000000e-07,,,
a_nx8_fs_27c_rb1p4k_st1,A,extraction,fs,hbt_typ,27,8,1,1p4k,1.4e3,1.06682E-06,1.333525e-07,,,
a_nx8_fs_27c_rb1p4k_st1,A,extraction,fs,hbt_typ,27,8,1,1p4k,1.4e3,1.42262E-06,1.778275e-07,,,
a_nx8_fs_27c_rb1p4k_st1,A,extraction,fs,hbt_typ,27,8,1,1p4k,1.4e3,1.8971E-06,2.371375e-07,,,
a_nx8_fs_27c_rb1p4k_st1,A,extraction,fs,hbt_typ,27,8,1,1p4k,1.4e3,2.52982E-06,3.162275e-07,379.979,0.00353711,2.52944E-06
a_nx8_fs_27c_rb1p4k_st1,A,extraction,fs,hbt_typ,27,8,1,1p4k,1.4e3,3.37357E-06,4.216963e-07,381.056,0.00471701,3.37319E-06
a_nx8_fs_27c_rb1p4k_st1,A,extraction,fs,hbt_typ,27,8,1,1p4k,1.4e3,4.49873E-06,5.623413e-07,382.151,0.00629043,4.49835E-06
a_nx8_fs_27c_rb1p4k_st1,A,extraction,fs,hbt_typ,27,8,1,1p4k,1.4e3,5.99915E-06,7.498937e-07,383.256,0.00838863,5.99877E-06
a_nx8_fs_27c_rb1p4k_st1,A,extraction,fs,hbt_typ,27,8,1,1p4k,1.4e3,8E-06,1.000000e-06,384.374,0.0111866,7.99962E-06
a_nx8_fs_27c_rb1p4k_st1,A,extraction,fs,hbt_typ,27,8,1,1p4k,1.4e3,1.06682E-05,1.333525e-06,385.504,0.0149179,1.06678E-05
a_nx8_fs_27c_rb1p4k_st1,A,extraction,fs,hbt_typ,27,8,1,1p4k,1.4e3,1.42262E-05,1.778275e-06,386.653,0.0198935,1.42258E-05
a_nx8_fs_27c_rb1p4k_st1,A,extraction,fs,hbt_typ,27,8,1,1p4k,1.4e3,1.8971E-05,2.371375e-06,387.829,0.0265287,1.89706E-05
a_nx8_fs_27c_rb1p4k_st1,A,extraction,fs,hbt_typ,27,8,1,1p4k,1.4e3,2.52982E-05,3.162275e-06,389.048,0.0353769,2.52978E-05
a_nx8_fs_27c_rb1p4k_st1,A,extraction,fs,hbt_typ,27,8,1,1p4k,1.4e3,3.37357E-05,4.216963e-06,390.336,0.0471763,3.37353E-05
a_nx8_fs_27c_rb1p4k_st1,A,extraction,fs,hbt_typ,27,8,1,1p4k,1.4e3,4.49873E-05,5.623413e-06,391.735,0.0629111,4.49869E-05
a_nx8_fs_27c_rb1p4k_st1,A,extraction,fs,hbt_typ,27,8,1,1p4k,1.4e3,5.99915E-05,7.498938e-06,393.309,0.083894,5.99911E-05
a_nx8_fs_27c_rb1p4k_st1,A,extraction,fs,hbt_typ,27,8,1,1p4k,1.4e3,8E-05,1.000000e-05,395.122,0.111875,7.99996E-05
a_nx8_fs_27c_rb1p4k_st1,A,extraction,fs,hbt_typ,27,8,1,1p4k,1.4e3,0.000106682,1.333525e-05,396.979,0.14919,0.000106682
a_nx8_fs_27c_rb1p4k_st1,A,extraction,fs,hbt_typ,27,8,1,1p4k,1.4e3,0.000142262,1.778275e-05,395.502,0.198946,0.000142261
a_nx8_fs_27c_rb1p4k_st1,A,extraction,fs,hbt_typ,27,8,1,1p4k,1.4e3,0.00018971,2.371375e-05,,,
a_nx8_fs_27c_rb1p4k_st1,A,extraction,fs,hbt_typ,27,8,1,1p4k,1.4e3,0.000252982,3.162275e-05,,,
a_nx8_fs_27c_rb1p4k_st1,A,extraction,fs,hbt_typ,27,8,1,1p4k,1.4e3,0.000337357,4.216962e-05,,,
a_nx8_fs_27c_rb1p4k_st1,A,extraction,fs,hbt_typ,27,8,1,1p4k,1.4e3,0.000449873,5.623412e-05,,,
a_nx8_fs_27c_rb1p4k_st1,A,extraction,fs,hbt_typ,27,8,1,1p4k,1.4e3,0.000599915,7.498938e-05,9.87994,0.710919,0.000599915
a_nx8_fs_27c_rb1p4k_st1,A,extraction,fs,hbt_typ,27,8,1,1p4k,1.4e3,0.0008,1.000000e-04,6.67245,0.742506,0.0008
a_nx8_fs_27c_rb1p4k_st1,A,extraction,fs,hbt_typ,27,8,1,1p4k,1.4e3,0.00106682,1.333525e-04,5.4525,0.761025,0.00106682
a_nx8_fs_27c_rb1p4k_st1,A,extraction,fs,hbt_typ,27,8,1,1p4k,1.4e3,0.00142262,1.778275e-04,4.7535,0.775,0.00142262
a_nx8_fs_27c_rb1p4k_st1,A,extraction,fs,hbt_typ,27,8,1,1p4k,1.4e3,0.0018971,2.371375e-04,4.27703,0.786869,0.0018971
a_nx8_fs_27c_rb1p4k_st1,A,extraction,fs,hbt_typ,27,8,1,1p4k,1.4e3,0.00252982,3.162275e-04,3.92109,0.797685,0.00252982
a_nx8_fs_27c_rb1p4k_st1,A,extraction,fs,hbt_typ,27,8,1,1p4k,1.4e3,0.00337357,4.216963e-04,3.64067,0.808034,0.00337357
a_nx8_fs_27c_rb1p4k_st1,A,extraction,fs,hbt_typ,27,8,1,1p4k,1.4e3,0.00449873,5.623413e-04,3.41288,0.818314,0.00449873
a_nx8_fs_27c_rb1p4k_st1,A,extraction,fs,hbt_typ,27,8,1,1p4k,1.4e3,0.00599915,7.498937e-04,3.22512,0.828835,0.00599915
a_nx8_fs_27c_rb1p4k_st1,A,extraction,fs,hbt_typ,27,8,1,1p4k,1.4e3,0.008,1.000000e-03,3.07045,0.839866,0.008
a_nx8_fs_27c_rb1p4k_st1,A,extraction,fs,hbt_typ,27,8,1,1p4k,1.4e3,0.0106682,1.333525e-03,2.9454,0.851611,0.0106682
a_nx8_fs_27c_rb1p4k_st1,A,extraction,fs,hbt_typ,27,8,1,1p4k,1.4e3,0.0142262,1.778275e-03,2.84913,0.86419,0.0142262
a_nx8_fs_27c_rb1p4k_st1,A,extraction,fs,hbt_typ,27,8,1,1p4k,1.4e3,0.018971,2.371375e-03,2.78301,0.877528,0.018971
a_nx8_fs_27c_rb1p4k_st1,A,extraction,fs,hbt_typ,27,8,1,1p4k,1.4e3,0.0252982,3.162275e-03,2.75049,0.891165,0.0252982
a_nx1_fs_125c_rb14k_st1,A,extraction,fs,hbt_typ,125,1,1,14k,1.4e4,1E-10,1.000000e-10,4.1056,1.49782E-07,1.11477E-11
a_nx1_fs_125c_rb14k_st1,A,extraction,fs,hbt_typ,125,1,1,14k,1.4e4,1.33352E-10,1.333520e-10,12.9894,4.92125E-07,3.56159E-11
a_nx1_fs_125c_rb14k_st1,A,extraction,fs,hbt_typ,125,1,1,14k,1.4e4,1.77828E-10,1.778280e-10,23.7411,9.64008E-07,6.93397E-11
a_nx1_fs_125c_rb14k_st1,A,extraction,fs,hbt_typ,125,1,1,14k,1.4e4,2.37137E-10,2.371370e-10,37.3983,1.6028E-06,1.14991E-10
a_nx1_fs_125c_rb14k_st1,A,extraction,fs,hbt_typ,125,1,1,14k,1.4e4,3.16228E-10,3.162280e-10,54.8618,2.46515E-06,1.76619E-10
a_nx1_fs_125c_rb14k_st1,A,extraction,fs,hbt_typ,125,1,1,14k,1.4e4,4.21697E-10,4.216970e-10,77.0466,3.6305E-06,2.59903E-10
a_nx1_fs_125c_rb14k_st1,A,extraction,fs,hbt_typ,125,1,1,14k,1.4e4,5.62341E-10,5.623410e-10,104.766,5.21052E-06,3.72825E-10
a_nx1_fs_125c_rb14k_st1,A,extraction,fs,hbt_typ,125,1,1,14k,1.4e4,7.49894E-10,7.498940e-10,138.394,7.3641E-06,5.26747E-10
a_nx1_fs_125c_rb14k_st1,A,extraction,fs,hbt_typ,125,1,1,14k,1.4e4,1E-09,1.000000e-09,177.231,1.03198E-05,7.38014E-10
a_nx1_fs_125c_rb14k_st1,A,extraction,fs,hbt_typ,125,1,1,14k,1.4e4,1.33352E-09,1.333520e-09,218.754,1.44045E-05,1.03001E-09
a_nx1_fs_125c_rb14k_st1,A,extraction,fs,hbt_typ,125,1,1,14k,1.4e4,1.77828E-09,1.778280e-09,258.643,2.00674E-05,1.43486E-09
a_nx1_fs_125c_rb14k_st1,A,extraction,fs,hbt_typ,125,1,1,14k,1.4e4,2.37137E-09,2.371370e-09,292.639,2.78868E-05,1.99394E-09
a_nx1_fs_125c_rb14k_st1,A,extraction,fs,hbt_typ,125,1,1,14k,1.4e4,3.16228E-09,3.162280e-09,318.867,3.85809E-05,2.75861E-09
a_nx1_fs_125c_rb14k_st1,A,extraction,fs,hbt_typ,125,1,1,14k,1.4e4,4.21697E-09,4.216970e-09,337.941,5.30633E-05,3.79418E-09
a_nx1_fs_125c_rb14k_st1,A,extraction,fs,hbt_typ,125,1,1,14k,1.4e4,5.62341E-09,5.623410e-09,351.496,7.25416E-05,5.18703E-09
a_nx1_fs_125c_rb14k_st1,A,extraction,fs,hbt_typ,125,1,1,14k,1.4e4,7.49894E-09,7.498940e-09,361.108,9.86345E-05,7.05288E-09
a_nx1_fs_125c_rb14k_st1,A,extraction,fs,hbt_typ,125,1,1,14k,1.4e4,1E-08,1.000000e-08,367.967,0.000133513,9.547E-09
a_nx1_fs_125c_rb14k_st1,A,extraction,fs,hbt_typ,125,1,1,14k,1.4e4,1.33352E-08,1.333520e-08,372.906,0.000180083,1.28772E-08
a_nx1_fs_125c_rb14k_st1,A,extraction,fs,hbt_typ,125,1,1,14k,1.4e4,1.77828E-08,1.778280e-08,376.495,0.000242227,1.7321E-08
a_nx1_fs_125c_rb14k_st1,A,extraction,fs,hbt_typ,125,1,1,14k,1.4e4,2.37137E-08,2.371370e-08,379.126,0.000325126,2.32491E-08
a_nx1_fs_125c_rb14k_st1,A,extraction,fs,hbt_typ,125,1,1,14k,1.4e4,3.16228E-08,3.162280e-08,381.07,0.000435698,3.1156E-08
a_nx1_fs_125c_rb14k_st1,A,extraction,fs,hbt_typ,125,1,1,14k,1.4e4,4.21697E-08,4.216970e-08,382.521,0.000583163,4.17011E-08
a_nx1_fs_125c_rb14k_st1,A,extraction,fs,hbt_typ,125,1,1,14k,1.4e4,5.62341E-08,5.623410e-08,383.62,0.000779821,5.57639E-08
a_nx1_fs_125c_rb14k_st1,A,extraction,fs,hbt_typ,125,1,1,14k,1.4e4,7.49894E-08,7.498940e-08,384.472,0.00104208,7.45177E-08
a_nx1_fs_125c_rb14k_st1,A,extraction,fs,hbt_typ,125,1,1,14k,1.4e4,1E-07,1.000000e-07,385.161,0.00139181,9.95268E-08
a_nx1_fs_125c_rb14k_st1,A,extraction,fs,hbt_typ,125,1,1,14k,1.4e4,1.33352E-07,1.333520e-07,385.756,0.00185819,1.32877E-07
a_nx1_fs_125c_rb14k_st1,A,extraction,fs,hbt_typ,125,1,1,14k,1.4e4,1.77828E-07,1.778280e-07,386.321,0.00248013,1.77351E-07
a_nx1_fs_125c_rb14k_st1,A,extraction,fs,hbt_typ,125,1,1,14k,1.4e4,2.37137E-07,2.371370e-07,386.911,0.00330948,2.36657E-07
a_nx1_fs_125c_rb14k_st1,A,extraction,fs,hbt_typ,125,1,1,14k,1.4e4,3.16228E-07,3.162280e-07,387.573,0.00441547,3.15745E-07
a_nx1_fs_125c_rb14k_st1,A,extraction,fs,hbt_typ,125,1,1,14k,1.4e4,4.21697E-07,4.216970e-07,388.342,0.00589032,4.21209E-07
a_nx1_fs_125c_rb14k_st1,A,extraction,fs,hbt_typ,125,1,1,14k,1.4e4,5.62341E-07,5.623410e-07,389.237,0.00785706,5.61846E-07
a_nx1_fs_125c_rb14k_st1,A,extraction,fs,hbt_typ,125,1,1,14k,1.4e4,7.49894E-07,7.498940e-07,390.267,0.0104798,7.4939E-07
a_nx1_fs_125c_rb14k_st1,A,extraction,fs,hbt_typ,125,1,1,14k,1.4e4,1E-06,1.000000e-06,391.435,0.0139772,9.99483E-07
a_nx1_fs_125c_rb14k_st1,A,extraction,fs,hbt_typ,125,1,1,14k,1.4e4,1.33352E-06,1.333520e-06,392.745,0.0186411,1.33298E-06
a_nx1_fs_125c_rb14k_st1,A,extraction,fs,hbt_typ,125,1,1,14k,1.4e4,1.77828E-06,1.778280e-06,394.202,0.0248606,1.77772E-06
a_nx1_fs_125c_rb14k_st1,A,extraction,fs,hbt_typ,125,1,1,14k,1.4e4,2.37137E-06,2.371370e-06,395.817,0.0331542,2.37076E-06
a_nx1_fs_125c_rb14k_st1,A,extraction,fs,hbt_typ,125,1,1,14k,1.4e4,3.16228E-06,3.162280e-06,397.593,0.0442139,3.16159E-06
a_nx1_fs_125c_rb14k_st1,A,extraction,fs,hbt_typ,125,1,1,14k,1.4e4,4.21697E-06,4.216970e-06,399.488,0.0589617,4.21614E-06
a_nx1_fs_125c_rb14k_st1,A,extraction,fs,hbt_typ,125,1,1,14k,1.4e4,5.62341E-06,5.623410e-06,401.259,0.0786267,5.62227E-06
a_nx1_fs_125c_rb14k_st1,A,extraction,fs,hbt_typ,125,1,1,14k,1.4e4,7.49894E-06,7.498940e-06,401.676,0.104846,7.4971E-06
a_nx1_fs_125c_rb14k_st1,A,extraction,fs,hbt_typ,125,1,1,14k,1.4e4,1E-05,1.000000e-05,394.599,0.139796,9.99642E-06
a_nx1_fs_125c_rb14k_st1,A,extraction,fs,hbt_typ,125,1,1,14k,1.4e4,1.33352E-05,1.333520e-05,357.119,0.186373,1.33286E-05
a_nx1_fs_125c_rb14k_st1,A,extraction,fs,hbt_typ,125,1,1,14k,1.4e4,1.77828E-05,1.778280e-05,,,
a_nx1_fs_125c_rb14k_st1,A,extraction,fs,hbt_typ,125,1,1,14k,1.4e4,2.37137E-05,2.371370e-05,,,
a_nx1_fs_125c_rb14k_st1,A,extraction,fs,hbt_typ,125,1,1,14k,1.4e4,3.16228E-05,3.162280e-05,,,
a_nx1_fs_125c_rb14k_st1,A,extraction,fs,hbt_typ,125,1,1,14k,1.4e4,4.21697E-05,4.216970e-05,13.3989,0.547611,4.21695E-05
a_nx1_fs_125c_rb14k_st1,A,extraction,fs,hbt_typ,125,1,1,14k,1.4e4,5.62341E-05,5.623410e-05,7.13381,0.603671,5.6234E-05
a_nx1_fs_125c_rb14k_st1,A,extraction,fs,hbt_typ,125,1,1,14k,1.4e4,7.49894E-05,7.498940e-05,5.42013,0.633862,7.49893E-05
a_nx1_fs_125c_rb14k_st1,A,extraction,fs,hbt_typ,125,1,1,14k,1.4e4,0.0001,1.000000e-04,4.58519,0.655189,9.99999E-05
a_nx1_fs_125c_rb14k_st1,A,extraction,fs,hbt_typ,125,1,1,14k,1.4e4,0.000133352,1.333520e-04,4.06494,0.672537,0.000133352
a_nx1_fs_125c_rb14k_st1,A,extraction,fs,hbt_typ,125,1,1,14k,1.4e4,0.000177828,1.778280e-04,3.69782,0.687816,0.000177828
a_nx1_fs_125c_rb14k_st1,A,extraction,fs,hbt_typ,125,1,1,14k,1.4e4,0.000237137,2.371370e-04,3.41979,0.701978,0.000237137
a_nx1_fs_125c_rb14k_st1,A,extraction,fs,hbt_typ,125,1,1,14k,1.4e4,0.000316228,3.162280e-04,3.20027,0.715601,0.000316228
a_nx1_fs_125c_rb14k_st1,A,extraction,fs,hbt_typ,125,1,1,14k,1.4e4,0.000421697,4.216970e-04,3.02302,0.729094,0.000421697
a_nx1_fs_125c_rb14k_st1,A,extraction,fs,hbt_typ,125,1,1,14k,1.4e4,0.000562341,5.623410e-04,2.87893,0.742788,0.000562341
a_nx1_fs_125c_rb14k_st1,A,extraction,fs,hbt_typ,125,1,1,14k,1.4e4,0.000749894,7.498940e-04,2.76299,0.756981,0.000749893
a_nx1_fs_125c_rb14k_st1,A,extraction,fs,hbt_typ,125,1,1,14k,1.4e4,0.001,1.000000e-03,2.67292,0.771951,0.000999999
a_nx1_fs_125c_rb14k_st1,A,extraction,fs,hbt_typ,125,1,1,14k,1.4e4,0.00133352,1.333520e-03,2.60854,0.787947,0.00133352
a_nx1_fs_125c_rb14k_st1,A,extraction,fs,hbt_typ,125,1,1,14k,1.4e4,0.00177828,1.778280e-03,2.57157,0.805152,0.00177827
a_nx1_fs_125c_rb14k_st1,A,extraction,fs,hbt_typ,125,1,1,14k,1.4e4,0.00237137,2.371370e-03,2.5656,0.823595,0.00237135
a_nx1_fs_125c_rb14k_st1,A,extraction,fs,hbt_typ,125,1,1,14k,1.4e4,0.00316228,3.162280e-03,2.59524,0.843012,0.0031622
a_nx1_fs_125c_rb1p4k_st1,A,extraction,fs,hbt_typ,125,1,1,1p4k,1.4e3,1E-10,1.000000e-10,4.1056,1.49782E-08,1.11477E-11
a_nx1_fs_125c_rb1p4k_st1,A,extraction,fs,hbt_typ,125,1,1,1p4k,1.4e3,1.33352E-10,1.333520e-10,12.9894,4.92125E-08,3.56159E-11
a_nx1_fs_125c_rb1p4k_st1,A,extraction,fs,hbt_typ,125,1,1,1p4k,1.4e3,1.77828E-10,1.778280e-10,23.7412,9.64007E-08,6.93396E-11
a_nx1_fs_125c_rb1p4k_st1,A,extraction,fs,hbt_typ,125,1,1,1p4k,1.4e3,2.37137E-10,2.371370e-10,37.3987,1.60281E-07,1.14991E-10
a_nx1_fs_125c_rb1p4k_st1,A,extraction,fs,hbt_typ,125,1,1,1p4k,1.4e3,3.16228E-10,3.162280e-10,54.8625,2.46514E-07,1.76618E-10
a_nx1_fs_125c_rb1p4k_st1,A,extraction,fs,hbt_typ,125,1,1,1p4k,1.4e3,4.21697E-10,4.216970e-10,77.0481,3.63047E-07,2.599E-10
a_nx1_fs_125c_rb1p4k_st1,A,extraction,fs,hbt_typ,125,1,1,1p4k,1.4e3,5.62341E-10,5.623410e-10,104.77,5.21048E-07,3.72822E-10
a_nx1_fs_125c_rb1p4k_st1,A,extraction,fs,hbt_typ,125,1,1,1p4k,1.4e3,7.49894E-10,7.498940e-10,138.401,7.36401E-07,5.26741E-10
a_nx1_fs_125c_rb1p4k_st1,A,extraction,fs,hbt_typ,125,1,1,1p4k,1.4e3,1E-09,1.000000e-09,177.243,1.03196E-06,7.38002E-10
a_nx1_fs_125c_rb1p4k_st1,A,extraction,fs,hbt_typ,125,1,1,1p4k,1.4e3,1.33352E-09,1.333520e-09,218.775,1.44042E-06,1.02999E-09
a_nx1_fs_125c_rb1p4k_st1,A,extraction,fs,hbt_typ,125,1,1,1p4k,1.4e3,1.77828E-09,1.778280e-09,258.674,2.0067E-06,1.43483E-09
a_nx1_fs_125c_rb1p4k_st1,A,extraction,fs,hbt_typ,125,1,1,1p4k,1.4e3,2.37137E-09,2.371370e-09,292.68,2.78862E-06,1.9939E-09
a_nx1_fs_125c_rb1p4k_st1,A,extraction,fs,hbt_typ,125,1,1,1p4k,1.4e3,3.16228E-09,3.162280e-09,318.914,3.85803E-06,2.75856E-09
a_nx1_fs_125c_rb1p4k_st1,A,extraction,fs,hbt_typ,125,1,1,1p4k,1.4e3,4.21697E-09,4.216970e-09,337.992,5.30627E-06,3.79414E-09
a_nx1_fs_125c_rb1p4k_st1,A,extraction,fs,hbt_typ,125,1,1,1p4k,1.4e3,5.62341E-09,5.623410e-09,351.549,7.25409E-06,5.18698E-09
a_nx1_fs_125c_rb1p4k_st1,A,extraction,fs,hbt_typ,125,1,1,1p4k,1.4e3,7.49894E-09,7.498940e-09,361.16,9.86338E-06,7.05284E-09
a_nx1_fs_125c_rb1p4k_st1,A,extraction,fs,hbt_typ,125,1,1,1p4k,1.4e3,1E-08,1.000000e-08,368.017,1.33512E-05,9.54695E-09
a_nx1_fs_125c_rb1p4k_st1,A,extraction,fs,hbt_typ,125,1,1,1p4k,1.4e3,1.33352E-08,1.333520e-08,372.953,1.80082E-05,1.28771E-08
a_nx1_fs_125c_rb1p4k_st1,A,extraction,fs,hbt_typ,125,1,1,1p4k,1.4e3,1.77828E-08,1.778280e-08,376.538,2.42226E-05,1.7321E-08
a_nx1_fs_125c_rb1p4k_st1,A,extraction,fs,hbt_typ,125,1,1,1p4k,1.4e3,2.37137E-08,2.371370e-08,379.163,3.25126E-05,2.32491E-08
a_nx1_fs_125c_rb1p4k_st1,A,extraction,fs,hbt_typ,125,1,1,1p4k,1.4e3,3.16228E-08,3.162280e-08,381.1,4.35698E-05,3.11559E-08
a_nx1_fs_125c_rb1p4k_st1,A,extraction,fs,hbt_typ,125,1,1,1p4k,1.4e3,4.21697E-08,4.216970e-08,382.54,5.83163E-05,4.17011E-08
a_nx1_fs_125c_rb1p4k_st1,A,extraction,fs,hbt_typ,125,1,1,1p4k,1.4e3,5.62341E-08,5.623410e-08,383.626,7.79821E-05,5.57639E-08
a_nx1_fs_125c_rb1p4k_st1,A,extraction,fs,hbt_typ,125,1,1,1p4k,1.4e3,7.49894E-08,7.498940e-08,384.46,0.000104208,7.45177E-08
a_nx1_fs_125c_rb1p4k_st1,A,extraction,fs,hbt_typ,125,1,1,1p4k,1.4e3,1E-07,1.000000e-07,385.126,0.000139181,9.95268E-08
a_nx1_fs_125c_rb1p4k_st1,A,extraction,fs,hbt_typ,125,1,1,1p4k,1.4e3,1.33352E-07,1.333520e-07,385.693,0.000185819,1.32877E-07
a_nx1_fs_125c_rb1p4k_st1,A,extraction,fs,hbt_typ,125,1,1,1p4k,1.4e3,1.77828E-07,1.778280e-07,386.226,0.000248013,1.77351E-07
a_nx1_fs_125c_rb1p4k_st1,A,extraction,fs,hbt_typ,125,1,1,1p4k,1.4e3,2.37137E-07,2.371370e-07,386.779,0.000330948,2.36657E-07
a_nx1_fs_125c_rb1p4k_st1,A,extraction,fs,hbt_typ,125,1,1,1p4k,1.4e3,3.16228E-07,3.162280e-07,387.403,0.000441547,3.15745E-07
a_nx1_fs_125c_rb1p4k_st1,A,extraction,fs,hbt_typ,125,1,1,1p4k,1.4e3,4.21697E-07,4.216970e-07,388.13,0.000589032,4.21209E-07
a_nx1_fs_125c_rb1p4k_st1,A,extraction,fs,hbt_typ,125,1,1,1p4k,1.4e3,5.62341E-07,5.623410e-07,388.982,0.000785706,5.61846E-07
a_nx1_fs_125c_rb1p4k_st1,A,extraction,fs,hbt_typ,125,1,1,1p4k,1.4e3,7.49894E-07,7.498940e-07,389.965,0.00104798,7.4939E-07
a_nx1_fs_125c_rb1p4k_st1,A,extraction,fs,hbt_typ,125,1,1,1p4k,1.4e3,1E-06,1.000000e-06,391.082,0.00139772,9.99484E-07
a_nx1_fs_125c_rb1p4k_st1,A,extraction,fs,hbt_typ,125,1,1,1p4k,1.4e3,1.33352E-06,1.333520e-06,392.335,0.00186411,1.33298E-06
a_nx1_fs_125c_rb1p4k_st1,A,extraction,fs,hbt_typ,125,1,1,1p4k,1.4e3,1.77828E-06,1.778280e-06,393.735,0.00248605,1.77772E-06
a_nx1_fs_125c_rb1p4k_st1,A,extraction,fs,hbt_typ,125,1,1,1p4k,1.4e3,2.37137E-06,2.371370e-06,395.302,0.00331541,2.37076E-06
a_nx1_fs_125c_rb1p4k_st1,A,extraction,fs,hbt_typ,125,1,1,1p4k,1.4e3,3.16228E-06,3.162280e-06,397.074,0.00442138,3.16159E-06
a_nx1_fs_125c_rb1p4k_st1,A,extraction,fs,hbt_typ,125,1,1,1p4k,1.4e3,4.21697E-06,4.216970e-06,399.117,0.00589617,4.21614E-06
a_nx1_fs_125c_rb1p4k_st1,A,extraction,fs,hbt_typ,125,1,1,1p4k,1.4e3,5.62341E-06,5.623410e-06,401.544,0.00786267,5.62227E-06
a_nx1_fs_125c_rb1p4k_st1,A,extraction,fs,hbt_typ,125,1,1,1p4k,1.4e3,7.49894E-06,7.498940e-06,404.536,0.0104846,7.49707E-06
a_nx1_fs_125c_rb1p4k_st1,A,extraction,fs,hbt_typ,125,1,1,1p4k,1.4e3,1E-05,1.000000e-05,408.386,0.0139796,9.99602E-06
a_nx1_fs_125c_rb1p4k_st1,A,extraction,fs,hbt_typ,125,1,1,1p4k,1.4e3,1.33352E-05,1.333520e-05,413.51,0.0186334,1.33235E-05
a_nx1_fs_125c_rb1p4k_st1,A,extraction,fs,hbt_typ,125,1,1,1p4k,1.4e3,1.77828E-05,1.778280e-05,419.812,0.024803,1.77346E-05
a_nx1_fs_125c_rb1p4k_st1,A,extraction,fs,hbt_typ,125,1,1,1p4k,1.4e3,2.37137E-05,2.371370e-05,420.387,0.0328052,2.34563E-05
a_nx1_fs_125c_rb1p4k_st1,A,extraction,fs,hbt_typ,125,1,1,1p4k,1.4e3,3.16228E-05,3.162280e-05,,,
a_nx1_fs_125c_rb1p4k_st1,A,extraction,fs,hbt_typ,125,1,1,1p4k,1.4e3,4.21697E-05,4.216970e-05,,,
a_nx1_fs_125c_rb1p4k_st1,A,extraction,fs,hbt_typ,125,1,1,1p4k,1.4e3,5.62341E-05,5.623410e-05,,,
a_nx1_fs_125c_rb1p4k_st1,A,extraction,fs,hbt_typ,125,1,1,1p4k,1.4e3,7.49894E-05,7.498940e-05,,,
a_nx1_fs_125c_rb1p4k_st1,A,extraction,fs,hbt_typ,125,1,1,1p4k,1.4e3,0.0001,1.000000e-04,,,
a_nx1_fs_125c_rb1p4k_st1,A,extraction,fs,hbt_typ,125,1,1,1p4k,1.4e3,0.000133352,1.333520e-04,,,
a_nx1_fs_125c_rb1p4k_st1,A,extraction,fs,hbt_typ,125,1,1,1p4k,1.4e3,0.000177828,1.778280e-04,,,
a_nx1_fs_125c_rb1p4k_st1,A,extraction,fs,hbt_typ,125,1,1,1p4k,1.4e3,0.000237137,2.371370e-04,,,
a_nx1_fs_125c_rb1p4k_st1,A,extraction,fs,hbt_typ,125,1,1,1p4k,1.4e3,0.000316228,3.162280e-04,,,
a_nx1_fs_125c_rb1p4k_st1,A,extraction,fs,hbt_typ,125,1,1,1p4k,1.4e3,0.000421697,4.216970e-04,,,
a_nx1_fs_125c_rb1p4k_st1,A,extraction,fs,hbt_typ,125,1,1,1p4k,1.4e3,0.000562341,5.623410e-04,7.10057,0.609164,0.000562338
a_nx1_fs_125c_rb1p4k_st1,A,extraction,fs,hbt_typ,125,1,1,1p4k,1.4e3,0.000749894,7.498940e-04,5.44998,0.64676,0.000749891
a_nx1_fs_125c_rb1p4k_st1,A,extraction,fs,hbt_typ,125,1,1,1p4k,1.4e3,0.001,1.000000e-03,4.63658,0.673986,0.000999996
a_nx1_fs_125c_rb1p4k_st1,A,extraction,fs,hbt_typ,125,1,1,1p4k,1.4e3,0.00133352,1.333520e-03,4.1398,0.697393,0.00133351
a_nx1_fs_125c_rb1p4k_st1,A,extraction,fs,hbt_typ,125,1,1,1p4k,1.4e3,0.00177828,1.778280e-03,3.80354,0.719449,0.00177826
a_nx1_fs_125c_rb1p4k_st1,A,extraction,fs,hbt_typ,125,1,1,1p4k,1.4e3,0.00237137,2.371370e-03,3.5664,0.741216,0.0023713
a_nx1_fs_125c_rb1p4k_st1,A,extraction,fs,hbt_typ,125,1,1,1p4k,1.4e3,0.00316228,3.162280e-03,3.39761,0.763122,0.00316196
a_nx8_fs_125c_rb14k_st1,A,extraction,fs,hbt_typ,125,8,1,14k,1.4e4,8E-10,1.000000e-10,36.8692,5.39343E-06,3.8928E-10
a_nx8_fs_125c_rb14k_st1,A,extraction,fs,hbt_typ,125,8,1,14k,1.4e4,1.06682E-09,1.333525e-10,54.4329,8.87943E-06,6.38535E-10
a_nx8_fs_125c_rb14k_st1,A,extraction,fs,hbt_typ,125,8,1,14k,1.4e4,1.42262E-09,1.778275e-10,75.4341,1.35619E-05,9.7333E-10
a_nx8_fs_125c_rb14k_st1,A,extraction,fs,hbt_typ,125,8,1,14k,1.4e4,1.8971E-09,2.371375e-10,100.089,1.98531E-05,1.42315E-09
a_nx8_fs_125c_rb14k_st1,A,extraction,fs,hbt_typ,125,8,1,14k,1.4e4,2.52982E-09,3.162275e-10,128.178,2.83093E-05,2.02777E-09
a_nx8_fs_125c_rb14k_st1,A,extraction,fs,hbt_typ,125,8,1,14k,1.4e4,3.37357E-09,4.216962e-10,158.938,3.96797E-05,2.84077E-09
a_nx8_fs_125c_rb14k_st1,A,extraction,fs,hbt_typ,125,8,1,14k,1.4e4,4.49873E-09,5.623413e-10,191.048,5.49663E-05,3.9338E-09
a_nx8_fs_125c_rb14k_st1,A,extraction,fs,hbt_typ,125,8,1,14k,1.4e4,5.99915E-09,7.498938e-10,222.835,7.55045E-05,5.40237E-09
a_nx8_fs_125c_rb14k_st1,A,extraction,fs,hbt_typ,125,8,1,14k,1.4e4,8E-09,1.000000e-09,252.652,0.000103069,7.3734E-09
a_nx8_fs_125c_rb14k_st1,A,extraction,fs,hbt_typ,125,8,1,14k,1.4e4,1.06682E-08,1.333525e-09,279.245,0.00014001,1.00149E-08
a_nx8_fs_125c_rb14k_st1,A,extraction,fs,hbt_typ,125,8,1,14k,1.4e4,1.42262E-08,1.778275e-09,301.958,0.000189449,1.35502E-08
a_nx8_fs_125c_rb14k_st1,A,extraction,fs,hbt_typ,125,8,1,14k,1.4e4,1.8971E-08,2.371375e-09,320.698,0.000255539,1.82761E-08
a_nx8_fs_125c_rb14k_st1,A,extraction,fs,hbt_typ,125,8,1,14k,1.4e4,2.52982E-08,3.162275e-09,335.758,0.000343808,2.45881E-08
a_nx8_fs_125c_rb14k_st1,A,extraction,fs,hbt_typ,125,8,1,14k,1.4e4,3.37357E-08,4.216963e-09,347.631,0.000461631,3.30136E-08
a_nx8_fs_125c_rb14k_st1,A,extraction,fs,hbt_typ,125,8,1,14k,1.4e4,4.49873E-08,5.623413e-09,356.864,0.000618844,4.42557E-08
a_nx8_fs_125c_rb14k_st1,A,extraction,fs,hbt_typ,125,8,1,14k,1.4e4,5.99915E-08,7.498937e-09,363.977,0.000828561,5.92524E-08
a_nx8_fs_125c_rb14k_st1,A,extraction,fs,hbt_typ,125,8,1,14k,1.4e4,8E-08,1.000000e-08,369.421,0.00110828,7.92551E-08
a_nx8_fs_125c_rb14k_st1,A,extraction,fs,hbt_typ,125,8,1,14k,1.4e4,1.06682E-07,1.333525e-08,373.573,0.00148134,1.05932E-07
a_nx8_fs_125c_rb14k_st1,A,extraction,fs,hbt_typ,125,8,1,14k,1.4e4,1.42262E-07,1.778275e-08,376.737,0.00197885,1.41508E-07
a_nx8_fs_125c_rb14k_st1,A,extraction,fs,hbt_typ,125,8,1,14k,1.4e4,1.8971E-07,2.371375e-08,379.152,0.00264232,1.88953E-07
a_nx8_fs_125c_rb14k_st1,A,extraction,fs,hbt_typ,125,8,1,14k,1.4e4,2.52982E-07,3.162275e-08,381.008,0.00352708,2.52222E-07
a_nx8_fs_125c_rb14k_st1,A,extraction,fs,hbt_typ,125,8,1,14k,1.4e4,3.37357E-07,4.216963e-08,382.452,0.00470696,3.36593E-07
a_nx8_fs_125c_rb14k_st1,A,extraction,fs,hbt_typ,125,8,1,14k,1.4e4,4.49873E-07,5.623413e-08,383.603,0.00628036,4.49106E-07
a_nx8_fs_125c_rb14k_st1,A,extraction,fs,hbt_typ,125,8,1,14k,1.4e4,5.99915E-07,7.498937e-08,384.557,0.00837852,5.99143E-07
a_nx8_fs_125c_rb14k_st1,A,extraction,fs,hbt_typ,125,8,1,14k,1.4e4,8E-07,1.000000e-07,385.394,0.0111765,7.99223E-07
a_nx8_fs_125c_rb14k_st1,A,extraction,fs,hbt_typ,125,8,1,14k,1.4e4,1.06682E-06,1.333525e-07,386.181,0.0149077,1.06604E-06
a_nx8_fs_125c_rb14k_st1,A,extraction,fs,hbt_typ,125,8,1,14k,1.4e4,1.42262E-06,1.778275e-07,386.977,0.0198832,1.42183E-06
a_nx8_fs_125c_rb14k_st1,A,extraction,fs,hbt_typ,125,8,1,14k,1.4e4,1.8971E-06,2.371375e-07,387.83,0.0265183,1.89629E-06
a_nx8_fs_125c_rb14k_st1,A,extraction,fs,hbt_typ,125,8,1,14k,1.4e4,2.52982E-06,3.162275e-07,388.77,0.0353663,2.529E-06
a_nx8_fs_125c_rb14k_st1,A,extraction,fs,hbt_typ,125,8,1,14k,1.4e4,3.37357E-06,4.216963e-07,389.799,0.0471654,3.37272E-06
a_nx8_fs_125c_rb14k_st1,A,extraction,fs,hbt_typ,125,8,1,14k,1.4e4,4.49873E-06,5.623413e-07,390.856,0.0628998,4.49785E-06
a_nx8_fs_125c_rb14k_st1,A,extraction,fs,hbt_typ,125,8,1,14k,1.4e4,5.99915E-06,7.498937e-07,391.704,0.0838818,5.99822E-06
a_nx8_fs_125c_rb14k_st1,A,extraction,fs,hbt_typ,125,8,1,14k,1.4e4,8E-06,1.000000e-06,391.462,0.111862,7.99901E-06
a_nx8_fs_125c_rb14k_st1,A,extraction,fs,hbt_typ,125,8,1,14k,1.4e4,1.06682E-05,1.333525e-06,386.527,0.149171,1.06671E-05
a_nx8_fs_125c_rb14k_st1,A,extraction,fs,hbt_typ,125,8,1,14k,1.4e4,1.42262E-05,1.778275e-06,361,0.198909,1.4225E-05
a_nx8_fs_125c_rb14k_st1,A,extraction,fs,hbt_typ,125,8,1,14k,1.4e4,1.8971E-05,2.371375e-06,265.363,0.265135,1.89699E-05
a_nx8_fs_125c_rb14k_st1,A,extraction,fs,hbt_typ,125,8,1,14k,1.4e4,2.52982E-05,3.162275e-06,99.6386,0.352445,2.52976E-05
a_nx8_fs_125c_rb14k_st1,A,extraction,fs,hbt_typ,125,8,1,14k,1.4e4,3.37357E-05,4.216963e-06,19.4563,0.453552,3.37353E-05
a_nx8_fs_125c_rb14k_st1,A,extraction,fs,hbt_typ,125,8,1,14k,1.4e4,4.49873E-05,5.623413e-06,8.20056,0.519178,4.49869E-05
a_nx8_fs_125c_rb14k_st1,A,extraction,fs,hbt_typ,125,8,1,14k,1.4e4,5.99915E-05,7.498938e-06,5.80747,0.553556,5.99911E-05
a_nx8_fs_125c_rb14k_st1,A,extraction,fs,hbt_typ,125,8,1,14k,1.4e4,8E-05,1.000000e-05,4.77575,0.576589,7.99996E-05
a_nx8_fs_125c_rb14k_st1,A,extraction,fs,hbt_typ,125,8,1,14k,1.4e4,0.000106682,1.333525e-05,4.16899,0.594637,0.000106682
a_nx8_fs_125c_rb14k_st1,A,extraction,fs,hbt_typ,125,8,1,14k,1.4e4,0.000142262,1.778275e-05,3.7533,0.610032,0.000142262
a_nx8_fs_125c_rb14k_st1,A,extraction,fs,hbt_typ,125,8,1,14k,1.4e4,0.00018971,2.371375e-05,3.44257,0.623848,0.00018971
a_nx8_fs_125c_rb14k_st1,A,extraction,fs,hbt_typ,125,8,1,14k,1.4e4,0.000252982,3.162275e-05,3.19732,0.636658,0.000252982
a_nx8_fs_125c_rb14k_st1,A,extraction,fs,hbt_typ,125,8,1,14k,1.4e4,0.000337357,4.216962e-05,2.99666,0.648806,0.000337357
a_nx8_fs_125c_rb14k_st1,A,extraction,fs,hbt_typ,125,8,1,14k,1.4e4,0.000449873,5.623412e-05,2.82844,0.660515,0.000449873
a_nx8_fs_125c_rb14k_st1,A,extraction,fs,hbt_typ,125,8,1,14k,1.4e4,0.000599915,7.498938e-05,2.68513,0.671944,0.000599915
a_nx8_fs_125c_rb14k_st1,A,extraction,fs,hbt_typ,125,8,1,14k,1.4e4,0.0008,1.000000e-04,2.56182,0.683214,0.000799999
a_nx8_fs_125c_rb14k_st1,A,extraction,fs,hbt_typ,125,8,1,14k,1.4e4,0.00106682,1.333525e-04,2.45525,0.694432,0.00106682
a_nx8_fs_125c_rb14k_st1,A,extraction,fs,hbt_typ,125,8,1,14k,1.4e4,0.00142262,1.778275e-04,2.36331,0.705692,0.00142262
a_nx8_fs_125c_rb14k_st1,A,extraction,fs,hbt_typ,125,8,1,14k,1.4e4,0.0018971,2.371375e-04,2.28471,0.717096,0.0018971
a_nx8_fs_125c_rb14k_st1,A,extraction,fs,hbt_typ,125,8,1,14k,1.4e4,0.00252982,3.162275e-04,2.21885,0.728749,0.00252982
a_nx8_fs_125c_rb14k_st1,A,extraction,fs,hbt_typ,125,8,1,14k,1.4e4,0.00337357,4.216963e-04,2.16581,0.740772,0.00337357
a_nx8_fs_125c_rb14k_st1,A,extraction,fs,hbt_typ,125,8,1,14k,1.4e4,0.00449873,5.623413e-04,2.12633,0.753293,0.00449873
a_nx8_fs_125c_rb14k_st1,A,extraction,fs,hbt_typ,125,8,1,14k,1.4e4,0.00599915,7.498937e-04,2.10193,0.766446,0.00599915
a_nx8_fs_125c_rb14k_st1,A,extraction,fs,hbt_typ,125,8,1,14k,1.4e4,0.008,1.000000e-03,2.095,0.780348,0.008
a_nx8_fs_125c_rb14k_st1,A,extraction,fs,hbt_typ,125,8,1,14k,1.4e4,0.0106682,1.333525e-03,2.10897,0.795056,0.0106682
a_nx8_fs_125c_rb14k_st1,A,extraction,fs,hbt_typ,125,8,1,14k,1.4e4,0.0142262,1.778275e-03,2.14825,0.81049,0.0142262
a_nx8_fs_125c_rb14k_st1,A,extraction,fs,hbt_typ,125,8,1,14k,1.4e4,0.018971,2.371375e-03,2.21779,0.826303,0.0189709
a_nx8_fs_125c_rb14k_st1,A,extraction,fs,hbt_typ,125,8,1,14k,1.4e4,0.0252982,3.162275e-03,2.32007,0.84174,0.0252976
a_nx8_fs_125c_rb1p4k_st1,A,extraction,fs,hbt_typ,125,8,1,1p4k,1.4e3,8E-10,1.000000e-10,36.8716,5.3934E-07,3.89278E-10
a_nx8_fs_125c_rb1p4k_st1,A,extraction,fs,hbt_typ,125,8,1,1p4k,1.4e3,1.06682E-09,1.333525e-10,54.439,8.87936E-07,6.38528E-10
a_nx8_fs_125c_rb1p4k_st1,A,extraction,fs,hbt_typ,125,8,1,1p4k,1.4e3,1.42262E-09,1.778275e-10,75.4473,1.35617E-06,9.73317E-10
a_nx8_fs_125c_rb1p4k_st1,A,extraction,fs,hbt_typ,125,8,1,1p4k,1.4e3,1.8971E-09,2.371375e-10,100.114,1.98528E-06,1.42313E-09
a_nx8_fs_125c_rb1p4k_st1,A,extraction,fs,hbt_typ,125,8,1,1p4k,1.4e3,2.52982E-09,3.162275e-10,128.223,2.83087E-06,2.02773E-09
a_nx8_fs_125c_rb1p4k_st1,A,extraction,fs,hbt_typ,125,8,1,1p4k,1.4e3,3.37357E-09,4.216962e-10,159.01,3.96785E-06,2.84068E-09
a_nx8_fs_125c_rb1p4k_st1,A,extraction,fs,hbt_typ,125,8,1,1p4k,1.4e3,4.49873E-09,5.623413e-10,191.158,5.49647E-06,3.93368E-09
a_nx8_fs_125c_rb1p4k_st1,A,extraction,fs,hbt_typ,125,8,1,1p4k,1.4e3,5.99915E-09,7.498938e-10,222.991,7.55028E-06,5.40224E-09
a_nx8_fs_125c_rb1p4k_st1,A,extraction,fs,hbt_typ,125,8,1,1p4k,1.4e3,8E-09,1.000000e-09,252.855,1.03066E-05,7.3732E-09
a_nx8_fs_125c_rb1p4k_st1,A,extraction,fs,hbt_typ,125,8,1,1p4k,1.4e3,1.06682E-08,1.333525e-09,279.495,1.40007E-05,1.00147E-08
a_nx8_fs_125c_rb1p4k_st1,A,extraction,fs,hbt_typ,125,8,1,1p4k,1.4e3,1.42262E-08,1.778275e-09,302.251,1.89445E-05,1.35499E-08
a_nx8_fs_125c_rb1p4k_st1,A,extraction,fs,hbt_typ,125,8,1,1p4k,1.4e3,1.8971E-08,2.371375e-09,321.026,2.55534E-05,1.82758E-08
a_nx8_fs_125c_rb1p4k_st1,A,extraction,fs,hbt_typ,125,8,1,1p4k,1.4e3,2.52982E-08,3.162275e-09,336.113,3.43803E-05,2.45878E-08
a_nx8_fs_125c_rb1p4k_st1,A,extraction,fs,hbt_typ,125,8,1,1p4k,1.4e3,3.37357E-08,4.216963e-09,348.005,4.61626E-05,3.30132E-08
a_nx8_fs_125c_rb1p4k_st1,A,extraction,fs,hbt_typ,125,8,1,1p4k,1.4e3,4.49873E-08,5.623413e-09,357.248,6.18839E-05,4.42553E-08
a_nx8_fs_125c_rb1p4k_st1,A,extraction,fs,hbt_typ,125,8,1,1p4k,1.4e3,5.99915E-08,7.498937e-09,364.362,8.28557E-05,5.9252E-08
a_nx8_fs_125c_rb1p4k_st1,A,extraction,fs,hbt_typ,125,8,1,1p4k,1.4e3,8E-08,1.000000e-08,369.8,0.000110828,7.92547E-08
a_nx8_fs_125c_rb1p4k_st1,A,extraction,fs,hbt_typ,125,8,1,1p4k,1.4e3,1.06682E-07,1.333525e-08,373.938,0.000148134,1.05932E-07
a_nx8_fs_125c_rb1p4k_st1,A,extraction,fs,hbt_typ,125,8,1,1p4k,1.4e3,1.42262E-07,1.778275e-08,377.076,0.000197884,1.41508E-07
a_nx8_fs_125c_rb1p4k_st1,A,extraction,fs,hbt_typ,125,8,1,1p4k,1.4e3,1.8971E-07,2.371375e-08,379.454,0.000264232,1.88953E-07
a_nx8_fs_125c_rb1p4k_st1,A,extraction,fs,hbt_typ,125,8,1,1p4k,1.4e3,2.52982E-07,3.162275e-08,381.257,0.000352708,2.52221E-07
a_nx8_fs_125c_rb1p4k_st1,A,extraction,fs,hbt_typ,125,8,1,1p4k,1.4e3,3.37357E-07,4.216963e-08,382.629,0.000470696,3.36593E-07
a_nx8_fs_125c_rb1p4k_st1,A,extraction,fs,hbt_typ,125,8,1,1p4k,1.4e3,4.49873E-07,5.623413e-08,383.686,0.000628036,4.49105E-07
a_nx8_fs_125c_rb1p4k_st1,A,extraction,fs,hbt_typ,125,8,1,1p4k,1.4e3,5.99915E-07,7.498937e-08,384.517,0.000837852,5.99143E-07
a_nx8_fs_125c_rb1p4k_st1,A,extraction,fs,hbt_typ,125,8,1,1p4k,1.4e3,8E-07,1.000000e-07,385.198,0.00111765,7.99223E-07
a_nx8_fs_125c_rb1p4k_st1,A,extraction,fs,hbt_typ,125,8,1,1p4k,1.4e3,1.06682E-06,1.333525e-07,385.796,0.00149077,1.06604E-06
a_nx8_fs_125c_rb1p4k_st1,A,extraction,fs,hbt_typ,125,8,1,1p4k,1.4e3,1.42262E-06,1.778275e-07,386.372,0.00198832,1.42183E-06
a_nx8_fs_125c_rb1p4k_st1,A,extraction,fs,hbt_typ,125,8,1,1p4k,1.4e3,1.8971E-06,2.371375e-07,386.981,0.00265183,1.89629E-06
a_nx8_fs_125c_rb1p4k_st1,A,extraction,fs,hbt_typ,125,8,1,1p4k,1.4e3,2.52982E-06,3.162275e-07,387.668,0.00353662,2.529E-06
a_nx8_fs_125c_rb1p4k_st1,A,extraction,fs,hbt_typ,125,8,1,1p4k,1.4e3,3.37357E-06,4.216963e-07,388.465,0.00471652,3.37272E-06
a_nx8_fs_125c_rb1p4k_st1,A,extraction,fs,hbt_typ,125,8,1,1p4k,1.4e3,4.49873E-06,5.623413e-07,389.392,0.00628995,4.49785E-06
a_nx8_fs_125c_rb1p4k_st1,A,extraction,fs,hbt_typ,125,8,1,1p4k,1.4e3,5.99915E-06,7.498937e-07,390.458,0.00838815,5.99822E-06
a_nx8_fs_125c_rb1p4k_st1,A,extraction,fs,hbt_typ,125,8,1,1p4k,1.4e3,8E-06,1.000000e-06,391.667,0.0111862,7.99901E-06
a_nx8_fs_125c_rb1p4k_st1,A,extraction,fs,hbt_typ,125,8,1,1p4k,1.4e3,1.06682E-05,1.333525e-06,393.028,0.0149174,1.06671E-05
a_nx8_fs_125c_rb1p4k_st1,A,extraction,fs,hbt_typ,125,8,1,1p4k,1.4e3,1.42262E-05,1.778275e-06,394.554,0.0198929,1.42249E-05
a_nx8_fs_125c_rb1p4k_st1,A,extraction,fs,hbt_typ,125,8,1,1p4k,1.4e3,1.8971E-05,2.371375e-06,396.267,0.0265281,1.89694E-05
a_nx8_fs_125c_rb1p4k_st1,A,extraction,fs,hbt_typ,125,8,1,1p4k,1.4e3,2.52982E-05,3.162275e-06,398.189,0.0353759,2.52961E-05
a_nx8_fs_125c_rb1p4k_st1,A,extraction,fs,hbt_typ,125,8,1,1p4k,1.4e3,3.37357E-05,4.216963e-06,400.316,0.0471744,3.37326E-05
a_nx8_fs_125c_rb1p4k_st1,A,extraction,fs,hbt_typ,125,8,1,1p4k,1.4e3,4.49873E-05,5.623413e-06,402.473,0.0629066,4.49818E-05
a_nx8_fs_125c_rb1p4k_st1,A,extraction,fs,hbt_typ,125,8,1,1p4k,1.4e3,5.99915E-05,7.498938e-06,403.625,0.0838812,5.99796E-05
a_nx8_fs_125c_rb1p4k_st1,A,extraction,fs,hbt_typ,125,8,1,1p4k,1.4e3,8E-05,1.000000e-05,398.418,0.111836,7.99695E-05
a_nx8_fs_125c_rb1p4k_st1,A,extraction,fs,hbt_typ,125,8,1,1p4k,1.4e3,0.000106682,1.333525e-05,367.609,0.149077,0.000106609
a_nx8_fs_125c_rb1p4k_st1,A,extraction,fs,hbt_typ,125,8,1,1p4k,1.4e3,0.000142262,1.778275e-05,,,
a_nx8_fs_125c_rb1p4k_st1,A,extraction,fs,hbt_typ,125,8,1,1p4k,1.4e3,0.00018971,2.371375e-05,,,
a_nx8_fs_125c_rb1p4k_st1,A,extraction,fs,hbt_typ,125,8,1,1p4k,1.4e3,0.000252982,3.162275e-05,,,
a_nx8_fs_125c_rb1p4k_st1,A,extraction,fs,hbt_typ,125,8,1,1p4k,1.4e3,0.000337357,4.216962e-05,,,
a_nx8_fs_125c_rb1p4k_st1,A,extraction,fs,hbt_typ,125,8,1,1p4k,1.4e3,0.000449873,5.623412e-05,11.0479,0.566006,0.000449872
a_nx8_fs_125c_rb1p4k_st1,A,extraction,fs,hbt_typ,125,8,1,1p4k,1.4e3,0.000599915,7.498938e-05,6.63939,0.614853,0.000599914
a_nx8_fs_125c_rb1p4k_st1,A,extraction,fs,hbt_typ,125,8,1,1p4k,1.4e3,0.0008,1.000000e-04,5.20673,0.642712,0.000799999
a_nx8_fs_125c_rb1p4k_st1,A,extraction,fs,hbt_typ,125,8,1,1p4k,1.4e3,0.00106682,1.333525e-04,4.45973,0.66298,0.00106682
a_nx8_fs_125c_rb1p4k_st1,A,extraction,fs,hbt_typ,125,8,1,1p4k,1.4e3,0.00142262,1.778275e-04,3.97908,0.679708,0.00142262
a_nx8_fs_125c_rb1p4k_st1,A,extraction,fs,hbt_typ,125,8,1,1p4k,1.4e3,0.0018971,2.371375e-04,3.63391,0.694565,0.0018971
a_nx8_fs_125c_rb1p4k_st1,A,extraction,fs,hbt_typ,125,8,1,1p4k,1.4e3,0.00252982,3.162275e-04,3.36999,0.708416,0.00252982
a_nx8_fs_125c_rb1p4k_st1,A,extraction,fs,hbt_typ,125,8,1,1p4k,1.4e3,0.00337357,4.216963e-04,3.16075,0.721795,0.00337357
a_nx8_fs_125c_rb1p4k_st1,A,extraction,fs,hbt_typ,125,8,1,1p4k,1.4e3,0.00449873,5.623413e-04,2.992,0.735086,0.00449873
a_nx8_fs_125c_rb1p4k_st1,A,extraction,fs,hbt_typ,125,8,1,1p4k,1.4e3,0.00599915,7.498937e-04,2.8559,0.748589,0.00599915
a_nx8_fs_125c_rb1p4k_st1,A,extraction,fs,hbt_typ,125,8,1,1p4k,1.4e3,0.008,1.000000e-03,2.7484,0.762553,0.00799999
a_nx8_fs_125c_rb1p4k_st1,A,extraction,fs,hbt_typ,125,8,1,1p4k,1.4e3,0.0106682,1.333525e-03,2.66814,0.777156,0.0106682
a_nx8_fs_125c_rb1p4k_st1,A,extraction,fs,hbt_typ,125,8,1,1p4k,1.4e3,0.0142262,1.778275e-03,2.61583,0.792465,0.0142261
a_nx8_fs_125c_rb1p4k_st1,A,extraction,fs,hbt_typ,125,8,1,1p4k,1.4e3,0.018971,2.371375e-03,2.59368,0.808336,0.0189708
a_nx8_fs_125c_rb1p4k_st1,A,extraction,fs,hbt_typ,125,8,1,1p4k,1.4e3,0.0252982,3.162275e-03,2.60201,0.824338,0.025297
a_nx1_typ_27c_rb140_st1,A,probe,typ,hbt_typ,27,1,1,140,1.4e2,1E-10,1.000000e-10,33.3266,9.33403E-09,6.66716E-11
a_nx1_typ_27c_rb140_st1,A,probe,typ,hbt_typ,27,1,1,140,1.4e2,1.33352E-10,1.333520e-10,44.4419,1.24472E-08,8.89085E-11
a_nx1_typ_27c_rb140_st1,A,probe,typ,hbt_typ,27,1,1,140,1.4e2,1.77828E-10,1.778280e-10,59.2639,1.65986E-08,1.18561E-10
a_nx1_typ_27c_rb140_st1,A,probe,typ,hbt_typ,27,1,1,140,1.4e2,2.37137E-10,2.371370e-10,79.0299,2.21348E-08,1.58105E-10
a_nx1_typ_27c_rb140_st1,A,probe,typ,hbt_typ,27,1,1,140,1.4e2,3.16228E-10,3.162280e-10,105.388,2.95173E-08,2.10838E-10
a_nx1_typ_27c_rb140_st1,A,probe,typ,hbt_typ,27,1,1,140,1.4e2,4.21697E-10,4.216970e-10,140.536,3.9362E-08,2.81157E-10
a_nx1_typ_27c_rb140_st1,A,probe,typ,hbt_typ,27,1,1,140,1.4e2,5.62341E-10,5.623410e-10,187.407,5.24904E-08,3.74931E-10
a_nx1_typ_27c_rb140_st1,A,probe,typ,hbt_typ,27,1,1,140,1.4e2,7.49894E-10,7.498940e-10,249.908,6.99976E-08,4.99983E-10
a_nx1_typ_27c_rb140_st1,A,probe,typ,hbt_typ,27,1,1,140,1.4e2,1E-09,1.000000e-09,333.226,9.3348E-08,6.66772E-10
a_nx1_typ_27c_rb140_st1,A,probe,typ,hbt_typ,27,1,1,140,1.4e2,1.33352E-09,1.333520e-09,406.689,1.29738E-07,9.26825E-10
a_nx1_typ_27c_rb140_st1,A,probe,typ,hbt_typ,27,1,1,140,1.4e2,1.77828E-09,1.778280e-09,541.534,1.73128E-07,1.23675E-09
a_nx1_typ_27c_rb140_st1,A,probe,typ,hbt_typ,27,1,1,140,1.4e2,2.37137E-09,2.371370e-09,721.115,2.31019E-07,1.65026E-09
a_nx1_typ_27c_rb140_st1,A,probe,typ,hbt_typ,27,1,1,140,1.4e2,3.16228E-09,3.162280e-09,960.182,3.08275E-07,2.20209E-09
a_nx1_typ_27c_rb140_st1,A,probe,typ,hbt_typ,27,1,1,140,1.4e2,4.21697E-09,4.216970e-09,1278.26,4.11401E-07,2.9387E-09
a_nx1_typ_27c_rb140_st1,A,probe,typ,hbt_typ,27,1,1,140,1.4e2,5.62341E-09,5.623410e-09,1701.1,5.49104E-07,3.9223E-09
a_nx1_typ_27c_rb140_st1,A,probe,typ,hbt_typ,27,1,1,140,1.4e2,7.49894E-09,7.498940e-09,2262.53,7.33073E-07,5.23637E-09
a_nx1_typ_27c_rb140_st1,A,probe,typ,hbt_typ,27,1,1,140,1.4e2,1E-08,1.000000e-08,3006.62,9.7905E-07,6.99335E-09
a_nx1_typ_27c_rb140_st1,A,probe,typ,hbt_typ,27,1,1,140,1.4e2,1.33352E-08,1.333520e-08,3989.91,1.30831E-06,9.34524E-09
a_nx1_typ_27c_rb140_st1,A,probe,typ,hbt_typ,27,1,1,140,1.4e2,1.77828E-08,1.778280e-08,5283.12,1.74993E-06,1.24996E-08
a_nx1_typ_27c_rb140_st1,A,probe,typ,hbt_typ,27,1,1,140,1.4e2,2.37137E-08,2.371370e-08,6969.08,2.34422E-06,1.67446E-08
a_nx1_typ_27c_rb140_st1,A,probe,typ,hbt_typ,27,1,1,140,1.4e2,3.16228E-08,3.162280e-08,9127.39,3.14935E-06,2.24955E-08
a_nx1_typ_27c_rb140_st1,A,probe,typ,hbt_typ,27,1,1,140,1.4e2,4.21697E-08,4.216970e-08,11760.9,4.25716E-06,3.04086E-08
a_nx1_typ_27c_rb140_st1,A,probe,typ,hbt_typ,27,1,1,140,1.4e2,5.62341E-08,5.623410e-08,14382.2,5.85923E-06,4.1852E-08
a_nx1_typ_27c_rb140_st1,A,probe,typ,hbt_typ,27,1,1,140,1.4e2,7.49894E-08,7.498940e-08,13282.5,8.63883E-06,6.17071E-08
a_nx1_typ_27c_rb140_st1,A,probe,typ,hbt_typ,27,1,1,140,1.4e2,1E-07,1.000000e-07,10798,6.10617E-06,4.3616E-08
a_nx1_typ_27c_rb140_st1,A,probe,typ,hbt_typ,27,1,1,140,1.4e2,1.33352E-07,1.333520e-07,,,
a_nx1_typ_27c_rb140_st1,A,probe,typ,hbt_typ,27,1,1,140,1.4e2,1.77828E-07,1.778280e-07,,,
a_nx1_typ_27c_rb140_st1,A,probe,typ,hbt_typ,27,1,1,140,1.4e2,2.37137E-07,2.371370e-07,474.391,3.31024E-05,2.36663E-07
a_nx1_typ_27c_rb140_st1,A,probe,typ,hbt_typ,27,1,1,140,1.4e2,3.16228E-07,3.162280e-07,,,
a_nx1_typ_27c_rb140_st1,A,probe,typ,hbt_typ,27,1,1,140,1.4e2,4.21697E-07,4.216970e-07,,,
a_nx1_typ_27c_rb140_st1,A,probe,typ,hbt_typ,27,1,1,140,1.4e2,5.62341E-07,5.623410e-07,381.911,7.85836E-05,5.61959E-07
a_nx1_typ_27c_rb140_st1,A,probe,typ,hbt_typ,27,1,1,140,1.4e2,7.49894E-07,7.498940e-07,383.004,0.000104811,7.49511E-07
a_nx1_typ_27c_rb140_st1,A,probe,typ,hbt_typ,27,1,1,140,1.4e2,1E-06,1.000000e-06,384.104,0.000139786,9.99616E-07
a_nx1_typ_27c_rb140_st1,A,probe,typ,hbt_typ,27,1,1,140,1.4e2,1.33352E-06,1.333520e-06,385.211,0.000186426,1.33313E-06
a_nx1_typ_27c_rb140_st1,A,probe,typ,hbt_typ,27,1,1,140,1.4e2,1.77828E-06,1.778280e-06,386.326,0.000248622,1.77789E-06
a_nx1_typ_27c_rb140_st1,A,probe,typ,hbt_typ,27,1,1,140,1.4e2,2.37137E-06,2.371370e-06,387.454,0.000331561,2.37098E-06
a_nx1_typ_27c_rb140_st1,A,probe,typ,hbt_typ,27,1,1,140,1.4e2,3.16228E-06,3.162280e-06,388.604,0.000442164,3.16189E-06
a_nx1_typ_27c_rb140_st1,A,probe,typ,hbt_typ,27,1,1,140,1.4e2,4.21697E-06,4.216970e-06,389.791,0.000589656,4.21658E-06
a_nx1_typ_27c_rb140_st1,A,probe,typ,hbt_typ,27,1,1,140,1.4e2,5.62341E-06,5.623410e-06,391.045,0.000786339,5.62302E-06
a_nx1_typ_27c_rb140_st1,A,probe,typ,hbt_typ,27,1,1,140,1.4e2,7.49894E-06,7.498940e-06,392.419,0.00104862,7.49855E-06
a_nx1_typ_27c_rb140_st1,A,probe,typ,hbt_typ,27,1,1,140,1.4e2,1E-05,1.000000e-05,394.012,0.00139839,9.99961E-06
a_nx1_typ_27c_rb140_st1,A,probe,typ,hbt_typ,27,1,1,140,1.4e2,1.33352E-05,1.333520e-05,396.014,0.00186481,1.33348E-05
a_nx1_typ_27c_rb140_st1,A,probe,typ,hbt_typ,27,1,1,140,1.4e2,1.77828E-05,1.778280e-05,398.813,0.00248681,1.77824E-05
a_nx1_typ_27c_rb140_st1,A,probe,typ,hbt_typ,27,1,1,140,1.4e2,2.37137E-05,2.371370e-05,403.283,0.00331625,2.37131E-05
a_nx1_typ_27c_rb140_st1,A,probe,typ,hbt_typ,27,1,1,140,1.4e2,3.16228E-05,3.162280e-05,411.767,0.00442184,3.16178E-05
a_nx1_typ_27c_rb140_st1,A,probe,typ,hbt_typ,27,1,1,140,1.4e2,4.21697E-05,4.216970e-05,430.283,0.00587099,4.19776E-05
a_nx1_typ_27c_rb140_st1,A,probe,typ,hbt_typ,27,1,1,140,1.4e2,5.62341E-05,5.623410e-05,,,
a_nx1_typ_27c_rb140_st1,A,probe,typ,hbt_typ,27,1,1,140,1.4e2,7.49894E-05,7.498940e-05,,,
a_nx1_typ_27c_rb140_st1,A,probe,typ,hbt_typ,27,1,1,140,1.4e2,0.0001,1.000000e-04,,,
a_nx1_typ_27c_rb140_st1,A,probe,typ,hbt_typ,27,1,1,140,1.4e2,0.000133352,1.333520e-04,,,
a_nx1_typ_27c_rb140_st1,A,probe,typ,hbt_typ,27,1,1,140,1.4e2,0.000177828,1.778280e-04,,,
a_nx1_typ_27c_rb140_st1,A,probe,typ,hbt_typ,27,1,1,140,1.4e2,0.000237137,2.371370e-04,,,
a_nx1_typ_27c_rb140_st1,A,probe,typ,hbt_typ,27,1,1,140,1.4e2,0.000316228,3.162280e-04,,,
a_nx1_typ_27c_rb140_st1,A,probe,typ,hbt_typ,27,1,1,140,1.4e2,0.000421697,4.216970e-04,,,
a_nx1_typ_27c_rb140_st1,A,probe,typ,hbt_typ,27,1,1,140,1.4e2,0.000562341,5.623410e-04,,,
a_nx1_typ_27c_rb140_st1,A,probe,typ,hbt_typ,27,1,1,140,1.4e2,0.000749894,7.498940e-04,,,
a_nx1_typ_27c_rb140_st1,A,probe,typ,hbt_typ,27,1,1,140,1.4e2,0.001,1.000000e-03,,,
a_nx1_typ_27c_rb140_st1,A,probe,typ,hbt_typ,27,1,1,140,1.4e2,0.00133352,1.333520e-03,,,
a_nx1_typ_27c_rb140_st1,A,probe,typ,hbt_typ,27,1,1,140,1.4e2,0.00177828,1.778280e-03,,,
a_nx1_typ_27c_rb140_st1,A,probe,typ,hbt_typ,27,1,1,140,1.4e2,0.00237137,2.371370e-03,,,
a_nx1_typ_27c_rb140_st1,A,probe,typ,hbt_typ,27,1,1,140,1.4e2,0.00316228,3.162280e-03,,,
a_nx1_typ_27c_rbshort_st1,A,probe,typ,hbt_typ,27,1,1,short,1e-3,1E-10,1.000000e-10,33.3266,6.66716E-14,6.66716E-11
a_nx1_typ_27c_rbshort_st1,A,probe,typ,hbt_typ,27,1,1,short,1e-3,1.33352E-10,1.333520e-10,44.4416,8.8908E-14,8.89081E-11
a_nx1_typ_27c_rbshort_st1,A,probe,typ,hbt_typ,27,1,1,short,1e-3,1.77828E-10,1.778280e-10,59.2642,1.18562E-13,1.18562E-10
a_nx1_typ_27c_rbshort_st1,A,probe,typ,hbt_typ,27,1,1,short,1e-3,2.37137E-10,2.371370e-10,79.0299,1.58105E-13,1.58105E-10
a_nx1_typ_27c_rbshort_st1,A,probe,typ,hbt_typ,27,1,1,short,1e-3,3.16228E-10,3.162280e-10,105.388,2.10838E-13,2.10838E-10
a_nx1_typ_27c_rbshort_st1,A,probe,typ,hbt_typ,27,1,1,short,1e-3,4.21697E-10,4.216970e-10,140.537,2.81159E-13,2.81159E-10
a_nx1_typ_27c_rbshort_st1,A,probe,typ,hbt_typ,27,1,1,short,1e-3,5.62341E-10,5.623410e-10,187.407,3.74931E-13,3.74931E-10
a_nx1_typ_27c_rbshort_st1,A,probe,typ,hbt_typ,27,1,1,short,1e-3,7.49894E-10,7.498940e-10,249.908,4.99983E-13,4.99983E-10
a_nx1_typ_27c_rbshort_st1,A,probe,typ,hbt_typ,27,1,1,short,1e-3,1E-09,1.000000e-09,333.226,6.66772E-13,6.66772E-10
a_nx1_typ_27c_rbshort_st1,A,probe,typ,hbt_typ,27,1,1,short,1e-3,1.33352E-09,1.333520e-09,406.689,9.26702E-13,9.26825E-10
a_nx1_typ_27c_rbshort_st1,A,probe,typ,hbt_typ,27,1,1,short,1e-3,1.77828E-09,1.778280e-09,541.533,1.23662E-12,1.23675E-09
a_nx1_typ_27c_rbshort_st1,A,probe,typ,hbt_typ,27,1,1,short,1e-3,2.37137E-09,2.371370e-09,721.116,1.65014E-12,1.65026E-09
a_nx1_typ_27c_rbshort_st1,A,probe,typ,hbt_typ,27,1,1,short,1e-3,3.16228E-09,3.162280e-09,960.187,2.20198E-12,2.2021E-09
a_nx1_typ_27c_rbshort_st1,A,probe,typ,hbt_typ,27,1,1,short,1e-3,4.21697E-09,4.216970e-09,1278.26,2.93857E-12,2.9387E-09
a_nx1_typ_27c_rbshort_st1,A,probe,typ,hbt_typ,27,1,1,short,1e-3,5.62341E-09,5.623410e-09,1701.1,3.92215E-12,3.92229E-09
a_nx1_typ_27c_rbshort_st1,A,probe,typ,hbt_typ,27,1,1,short,1e-3,7.49894E-09,7.498940e-09,2262.55,5.23625E-12,5.23639E-09
a_nx1_typ_27c_rbshort_st1,A,probe,typ,hbt_typ,27,1,1,short,1e-3,1E-08,1.000000e-08,3006.64,6.99324E-12,6.99338E-09
a_nx1_typ_27c_rbshort_st1,A,probe,typ,hbt_typ,27,1,1,short,1e-3,1.33352E-08,1.333520e-08,3989.95,9.34511E-12,9.34526E-09
a_nx1_typ_27c_rbshort_st1,A,probe,typ,hbt_typ,27,1,1,short,1e-3,1.77828E-08,1.778280e-08,5283.18,1.24995E-11,1.24997E-08
a_nx1_typ_27c_rbshort_st1,A,probe,typ,hbt_typ,27,1,1,short,1e-3,2.37137E-08,2.371370e-08,6969.13,1.67443E-11,1.67445E-08
a_nx1_typ_27c_rbshort_st1,A,probe,typ,hbt_typ,27,1,1,short,1e-3,3.16228E-08,3.162280e-08,9127.5,2.2495E-11,2.24952E-08
a_nx1_typ_27c_rbshort_st1,A,probe,typ,hbt_typ,27,1,1,short,1e-3,4.21697E-08,4.216970e-08,11761.4,3.04082E-11,3.04085E-08
a_nx1_typ_27c_rbshort_st1,A,probe,typ,hbt_typ,27,1,1,short,1e-3,5.62341E-08,5.623410e-08,14383.3,4.18503E-11,4.18507E-08
a_nx1_typ_27c_rbshort_st1,A,probe,typ,hbt_typ,27,1,1,short,1e-3,7.49894E-08,7.498940e-08,13281.2,6.1707E-11,6.17081E-08
a_nx1_typ_27c_rbshort_st1,A,probe,typ,hbt_typ,27,1,1,short,1e-3,1E-07,1.000000e-07,10928.3,4.31049E-11,4.31053E-08
a_nx1_typ_27c_rbshort_st1,A,probe,typ,hbt_typ,27,1,1,short,1e-3,1.33352E-07,1.333520e-07,,,
a_nx1_typ_27c_rbshort_st1,A,probe,typ,hbt_typ,27,1,1,short,1e-3,1.77828E-07,1.778280e-07,,,
a_nx1_typ_27c_rbshort_st1,A,probe,typ,hbt_typ,27,1,1,short,1e-3,2.37137E-07,2.371370e-07,474.893,2.36445E-10,2.36662E-07
a_nx1_typ_27c_rbshort_st1,A,probe,typ,hbt_typ,27,1,1,short,1e-3,3.16228E-07,3.162280e-07,,,
a_nx1_typ_27c_rbshort_st1,A,probe,typ,hbt_typ,27,1,1,short,1e-3,4.21697E-07,4.216970e-07,380.827,4.20829E-10,4.21316E-07
a_nx1_typ_27c_rbshort_st1,A,probe,typ,hbt_typ,27,1,1,short,1e-3,5.62341E-07,5.623410e-07,381.91,5.61312E-10,5.61959E-07
a_nx1_typ_27c_rbshort_st1,A,probe,typ,hbt_typ,27,1,1,short,1e-3,7.49894E-07,7.498940e-07,383.003,7.4865E-10,7.49511E-07
a_nx1_typ_27c_rbshort_st1,A,probe,typ,hbt_typ,27,1,1,short,1e-3,1E-06,1.000000e-06,384.103,9.98471E-10,9.99616E-07
a_nx1_typ_27c_rbshort_st1,A,probe,typ,hbt_typ,27,1,1,short,1e-3,1.33352E-06,1.333520e-06,385.209,1.33161E-09,1.33313E-06
a_nx1_typ_27c_rbshort_st1,A,probe,typ,hbt_typ,27,1,1,short,1e-3,1.77828E-06,1.778280e-06,386.324,1.77587E-09,1.77789E-06
a_nx1_typ_27c_rbshort_st1,A,probe,typ,hbt_typ,27,1,1,short,1e-3,2.37137E-06,2.371370e-06,387.452,2.36829E-09,2.37098E-06
a_nx1_typ_27c_rbshort_st1,A,probe,typ,hbt_typ,27,1,1,short,1e-3,3.16228E-06,3.162280e-06,388.601,3.15831E-09,3.16189E-06
a_nx1_typ_27c_rbshort_st1,A,probe,typ,hbt_typ,27,1,1,short,1e-3,4.21697E-06,4.216970e-06,389.787,4.21183E-09,4.21658E-06
a_nx1_typ_27c_rbshort_st1,A,probe,typ,hbt_typ,27,1,1,short,1e-3,5.62341E-06,5.623410e-06,391.041,5.61671E-09,5.62302E-06
a_nx1_typ_27c_rbshort_st1,A,probe,typ,hbt_typ,27,1,1,short,1e-3,7.49894E-06,7.498940e-06,392.414,7.49017E-09,7.49855E-06
a_nx1_typ_27c_rbshort_st1,A,probe,typ,hbt_typ,27,1,1,short,1e-3,1E-05,1.000000e-05,394.006,9.98849E-09,9.99961E-06
a_nx1_typ_27c_rbshort_st1,A,probe,typ,hbt_typ,27,1,1,short,1e-3,1.33352E-05,1.333520e-05,396.008,1.33201E-08,1.33348E-05
a_nx1_typ_27c_rbshort_st1,A,probe,typ,hbt_typ,27,1,1,short,1e-3,1.77828E-05,1.778280e-05,398.811,1.77629E-08,1.77824E-05
a_nx1_typ_27c_rbshort_st1,A,probe,typ,hbt_typ,27,1,1,short,1e-3,2.37137E-05,2.371370e-05,403.3,2.36875E-08,2.37131E-05
a_nx1_typ_27c_rbshort_st1,A,probe,typ,hbt_typ,27,1,1,short,1e-3,3.16228E-05,3.162280e-05,411.896,3.15846E-08,3.16178E-05
a_nx1_typ_27c_rbshort_st1,A,probe,typ,hbt_typ,27,1,1,short,1e-3,4.21697E-05,4.216970e-05,431.654,4.19285E-08,4.19703E-05
a_nx1_typ_27c_rbshort_st1,A,probe,typ,hbt_typ,27,1,1,short,1e-3,5.62341E-05,5.623410e-05,,,
a_nx1_typ_27c_rbshort_st1,A,probe,typ,hbt_typ,27,1,1,short,1e-3,7.49894E-05,7.498940e-05,,,
a_nx1_typ_27c_rbshort_st1,A,probe,typ,hbt_typ,27,1,1,short,1e-3,0.0001,1.000000e-04,,,
a_nx1_typ_27c_rbshort_st1,A,probe,typ,hbt_typ,27,1,1,short,1e-3,0.000133352,1.333520e-04,,,
a_nx1_typ_27c_rbshort_st1,A,probe,typ,hbt_typ,27,1,1,short,1e-3,0.000177828,1.778280e-04,,,
a_nx1_typ_27c_rbshort_st1,A,probe,typ,hbt_typ,27,1,1,short,1e-3,0.000237137,2.371370e-04,,,
a_nx1_typ_27c_rbshort_st1,A,probe,typ,hbt_typ,27,1,1,short,1e-3,0.000316228,3.162280e-04,,,
a_nx1_typ_27c_rbshort_st1,A,probe,typ,hbt_typ,27,1,1,short,1e-3,0.000421697,4.216970e-04,,,
a_nx1_typ_27c_rbshort_st1,A,probe,typ,hbt_typ,27,1,1,short,1e-3,0.000562341,5.623410e-04,,,
a_nx1_typ_27c_rbshort_st1,A,probe,typ,hbt_typ,27,1,1,short,1e-3,0.000749894,7.498940e-04,,,
a_nx1_typ_27c_rbshort_st1,A,probe,typ,hbt_typ,27,1,1,short,1e-3,0.001,1.000000e-03,,,
a_nx1_typ_27c_rbshort_st1,A,probe,typ,hbt_typ,27,1,1,short,1e-3,0.00133352,1.333520e-03,,,
a_nx1_typ_27c_rbshort_st1,A,probe,typ,hbt_typ,27,1,1,short,1e-3,0.00177828,1.778280e-03,,,
a_nx1_typ_27c_rbshort_st1,A,probe,typ,hbt_typ,27,1,1,short,1e-3,0.00237137,2.371370e-03,,,
a_nx1_typ_27c_rbshort_st1,A,probe,typ,hbt_typ,27,1,1,short,1e-3,0.00316228,3.162280e-03,,,
a_nx8_typ_27c_rb140_st1,A,probe,typ,hbt_typ,27,8,1,140,1.4e2,8E-10,1.000000e-10,266.183,7.47362E-08,5.33831E-10
a_nx8_typ_27c_rb140_st1,A,probe,typ,hbt_typ,27,8,1,140,1.4e2,1.06682E-09,1.333525e-10,353.849,9.98175E-08,7.12987E-10
a_nx8_typ_27c_rb140_st1,A,probe,typ,hbt_typ,27,8,1,140,1.4e2,1.42262E-09,1.778275e-10,362.436,1.48371E-07,1.0602E-09
a_nx8_typ_27c_rb140_st1,A,probe,typ,hbt_typ,27,8,1,140,1.4e2,1.8971E-09,2.371375e-10,365.603,2.14275E-07,1.5315E-09
a_nx8_typ_27c_rb140_st1,A,probe,typ,hbt_typ,27,8,1,140,1.4e2,2.52982E-09,3.162275e-10,483.952,2.86284E-07,2.04585E-09
a_nx8_typ_27c_rb140_st1,A,probe,typ,hbt_typ,27,8,1,140,1.4e2,3.37357E-09,4.216962e-10,642.008,3.82287E-07,2.73159E-09
a_nx8_typ_27c_rb140_st1,A,probe,typ,hbt_typ,27,8,1,140,1.4e2,4.49873E-09,5.623413e-10,852.111,5.10388E-07,3.6466E-09
a_nx8_typ_27c_rb140_st1,A,probe,typ,hbt_typ,27,8,1,140,1.4e2,5.99915E-09,7.498938e-10,1131.2,6.8137E-07,4.86791E-09
a_nx8_typ_27c_rb140_st1,A,probe,typ,hbt_typ,27,8,1,140,1.4e2,8E-09,1.000000e-09,1501.48,9.09655E-07,6.49852E-09
a_nx8_typ_27c_rb140_st1,A,probe,typ,hbt_typ,27,8,1,140,1.4e2,1.06682E-08,1.333525e-09,1991.78,1.21454E-06,8.6763E-09
a_nx8_typ_27c_rb140_st1,A,probe,typ,hbt_typ,27,8,1,140,1.4e2,1.42262E-08,1.778275e-09,2639.26,1.62205E-06,1.15871E-08
a_nx8_typ_27c_rb140_st1,A,probe,typ,hbt_typ,27,8,1,140,1.4e2,1.8971E-08,2.371375e-09,3490.47,2.16713E-06,1.54805E-08
a_nx8_typ_27c_rb140_st1,A,probe,typ,hbt_typ,27,8,1,140,1.4e2,2.52982E-08,3.162275e-09,4602.09,2.8973E-06,2.06961E-08
a_nx8_typ_27c_rb140_st1,A,probe,typ,hbt_typ,27,8,1,140,1.4e2,3.37357E-08,4.216963e-09,6037.69,3.87755E-06,2.76978E-08
a_nx8_typ_27c_rb140_st1,A,probe,typ,hbt_typ,27,8,1,140,1.4e2,4.49873E-08,5.623413e-09,7857.07,5.19805E-06,3.71301E-08
a_nx8_typ_27c_rb140_st1,A,probe,typ,hbt_typ,27,8,1,140,1.4e2,5.99915E-08,7.498937e-09,10085.3,6.98674E-06,4.99065E-08
a_nx8_typ_27c_rb140_st1,A,probe,typ,hbt_typ,27,8,1,140,1.4e2,8E-08,1.000000e-08,12640,9.43031E-06,6.73608E-08
a_nx8_typ_27c_rb140_st1,A,probe,typ,hbt_typ,27,8,1,140,1.4e2,1.06682E-07,1.333525e-08,15188.7,1.28088E-05,9.14931E-08
a_nx8_typ_27c_rb140_st1,A,probe,typ,hbt_typ,27,8,1,140,1.4e2,1.42262E-07,1.778275e-08,17011.5,1.75347E-05,1.2525E-07
a_nx8_typ_27c_rb140_st1,A,probe,typ,hbt_typ,27,8,1,140,1.4e2,1.8971E-07,2.371375e-08,17267.2,2.41415E-05,1.72442E-07
a_nx8_typ_27c_rb140_st1,A,probe,typ,hbt_typ,27,8,1,140,1.4e2,2.52982E-07,3.162275e-08,17132,2.30788E-05,1.64851E-07
a_nx8_typ_27c_rb140_st1,A,probe,typ,hbt_typ,27,8,1,140,1.4e2,3.37357E-07,4.216963e-08,,,
a_nx8_typ_27c_rb140_st1,A,probe,typ,hbt_typ,27,8,1,140,1.4e2,4.49873E-07,5.623413e-08,,,
a_nx8_typ_27c_rb140_st1,A,probe,typ,hbt_typ,27,8,1,140,1.4e2,5.99915E-07,7.498937e-08,,,
a_nx8_typ_27c_rb140_st1,A,probe,typ,hbt_typ,27,8,1,140,1.4e2,8E-07,1.000000e-07,,,
a_nx8_typ_27c_rb140_st1,A,probe,typ,hbt_typ,27,8,1,140,1.4e2,1.06682E-06,1.333525e-07,,,
a_nx8_typ_27c_rb140_st1,A,probe,typ,hbt_typ,27,8,1,140,1.4e2,1.42262E-06,1.778275e-07,,,
a_nx8_typ_27c_rb140_st1,A,probe,typ,hbt_typ,27,8,1,140,1.4e2,1.8971E-06,2.371375e-07,,,
a_nx8_typ_27c_rb140_st1,A,probe,typ,hbt_typ,27,8,1,140,1.4e2,2.52982E-06,3.162275e-07,,,
a_nx8_typ_27c_rb140_st1,A,probe,typ,hbt_typ,27,8,1,140,1.4e2,3.37357E-06,4.216963e-07,381.021,0.000471701,3.37319E-06
a_nx8_typ_27c_rb140_st1,A,probe,typ,hbt_typ,27,8,1,140,1.4e2,4.49873E-06,5.623413e-07,382.106,0.000629043,4.49835E-06
a_nx8_typ_27c_rb140_st1,A,probe,typ,hbt_typ,27,8,1,140,1.4e2,5.99915E-06,7.498937e-07,383.199,0.000838862,5.99877E-06
a_nx8_typ_27c_rb140_st1,A,probe,typ,hbt_typ,27,8,1,140,1.4e2,8E-06,1.000000e-06,384.3,0.00111866,7.99962E-06
a_nx8_typ_27c_rb140_st1,A,probe,typ,hbt_typ,27,8,1,140,1.4e2,1.06682E-05,1.333525e-06,385.41,0.00149179,1.06678E-05
a_nx8_typ_27c_rb140_st1,A,probe,typ,hbt_typ,27,8,1,140,1.4e2,1.42262E-05,1.778275e-06,386.532,0.00198935,1.42258E-05
a_nx8_typ_27c_rb140_st1,A,probe,typ,hbt_typ,27,8,1,140,1.4e2,1.8971E-05,2.371375e-06,387.673,0.00265287,1.89706E-05
a_nx8_typ_27c_rb140_st1,A,probe,typ,hbt_typ,27,8,1,140,1.4e2,2.52982E-05,3.162275e-06,388.847,0.00353769,2.52978E-05
a_nx8_typ_27c_rb140_st1,A,probe,typ,hbt_typ,27,8,1,140,1.4e2,3.37357E-05,4.216963e-06,390.08,0.00471763,3.37353E-05
a_nx8_typ_27c_rb140_st1,A,probe,typ,hbt_typ,27,8,1,140,1.4e2,4.49873E-05,5.623413e-06,391.415,0.00629111,4.49869E-05
a_nx8_typ_27c_rb140_st1,A,probe,typ,hbt_typ,27,8,1,140,1.4e2,5.99915E-05,7.498938e-06,392.936,0.00838939,5.99911E-05
a_nx8_typ_27c_rb140_st1,A,probe,typ,hbt_typ,27,8,1,140,1.4e2,8E-05,1.000000e-05,394.799,0.0111875,7.99996E-05
a_nx8_typ_27c_rb140_st1,A,probe,typ,hbt_typ,27,8,1,140,1.4e2,0.000106682,1.333525e-05,397.31,0.014919,0.000106682
a_nx8_typ_27c_rb140_st1,A,probe,typ,hbt_typ,27,8,1,140,1.4e2,0.000142262,1.778275e-05,401.111,0.019895,0.000142261
a_nx8_typ_27c_rb140_st1,A,probe,typ,hbt_typ,27,8,1,140,1.4e2,0.00018971,2.371375e-05,407.631,0.02653,0.000189702
a_nx8_typ_27c_rb140_st1,A,probe,typ,hbt_typ,27,8,1,140,1.4e2,0.000252982,3.162275e-05,418.317,0.0353481,0.000252747
a_nx8_typ_27c_rb140_st1,A,probe,typ,hbt_typ,27,8,1,140,1.4e2,0.000337357,4.216962e-05,,,
a_nx8_typ_27c_rb140_st1,A,probe,typ,hbt_typ,27,8,1,140,1.4e2,0.000449873,5.623412e-05,,,
a_nx8_typ_27c_rb140_st1,A,probe,typ,hbt_typ,27,8,1,140,1.4e2,0.000599915,7.498938e-05,,,
a_nx8_typ_27c_rb140_st1,A,probe,typ,hbt_typ,27,8,1,140,1.4e2,0.0008,1.000000e-04,,,
a_nx8_typ_27c_rb140_st1,A,probe,typ,hbt_typ,27,8,1,140,1.4e2,0.00106682,1.333525e-04,,,
a_nx8_typ_27c_rb140_st1,A,probe,typ,hbt_typ,27,8,1,140,1.4e2,0.00142262,1.778275e-04,,,
a_nx8_typ_27c_rb140_st1,A,probe,typ,hbt_typ,27,8,1,140,1.4e2,0.0018971,2.371375e-04,,,
a_nx8_typ_27c_rb140_st1,A,probe,typ,hbt_typ,27,8,1,140,1.4e2,0.00252982,3.162275e-04,,,
a_nx8_typ_27c_rb140_st1,A,probe,typ,hbt_typ,27,8,1,140,1.4e2,0.00337357,4.216963e-04,,,
a_nx8_typ_27c_rb140_st1,A,probe,typ,hbt_typ,27,8,1,140,1.4e2,0.00449873,5.623413e-04,,,
a_nx8_typ_27c_rb140_st1,A,probe,typ,hbt_typ,27,8,1,140,1.4e2,0.00599915,7.498937e-04,,,
a_nx8_typ_27c_rb140_st1,A,probe,typ,hbt_typ,27,8,1,140,1.4e2,0.008,1.000000e-03,5.97623,0.700657,0.008
a_nx8_typ_27c_rb140_st1,A,probe,typ,hbt_typ,27,8,1,140,1.4e2,0.0106682,1.333525e-03,5.02693,0.725772,0.0106682
a_nx8_typ_27c_rb140_st1,A,probe,typ,hbt_typ,27,8,1,140,1.4e2,0.0142262,1.778275e-03,4.43762,0.746376,0.0142262
a_nx8_typ_27c_rb140_st1,A,probe,typ,hbt_typ,27,8,1,140,1.4e2,0.018971,2.371375e-03,4.02599,0.765057,0.018971
a_nx8_typ_27c_rb140_st1,A,probe,typ,hbt_typ,27,8,1,140,1.4e2,0.0252982,3.162275e-03,3.72226,0.782584,0.0252982
a_nx8_typ_27c_rbshort_st1,A,probe,typ,hbt_typ,27,8,1,short,1e-3,8E-10,1.000000e-10,266.173,5.33808E-13,5.33809E-10
a_nx8_typ_27c_rbshort_st1,A,probe,typ,hbt_typ,27,8,1,short,1e-3,1.06682E-09,1.333525e-10,353.837,7.12952E-13,7.12957E-10
a_nx8_typ_27c_rbshort_st1,A,probe,typ,hbt_typ,27,8,1,short,1e-3,1.42262E-09,1.778275e-10,362.436,1.05979E-12,1.06019E-09
a_nx8_typ_27c_rbshort_st1,A,probe,typ,hbt_typ,27,8,1,short,1e-3,1.8971E-09,2.371375e-10,365.598,1.53051E-12,1.53147E-09
a_nx8_typ_27c_rbshort_st1,A,probe,typ,hbt_typ,27,8,1,short,1e-3,2.52982E-09,3.162275e-10,483.952,2.04487E-12,2.04584E-09
a_nx8_typ_27c_rbshort_st1,A,probe,typ,hbt_typ,27,8,1,short,1e-3,3.37357E-09,4.216962e-10,641.997,2.73055E-12,2.73152E-09
a_nx8_typ_27c_rbshort_st1,A,probe,typ,hbt_typ,27,8,1,short,1e-3,4.49873E-09,5.623413e-10,852.116,3.64561E-12,3.64658E-09
a_nx8_typ_27c_rbshort_st1,A,probe,typ,hbt_typ,27,8,1,short,1e-3,5.99915E-09,7.498938e-10,1131.22,4.86694E-12,4.86791E-09
a_nx8_typ_27c_rbshort_st1,A,probe,typ,hbt_typ,27,8,1,short,1e-3,8E-09,1.000000e-09,1501.51,6.49754E-12,6.49853E-09
a_nx8_typ_27c_rbshort_st1,A,probe,typ,hbt_typ,27,8,1,short,1e-3,1.06682E-08,1.333525e-09,1991.82,8.67527E-12,8.67626E-09
a_nx8_typ_27c_rbshort_st1,A,probe,typ,hbt_typ,27,8,1,short,1e-3,1.42262E-08,1.778275e-09,2639.27,1.15857E-11,1.15867E-08
a_nx8_typ_27c_rbshort_st1,A,probe,typ,hbt_typ,27,8,1,short,1e-3,1.8971E-08,2.371375e-09,3490.6,1.54793E-11,1.54803E-08
a_nx8_typ_27c_rbshort_st1,A,probe,typ,hbt_typ,27,8,1,short,1e-3,2.52982E-08,3.162275e-09,4602.32,2.06948E-11,2.06958E-08
a_nx8_typ_27c_rbshort_st1,A,probe,typ,hbt_typ,27,8,1,short,1e-3,3.37357E-08,4.216963e-09,6038.12,2.76964E-11,2.76975E-08
a_nx8_typ_27c_rbshort_st1,A,probe,typ,hbt_typ,27,8,1,short,1e-3,4.49873E-08,5.623413e-09,7857.85,3.71282E-11,3.71294E-08
a_nx8_typ_27c_rbshort_st1,A,probe,typ,hbt_typ,27,8,1,short,1e-3,5.99915E-08,7.498937e-09,10086.6,4.99038E-11,4.9905E-08
a_nx8_typ_27c_rbshort_st1,A,probe,typ,hbt_typ,27,8,1,short,1e-3,8E-08,1.000000e-08,12642.2,6.73552E-11,6.73566E-08
a_nx8_typ_27c_rbshort_st1,A,probe,typ,hbt_typ,27,8,1,short,1e-3,1.06682E-07,1.333525e-08,15191.1,9.149E-11,9.14917E-08
a_nx8_typ_27c_rbshort_st1,A,probe,typ,hbt_typ,27,8,1,short,1e-3,1.42262E-07,1.778275e-08,17018.4,1.25242E-10,1.25245E-07
a_nx8_typ_27c_rbshort_st1,A,probe,typ,hbt_typ,27,8,1,short,1e-3,1.8971E-07,2.371375e-08,17276.6,1.7243E-10,1.72433E-07
a_nx8_typ_27c_rbshort_st1,A,probe,typ,hbt_typ,27,8,1,short,1e-3,2.52982E-07,3.162275e-08,17145.2,1.64801E-10,1.64804E-07
a_nx8_typ_27c_rbshort_st1,A,probe,typ,hbt_typ,27,8,1,short,1e-3,3.37357E-07,4.216963e-08,,,
a_nx8_typ_27c_rbshort_st1,A,probe,typ,hbt_typ,27,8,1,short,1e-3,4.49873E-07,5.623413e-08,,,
a_nx8_typ_27c_rbshort_st1,A,probe,typ,hbt_typ,27,8,1,short,1e-3,5.99915E-07,7.498937e-08,,,
a_nx8_typ_27c_rbshort_st1,A,probe,typ,hbt_typ,27,8,1,short,1e-3,8E-07,1.000000e-07,,,
a_nx8_typ_27c_rbshort_st1,A,probe,typ,hbt_typ,27,8,1,short,1e-3,1.06682E-06,1.333525e-07,,,
a_nx8_typ_27c_rbshort_st1,A,probe,typ,hbt_typ,27,8,1,short,1e-3,1.42262E-06,1.778275e-07,,,
a_nx8_typ_27c_rbshort_st1,A,probe,typ,hbt_typ,27,8,1,short,1e-3,1.8971E-06,2.371375e-07,,,
a_nx8_typ_27c_rbshort_st1,A,probe,typ,hbt_typ,27,8,1,short,1e-3,2.52982E-06,3.162275e-07,,,
a_nx8_typ_27c_rbshort_st1,A,probe,typ,hbt_typ,27,8,1,short,1e-3,3.37357E-06,4.216963e-07,,,
a_nx8_typ_27c_rbshort_st1,A,probe,typ,hbt_typ,27,8,1,short,1e-3,4.49873E-06,5.623413e-07,382.101,4.49316E-09,4.49835E-06
a_nx8_typ_27c_rbshort_st1,A,probe,typ,hbt_typ,27,8,1,short,1e-3,5.99915E-06,7.498937e-07,383.193,5.99187E-09,5.99877E-06
a_nx8_typ_27c_rbshort_st1,A,probe,typ,hbt_typ,27,8,1,short,1e-3,8E-06,1.000000e-06,384.292,7.99045E-09,7.99962E-06
a_nx8_typ_27c_rbshort_st1,A,probe,typ,hbt_typ,27,8,1,short,1e-3,1.06682E-05,1.333525e-06,385.4,1.06556E-08,1.06678E-05
a_nx8_typ_27c_rbshort_st1,A,probe,typ,hbt_typ,27,8,1,short,1e-3,1.42262E-05,1.778275e-06,386.519,1.42096E-08,1.42258E-05
a_nx8_typ_27c_rbshort_st1,A,probe,typ,hbt_typ,27,8,1,short,1e-3,1.8971E-05,2.371375e-06,387.656,1.89491E-08,1.89706E-05
a_nx8_typ_27c_rbshort_st1,A,probe,typ,hbt_typ,27,8,1,short,1e-3,2.52982E-05,3.162275e-06,388.826,2.52692E-08,2.52978E-05
a_nx8_typ_27c_rbshort_st1,A,probe,typ,hbt_typ,27,8,1,short,1e-3,3.37357E-05,4.216963e-06,390.052,3.36973E-08,3.37353E-05
a_nx8_typ_27c_rbshort_st1,A,probe,typ,hbt_typ,27,8,1,short,1e-3,4.49873E-05,5.623413e-06,391.381,4.49365E-08,4.49869E-05
a_nx8_typ_27c_rbshort_st1,A,probe,typ,hbt_typ,27,8,1,short,1e-3,5.99915E-05,7.498938e-06,392.895,5.99242E-08,5.99911E-05
a_nx8_typ_27c_rbshort_st1,A,probe,typ,hbt_typ,27,8,1,short,1e-3,8E-05,1.000000e-05,394.754,7.99109E-08,7.99996E-05
a_nx8_typ_27c_rbshort_st1,A,probe,typ,hbt_typ,27,8,1,short,1e-3,0.000106682,1.333525e-05,397.277,1.06564E-07,0.000106682
a_nx8_typ_27c_rbshort_st1,A,probe,typ,hbt_typ,27,8,1,short,1e-3,0.000142262,1.778275e-05,401.163,1.42107E-07,0.000142261
a_nx8_typ_27c_rbshort_st1,A,probe,typ,hbt_typ,27,8,1,short,1e-3,0.00018971,2.371375e-05,408.185,1.895E-07,0.000189702
a_nx8_typ_27c_rbshort_st1,A,probe,typ,hbt_typ,27,8,1,short,1e-3,0.000252982,3.162275e-05,423.679,2.52453E-07,0.00025271
a_nx8_typ_27c_rbshort_st1,A,probe,typ,hbt_typ,27,8,1,short,1e-3,0.000337357,4.216962e-05,,,
a_nx8_typ_27c_rbshort_st1,A,probe,typ,hbt_typ,27,8,1,short,1e-3,0.000449873,5.623412e-05,,,
a_nx8_typ_27c_rbshort_st1,A,probe,typ,hbt_typ,27,8,1,short,1e-3,0.000599915,7.498938e-05,,,
a_nx8_typ_27c_rbshort_st1,A,probe,typ,hbt_typ,27,8,1,short,1e-3,0.0008,1.000000e-04,,,
a_nx8_typ_27c_rbshort_st1,A,probe,typ,hbt_typ,27,8,1,short,1e-3,0.00106682,1.333525e-04,,,
a_nx8_typ_27c_rbshort_st1,A,probe,typ,hbt_typ,27,8,1,short,1e-3,0.00142262,1.778275e-04,,,
a_nx8_typ_27c_rbshort_st1,A,probe,typ,hbt_typ,27,8,1,short,1e-3,0.0018971,2.371375e-04,,,
a_nx8_typ_27c_rbshort_st1,A,probe,typ,hbt_typ,27,8,1,short,1e-3,0.00252982,3.162275e-04,,,
a_nx8_typ_27c_rbshort_st1,A,probe,typ,hbt_typ,27,8,1,short,1e-3,0.00337357,4.216963e-04,,,
a_nx8_typ_27c_rbshort_st1,A,probe,typ,hbt_typ,27,8,1,short,1e-3,0.00449873,5.623413e-04,,,
a_nx8_typ_27c_rbshort_st1,A,probe,typ,hbt_typ,27,8,1,short,1e-3,0.00599915,7.498937e-04,,,
a_nx8_typ_27c_rbshort_st1,A,probe,typ,hbt_typ,27,8,1,short,1e-3,0.008,1.000000e-03,,,
a_nx8_typ_27c_rbshort_st1,A,probe,typ,hbt_typ,27,8,1,short,1e-3,0.0106682,1.333525e-03,,,
a_nx8_typ_27c_rbshort_st1,A,probe,typ,hbt_typ,27,8,1,short,1e-3,0.0142262,1.778275e-03,,,
a_nx8_typ_27c_rbshort_st1,A,probe,typ,hbt_typ,27,8,1,short,1e-3,0.018971,2.371375e-03,,,
a_nx8_typ_27c_rbshort_st1,A,probe,typ,hbt_typ,27,8,1,short,1e-3,0.0252982,3.162275e-03,,,
