point_id,variant,family,topology,nx1,m1,nx2,m2,emitter_units_stage1,emitter_area_um2_stage1,xmis_w_um,corner_label,temp_c,vdd_v,ic1_a,ic2_a,ib1_a,jc1_ma_um2,vce1_v,vce2_v,vbe1_v,idd_a,pdc_w,pdc_violates_10mw,ic1_violates_4p5ma,s11_db_worst,s21_db_min,s21_db_max,s12_db_max,s22_db_worst,gain_in_match_basis_db_min,ga_max_ideal_db_min,ga_max_q10_db_min,nf_sp_db_at_band_lo,nfmin_sp_db_at_band_lo,nfmin290_db_at_band_lo,nfmin290_db_worst,nfmin_reref_delta_db,nf290_db_at_band_lo,nf290_db_worst,nf30015_db_at_band_lo,gain_ac_db_at_band_lo,k_inband_min,mu_inband_min,n_inband_pts_mu_lt_1,n_inband_pts,mag_delta_inband_max,k_broadband_min,mu_broadband_min,f_at_mu_broadband_min_hz,n_broadband_pts_mu_lt_1,n_broadband_pts,s11_mag_broadband_max,s22_mag_broadband_max,model_card_flags
s_fixj_a2_typ_-40c_vdd1.62v,s_fixj_a2,A1-fixJc,1stage,2,1,-,-,2,0.2304,512,typ,-40,1.62,9.785270e-04,9.778110e-04,7.005940e-07,4.2471,0.5877,1.0323,0.8989,1.723180e-03,2.791560e-03,0,0,-2.7307,4.5671,4.6139,-108.7533,-0.0002,7.8762,49.9858,15.228,5.6156,4.447,3.8639,3.8639,-0.583,4.9493,4.9493,4.8483,4.5671,1.68137945,1.00000838,0,11,0.730215,-6.88079507,0.99999971,7.498942e+08,64,140,0.814735,1.0,in_box
s_fixj_a2_typ_-40c_vdd1.80v,s_fixj_a2,A1-fixJc,1stage,2,1,-,-,2,0.2304,512,typ,-40,1.80,1.001800e-03,1.001060e-03,7.260880e-07,4.3481,0.7519,1.0481,0.8989,1.762340e-03,3.172220e-03,0,0,-2.7307,4.6467,4.6928,-109.0414,-0.0002,7.9558,50.1677,15.3078,5.607,4.4413,3.8587,3.8587,-0.5826,4.9412,4.9412,4.8403,4.6467,1.6835734,1.00000821,0,11,0.730214,-6.8848241,0.99999975,7.498942e+08,62,140,0.814735,1.0,in_box
s_fixj_a2_typ_-40c_vdd1.98v,s_fixj_a2,A1-fixJc,1stage,2,1,-,-,2,0.2304,512,typ,-40,1.98,1.026390e-03,1.025630e-03,7.534770e-07,4.4548,0.9161,1.0639,0.899,1.802750e-03,3.569440e-03,0,0,-2.7311,4.7276,4.773,-109.2507,-0.0002,8.0364,50.3411,15.3885,5.598,4.4354,3.8533,3.8533,-0.5821,4.9328,4.9328,4.832,4.7276,1.67000773,1.00000793,0,11,0.730185,-6.80028131,0.99999979,7.079458e+08,62,140,0.814734,1.0,in_box
s_fixj_a2_typ_27c_vdd1.62v,s_fixj_a2,A1-fixJc,1stage,2,1,-,-,2,0.2304,512,typ,27,1.62,9.899760e-04,9.886100e-04,1.349560e-06,4.2968,0.6404,0.9796,0.8451,1.748420e-03,2.832440e-03,0,0,-2.7387,3.5719,3.6264,-107.4095,-0.0003,6.8719,48.8885,14.2234,5.6673,4.4869,4.5838,4.5838,0.0968,5.7767,5.7767,5.6673,3.5719,1.63777002,1.00000814,0,11,0.72954,-7.19741023,0.99999969,7.498942e+08,63,140,0.817378,1.0,in_box
s_fixj_a2_typ_27c_vdd1.80v,s_fixj_a2,A1-fixJc,1stage,2,1,-,-,2,0.2304,512,typ,27,1.80,1.011020e-03,1.009620e-03,1.391710e-06,4.3881,0.8046,0.9954,0.8452,1.785480e-03,3.213870e-03,0,0,-2.7389,3.6547,3.7087,-107.7304,-0.0002,6.9545,49.0933,14.3062,5.6592,4.4817,4.5785,4.5785,0.0968,5.7686,5.7686,5.6592,3.6547,1.63675286,1.00000791,0,11,0.729521,-7.31192478,0.99999971,7.498942e+08,63,140,0.817377,1.0,in_box
s_fixj_a2_typ_27c_vdd1.98v,s_fixj_a2,A1-fixJc,1stage,2,1,-,-,2,0.2304,512,typ,27,1.98,1.033150e-03,1.031710e-03,1.436570e-06,4.4842,0.9688,1.0112,0.8452,1.823550e-03,3.610630e-03,0,0,-2.7396,3.7389,3.7923,-107.9584,-0.0002,7.038,49.2932,14.3898,5.6509,4.4763,4.573,4.573,0.0967,5.7602,5.7602,5.6509,3.7389,1.61481155,1.00000751,0,11,0.72947,-7.32549989,0.99999973,7.498942e+08,63,140,0.817374,1.0,in_box
s_fixj_a2_typ_125c_vdd1.62v,s_fixj_a2,A1-fixJc,1stage,2,1,-,-,2,0.2304,512,typ,125,1.62,1.000610e-03,9.982550e-04,2.351850e-06,4.3429,0.7247,0.8953,0.7592,1.778070e-03,2.880470e-03,0,0,-2.7458,2.1246,2.1878,-105.5569,-0.0003,5.4165,47.2088,12.7674,5.8474,4.6164,5.565,5.565,0.9486,6.9056,6.9056,6.7871,2.1246,1.64701801,1.00000864,0,11,0.728941,-7.62888032,0.99999972,7.498942e+08,62,140,0.821511,1.0,in_box
s_fixj_a2_typ_125c_vdd1.80v,s_fixj_a2,A1-fixJc,1stage,2,1,-,-,2,0.2304,512,typ,125,1.80,1.019730e-03,1.017320e-03,2.415040e-06,4.4259,0.8888,0.9112,0.7593,1.813680e-03,3.264630e-03,0,0,-2.7463,2.2111,2.2739,-105.9322,-0.0003,5.5025,47.4432,12.8536,5.8391,4.6111,5.5591,5.5591,0.948,6.8966,6.8966,6.7782,2.2111,1.64513711,1.00000833,0,11,0.728904,-7.92148505,0.99999972,7.498942e+08,62,140,0.821497,1.0,in_box
s_fixj_a2_typ_125c_vdd1.98v,s_fixj_a2,A1-fixJc,1stage,2,1,-,-,2,0.2304,512,typ,125,1.98,1.039440e-03,1.036980e-03,2.480310e-06,4.5115,1.0528,0.9272,0.7593,1.850240e-03,3.663470e-03,0,0,-2.7471,2.2975,2.3598,-106.1915,-0.0002,5.5879,47.6764,12.9392,5.8307,4.6057,5.5532,5.5532,0.9475,6.8876,6.8876,6.7692,2.2975,1.61366455,1.00000777,0,11,0.728832,-8.11784192,0.99999971,7.498942e+08,62,140,0.821484,1.0,in_box
s_fixj_a2_bcs_-40c_vdd1.62v,s_fixj_a2,A1-fixJc,1stage,2,1,-,-,2,0.2304,512,bcs,-40,1.62,9.746580e-04,9.742740e-04,3.758790e-07,4.2303,0.597,1.023,0.8898,1.719740e-03,2.785980e-03,0,0,-2.7241,5.4004,5.4394,-111.7176,-0.0002,8.717,51.9687,16.0707,4.9415,3.9826,3.4389,3.4389,-0.5437,4.3207,4.3207,4.2271,5.4004,1.65402363,1.00000632,0,11,0.730771,-7.93214045,0.99999965,8.413951e+08,66,140,0.812358,1.0,in_box
s_fixj_a2_bcs_-40c_vdd1.80v,s_fixj_a2,A1-fixJc,1stage,2,1,-,-,2,0.2304,512,bcs,-40,1.80,1.001420e-03,1.001020e-03,3.911030e-07,4.3464,0.7613,1.0387,0.8898,1.762360e-03,3.172240e-03,0,0,-2.7244,5.5008,5.5388,-111.9749,-0.0002,8.8172,52.1684,16.171,4.9313,3.9757,3.4326,3.4326,-0.5431,4.3112,4.3112,4.2177,5.5008,1.64502855,1.00000612,0,11,0.730752,-7.94705773,0.99999969,8.413951e+08,65,140,0.812355,1.0,in_box
s_fixj_a2_bcs_-40c_vdd1.98v,s_fixj_a2,A1-fixJc,1stage,2,1,-,-,2,0.2304,512,bcs,-40,1.98,1.030010e-03,1.029600e-03,4.076030e-07,4.4705,0.9255,1.0545,0.8898,1.806770e-03,3.577400e-03,0,0,-2.7249,5.6037,5.6405,-112.163,-0.0002,8.9194,52.3557,16.2734,4.9206,3.9686,3.4262,3.4262,-0.5425,4.3013,4.3013,4.208,5.6037,1.62572226,1.00000588,0,11,0.730707,-7.86905586,0.99999973,7.943282e+08,65,140,0.812349,1.0,in_box
s_fixj_a2_bcs_27c_vdd1.62v,s_fixj_a2,A1-fixJc,1stage,2,1,-,-,2,0.2304,512,bcs,27,1.62,9.906560e-04,9.899220e-04,7.259280e-07,4.2997,0.651,0.969,0.8351,1.748860e-03,2.833150e-03,0,0,-2.7256,4.2755,4.3251,-110.3963,-0.0002,7.5905,50.7833,14.9439,5.0704,4.0725,4.164,4.164,0.0915,5.1738,5.1738,5.0704,4.2755,1.62464683,1.00000616,0,11,0.730644,-8.66351167,0.99999961,8.413951e+08,66,140,0.815766,1.0,in_box
s_fixj_a2_bcs_27c_vdd1.80v,s_fixj_a2,A1-fixJc,1stage,2,1,-,-,2,0.2304,512,bcs,27,1.80,1.014500e-03,1.013740e-03,7.509220e-07,4.4032,0.8151,0.9849,0.8351,1.788710e-03,3.219680e-03,0,0,-2.726,4.3771,4.4258,-110.6815,-0.0002,7.6916,51.0114,15.0452,5.0604,4.0659,4.1573,4.1573,0.0914,5.1638,5.1638,5.0604,4.3771,1.60771273,1.00000587,0,11,0.730613,-8.78980913,0.99999963,8.413951e+08,66,140,0.815759,1.0,in_box
s_fixj_a2_bcs_27c_vdd1.98v,s_fixj_a2,A1-fixJc,1stage,2,1,-,-,2,0.2304,512,bcs,27,1.98,1.039780e-03,1.039000e-03,7.776240e-07,4.5129,0.9793,1.0007,0.8351,1.829920e-03,3.623240e-03,0,0,-2.7267,4.4809,4.5288,-110.887,-0.0002,7.7947,51.2305,15.1484,5.0501,4.059,4.1504,4.1504,0.0913,5.1533,5.1533,5.0501,4.4809,1.57626899,1.0000055,0,11,0.730556,-8.81349474,0.99999964,8.413951e+08,66,140,0.81575,1.0,in_box
s_fixj_a2_bcs_125c_vdd1.62v,s_fixj_a2,A1-fixJc,1stage,2,1,-,-,2,0.2304,512,bcs,125,1.62,1.005830e-03,1.004560e-03,1.266920e-06,4.3656,0.7371,0.8829,0.7476,1.782230e-03,2.887220e-03,0,0,-2.7254,2.7028,2.7633,-108.5805,-0.0002,6.018,49.0213,13.371,5.3259,4.2495,5.1583,5.1583,0.9088,6.3418,6.3418,6.2275,2.7028,1.64914032,1.00000658,0,11,0.730667,-9.66401249,0.99999962,8.413951e+08,65,140,0.820786,1.0,in_box
s_fixj_a2_bcs_125c_vdd1.80v,s_fixj_a2,A1-fixJc,1stage,2,1,-,-,2,0.2304,512,bcs,125,1.80,1.027090e-03,1.025790e-03,1.303960e-06,4.4579,0.9012,0.8988,0.7476,1.819920e-03,3.275860e-03,0,0,-2.7258,2.8049,2.8648,-108.9102,-0.0002,6.1196,49.2861,13.4727,5.3155,4.2426,5.1506,5.1506,0.908,6.3305,6.3305,6.2163,2.8049,1.62358065,1.00000616,0,11,0.730628,-9.98567975,0.99999961,8.413951e+08,66,140,0.820766,1.0,in_box
s_fixj_a2_bcs_125c_vdd1.98v,s_fixj_a2,A1-fixJc,1stage,2,1,-,-,2,0.2304,512,bcs,125,1.98,1.049260e-03,1.047930e-03,1.341350e-06,4.5541,1.0653,0.9147,0.7477,1.858290e-03,3.679410e-03,0,0,-2.7267,2.9079,2.9672,-109.1434,-0.0002,6.2217,49.5454,13.5749,5.305,4.2356,5.1428,5.1428,0.9072,6.319,6.319,6.205,2.9079,1.57701531,1.00000562,0,11,0.730559,-10.1990438,0.99999959,8.912509e+08,66,140,0.820745,1.0,in_box
s_fixj_a2_wcs_-40c_vdd1.62v,s_fixj_a2,A1-fixJc,1stage,2,1,-,-,2,0.2304,512,wcs,-40,1.62,9.812140e-04,9.799420e-04,1.242470e-06,4.2587,0.5767,1.0433,0.9095,1.726430e-03,2.796810e-03,0,0,-2.7404,3.7847,3.8375,-106.0535,-0.0003,7.0827,48.1374,14.4326,6.2929,4.9238,4.3042,4.3042,-0.6195,5.5871,5.5871,5.4795,3.7847,1.7292108,1.00001114,0,11,0.72939,-5.49613572,0.99999978,6.683439e+08,59,140,0.816739,1.0,in_box
s_fixj_a2_wcs_-40c_vdd1.80v,s_fixj_a2,A1-fixJc,1stage,2,1,-,-,2,0.2304,512,wcs,-40,1.80,1.001530e-03,1.000230e-03,1.283400e-06,4.3469,0.7409,1.0591,0.9095,1.762640e-03,3.172740e-03,0,0,-2.7403,3.8482,3.9006,-106.3743,-0.0003,7.1465,48.3016,14.4965,6.2854,4.9189,4.2997,4.2997,-0.6192,5.58,5.58,5.4724,3.8482,1.74529726,1.00001106,0,11,0.729402,-5.45427621,0.99999982,6.309573e+08,58,140,0.816747,1.0,in_box
s_fixj_a2_wcs_-40c_vdd1.98v,s_fixj_a2,A1-fixJc,1stage,2,1,-,-,2,0.2304,512,wcs,-40,1.98,1.022760e-03,1.021420e-03,1.326920e-06,4.4391,0.9051,1.0749,0.9095,1.799700e-03,3.563410e-03,0,0,-2.7406,3.9125,3.9643,-106.6038,-0.0003,7.2104,48.4608,14.5606,6.2775,4.9138,4.295,4.295,-0.6188,5.5725,5.5725,5.4651,3.9125,1.73943534,1.00001076,0,11,0.72938,-5.33126721,0.99999985,5.956621e+08,58,140,0.816752,1.0,in_box
s_fixj_a2_wcs_27c_vdd1.62v,s_fixj_a2,A1-fixJc,1stage,2,1,-,-,2,0.2304,512,wcs,27,1.62,9.872680e-04,9.848530e-04,2.386680e-06,4.285,0.6277,0.9923,0.857,1.747050e-03,2.830220e-03,0,0,-2.7576,2.8916,2.9502,-104.6857,-0.0003,6.1702,47.1054,13.5197,6.2725,4.9173,5.0191,5.0191,0.1018,6.3871,6.3871,6.2725,2.8916,1.67395753,1.00001082,0,11,0.727947,-5.15162319,0.99999979,6.683439e+08,58,140,0.818513,1.0,in_box
s_fixj_a2_wcs_27c_vdd1.80v,s_fixj_a2,A1-fixJc,1stage,2,1,-,-,2,0.2304,512,wcs,27,1.80,1.005720e-03,1.003260e-03,2.454160e-06,4.3651,0.7919,1.0081,0.857,1.781550e-03,3.206790e-03,0,0,-2.7578,2.959,3.0172,-105.0471,-0.0003,6.2374,47.2865,13.5871,6.2659,4.9133,5.015,5.015,0.1018,6.3805,6.3805,6.2659,2.959,1.69219152,1.00001075,0,11,0.727934,-5.19770617,0.99999981,6.309573e+08,58,140,0.818521,1.0,in_box
s_fixj_a2_wcs_27c_vdd1.98v,s_fixj_a2,A1-fixJc,1stage,2,1,-,-,2,0.2304,512,wcs,27,1.98,1.024950e-03,1.022430e-03,2.525500e-06,4.4486,0.9561,1.0239,0.857,1.816730e-03,3.597120e-03,0,0,-2.7584,3.027,3.0848,-105.2983,-0.0003,6.3047,47.4668,13.6546,6.2592,4.9091,5.0109,5.0109,0.1017,6.3737,6.3737,6.2592,3.027,1.68164603,1.00001036,0,11,0.727882,-5.15187816,0.99999983,6.309573e+08,57,140,0.818527,1.0,in_box
s_fixj_a2_wcs_125c_vdd1.62v,s_fixj_a2,A1-fixJc,1stage,2,1,-,-,2,0.2304,512,wcs,125,1.62,9.916170e-04,9.874650e-04,4.149070e-06,4.3039,0.7092,0.9108,0.7732,1.771340e-03,2.869560e-03,0,0,-2.7757,1.5358,1.6014,-102.7917,-0.0003,4.7941,45.4776,12.1429,6.3814,5.0029,5.9896,5.9896,0.9867,7.4777,7.4777,7.3554,1.5358,1.67301078,1.00001144,0,11,0.726426,-4.67740781,0.99999985,5.956621e+08,55,140,0.821625,1.0,in_box
s_fixj_a2_wcs_125c_vdd1.80v,s_fixj_a2,A1-fixJc,1stage,2,1,-,-,2,0.2304,512,wcs,125,1.80,1.008550e-03,1.004310e-03,4.250580e-06,4.3774,0.8733,0.9267,0.7733,1.804840e-03,3.248700e-03,0,0,-2.7762,1.6083,1.6736,-103.2244,-0.0003,4.866,45.6801,12.215,6.375,4.999,5.9853,5.9853,0.9863,7.4708,7.4708,7.3485,1.6083,1.69997727,1.00001142,0,11,0.726388,-4.85851292,0.99999986,5.956621e+08,55,140,0.821621,1.0,in_box
s_fixj_a2_wcs_125c_vdd1.98v,s_fixj_a2,A1-fixJc,1stage,2,1,-,-,2,0.2304,512,wcs,125,1.98,1.025780e-03,1.021460e-03,4.355290e-06,4.4522,1.0374,0.9426,0.7733,1.838290e-03,3.639810e-03,0,0,-2.7772,1.6796,1.7446,-103.5127,-0.0003,4.9363,45.8869,12.2855,6.3686,4.9951,5.9811,5.9811,0.986,7.464,7.464,7.3418,1.6796,1.68543438,1.0000109,0,11,0.726306,-4.97520529,0.99999986,5.956621e+08,55,140,0.821618,1.0,in_box
s_fixj_a2_sf_-40c_vdd1.62v,s_fixj_a2,A1-fixJc,1stage,2,1,-,-,2,0.2304,512,sf,-40,1.62,9.782350e-04,9.775190e-04,7.003430e-07,4.2458,0.5877,1.0323,0.8989,1.721250e-03,2.788420e-03,0,0,-2.7307,4.566,4.6128,-108.7534,-0.0002,7.8751,49.9847,15.227,5.6157,4.4471,3.864,3.864,-0.583,4.9494,4.9494,4.8484,4.566,1.6817109,1.00000838,0,11,0.730216,-6.878875,0.99999971,7.498942e+08,64,140,0.814735,1.0,in_box
s_fixj_a2_sf_-40c_vdd1.80v,s_fixj_a2,A1-fixJc,1stage,2,1,-,-,2,0.2304,512,sf,-40,1.80,1.001570e-03,1.000830e-03,7.258910e-07,4.3471,0.7519,1.0481,0.8989,1.760450e-03,3.168810e-03,0,0,-2.7307,4.6458,4.6919,-109.0415,-0.0002,7.9549,50.1668,15.3069,5.6071,4.4413,3.8588,3.8588,-0.5826,4.9413,4.9413,4.8404,4.6457,1.68384096,1.00000821,0,11,0.730215,-6.88309587,0.99999975,7.498942e+08,62,140,0.814735,1.0,in_box
s_fixj_a2_sf_-40c_vdd1.98v,s_fixj_a2,A1-fixJc,1stage,2,1,-,-,2,0.2304,512,sf,-40,1.98,1.026170e-03,1.025410e-03,7.532860e-07,4.4539,0.9161,1.0638,0.899,1.800880e-03,3.565740e-03,0,0,-2.731,4.7268,4.7722,-109.2508,-0.0002,8.0355,50.3402,15.3876,5.5982,4.4355,3.8534,3.8534,-0.5821,4.9329,4.9329,4.8321,4.7268,1.67024908,1.00000793,0,11,0.730185,-6.79854122,0.99999979,7.079458e+08,62,140,0.814734,1.0,in_box
s_fixj_a2_sf_27c_vdd1.62v,s_fixj_a2,A1-fixJc,1stage,2,1,-,-,2,0.2304,512,sf,27,1.62,9.897830e-04,9.884170e-04,1.349260e-06,4.2959,0.6404,0.9796,0.8451,1.746650e-03,2.829570e-03,0,0,-2.7387,3.5709,3.6255,-107.4096,-0.0003,6.871,48.8875,14.2225,5.6674,4.487,4.5838,4.5838,0.0968,5.7768,5.7768,5.6674,3.5709,1.63803684,1.00000815,0,11,0.729541,-7.19607599,0.99999969,7.498942e+08,63,140,0.817377,1.0,in_box
s_fixj_a2_sf_27c_vdd1.80v,s_fixj_a2,A1-fixJc,1stage,2,1,-,-,2,0.2304,512,sf,27,1.80,1.010850e-03,1.009450e-03,1.391430e-06,4.3874,0.8046,0.9954,0.8451,1.783740e-03,3.210730e-03,0,0,-2.7389,3.6539,3.7079,-107.7304,-0.0002,6.9537,49.0925,14.3054,5.6593,4.4818,4.5785,4.5785,0.0968,5.7687,5.7687,5.6593,3.6539,1.63697733,1.00000791,0,11,0.729522,-7.31065096,0.99999971,7.498942e+08,63,140,0.817376,1.0,in_box
s_fixj_a2_sf_27c_vdd1.98v,s_fixj_a2,A1-fixJc,1stage,2,1,-,-,2,0.2304,512,sf,27,1.98,1.032990e-03,1.031550e-03,1.436310e-06,4.4835,0.9688,1.0112,0.8452,1.821820e-03,3.607200e-03,0,0,-2.7395,3.7382,3.7916,-107.9585,-0.0002,7.0373,49.2925,14.3891,5.651,4.4764,4.5731,4.5731,0.0967,5.7603,5.7603,5.651,3.7382,1.61500967,1.00000752,0,11,0.72947,-7.32425196,0.99999973,7.498942e+08,63,140,0.817373,1.0,in_box
s_fixj_a2_sf_125c_vdd1.62v,s_fixj_a2,A1-fixJc,1stage,2,1,-,-,2,0.2304,512,sf,125,1.62,1.000490e-03,9.981390e-04,2.351540e-06,4.3424,0.7247,0.8953,0.7592,1.776480e-03,2.877900e-03,0,0,-2.7458,2.1239,2.1872,-105.5569,-0.0003,5.4159,47.2083,12.7668,5.8475,4.6165,5.5651,5.5651,0.9486,6.9057,6.9057,6.7871,2.1239,1.64720607,1.00000864,0,11,0.728942,-7.62803343,0.99999972,7.498942e+08,62,140,0.821508,1.0,in_box
s_fixj_a2_sf_125c_vdd1.80v,s_fixj_a2,A1-fixJc,1stage,2,1,-,-,2,0.2304,512,sf,125,1.80,1.019650e-03,1.017240e-03,2.414830e-06,4.4256,0.8888,0.9112,0.7593,1.812150e-03,3.261860e-03,0,0,-2.7463,2.2107,2.2735,-105.9323,-0.0003,5.5021,47.4429,12.8532,5.8391,4.6111,5.5591,5.5591,0.948,6.8967,6.8967,6.7782,2.2107,1.64525458,1.00000833,0,11,0.728905,-7.92085362,0.99999972,7.498942e+08,62,140,0.821494,1.0,in_box
s_fixj_a2_sf_125c_vdd1.98v,s_fixj_a2,A1-fixJc,1stage,2,1,-,-,2,0.2304,512,sf,125,1.98,1.039370e-03,1.036910e-03,2.480110e-06,4.5112,1.0528,0.9272,0.7593,1.848080e-03,3.659190e-03,0,0,-2.7471,2.2971,2.3595,-106.1915,-0.0002,5.5875,47.676,12.9388,5.8308,4.6057,5.5532,5.5532,0.9475,6.8877,6.8877,6.7693,2.2971,1.61376707,1.00000777,0,11,0.728832,-8.11723192,0.99999971,7.498942e+08,62,140,0.82148,1.0,in_box
s_fixj_a2_fs_-40c_vdd1.62v,s_fixj_a2,A1-fixJc,1stage,2,1,-,-,2,0.2304,512,fs,-40,1.62,9.787500e-04,9.780330e-04,7.007590e-07,4.248,0.5877,1.0323,0.8989,1.725170e-03,2.794780e-03,0,0,-2.7307,4.5681,4.6149,-108.7533,-0.0002,7.8772,49.9868,15.229,5.6155,4.4469,3.8639,3.8639,-0.583,4.9492,4.9492,4.8481,4.5681,1.68109432,1.00000838,0,11,0.730214,-6.88245465,0.99999971,7.498942e+08,64,140,0.814734,1.0,in_box
s_fixj_a2_fs_-40c_vdd1.80v,s_fixj_a2,A1-fixJc,1stage,2,1,-,-,2,0.2304,512,fs,-40,1.80,1.002010e-03,1.001270e-03,7.262420e-07,4.349,0.7519,1.0481,0.899,1.764290e-03,3.175720e-03,0,0,-2.7307,4.6477,4.6938,-109.0414,-0.0002,7.9568,50.1687,15.3088,5.6069,4.4412,3.8586,3.8586,-0.5826,4.9411,4.9411,4.8402,4.6476,1.68329715,1.00000821,0,11,0.730213,-6.8862958,0.99999975,7.498942e+08,62,140,0.814735,1.0,in_box
s_fixj_a2_fs_-40c_vdd1.98v,s_fixj_a2,A1-fixJc,1stage,2,1,-,-,2,0.2304,512,fs,-40,1.98,1.026630e-03,1.025870e-03,7.536810e-07,4.4559,0.9161,1.0639,0.899,1.804740e-03,3.573390e-03,0,0,-2.7311,4.7285,4.7739,-109.2507,-0.0002,8.0373,50.342,15.3894,5.5979,4.4353,3.8532,3.8532,-0.5821,4.9327,4.9327,4.8319,4.7285,1.66975066,1.00000793,0,11,0.730184,-6.80212463,0.99999979,7.079458e+08,62,140,0.814734,1.0,in_box
s_fixj_a2_fs_27c_vdd1.62v,s_fixj_a2,A1-fixJc,1stage,2,1,-,-,2,0.2304,512,fs,27,1.62,9.902100e-04,9.888440e-04,1.349930e-06,4.2978,0.6404,0.9796,0.8451,1.750350e-03,2.835570e-03,0,0,-2.7387,3.573,3.6275,-107.4095,-0.0003,6.873,48.8896,14.2245,5.6671,4.4868,4.5837,4.5837,0.0968,5.7765,5.7765,5.6672,3.573,1.63744703,1.00000814,0,11,0.729539,-7.19900236,0.99999969,7.498942e+08,63,140,0.817377,1.0,in_box
s_fixj_a2_fs_27c_vdd1.80v,s_fixj_a2,A1-fixJc,1stage,2,1,-,-,2,0.2304,512,fs,27,1.80,1.011220e-03,1.009820e-03,1.392020e-06,4.389,0.8046,0.9954,0.8452,1.787370e-03,3.217260e-03,0,0,-2.739,3.6556,3.7096,-107.7303,-0.0002,6.9554,49.0942,14.307,5.6591,4.4816,4.5784,4.5784,0.0968,5.7684,5.7684,5.6591,3.6556,1.6364978,1.00000791,0,11,0.72952,-7.31335611,0.99999971,7.498942e+08,63,140,0.817377,1.0,in_box
s_fixj_a2_fs_27c_vdd1.98v,s_fixj_a2,A1-fixJc,1stage,2,1,-,-,2,0.2304,512,fs,27,1.98,1.033320e-03,1.031890e-03,1.436860e-06,4.4849,0.9688,1.0112,0.8452,1.825410e-03,3.614320e-03,0,0,-2.7396,3.7397,3.7931,-107.9584,-0.0002,7.0388,49.2939,14.3906,5.6508,4.4763,4.573,4.573,0.0967,5.7601,5.7601,5.6508,3.7397,1.61459091,1.00000751,0,11,0.729469,-7.32687721,0.99999973,7.498942e+08,63,140,0.817375,1.0,in_box
s_fixj_a2_fs_125c_vdd1.62v,s_fixj_a2,A1-fixJc,1stage,2,1,-,-,2,0.2304,512,fs,125,1.62,1.000810e-03,9.984500e-04,2.352380e-06,4.3438,0.7247,0.8953,0.7592,1.779880e-03,2.883400e-03,0,0,-2.7458,2.1256,2.1889,-105.5568,-0.0003,5.4175,47.21,12.7684,5.8473,4.6164,5.5649,5.5649,0.9486,6.9054,6.9054,6.7869,2.1256,1.64670195,1.00000863,0,11,0.72894,-7.63023579,0.99999972,7.498942e+08,62,140,0.821512,1.0,in_box
s_fixj_a2_fs_125c_vdd1.80v,s_fixj_a2,A1-fixJc,1stage,2,1,-,-,2,0.2304,512,fs,125,1.80,1.019840e-03,1.017430e-03,2.415360e-06,4.4264,0.8888,0.9113,0.7593,1.815370e-03,3.267670e-03,0,0,-2.7463,2.2117,2.2745,-105.9322,-0.0003,5.5031,47.4438,12.8542,5.839,4.611,5.559,5.559,0.948,6.8965,6.8965,6.7781,2.2117,1.6449636,1.00000833,0,11,0.728903,-7.92236955,0.99999972,7.498942e+08,62,140,0.8215,1.0,in_box
s_fixj_a2_fs_125c_vdd1.98v,s_fixj_a2,A1-fixJc,1stage,2,1,-,-,2,0.2304,512,fs,125,1.98,1.039500e-03,1.037040e-03,2.480490e-06,4.5117,1.0528,0.9272,0.7593,1.851230e-03,3.665430e-03,0,0,-2.7471,2.2978,2.3602,-106.1915,-0.0002,5.5882,47.6766,12.9395,5.8307,4.6057,5.5531,5.5531,0.9475,6.8876,6.8876,6.7692,2.2978,1.61357348,1.00000777,0,11,0.728831,-8.118389,0.99999971,7.498942e+08,62,140,0.821487,1.0,in_box
s_fixj_a4_typ_-40c_vdd1.62v,s_fixj_a4,A1-fixJc,1stage,4,1,-,-,4,0.4608,512,typ,-40,1.62,1.952900e-03,1.951460e-03,1.400970e-06,4.2381,0.5874,1.0326,0.8986,2.697500e-03,4.369940e-03,0,0,-2.8562,9.1462,9.1718,-102.3069,-0.001,12.3082,48.491,19.675,3.8347,3.24,2.7676,2.7676,-0.4724,3.3043,3.3043,3.2254,9.1718,2.1113523,1.00004731,0,11,0.719669,-3.87491974,0.99999831,7.943282e+08,63,140,0.813972,1.0,in_box
s_fixj_a4_typ_-40c_vdd1.80v,s_fixj_a4,A1-fixJc,1stage,4,1,-,-,4,0.4608,512,typ,-40,1.80,2.002340e-03,2.000870e-03,1.455540e-06,4.3454,0.7516,1.0484,0.8987,2.762810e-03,4.973060e-03,0,0,-2.855,9.2071,9.2342,-102.5911,-0.0009,12.3705,48.681,19.739,3.8281,3.2358,2.7639,2.7639,-0.472,3.2983,3.2983,3.2195,9.2342,2.10290381,1.00004579,0,11,0.719775,-3.89401343,0.99999836,7.943282e+08,63,140,0.813981,1.0,in_box
s_fixj_a4_typ_-40c_vdd1.98v,s_fixj_a4,A1-fixJc,1stage,4,1,-,-,4,0.4608,512,typ,-40,1.98,2.054640e-03,2.053120e-03,1.514320e-06,4.4589,0.9158,1.0642,0.8987,2.830930e-03,5.605250e-03,0,0,-2.8546,9.2684,9.2971,-102.7966,-0.0009,12.4324,48.8602,19.8026,3.8212,3.2315,2.76,2.76,-0.4715,3.2921,3.2921,3.2133,9.2971,2.07808759,1.00004404,0,11,0.719806,-3.86990178,0.99999839,7.943282e+08,63,140,0.813988,1.0,in_box
s_fixj_a4_typ_27c_vdd1.62v,s_fixj_a4,A1-fixJc,1stage,4,1,-,-,4,0.4608,512,typ,27,1.62,1.964790e-03,1.962080e-03,2.680740e-06,4.2639,0.6398,0.9802,0.8446,2.723130e-03,4.411460e-03,0,0,-2.8741,8.3858,8.3942,-100.9901,-0.001,11.5283,47.6106,18.8776,3.8822,3.278,3.3579,3.3579,0.0798,3.9712,3.9712,3.8822,8.3942,1.9962201,1.00004491,0,11,0.718188,-4.01470917,0.99999839,7.943282e+08,63,140,0.816055,1.0,in_box
s_fixj_a4_typ_27c_vdd1.80v,s_fixj_a4,A1-fixJc,1stage,4,1,-,-,4,0.4608,512,typ,27,1.80,2.008630e-03,2.005840e-03,2.769050e-06,4.359,0.804,0.996,0.8446,2.782970e-03,5.009350e-03,0,0,-2.8733,8.4522,8.462,-101.3077,-0.0009,11.5957,47.8221,18.9466,3.8762,3.2744,3.3542,3.3542,0.0797,3.9651,3.9651,3.8762,8.462,1.98647866,1.00004322,0,11,0.718257,-4.0764217,0.99999841,7.943282e+08,63,140,0.816065,1.0,in_box
s_fixj_a4_typ_27c_vdd1.98v,s_fixj_a4,A1-fixJc,1stage,4,1,-,-,4,0.4608,512,typ,27,1.98,2.054800e-03,2.051940e-03,2.863370e-06,4.4592,0.9681,1.0119,0.8446,2.845090e-03,5.633270e-03,0,0,-2.8735,8.5191,8.5303,-101.5329,-0.0009,11.6624,48.0238,19.015,3.87,3.2707,3.3504,3.3504,0.0797,3.9587,3.9587,3.87,8.5303,1.95643987,1.00004115,0,11,0.718243,-4.09177921,0.99999839,8.413951e+08,63,140,0.816072,1.0,in_box
s_fixj_a4_typ_125c_vdd1.62v,s_fixj_a4,A1-fixJc,1stage,4,1,-,-,4,0.4608,512,typ,125,1.62,1.973120e-03,1.968470e-03,4.634700e-06,4.2819,0.7236,0.8964,0.7582,2.750310e-03,4.455500e-03,0,0,-2.8883,7.196,7.2092,-99.1677,-0.001,10.3318,46.2096,17.6629,4.0302,3.385,4.1836,4.1836,0.7986,4.9133,4.9133,4.8126,7.196,1.9119584,1.00004399,0,11,0.717005,-4.22486647,0.99999865,7.498942e+08,62,140,0.819571,1.0,in_box
s_fixj_a4_typ_125c_vdd1.80v,s_fixj_a4,A1-fixJc,1stage,4,1,-,-,4,0.4608,512,typ,125,1.80,2.012110e-03,2.007360e-03,4.764140e-06,4.3666,0.8876,0.9124,0.7583,2.805060e-03,5.049110e-03,0,0,-2.888,7.2703,7.2824,-99.5403,-0.001,10.4065,46.4521,17.7381,4.024,3.3814,4.1795,4.1795,0.7981,4.9064,4.9064,4.8059,7.2703,1.90179174,1.00004204,0,11,0.717033,-4.36396112,0.99999863,7.943282e+08,62,140,0.819568,1.0,in_box
s_fixj_a4_typ_125c_vdd1.98v,s_fixj_a4,A1-fixJc,1stage,4,1,-,-,4,0.4608,512,typ,125,1.98,2.052380e-03,2.047510e-03,4.898140e-06,4.4539,1.0516,0.9284,0.7583,2.862360e-03,5.667460e-03,0,0,-2.8889,7.344,7.3549,-99.7972,-0.001,10.4792,46.6848,17.8113,4.0179,3.3778,4.1754,4.1754,0.7976,4.8995,4.8995,4.799,7.344,1.86497251,1.00003947,0,11,0.716965,-4.46304866,0.99999856,7.943282e+08,62,140,0.819562,1.0,in_box
s_fixj_a4_bcs_-40c_vdd1.62v,s_fixj_a4,A1-fixJc,1stage,4,1,-,-,4,0.4608,512,bcs,-40,1.62,1.953230e-03,1.952460e-03,7.550960e-07,4.2388,0.597,1.023,0.8896,2.698290e-03,4.371220e-03,0,0,-2.8369,9.743,9.784,-105.2128,-0.0008,12.9266,50.1529,20.312,3.3287,2.8888,2.4541,2.4541,-0.4346,2.8472,2.8472,2.776,9.784,2.20332693,1.0000396,0,11,0.721289,-4.35227963,0.99999813,8.413951e+08,65,140,0.811923,1.0,in_box
s_fixj_a4_bcs_-40c_vdd1.80v,s_fixj_a4,A1-fixJc,1stage,4,1,-,-,4,0.4608,512,bcs,-40,1.80,2.010710e-03,2.009910e-03,7.880580e-07,4.3635,0.7612,1.0388,0.8897,2.771610e-03,4.988910e-03,0,0,-2.8362,9.8156,9.8587,-105.4648,-0.0007,13.0002,50.3527,20.3878,3.3209,2.8836,2.4495,2.4495,-0.4341,2.8402,2.8402,2.7691,9.8587,2.1836134,1.00003818,0,11,0.721357,-4.3844011,0.99999815,8.413951e+08,64,140,0.811924,1.0,in_box
s_fixj_a4_bcs_-40c_vdd1.98v,s_fixj_a4,A1-fixJc,1stage,4,1,-,-,4,0.4608,512,bcs,-40,1.98,2.072370e-03,2.071540e-03,8.240030e-07,4.4973,0.9253,1.0547,0.8897,2.849100e-03,5.641210e-03,0,0,-2.8361,9.8892,9.9345,-105.6476,-0.0007,13.074,50.5396,20.464,3.3128,2.8782,2.4447,2.4447,-0.4335,2.8329,2.8329,2.7619,9.9345,2.15187688,1.00003671,0,11,0.721365,-4.37600039,0.99999816,8.413951e+08,65,140,0.811922,1.0,in_box
s_fixj_a4_bcs_27c_vdd1.62v,s_fixj_a4,A1-fixJc,1stage,4,1,-,-,4,0.4608,512,bcs,27,1.62,1.978440e-03,1.976970e-03,1.452220e-06,4.2935,0.6507,0.9693,0.8348,2.735640e-03,4.431730e-03,0,0,-2.8452,8.9409,8.961,-103.9216,-0.0008,12.1149,49.259,19.4794,3.4282,2.9601,3.0346,3.0346,0.0745,3.5103,3.5103,3.4282,8.961,2.08156811,1.00003747,0,11,0.720599,-4.66906173,0.99999819,8.413951e+08,65,140,0.815006,1.0,in_box
s_fixj_a4_bcs_27c_vdd1.80v,s_fixj_a4,A1-fixJc,1stage,4,1,-,-,4,0.4608,512,bcs,27,1.80,2.029030e-03,2.027510e-03,1.505610e-06,4.4033,0.8148,0.9852,0.8348,2.803160e-03,5.045690e-03,0,0,-2.8449,9.0194,9.0414,-104.2027,-0.0007,12.194,49.4848,19.5606,3.4206,2.9552,3.0296,3.0296,0.0744,3.5027,3.5027,3.4206,9.0414,2.05696479,1.00003578,0,11,0.720632,-4.74656467,0.99999817,8.413951e+08,65,140,0.815005,1.0,in_box
s_fixj_a4_bcs_27c_vdd1.98v,s_fixj_a4,A1-fixJc,1stage,4,1,-,-,4,0.4608,512,bcs,27,1.98,2.082910e-03,2.081340e-03,1.563000e-06,4.5202,0.9789,1.0011,0.8348,2.872980e-03,5.688490e-03,0,0,-2.8453,9.0991,9.123,-104.4042,-0.0007,12.2733,49.6988,19.642,3.4128,2.9501,3.0244,3.0244,0.0743,3.4948,3.4948,3.4128,9.123,2.01722978,1.00003397,0,11,0.720598,-4.77991469,0.99999813,8.912509e+08,65,140,0.815,1.0,in_box
s_fixj_a4_bcs_125c_vdd1.62v,s_fixj_a4,A1-fixJc,1stage,4,1,-,-,4,0.4608,512,bcs,125,1.62,2.001080e-03,1.998550e-03,2.522410e-06,4.3426,0.7366,0.8834,0.747,2.777360e-03,4.499330e-03,0,0,-2.8475,7.7206,7.726,-102.1384,-0.0008,10.8972,47.8514,18.2355,3.6236,3.0974,3.8535,3.8535,0.7561,4.4552,4.4552,4.3599,7.7206,1.99179316,1.00003652,0,11,0.720405,-5.11829902,0.9999984,8.413951e+08,64,140,0.819673,1.0,in_box
s_fixj_a4_bcs_125c_vdd1.80v,s_fixj_a4,A1-fixJc,1stage,4,1,-,-,4,0.4608,512,bcs,125,1.80,2.045610e-03,2.043020e-03,2.600410e-06,4.4393,0.9006,0.8994,0.7471,2.838340e-03,5.109010e-03,0,0,-2.8476,7.8073,7.8111,-102.465,-0.0008,10.9824,48.1133,18.3226,3.6158,3.0923,3.8476,3.8476,0.7553,4.4463,4.4463,4.3511,7.8073,1.9609061,1.00003442,0,11,0.720401,-5.27799945,0.99999833,8.413951e+08,64,140,0.819658,1.0,in_box
s_fixj_a4_bcs_125c_vdd1.98v,s_fixj_a4,A1-fixJc,1stage,4,1,-,-,4,0.4608,512,bcs,125,1.98,2.092210e-03,2.089540e-03,2.679710e-06,4.5404,1.0646,0.9154,0.7471,2.901120e-03,5.744220e-03,0,0,-2.8486,7.8943,7.8967,-102.6952,-0.0007,11.0667,48.3636,18.4088,3.6078,3.0872,3.8418,3.8418,0.7545,4.4372,4.4372,4.3422,7.8943,1.91065242,1.00003209,0,11,0.720318,-5.39803131,0.99999823,8.413951e+08,65,140,0.819637,1.0,in_box
s_fixj_a4_wcs_-40c_vdd1.62v,s_fixj_a4,A1-fixJc,1stage,4,1,-,-,4,0.4608,512,wcs,-40,1.62,1.947640e-03,1.945100e-03,2.469430e-06,4.2266,0.5762,1.0438,0.909,2.692750e-03,4.362250e-03,0,0,-2.8791,8.5504,8.5627,-99.6505,-0.0012,11.6873,46.9189,19.0372,4.3634,3.6074,3.0983,3.0983,-0.5091,3.7872,3.7872,3.7008,8.5627,2.05202931,1.0000563,0,11,0.717752,-3.24342034,0.99999858,7.498942e+08,61,140,0.815483,1.0,in_box
s_fixj_a4_wcs_-40c_vdd1.80v,s_fixj_a4,A1-fixJc,1stage,4,1,-,-,4,0.4608,512,wcs,-40,1.80,1.989990e-03,1.987400e-03,2.555430e-06,4.3186,0.7404,1.0596,0.909,2.751010e-03,4.951820e-03,0,0,-2.8774,8.6013,8.6146,-99.9679,-0.0012,11.7401,47.098,19.0913,4.3576,3.6041,3.0953,3.0953,-0.5087,3.7818,3.7818,3.6956,8.6146,2.05623852,1.00005485,0,11,0.717895,-3.24594696,0.99999865,7.498942e+08,61,140,0.815504,1.0,in_box
s_fixj_a4_wcs_-40c_vdd1.98v,s_fixj_a4,A1-fixJc,1stage,4,1,-,-,4,0.4608,512,wcs,-40,1.98,2.034320e-03,2.031650e-03,2.647070e-06,4.4148,0.9045,1.0755,0.909,2.811150e-03,5.566070e-03,0,0,-2.8768,8.6521,8.6666,-100.1945,-0.0011,11.7917,47.268,19.1442,4.3515,3.6007,3.0922,3.0922,-0.5084,3.7763,3.7763,3.6901,8.6666,2.03922548,1.0000529,0,11,0.717945,-3.20526771,0.9999987,7.498942e+08,61,140,0.815523,1.0,in_box
s_fixj_a4_wcs_27c_vdd1.62v,s_fixj_a4,A1-fixJc,1stage,4,1,-,-,4,0.4608,512,wcs,27,1.62,1.942090e-03,1.937340e-03,4.693060e-06,4.2146,0.6266,0.9934,0.856,2.701680e-03,4.376720e-03,0,0,-2.9115,7.8157,7.8179,-98.309,-0.0012,10.9202,46.0365,18.2553,4.3599,3.6156,3.7007,3.7007,0.0851,4.4551,4.4551,4.3599,7.8157,1.94650438,1.00005379,0,11,0.715078,-3.09378502,0.99999872,7.498942e+08,60,140,0.816345,1.0,in_box
s_fixj_a4_wcs_27c_vdd1.80v,s_fixj_a4,A1-fixJc,1stage,4,1,-,-,4,0.4608,512,wcs,27,1.80,1.979530e-03,1.974670e-03,4.830750e-06,4.2959,0.7908,1.0092,0.856,2.755160e-03,4.959280e-03,0,0,-2.9102,7.8721,7.8737,-98.6674,-0.0012,10.9772,46.2325,18.3134,4.3552,3.6133,3.6983,3.6983,0.085,4.4504,4.4504,4.3552,7.8721,1.95366516,1.00005236,0,11,0.715184,-3.12881078,0.99999878,7.498942e+08,60,140,0.816373,1.0,in_box
s_fixj_a4_wcs_27c_vdd1.98v,s_fixj_a4,A1-fixJc,1stage,4,1,-,-,4,0.4608,512,wcs,27,1.98,2.018570e-03,2.013590e-03,4.976520e-06,4.3806,0.9549,1.0251,0.856,2.810140e-03,5.564070e-03,0,0,-2.9103,7.9283,7.9294,-98.9162,-0.0012,11.0326,46.4209,18.3701,4.3503,3.6108,3.6958,3.6958,0.085,4.4454,4.4454,4.3503,7.9284,1.93411734,1.00005017,0,11,0.715183,-3.12376806,0.99999879,7.498942e+08,60,140,0.816398,1.0,in_box
s_fixj_a4_wcs_125c_vdd1.62v,s_fixj_a4,A1-fixJc,1stage,4,1,-,-,4,0.4608,512,wcs,125,1.62,1.930190e-03,1.922130e-03,8.054950e-06,4.1888,0.7074,0.9126,0.7715,2.709590e-03,4.389530e-03,0,0,-2.9439,6.6315,6.6522,-96.4472,-0.0013,9.7092,44.6125,17.0359,4.4615,3.6962,4.5373,4.5373,0.8411,5.3937,5.3937,5.288,6.6315,1.87517119,1.00005333,0,11,0.712401,-2.92491191,0.99999904,6.683439e+08,57,140,0.818459,1.0,in_box
s_fixj_a4_wcs_125c_vdd1.80v,s_fixj_a4,A1-fixJc,1stage,4,1,-,-,4,0.4608,512,wcs,125,1.80,1.963480e-03,1.955250e-03,8.255060e-06,4.261,0.8715,0.9285,0.7715,2.759450e-03,4.967010e-03,0,0,-2.9432,6.6942,6.714,-96.8764,-0.0012,9.7726,44.8336,17.0998,4.457,3.694,4.5349,4.5349,0.8409,5.3888,5.3888,5.2831,6.6942,1.88940562,1.00005197,0,11,0.712466,-3.01769376,0.99999907,6.683439e+08,57,140,0.818475,1.0,in_box
s_fixj_a4_wcs_125c_vdd1.98v,s_fixj_a4,A1-fixJc,1stage,4,1,-,-,4,0.4608,512,wcs,125,1.98,1.997370e-03,1.988980e-03,8.461570e-06,4.3346,1.0355,0.9445,0.7715,2.809560e-03,5.562930e-03,0,0,-2.944,6.7553,6.7742,-97.1624,-0.0012,9.8329,45.048,17.1606,4.4526,3.692,4.5326,4.5326,0.8406,5.3838,5.3838,5.2782,6.7553,1.86689058,1.00004935,0,11,0.712407,-3.07764592,0.99999905,7.079458e+08,58,140,0.818493,1.0,in_box
s_fixj_a4_sf_-40c_vdd1.62v,s_fixj_a4,A1-fixJc,1stage,4,1,-,-,4,0.4608,512,sf,-40,1.62,1.952410e-03,1.950980e-03,1.400570e-06,4.237,0.5875,1.0325,0.8986,2.695370e-03,4.366490e-03,0,0,-2.8562,9.1454,9.171,-102.3071,-0.001,12.3074,48.4902,19.6741,3.8349,3.24,2.7676,2.7676,-0.4724,3.3045,3.3045,3.2255,9.171,2.11162273,1.00004732,0,11,0.719671,-3.87392137,0.99999831,7.943282e+08,63,140,0.813973,1.0,in_box
s_fixj_a4_sf_-40c_vdd1.80v,s_fixj_a4,A1-fixJc,1stage,4,1,-,-,4,0.4608,512,sf,-40,1.80,2.001880e-03,2.000400e-03,1.455160e-06,4.3444,0.7517,1.0483,0.8986,2.760700e-03,4.969270e-03,0,0,-2.855,9.2064,9.2335,-102.5912,-0.0009,12.3699,48.6804,19.7383,3.8282,3.2359,2.7639,2.7639,-0.472,3.2984,3.2984,3.2195,9.2335,2.10308609,1.00004579,0,11,0.719776,-3.89321673,0.99999836,7.943282e+08,63,140,0.813981,1.0,in_box
s_fixj_a4_sf_-40c_vdd1.98v,s_fixj_a4,A1-fixJc,1stage,4,1,-,-,4,0.4608,512,sf,-40,1.98,2.054190e-03,2.052660e-03,1.513930e-06,4.4579,0.9158,1.0642,0.8987,2.828840e-03,5.601100e-03,0,0,-2.8546,9.2678,9.2965,-102.7966,-0.0009,12.4318,48.8596,19.802,3.8213,3.2316,2.76,2.76,-0.4715,3.2921,3.2921,3.2134,9.2965,2.07825323,1.00004404,0,11,0.719807,-3.86909136,0.99999839,7.943282e+08,63,140,0.813988,1.0,in_box
s_fixj_a4_sf_27c_vdd1.62v,s_fixj_a4,A1-fixJc,1stage,4,1,-,-,4,0.4608,512,sf,27,1.62,1.964410e-03,1.961700e-03,2.680140e-06,4.263,0.6399,0.9801,0.8446,2.721170e-03,4.408290e-03,0,0,-2.8741,8.3851,8.3935,-100.9902,-0.001,11.5276,47.6099,18.8769,3.8823,3.2781,3.3579,3.3579,0.0798,3.9712,3.9712,3.8823,8.3935,1.996413,1.00004491,0,11,0.71819,-4.01408266,0.99999839,7.943282e+08,63,140,0.816054,1.0,in_box
s_fixj_a4_sf_27c_vdd1.80v,s_fixj_a4,A1-fixJc,1stage,4,1,-,-,4,0.4608,512,sf,27,1.80,2.008290e-03,2.005500e-03,2.768510e-06,4.3583,0.804,0.996,0.8446,2.781060e-03,5.005910e-03,0,0,-2.8733,8.4516,8.4614,-101.3078,-0.0009,11.5951,47.8215,18.946,3.8763,3.2745,3.3542,3.3542,0.0798,3.9651,3.9651,3.8763,8.4614,1.98663835,1.00004322,0,11,0.718259,-4.07582583,0.99999841,7.943282e+08,63,140,0.816064,1.0,in_box
s_fixj_a4_sf_27c_vdd1.98v,s_fixj_a4,A1-fixJc,1stage,4,1,-,-,4,0.4608,512,sf,27,1.98,2.054480e-03,2.051620e-03,2.862860e-06,4.4585,0.9681,1.0119,0.8446,2.843200e-03,5.629530e-03,0,0,-2.8735,8.5185,8.5298,-101.5329,-0.0009,11.6619,48.0233,19.0145,3.8701,3.2708,3.3504,3.3504,0.0797,3.9588,3.9588,3.8701,8.5298,1.95657887,1.00004116,0,11,0.718244,-4.09119789,0.9999984,8.413951e+08,63,140,0.816071,1.0,in_box
s_fixj_a4_sf_125c_vdd1.62v,s_fixj_a4,A1-fixJc,1stage,4,1,-,-,4,0.4608,512,sf,125,1.62,1.972890e-03,1.968250e-03,4.634090e-06,4.2814,0.7236,0.8964,0.7582,2.748700e-03,4.452900e-03,0,0,-2.8883,7.1955,7.2087,-99.1678,-0.001,10.3313,46.2092,17.6624,4.0302,3.385,4.1836,4.1836,0.7986,4.9134,4.9134,4.8127,7.1955,1.91209995,1.00004399,0,11,0.717006,-4.22447401,0.99999865,7.498942e+08,62,140,0.819568,1.0,in_box
s_fixj_a4_sf_125c_vdd1.80v,s_fixj_a4,A1-fixJc,1stage,4,1,-,-,4,0.4608,512,sf,125,1.80,2.011960e-03,2.007210e-03,4.763730e-06,4.3662,0.8876,0.9124,0.7583,2.804280e-03,5.047710e-03,0,0,-2.888,7.27,7.2821,-99.5403,-0.001,10.4061,46.4517,17.7378,4.0241,3.3814,4.1795,4.1795,0.7981,4.9065,4.9065,4.8059,7.27,1.90187835,1.00004204,0,11,0.717034,-4.36367147,0.99999863,7.943282e+08,62,140,0.819564,1.0,in_box
s_fixj_a4_sf_125c_vdd1.98v,s_fixj_a4,A1-fixJc,1stage,4,1,-,-,4,0.4608,512,sf,125,1.98,2.052240e-03,2.047370e-03,4.897730e-06,4.4536,1.0516,0.9284,0.7583,2.860740e-03,5.664270e-03,0,0,-2.8889,7.3437,7.3546,-99.7972,-0.001,10.4789,46.6845,17.811,4.0179,3.3778,4.1754,4.1754,0.7976,4.8995,4.8995,4.7991,7.3437,1.86505023,1.00003947,0,11,0.716965,-4.4627656,0.99999856,7.943282e+08,62,140,0.819559,1.0,in_box
s_fixj_a4_fs_-40c_vdd1.62v,s_fixj_a4,A1-fixJc,1stage,4,1,-,-,4,0.4608,512,fs,-40,1.62,1.953440e-03,1.952000e-03,1.401410e-06,4.2392,0.5874,1.0326,0.8987,2.699800e-03,4.373680e-03,0,0,-2.8562,9.1469,9.1725,-102.3069,-0.001,12.3088,48.4917,19.6756,3.8347,3.2399,2.7675,2.7675,-0.4724,3.3043,3.3043,3.2253,9.1725,2.11118748,1.00004731,0,11,0.719668,-3.87558901,0.99999831,7.943282e+08,63,140,0.813971,1.0,in_box
s_fixj_a4_fs_-40c_vdd1.80v,s_fixj_a4,A1-fixJc,1stage,4,1,-,-,4,0.4608,512,fs,-40,1.80,2.002730e-03,2.001260e-03,1.455830e-06,4.3462,0.7516,1.0484,0.8987,2.764960e-03,4.976920e-03,0,0,-2.855,9.2076,9.2348,-102.5911,-0.0009,12.3711,48.6816,19.7396,3.828,3.2358,2.7638,2.7638,-0.472,3.2982,3.2982,3.2194,9.2348,2.10276064,1.00004579,0,11,0.719774,-3.89466681,0.99999836,7.943282e+08,63,140,0.81398,1.0,in_box
s_fixj_a4_fs_-40c_vdd1.98v,s_fixj_a4,A1-fixJc,1stage,4,1,-,-,4,0.4608,512,fs,-40,1.98,2.055120e-03,2.053590e-03,1.514730e-06,4.4599,0.9158,1.0642,0.8987,2.833170e-03,5.609670e-03,0,0,-2.8546,9.2691,9.2978,-102.7965,-0.0009,12.433,48.8608,19.8032,3.8211,3.2315,2.76,2.76,-0.4715,3.292,3.292,3.2132,9.2978,2.07791122,1.00004404,0,11,0.719805,-3.87075914,0.99999838,7.943282e+08,63,140,0.813987,1.0,in_box
s_fixj_a4_fs_27c_vdd1.62v,s_fixj_a4,A1-fixJc,1stage,4,1,-,-,4,0.4608,512,fs,27,1.62,1.965260e-03,1.962540e-03,2.681450e-06,4.2649,0.6398,0.9802,0.8446,2.725290e-03,4.414970e-03,0,0,-2.8741,8.3866,8.395,-100.99,-0.001,11.5291,47.6114,18.8784,3.8821,3.278,3.3578,3.3578,0.0798,3.9711,3.9711,3.8822,8.395,1.99598694,1.0000449,0,11,0.718186,-4.01545697,0.99999839,7.943282e+08,63,140,0.816054,1.0,in_box
s_fixj_a4_fs_27c_vdd1.80v,s_fixj_a4,A1-fixJc,1stage,4,1,-,-,4,0.4608,512,fs,27,1.80,2.009010e-03,2.006230e-03,2.769660e-06,4.3598,0.804,0.996,0.8446,2.785050e-03,5.013090e-03,0,0,-2.8733,8.4528,8.4627,-101.3077,-0.0009,11.5963,47.8227,18.9473,3.8761,3.2744,3.3541,3.3541,0.0797,3.965,3.965,3.8761,8.4627,1.98629726,1.00004321,0,11,0.718256,-4.07709184,0.99999841,7.943282e+08,63,140,0.816065,1.0,in_box
s_fixj_a4_fs_27c_vdd1.98v,s_fixj_a4,A1-fixJc,1stage,4,1,-,-,4,0.4608,512,fs,27,1.98,2.055150e-03,2.052290e-03,2.863940e-06,4.46,0.9681,1.0119,0.8446,2.847120e-03,5.637300e-03,0,0,-2.8735,8.5196,8.5309,-101.5328,-0.0009,11.663,48.0244,19.0156,3.8699,3.2707,3.3504,3.3504,0.0797,3.9587,3.9587,3.8699,8.5309,1.95628528,1.00004115,0,11,0.718241,-4.09242065,0.99999839,8.413951e+08,63,140,0.816073,1.0,in_box
s_fixj_a4_fs_125c_vdd1.62v,s_fixj_a4,A1-fixJc,1stage,4,1,-,-,4,0.4608,512,fs,125,1.62,1.973490e-03,1.968840e-03,4.635700e-06,4.2827,0.7236,0.8964,0.7583,2.752370e-03,4.458840e-03,0,0,-2.8883,7.1968,7.21,-99.1676,-0.001,10.3326,46.2105,17.6637,4.0301,3.3849,4.1835,4.1835,0.7986,4.9132,4.9132,4.8125,7.1968,1.91172669,1.00004398,0,11,0.717003,-4.22548392,0.99999865,7.498942e+08,62,140,0.819571,1.0,in_box
s_fixj_a4_fs_125c_vdd1.80v,s_fixj_a4,A1-fixJc,1stage,4,1,-,-,4,0.4608,512,fs,125,1.80,2.012310e-03,2.007550e-03,4.764680e-06,4.367,0.8876,0.9124,0.7583,2.807650e-03,5.053770e-03,0,0,-2.888,7.2708,7.2828,-99.5402,-0.001,10.4069,46.4525,17.7385,4.024,3.3813,4.1794,4.1794,0.7981,4.9063,4.9063,4.8058,7.2708,1.90167614,1.00004203,0,11,0.717032,-4.36433387,0.99999863,7.943282e+08,62,140,0.81957,1.0,in_box
s_fixj_a4_fs_125c_vdd1.98v,s_fixj_a4,A1-fixJc,1stage,4,1,-,-,4,0.4608,512,fs,125,1.98,2.052500e-03,2.047630e-03,4.898470e-06,4.4542,1.0516,0.9284,0.7583,2.864020e-03,5.670770e-03,0,0,-2.8889,7.3443,7.3551,-99.7972,-0.001,10.4795,46.6851,17.8115,4.0178,3.3778,4.1753,4.1753,0.7976,4.8995,4.8995,4.799,7.3443,1.86490728,1.00003947,0,11,0.716964,-4.46328891,0.99999856,7.943282e+08,62,140,0.819566,1.0,in_box
s_fixj_a6_typ_-40c_vdd1.62v,s_fixj_a6,A1-fixJc,1stage,6,1,-,-,6,0.6912,512,typ,-40,1.62,2.917230e-03,2.915080e-03,2.094670e-06,4.2205,0.5872,1.0328,0.8984,3.661760e-03,5.932060e-03,0,0,-2.9558,10.9637,11.0472,-98.5716,-0.0023,14.0213,46.3632,21.3882,3.0221,2.6829,2.2716,2.2716,-0.4112,2.5728,2.5728,2.5067,11.0472,3.03535356,1.00016147,0,11,0.711347,-3.0868417,0.99999727,6.683439e+08,62,140,0.813224,1.0,in_box
s_fixj_a6_typ_-40c_vdd1.80v,s_fixj_a6,A1-fixJc,1stage,6,1,-,-,6,0.6912,512,typ,-40,1.80,2.993090e-03,2.990880e-03,2.178760e-06,4.3303,0.7513,1.0487,0.8984,3.753500e-03,6.756290e-03,0,0,-2.9524,11.0074,11.0926,-98.8545,-0.0023,14.0687,46.5465,21.4364,3.0169,2.6796,2.2688,2.2688,-0.4108,2.5682,2.5682,2.5021,11.0926,3.02211264,1.00015624,0,11,0.71163,-3.11088464,0.9999973,6.683439e+08,61,140,0.813242,1.0,in_box
s_fixj_a6_typ_-40c_vdd1.98v,s_fixj_a6,A1-fixJc,1stage,6,1,-,-,6,0.6912,512,typ,-40,1.98,3.073630e-03,3.071340e-03,2.269730e-06,4.4468,0.9154,1.0646,0.8984,3.849860e-03,7.622720e-03,0,0,-2.9504,11.0511,11.138,-99.0588,-0.0022,14.1147,46.7173,21.4829,3.0115,2.6763,2.2658,2.2658,-0.4105,2.5633,2.5633,2.4973,11.138,2.98862594,1.00015095,0,11,0.711801,-3.10513936,0.9999973,6.683439e+08,61,140,0.813258,1.0,in_box
s_fixj_a6_typ_27c_vdd1.62v,s_fixj_a6,A1-fixJc,1stage,6,1,-,-,6,0.6912,512,typ,27,1.62,2.919040e-03,2.915010e-03,3.982060e-06,4.2231,0.6392,0.9808,0.844,3.677260e-03,5.957170e-03,0,0,-2.9898,10.4026,10.4668,-97.2731,-0.0024,13.4246,45.6582,20.7905,3.067,2.7208,2.7909,2.7909,0.0702,3.1433,3.1433,3.067,10.4668,2.83330157,1.00015663,0,11,0.708562,-3.18629877,0.99999751,6.683439e+08,61,140,0.814776,1.0,in_box
s_fixj_a6_typ_27c_vdd1.80v,s_fixj_a6,A1-fixJc,1stage,6,1,-,-,6,0.6912,512,typ,27,1.80,2.985350e-03,2.981210e-03,4.116090e-06,4.3191,0.8033,0.9967,0.844,3.759590e-03,6.767260e-03,0,0,-2.9868,10.4523,10.5181,-97.5894,-0.0023,13.4776,45.8617,20.8442,3.0624,2.7181,2.7882,2.7882,0.0701,3.1387,3.1387,3.0624,10.5181,2.82011845,1.00015095,0,11,0.708812,-3.23864981,0.99999752,6.683439e+08,61,140,0.814799,1.0,in_box
s_fixj_a6_typ_27c_vdd1.98v,s_fixj_a6,A1-fixJc,1stage,6,1,-,-,6,0.6912,512,typ,27,1.98,3.055250e-03,3.050990e-03,4.259390e-06,4.4202,0.9674,1.0126,0.844,3.845420e-03,7.613930e-03,0,0,-2.9854,10.5018,10.5693,-97.8135,-0.0022,13.5287,46.0524,20.896,3.0577,2.7154,2.7855,2.7855,0.0701,3.1339,3.1339,3.0577,10.5693,2.78285401,1.000145,0,11,0.708934,-3.25847163,0.99999748,6.683439e+08,61,140,0.814818,1.0,in_box
s_fixj_a6_typ_125c_vdd1.62v,s_fixj_a6,A1-fixJc,1stage,6,1,-,-,6,0.6912,512,typ,125,1.62,2.913620e-03,2.906770e-03,6.833760e-06,4.2153,0.7226,0.8974,0.7573,3.690710e-03,5.978940e-03,0,0,-3.0218,9.4864,9.5235,-95.4738,-0.0025,12.4752,44.5039,19.8309,3.195,2.8172,3.5286,3.5286,0.7114,3.9658,3.9658,3.877,9.5235,2.6439736,1.00015377,0,11,0.705943,-3.33908816,0.99999796,6.309573e+08,60,140,0.81773,1.0,in_box
s_fixj_a6_typ_125c_vdd1.80v,s_fixj_a6,A1-fixJc,1stage,6,1,-,-,6,0.6912,512,typ,125,1.80,2.971510e-03,2.964500e-03,7.026210e-06,4.2991,0.8866,0.9134,0.7573,3.765090e-03,6.777160e-03,0,0,-3.0194,9.5442,9.5828,-95.8448,-0.0024,12.5356,44.7384,19.8934,3.1904,2.8146,3.5256,3.5256,0.711,3.9606,3.9606,3.8718,9.5828,2.63116123,1.00014728,0,11,0.706145,-3.44519062,0.99999793,6.309573e+08,59,140,0.817739,1.0,in_box
s_fixj_a6_typ_125c_vdd1.98v,s_fixj_a6,A1-fixJc,1stage,6,1,-,-,6,0.6912,512,typ,125,1.98,3.031360e-03,3.024180e-03,7.225600e-06,4.3856,1.0505,0.9295,0.7573,3.841150e-03,7.605470e-03,0,0,-3.0189,9.6008,9.641,-96.1007,-0.0023,12.5929,44.9587,19.9529,3.1858,2.8121,3.5227,3.5227,0.7106,3.9553,3.9553,3.8666,9.641,2.58821398,1.0001402,0,11,0.70619,-3.52173441,0.99999784,6.683439e+08,60,140,0.817745,1.0,in_box
s_fixj_a6_bcs_-40c_vdd1.62v,s_fixj_a6,A1-fixJc,1stage,6,1,-,-,6,0.6912,512,bcs,-40,1.62,2.928390e-03,2.927230e-03,1.133630e-06,4.2367,0.5969,1.0231,0.8895,3.673410e-03,5.950930e-03,0,0,-2.9193,11.3797,11.4789,-101.4461,-0.0018,14.4764,47.8302,21.8504,2.6144,2.3863,2.0106,2.0106,-0.3757,2.2112,2.2112,2.1522,11.4789,3.22370007,1.00013459,0,11,0.714389,-3.43209487,0.99999699,7.079458e+08,63,140,0.811493,1.0,in_box
s_fixj_a6_bcs_-40c_vdd1.80v,s_fixj_a6,A1-fixJc,1stage,6,1,-,-,6,0.6912,512,bcs,-40,1.80,3.017690e-03,3.016490e-03,1.185070e-06,4.3659,0.761,1.039,0.8895,3.778560e-03,6.801410e-03,0,0,-2.9166,11.4296,11.5309,-101.6968,-0.0018,14.5294,48.018,21.9039,2.6082,2.3821,2.0069,2.0069,-0.3752,2.2057,2.2057,2.1468,11.5309,3.19677868,1.00013006,0,11,0.714621,-3.45837679,0.99999698,7.079458e+08,62,140,0.811499,1.0,in_box
s_fixj_a6_bcs_-40c_vdd1.98v,s_fixj_a6,A1-fixJc,1stage,6,1,-,-,6,0.6912,512,bcs,-40,1.98,3.113840e-03,3.112590e-03,1.241420e-06,4.505,0.9251,1.0549,0.8895,3.890530e-03,7.703250e-03,0,0,-2.9148,11.4797,11.5832,-101.8783,-0.0017,14.5815,48.1922,21.9566,2.6017,2.3776,2.003,2.003,-0.3746,2.2,2.2,2.1412,11.5832,3.15395497,1.00012571,0,11,0.714771,-3.46569396,0.99999694,7.079458e+08,62,140,0.811501,1.0,in_box
s_fixj_a6_bcs_27c_vdd1.62v,s_fixj_a6,A1-fixJc,1stage,6,1,-,-,6,0.6912,512,bcs,27,1.62,2.956300e-03,2.954100e-03,2.171420e-06,4.2771,0.6504,0.9696,0.8345,3.714380e-03,6.017300e-03,0,0,-2.943,10.8225,10.9003,-100.1752,-0.0019,13.8934,47.1489,21.2664,2.6969,2.4491,2.5141,2.5141,0.065,2.7666,2.7666,2.6969,10.9003,3.00136966,1.00013035,0,11,0.712441,-3.65061341,0.99999716,7.079458e+08,63,140,0.814263,1.0,in_box
s_fixj_a6_bcs_27c_vdd1.80v,s_fixj_a6,A1-fixJc,1stage,6,1,-,-,6,0.6912,512,bcs,27,1.80,3.034160e-03,3.031890e-03,2.253900e-06,4.3897,0.8145,0.9855,0.8345,3.808230e-03,6.854820e-03,0,0,-2.9407,10.8793,10.9592,-100.4552,-0.0018,13.9527,47.3602,21.3264,2.691,2.4452,2.5101,2.5101,0.065,2.7606,2.7606,2.691,10.9592,2.97140769,1.00012526,0,11,0.712634,-3.70764475,0.99999711,7.079458e+08,62,140,0.814267,1.0,in_box
s_fixj_a6_bcs_27c_vdd1.98v,s_fixj_a6,A1-fixJc,1stage,6,1,-,-,6,0.6912,512,bcs,27,1.98,3.117230e-03,3.114890e-03,2.342770e-06,4.5099,0.9785,1.0015,0.8345,3.907240e-03,7.736330e-03,0,0,-2.9396,10.9363,11.0184,-100.6557,-0.0018,14.0111,47.5578,21.3854,2.6849,2.4411,2.506,2.506,0.0649,2.7544,2.7544,2.6849,11.0184,2.92266478,1.00012024,0,11,0.71273,-3.73788464,0.99999704,7.079458e+08,62,140,0.814268,1.0,in_box
s_fixj_a6_bcs_125c_vdd1.62v,s_fixj_a6,A1-fixJc,1stage,6,1,-,-,6,0.6912,512,bcs,125,1.62,2.979310e-03,2.975550e-03,3.754760e-06,4.3103,0.736,0.884,0.7465,3.755490e-03,6.083900e-03,0,0,-2.9613,9.9229,9.9709,-98.4161,-0.002,12.9733,46.0348,20.3446,2.8572,2.5674,3.2361,3.2361,0.6687,3.5752,3.5752,3.492,9.9709,2.78925406,1.00012757,0,11,0.710928,-3.96571002,0.99999753,6.683439e+08,62,140,0.818595,1.0,in_box
s_fixj_a6_bcs_125c_vdd1.80v,s_fixj_a6,A1-fixJc,1stage,6,1,-,-,6,0.6912,512,bcs,125,1.80,3.047040e-03,3.043170e-03,3.873680e-06,4.4083,0.9,0.9,0.7465,3.839660e-03,6.911380e-03,0,0,-2.9597,9.9887,10.0387,-98.7416,-0.0019,13.041,46.2812,20.4131,2.8511,2.5634,3.2314,3.2314,0.6679,3.5681,3.5681,3.485,10.0387,2.75433342,1.00012148,0,11,0.711065,-4.08023584,0.99999743,7.079458e+08,62,140,0.818585,1.0,in_box
s_fixj_a6_bcs_125c_vdd1.98v,s_fixj_a6,A1-fixJc,1stage,6,1,-,-,6,0.6912,512,bcs,125,1.98,3.118030e-03,3.114050e-03,3.994960e-06,4.511,1.0639,0.9161,0.7466,3.926830e-03,7.775130e-03,0,0,-2.9596,10.0541,10.1062,-98.9711,-0.0018,13.1067,46.5124,20.4795,2.8449,2.5594,3.2266,3.2266,0.6672,3.5608,3.5608,3.4779,10.1062,2.696998,1.00011535,0,11,0.711081,-4.16861017,0.99999729,7.079458e+08,62,140,0.818566,1.0,in_box
s_fixj_a6_wcs_-40c_vdd1.62v,s_fixj_a6,A1-fixJc,1stage,6,1,-,-,6,0.6912,512,wcs,-40,1.62,2.894530e-03,2.890760e-03,3.670720e-06,4.1877,0.5756,1.0444,0.9085,3.639540e-03,5.896050e-03,0,0,-2.9959,10.5264,10.5951,-95.9385,-0.0029,13.5422,44.9705,20.9017,3.459,2.9968,2.5503,2.5503,-0.4466,2.9644,2.9644,2.8911,10.5951,2.88997244,1.00019068,0,11,0.708017,-2.64156648,0.99999769,6.309573e+08,60,140,0.814264,1.0,in_box
s_fixj_a6_wcs_-40c_vdd1.80v,s_fixj_a6,A1-fixJc,1stage,6,1,-,-,6,0.6912,512,wcs,-40,1.80,2.958550e-03,2.954680e-03,3.801280e-06,4.2803,0.7398,1.0602,0.9085,3.719450e-03,6.695000e-03,0,0,-2.9918,10.5645,10.6345,-96.2544,-0.0028,13.5847,45.1481,20.945,3.4545,2.9945,2.5482,2.5482,-0.4463,2.9604,2.9604,2.8872,10.6345,2.8910146,1.00018499,0,11,0.708358,-2.64637635,0.99999776,6.309573e+08,59,140,0.814301,1.0,in_box
s_fixj_a6_wcs_-40c_vdd1.98v,s_fixj_a6,A1-fixJc,1stage,6,1,-,-,6,0.6912,512,wcs,-40,1.98,3.025650e-03,3.021680e-03,3.940700e-06,4.3774,0.9039,1.0761,0.9085,3.802380e-03,7.528710e-03,0,0,-2.9895,10.6021,10.6734,-96.4799,-0.0027,13.6249,45.3141,20.9859,3.4499,2.9922,2.5461,2.5461,-0.446,2.9562,2.9562,2.8831,10.6734,2.86691501,1.00017886,0,11,0.708554,-2.62401323,0.9999978,6.309573e+08,59,140,0.814335,1.0,in_box
s_fixj_a6_wcs_27c_vdd1.62v,s_fixj_a6,A1-fixJc,1stage,6,1,-,-,6,0.6912,512,wcs,27,1.62,2.861850e-03,2.854850e-03,6.906650e-06,4.1404,0.6256,0.9944,0.8551,3.621250e-03,5.866420e-03,0,0,-3.0463,9.9496,10.0008,-94.6148,-0.0029,12.9147,44.2264,20.2729,3.4662,3.0137,3.0891,3.0891,0.0754,3.549,3.549,3.4662,10.0008,2.71315694,1.00018573,0,11,0.703912,-2.5382608,0.99999804,6.309573e+08,58,140,0.814289,1.0,in_box
s_fixj_a6_wcs_27c_vdd1.80v,s_fixj_a6,A1-fixJc,1stage,6,1,-,-,6,0.6912,512,wcs,27,1.80,2.917180e-03,2.910020e-03,7.110740e-06,4.2205,0.7897,1.0103,0.8551,3.693220e-03,6.647800e-03,0,0,-3.0425,9.9924,10.0448,-94.9713,-0.0028,12.9615,44.4208,20.3206,3.4629,3.0123,3.0877,3.0877,0.0754,3.5456,3.5456,3.4629,10.0448,2.71822024,1.00017985,0,11,0.70423,-2.56654611,0.9999981,6.309573e+08,57,140,0.814339,1.0,in_box
s_fixj_a6_wcs_27c_vdd1.98v,s_fixj_a6,A1-fixJc,1stage,6,1,-,-,6,0.6912,512,wcs,27,1.98,2.974800e-03,2.967470e-03,7.326620e-06,4.3038,0.9538,1.0262,0.855,3.766170e-03,7.457020e-03,0,0,-3.0408,10.0345,10.0881,-95.2189,-0.0028,13.0055,44.6034,20.3655,3.4594,3.0109,3.0863,3.0863,0.0754,3.5421,3.5421,3.4594,10.0881,2.69258864,1.00017313,0,11,0.704376,-2.56326363,0.9999981,6.309573e+08,58,140,0.814386,1.0,in_box
s_fixj_a6_wcs_125c_vdd1.62v,s_fixj_a6,A1-fixJc,1stage,6,1,-,-,6,0.6912,512,wcs,125,1.62,2.817140e-03,2.805410e-03,1.171860e-05,4.0757,0.7057,0.9143,0.7699,3.596240e-03,5.825910e-03,0,0,-3.0997,8.9911,9.017,-92.7778,-0.0031,11.9034,43.0015,19.2407,3.5624,3.0924,3.8477,3.8477,0.7553,4.3857,4.3857,4.2914,9.017,2.55679992,1.00018388,0,11,0.699574,-2.41586673,0.99999857,5.623413e+08,56,140,0.815542,1.0,in_box
s_fixj_a6_wcs_125c_vdd1.80v,s_fixj_a6,A1-fixJc,1stage,6,1,-,-,6,0.6912,512,wcs,125,1.80,2.864980e-03,2.853020e-03,1.200620e-05,4.1449,0.8697,0.9303,0.7699,3.660640e-03,6.589140e-03,0,0,-3.0964,9.0408,9.0679,-93.2042,-0.003,11.9567,43.2226,19.2958,3.5594,3.0914,3.8465,3.8465,0.7552,4.3823,4.3823,4.288,9.0679,2.56946635,1.00017767,0,11,0.699856,-2.48654821,0.99999861,5.623413e+08,55,140,0.815583,1.0,in_box
s_fixj_a6_wcs_125c_vdd1.98v,s_fixj_a6,A1-fixJc,1stage,6,1,-,-,6,0.6912,512,wcs,125,1.98,2.913660e-03,2.901450e-03,1.230270e-05,4.2154,1.0337,0.9463,0.7698,3.725510e-03,7.376510e-03,0,0,-3.0956,9.0886,9.1168,-93.4886,-0.0029,12.0055,43.4308,19.3464,3.5564,3.0904,3.8454,3.8454,0.755,4.3789,4.3789,4.2846,9.1168,2.54135159,1.00016985,0,11,0.699931,-2.53355635,0.99999857,5.956621e+08,55,140,0.815625,1.0,in_box
s_fixj_a6_sf_-40c_vdd1.62v,s_fixj_a6,A1-fixJc,1stage,6,1,-,-,6,0.6912,512,sf,-40,1.62,2.916560e-03,2.914410e-03,2.094140e-06,4.2196,0.5872,1.0328,0.8984,3.659450e-03,5.928310e-03,0,0,-2.9558,10.9632,11.0467,-98.5716,-0.0023,14.0209,46.3627,21.3878,3.0222,2.6829,2.2717,2.2717,-0.4112,2.5729,2.5729,2.5067,11.0467,3.03551233,1.00016148,0,11,0.711347,-3.08631149,0.99999727,6.683439e+08,62,140,0.813225,1.0,in_box
s_fixj_a6_sf_-40c_vdd1.80v,s_fixj_a6,A1-fixJc,1stage,6,1,-,-,6,0.6912,512,sf,-40,1.80,2.992400e-03,2.990190e-03,2.178190e-06,4.3293,0.7513,1.0487,0.8984,3.751160e-03,6.752090e-03,0,0,-2.9524,11.007,11.0921,-98.8545,-0.0023,14.0683,46.5461,21.4359,3.017,2.6797,2.2688,2.2688,-0.4108,2.5682,2.5682,2.5022,11.0921,3.02226773,1.00015624,0,11,0.71163,-3.11030657,0.9999973,6.683439e+08,61,140,0.813243,1.0,in_box
s_fixj_a6_sf_-40c_vdd1.98v,s_fixj_a6,A1-fixJc,1stage,6,1,-,-,6,0.6912,512,sf,-40,1.98,3.072950e-03,3.070670e-03,2.269150e-06,4.4458,0.9154,1.0646,0.8983,3.847540e-03,7.618130e-03,0,0,-2.9504,11.0507,11.1375,-99.0588,-0.0022,14.1143,46.7169,21.4825,3.0115,2.6763,2.2659,2.2659,-0.4105,2.5634,2.5634,2.4974,11.1375,2.98876574,1.00015095,0,11,0.711802,-3.10455094,0.9999973,6.683439e+08,61,140,0.813258,1.0,in_box
s_fixj_a6_sf_27c_vdd1.62v,s_fixj_a6,A1-fixJc,1stage,6,1,-,-,6,0.6912,512,sf,27,1.62,2.918480e-03,2.914440e-03,3.981190e-06,4.2223,0.6392,0.9808,0.844,3.675120e-03,5.953700e-03,0,0,-2.9898,10.4021,10.4663,-97.2732,-0.0024,13.4242,45.6577,20.79,3.0671,2.7208,2.791,2.791,0.0702,3.1434,3.1434,3.0671,10.4663,2.83346755,1.00015664,0,11,0.708563,-3.18583924,0.99999751,6.683439e+08,61,140,0.814776,1.0,in_box
s_fixj_a6_sf_27c_vdd1.80v,s_fixj_a6,A1-fixJc,1stage,6,1,-,-,6,0.6912,512,sf,27,1.80,2.984850e-03,2.980710e-03,4.115300e-06,4.3184,0.8033,0.9967,0.844,3.757510e-03,6.763520e-03,0,0,-2.9868,10.4519,10.5177,-97.5894,-0.0023,13.4772,45.8613,20.8438,3.0625,2.7181,2.7883,2.7883,0.0701,3.1387,3.1387,3.0625,10.5177,2.82025381,1.00015095,0,11,0.708813,-3.23821279,0.99999752,6.683439e+08,61,140,0.814798,1.0,in_box
s_fixj_a6_sf_27c_vdd1.98v,s_fixj_a6,A1-fixJc,1stage,6,1,-,-,6,0.6912,512,sf,27,1.98,3.054780e-03,3.050520e-03,4.258630e-06,4.4195,0.9674,1.0126,0.844,3.843380e-03,7.609890e-03,0,0,-2.9854,10.5014,10.5689,-97.8135,-0.0022,13.5284,46.0521,20.8956,3.0578,2.7154,2.7855,2.7855,0.0701,3.1339,3.1339,3.0578,10.5689,2.78297067,1.00014501,0,11,0.708935,-3.25804542,0.99999748,6.683439e+08,61,140,0.814817,1.0,in_box
s_fixj_a6_sf_125c_vdd1.62v,s_fixj_a6,A1-fixJc,1stage,6,1,-,-,6,0.6912,512,sf,125,1.62,2.913310e-03,2.906460e-03,6.832930e-06,4.2149,0.7226,0.8974,0.7573,3.688940e-03,5.976080e-03,0,0,-3.0217,9.4861,9.5231,-95.4739,-0.0025,12.4748,44.5035,19.8305,3.195,2.8172,3.5287,3.5287,0.7114,3.9659,3.9659,3.8771,9.5231,2.64409052,1.00015377,0,11,0.705945,-3.33881089,0.99999796,6.309573e+08,60,140,0.817727,1.0,in_box
s_fixj_a6_sf_125c_vdd1.80v,s_fixj_a6,A1-fixJc,1stage,6,1,-,-,6,0.6912,512,sf,125,1.80,2.971300e-03,2.964280e-03,7.025600e-06,4.2988,0.8866,0.9134,0.7573,3.763410e-03,6.774140e-03,0,0,-3.0194,9.5439,9.5825,-95.8448,-0.0024,12.5353,44.7382,19.8932,3.1904,2.8147,3.5257,3.5257,0.711,3.9606,3.9606,3.8718,9.5825,2.63123665,1.00014728,0,11,0.706146,-3.44497462,0.99999793,6.309573e+08,59,140,0.817736,1.0,in_box
s_fixj_a6_sf_125c_vdd1.98v,s_fixj_a6,A1-fixJc,1stage,6,1,-,-,6,0.6912,512,sf,125,1.98,3.031170e-03,3.023990e-03,7.225070e-06,4.3854,1.0505,0.9295,0.7573,3.839480e-03,7.602180e-03,0,0,-3.0189,9.6006,9.6408,-96.1007,-0.0023,12.5927,44.9585,19.9527,3.1858,2.8121,3.5227,3.5227,0.7106,3.9553,3.9553,3.8666,9.6408,2.58827484,1.0001402,0,11,0.706191,-3.52153683,0.99999784,6.683439e+08,60,140,0.817742,1.0,in_box
s_fixj_a6_fs_-40c_vdd1.62v,s_fixj_a6,A1-fixJc,1stage,6,1,-,-,6,0.6912,512,fs,-40,1.62,2.918080e-03,2.915930e-03,2.095380e-06,4.2218,0.5872,1.0329,0.8984,3.664380e-03,5.936300e-03,0,0,-2.9558,10.9642,11.0478,-98.5714,-0.0023,14.0219,46.3637,21.3888,3.022,2.6828,2.2716,2.2716,-0.4112,2.5727,2.5727,2.5066,11.0478,3.03513702,1.00016147,0,11,0.711346,-3.08752159,0.99999727,6.683439e+08,62,140,0.813223,1.0,in_box
s_fixj_a6_fs_-40c_vdd1.80v,s_fixj_a6,A1-fixJc,1stage,6,1,-,-,6,0.6912,512,fs,-40,1.80,2.993650e-03,2.991430e-03,2.179170e-06,4.3311,0.7513,1.0487,0.8984,3.755810e-03,6.760460e-03,0,0,-2.9525,11.0078,11.093,-98.8545,-0.0023,14.0691,46.5469,21.4367,3.0168,2.6796,2.2688,2.2688,-0.4108,2.5681,2.5681,2.5021,11.093,3.02200506,1.00015623,0,11,0.711629,-3.11133821,0.9999973,6.683439e+08,61,140,0.813242,1.0,in_box
s_fixj_a6_fs_-40c_vdd1.98v,s_fixj_a6,A1-fixJc,1stage,6,1,-,-,6,0.6912,512,fs,-40,1.98,3.074380e-03,3.072090e-03,2.270370e-06,4.4479,0.9154,1.0646,0.8984,3.851120e-03,7.625220e-03,0,0,-2.9504,11.0516,11.1384,-99.0587,-0.0022,14.1152,46.7178,21.4834,3.0114,2.6762,2.2658,2.2658,-0.4104,2.5633,2.5633,2.4973,11.1384,2.98847085,1.00015095,0,11,0.711801,-3.10578702,0.9999973,6.683439e+08,61,140,0.813257,1.0,in_box
s_fixj_a6_fs_27c_vdd1.62v,s_fixj_a6,A1-fixJc,1stage,6,1,-,-,6,0.6912,512,fs,27,1.62,2.919720e-03,2.915690e-03,3.983120e-06,4.2241,0.6392,0.9808,0.8441,3.679650e-03,5.961030e-03,0,0,-2.9898,10.4032,10.4675,-97.273,-0.0024,13.4252,45.6587,20.791,3.0669,2.7207,2.7909,2.7909,0.0702,3.1433,3.1433,3.0669,10.4675,2.8331009,1.00015663,0,11,0.70856,-3.18684738,0.99999751,6.683439e+08,61,140,0.814775,1.0,in_box
s_fixj_a6_fs_27c_vdd1.80v,s_fixj_a6,A1-fixJc,1stage,6,1,-,-,6,0.6912,512,fs,27,1.80,2.985920e-03,2.981780e-03,4.117000e-06,4.3199,0.8033,0.9967,0.844,3.761850e-03,6.771320e-03,0,0,-2.9868,10.4527,10.5186,-97.5893,-0.0023,13.478,45.8621,20.8446,3.0624,2.7181,2.7882,2.7882,0.0701,3.1386,3.1386,3.0624,10.5186,2.81996465,1.00015095,0,11,0.708811,-3.23914144,0.99999752,6.683439e+08,61,140,0.814799,1.0,in_box
s_fixj_a6_fs_27c_vdd1.98v,s_fixj_a6,A1-fixJc,1stage,6,1,-,-,6,0.6912,512,fs,27,1.98,3.055770e-03,3.051510e-03,4.260230e-06,4.421,0.9674,1.0126,0.844,3.847620e-03,7.618290e-03,0,0,-2.9854,10.5022,10.5698,-97.8134,-0.0022,13.5291,46.0528,20.8964,3.0576,2.7153,2.7854,2.7854,0.0701,3.1338,3.1338,3.0577,10.5698,2.78272442,1.000145,0,11,0.708933,-3.25894164,0.99999748,6.683439e+08,61,140,0.814818,1.0,in_box
s_fixj_a6_fs_125c_vdd1.62v,s_fixj_a6,A1-fixJc,1stage,6,1,-,-,6,0.6912,512,fs,125,1.62,2.914180e-03,2.907330e-03,6.835270e-06,4.2161,0.7226,0.8974,0.7573,3.694260e-03,5.984700e-03,0,0,-3.0218,9.4871,9.5241,-95.4737,-0.0025,12.4758,44.5045,19.8315,3.1949,2.8172,3.5286,3.5286,0.7114,3.9657,3.9657,3.8769,9.5241,2.64376408,1.00015376,0,11,0.705941,-3.33955787,0.99999796,6.309573e+08,60,140,0.81773,1.0,in_box
s_fixj_a6_fs_125c_vdd1.80v,s_fixj_a6,A1-fixJc,1stage,6,1,-,-,6,0.6912,512,fs,125,1.80,2.971870e-03,2.964860e-03,7.027190e-06,4.2996,0.8865,0.9135,0.7573,3.766200e-03,6.779160e-03,0,0,-3.0194,9.5446,9.5832,-95.8447,-0.0024,12.536,44.7388,19.8938,3.1903,2.8146,3.5256,3.5256,0.711,3.9605,3.9605,3.8718,9.5832,2.63103859,1.00014727,0,11,0.706143,-3.4455234,0.99999793,6.309573e+08,59,140,0.817741,1.0,in_box
s_fixj_a6_fs_125c_vdd1.98v,s_fixj_a6,A1-fixJc,1stage,6,1,-,-,6,0.6912,512,fs,125,1.98,3.031550e-03,3.024370e-03,7.226130e-06,4.3859,1.0505,0.9295,0.7573,3.842880e-03,7.608910e-03,0,0,-3.0189,9.601,9.6412,-96.1007,-0.0023,12.5931,44.9589,19.9531,3.1857,2.8121,3.5226,3.5226,0.7106,3.9552,3.9552,3.8666,9.6412,2.58815385,1.00014019,0,11,0.706189,-3.52192985,0.99999783,6.683439e+08,60,140,0.817748,1.0,in_box
s_ctrl_a8_typ_-40c_vdd1.62v,s_ctrl_a8,A1-fixJc-CONTROL,1stage,8,1,-,-,8,0.9216,512,typ,-40,1.62,3.869690e-03,3.866830e-03,2.779530e-06,4.1989,0.5869,1.0332,0.8981,4.614170e-03,7.474950e-03,0,0,-3.0208,11.8455,11.9667,-95.8859,-0.0045,14.8391,44.3412,22.1799,2.5483,2.3454,1.9747,1.9747,-0.3706,2.153,2.153,2.0952,11.9667,4.12974267,1.00037066,0,11,0.705872,-2.67718632,0.99999643,5.623413e+08,60,140,0.812489,1.0,in_box
s_ctrl_a8_typ_-40c_vdd1.80v,s_ctrl_a8,A1-fixJc-CONTROL,1stage,8,1,-,-,8,0.9216,512,typ,-40,1.80,3.972200e-03,3.969260e-03,2.893510e-06,4.3101,0.751,1.049,0.8981,4.732540e-03,8.518580e-03,0,0,-3.0154,11.8775,12.0002,-96.1677,-0.0043,14.8766,44.5182,22.2186,2.5442,2.3428,1.9725,1.9725,-0.3703,2.1493,2.1493,2.0916,12.0002,4.11169988,1.0003586,0,11,0.70632,-2.69640398,0.99999645,5.623413e+08,59,140,0.812517,1.0,in_box
s_ctrl_a8_typ_-40c_vdd1.98v,s_ctrl_a8,A1-fixJc-CONTROL,1stage,8,1,-,-,8,0.9216,512,typ,-40,1.98,4.080880e-03,4.077840e-03,3.016680e-06,4.428,0.9151,1.0649,0.8981,4.857050e-03,9.616950e-03,0,0,-3.0117,11.9091,12.0332,-96.3711,-0.0042,14.9121,44.6819,22.2551,2.5399,2.3401,1.9702,1.9702,-0.37,2.1455,2.1455,2.0879,12.0332,4.06814476,1.00034704,0,11,0.706632,-2.6949481,0.99999642,5.956621e+08,59,140,0.812542,1.0,in_box
s_ctrl_a8_typ_27c_vdd1.62v,s_ctrl_a8,A1-fixJc-CONTROL,1stage,8,1,-,-,8,0.9216,512,typ,27,1.62,3.852250e-03,3.846930e-03,5.252080e-06,4.18,0.6386,0.9814,0.8435,4.610370e-03,7.468790e-03,0,0,-3.0709,11.4232,11.5269,-94.6071,-0.0046,14.3662,43.7506,21.7054,2.5917,2.3836,2.4474,2.4474,0.0637,2.6595,2.6595,2.5917,11.5269,3.84125972,1.00036619,0,11,0.701792,-2.75165642,0.99999683,5.623413e+08,59,140,0.813538,1.0,in_box
s_ctrl_a8_typ_27c_vdd1.80v,s_ctrl_a8,A1-fixJc-CONTROL,1stage,8,1,-,-,8,0.9216,512,typ,27,1.80,3.940300e-03,3.934830e-03,5.430400e-06,4.2755,0.8027,0.9973,0.8435,4.714420e-03,8.485960e-03,0,0,-3.0657,11.4604,11.5657,-94.9221,-0.0044,14.4089,43.9463,21.7493,2.5882,2.3817,2.4453,2.4453,0.0637,2.6559,2.6559,2.5882,11.5657,3.82470763,1.00035309,0,11,0.702232,-2.79221413,0.99999683,5.623413e+08,59,140,0.813574,1.0,in_box
s_ctrl_a8_typ_27c_vdd1.98v,s_ctrl_a8,A1-fixJc-CONTROL,1stage,8,1,-,-,8,0.9216,512,typ,27,1.98,4.033100e-03,4.027470e-03,5.621080e-06,4.3762,0.9667,1.0133,0.8435,4.823150e-03,9.549840e-03,0,0,-3.0624,11.4972,11.6039,-95.1453,-0.0043,14.449,44.1278,21.7906,2.5846,2.3796,2.4433,2.4433,0.0637,2.6522,2.6522,2.5846,11.6039,3.77856927,1.00034028,0,11,0.702509,-2.81099971,0.99999677,5.956621e+08,58,140,0.813606,1.0,in_box
s_ctrl_a8_typ_125c_vdd1.62v,s_ctrl_a8,A1-fixJc-CONTROL,1stage,8,1,-,-,8,0.9216,512,typ,125,1.62,3.823140e-03,3.814160e-03,8.951110e-06,4.1484,0.7216,0.8984,0.7564,4.600040e-03,7.452070e-03,0,0,-3.1252,10.7073,10.7841,-92.8337,-0.0048,13.5963,42.771,20.9323,2.7061,2.4739,3.1258,3.1258,0.6519,3.3989,3.3989,3.3184,10.7841,3.54849318,1.00036517,0,11,0.697396,-2.87003379,0.99999746,5.308844e+08,58,140,0.815978,1.0,in_box
s_ctrl_a8_typ_125c_vdd1.80v,s_ctrl_a8,A1-fixJc-CONTROL,1stage,8,1,-,-,8,0.9216,512,typ,125,1.80,3.898720e-03,3.889540e-03,9.202430e-06,4.2304,0.8855,0.9145,0.7564,4.692120e-03,8.445820e-03,0,0,-3.1203,10.7524,10.8308,-93.203,-0.0046,13.6464,42.9969,20.9839,2.7027,2.4721,3.1236,3.1236,0.6516,3.3948,3.3948,3.3144,10.8308,3.53341547,1.00035016,0,11,0.697807,-2.95299442,0.99999742,5.623413e+08,57,140,0.816001,1.0,in_box
s_ctrl_a8_typ_125c_vdd1.98v,s_ctrl_a8,A1-fixJc-CONTROL,1stage,8,1,-,-,8,0.9216,512,typ,125,1.98,3.976860e-03,3.967460e-03,9.462800e-06,4.3152,1.0494,0.9306,0.7563,4.786460e-03,9.477190e-03,0,0,-3.1179,10.7961,10.8761,-93.4577,-0.0045,13.6928,43.206,21.0316,2.6992,2.4703,3.1215,3.1215,0.6512,3.3908,3.3908,3.3105,10.8761,3.4825052,1.00033514,0,11,0.698012,-3.01683377,0.99999732,5.623413e+08,58,140,0.816019,1.0,in_box
s_ctrl_a8_bcs_-40c_vdd1.62v,s_ctrl_a8,A1-fixJc-CONTROL,1stage,8,1,-,-,8,0.9216,512,bcs,-40,1.62,3.898010e-03,3.896460e-03,1.510220e-06,4.2296,0.5967,1.0233,0.8894,4.643000e-03,7.521660e-03,0,0,-2.9695,12.1454,12.2799,-98.7281,-0.0036,15.1918,45.6925,22.5434,2.2051,2.0823,1.7453,1.7453,-0.337,1.8522,1.8522,1.8009,12.2799,4.40400815,1.00030551,0,11,0.710134,-2.95032232,0.99999602,5.956621e+08,61,140,0.811068,1.0,in_box
s_ctrl_a8_bcs_-40c_vdd1.80v,s_ctrl_a8,A1-fixJc-CONTROL,1stage,8,1,-,-,8,0.9216,512,bcs,-40,1.80,4.019900e-03,4.018290e-03,1.580650e-06,4.3619,0.7609,1.0391,0.8893,4.780730e-03,8.605320e-03,0,0,-2.965,12.1807,12.317,-98.9778,-0.0034,15.232,45.8714,22.5844,2.2001,2.0787,1.7421,1.7421,-0.3365,1.8478,1.8478,1.7966,12.317,4.36863579,1.00029538,0,11,0.710515,-2.97809059,0.99999598,5.956621e+08,60,140,0.811078,1.0,in_box
s_ctrl_a8_bcs_-40c_vdd1.98v,s_ctrl_a8,A1-fixJc-CONTROL,1stage,8,1,-,-,8,0.9216,512,bcs,-40,1.98,4.151130e-03,4.149460e-03,1.657860e-06,4.5043,0.9249,1.0551,0.8893,4.927790e-03,9.757020e-03,0,0,-2.9616,12.2159,12.3539,-99.1585,-0.0033,15.2708,46.0366,22.6241,2.1948,2.0749,1.7388,1.7388,-0.336,1.8432,1.8432,1.7921,12.3539,4.31238651,1.00028595,0,11,0.710797,-2.98399687,0.99999592,5.956621e+08,60,140,0.811085,1.0,in_box
s_ctrl_a8_bcs_27c_vdd1.62v,s_ctrl_a8,A1-fixJc-CONTROL,1stage,8,1,-,-,8,0.9216,512,bcs,27,1.62,3.922790e-03,3.919870e-03,2.881880e-06,4.2565,0.6501,0.9699,0.8342,4.680810e-03,7.582910e-03,0,0,-3.0082,11.7454,11.8618,-97.4791,-0.0036,14.7514,45.1395,22.1015,2.2767,2.1401,2.1988,2.1988,0.0587,2.3383,2.3383,2.2767,11.8618,4.08597924,1.00030181,0,11,0.706965,-3.11633776,0.99999631,5.956621e+08,61,140,0.813533,1.0,in_box
s_ctrl_a8_bcs_27c_vdd1.80v,s_ctrl_a8,A1-fixJc-CONTROL,1stage,8,1,-,-,8,0.9216,512,bcs,27,1.80,4.027850e-03,4.024830e-03,2.993430e-06,4.3705,0.8141,0.9859,0.8342,4.801860e-03,8.643340e-03,0,0,-3.0039,11.7868,11.905,-97.7582,-0.0035,14.7973,45.3396,22.1485,2.272,2.1368,2.1955,2.1955,0.0587,2.3335,2.3335,2.272,11.905,4.04931601,1.00029056,0,11,0.707325,-3.16724618,0.99999625,5.956621e+08,60,140,0.813545,1.0,in_box
s_ctrl_a8_bcs_27c_vdd1.98v,s_ctrl_a8,A1-fixJc-CONTROL,1stage,8,1,-,-,8,0.9216,512,bcs,27,1.98,4.140030e-03,4.136920e-03,3.113790e-06,4.4922,0.9781,1.0019,0.8342,4.929970e-03,9.761340e-03,0,0,-3.0011,11.8281,11.9483,-97.9578,-0.0034,14.8418,45.5252,22.1938,2.2671,2.1334,2.192,2.192,0.0586,2.3285,2.3285,2.2671,11.9483,3.98887582,1.00027993,0,11,0.707568,-3.1942319,0.99999613,6.309573e+08,61,140,0.813551,1.0,in_box
s_ctrl_a8_bcs_125c_vdd1.62v,s_ctrl_a8,A1-fixJc-CONTROL,1stage,8,1,-,-,8,0.9216,512,bcs,125,1.62,3.939590e-03,3.934620e-03,4.962040e-06,4.2747,0.7354,0.8846,0.746,4.715670e-03,7.639390e-03,0,0,-3.0471,11.0723,11.1609,-95.7476,-0.0038,14.0376,44.221,21.385,2.414,2.2469,2.8563,2.8563,0.6094,3.0549,3.0549,2.9801,11.1609,3.7573645,1.00030072,0,11,0.703785,-3.35863981,0.99999681,5.956621e+08,60,140,0.817548,1.0,in_box
s_ctrl_a8_bcs_125c_vdd1.80v,s_ctrl_a8,A1-fixJc-CONTROL,1stage,8,1,-,-,8,0.9216,512,bcs,125,1.80,4.029980e-03,4.024860e-03,5.120950e-06,4.3728,0.8994,0.9006,0.746,4.822490e-03,8.680490e-03,0,0,-3.0434,11.1226,11.2132,-96.072,-0.0037,14.0918,44.4543,21.4405,2.4091,2.2437,2.8524,2.8524,0.6087,3.0492,3.0492,2.9744,11.2132,3.71707482,1.00028745,0,11,0.704102,-3.45356994,0.99999671,5.956621e+08,60,140,0.817545,1.0,in_box
s_ctrl_a8_bcs_125c_vdd1.98v,s_ctrl_a8,A1-fixJc-CONTROL,1stage,8,1,-,-,8,0.9216,512,bcs,125,1.98,4.124810e-03,4.119550e-03,5.283230e-06,4.4757,1.0633,0.9167,0.746,4.933510e-03,9.768340e-03,0,0,-3.0415,11.1722,11.2648,-96.3005,-0.0035,14.1435,44.6705,21.4933,2.4042,2.2404,2.8485,2.8485,0.6081,3.0433,3.0433,2.9687,11.2648,3.64957275,1.00027479,0,11,0.704263,-3.53008299,0.99999655,6.309573e+08,60,140,0.817529,1.0,in_box
s_ctrl_a8_wcs_-40c_vdd1.62v,s_ctrl_a8,A1-fixJc-CONTROL,1stage,8,1,-,-,8,0.9216,512,wcs,-40,1.62,3.821450e-03,3.816480e-03,4.844900e-06,4.1465,0.575,1.045,0.908,4.566360e-03,7.397500e-03,0,0,-3.0766,11.5182,11.626,-93.2769,-0.0055,14.4557,43.0617,21.7853,2.923,2.6266,2.222,2.222,-0.4046,2.4845,2.4845,2.4201,11.626,3.90524799,1.00044053,0,11,0.701255,-2.3227295,0.999997,5.308844e+08,58,140,0.813077,1.0,in_box
s_ctrl_a8_wcs_-40c_vdd1.80v,s_ctrl_a8,A1-fixJc-CONTROL,1stage,8,1,-,-,8,0.9216,512,wcs,-40,1.80,3.906730e-03,3.901620e-03,5.019360e-06,4.2391,0.7392,1.0608,0.908,4.667520e-03,8.401530e-03,0,0,-3.0702,11.5469,11.6559,-93.5915,-0.0053,14.4909,43.2357,21.8218,2.9196,2.6251,2.2206,2.2206,-0.4045,2.4815,2.4815,2.4171,11.6559,3.90444872,1.00042683,0,11,0.701784,-2.33141076,0.99999707,5.308844e+08,57,140,0.81313,1.0,in_box
s_ctrl_a8_wcs_-40c_vdd1.98v,s_ctrl_a8,A1-fixJc-CONTROL,1stage,8,1,-,-,8,0.9216,512,wcs,-40,1.98,3.996030e-03,3.990780e-03,5.205560e-06,4.336,0.9033,1.0767,0.908,4.772670e-03,9.449890e-03,0,0,-3.0661,11.5749,11.6851,-93.816,-0.0052,14.5231,43.3967,21.8552,2.9161,2.6235,2.2192,2.2192,-0.4043,2.4784,2.4784,2.4141,11.6851,3.87281534,1.0004132,0,11,0.702131,-2.31543685,0.9999971,5.308844e+08,57,140,0.81318,1.0,in_box
s_ctrl_a8_wcs_27c_vdd1.62v,s_ctrl_a8,A1-fixJc-CONTROL,1stage,8,1,-,-,8,0.9216,512,wcs,27,1.62,3.748040e-03,3.738880e-03,9.030720e-06,4.0669,0.6245,0.9955,0.8542,4.507260e-03,7.301760e-03,0,0,-3.1445,11.0605,11.1513,-91.9717,-0.0057,13.9323,42.4167,21.26,2.9379,2.6495,2.7183,2.7183,0.0689,3.012,3.012,2.9379,11.1513,3.653924,1.00043597,0,11,0.695771,-2.23749477,0.99999755,5.308844e+08,56,140,0.812331,1.0,in_box
s_ctrl_a8_wcs_27c_vdd1.80v,s_ctrl_a8,A1-fixJc-CONTROL,1stage,8,1,-,-,8,0.9216,512,wcs,27,1.80,3.819890e-03,3.810530e-03,9.296250e-06,4.1448,0.7886,1.0114,0.8542,4.595140e-03,8.271260e-03,0,0,-3.1381,11.0934,11.1854,-92.3265,-0.0055,13.9717,42.607,21.3008,2.9356,2.6488,2.7177,2.7177,0.0689,3.0097,3.0097,2.9356,11.1854,3.65848362,1.00042149,0,11,0.696306,-2.26007254,0.99999761,5.308844e+08,56,140,0.812405,1.0,in_box
s_ctrl_a8_wcs_27c_vdd1.98v,s_ctrl_a8,A1-fixJc-CONTROL,1stage,8,1,-,-,8,0.9216,512,wcs,27,1.98,3.894700e-03,3.885120e-03,9.577040e-06,4.226,0.9527,1.0273,0.8541,4.685890e-03,9.278060e-03,0,0,-3.1343,11.1254,11.2186,-92.5729,-0.0053,14.0075,42.7833,21.3379,2.9332,2.6482,2.717,2.717,0.0688,3.0073,3.0073,2.9333,11.2186,3.62617489,1.00040661,0,11,0.696621,-2.25977603,0.99999761,5.308844e+08,56,140,0.812475,1.0,in_box
s_ctrl_a8_wcs_125c_vdd1.62v,s_ctrl_a8,A1-fixJc-CONTROL,1stage,8,1,-,-,8,0.9216,512,wcs,125,1.62,3.657330e-03,3.642150e-03,1.516360e-05,3.9685,0.7041,0.9159,0.7684,4.436150e-03,7.186570e-03,0,0,-3.2227,10.2748,10.339,-90.1614,-0.0059,13.0729,41.3442,20.3969,3.0302,2.7275,3.4239,3.4239,0.6964,3.7759,3.7759,3.6897,10.339,3.41081463,1.00043668,0,11,0.689506,-2.14444773,0.99999827,4.731513e+08,54,140,0.812839,1.0,in_box
s_ctrl_a8_wcs_125c_vdd1.80v,s_ctrl_a8,A1-fixJc-CONTROL,1stage,8,1,-,-,8,0.9216,512,wcs,125,1.80,3.718000e-03,3.702520e-03,1.552800e-05,4.0343,0.868,0.932,0.7683,4.513360e-03,8.124050e-03,0,0,-3.2162,10.3145,10.3799,-90.5849,-0.0057,13.119,41.5616,20.4447,3.0282,2.7271,3.4235,3.4235,0.6963,3.7736,3.7736,3.6875,10.3799,3.4242076,1.00042075,0,11,0.690038,-2.20047379,0.99999831,4.731513e+08,54,140,0.812906,1.0,in_box
s_ctrl_a8_wcs_125c_vdd1.98v,s_ctrl_a8,A1-fixJc-CONTROL,1stage,8,1,-,-,8,0.9216,512,wcs,125,1.98,3.779660e-03,3.763870e-03,1.590310e-05,4.1012,1.032,0.948,0.7683,4.591210e-03,9.090600e-03,0,0,-3.2133,10.3521,10.4187,-90.8676,-0.0055,13.1596,41.7626,20.4869,3.0262,2.7268,3.4231,3.4231,0.6963,3.7713,3.7713,3.6852,10.4187,3.38993726,1.00040357,0,11,0.690292,-2.23605859,0.99999827,5.011872e+08,53,140,0.812974,1.0,in_box
s_ctrl_a8_sf_-40c_vdd1.62v,s_ctrl_a8,A1-fixJc-CONTROL,1stage,8,1,-,-,8,0.9216,512,sf,-40,1.62,3.869010e-03,3.866160e-03,2.779070e-06,4.1981,0.5869,1.0331,0.8981,4.611840e-03,7.471190e-03,0,0,-3.0208,11.8452,11.9664,-95.8859,-0.0045,14.8388,44.3409,22.1796,2.5484,2.3454,1.9748,1.9748,-0.3706,2.153,2.153,2.0952,11.9664,4.12986591,1.00037066,0,11,0.705872,-2.67681197,0.99999643,5.623413e+08,60,140,0.81249,1.0,in_box
s_ctrl_a8_sf_-40c_vdd1.80v,s_ctrl_a8,A1-fixJc-CONTROL,1stage,8,1,-,-,8,0.9216,512,sf,-40,1.80,3.971290e-03,3.968350e-03,2.892750e-06,4.3091,0.751,1.049,0.8981,4.729990e-03,8.513980e-03,0,0,-3.0154,11.8772,11.9998,-96.1678,-0.0043,14.8763,44.5179,22.2183,2.5442,2.3428,1.9725,1.9725,-0.3703,2.1494,2.1494,2.0916,11.9998,4.1118526,1.0003586,0,11,0.70632,-2.69593777,0.99999645,5.623413e+08,59,140,0.812518,1.0,in_box
s_ctrl_a8_sf_-40c_vdd1.98v,s_ctrl_a8,A1-fixJc-CONTROL,1stage,8,1,-,-,8,0.9216,512,sf,-40,1.98,4.079990e-03,4.076950e-03,3.015920e-06,4.4271,0.9151,1.0649,0.8981,4.854510e-03,9.611930e-03,0,0,-3.0117,11.9088,12.0329,-96.3712,-0.0042,14.9119,44.6817,22.2548,2.5399,2.3402,1.9702,1.9702,-0.37,2.1456,2.1456,2.0879,12.0329,4.06828243,1.00034704,0,11,0.706632,-2.69447733,0.99999642,5.956621e+08,59,140,0.812543,1.0,in_box
s_ctrl_a8_sf_27c_vdd1.62v,s_ctrl_a8,A1-fixJc-CONTROL,1stage,8,1,-,-,8,0.9216,512,sf,27,1.62,3.851510e-03,3.846190e-03,5.250940e-06,4.1792,0.6386,0.9814,0.8435,4.608050e-03,7.465040e-03,0,0,-3.0709,11.4228,11.5265,-94.6072,-0.0046,14.3658,43.7502,21.705,2.5917,2.3837,2.4474,2.4474,0.0637,2.6595,2.6595,2.5918,11.5265,3.84142193,1.00036619,0,11,0.701793,-2.75127981,0.99999683,5.623413e+08,59,140,0.813538,1.0,in_box
s_ctrl_a8_sf_27c_vdd1.80v,s_ctrl_a8,A1-fixJc-CONTROL,1stage,8,1,-,-,8,0.9216,512,sf,27,1.80,3.939640e-03,3.934170e-03,5.429360e-06,4.2748,0.8027,0.9973,0.8435,4.712190e-03,8.481940e-03,0,0,-3.0657,11.4601,11.5653,-94.9222,-0.0044,14.4086,43.946,21.749,2.5882,2.3817,2.4454,2.4454,0.0637,2.656,2.656,2.5882,11.5653,3.82483848,1.00035309,0,11,0.702232,-2.79185712,0.99999683,5.623413e+08,59,140,0.813574,1.0,in_box
s_ctrl_a8_sf_27c_vdd1.98v,s_ctrl_a8,A1-fixJc-CONTROL,1stage,8,1,-,-,8,0.9216,512,sf,27,1.98,4.032540e-03,4.026920e-03,5.620230e-06,4.3756,0.9667,1.0133,0.8435,4.821050e-03,9.545680e-03,0,0,-3.0624,11.4969,11.6037,-95.1453,-0.0043,14.4488,44.1276,21.7903,2.5846,2.3797,2.4433,2.4433,0.0637,2.6523,2.6523,2.5846,11.6037,3.77866254,1.00034028,0,11,0.702509,-2.81069403,0.99999677,5.956621e+08,58,140,0.813605,1.0,in_box
s_ctrl_a8_sf_125c_vdd1.62v,s_ctrl_a8,A1-fixJc-CONTROL,1stage,8,1,-,-,8,0.9216,512,sf,125,1.62,3.822710e-03,3.813730e-03,8.949950e-06,4.1479,0.7216,0.8984,0.7564,4.598150e-03,7.449000e-03,0,0,-3.1251,10.707,10.7838,-92.8338,-0.0048,13.596,42.7707,20.932,2.7061,2.474,3.1258,3.1258,0.6519,3.3989,3.3989,3.3184,10.7838,3.54861396,1.00036518,0,11,0.697397,-2.86979244,0.99999746,5.308844e+08,58,140,0.815975,1.0,in_box
s_ctrl_a8_sf_125c_vdd1.80v,s_ctrl_a8,A1-fixJc-CONTROL,1stage,8,1,-,-,8,0.9216,512,sf,125,1.80,3.898440e-03,3.889260e-03,9.201650e-06,4.2301,0.8855,0.9145,0.7564,4.690380e-03,8.442680e-03,0,0,-3.1202,10.7522,10.8306,-93.203,-0.0046,13.6463,42.9967,20.9837,2.7027,2.4721,3.1237,3.1237,0.6516,3.3949,3.3949,3.3145,10.8306,3.5334875,1.00035016,0,11,0.697807,-2.95281578,0.99999742,5.623413e+08,57,140,0.815998,1.0,in_box
s_ctrl_a8_sf_125c_vdd1.98v,s_ctrl_a8,A1-fixJc-CONTROL,1stage,8,1,-,-,8,0.9216,512,sf,125,1.98,3.976670e-03,3.967270e-03,9.462270e-06,4.315,1.0494,0.9306,0.7563,4.784820e-03,9.473950e-03,0,0,-3.1179,10.796,10.876,-93.4577,-0.0045,13.6927,43.2059,21.0315,2.6992,2.4703,3.1215,3.1215,0.6512,3.3908,3.3908,3.3105,10.876,3.48254923,1.00033514,0,11,0.698013,-3.01670642,0.99999732,5.623413e+08,58,140,0.816016,1.0,in_box
s_ctrl_a8_fs_-40c_vdd1.62v,s_ctrl_a8,A1-fixJc-CONTROL,1stage,8,1,-,-,8,0.9216,512,fs,-40,1.62,3.871020e-03,3.868170e-03,2.780710e-06,4.2003,0.5868,1.0332,0.8981,4.617270e-03,7.479970e-03,0,0,-3.0208,11.846,11.9672,-95.8857,-0.0045,14.8395,44.3416,22.1803,2.5483,2.3453,1.9747,1.9747,-0.3706,2.1529,2.1529,2.0951,11.9672,4.12949198,1.00037065,0,11,0.705872,-2.67779246,0.99999642,5.623413e+08,60,140,0.812488,1.0,in_box
s_ctrl_a8_fs_-40c_vdd1.80v,s_ctrl_a8,A1-fixJc-CONTROL,1stage,8,1,-,-,8,0.9216,512,fs,-40,1.80,3.972920e-03,3.969970e-03,2.894020e-06,4.3109,0.751,1.049,0.8981,4.735020e-03,8.523030e-03,0,0,-3.0154,11.8778,12.0004,-96.1677,-0.0043,14.8769,44.5185,22.2188,2.5441,2.3428,1.9725,1.9725,-0.3703,2.1493,2.1493,2.0915,12.0004,4.11160538,1.0003586,0,11,0.70632,-2.6967595,0.99999645,5.623413e+08,59,140,0.812516,1.0,in_box
s_ctrl_a8_fs_-40c_vdd1.98v,s_ctrl_a8,A1-fixJc-CONTROL,1stage,8,1,-,-,8,0.9216,512,fs,-40,1.98,4.081870e-03,4.078830e-03,3.017530e-06,4.4291,0.9151,1.0649,0.8981,4.859820e-03,9.622430e-03,0,0,-3.0117,11.9094,12.0335,-96.3711,-0.0042,14.9125,44.6822,22.2554,2.5398,2.3401,1.9701,1.9701,-0.37,2.1454,2.1454,2.0878,12.0335,4.06799217,1.00034704,0,11,0.706632,-2.69546627,0.99999642,5.956621e+08,59,140,0.812541,1.0,in_box
s_ctrl_a8_fs_27c_vdd1.62v,s_ctrl_a8,A1-fixJc-CONTROL,1stage,8,1,-,-,8,0.9216,512,fs,27,1.62,3.853140e-03,3.847820e-03,5.253470e-06,4.1809,0.6386,0.9814,0.8435,4.612960e-03,7.472990e-03,0,0,-3.0709,11.4236,11.5273,-94.607,-0.0046,14.3666,43.751,21.7058,2.5916,2.3836,2.4473,2.4473,0.0637,2.6594,2.6594,2.5916,11.5273,3.84106354,1.00036619,0,11,0.701792,-2.7521058,0.99999683,5.623413e+08,59,140,0.813536,1.0,in_box
s_ctrl_a8_fs_27c_vdd1.80v,s_ctrl_a8,A1-fixJc-CONTROL,1stage,8,1,-,-,8,0.9216,512,fs,27,1.80,3.941040e-03,3.935570e-03,5.431580e-06,4.2763,0.8027,0.9973,0.8435,4.716860e-03,8.490340e-03,0,0,-3.0657,11.4608,11.566,-94.9221,-0.0044,14.4092,43.9466,21.7496,2.5882,2.3816,2.4453,2.4453,0.0637,2.6559,2.6559,2.5882,11.566,3.82455888,1.00035309,0,11,0.702231,-2.79261549,0.99999683,5.623413e+08,59,140,0.813574,1.0,in_box
s_ctrl_a8_fs_27c_vdd1.98v,s_ctrl_a8,A1-fixJc-CONTROL,1stage,8,1,-,-,8,0.9216,512,fs,27,1.98,4.033780e-03,4.028150e-03,5.622180e-06,4.3769,0.9667,1.0133,0.8435,4.825520e-03,9.554520e-03,0,0,-3.0624,11.4975,11.6042,-95.1452,-0.0043,14.4493,44.1281,21.7909,2.5845,2.3796,2.4433,2.4433,0.0637,2.6522,2.6522,2.5846,11.6042,3.77844476,1.00034028,0,11,0.702509,-2.81137776,0.99999677,5.956621e+08,58,140,0.813606,1.0,in_box
s_ctrl_a8_fs_125c_vdd1.62v,s_ctrl_a8,A1-fixJc-CONTROL,1stage,8,1,-,-,8,0.9216,512,fs,125,1.62,3.823830e-03,3.814860e-03,8.952990e-06,4.1491,0.7216,0.8984,0.7564,4.602350e-03,7.455800e-03,0,0,-3.1252,10.7077,10.7846,-92.8336,-0.0048,13.5968,42.7714,20.9327,2.706,2.4739,3.1258,3.1258,0.6519,3.3988,3.3988,3.3183,10.7846,3.5482971,1.00036517,0,11,0.697394,-2.87041011,0.99999745,5.308844e+08,58,140,0.815977,1.0,in_box
s_ctrl_a8_fs_125c_vdd1.80v,s_ctrl_a8,A1-fixJc-CONTROL,1stage,8,1,-,-,8,0.9216,512,fs,125,1.80,3.899150e-03,3.889960e-03,9.203580e-06,4.2308,0.8855,0.9145,0.7564,4.694120e-03,8.449420e-03,0,0,-3.1203,10.7527,10.8311,-93.203,-0.0046,13.6467,42.9971,20.9842,2.7026,2.4721,3.1236,3.1236,0.6516,3.3948,3.3948,3.3144,10.8311,3.53330907,1.00035016,0,11,0.697806,-2.95324604,0.99999742,5.623413e+08,57,140,0.816003,1.0,in_box
s_ctrl_a8_fs_125c_vdd1.98v,s_ctrl_a8,A1-fixJc-CONTROL,1stage,8,1,-,-,8,0.9216,512,fs,125,1.98,3.977150e-03,3.967740e-03,9.463540e-06,4.3155,1.0494,0.9306,0.7563,4.788320e-03,9.480870e-03,0,0,-3.1179,10.7963,10.8763,-93.4577,-0.0045,13.693,43.2062,21.0318,2.6992,2.4703,3.1215,3.1215,0.6512,3.3908,3.3908,3.3104,10.8763,3.48244335,1.00033514,0,11,0.698012,-3.01700813,0.99999731,5.623413e+08,58,140,0.816022,1.0,in_box
s_fixj_a10_typ_-40c_vdd1.62v,s_fixj_a10,A1-fixJc,1stage,10,1,-,-,10,1.152,512,typ,-40,1.62,4.810560e-03,4.807010e-03,3.455770e-06,4.1758,0.5865,1.0335,0.8978,5.554980e-03,8.999070e-03,0,1,-3.0618,12.3321,12.477,-93.7708,-0.0076,15.2867,42.524,22.5969,2.2365,2.1133,1.7722,1.7722,-0.3411,1.8796,1.8796,1.8277,12.477,5.3410718,1.00068975,0,11,0.702303,-2.42151757,0.99999569,5.011872e+08,58,140,0.811767,1.0,in_box
s_fixj_a10_typ_-40c_vdd1.80v,s_fixj_a10,A1-fixJc,1stage,10,1,-,-,10,1.152,512,typ,-40,1.80,4.938960e-03,4.935300e-03,3.598850e-06,4.2873,0.7506,1.0494,0.8978,5.699250e-03,1.025860e-02,1,1,-3.0549,12.3563,12.5024,-94.0519,-0.0073,15.3178,42.696,22.6298,2.2332,2.1112,1.7704,1.7704,-0.3408,1.8767,1.8767,1.8249,12.5024,5.31833446,1.00066731,0,11,0.702879,-2.4414842,0.9999957,5.011872e+08,58,140,0.811805,1.0,in_box
s_fixj_a10_typ_-40c_vdd1.98v,s_fixj_a10,A1-fixJc,1stage,10,1,-,-,10,1.152,512,typ,-40,1.98,5.075380e-03,5.071600e-03,3.753870e-06,4.4057,0.9147,1.0653,0.8978,5.851490e-03,1.158590e-02,1,1,-3.0499,12.38,12.5274,-94.2546,-0.0071,15.3467,42.8545,22.6602,2.2298,2.1091,1.7685,1.7685,-0.3405,1.8737,1.8737,1.8219,12.5274,5.26371398,1.0006463,0,11,0.703303,-2.44163031,0.99999566,5.011872e+08,58,140,0.81184,1.0,in_box
s_fixj_a10_typ_27c_vdd1.62v,s_fixj_a10,A1-fixJc,1stage,10,1,-,-,10,1.152,512,typ,27,1.62,4.764730e-03,4.758150e-03,6.490980e-06,4.1361,0.638,0.982,0.843,5.522750e-03,8.946850e-03,0,1,-3.1251,12.0019,12.132,-92.5119,-0.0078,14.8944,42.0069,22.2023,2.279,2.1521,2.2111,2.2111,0.059,2.3407,2.3407,2.279,12.132,4.96624355,1.00068984,0,11,0.697176,-2.48201175,0.99999626,5.011872e+08,58,140,0.812337,1.0,in_box
s_fixj_a10_typ_27c_vdd1.80v,s_fixj_a10,A1-fixJc,1stage,10,1,-,-,10,1.152,512,typ,27,1.80,4.873610e-03,4.866850e-03,6.711790e-06,4.2306,0.8021,0.9979,0.843,5.647630e-03,1.016570e-02,1,1,-3.1179,12.0306,12.162,-92.826,-0.0075,14.9302,42.1964,22.24,2.2764,2.1506,2.2096,2.2096,0.059,2.338,2.338,2.2764,12.162,4.94637871,1.00066537,0,11,0.697774,-2.51887123,0.99999625,5.011872e+08,58,140,0.812388,1.0,in_box
s_fixj_a10_typ_27c_vdd1.98v,s_fixj_a10,A1-fixJc,1stage,10,1,-,-,10,1.152,512,typ,27,1.98,4.988310e-03,4.981360e-03,6.947820e-06,4.3301,0.9661,1.0139,0.8429,5.778260e-03,1.144100e-02,1,1,-3.1131,12.0586,12.1913,-93.0483,-0.0073,14.9631,42.3711,22.2746,2.2737,2.1491,2.2081,2.2081,0.0589,2.3352,2.3352,2.2737,12.1913,4.8902069,1.0006422,0,11,0.698187,-2.53364406,0.99999619,5.011872e+08,57,140,0.812433,1.0,in_box
s_fixj_a10_typ_125c_vdd1.62v,s_fixj_a10,A1-fixJc,1stage,10,1,-,-,10,1.152,512,typ,125,1.62,4.703250e-03,4.692230e-03,1.099100e-05,4.0827,0.7206,0.8994,0.7555,5.481760e-03,8.880450e-03,0,1,-3.2002,11.429,11.5348,-90.7649,-0.0082,14.2495,41.1465,21.5529,2.3837,2.2383,2.846,2.846,0.6077,3.019,3.019,2.9448,11.5348,4.57158238,1.00069726,0,11,0.691132,-2.57982951,0.99999704,4.731513e+08,56,140,0.814307,1.0,in_box
s_fixj_a10_typ_125c_vdd1.80v,s_fixj_a10,A1-fixJc,1stage,10,1,-,-,10,1.152,512,typ,125,1.80,4.795270e-03,4.783990e-03,1.129680e-05,4.1626,0.8845,0.9155,0.7555,5.588490e-03,1.005930e-02,1,1,-3.1929,11.4647,11.572,-91.1327,-0.0078,14.2923,41.3651,21.598,2.3812,2.237,2.8445,2.8445,0.6074,3.016,3.016,2.9418,11.572,4.55439895,1.00066903,0,11,0.691738,-2.65162341,0.99999702,4.731513e+08,56,140,0.814346,1.0,in_box
s_fixj_a10_typ_125c_vdd1.98v,s_fixj_a10,A1-fixJc,1stage,10,1,-,-,10,1.152,512,typ,125,1.98,4.890260e-03,4.878720e-03,1.161310e-05,4.245,1.0484,0.9316,0.7554,5.699660e-03,1.128530e-02,1,1,-3.1886,11.499,11.6078,-91.3864,-0.0076,14.3308,41.5655,21.6385,2.3786,2.2357,2.8429,2.8429,0.6072,3.013,3.013,2.9388,11.6078,4.49422741,1.00064199,0,11,0.692101,-2.70404058,0.99999691,5.011872e+08,56,140,0.814378,1.0,in_box
s_fixj_a10_bcs_-40c_vdd1.62v,s_fixj_a10,A1-fixJc,1stage,10,1,-,-,10,1.152,512,bcs,-40,1.62,4.861620e-03,4.859690e-03,1.884590e-06,4.2202,0.5966,1.0234,0.8892,5.606580e-03,9.082660e-03,0,1,-2.9997,12.5586,12.7143,-96.5802,-0.006,15.5757,43.8011,22.9012,1.9388,1.8732,1.5642,1.5642,-0.309,1.6209,1.6209,1.5749,12.7143,5.69887886,1.0005643,0,11,0.707471,-2.64976942,0.99999517,5.308844e+08,60,140,0.810646,1.0,in_box
s_fixj_a10_bcs_-40c_vdd1.80v,s_fixj_a10,A1-fixJc,1stage,10,1,-,-,10,1.152,512,bcs,-40,1.80,5.016150e-03,5.014140e-03,1.974090e-06,4.3543,0.7607,1.0393,0.8892,5.776950e-03,1.039850e-02,1,1,-2.9939,12.5848,12.7419,-96.8294,-0.0058,15.608,43.974,22.9348,1.9346,1.87,1.5614,1.5614,-0.3086,1.6173,1.6173,1.5714,12.7419,5.65432018,1.00054567,0,11,0.707964,-2.67774088,0.99999511,5.308844e+08,59,140,0.810662,1.0,in_box
s_fixj_a10_bcs_-40c_vdd1.98v,s_fixj_a10,A1-fixJc,1stage,10,1,-,-,10,1.152,512,bcs,-40,1.98,5.182670e-03,5.180580e-03,2.072340e-06,4.4988,0.9247,1.0553,0.8892,5.959290e-03,1.179940e-02,1,1,-2.9894,12.6107,12.7692,-97.0096,-0.0057,15.6386,44.1333,22.9667,1.9303,1.8667,1.5586,1.5586,-0.3081,1.6135,1.6135,1.5677,12.7692,5.58306753,1.00052857,0,11,0.708348,-2.68793605,0.99999501,5.308844e+08,59,140,0.810674,1.0,in_box
s_fixj_a10_bcs_27c_vdd1.62v,s_fixj_a10,A1-fixJc,1stage,10,1,-,-,10,1.152,512,bcs,27,1.62,4.877370e-03,4.873740e-03,3.582960e-06,4.2338,0.6497,0.9703,0.8339,5.635330e-03,9.129240e-03,0,1,-3.0501,12.2575,12.3985,-95.3538,-0.0062,15.2233,43.3265,22.5468,2.003,1.9277,1.9818,1.9818,0.0541,2.0588,2.0588,2.003,12.3985,5.28717127,1.00056474,0,11,0.703361,-2.78310659,0.99999556,5.308844e+08,59,140,0.812817,1.0,in_box
s_fixj_a10_bcs_27c_vdd1.80v,s_fixj_a10,A1-fixJc,1stage,10,1,-,-,10,1.152,512,bcs,27,1.80,5.009270e-03,5.005520e-03,3.723240e-06,4.3483,0.8138,0.9862,0.8339,5.783220e-03,1.040980e-02,1,1,-3.0442,12.2887,12.4313,-95.6322,-0.006,15.2606,43.5186,22.5856,1.9991,1.9249,1.979,1.979,0.0541,2.0549,2.0549,1.9991,12.4313,5.24295026,1.00054411,0,11,0.70386,-2.82938215,0.99999549,5.308844e+08,59,140,0.812836,1.0,in_box
s_fixj_a10_bcs_27c_vdd1.98v,s_fixj_a10,A1-fixJc,1stage,10,1,-,-,10,1.152,512,bcs,27,1.98,5.150170e-03,5.146300e-03,3.874710e-06,4.4706,0.9778,1.0022,0.8339,5.940050e-03,1.176130e-02,1,1,-3.0399,12.3196,12.4638,-95.8312,-0.0058,15.296,43.6959,22.6224,1.9952,1.9221,1.9761,1.9761,0.054,2.0508,2.0508,1.9952,12.4638,5.16896667,1.00052503,0,11,0.704225,-2.85612542,0.99999536,5.308844e+08,59,140,0.812849,1.0,in_box
s_fixj_a10_bcs_125c_vdd1.62v,s_fixj_a10,A1-fixJc,1stage,10,1,-,-,10,1.152,512,bcs,125,1.62,4.881900e-03,4.875730e-03,6.144000e-06,4.2378,0.7349,0.8851,0.7455,5.657880e-03,9.165770e-03,0,1,-3.1075,11.738,11.8552,-93.6505,-0.0065,14.6461,42.5354,21.9658,2.124,2.0267,2.5923,2.5923,0.5655,2.7092,2.7092,2.6405,11.8552,4.84570876,1.00057109,0,11,0.698692,-2.98033401,0.9999962,5.308844e+08,58,140,0.816532,1.0,in_box
s_fixj_a10_bcs_125c_vdd1.80v,s_fixj_a10,A1-fixJc,1stage,10,1,-,-,10,1.152,512,bcs,125,1.80,4.994210e-03,4.987880e-03,6.341580e-06,4.3353,0.8988,0.9012,0.7455,5.786630e-03,1.041590e-02,1,1,-3.1018,11.7771,11.8961,-93.9739,-0.0062,14.691,42.7587,22.0126,2.12,2.024,2.589,2.589,0.565,2.7045,2.7045,2.6358,11.8961,4.79907185,1.00054682,0,11,0.699176,-3.06201702,0.99999609,5.308844e+08,59,140,0.816536,1.0,in_box
s_fixj_a10_bcs_125c_vdd1.98v,s_fixj_a10,A1-fixJc,1stage,10,1,-,-,10,1.152,512,bcs,125,1.98,5.112220e-03,5.105710e-03,6.543640e-06,4.4377,1.0626,0.9174,0.7455,5.919190e-03,1.172000e-02,1,1,-3.0983,11.8154,11.9361,-94.2017,-0.006,14.733,42.9641,22.0562,2.116,2.0213,2.5856,2.5856,0.5644,2.6997,2.6997,2.6311,11.9361,4.71919809,1.00052431,0,11,0.699479,-3.13035686,0.99999591,5.308844e+08,59,140,0.816523,1.0,in_box
s_fixj_a10_wcs_-40c_vdd1.62v,s_fixj_a10,A1-fixJc,1stage,10,1,-,-,10,1.152,512,wcs,-40,1.62,4.728670e-03,4.722510e-03,5.991960e-06,4.1047,0.5745,1.0455,0.9076,5.473480e-03,8.867040e-03,0,1,-3.1298,12.0775,12.2112,-91.186,-0.0093,14.9657,41.32,22.26,2.5664,2.3721,1.9982,1.9982,-0.3739,2.1689,2.1689,2.1107,12.2112,5.03735403,1.00082413,0,11,0.696677,-2.12126029,0.99999642,4.731513e+08,57,140,0.811921,1.0,in_box
s_fixj_a10_wcs_-40c_vdd1.80v,s_fixj_a10,A1-fixJc,1stage,10,1,-,-,10,1.152,512,wcs,-40,1.80,4.834240e-03,4.827920e-03,6.208480e-06,4.1964,0.7386,1.0614,0.9075,5.594930e-03,1.007090e-02,1,1,-3.1216,12.0998,12.2345,-91.4996,-0.009,14.996,41.4904,22.2923,2.5639,2.3711,1.9973,1.9973,-0.3738,2.1667,2.1667,2.1086,12.2345,5.03558734,1.00079813,0,11,0.697356,-2.13130481,0.99999649,4.731513e+08,56,140,0.811992,1.0,in_box
s_fixj_a10_wcs_-40c_vdd1.98v,s_fixj_a10,A1-fixJc,1stage,10,1,-,-,10,1.152,512,wcs,-40,1.98,4.944760e-03,4.938260e-03,6.439510e-06,4.2923,0.9026,1.0774,0.9075,5.721300e-03,1.132820e-02,1,1,-3.116,12.1213,12.257,-91.7233,-0.0087,15.023,41.6471,22.3212,2.5613,2.3701,1.9964,1.9964,-0.3737,2.1644,2.1644,2.1063,12.257,4.99605808,1.00077318,0,11,0.697827,-2.12075765,0.9999965,4.731513e+08,56,140,0.812059,1.0,in_box
s_fixj_a10_wcs_27c_vdd1.62v,s_fixj_a10,A1-fixJc,1stage,10,1,-,-,10,1.152,512,wcs,27,1.62,4.602630e-03,4.591410e-03,1.107050e-05,3.9953,0.6235,0.9965,0.8534,5.361680e-03,8.685930e-03,0,1,-3.2125,11.7044,11.8227,-89.8993,-0.0095,14.5149,40.7431,21.8064,2.5872,2.3995,2.4635,2.4635,0.064,2.655,2.655,2.5873,11.8227,4.71004681,1.00082455,0,11,0.690042,-2.05113342,0.99999718,4.466836e+08,55,140,0.810466,1.0,in_box
s_fixj_a10_wcs_27c_vdd1.80v,s_fixj_a10,A1-fixJc,1stage,10,1,-,-,10,1.152,512,wcs,27,1.80,4.689700e-03,4.678220e-03,1.139260e-05,4.0709,0.7876,1.0124,0.8533,5.464780e-03,9.836600e-03,0,1,-3.2038,11.7304,11.8497,-90.2526,-0.0092,14.5492,40.9292,21.8429,2.5858,2.3994,2.4634,2.4634,0.064,2.6535,2.6535,2.5858,11.8497,4.7151133,1.00079668,0,11,0.690762,-2.07024759,0.99999724,4.466836e+08,54,140,0.810564,1.0,in_box
s_fixj_a10_wcs_27c_vdd1.98v,s_fixj_a10,A1-fixJc,1stage,10,1,-,-,10,1.152,512,wcs,27,1.98,4.780250e-03,4.768510e-03,1.173290e-05,4.1495,0.9516,1.0284,0.8532,5.571260e-03,1.103110e-02,1,1,-3.1982,11.7552,11.8757,-90.498,-0.0089,14.5794,41.1002,21.8752,2.5843,2.3993,2.4633,2.4633,0.064,2.6519,2.6519,2.5843,11.8757,4.67569139,1.00076946,0,11,0.691226,-2.06706327,0.99999723,4.731513e+08,54,140,0.810658,1.0,in_box
s_fixj_a10_wcs_125c_vdd1.62v,s_fixj_a10,A1-fixJc,1stage,10,1,-,-,10,1.152,512,wcs,125,1.62,4.455280e-03,4.436840e-03,1.841250e-05,3.8674,0.7025,0.9175,0.767,5.233820e-03,8.478780e-03,0,0,-3.3142,11.0499,11.143,-88.1156,-0.01,13.768,39.7808,21.0543,2.6765,2.4771,3.1296,3.1296,0.6525,3.3642,3.3642,3.2843,11.143,4.38037057,1.00083494,0,11,0.681953,-1.96693141,0.99999805,4.216965e+08,53,140,0.810325,1.0,in_box
s_fixj_a10_wcs_125c_vdd1.80v,s_fixj_a10,A1-fixJc,1stage,10,1,-,-,10,1.152,512,wcs,125,1.80,4.527290e-03,4.508500e-03,1.884440e-05,3.9299,0.8665,0.9335,0.7669,5.322380e-03,9.580280e-03,0,1,-3.3049,11.0821,11.1764,-88.5365,-0.0096,13.8088,39.9938,21.0978,2.6753,2.4773,3.1298,3.1298,0.6525,3.3628,3.3628,3.2829,11.1764,4.39582613,1.00080363,0,11,0.682716,-2.01482706,0.99999809,4.216965e+08,52,140,0.810419,1.0,in_box
s_fixj_a10_wcs_125c_vdd1.98v,s_fixj_a10,A1-fixJc,1stage,10,1,-,-,10,1.152,512,wcs,125,1.98,4.600330e-03,4.581180e-03,1.928800e-05,3.9933,1.0304,0.9496,0.7668,5.411610e-03,1.071500e-02,1,1,-3.2998,11.1122,11.2075,-88.8176,-0.0093,13.8437,40.1885,21.1351,2.6741,2.4775,3.13,3.13,0.6525,3.3615,3.3615,3.2816,11.2075,4.35493829,1.00077221,0,11,0.683146,-2.04521688,0.99999806,4.216965e+08,52,140,0.810513,1.0,in_box
s_fixj_a10_sf_-40c_vdd1.62v,s_fixj_a10,A1-fixJc,1stage,10,1,-,-,10,1.152,512,sf,-40,1.62,4.809480e-03,4.805930e-03,3.454920e-06,4.1749,0.5865,1.0334,0.8978,5.552250e-03,8.994650e-03,0,1,-3.0618,12.3318,12.4768,-93.7708,-0.0076,15.2864,42.5238,22.5967,2.2366,2.1133,1.7722,1.7722,-0.3411,1.8796,1.8796,1.8277,12.4768,5.34123499,1.00068975,0,11,0.702302,-2.4211579,0.99999569,5.011872e+08,58,140,0.811767,1.0,in_box
s_fixj_a10_sf_-40c_vdd1.80v,s_fixj_a10,A1-fixJc,1stage,10,1,-,-,10,1.152,512,sf,-40,1.80,4.937870e-03,4.934210e-03,3.597940e-06,4.2863,0.7507,1.0494,0.8978,5.696530e-03,1.025380e-02,1,1,-3.0549,12.3561,12.5022,-94.0519,-0.0073,15.3176,42.6958,22.6296,2.2333,2.1112,1.7704,1.7704,-0.3408,1.8767,1.8767,1.8249,12.5022,5.31849437,1.00066731,0,11,0.702878,-2.44110109,0.9999957,5.011872e+08,58,140,0.811805,1.0,in_box
s_fixj_a10_sf_-40c_vdd1.98v,s_fixj_a10,A1-fixJc,1stage,10,1,-,-,10,1.152,512,sf,-40,1.98,5.074270e-03,5.070490e-03,3.752920e-06,4.4047,0.9147,1.0653,0.8978,5.848740e-03,1.158050e-02,1,1,-3.0499,12.3798,12.5271,-94.2547,-0.0071,15.3465,42.8543,22.6599,2.2298,2.1091,1.7686,1.7686,-0.3405,1.8737,1.8737,1.822,12.5271,5.26386129,1.0006463,0,11,0.703302,-2.44122874,0.99999566,5.011872e+08,58,140,0.81184,1.0,in_box
s_fixj_a10_sf_27c_vdd1.62v,s_fixj_a10,A1-fixJc,1stage,10,1,-,-,10,1.152,512,sf,27,1.62,4.763830e-03,4.757250e-03,6.489580e-06,4.1353,0.638,0.982,0.843,5.520260e-03,8.942820e-03,0,1,-3.1251,12.0016,12.1317,-92.512,-0.0078,14.8942,42.0067,22.202,2.2791,2.1521,2.2111,2.2111,0.059,2.3407,2.3407,2.2791,12.1317,4.96641517,1.00068984,0,11,0.697176,-2.48169153,0.99999626,5.011872e+08,58,140,0.812338,1.0,in_box
s_fixj_a10_sf_27c_vdd1.80v,s_fixj_a10,A1-fixJc,1stage,10,1,-,-,10,1.152,512,sf,27,1.80,4.872800e-03,4.866040e-03,6.710510e-06,4.2299,0.8021,0.9979,0.843,5.645250e-03,1.016140e-02,1,1,-3.1179,12.0303,12.1617,-92.826,-0.0075,14.93,42.1962,22.2397,2.2764,2.1506,2.2096,2.2096,0.059,2.338,2.338,2.2764,12.1617,4.94651615,1.00066537,0,11,0.697774,-2.51856765,0.99999625,5.011872e+08,58,140,0.812387,1.0,in_box
s_fixj_a10_sf_27c_vdd1.98v,s_fixj_a10,A1-fixJc,1stage,10,1,-,-,10,1.152,512,sf,27,1.98,4.987560e-03,4.980610e-03,6.946600e-06,4.3295,0.9661,1.0139,0.8429,5.775940e-03,1.143640e-02,1,1,-3.1131,12.0584,12.1911,-93.0484,-0.0073,14.9629,42.3709,22.2744,2.2737,2.1492,2.2081,2.2081,0.0589,2.3352,2.3352,2.2737,12.1911,4.89032438,1.0006422,0,11,0.698186,-2.53334927,0.99999619,5.011872e+08,57,140,0.812433,1.0,in_box
s_fixj_a10_sf_125c_vdd1.62v,s_fixj_a10,A1-fixJc,1stage,10,1,-,-,10,1.152,512,sf,125,1.62,4.702700e-03,4.691680e-03,1.098950e-05,4.0822,0.7206,0.8994,0.7555,5.477980e-03,8.874320e-03,0,1,-3.2002,11.4287,11.5346,-90.765,-0.0082,14.2493,41.1463,21.5526,2.3838,2.2383,2.846,2.846,0.6077,3.0191,3.0191,2.9449,11.5346,4.57171635,1.00069727,0,11,0.691132,-2.57961508,0.99999704,4.731513e+08,56,140,0.814305,1.0,in_box
s_fixj_a10_sf_125c_vdd1.80v,s_fixj_a10,A1-fixJc,1stage,10,1,-,-,10,1.152,512,sf,125,1.80,4.794920e-03,4.783640e-03,1.129590e-05,4.1623,0.8845,0.9155,0.7555,5.586680e-03,1.005600e-02,1,1,-3.1929,11.4646,11.5719,-91.1327,-0.0078,14.2922,41.3649,21.5978,2.3812,2.237,2.8445,2.8445,0.6075,3.016,3.016,2.9419,11.5719,4.5544731,1.00066903,0,11,0.691738,-2.65147144,0.99999702,4.731513e+08,56,140,0.814343,1.0,in_box
s_fixj_a10_sf_125c_vdd1.98v,s_fixj_a10,A1-fixJc,1stage,10,1,-,-,10,1.152,512,sf,125,1.98,4.890030e-03,4.878490e-03,1.161240e-05,4.2448,1.0484,0.9316,0.7554,5.697980e-03,1.128200e-02,1,1,-3.1886,11.4989,11.6077,-91.3864,-0.0076,14.3307,41.5655,21.6385,2.3786,2.2358,2.843,2.843,0.6072,3.013,3.013,2.9389,11.6077,4.49427287,1.00064199,0,11,0.692101,-2.70392945,0.99999691,5.011872e+08,56,140,0.814375,1.0,in_box
s_fixj_a10_fs_-40c_vdd1.62v,s_fixj_a10,A1-fixJc,1stage,10,1,-,-,10,1.152,512,fs,-40,1.62,4.811970e-03,4.808420e-03,3.456950e-06,4.1771,0.5865,1.0335,0.8978,5.558160e-03,9.004220e-03,0,1,-3.0618,12.3324,12.4773,-93.7706,-0.0076,15.287,42.5243,22.5972,2.2365,2.1132,1.7722,1.7722,-0.3411,1.8795,1.8795,1.8276,12.4773,5.34083222,1.00068975,0,11,0.702303,-2.42198805,0.99999569,5.011872e+08,58,140,0.811765,1.0,in_box
s_fixj_a10_fs_-40c_vdd1.80v,s_fixj_a10,A1-fixJc,1stage,10,1,-,-,10,1.152,512,fs,-40,1.80,4.939830e-03,4.936170e-03,3.599470e-06,4.288,0.7506,1.0494,0.8978,5.701880e-03,1.026340e-02,1,1,-3.0549,12.3565,12.5027,-94.0518,-0.0073,15.3181,42.6962,22.63,2.2332,2.1112,1.7704,1.7704,-0.3408,1.8767,1.8767,1.8248,12.5027,5.31815871,1.00066731,0,11,0.70288,-2.44177951,0.9999957,5.011872e+08,58,140,0.811804,1.0,in_box
s_fixj_a10_fs_-40c_vdd1.98v,s_fixj_a10,A1-fixJc,1stage,10,1,-,-,10,1.152,512,fs,-40,1.98,5.076550e-03,5.072770e-03,3.754870e-06,4.4067,0.9147,1.0653,0.8978,5.854410e-03,1.159170e-02,1,1,-3.0499,12.3802,12.5276,-94.2546,-0.0071,15.3469,42.8547,22.6604,2.2297,2.109,1.7685,1.7685,-0.3405,1.8737,1.8737,1.8219,12.5276,5.26355703,1.0006463,0,11,0.703304,-2.4420535,0.99999566,5.011872e+08,58,140,0.811839,1.0,in_box
s_fixj_a10_fs_27c_vdd1.62v,s_fixj_a10,A1-fixJc,1stage,10,1,-,-,10,1.152,512,fs,27,1.62,4.765830e-03,4.759250e-03,6.492680e-06,4.137,0.638,0.982,0.843,5.525540e-03,8.951380e-03,0,1,-3.1251,12.0022,12.1323,-92.5118,-0.0078,14.8948,42.0072,22.2026,2.279,2.152,2.211,2.211,0.059,2.3406,2.3406,2.279,12.1323,4.96603593,1.00068984,0,11,0.697177,-2.48239394,0.99999625,5.011872e+08,58,140,0.812336,1.0,in_box
s_fixj_a10_fs_27c_vdd1.80v,s_fixj_a10,A1-fixJc,1stage,10,1,-,-,10,1.152,512,fs,27,1.80,4.874530e-03,4.867770e-03,6.713240e-06,4.2314,0.8021,0.998,0.843,5.650230e-03,1.017040e-02,1,1,-3.1179,12.0308,12.1622,-92.8259,-0.0075,14.9305,42.1967,22.2402,2.2764,2.1506,2.2096,2.2096,0.059,2.3379,2.3379,2.2764,12.1622,4.94622245,1.00066537,0,11,0.697775,-2.51921248,0.99999625,5.011872e+08,58,140,0.812387,1.0,in_box
s_fixj_a10_fs_27c_vdd1.98v,s_fixj_a10,A1-fixJc,1stage,10,1,-,-,10,1.152,512,fs,27,1.98,4.989150e-03,4.982200e-03,6.949170e-06,4.3309,0.9661,1.0139,0.8429,5.780780e-03,1.144590e-02,1,1,-3.113,12.0588,12.1915,-93.0483,-0.0073,14.9633,42.3713,22.2748,2.2736,2.1491,2.208,2.208,0.0589,2.3351,2.3351,2.2736,12.1915,4.89007656,1.0006422,0,11,0.698187,-2.53396898,0.99999618,5.011872e+08,57,140,0.812433,1.0,in_box
s_fixj_a10_fs_125c_vdd1.62v,s_fixj_a10,A1-fixJc,1stage,10,1,-,-,10,1.152,512,fs,125,1.62,4.704080e-03,4.693050e-03,1.099320e-05,4.0834,0.7206,0.8994,0.7555,5.482420e-03,8.881520e-03,0,1,-3.2002,11.4293,11.5352,-90.7649,-0.0082,14.2499,41.1469,21.5532,2.3837,2.2383,2.846,2.846,0.6077,3.019,3.019,2.9448,11.5352,4.57138678,1.00069726,0,11,0.691131,-2.58014099,0.99999704,4.731513e+08,56,140,0.814306,1.0,in_box
s_fixj_a10_fs_125c_vdd1.80v,s_fixj_a10,A1-fixJc,1stage,10,1,-,-,10,1.152,512,fs,125,1.80,4.795780e-03,4.784500e-03,1.129820e-05,4.163,0.8845,0.9155,0.7555,5.590580e-03,1.006300e-02,1,1,-3.1929,11.4649,11.5723,-91.1327,-0.0078,14.2925,41.3653,21.5982,2.3811,2.237,2.8444,2.8444,0.6074,3.016,3.016,2.9418,11.5723,4.55428939,1.00066902,0,11,0.691738,-2.65183761,0.99999702,4.731513e+08,56,140,0.814348,1.0,in_box
s_fixj_a10_fs_125c_vdd1.98v,s_fixj_a10,A1-fixJc,1stage,10,1,-,-,10,1.152,512,fs,125,1.98,4.890700e-03,4.879160e-03,1.161430e-05,4.2454,1.0484,0.9316,0.7554,5.701690e-03,1.128930e-02,1,1,-3.1886,11.4992,11.6079,-91.3863,-0.0076,14.331,41.5657,21.6387,2.3786,2.2357,2.8429,2.8429,0.6072,3.0129,3.0129,2.9388,11.6079,4.49414194,1.00064199,0,11,0.692101,-2.70423149,0.99999691,5.011872e+08,56,140,0.81438,1.0,in_box
s_fixi_a4_typ_-40c_vdd1.62v,s_fixi_a4,A2-fixIc,1stage,4,1,-,-,4,0.4608,1024,typ,-40,1.62,3.797970e-03,3.794700e-03,3.092590e-06,8.2421,0.5597,1.0603,0.9273,5.053280e-03,8.186310e-03,0,0,-2.8949,10.5835,10.6531,-101.8701,-0.001,13.7058,49.8912,21.095,3.6123,3.0991,2.6415,2.6415,-0.4576,3.1028,3.1028,3.0271,10.6531,1.68085354,1.00003595,0,11,0.716474,-6.91344279,0.99999155,1.122018e+09,70,140,0.805567,1.0,in_box
s_fixi_a4_typ_-40c_vdd1.80v,s_fixi_a4,A2-fixIc,1stage,4,1,-,-,4,0.4608,1024,typ,-40,1.80,3.920010e-03,3.916590e-03,3.282840e-06,8.507,0.7232,1.0768,0.9273,5.191690e-03,9.345040e-03,0,0,-2.8923,10.6262,10.6973,-102.2137,-0.0009,13.7515,50.0639,21.141,3.6047,3.0951,2.6379,2.6379,-0.4572,3.0959,3.0959,3.0204,10.6973,1.69201316,1.00003533,0,11,0.716691,-7.26248384,0.99999171,1.122018e+09,70,140,0.805594,1.0,in_box
s_fixi_a4_typ_-40c_vdd1.98v,s_fixi_a4,A2-fixIc,1stage,4,1,-,-,4,0.4608,1024,typ,-40,1.98,4.050640e-03,4.047060e-03,3.493980e-06,8.7905,0.8867,1.0933,0.9272,5.338620e-03,1.057050e-02,1,0,-2.8914,10.6687,10.7412,-102.437,-0.0009,13.7951,50.2276,21.185,3.5968,3.091,2.6343,2.6343,-0.4567,3.0887,3.0887,3.0133,10.7412,1.67868933,1.00003396,0,11,0.716766,-7.54187632,0.99999165,1.122018e+09,69,140,0.805615,1.0,in_box
s_fixi_a4_typ_27c_vdd1.62v,s_fixi_a4,A2-fixIc,1stage,4,1,-,-,4,0.4608,1024,typ,27,1.62,3.809580e-03,3.803460e-03,5.921840e-06,8.2673,0.607,1.013,0.8765,5.078920e-03,8.227860e-03,0,0,-2.9362,10.1916,10.2492,-100.5331,-0.001,13.2705,49.3614,20.6589,3.6285,3.1213,3.1985,3.1985,0.0772,3.7138,3.7138,3.6286,10.2492,1.51041759,1.00002967,0,11,0.713067,-7.30974499,0.99999095,1.188502e+09,70,140,0.80511,1.0,in_box
s_fixi_a4_typ_27c_vdd1.80v,s_fixi_a4,A2-fixIc,1stage,4,1,-,-,4,0.4608,1024,typ,27,1.80,3.919750e-03,3.913390e-03,6.230790e-06,8.5064,0.7704,1.0296,0.8764,5.205680e-03,9.370220e-03,0,0,-2.9337,10.2395,10.2985,-100.9506,-0.0009,13.3213,49.5518,20.7101,3.6232,3.1192,3.1964,3.1964,0.0772,3.7084,3.7084,3.6233,10.2985,1.5306146,1.00002959,0,11,0.713279,-7.79304875,0.99999125,1.188502e+09,70,140,0.805146,1.0,in_box
s_fixi_a4_typ_27c_vdd1.98v,s_fixi_a4,A2-fixIc,1stage,4,1,-,-,4,0.4608,1024,typ,27,1.98,4.036930e-03,4.030310e-03,6.569750e-06,8.7607,0.9338,1.0462,0.8764,5.339340e-03,1.057190e-02,1,0,-2.9334,10.2868,10.3473,-101.2107,-0.0009,13.3691,49.7365,20.7583,3.6178,3.1172,3.1943,3.1943,0.0772,3.7029,3.7029,3.6178,10.3473,1.51817903,1.00002821,0,11,0.713304,-8.16397414,0.99999116,1.188502e+09,70,140,0.805175,1.0,in_box
s_fixi_a4_typ_125c_vdd1.62v,s_fixi_a4,A2-fixIc,1stage,4,1,-,-,4,0.4608,1024,typ,125,1.62,3.814250e-03,3.803830e-03,1.029680e-05,8.2775,0.6825,0.9375,0.7957,5.101250e-03,8.264030e-03,0,0,-2.9861,9.4981,9.5362,-98.5888,-0.001,12.5255,48.4347,19.9018,3.7296,3.2025,3.9746,3.9746,0.772,4.5751,4.5751,4.4784,9.5362,1.31630436,1.00002092,0,11,0.708978,-7.92781895,0.99999005,1.333521e+09,71,140,0.805458,1.0,in_box
s_fixi_a4_typ_125c_vdd1.80v,s_fixi_a4,A2-fixIc,1stage,4,1,-,-,4,0.4608,1024,typ,125,1.80,3.913480e-03,3.902700e-03,1.075100e-05,8.4928,0.8458,0.9542,0.7956,5.217880e-03,9.392190e-03,0,0,-2.9832,9.555,9.5945,-99.1547,-0.001,12.5857,48.6454,19.9634,3.7256,3.2016,3.9735,3.9735,0.7719,4.5706,4.5706,4.474,9.5945,1.35905381,1.00002241,0,11,0.709215,-8.65358623,0.99999081,1.258925e+09,71,140,0.805486,1.0,in_box
s_fixi_a4_typ_125c_vdd1.98v,s_fixi_a4,A2-fixIc,1stage,4,1,-,-,4,0.4608,1024,typ,125,1.98,4.017100e-03,4.005930e-03,1.123920e-05,8.7177,1.009,0.971,0.7955,5.341720e-03,1.057660e-02,1,0,-2.9837,9.6097,9.6508,-99.4761,-0.0009,12.6402,48.8573,20.0197,3.7216,3.2008,3.9726,3.9726,0.7717,4.5661,4.5661,4.4695,9.6508,1.35039765,1.00002122,0,11,0.709176,-9.13048587,0.99999076,1.258925e+09,70,140,0.805513,1.0,in_box
s_fixi_a4_bcs_-40c_vdd1.62v,s_fixi_a4,A2-fixIc,1stage,4,1,-,-,4,0.4608,1024,bcs,-40,1.62,3.797880e-03,3.796120e-03,1.667600e-06,8.2419,0.5738,1.0461,0.9142,5.051250e-03,8.183030e-03,0,0,-2.8683,11.1886,11.2802,-104.6996,-0.0008,14.3402,51.5653,21.7336,3.0881,2.7269,2.3106,2.3106,-0.4163,2.6317,2.6317,2.5644,11.2802,1.75280925,1.00003113,0,11,0.718691,-7.53944796,0.99999151,1.122018e+09,70,140,0.803475,1.0,in_box
s_fixi_a4_bcs_-40c_vdd1.80v,s_fixi_a4,A2-fixIc,1stage,4,1,-,-,4,0.4608,1024,bcs,-40,1.80,3.947750e-03,3.945890e-03,1.786300e-06,8.5672,0.7374,1.0626,0.9142,5.217430e-03,9.391380e-03,0,0,-2.8663,11.239,11.3326,-104.9775,-0.0007,14.393,51.7464,21.7866,3.0795,2.7215,2.3058,2.3058,-0.4157,2.624,2.624,2.5569,11.3326,1.74679138,1.00003011,0,11,0.718858,-7.87057978,0.99999147,1.122018e+09,70,140,0.803487,1.0,in_box
s_fixi_a4_bcs_-40c_vdd1.98v,s_fixi_a4,A2-fixIc,1stage,4,1,-,-,4,0.4608,1024,bcs,-40,1.98,4.111700e-03,4.109740e-03,1.921450e-06,8.923,0.9009,1.0791,0.9142,5.397670e-03,1.068740e-02,1,0,-2.8655,11.2898,11.3856,-105.1572,-0.0007,14.4448,51.9157,21.8387,3.0704,2.7159,2.3009,2.3009,-0.415,2.6159,2.6159,2.5489,11.3856,1.72325501,1.00002876,0,11,0.718924,-8.1587338,0.99999128,1.122018e+09,70,140,0.803495,1.0,in_box
s_fixi_a4_bcs_27c_vdd1.62v,s_fixi_a4,A2-fixIc,1stage,4,1,-,-,4,0.4608,1024,bcs,27,1.62,3.852420e-03,3.849090e-03,3.229890e-06,8.3603,0.6225,0.9975,0.8633,5.118680e-03,8.292260e-03,0,0,-2.8962,10.7806,10.8572,-103.4155,-0.0008,13.902,51.0549,21.2948,3.15,2.7757,2.8469,2.8469,0.0712,3.2277,3.2277,3.15,10.8572,1.57239815,1.00002592,0,11,0.716382,-8.14370089,0.99999087,1.188502e+09,71,140,0.804242,1.0,in_box
s_fixi_a4_bcs_27c_vdd1.80v,s_fixi_a4,A2-fixIc,1stage,4,1,-,-,4,0.4608,1024,bcs,27,1.80,3.988070e-03,3.984580e-03,3.425950e-06,8.6547,0.786,1.014,0.8632,5.270860e-03,9.487550e-03,0,0,-2.8945,10.8381,10.917,-103.7522,-0.0007,13.9616,51.2623,21.3548,3.1428,2.7715,2.8427,2.8427,0.0711,3.2204,3.2204,3.1428,10.917,1.56981097,1.00002501,0,11,0.716529,-8.58156369,0.99999087,1.188502e+09,71,140,0.804255,1.000001,in_box
s_fixi_a4_bcs_27c_vdd1.98v,s_fixi_a4,A2-fixIc,1stage,4,1,-,-,4,0.4608,1024,bcs,27,1.98,4.135110e-03,4.131450e-03,3.645760e-06,8.9738,0.9494,1.0307,0.8632,5.434370e-03,1.076010e-02,1,0,-2.8942,10.896,10.977,-103.9665,-0.0007,14.0199,51.4605,21.4133,3.1354,2.7673,2.8384,2.8384,0.071,3.2128,3.2128,3.1354,10.977,1.54442407,1.00002349,0,11,0.716548,-8.9501648,0.99999061,1.188502e+09,70,140,0.804262,1.000001,in_box
s_fixi_a4_bcs_125c_vdd1.62v,s_fixi_a4,A2-fixIc,1stage,4,1,-,-,4,0.4608,1024,bcs,125,1.62,3.907930e-03,3.902170e-03,5.689880e-06,8.4808,0.7003,0.9197,0.7818,5.190430e-03,8.408500e-03,0,0,-2.927,10.0906,10.1446,-101.5689,-0.0008,13.1789,50.1664,20.5706,3.2909,2.88,3.6017,3.6017,0.7217,4.0759,4.0759,3.9856,10.1446,1.37228649,1.00001905,0,11,0.713844,-9.08331199,0.99999008,1.258925e+09,72,140,0.806087,1.0,in_box
s_fixi_a4_bcs_125c_vdd1.80v,s_fixi_a4,A2-fixIc,1stage,4,1,-,-,4,0.4608,1024,bcs,125,1.80,4.030140e-03,4.024140e-03,5.982730e-06,8.746,0.8636,0.9364,0.7818,5.330300e-03,9.594540e-03,0,0,-2.9255,10.1589,10.215,-102.0107,-0.0008,13.2491,50.4063,20.6412,3.2844,2.8766,3.5977,3.5977,0.7212,4.0685,4.0685,3.9783,10.215,1.38034986,1.00001865,0,11,0.713971,-9.7398647,0.99999023,1.258925e+09,72,140,0.806087,1.000001,in_box
s_fixi_a4_bcs_125c_vdd1.98v,s_fixi_a4,A2-fixIc,1stage,4,1,-,-,4,0.4608,1024,bcs,125,1.98,4.160340e-03,4.154080e-03,6.304010e-06,9.0285,1.0268,0.9532,0.7818,5.477030e-03,1.084450e-02,1,0,-2.9261,10.2265,10.2848,-102.2776,-0.0007,13.3163,50.6406,20.7087,3.2778,2.8732,3.5938,3.5938,0.7206,4.061,4.061,3.9708,10.2848,1.3548726,1.00001702,0,11,0.713923,-10.2207285,0.99998993,1.258925e+09,71,140,0.806083,1.000001,in_box
s_fixi_a4_wcs_-40c_vdd1.62v,s_fixi_a4,A2-fixIc,1stage,4,1,-,-,4,0.4608,1024,wcs,-40,1.62,3.782570e-03,3.776810e-03,5.434740e-06,8.2087,0.5433,1.0767,0.9416,5.041370e-03,8.167030e-03,0,0,-2.9263,9.9584,10.0084,-99.2405,-0.0012,13.047,48.2813,20.4317,4.1637,3.4925,2.9946,2.9946,-0.4979,3.6042,3.6042,3.5206,10.0084,1.63460883,1.00004171,0,11,0.713859,-5.98063953,0.99999205,1.122018e+09,68,140,0.806993,1.0,in_box
s_fixi_a4_wcs_-40c_vdd1.80v,s_fixi_a4,A2-fixIc,1stage,4,1,-,-,4,0.4608,1024,wcs,-40,1.80,3.882140e-03,3.876170e-03,5.726870e-06,8.4248,0.7068,1.0932,0.9416,5.157390e-03,9.283310e-03,0,0,-2.9229,9.9945,10.0455,-99.66,-0.0012,13.0869,48.4423,20.4721,4.1568,3.4899,2.9922,2.9922,-0.4976,3.5979,3.5979,3.5144,10.0455,1.66772848,1.00004203,0,11,0.714142,-6.32173279,0.99999249,1.122018e+09,68,140,0.807039,1.0,in_box
s_fixi_a4_wcs_-40c_vdd1.98v,s_fixi_a4,A2-fixIc,1stage,4,1,-,-,4,0.4608,1024,wcs,-40,1.98,3.987150e-03,3.980950e-03,6.045430e-06,8.6527,0.8703,1.1097,0.9415,5.278710e-03,1.045180e-02,1,0,-2.922,10.0298,10.0819,-99.9249,-0.0011,13.1234,48.5979,20.509,4.1497,3.4872,2.9899,2.9899,-0.4974,3.5914,3.5914,3.508,10.0819,1.66602703,1.00004085,0,11,0.714219,-6.56608854,0.99999257,1.122018e+09,67,140,0.807079,1.0,in_box
s_fixi_a4_wcs_27c_vdd1.62v,s_fixi_a4,A2-fixIc,1stage,4,1,-,-,4,0.4608,1024,wcs,27,1.62,3.743760e-03,3.733140e-03,1.026790e-05,8.1245,0.5885,1.0315,0.8912,5.017500e-03,8.128340e-03,0,0,-2.9885,9.5736,9.6139,-97.842,-0.0012,12.5987,47.724,19.9741,4.1367,3.4942,3.5774,3.5774,0.0832,4.2292,4.2292,4.1368,9.6139,1.47162266,1.00003425,0,11,0.708762,-5.83336429,0.99999162,1.188502e+09,68,140,0.804966,1.0,in_box
s_fixi_a4_wcs_27c_vdd1.80v,s_fixi_a4,A2-fixIc,1stage,4,1,-,-,4,0.4608,1024,wcs,27,1.80,3.832160e-03,3.821200e-03,1.072890e-05,8.3163,0.7519,1.0481,0.8911,5.122990e-03,9.221380e-03,0,0,-2.9848,9.6129,9.6542,-98.3645,-0.0012,12.6421,47.8935,20.0186,4.1332,3.4943,3.5775,3.5775,0.0832,4.2256,4.2256,4.1332,9.6542,1.52261362,1.00003594,0,11,0.70907,-6.28532802,0.9999924,1.188502e+09,68,140,0.805036,1.0,in_box
s_fixi_a4_wcs_27c_vdd1.98v,s_fixi_a4,A2-fixIc,1stage,4,1,-,-,4,0.4608,1024,wcs,27,1.98,3.924710e-03,3.913380e-03,1.122560e-05,8.5172,0.9153,1.0647,0.8909,5.232040e-03,1.035940e-02,1,0,-2.9845,9.6507,9.693,-98.6724,-0.0011,12.6804,48.0628,20.058,4.1295,3.4945,3.5777,3.5777,0.0832,4.2219,4.2219,4.1296,9.693,1.52517026,1.00003502,0,11,0.709094,-6.59231983,0.99999252,1.188502e+09,67,140,0.805098,1.0,in_box
s_fixi_a4_wcs_125c_vdd1.62v,s_fixi_a4,A2-fixIc,1stage,4,1,-,-,4,0.4608,1024,wcs,125,1.62,3.686200e-03,3.668430e-03,1.756180e-05,7.9996,0.6607,0.9593,0.8112,4.979670e-03,8.067060e-03,0,0,-3.0679,8.8551,8.8784,-95.7553,-0.0013,11.8014,46.7419,19.1583,4.2004,3.5584,4.3811,4.3811,0.8227,5.1036,5.1036,5.0009,8.8784,1.2748963,1.00002288,0,11,0.702298,-5.65082272,0.99999063,1.333521e+09,69,140,0.803423,1.0,in_box
s_fixi_a4_wcs_125c_vdd1.80v,s_fixi_a4,A2-fixIc,1stage,4,1,-,-,4,0.4608,1024,wcs,125,1.80,3.764620e-03,3.746350e-03,1.821840e-05,8.1697,0.824,0.976,0.8111,5.075610e-03,9.136110e-03,0,0,-3.0625,8.902,8.9263,-96.5217,-0.0012,11.8542,46.9134,19.212,4.1989,3.5601,4.3831,4.3831,0.823,5.1019,5.1019,4.9992,8.9263,1.37345917,1.00002865,0,11,0.702747,-6.28459006,0.99999253,1.258925e+09,68,140,0.803498,1.0,in_box
s_fixi_a4_wcs_125c_vdd1.98v,s_fixi_a4,A2-fixIc,1stage,4,1,-,-,4,0.4608,1024,wcs,125,1.98,3.844950e-03,3.826160e-03,1.891040e-05,8.3441,0.9872,0.9928,0.8109,5.172860e-03,1.024230e-02,1,0,-3.0629,8.9449,8.9701,-96.9068,-0.0012,11.8971,47.1015,19.2559,4.1973,3.562,4.3852,4.3852,0.8232,5.1003,5.1003,4.9976,8.9701,1.38535479,1.00002842,0,11,0.702717,-6.66338301,0.9999928,1.188502e+09,67,140,0.803572,1.0,in_box
s_fixi_a4_sf_-40c_vdd1.62v,s_fixi_a4,A2-fixIc,1stage,4,1,-,-,4,0.4608,1024,sf,-40,1.62,3.797150e-03,3.793880e-03,3.091840e-06,8.2403,0.5597,1.0603,0.9273,5.050670e-03,8.182090e-03,0,0,-2.8949,10.5832,10.6528,-101.8701,-0.001,13.7055,49.8909,21.0947,3.6124,3.0991,2.6415,2.6415,-0.4576,3.1028,3.1028,3.0272,10.6528,1.68092156,1.00003595,0,11,0.716474,-6.91217342,0.99999155,1.122018e+09,70,140,0.805557,1.0,in_box
s_fixi_a4_sf_-40c_vdd1.80v,s_fixi_a4,A2-fixIc,1stage,4,1,-,-,4,0.4608,1024,sf,-40,1.80,3.919070e-03,3.915660e-03,3.281820e-06,8.5049,0.7232,1.0768,0.9272,5.188970e-03,9.340140e-03,0,0,-2.8923,10.6258,10.6969,-102.2139,-0.0009,13.7512,50.0635,21.1407,3.6048,3.0951,2.638,2.638,-0.4572,3.096,3.096,3.0204,10.6969,1.69213728,1.00003533,0,11,0.716692,-7.26052833,0.99999172,1.122018e+09,70,140,0.805584,1.0,in_box
s_fixi_a4_sf_-40c_vdd1.98v,s_fixi_a4,A2-fixIc,1stage,4,1,-,-,4,0.4608,1024,sf,-40,1.98,4.049710e-03,4.046140e-03,3.492930e-06,8.7884,0.8867,1.0933,0.9272,5.335920e-03,1.056510e-02,1,0,-2.8914,10.6683,10.7409,-102.4372,-0.0009,13.7948,50.2273,21.1846,3.5969,3.0911,2.6343,2.6343,-0.4567,3.0888,3.0888,3.0134,10.7409,1.6788042,1.00003396,0,11,0.716766,-7.53982943,0.99999165,1.122018e+09,69,140,0.805605,1.0,in_box
s_fixi_a4_sf_27c_vdd1.62v,s_fixi_a4,A2-fixIc,1stage,4,1,-,-,4,0.4608,1024,sf,27,1.62,3.808820e-03,3.802700e-03,5.920340e-06,8.2657,0.607,1.013,0.8765,5.076470e-03,8.223880e-03,0,0,-2.9362,10.1912,10.2487,-100.5333,-0.001,13.2701,49.361,20.6585,3.6286,3.1213,3.1985,3.1985,0.0772,3.7139,3.7139,3.6286,10.2487,1.51053412,1.00002968,0,11,0.713068,-7.30799228,0.99999095,1.188502e+09,70,140,0.8051,1.0,in_box
s_fixi_a4_sf_27c_vdd1.80v,s_fixi_a4,A2-fixIc,1stage,4,1,-,-,4,0.4608,1024,sf,27,1.80,3.919060e-03,3.912700e-03,6.229370e-06,8.5049,0.7705,1.0295,0.8764,5.203310e-03,9.365960e-03,0,0,-2.9337,10.2391,10.2981,-100.9508,-0.0009,13.3209,49.5515,20.7098,3.6233,3.1192,3.1964,3.1964,0.0772,3.7085,3.7085,3.6233,10.2981,1.53070595,1.00002959,0,11,0.713281,-7.79128704,0.99999125,1.188502e+09,70,140,0.805136,1.0,in_box
s_fixi_a4_sf_27c_vdd1.98v,s_fixi_a4,A2-fixIc,1stage,4,1,-,-,4,0.4608,1024,sf,27,1.98,4.036280e-03,4.029660e-03,6.568360e-06,8.7593,0.9338,1.0462,0.8764,5.337020e-03,1.056730e-02,1,0,-2.9334,10.2865,10.347,-101.2109,-0.0009,13.3688,49.7361,20.758,3.6179,3.1172,3.1943,3.1943,0.0772,3.703,3.703,3.6179,10.347,1.5182582,1.00002821,0,11,0.713306,-8.16219809,0.99999116,1.188502e+09,70,140,0.805165,1.0,in_box
s_fixi_a4_sf_125c_vdd1.62v,s_fixi_a4,A2-fixIc,1stage,4,1,-,-,4,0.4608,1024,sf,125,1.62,3.813790e-03,3.803370e-03,1.029520e-05,8.2765,0.6826,0.9374,0.7957,5.099260e-03,8.260800e-03,0,0,-2.9861,9.4978,9.5358,-98.589,-0.001,12.5252,48.4344,19.9015,3.7296,3.2026,3.9746,3.9746,0.772,4.5752,4.5752,4.4784,9.5358,1.31638981,1.00002092,0,11,0.708979,-7.92658642,0.99999005,1.333521e+09,71,140,0.805448,1.0,in_box
s_fixi_a4_sf_125c_vdd1.80v,s_fixi_a4,A2-fixIc,1stage,4,1,-,-,4,0.4608,1024,sf,125,1.80,3.913110e-03,3.902330e-03,1.074970e-05,8.492,0.8458,0.9542,0.7956,5.215980e-03,9.388770e-03,0,0,-2.9832,9.5547,9.5942,-99.1548,-0.001,12.5854,48.6451,19.9632,3.7256,3.2016,3.9735,3.9735,0.7719,4.5706,4.5706,4.474,9.5942,1.35910705,1.00002242,0,11,0.709216,-8.65241699,0.99999082,1.258925e+09,71,140,0.805476,1.0,in_box
s_fixi_a4_sf_125c_vdd1.98v,s_fixi_a4,A2-fixIc,1stage,4,1,-,-,4,0.4608,1024,sf,125,1.98,4.016880e-03,4.005710e-03,1.123840e-05,8.7172,1.009,0.971,0.7955,5.336420e-03,1.056610e-02,1,0,-2.9837,9.6096,9.6506,-99.4761,-0.0009,12.6401,48.8572,20.0195,3.7216,3.2008,3.9726,3.9726,0.7717,4.5662,4.5662,4.4695,9.6506,1.35042709,1.00002122,0,11,0.709177,-9.12969099,0.99999076,1.258925e+09,70,140,0.805501,1.0,in_box
s_fixi_a4_fs_-40c_vdd1.62v,s_fixi_a4,A2-fixIc,1stage,4,1,-,-,4,0.4608,1024,fs,-40,1.62,3.799210e-03,3.795940e-03,3.093950e-06,8.2448,0.5596,1.0603,0.9273,5.056440e-03,8.191430e-03,0,0,-2.8949,10.5841,10.6537,-101.8696,-0.001,13.7064,49.8917,21.0955,3.6122,3.099,2.6414,2.6414,-0.4576,3.1027,3.1027,3.027,10.6537,1.68061907,1.00003594,0,11,0.716472,-6.91616428,0.99999154,1.122018e+09,70,140,0.805576,1.0,in_box
s_fixi_a4_fs_-40c_vdd1.80v,s_fixi_a4,A2-fixIc,1stage,4,1,-,-,4,0.4608,1024,fs,-40,1.80,3.920470e-03,3.917060e-03,3.283030e-06,8.508,0.7232,1.0768,0.9273,5.194050e-03,9.349290e-03,0,0,-2.8923,10.6264,10.6975,-102.2138,-0.0009,13.7518,50.0641,21.1413,3.6046,3.095,2.6379,2.6379,-0.4571,3.0958,3.0958,3.0203,10.6975,1.69199929,1.00003533,0,11,0.716691,-7.26332644,0.99999171,1.122018e+09,70,140,0.805604,1.0,in_box
s_fixi_a4_fs_-40c_vdd1.98v,s_fixi_a4,A2-fixIc,1stage,4,1,-,-,4,0.4608,1024,fs,-40,1.98,4.051620e-03,4.048040e-03,3.495100e-06,8.7926,0.8867,1.0933,0.9272,5.341490e-03,1.057620e-02,1,0,-2.8914,10.669,10.7416,-102.4368,-0.0009,13.7955,50.228,21.1853,3.5967,3.091,2.6343,2.6343,-0.4567,3.0887,3.0887,3.0133,10.7416,1.67856529,1.00003395,0,11,0.716765,-7.5440406,0.99999164,1.122018e+09,69,140,0.805624,1.0,in_box
s_fixi_a4_fs_27c_vdd1.62v,s_fixi_a4,A2-fixIc,1stage,4,1,-,-,4,0.4608,1024,fs,27,1.62,3.810520e-03,3.804400e-03,5.923680e-06,8.2694,0.607,1.013,0.8765,5.081720e-03,8.232380e-03,0,0,-2.9362,10.1921,10.2497,-100.5328,-0.001,13.2709,49.3619,20.6594,3.6285,3.1212,3.1984,3.1984,0.0772,3.7137,3.7137,3.6285,10.2497,1.51027451,1.00002967,0,11,0.713065,-7.31187819,0.99999094,1.188502e+09,70,140,0.805118,1.0,in_box
s_fixi_a4_fs_27c_vdd1.80v,s_fixi_a4,A2-fixIc,1stage,4,1,-,-,4,0.4608,1024,fs,27,1.80,3.920530e-03,3.914170e-03,6.232380e-06,8.5081,0.7704,1.0296,0.8764,5.208260e-03,9.374870e-03,0,0,-2.9337,10.2399,10.2989,-100.9505,-0.0009,13.3217,49.5522,20.7105,3.6232,3.1191,3.1963,3.1963,0.0772,3.7084,3.7084,3.6232,10.2989,1.53051118,1.00002959,0,11,0.713278,-7.79502438,0.99999125,1.188502e+09,70,140,0.805155,1.0,in_box
s_fixi_a4_fs_27c_vdd1.98v,s_fixi_a4,A2-fixIc,1stage,4,1,-,-,4,0.4608,1024,fs,27,1.98,4.037650e-03,4.031030e-03,6.571290e-06,8.7623,0.9338,1.0462,0.8764,5.341850e-03,1.057690e-02,1,0,-2.9334,10.2871,10.3477,-101.2106,-0.0009,13.3694,49.7368,20.7586,3.6177,3.1171,3.1943,3.1943,0.0772,3.7029,3.7029,3.6178,10.3477,1.51809162,1.00002821,0,11,0.713303,-8.16593334,0.99999116,1.188502e+09,70,140,0.805185,1.0,in_box
s_fixi_a4_fs_125c_vdd1.62v,s_fixi_a4,A2-fixIc,1stage,4,1,-,-,4,0.4608,1024,fs,125,1.62,3.815000e-03,3.804580e-03,1.029940e-05,8.2791,0.6825,0.9375,0.7957,5.102410e-03,8.265910e-03,0,0,-2.9861,9.4987,9.5367,-98.5885,-0.001,12.526,48.4352,19.9023,3.7295,3.2025,3.9745,3.9745,0.772,4.575,4.575,4.4783,9.5367,1.31616395,1.00002091,0,11,0.708975,-7.92978551,0.99999004,1.333521e+09,71,140,0.805466,1.0,in_box
s_fixi_a4_fs_125c_vdd1.80v,s_fixi_a4,A2-fixIc,1stage,4,1,-,-,4,0.4608,1024,fs,125,1.80,3.913890e-03,3.903100e-03,1.075250e-05,8.4937,0.8458,0.9542,0.7956,5.219910e-03,9.395840e-03,0,0,-2.9832,9.5552,9.5948,-99.1546,-0.001,12.5859,48.6456,19.9637,3.7256,3.2016,3.9734,3.9734,0.7719,4.5706,4.5706,4.4739,9.5947,1.35899356,1.00002241,0,11,0.709214,-8.65487383,0.99999081,1.258925e+09,71,140,0.805497,1.0,in_box
s_fixi_a4_fs_125c_vdd1.98v,s_fixi_a4,A2-fixIc,1stage,4,1,-,-,4,0.4608,1024,fs,125,1.98,4.017440e-03,4.006270e-03,1.124040e-05,8.7184,1.009,0.971,0.7955,5.340370e-03,1.057390e-02,1,0,-2.9837,9.61,9.651,-99.476,-0.0009,12.6404,48.8575,20.0199,3.7216,3.2008,3.9725,3.9725,0.7717,4.5661,4.5661,4.4695,9.651,1.35035382,1.00002121,0,11,0.709175,-9.13161557,0.99999076,1.258925e+09,70,140,0.805523,1.0,in_box
s_fixi_a10_typ_-40c_vdd1.62v,s_fixi_a10,A2-fixIc,1stage,10,1,-,-,10,1.152,409.6,typ,-40,1.62,3.882620e-03,3.879850e-03,2.721090e-06,3.3703,0.5941,1.0259,0.8905,4.524890e-03,7.330330e-03,0,0,-3.0705,12.0857,12.2182,-93.8503,-0.0075,15.0305,42.2837,22.341,2.2818,2.1454,1.8001,1.8001,-0.3452,1.9191,1.9191,1.8663,12.2182,5.52060217,1.000689,0,11,0.7016,-2.12569849,0.99999745,4.466836e+08,57,140,0.815452,1.0,in_box
s_fixi_a10_typ_-40c_vdd1.80v,s_fixi_a10,A2-fixIc,1stage,10,1,-,-,10,1.152,409.6,typ,-40,1.80,3.977100e-03,3.974250e-03,2.818060e-06,3.4523,0.7583,1.0417,0.8904,4.635150e-03,8.343260e-03,0,0,-3.064,12.1144,12.2483,-94.1203,-0.0073,15.0657,42.4599,22.3779,2.2783,2.1431,1.7981,1.7981,-0.3449,1.9161,1.9161,1.8633,12.2483,5.48732475,1.00066628,0,11,0.702142,-2.11896116,0.99999746,4.466836e+08,56,140,0.815478,1.0,in_box
s_fixi_a10_typ_-40c_vdd1.98v,s_fixi_a10,A2-fixIc,1stage,10,1,-,-,10,1.152,409.6,typ,-40,1.98,4.076980e-03,4.074050e-03,2.922010e-06,3.539,0.9226,1.0574,0.8904,4.750780e-03,9.406540e-03,0,0,-3.0593,12.1426,12.2779,-94.3186,-0.0071,15.0988,42.6231,22.4125,2.2746,2.1406,1.796,1.796,-0.3446,1.9129,1.9129,1.8602,12.2779,5.42502198,1.00064511,0,11,0.702544,-2.09337503,0.99999744,4.731513e+08,56,140,0.815502,1.0,in_box
s_fixi_a10_typ_27c_vdd1.62v,s_fixi_a10,A2-fixIc,1stage,10,1,-,-,10,1.152,409.6,typ,27,1.62,3.853820e-03,3.848650e-03,5.116950e-06,3.3453,0.6473,0.9727,0.8346,4.509640e-03,7.305620e-03,0,0,-3.1276,11.6637,11.7779,-92.594,-0.0077,14.552,41.6821,21.8601,2.3325,2.1891,2.2489,2.2489,0.0598,2.3952,2.3952,2.3325,11.7779,5.17747374,1.00069021,0,11,0.69697,-2.18526049,0.99999788,4.466836e+08,55,140,0.817017,1.0,in_box
s_fixi_a10_typ_27c_vdd1.80v,s_fixi_a10,A2-fixIc,1stage,10,1,-,-,10,1.152,409.6,typ,27,1.80,3.933620e-03,3.928330e-03,5.266560e-06,3.4146,0.8115,0.9885,0.8346,4.605350e-03,8.289630e-03,0,0,-3.1213,11.6973,11.813,-92.8914,-0.0075,14.592,41.876,21.902,2.3294,2.1872,2.2469,2.2469,0.0597,2.392,2.392,2.3294,11.813,5.14414597,1.00066527,0,11,0.697505,-2.19431012,0.99999787,4.466836e+08,56,140,0.81705,1.0,in_box
s_fixi_a10_typ_27c_vdd1.98v,s_fixi_a10,A2-fixIc,1stage,10,1,-,-,10,1.152,409.6,typ,27,1.98,4.017440e-03,4.012020e-03,5.424870e-06,3.4874,0.9757,1.0043,0.8345,4.704990e-03,9.315890e-03,0,0,-3.1169,11.7304,11.8475,-93.1065,-0.0072,14.6295,42.0553,21.9412,2.3261,2.1852,2.2449,2.2449,0.0597,2.3887,2.3887,2.3261,11.8475,5.07840077,1.00064187,0,11,0.697875,-2.18378054,0.99999784,4.466836e+08,56,140,0.817079,1.0,in_box
s_fixi_a10_typ_125c_vdd1.62v,s_fixi_a10,A2-fixIc,1stage,10,1,-,-,10,1.152,409.6,typ,125,1.62,3.812040e-03,3.803370e-03,8.661650e-06,3.3091,0.7326,0.8874,0.7453,4.486880e-03,7.268750e-03,0,0,-3.1879,10.9486,11.0346,-90.8591,-0.0081,13.7781,40.694,21.0818,2.4506,2.2836,2.9001,2.9001,0.6164,3.0982,3.0982,3.0227,11.0346,4.83675856,1.000701,0,11,0.692105,-2.27693185,0.99999842,4.216965e+08,54,140,0.820017,1.0,in_box
s_fixi_a10_typ_125c_vdd1.80v,s_fixi_a10,A2-fixIc,1stage,10,1,-,-,10,1.152,409.6,typ,125,1.80,3.879590e-03,3.870740e-03,8.869500e-06,3.3677,0.8967,0.9033,0.7453,4.570750e-03,8.227350e-03,0,0,-3.182,10.9897,11.0772,-91.1999,-0.0078,13.825,40.9169,21.131,2.4473,2.2817,2.8977,2.8977,0.616,3.0943,3.0943,3.0189,11.0772,4.80053476,1.00067178,0,11,0.692606,-2.32156309,0.99999839,4.216965e+08,54,140,0.820036,1.0,in_box
s_fixi_a10_typ_125c_vdd1.98v,s_fixi_a10,A2-fixIc,1stage,10,1,-,-,10,1.152,409.6,typ,125,1.98,3.949160e-03,3.940130e-03,9.078570e-06,3.4281,1.0608,0.9192,0.7453,4.656370e-03,9.219610e-03,0,0,-3.1787,11.0294,11.1185,-91.442,-0.0075,13.8682,41.122,21.1762,2.444,2.2797,2.8954,2.8954,0.6157,3.0905,3.0905,3.015,11.1185,4.72780465,1.00064432,0,11,0.692896,-2.35643777,0.99999833,4.216965e+08,54,140,0.820045,1.0,in_box
s_fixi_a10_bcs_-40c_vdd1.62v,s_fixi_a10,A2-fixIc,1stage,10,1,-,-,10,1.152,409.6,bcs,-40,1.62,3.919410e-03,3.917900e-03,1.481560e-06,3.4023,0.603,1.017,0.8826,4.562680e-03,7.391550e-03,0,0,-3.01,12.3275,12.471,-96.6785,-0.006,15.3331,43.5735,22.6587,1.9874,1.9113,1.5971,1.5971,-0.3142,1.663,1.663,1.616,12.471,5.8955733,1.00056339,0,11,0.706632,-2.32642821,0.99999708,4.731513e+08,58,140,0.814351,1.0,in_box
s_fixi_a10_bcs_-40c_vdd1.80v,s_fixi_a10,A2-fixIc,1stage,10,1,-,-,10,1.152,409.6,bcs,-40,1.80,4.030510e-03,4.028950e-03,1.541150e-06,3.4987,0.7673,1.0327,0.8826,4.689550e-03,8.441180e-03,0,0,-3.0045,12.3585,12.5035,-96.9217,-0.0058,15.3698,43.7513,22.6969,1.9831,1.908,1.5942,1.5942,-0.3138,1.6592,1.6592,1.6123,12.5035,5.84212104,1.00054463,0,11,0.707098,-2.32647646,0.99999705,4.731513e+08,57,140,0.81436,1.0,in_box
s_fixi_a10_bcs_-40c_vdd1.98v,s_fixi_a10,A2-fixIc,1stage,10,1,-,-,10,1.152,409.6,bcs,-40,1.98,4.149540e-03,4.147930e-03,1.605640e-06,3.602,0.9315,1.0485,0.8826,4.824310e-03,9.552140e-03,0,0,-3.0002,12.3893,12.536,-97.1009,-0.0056,15.4052,43.9158,22.7335,1.9786,1.9046,1.5913,1.5913,-0.3133,1.6553,1.6553,1.6085,12.536,5.76406108,1.00052744,0,11,0.707461,-2.30920845,0.999997,5.011872e+08,57,140,0.814366,1.0,in_box
s_fixi_a10_bcs_27c_vdd1.62v,s_fixi_a10,A2-fixIc,1stage,10,1,-,-,10,1.152,409.6,bcs,27,1.62,3.932990e-03,3.930150e-03,2.812950e-06,3.4141,0.6579,0.9621,0.8261,4.589320e-03,7.434710e-03,0,0,-3.0555,11.9342,12.0592,-95.4508,-0.0062,14.8932,43.0129,22.2168,2.0613,1.9724,2.0276,2.0276,0.0551,2.1184,2.1184,2.0613,12.0592,5.51509225,1.00056451,0,11,0.702925,-2.45739113,0.99999743,4.731513e+08,58,140,0.817382,1.0,in_box
s_fixi_a10_bcs_27c_vdd1.80v,s_fixi_a10,A2-fixIc,1stage,10,1,-,-,10,1.152,409.6,bcs,27,1.80,4.027430e-03,4.024510e-03,2.906130e-06,3.496,0.8221,0.9779,0.8261,4.699660e-03,8.459390e-03,0,0,-3.0502,11.9708,12.0975,-95.7182,-0.0059,14.9353,43.2099,22.2605,2.0571,1.9694,2.0244,2.0244,0.0551,2.1141,2.1141,2.0571,12.0975,5.4589273,1.00054366,0,11,0.703371,-2.47490231,0.99999739,4.731513e+08,57,140,0.817391,1.0,in_box
s_fixi_a10_bcs_27c_vdd1.98v,s_fixi_a10,A2-fixIc,1stage,10,1,-,-,10,1.152,409.6,bcs,27,1.98,4.127670e-03,4.124670e-03,3.004820e-06,3.583,0.9862,0.9938,0.8261,4.815720e-03,9.535130e-03,0,0,-3.0464,12.0073,12.1357,-95.9134,-0.0058,14.9757,43.3924,22.3023,2.0528,1.9662,2.0212,2.0212,0.055,2.1097,2.1097,2.0528,12.1357,5.37604361,1.00052448,0,11,0.703696,-2.47470073,0.99999733,5.011872e+08,57,140,0.817395,1.0,in_box
s_fixi_a10_bcs_125c_vdd1.62v,s_fixi_a10,A2-fixIc,1stage,10,1,-,-,10,1.152,409.6,bcs,125,1.62,3.936530e-03,3.931710e-03,4.808670e-06,3.4171,0.7456,0.8744,0.7357,4.611280e-03,7.470280e-03,0,0,-3.1007,11.2695,11.3661,-93.7538,-0.0065,14.1821,42.0897,21.502,2.1973,2.0814,2.658,2.658,0.5766,2.797,2.797,2.7267,11.3661,5.12774973,1.00057308,0,11,0.699244,-2.64844421,0.99999794,4.466836e+08,57,140,0.821939,1.0,in_box
s_fixi_a10_bcs_125c_vdd1.80v,s_fixi_a10,A2-fixIc,1stage,10,1,-,-,10,1.152,409.6,bcs,125,1.80,4.016750e-03,4.011820e-03,4.939400e-06,3.4868,0.9097,0.8903,0.7357,4.707780e-03,8.474010e-03,0,0,-3.096,11.3144,11.4128,-94.0581,-0.0062,14.2318,42.3178,21.5536,2.1928,2.0782,2.6542,2.6542,0.576,2.7917,2.7917,2.7215,11.4128,5.06393815,1.00054831,0,11,0.699644,-2.70309983,0.99999786,4.731513e+08,56,140,0.821933,1.0,in_box
s_fixi_a10_bcs_125c_vdd1.98v,s_fixi_a10,A2-fixIc,1stage,10,1,-,-,10,1.152,409.6,bcs,125,1.98,4.100700e-03,4.095650e-03,5.064390e-06,3.5596,1.0738,0.9062,0.7357,4.807780e-03,9.519400e-03,0,0,-3.0933,11.3586,11.4589,-94.2781,-0.006,14.2789,42.5283,21.6023,2.1883,2.0749,2.6503,2.6503,0.5753,2.7862,2.7862,2.7161,11.4589,4.97198165,1.0005256,0,11,0.699876,-2.75384673,0.99999776,4.731513e+08,57,140,0.821908,1.0,in_box
s_fixi_a10_wcs_-40c_vdd1.62v,s_fixi_a10,A2-fixIc,1stage,10,1,-,-,10,1.152,409.6,wcs,-40,1.62,3.823200e-03,3.818370e-03,4.730440e-06,3.3188,0.5832,1.0368,0.8995,4.465270e-03,7.233740e-03,0,0,-3.1361,11.8177,11.939,-91.2542,-0.0092,14.6984,41.0692,21.993,2.6068,2.3968,2.0198,2.0198,-0.377,2.2045,2.2045,2.1456,11.939,5.20550958,1.00082387,0,11,0.696171,-1.86317831,0.99999792,4.216965e+08,55,140,0.815665,1.0,in_box
s_fixi_a10_wcs_-40c_vdd1.80v,s_fixi_a10,A2-fixIc,1stage,10,1,-,-,10,1.152,409.6,wcs,-40,1.80,3.902270e-03,3.897330e-03,4.878900e-06,3.3874,0.7475,1.0525,0.8995,4.560140e-03,8.208260e-03,0,0,-3.1285,11.8439,11.9664,-91.5516,-0.0089,14.7321,41.2432,22.0287,2.604,2.3954,2.0186,2.0186,-0.3768,2.2021,2.2021,2.1433,11.9664,5.19163284,1.00079733,0,11,0.696803,-1.8478373,0.99999796,4.216965e+08,55,140,0.815717,1.0,in_box
s_fixi_a10_wcs_-40c_vdd1.98v,s_fixi_a10,A2-fixIc,1stage,10,1,-,-,10,1.152,409.6,wcs,-40,1.98,3.984860e-03,3.979790e-03,5.036300e-06,3.4591,0.9117,1.0683,0.8994,4.658450e-03,9.223740e-03,0,0,-3.1232,11.8695,11.993,-91.7678,-0.0087,14.7629,41.404,22.0613,2.6012,2.394,2.0173,2.0173,-0.3766,2.1995,2.1995,2.1408,11.993,5.1437394,1.00077211,0,11,0.697251,-1.81328793,0.99999798,4.216965e+08,54,140,0.815767,1.0,in_box
s_fixi_a10_wcs_27c_vdd1.62v,s_fixi_a10,A2-fixIc,1stage,10,1,-,-,10,1.152,409.6,wcs,27,1.62,3.736540e-03,3.727680e-03,8.772760e-06,3.2435,0.6341,0.9859,0.8445,4.392710e-03,7.116200e-03,0,0,-3.211,11.3516,11.4544,-89.9744,-0.0095,14.1614,40.4078,21.4532,2.634,2.427,2.4916,2.4916,0.0646,2.7026,2.7026,2.634,11.4544,4.91216563,1.00082609,0,11,0.690157,-1.80149834,0.99999843,3.981072e+08,53,140,0.815388,1.0,in_box
s_fixi_a10_wcs_27c_vdd1.80v,s_fixi_a10,A2-fixIc,1stage,10,1,-,-,10,1.152,409.6,wcs,27,1.80,3.801950e-03,3.792910e-03,8.995500e-06,3.3003,0.7983,1.0017,0.8444,4.474060e-03,8.053310e-03,0,0,-3.2033,11.382,11.4859,-90.3044,-0.0092,14.1992,40.5977,21.4933,2.632,2.4262,2.4907,2.4907,0.0646,2.7005,2.7005,2.632,11.4859,4.90174558,1.00079735,0,11,0.690796,-1.79568706,0.99999846,3.981072e+08,53,140,0.815458,1.0,in_box
s_fixi_a10_wcs_27c_vdd1.98v,s_fixi_a10,A2-fixIc,1stage,10,1,-,-,10,1.152,409.6,wcs,27,1.98,3.869840e-03,3.860620e-03,9.229310e-06,3.3592,0.9625,1.0174,0.8444,4.557760e-03,9.024370e-03,0,0,-3.1984,11.4115,11.5166,-90.5392,-0.0089,14.2335,40.773,21.5296,2.6298,2.4253,2.4899,2.4899,0.0646,2.6983,2.6983,2.6298,11.5166,4.85207019,1.0007697,0,11,0.691216,-1.77223474,0.99999846,3.981072e+08,52,140,0.815525,1.0,in_box
s_fixi_a10_wcs_125c_vdd1.62v,s_fixi_a10,A2-fixIc,1stage,10,1,-,-,10,1.152,409.6,wcs,125,1.62,3.633110e-03,3.618480e-03,1.463280e-05,3.1537,0.7161,0.9039,0.7566,4.308950e-03,6.980500e-03,0,0,-3.2944,10.5563,10.6304,-88.2089,-0.01,13.2892,39.3202,20.5758,2.735,2.5111,3.1697,3.1697,0.6586,3.4327,3.4327,3.3517,10.6304,4.63919172,1.00084143,0,11,0.683507,-1.72631992,0.99999897,3.548134e+08,50,140,0.816498,1.0,in_box
s_fixi_a10_wcs_125c_vdd1.80v,s_fixi_a10,A2-fixIc,1stage,10,1,-,-,10,1.152,409.6,wcs,125,1.80,3.687500e-03,3.672620e-03,1.493430e-05,3.201,0.8802,0.9198,0.7566,4.380640e-03,7.885160e-03,0,0,-3.2869,10.5933,10.6686,-88.5924,-0.0096,13.3332,39.537,20.6226,2.733,2.5104,3.1689,3.1689,0.6585,3.4304,3.4304,3.3494,10.6686,4.63245379,1.00080833,0,11,0.684132,-1.75189721,0.99999898,3.548134e+08,50,140,0.816558,1.0,in_box
s_fixi_a10_wcs_125c_vdd1.98v,s_fixi_a10,A2-fixIc,1stage,10,1,-,-,10,1.152,409.6,wcs,125,1.98,3.742560e-03,3.727420e-03,1.524010e-05,3.2487,1.0443,0.9357,0.7565,4.450810e-03,8.812600e-03,0,0,-3.2828,10.6282,10.7047,-88.8578,-0.0092,13.3721,39.7359,20.6639,2.731,2.5097,3.168,3.168,0.6584,3.428,3.428,3.3471,10.7047,4.57824242,1.00077614,0,11,0.684485,-1.76645215,0.99999896,3.758374e+08,50,140,0.816616,1.0,in_box
s_fixi_a10_sf_-40c_vdd1.62v,s_fixi_a10,A2-fixIc,1stage,10,1,-,-,10,1.152,409.6,sf,-40,1.62,3.881660e-03,3.878880e-03,2.720340e-06,3.3695,0.5941,1.0259,0.8905,4.522310e-03,7.326140e-03,0,0,-3.0705,12.0854,12.218,-93.8502,-0.0075,15.0302,42.2834,22.3407,2.2818,2.1454,1.8002,1.8002,-0.3452,1.9192,1.9192,1.8664,12.218,5.52070946,1.00068899,0,11,0.701599,-2.12538919,0.99999745,4.466836e+08,57,140,0.815454,1.0,in_box
s_fixi_a10_sf_-40c_vdd1.80v,s_fixi_a10,A2-fixIc,1stage,10,1,-,-,10,1.152,409.6,sf,-40,1.80,3.976220e-03,3.973360e-03,2.817360e-06,3.4516,0.7583,1.0416,0.8904,4.632640e-03,8.338750e-03,0,0,-3.064,12.1141,12.248,-94.1204,-0.0073,15.0654,42.4597,22.3776,2.2783,2.1431,1.7981,1.7981,-0.3449,1.9161,1.9161,1.8634,12.248,5.48751518,1.00066628,0,11,0.702141,-2.11865224,0.99999746,4.466836e+08,56,140,0.81548,1.0,in_box
s_fixi_a10_sf_-40c_vdd1.98v,s_fixi_a10,A2-fixIc,1stage,10,1,-,-,10,1.152,409.6,sf,-40,1.98,4.076080e-03,4.073140e-03,2.921250e-06,3.5383,0.9226,1.0574,0.8904,4.748230e-03,9.401500e-03,0,0,-3.0593,12.1424,12.2776,-94.3187,-0.0071,15.0985,42.6228,22.4122,2.2747,2.1407,1.796,1.796,-0.3446,1.9129,1.9129,1.8603,12.2776,5.42521061,1.00064511,0,11,0.702543,-2.09304532,0.99999744,4.731513e+08,56,140,0.815504,1.0,in_box
s_fixi_a10_sf_27c_vdd1.62v,s_fixi_a10,A2-fixIc,1stage,10,1,-,-,10,1.152,409.6,sf,27,1.62,3.853100e-03,3.847930e-03,5.115890e-06,3.3447,0.6473,0.9727,0.8346,4.507370e-03,7.301930e-03,0,0,-3.1276,11.6633,11.7775,-92.5941,-0.0077,14.5516,41.6818,21.8598,2.3325,2.1892,2.249,2.249,0.0598,2.3952,2.3952,2.3325,11.7775,5.17768044,1.00069021,0,11,0.69697,-2.18501691,0.99999788,4.466836e+08,55,140,0.817019,1.0,in_box
s_fixi_a10_sf_27c_vdd1.80v,s_fixi_a10,A2-fixIc,1stage,10,1,-,-,10,1.152,409.6,sf,27,1.80,3.932990e-03,3.927700e-03,5.265610e-06,3.4141,0.8115,0.9885,0.8346,4.603160e-03,8.285690e-03,0,0,-3.1213,11.697,11.8127,-92.8915,-0.0075,14.5917,41.8757,21.9017,2.3294,2.1872,2.247,2.247,0.0597,2.392,2.392,2.3294,11.8127,5.14431278,1.00066527,0,11,0.697505,-2.19408188,0.99999787,4.466836e+08,56,140,0.817052,1.0,in_box
s_fixi_a10_sf_27c_vdd1.98v,s_fixi_a10,A2-fixIc,1stage,10,1,-,-,10,1.152,409.6,sf,27,1.98,4.016850e-03,4.011430e-03,5.423970e-06,3.4868,0.9757,1.0043,0.8345,4.702850e-03,9.311650e-03,0,0,-3.1169,11.7302,11.8473,-93.1066,-0.0072,14.6292,42.0551,21.9409,2.3262,2.1852,2.2449,2.2449,0.0597,2.3887,2.3887,2.3262,11.8473,5.07854362,1.00064187,0,11,0.697875,-2.18355963,0.99999784,4.466836e+08,56,140,0.81708,1.0,in_box
s_fixi_a10_sf_125c_vdd1.62v,s_fixi_a10,A2-fixIc,1stage,10,1,-,-,10,1.152,409.6,sf,125,1.62,3.811630e-03,3.802960e-03,8.660600e-06,3.3087,0.7326,0.8874,0.7453,4.485020e-03,7.265730e-03,0,0,-3.1879,10.9483,11.0343,-90.8592,-0.0081,13.7778,40.6937,21.0815,2.4506,2.2837,2.9001,2.9001,0.6164,3.0983,3.0983,3.0227,11.0343,4.8369118,1.000701,0,11,0.692105,-2.27678277,0.99999842,4.216965e+08,54,140,0.820016,1.0,in_box
s_fixi_a10_sf_125c_vdd1.80v,s_fixi_a10,A2-fixIc,1stage,10,1,-,-,10,1.152,409.6,sf,125,1.80,3.879320e-03,3.870470e-03,8.868820e-06,3.3675,0.8967,0.9033,0.7453,4.569040e-03,8.224260e-03,0,0,-3.182,10.9895,11.077,-91.1999,-0.0078,13.8248,40.9167,21.1308,2.4473,2.2817,2.8977,2.8977,0.6161,3.0944,3.0944,3.0189,11.077,4.80062508,1.00067178,0,11,0.692606,-2.32145667,0.99999839,4.216965e+08,54,140,0.820035,1.0,in_box
s_fixi_a10_sf_125c_vdd1.98v,s_fixi_a10,A2-fixIc,1stage,10,1,-,-,10,1.152,409.6,sf,125,1.98,3.949050e-03,3.940020e-03,9.078320e-06,3.428,1.0608,0.9192,0.7453,4.654840e-03,9.216580e-03,0,0,-3.1787,11.0294,11.1184,-91.442,-0.0075,13.8681,41.1219,21.1761,2.444,2.2797,2.8954,2.8954,0.6157,3.0905,3.0905,3.0151,11.1184,4.72783582,1.00064432,0,11,0.692896,-2.35638699,0.99999833,4.216965e+08,54,140,0.820043,1.0,in_box
s_fixi_a10_fs_-40c_vdd1.62v,s_fixi_a10,A2-fixIc,1stage,10,1,-,-,10,1.152,409.6,fs,-40,1.62,3.883640e-03,3.880860e-03,2.721860e-06,3.3712,0.5941,1.0259,0.8905,4.527640e-03,7.334770e-03,0,0,-3.0705,12.086,12.2186,-93.8502,-0.0075,15.0308,42.284,22.3413,2.2817,2.1453,1.8001,1.8001,-0.3452,1.9191,1.9191,1.8663,12.2186,5.52035654,1.000689,0,11,0.701601,-2.1260418,0.99999745,4.466836e+08,57,140,0.815449,1.0,in_box
s_fixi_a10_fs_-40c_vdd1.80v,s_fixi_a10,A2-fixIc,1stage,10,1,-,-,10,1.152,409.6,fs,-40,1.80,3.977880e-03,3.975020e-03,2.818620e-06,3.453,0.7583,1.0417,0.8905,4.637650e-03,8.347770e-03,0,0,-3.064,12.1146,12.2486,-94.1203,-0.0073,15.066,42.4602,22.3781,2.2782,2.143,1.7981,1.7981,-0.3449,1.916,1.916,1.8633,12.2486,5.48717905,1.00066628,0,11,0.702143,-2.11922316,0.99999746,4.466836e+08,56,140,0.815476,1.0,in_box
s_fixi_a10_fs_-40c_vdd1.98v,s_fixi_a10,A2-fixIc,1stage,10,1,-,-,10,1.152,409.6,fs,-40,1.98,4.077860e-03,4.074930e-03,2.922690e-06,3.5398,0.9226,1.0574,0.8904,4.753370e-03,9.411670e-03,0,0,-3.0592,12.1429,12.2782,-94.3186,-0.0071,15.0991,42.6233,22.4128,2.2746,2.1406,1.796,1.796,-0.3446,1.9128,1.9128,1.8602,12.2782,5.42485685,1.00064511,0,11,0.702545,-2.09369203,0.99999744,4.731513e+08,56,140,0.8155,1.0,in_box
s_fixi_a10_fs_27c_vdd1.62v,s_fixi_a10,A2-fixIc,1stage,10,1,-,-,10,1.152,409.6,fs,27,1.62,3.854690e-03,3.849520e-03,5.118230e-06,3.3461,0.6473,0.9727,0.8346,4.512190e-03,7.309750e-03,0,0,-3.1276,11.6641,11.7783,-92.594,-0.0077,14.5524,41.6825,21.8605,2.3324,2.1891,2.2489,2.2489,0.0598,2.3951,2.3951,2.3324,11.7783,5.17722339,1.00069021,0,11,0.69697,-2.18555212,0.99999788,4.466836e+08,55,140,0.817014,1.0,in_box
s_fixi_a10_fs_27c_vdd1.80v,s_fixi_a10,A2-fixIc,1stage,10,1,-,-,10,1.152,409.6,fs,27,1.80,3.934380e-03,3.929090e-03,5.267690e-06,3.4153,0.8115,0.9885,0.8346,4.607840e-03,8.294110e-03,0,0,-3.1213,11.6976,11.8133,-92.8914,-0.0075,14.5923,41.8763,21.9023,2.3293,2.1872,2.2469,2.2469,0.0597,2.392,2.392,2.3293,11.8133,5.14394828,1.00066527,0,11,0.697505,-2.19457675,0.99999787,4.466836e+08,56,140,0.817048,1.0,in_box
s_fixi_a10_fs_27c_vdd1.98v,s_fixi_a10,A2-fixIc,1stage,10,1,-,-,10,1.152,409.6,fs,27,1.98,4.018100e-03,4.012670e-03,5.425870e-06,3.4879,0.9757,1.0043,0.8345,4.707320e-03,9.320480e-03,0,0,-3.1169,11.7307,11.8478,-93.1065,-0.0072,14.6298,42.0556,21.9415,2.3261,2.1852,2.2448,2.2448,0.0597,2.3887,2.3887,2.3261,11.8478,5.0782412,1.00064187,0,11,0.697875,-2.18402547,0.99999784,4.466836e+08,56,140,0.817078,1.0,in_box
s_fixi_a10_fs_125c_vdd1.62v,s_fixi_a10,A2-fixIc,1stage,10,1,-,-,10,1.152,409.6,fs,125,1.62,3.812740e-03,3.804070e-03,8.663440e-06,3.3097,0.7326,0.8874,0.7453,4.489180e-03,7.272470e-03,0,0,-3.188,10.9491,11.0351,-90.8591,-0.0081,13.7786,40.6944,21.0822,2.4505,2.2836,2.9,2.9,0.6164,3.0981,3.0981,3.0226,11.0351,4.8364975,1.000701,0,11,0.692104,-2.27717464,0.99999842,4.216965e+08,54,140,0.820015,1.0,in_box
s_fixi_a10_fs_125c_vdd1.80v,s_fixi_a10,A2-fixIc,1stage,10,1,-,-,10,1.152,409.6,fs,125,1.80,3.879990e-03,3.871140e-03,8.870540e-06,3.368,0.8967,0.9033,0.7453,4.572720e-03,8.230890e-03,0,0,-3.182,10.9899,11.0775,-91.1999,-0.0078,13.8253,40.9171,21.1312,2.4473,2.2816,2.8977,2.8977,0.616,3.0943,3.0943,3.0188,11.0775,4.80039819,1.00067178,0,11,0.692605,-2.32171557,0.99999839,4.216965e+08,54,140,0.820036,1.0,in_box
s_fixi_a10_fs_125c_vdd1.98v,s_fixi_a10,A2-fixIc,1stage,10,1,-,-,10,1.152,409.6,fs,125,1.98,3.949440e-03,3.940410e-03,9.079310e-06,3.4283,1.0608,0.9192,0.7453,4.658210e-03,9.223250e-03,0,0,-3.1787,11.0296,11.1186,-91.442,-0.0075,13.8683,41.1221,21.1763,2.444,2.2797,2.8954,2.8954,0.6157,3.0904,3.0904,3.015,11.1186,4.72771519,1.00064432,0,11,0.692896,-2.35655152,0.99999833,4.216965e+08,54,140,0.820047,1.0,in_box
s_fixi_a20_typ_-40c_vdd1.62v,s_fixi_a20,A2-fixIc,1stage,10,2,-,-,20,2.304,204.8,typ,-40,1.62,3.876550e-03,3.873920e-03,2.603450e-06,1.6825,0.6136,1.0064,0.8701,4.314350e-03,6.989240e-03,0,0,-3.2882,12.5458,12.6991,-87.3939,-0.0155,15.2887,39.4052,22.4834,1.6504,1.6303,1.3553,1.3553,-0.275,1.3725,1.3725,1.3325,12.6991,5.54312916,1.00147417,0,11,0.683628,-1.30085636,0.99999613,4.466836e+08,60,140,0.826889,1.0,in_box
s_fixi_a20_typ_-40c_vdd1.80v,s_fixi_a20,A2-fixIc,1stage,10,2,-,-,20,2.304,204.8,typ,-40,1.80,3.939560e-03,3.936900e-03,2.657250e-06,1.7099,0.7782,1.0218,0.8701,4.392960e-03,7.907330e-03,0,0,-3.2778,12.5644,12.7186,-87.6371,-0.015,15.3167,39.5757,22.5148,1.6482,1.6285,1.3537,1.3537,-0.2747,1.3707,1.3707,1.3307,12.7186,5.49503476,1.00142441,0,11,0.684484,-1.25829444,0.99999619,4.466836e+08,59,140,0.826903,1.0,in_box
s_fixi_a20_typ_-40c_vdd1.98v,s_fixi_a20,A2-fixIc,1stage,10,2,-,-,20,2.304,204.8,typ,-40,1.98,4.005250e-03,4.002540e-03,2.712630e-06,1.7384,0.9427,1.0373,0.8701,4.474210e-03,8.858940e-03,0,0,-3.2695,12.5827,12.7378,-87.8219,-0.0146,15.3425,39.733,22.5437,1.646,1.6266,1.3521,1.3521,-0.2745,1.3687,1.3687,1.3289,12.7378,5.42753801,1.00137879,0,11,0.685175,-1.20347381,0.99999621,4.466836e+08,59,140,0.826915,1.0,in_box
s_fixi_a20_typ_27c_vdd1.62v,s_fixi_a20,A2-fixIc,1stage,10,2,-,-,20,2.304,204.8,typ,27,1.62,3.809690e-03,3.804860e-03,4.819870e-06,1.6535,0.6714,0.9486,0.81,4.260890e-03,6.902640e-03,0,0,-3.3872,12.1215,12.2554,-86.269,-0.016,14.7759,38.7705,21.966,1.7185,1.6919,1.7407,1.7407,0.0488,1.7679,1.7679,1.7185,12.2554,5.30430028,1.00147997,0,11,0.675828,-1.3418124,0.99999691,4.216965e+08,58,140,0.829385,1.0,in_box
s_fixi_a20_typ_27c_vdd1.80v,s_fixi_a20,A2-fixIc,1stage,10,2,-,-,20,2.304,204.8,typ,27,1.80,3.860600e-03,3.855700e-03,4.899390e-06,1.6756,0.8359,0.9641,0.8099,4.327490e-03,7.789480e-03,0,0,-3.3767,12.1438,12.2788,-86.5281,-0.0154,14.8074,38.9566,22.0013,1.7163,1.6902,1.7389,1.7389,0.0487,1.7657,1.7657,1.7163,12.2788,5.25046918,1.00142512,0,11,0.676687,-1.30854475,0.99999693,4.216965e+08,58,140,0.829402,1.0,in_box
s_fixi_a20_typ_27c_vdd1.98v,s_fixi_a20,A2-fixIc,1stage,10,2,-,-,20,2.304,204.8,typ,27,1.98,3.913480e-03,3.908510e-03,4.978330e-06,1.6986,1.0005,0.9795,0.8099,4.396000e-03,8.704080e-03,0,0,-3.3687,12.1656,12.3016,-86.7235,-0.0149,14.8363,39.1278,22.0336,1.714,1.6883,1.737,1.737,0.0487,1.7633,1.7633,1.7141,12.3016,5.17683802,1.00137494,0,11,0.677353,-1.26192548,0.99999693,4.466836e+08,59,140,0.829414,1.0,in_box
s_fixi_a20_typ_125c_vdd1.62v,s_fixi_a20,A2-fixIc,1stage,10,2,-,-,20,2.304,204.8,typ,125,1.62,3.725820e-03,3.717850e-03,7.983260e-06,1.6171,0.764,0.856,0.714,4.196480e-03,6.798300e-03,0,0,-3.486,11.3974,11.501,-84.6997,-0.0167,13.9651,37.7493,21.1467,1.8456,1.8028,2.3208,2.3208,0.5181,2.373,2.373,2.3107,11.501,5.06911853,1.00150684,0,11,0.668089,-1.4107018,0.99999788,3.981072e+08,57,140,0.832735,1.0,in_box
s_fixi_a20_typ_125c_vdd1.80v,s_fixi_a20,A2-fixIc,1stage,10,2,-,-,20,2.304,204.8,typ,125,1.80,3.767790e-03,3.759730e-03,8.089110e-06,1.6353,0.9285,0.8715,0.714,4.254450e-03,7.658010e-03,0,0,-3.4761,11.4255,11.5302,-84.9826,-0.0161,14.0017,37.9621,21.1878,1.843,1.8008,2.3184,2.3184,0.5176,2.3699,2.3699,2.3077,11.5302,5.00222727,1.00144193,0,11,0.66891,-1.4098105,0.99999784,3.981072e+08,56,140,0.832736,1.0,in_box
s_fixi_a20_typ_125c_vdd1.98v,s_fixi_a20,A2-fixIc,1stage,10,2,-,-,20,2.304,204.8,typ,125,1.98,3.811690e-03,3.803530e-03,8.163040e-06,1.6544,1.093,0.887,0.714,4.314130e-03,8.541980e-03,0,0,-3.4694,11.4531,11.5588,-85.1956,-0.0155,14.0351,38.1566,21.2252,1.8403,1.7986,2.3158,2.3158,0.5172,2.3666,2.3666,2.3044,11.5588,4.91745863,1.00138335,0,11,0.669472,-1.40485872,0.99999781,3.981072e+08,58,140,0.832708,1.0,in_box
s_fixi_a20_bcs_-40c_vdd1.62v,s_fixi_a20,A2-fixIc,1stage,10,2,-,-,20,2.304,204.8,bcs,-40,1.62,3.936000e-03,3.934570e-03,1.425250e-06,1.7083,0.6207,0.9993,0.864,4.375810e-03,7.088820e-03,0,0,-3.1916,12.6832,12.8424,-90.0533,-0.0123,15.5144,40.6255,22.7391,1.4764,1.4707,1.219,1.219,-0.2517,1.2238,1.2238,1.1876,12.8424,5.82503739,1.00119816,0,11,0.69154,-1.37595869,0.99999605,4.466836e+08,60,140,0.82703,1.0,in_box
s_fixi_a20_bcs_-40c_vdd1.80v,s_fixi_a20,A2-fixIc,1stage,10,2,-,-,20,2.304,204.8,bcs,-40,1.80,4.007880e-03,4.006420e-03,1.457720e-06,1.7395,0.7853,1.0147,0.864,4.463290e-03,8.033930e-03,0,0,-3.1827,12.7023,12.8625,-90.2787,-0.0119,15.5419,40.796,22.7695,1.4737,1.4682,1.2169,1.2169,-0.2514,1.2216,1.2216,1.1854,12.8625,5.76431793,1.0011576,0,11,0.692279,-1.33560372,0.9999961,4.466836e+08,60,140,0.82703,1.0,in_box
s_fixi_a20_bcs_-40c_vdd1.98v,s_fixi_a20,A2-fixIc,1stage,10,2,-,-,20,2.304,204.8,bcs,-40,1.98,4.083450e-03,4.081960e-03,1.490600e-06,1.7723,0.9498,1.0302,0.864,4.554420e-03,9.017760e-03,0,0,-3.1753,12.7213,12.8825,-90.4507,-0.0116,15.5678,40.9533,22.7979,1.471,1.4657,1.2147,1.2147,-0.251,1.2192,1.2192,1.1831,12.8825,5.68701971,1.00112078,0,11,0.692893,-1.28295365,0.99999613,4.466836e+08,60,140,0.827027,1.0,in_box
s_fixi_a20_bcs_27c_vdd1.62v,s_fixi_a20,A2-fixIc,1stage,10,2,-,-,20,2.304,204.8,bcs,27,1.62,3.915590e-03,3.912920e-03,2.665970e-06,1.6995,0.6801,0.9399,0.8031,4.371390e-03,7.081650e-03,0,0,-3.2734,12.3,12.4408,-88.9688,-0.0127,15.0545,40.044,22.2754,1.5546,1.5436,1.5888,1.5888,0.0452,1.6001,1.6001,1.5546,12.4408,5.56235385,1.00120373,0,11,0.685015,-1.46126136,0.9999966,4.466836e+08,60,140,0.830973,1.0,in_box
s_fixi_a20_bcs_27c_vdd1.80v,s_fixi_a20,A2-fixIc,1stage,10,2,-,-,20,2.304,204.8,bcs,27,1.80,3.974590e-03,3.971870e-03,2.714860e-06,1.7251,0.8447,0.9553,0.8031,4.443200e-03,7.997760e-03,0,0,-3.2645,12.3231,12.465,-89.2081,-0.0122,15.0857,40.2308,22.3097,1.5518,1.5411,1.5863,1.5863,0.0452,1.5973,1.5973,1.5518,12.465,5.49421762,1.00115879,0,11,0.685748,-1.43161003,0.9999966,4.466836e+08,59,140,0.830972,1.0,in_box
s_fixi_a20_bcs_27c_vdd1.98v,s_fixi_a20,A2-fixIc,1stage,10,2,-,-,20,2.304,204.8,bcs,27,1.98,4.036390e-03,4.033630e-03,2.760540e-06,1.7519,1.0092,0.9708,0.8032,4.520630e-03,8.950850e-03,0,0,-3.2576,12.346,12.489,-89.39,-0.0118,15.115,40.4028,22.3419,1.549,1.5386,1.5837,1.5837,0.0451,1.5943,1.5943,1.549,12.489,5.40979905,1.0011181,0,11,0.68633,-1.3898962,0.99999659,4.466836e+08,60,140,0.830965,1.0,in_box
s_fixi_a20_bcs_125c_vdd1.62v,s_fixi_a20,A2-fixIc,1stage,10,2,-,-,20,2.304,204.8,bcs,125,1.62,3.879740e-03,3.875280e-03,4.462390e-06,1.6839,0.7752,0.8448,0.706,4.351800e-03,7.049920e-03,0,0,-3.354,11.645,11.7565,-87.4485,-0.0133,14.3246,39.1038,21.5382,1.6868,1.6623,2.149,2.149,0.4867,2.1791,2.1791,2.1208,11.7565,5.29132929,1.00122533,0,11,0.678614,-1.59816954,0.99999741,4.216965e+08,58,140,0.835589,1.0,in_box
s_fixi_a20_bcs_125c_vdd1.80v,s_fixi_a20,A2-fixIc,1stage,10,2,-,-,20,2.304,204.8,bcs,125,1.80,3.928970e-03,3.924450e-03,4.527190e-06,1.7053,0.9397,0.8603,0.706,4.417000e-03,7.950590e-03,0,0,-3.3458,11.6742,11.787,-87.7087,-0.0128,14.3612,39.3184,21.5786,1.6836,1.6596,2.1457,2.1457,0.4861,2.1752,2.1752,2.1169,11.787,5.20755442,1.00117186,0,11,0.679301,-1.60086787,0.99999735,4.466836e+08,59,140,0.835574,1.0,in_box
s_fixi_a20_bcs_125c_vdd1.98v,s_fixi_a20,A2-fixIc,1stage,10,2,-,-,20,2.304,204.8,bcs,125,1.98,3.981770e-03,3.977190e-03,4.543870e-06,1.7282,1.1041,0.8759,0.706,4.485580e-03,8.881460e-03,0,0,-3.3403,11.7037,11.8177,-87.9067,-0.0123,14.3957,39.5151,21.6164,1.6801,1.6566,2.1421,2.1421,0.4855,2.1709,2.1709,2.1128,11.8177,5.11088249,1.00112425,0,11,0.679769,-1.60791793,0.99999729,4.466836e+08,59,140,0.835521,1.0,in_box
s_fixi_a20_wcs_-40c_vdd1.62v,s_fixi_a20,A2-fixIc,1stage,10,2,-,-,20,2.304,204.8,wcs,-40,1.62,3.782840e-03,3.778320e-03,4.489350e-06,1.6419,0.6047,1.0153,0.8772,4.219190e-03,6.835080e-03,0,0,-3.3937,12.3839,12.5306,-84.9244,-0.0191,15.0346,38.2616,22.1978,1.8495,1.8052,1.5056,1.5056,-0.2997,1.5437,1.5437,1.4996,12.5306,5.28441933,1.00177192,0,11,0.675083,-1.18701246,0.99999642,4.216965e+08,58,140,0.825742,1.0,in_box
s_fixi_a20_wcs_-40c_vdd1.80v,s_fixi_a20,A2-fixIc,1stage,10,2,-,-,20,2.304,204.8,wcs,-40,1.80,3.836440e-03,3.831850e-03,4.571890e-06,1.6651,0.7693,1.0307,0.8772,4.288390e-03,7.719110e-03,0,0,-3.3817,12.402,12.5495,-85.1855,-0.0184,15.063,38.4318,22.2302,1.8479,1.8041,1.5046,1.5046,-0.2995,1.5424,1.5424,1.4982,12.5495,5.24866984,1.00171264,0,11,0.676066,-1.14020295,0.9999965,4.216965e+08,58,140,0.825778,1.0,in_box
s_fixi_a20_wcs_-40c_vdd1.98v,s_fixi_a20,A2-fixIc,1stage,10,2,-,-,20,2.304,204.8,wcs,-40,1.98,3.891930e-03,3.887270e-03,4.657230e-06,1.6892,0.9338,1.0462,0.8772,4.359440e-03,8.631680e-03,0,0,-3.3723,12.4193,12.5677,-85.3825,-0.0179,15.0886,38.5885,22.2594,1.8462,1.8028,1.5035,1.5035,-0.2993,1.5409,1.5409,1.4968,12.5677,5.19062783,1.00165774,0,11,0.676838,-1.08157956,0.99999654,4.216965e+08,57,140,0.825813,1.0,in_box
s_fixi_a20_wcs_27c_vdd1.62v,s_fixi_a20,A2-fixIc,1stage,10,2,-,-,20,2.304,204.8,wcs,27,1.62,3.650650e-03,3.642450e-03,8.181400e-06,1.5845,0.6602,0.9598,0.8181,4.100680e-03,6.643100e-03,0,0,-3.516,11.8962,12.0221,-83.7703,-0.0196,14.4432,37.5492,21.6011,1.9083,1.8591,1.9117,1.9117,0.0526,1.9621,1.9621,1.9083,12.0221,5.09109583,1.00177963,0,11,0.665575,-1.15064035,0.99999747,3.981072e+08,56,140,0.826448,1.0,in_box
s_fixi_a20_wcs_27c_vdd1.80v,s_fixi_a20,A2-fixIc,1stage,10,2,-,-,20,2.304,204.8,wcs,27,1.80,3.692640e-03,3.684340e-03,8.299320e-06,1.6027,0.8248,0.9752,0.818,4.158380e-03,7.485080e-03,0,0,-3.5037,11.9177,12.0444,-84.05,-0.0189,14.4749,37.7341,21.6372,1.9068,1.858,1.9106,1.9106,0.0526,1.9605,1.9605,1.9068,12.0444,5.05152416,1.00171464,0,11,0.666573,-1.11098536,0.99999751,3.981072e+08,56,140,0.826492,1.0,in_box
s_fixi_a20_wcs_27c_vdd1.98v,s_fixi_a20,A2-fixIc,1stage,10,2,-,-,20,2.304,204.8,wcs,27,1.98,3.735890e-03,3.727490e-03,8.418880e-06,1.6215,0.9894,0.9906,0.818,4.217260e-03,8.350180e-03,0,0,-3.4946,11.9383,12.0659,-84.2589,-0.0183,14.5031,37.9038,21.6695,1.9052,1.8568,1.9094,1.9094,0.0526,1.9588,1.9588,1.9052,12.0659,4.98822774,1.00165447,0,11,0.667323,-1.05713897,0.99999753,3.981072e+08,55,140,0.826533,1.0,in_box
s_fixi_a20_wcs_125c_vdd1.62v,s_fixi_a20,A2-fixIc,1stage,10,2,-,-,20,2.304,204.8,wcs,125,1.62,3.502150e-03,3.488860e-03,1.333600e-05,1.52,0.7497,0.8703,0.7235,3.971960e-03,6.434570e-03,0,0,-3.6393,11.0632,11.1566,-82.1671,-0.0206,13.5089,36.4049,20.6569,2.033,1.9664,2.5194,2.5194,0.553,2.5997,2.5997,2.5331,11.1566,4.92448112,1.00181673,0,11,0.656077,-1.10464542,0.99999854,3.548134e+08,53,140,0.828302,1.0,in_box
s_fixi_a20_wcs_125c_vdd1.80v,s_fixi_a20,A2-fixIc,1stage,10,2,-,-,20,2.304,204.8,wcs,125,1.80,3.535980e-03,3.522550e-03,1.348970e-05,1.5347,0.9143,0.8857,0.7235,4.021820e-03,7.239280e-03,0,0,-3.6274,11.0902,11.1844,-82.4751,-0.0197,13.5454,36.6155,20.6987,2.031,1.965,2.5178,2.5178,0.5527,2.5974,2.5974,2.5308,11.1844,4.87477214,1.00174018,0,11,0.657047,-1.09448645,0.99999854,3.548134e+08,53,140,0.828328,1.0,in_box
s_fixi_a20_wcs_125c_vdd1.98v,s_fixi_a20,A2-fixIc,1stage,10,2,-,-,20,2.304,204.8,wcs,125,1.98,3.570460e-03,3.556890e-03,1.362380e-05,1.5497,1.0788,0.9012,0.7235,4.072090e-03,8.062730e-03,0,0,-3.6194,11.1157,11.2108,-82.7035,-0.019,13.5773,36.8071,20.7354,2.0291,1.9637,2.5161,2.5161,0.5524,2.5951,2.5951,2.5285,11.2108,4.80119114,1.00167004,0,11,0.657707,-1.07543045,0.99999852,3.548134e+08,53,140,0.828337,1.0,in_box
s_fixi_a20_sf_-40c_vdd1.62v,s_fixi_a20,A2-fixIc,1stage,10,2,-,-,20,2.304,204.8,sf,-40,1.62,3.875750e-03,3.873130e-03,2.602910e-06,1.6822,0.6136,1.0064,0.8701,4.311990e-03,6.985420e-03,0,0,-3.2882,12.5455,12.6988,-87.394,-0.0155,15.2884,39.4049,22.4831,1.6504,1.6303,1.3553,1.3553,-0.275,1.3725,1.3725,1.3326,12.6988,5.54333092,1.00147417,0,11,0.683625,-1.30075598,0.99999613,4.466836e+08,60,140,0.826893,1.0,in_box
s_fixi_a20_sf_-40c_vdd1.80v,s_fixi_a20,A2-fixIc,1stage,10,2,-,-,20,2.304,204.8,sf,-40,1.80,3.938820e-03,3.936160e-03,2.656730e-06,1.7096,0.7782,1.0218,0.8701,4.390670e-03,7.903210e-03,0,0,-3.2779,12.5642,12.7184,-87.6371,-0.015,15.3165,39.5755,22.5146,1.6482,1.6285,1.3538,1.3538,-0.2747,1.3707,1.3707,1.3308,12.7184,5.49518994,1.0014244,0,11,0.684481,-1.2582003,0.99999619,4.466836e+08,59,140,0.826906,1.0,in_box
s_fixi_a20_sf_-40c_vdd1.98v,s_fixi_a20,A2-fixIc,1stage,10,2,-,-,20,2.304,204.8,sf,-40,1.98,4.004530e-03,4.001820e-03,2.712120e-06,1.7381,0.9427,1.0373,0.8701,4.471920e-03,8.854400e-03,0,0,-3.2696,12.5825,12.7376,-87.8219,-0.0146,15.3423,39.7328,22.5435,1.646,1.6266,1.3522,1.3522,-0.2745,1.3688,1.3688,1.3289,12.7376,5.42768017,1.00137879,0,11,0.685173,-1.20337175,0.99999622,4.466836e+08,59,140,0.826918,1.0,in_box
s_fixi_a20_sf_27c_vdd1.62v,s_fixi_a20,A2-fixIc,1stage,10,2,-,-,20,2.304,204.8,sf,27,1.62,3.809080e-03,3.804250e-03,4.819060e-06,1.6532,0.6714,0.9486,0.81,4.258760e-03,6.899200e-03,0,0,-3.3872,12.1212,12.2551,-86.2691,-0.016,14.7756,38.7702,21.9657,1.7185,1.692,1.7407,1.7407,0.0488,1.7679,1.7679,1.7185,12.2551,5.30447602,1.00147996,0,11,0.675826,-1.34174505,0.99999691,4.216965e+08,58,140,0.829388,1.0,in_box
s_fixi_a20_sf_27c_vdd1.80v,s_fixi_a20,A2-fixIc,1stage,10,2,-,-,20,2.304,204.8,sf,27,1.80,3.860080e-03,3.855180e-03,4.898700e-06,1.6754,0.8359,0.9641,0.8099,4.325460e-03,7.785820e-03,0,0,-3.3767,12.1436,12.2785,-86.5281,-0.0154,14.8071,38.9564,22.001,1.7164,1.6902,1.7389,1.7389,0.0487,1.7657,1.7657,1.7164,12.2785,5.25060891,1.00142511,0,11,0.676686,-1.30848207,0.99999693,4.216965e+08,58,140,0.829405,1.0,in_box
s_fixi_a20_sf_27c_vdd1.98v,s_fixi_a20,A2-fixIc,1stage,10,2,-,-,20,2.304,204.8,sf,27,1.98,3.913020e-03,3.908050e-03,4.977710e-06,1.6984,1.0005,0.9795,0.8099,4.394020e-03,8.700160e-03,0,0,-3.3687,12.1654,12.3014,-86.7235,-0.0149,14.8361,39.1276,22.0334,1.7141,1.6883,1.737,1.737,0.0487,1.7634,1.7634,1.7141,12.3014,5.17695553,1.00137494,0,11,0.677351,-1.26186361,0.99999693,4.466836e+08,59,140,0.829416,1.0,in_box
s_fixi_a20_sf_125c_vdd1.62v,s_fixi_a20,A2-fixIc,1stage,10,2,-,-,20,2.304,204.8,sf,125,1.62,3.725500e-03,3.717530e-03,7.982530e-06,1.617,0.764,0.856,0.714,4.194730e-03,6.795470e-03,0,0,-3.486,11.3971,11.5007,-84.6997,-0.0167,13.9649,37.7491,21.1465,1.8456,1.8028,2.3209,2.3209,0.5181,2.373,2.373,2.3108,11.5007,5.06924134,1.00150685,0,11,0.668088,-1.41066856,0.99999788,3.981072e+08,57,140,0.832736,1.0,in_box
s_fixi_a20_sf_125c_vdd1.80v,s_fixi_a20,A2-fixIc,1stage,10,2,-,-,20,2.304,204.8,sf,125,1.80,3.767620e-03,3.759550e-03,8.088720e-06,1.6353,0.9285,0.8715,0.714,4.252850e-03,7.655120e-03,0,0,-3.4761,11.4254,11.53,-84.9827,-0.0161,14.0016,37.962,21.1877,1.8431,1.8008,2.3184,2.3184,0.5176,2.3699,2.3699,2.3077,11.53,5.00228969,1.00144193,0,11,0.668909,-1.40979168,0.99999784,3.981072e+08,56,140,0.832736,1.0,in_box
s_fixi_a20_sf_125c_vdd1.98v,s_fixi_a20,A2-fixIc,1stage,10,2,-,-,20,2.304,204.8,sf,125,1.98,3.811610e-03,3.803450e-03,8.162850e-06,1.6543,1.093,0.887,0.714,4.312620e-03,8.538990e-03,0,0,-3.4694,11.453,11.5588,-85.1956,-0.0155,14.035,38.1566,21.2251,1.8403,1.7986,2.3158,2.3158,0.5172,2.3666,2.3666,2.3044,11.5588,4.91748614,1.00138335,0,11,0.669472,-1.40484908,0.99999781,3.981072e+08,58,140,0.832708,1.0,in_box
s_fixi_a20_fs_-40c_vdd1.62v,s_fixi_a20,A2-fixIc,1stage,10,2,-,-,20,2.304,204.8,fs,-40,1.62,3.877490e-03,3.874870e-03,2.604110e-06,1.6829,0.6136,1.0064,0.8701,4.316960e-03,6.993480e-03,0,0,-3.2881,12.5461,12.6994,-87.3939,-0.0155,15.289,39.4055,22.4838,1.6503,1.6302,1.3553,1.3553,-0.275,1.3725,1.3725,1.3325,12.6994,5.54291993,1.00147418,0,11,0.683632,-1.30096245,0.99999613,4.466836e+08,60,140,0.826884,1.0,in_box
s_fixi_a20_fs_-40c_vdd1.80v,s_fixi_a20,A2-fixIc,1stage,10,2,-,-,20,2.304,204.8,fs,-40,1.80,3.940140e-03,3.937480e-03,2.657600e-06,1.7101,0.7781,1.0218,0.8701,4.395210e-03,7.911390e-03,0,0,-3.2778,12.5646,12.7188,-87.6371,-0.015,15.3169,39.5759,22.5151,1.6482,1.6284,1.3537,1.3537,-0.2747,1.3706,1.3706,1.3307,12.7188,5.4949196,1.00142441,0,11,0.684486,-1.2583684,0.99999618,4.466836e+08,59,140,0.826899,1.0,in_box
s_fixi_a20_fs_-40c_vdd1.98v,s_fixi_a20,A2-fixIc,1stage,10,2,-,-,20,2.304,204.8,fs,-40,1.98,4.006030e-03,4.003320e-03,2.713180e-06,1.7387,0.9427,1.0373,0.8701,4.476660e-03,8.863800e-03,0,0,-3.2695,12.5829,12.738,-87.8218,-0.0146,15.3428,39.7332,22.544,1.6459,1.6266,1.3521,1.3521,-0.2744,1.3687,1.3687,1.3288,12.738,5.42738533,1.0013788,0,11,0.685178,-1.2035834,0.99999621,4.466836e+08,59,140,0.826911,1.0,in_box
s_fixi_a20_fs_27c_vdd1.62v,s_fixi_a20,A2-fixIc,1stage,10,2,-,-,20,2.304,204.8,fs,27,1.62,3.810460e-03,3.805630e-03,4.820870e-06,1.6538,0.6714,0.9486,0.81,4.263270e-03,6.906500e-03,0,0,-3.3871,12.1218,12.2558,-86.269,-0.016,14.7763,38.7709,21.9664,1.7184,1.6919,1.7406,1.7406,0.0488,1.7678,1.7678,1.7185,12.2558,5.30408057,1.00147997,0,11,0.67583,-1.34189671,0.99999691,4.216965e+08,58,140,0.829381,1.0,in_box
s_fixi_a20_fs_27c_vdd1.80v,s_fixi_a20,A2-fixIc,1stage,10,2,-,-,20,2.304,204.8,fs,27,1.80,3.861210e-03,3.856300e-03,4.900190e-06,1.6759,0.8359,0.9641,0.81,4.329720e-03,7.793500e-03,0,0,-3.3767,12.1441,12.279,-86.5281,-0.0154,14.8077,38.9569,22.0016,1.7163,1.6901,1.7388,1.7388,0.0487,1.7656,1.7656,1.7163,12.279,5.25030626,1.00142512,0,11,0.676689,-1.3086179,0.99999693,4.216965e+08,58,140,0.829399,1.0,in_box
s_fixi_a20_fs_27c_vdd1.98v,s_fixi_a20,A2-fixIc,1stage,10,2,-,-,20,2.304,204.8,fs,27,1.98,3.914050e-03,3.909080e-03,4.979090e-06,1.6988,1.0005,0.9795,0.8099,4.398210e-03,8.708460e-03,0,0,-3.3687,12.1659,12.3019,-86.7235,-0.0149,14.8366,39.1281,22.0339,1.714,1.6883,1.737,1.737,0.0487,1.7633,1.7633,1.714,12.3019,5.1766942,1.00137494,0,11,0.677354,-1.26199921,0.99999693,4.466836e+08,59,140,0.829411,1.0,in_box
s_fixi_a20_fs_125c_vdd1.62v,s_fixi_a20,A2-fixIc,1stage,10,2,-,-,20,2.304,204.8,fs,125,1.62,3.726410e-03,3.718440e-03,7.984580e-06,1.6174,0.764,0.856,0.714,4.198610e-03,6.801740e-03,0,0,-3.486,11.3978,11.5014,-84.6996,-0.0167,13.9655,37.7497,21.1471,1.8456,1.8027,2.3208,2.3208,0.5181,2.3729,2.3729,2.3106,11.5014,5.06889645,1.00150684,0,11,0.668089,-1.41076171,0.99999788,3.981072e+08,57,140,0.832732,1.0,in_box
s_fixi_a20_fs_125c_vdd1.80v,s_fixi_a20,A2-fixIc,1stage,10,2,-,-,20,2.304,204.8,fs,125,1.80,3.768100e-03,3.760030e-03,8.089810e-06,1.6355,0.9285,0.8715,0.714,4.256300e-03,7.661330e-03,0,0,-3.476,11.4257,11.5304,-84.9826,-0.0161,14.0019,37.9624,21.188,1.843,1.8007,2.3183,2.3183,0.5176,2.3698,2.3698,2.3076,11.5304,5.00211796,1.00144193,0,11,0.66891,-1.40984336,0.99999784,3.981072e+08,56,140,0.832734,1.0,in_box
s_fixi_a20_fs_125c_vdd1.98v,s_fixi_a20,A2-fixIc,1stage,10,2,-,-,20,2.304,204.8,fs,125,1.98,3.811880e-03,3.803710e-03,8.163460e-06,1.6545,1.093,0.887,0.714,4.315860e-03,8.545400e-03,0,0,-3.4694,11.4532,11.5589,-85.1956,-0.0155,14.0352,38.1567,21.2253,1.8403,1.7986,2.3158,2.3158,0.5172,2.3665,2.3665,2.3044,11.5589,4.91739603,1.00138335,0,11,0.669473,-1.40488053,0.99999781,3.981072e+08,58,140,0.832708,1.0,in_box
s_fixi_a40_typ_-40c_vdd1.62v,s_fixi_a40,A2-fixIc,1stage,10,4,-,-,40,4.608,102.4,typ,-40,1.62,3.834100e-03,3.831540e-03,2.561970e-06,0.8321,0.6305,0.9895,0.8526,4.169640e-03,6.754820e-03,0,0,-3.6894,12.7718,12.9314,-79.8583,-0.0329,15.1879,36.0573,22.1538,1.2823,1.2754,1.0532,1.0532,-0.2223,1.059,1.059,1.0271,12.9314,5.3366957,1.00322691,0,11,0.651614,-1.00123272,0.99998861,4.731513e+08,64,140,0.838872,1.0,in_box
s_fixi_a40_typ_-40c_vdd1.80v,s_fixi_a40,A2-fixIc,1stage,10,4,-,-,40,4.608,102.4,typ,-40,1.80,3.872930e-03,3.870340e-03,2.591490e-06,0.8405,0.7953,1.0047,0.8526,4.224000e-03,7.603210e-03,0,0,-3.674,12.7845,12.9447,-80.0805,-0.0318,15.2123,36.2255,22.1849,1.2808,1.274,1.0519,1.0519,-0.222,1.0577,1.0577,1.0258,12.9447,5.27935149,1.0031162,0,11,0.652846,-0.9415521,0.99998877,4.731513e+08,63,140,0.838873,1.0,in_box
s_fixi_a40_typ_-40c_vdd1.98v,s_fixi_a40,A2-fixIc,1stage,10,4,-,-,40,4.608,102.4,typ,-40,1.98,3.913070e-03,3.910460e-03,2.619570e-06,0.8492,0.9601,1.0199,0.8526,4.279610e-03,8.473620e-03,0,0,-3.6614,12.7967,12.9575,-80.2526,-0.0308,15.2342,36.38,22.2129,1.2792,1.2724,1.0506,1.0506,-0.2218,1.0564,1.0564,1.0245,12.9575,5.20935172,1.00301566,0,11,0.653869,-0.87138434,0.99998885,4.731513e+08,63,140,0.838874,1.0,in_box
s_fixi_a40_typ_27c_vdd1.62v,s_fixi_a40,A2-fixIc,1stage,10,4,-,-,40,4.608,102.4,typ,27,1.62,3.718470e-03,3.713820e-03,4.652520e-06,0.807,0.6931,0.9269,0.788,4.067320e-03,6.589060e-03,0,0,-3.8806,12.3112,12.4517,-79.0354,-0.0338,14.5851,35.3338,21.5422,1.3636,1.3578,1.3985,1.3985,0.0406,1.4044,1.4044,1.3636,12.4517,5.35485277,1.00326163,0,11,0.637311,-1.00680464,0.99999046,4.731513e+08,63,140,0.84039,1.0,in_box
s_fixi_a40_typ_27c_vdd1.80v,s_fixi_a40,A2-fixIc,1stage,10,4,-,-,40,4.608,102.4,typ,27,1.80,3.748760e-03,3.744070e-03,4.694060e-06,0.8135,0.8578,0.9422,0.788,4.113210e-03,7.403770e-03,0,0,-3.8647,12.3269,12.468,-79.2666,-0.0326,14.6121,35.5162,21.5766,1.362,1.3563,1.3969,1.3969,0.0406,1.4027,1.4027,1.362,12.468,5.28635452,1.00313923,0,11,0.63857,-0.95409227,0.9999905,4.731513e+08,63,140,0.840392,1.0,in_box
s_fixi_a40_typ_27c_vdd1.98v,s_fixi_a40,A2-fixIc,1stage,10,4,-,-,40,4.608,102.4,typ,27,1.98,3.780550e-03,3.775830e-03,4.727530e-06,0.8204,1.0226,0.9574,0.788,4.160540e-03,8.237870e-03,0,0,-3.8519,12.3422,12.4839,-79.4454,-0.0315,14.6365,35.6832,21.6077,1.3602,1.3547,1.3952,1.3952,0.0405,1.4009,1.4009,1.3602,12.4839,5.20593162,1.00302874,0,11,0.639583,-0.88485286,0.99999049,4.731513e+08,62,140,0.84039,1.0,in_box
s_fixi_a40_typ_125c_vdd1.62v,s_fixi_a40,A2-fixIc,1stage,10,4,-,-,40,4.608,102.4,typ,125,1.62,3.580010e-03,3.572520e-03,7.507100e-06,0.7769,0.7933,0.8267,0.685,3.948550e-03,6.396640e-03,0,0,-4.0635,11.5257,11.6352,-77.8125,-0.0354,13.6695,34.2097,20.6101,1.5013,1.4915,1.9385,1.9385,0.447,1.9506,1.9506,1.8971,11.6352,5.39713007,1.00335094,0,11,0.623836,-1.04087499,0.99999348,4.466836e+08,61,140,0.842017,1.0,in_box
s_fixi_a40_typ_125c_vdd1.80v,s_fixi_a40,A2-fixIc,1stage,10,4,-,-,40,4.608,102.4,typ,125,1.80,3.605240e-03,3.597700e-03,7.556820e-06,0.7824,0.958,0.842,0.685,3.989630e-03,7.181330e-03,0,0,-4.0479,11.5466,11.6568,-78.0567,-0.034,13.7008,34.4173,20.6503,1.4991,1.4896,1.9361,1.9361,0.4465,1.9479,1.9479,1.8945,11.6568,5.30656437,1.00320548,0,11,0.62506,-1.0212555,0.99999339,4.466836e+08,61,140,0.842002,1.0,in_box
s_fixi_a40_typ_125c_vdd1.98v,s_fixi_a40,A2-fixIc,1stage,10,4,-,-,40,4.608,102.4,typ,125,1.98,3.636110e-03,3.628500e-03,7.522170e-06,0.7891,1.1226,0.8574,0.6851,4.036150e-03,7.991570e-03,0,0,-4.0364,11.5697,11.6808,-78.2467,-0.0328,13.7317,34.6087,20.6891,1.4963,1.4871,1.933,1.933,0.4459,1.9444,1.9444,1.8911,11.6808,5.20708653,1.00307672,0,11,0.625978,-0.95430888,0.99999335,4.466836e+08,61,140,0.841955,1.0,in_box
s_fixi_a40_bcs_-40c_vdd1.62v,s_fixi_a40,A2-fixIc,1stage,10,4,-,-,40,4.608,102.4,bcs,-40,1.62,3.922810e-03,3.921400e-03,1.413000e-06,0.8513,0.6366,0.9834,0.8476,4.260870e-03,6.902610e-03,0,0,-3.5297,12.8758,13.0392,-82.1232,-0.0261,15.4163,37.2916,22.4413,1.1823,1.1694,0.9636,0.9636,-0.2058,0.9745,0.9745,0.9449,13.0392,5.32901686,1.00259013,0,11,0.664224,-1.07284993,0.99998944,4.731513e+08,64,140,0.840134,1.0,in_box
s_fixi_a40_bcs_-40c_vdd1.80v,s_fixi_a40,A2-fixIc,1stage,10,4,-,-,40,4.608,102.4,bcs,-40,1.80,3.966490e-03,3.965070e-03,1.430690e-06,0.8608,0.8014,0.9986,0.8476,4.320070e-03,7.776130e-03,0,0,-3.5165,12.8882,13.0522,-82.3316,-0.0252,15.4393,37.4589,22.4699,1.1805,1.1675,0.962,0.962,-0.2055,0.973,0.973,0.9434,13.0522,5.26560762,1.0025011,0,11,0.665294,-1.01520317,0.99998959,4.731513e+08,64,140,0.840127,1.0,in_box
s_fixi_a40_bcs_-40c_vdd1.98v,s_fixi_a40,A2-fixIc,1stage,10,4,-,-,40,4.608,102.4,bcs,-40,1.98,4.011960e-03,4.010520e-03,1.445960e-06,0.8707,0.9662,1.0138,0.8476,4.381020e-03,8.674420e-03,0,0,-3.5055,12.9003,13.065,-82.4936,-0.0244,15.4605,37.6129,22.496,1.1786,1.1655,0.9604,0.9604,-0.2052,0.9714,0.9714,0.9419,13.065,5.19187988,1.00242065,0,11,0.666196,-0.94536694,0.99998968,4.731513e+08,63,140,0.840119,1.0,in_box
s_fixi_a40_bcs_27c_vdd1.62v,s_fixi_a40,A2-fixIc,1stage,10,4,-,-,40,4.608,102.4,bcs,27,1.62,3.864660e-03,3.862060e-03,2.600810e-06,0.8387,0.7007,0.9193,0.7822,4.215850e-03,6.829670e-03,0,0,-3.6875,12.4723,12.6179,-81.3593,-0.0268,14.8869,36.6407,21.9043,1.2639,1.2564,1.2944,1.2944,0.038,1.3021,1.3021,1.2639,12.6179,5.33249006,1.00261839,0,11,0.652178,-1.13817788,0.99999049,4.731513e+08,63,140,0.842779,1.0,in_box
s_fixi_a40_bcs_27c_vdd1.80v,s_fixi_a40,A2-fixIc,1stage,10,4,-,-,40,4.608,102.4,bcs,27,1.80,3.899770e-03,3.897140e-03,2.626270e-06,0.8463,0.8655,0.9345,0.7822,4.266560e-03,7.679800e-03,0,0,-3.6739,12.4877,12.634,-81.5755,-0.0258,14.9126,36.8225,21.9362,1.262,1.2545,1.2924,1.2924,0.038,1.3001,1.3001,1.262,12.634,5.25717326,1.00251975,0,11,0.653269,-1.08590016,0.99999053,4.731513e+08,63,140,0.842772,1.0,in_box
s_fixi_a40_bcs_27c_vdd1.98v,s_fixi_a40,A2-fixIc,1stage,10,4,-,-,40,4.608,102.4,bcs,27,1.98,3.936990e-03,3.934340e-03,2.640090e-06,0.8544,1.0302,0.9498,0.7823,4.319310e-03,8.552230e-03,0,0,-3.6628,12.5029,12.6499,-81.7434,-0.025,14.9364,36.9895,21.9656,1.2599,1.2524,1.2903,1.2903,0.0379,1.298,1.298,1.2599,12.6499,5.17267558,1.0024312,0,11,0.654162,-1.0178751,0.99999055,4.731513e+08,64,140,0.842761,1.0,in_box
s_fixi_a40_bcs_125c_vdd1.62v,s_fixi_a40,A2-fixIc,1stage,10,4,-,-,40,4.608,102.4,bcs,125,1.62,3.785240e-03,3.780990e-03,4.257470e-06,0.8214,0.803,0.817,0.6782,4.155300e-03,6.731580e-03,0,0,-3.8421,11.7845,11.9012,-80.2136,-0.0281,14.08,35.625,21.0834,1.396,1.3898,1.8121,1.8121,0.4223,1.8199,1.8199,1.7693,11.9012,5.34927425,1.0026872,0,11,0.640517,-1.26259499,0.99999269,4.731513e+08,63,140,0.84521,1.0,in_box
s_fixi_a40_bcs_125c_vdd1.80v,s_fixi_a40,A2-fixIc,1stage,10,4,-,-,40,4.608,102.4,bcs,125,1.80,3.815260e-03,3.810980e-03,4.283640e-06,0.828,0.9677,0.8323,0.6782,4.201680e-03,7.563020e-03,0,0,-3.8289,11.805,11.9225,-80.4414,-0.027,14.1101,35.8327,21.1209,1.3936,1.3875,1.8093,1.8093,0.4218,1.8168,1.8168,1.7663,11.9225,5.25118995,1.00256989,0,11,0.641575,-1.24492696,0.99999257,4.731513e+08,63,140,0.845187,1.0,in_box
s_fixi_a40_bcs_125c_vdd1.98v,s_fixi_a40,A2-fixIc,1stage,10,4,-,-,40,4.608,102.4,bcs,125,1.98,3.853930e-03,3.849610e-03,4.193460e-06,0.8364,1.1323,0.8477,0.6783,4.256090e-03,8.427060e-03,0,0,-3.8191,11.8294,11.9479,-80.6198,-0.026,14.1418,36.0255,21.1592,1.3903,1.3844,1.8053,1.8053,0.421,1.8127,1.8127,1.7623,11.9479,5.14736807,1.00246688,0,11,0.642378,-1.18280985,0.99999255,4.731513e+08,63,140,0.845133,1.0,in_box
s_fixi_a40_wcs_-40c_vdd1.62v,s_fixi_a40,A2-fixIc,1stage,10,4,-,-,40,4.608,102.4,wcs,-40,1.62,3.696560e-03,3.692190e-03,4.368840e-06,0.8022,0.6228,0.9972,0.8587,4.030020e-03,6.528630e-03,0,0,-3.8672,12.6377,12.7928,-77.7109,-0.0405,14.9243,34.8931,21.8284,1.4015,1.396,1.1554,1.1554,-0.2406,1.1601,1.1601,1.1256,12.7928,5.31748479,1.0039255,0,11,0.63785,-0.87035799,0.99998825,4.466836e+08,62,140,0.836579,1.0,in_box
s_fixi_a40_wcs_-40c_vdd1.80v,s_fixi_a40,A2-fixIc,1stage,10,4,-,-,40,4.608,102.4,wcs,-40,1.80,3.729580e-03,3.725160e-03,4.413710e-06,0.8094,0.7876,1.0124,0.8587,4.078560e-03,7.341400e-03,0,0,-3.8495,12.6507,12.8064,-77.9468,-0.0392,14.95,35.0617,21.8619,1.4003,1.3949,1.1545,1.1545,-0.2404,1.1591,1.1591,1.1245,12.8064,5.26702079,1.0037915,0,11,0.639248,-0.81034256,0.99998845,4.466836e+08,62,140,0.836594,1.0,in_box
s_fixi_a40_wcs_-40c_vdd1.98v,s_fixi_a40,A2-fixIc,1stage,10,4,-,-,40,4.608,102.4,wcs,-40,1.98,3.763590e-03,3.759140e-03,4.458230e-06,0.8168,0.9523,1.0277,0.8587,4.128040e-03,8.173520e-03,0,0,-3.8351,12.6631,12.8193,-78.1284,-0.038,14.9725,35.2164,21.8916,1.399,1.3938,1.1535,1.1535,-0.2402,1.158,1.158,1.1235,12.8193,5.20150162,1.00366917,0,11,0.640388,-0.74030293,0.99998853,4.731513e+08,63,140,0.836608,1.0,in_box
s_fixi_a40_wcs_27c_vdd1.62v,s_fixi_a40,A2-fixIc,1stage,10,4,-,-,40,4.608,102.4,wcs,27,1.62,3.502770e-03,3.495000e-03,7.774570e-06,0.7601,0.6833,0.9367,0.795,3.849700e-03,6.236510e-03,0,0,-4.1011,12.0885,12.2222,-76.8429,-0.0416,14.2141,34.064,21.108,1.4855,1.4778,1.5215,1.5215,0.0436,1.5293,1.5293,1.4855,12.2222,5.37967305,1.00397103,0,11,0.620751,-0.78083724,0.99999119,4.466836e+08,61,140,0.8367,1.0,in_box
s_fixi_a40_wcs_27c_vdd1.80v,s_fixi_a40,A2-fixIc,1stage,10,4,-,-,40,4.608,102.4,wcs,27,1.80,3.527450e-03,3.519630e-03,7.835120e-06,0.7655,0.8481,0.9519,0.795,3.889990e-03,7.001980e-03,0,0,-4.0826,12.1047,12.2388,-77.0892,-0.0401,14.2423,34.2464,21.145,1.4842,1.4767,1.5203,1.5203,0.0436,1.5279,1.5279,1.4842,12.2388,5.31882739,1.00382308,0,11,0.622182,-0.72876838,0.99999127,4.466836e+08,61,140,0.836716,1.0,in_box
s_fixi_a40_wcs_27c_vdd1.98v,s_fixi_a40,A2-fixIc,1stage,10,4,-,-,40,4.608,102.4,wcs,27,1.98,3.553100e-03,3.545220e-03,7.890890e-06,0.7711,1.0128,0.9672,0.795,3.931170e-03,7.783720e-03,0,0,-4.0681,12.1199,12.2547,-77.2783,-0.0388,14.2671,34.4132,21.1776,1.4827,1.4754,1.519,1.519,0.0436,1.5265,1.5265,1.4827,12.2547,5.24300759,1.00368876,0,11,0.623311,-0.66121782,0.99999128,4.466836e+08,60,140,0.83673,1.0,in_box
s_fixi_a40_wcs_125c_vdd1.62v,s_fixi_a40,A2-fixIc,1stage,10,4,-,-,40,4.608,102.4,wcs,125,1.62,3.290470e-03,3.278230e-03,1.228460e-05,0.7141,0.7809,0.8391,0.6931,3.657260e-03,5.924760e-03,0,0,-4.3141,11.1493,11.2487,-75.5622,-0.0436,13.1358,32.7781,20.0109,1.6345,1.6177,2.0942,2.0942,0.4765,2.1149,2.1149,2.058,11.2487,5.49361656,1.00409252,0,11,0.605471,-0.68457354,0.999995,3.981072e+08,58,140,0.837422,1.0,in_box
s_fixi_a40_wcs_125c_vdd1.80v,s_fixi_a40,A2-fixIc,1stage,10,4,-,-,40,4.608,102.4,wcs,125,1.80,3.310400e-03,3.298090e-03,1.235930e-05,0.7184,0.9456,0.8544,0.6932,3.693060e-03,6.647520e-03,0,0,-4.2959,11.1708,11.2708,-75.8234,-0.0419,13.1683,32.9854,20.0539,1.6326,1.6161,2.0923,2.0923,0.4762,2.1125,2.1125,2.0556,11.2708,5.41111201,1.00391665,0,11,0.606861,-0.6634658,0.99999497,3.981072e+08,57,140,0.837419,1.0,in_box
s_fixi_a40_wcs_125c_vdd1.98v,s_fixi_a40,A2-fixIc,1stage,10,4,-,-,40,4.608,102.4,wcs,125,1.98,3.333370e-03,3.320970e-03,1.237820e-05,0.7234,1.1103,0.8697,0.6932,3.731700e-03,7.388760e-03,0,0,-4.2829,11.1929,11.2935,-76.0248,-0.0404,13.1984,33.1751,20.0932,1.6303,1.6142,2.0899,2.0899,0.4757,2.1097,2.1097,2.0528,11.2935,5.31592764,1.00375972,0,11,0.607884,-0.59938875,0.99999491,4.216965e+08,57,140,0.837387,1.0,in_box
s_fixi_a40_sf_-40c_vdd1.62v,s_fixi_a40,A2-fixIc,1stage,10,4,-,-,40,4.608,102.4,sf,-40,1.62,3.833610e-03,3.831040e-03,2.561660e-06,0.8319,0.6306,0.9894,0.8526,4.167620e-03,6.751540e-03,0,0,-3.6895,12.7716,12.9312,-79.8583,-0.0329,15.1877,36.0571,22.1535,1.2823,1.2755,1.0532,1.0532,-0.2223,1.059,1.059,1.0271,12.9312,5.33685468,1.0032269,0,11,0.651609,-1.00115715,0.99998861,4.731513e+08,64,140,0.838875,1.0,in_box
s_fixi_a40_sf_-40c_vdd1.80v,s_fixi_a40,A2-fixIc,1stage,10,4,-,-,40,4.608,102.4,sf,-40,1.80,3.872420e-03,3.869830e-03,2.591150e-06,0.8404,0.7953,1.0047,0.8526,4.221940e-03,7.599490e-03,0,0,-3.6741,12.7843,12.9445,-80.0806,-0.0318,15.212,36.2253,22.1846,1.2808,1.274,1.052,1.052,-0.222,1.0577,1.0577,1.0258,12.9445,5.27949063,1.0031162,0,11,0.652841,-0.94147687,0.99998877,4.731513e+08,63,140,0.838875,1.0,in_box
s_fixi_a40_sf_-40c_vdd1.98v,s_fixi_a40,A2-fixIc,1stage,10,4,-,-,40,4.608,102.4,sf,-40,1.98,3.912620e-03,3.910010e-03,2.619270e-06,0.8491,0.9601,1.0199,0.8526,4.277630e-03,8.469700e-03,0,0,-3.6614,12.7966,12.9574,-80.2526,-0.0308,15.234,36.3799,22.2127,1.2792,1.2724,1.0506,1.0506,-0.2218,1.0564,1.0564,1.0246,12.9574,5.2094679,1.00301566,0,11,0.653864,-0.8713116,0.99998885,4.731513e+08,63,140,0.838876,1.0,in_box
s_fixi_a40_sf_27c_vdd1.62v,s_fixi_a40,A2-fixIc,1stage,10,4,-,-,40,4.608,102.4,sf,27,1.62,3.718060e-03,3.713410e-03,4.652000e-06,0.8069,0.6931,0.9269,0.788,4.065420e-03,6.585980e-03,0,0,-3.8807,12.3111,12.4515,-79.0355,-0.0338,14.5849,35.3336,21.5419,1.3637,1.3579,1.3985,1.3985,0.0406,1.4044,1.4044,1.3637,12.4515,5.35500251,1.00326163,0,11,0.637307,-1.00674482,0.99999046,4.731513e+08,63,140,0.840392,1.0,in_box
s_fixi_a40_sf_27c_vdd1.80v,s_fixi_a40,A2-fixIc,1stage,10,4,-,-,40,4.608,102.4,sf,27,1.80,3.748440e-03,3.743760e-03,4.693670e-06,0.8135,0.8579,0.9422,0.788,4.111400e-03,7.400530e-03,0,0,-3.8647,12.3268,12.4679,-79.2666,-0.0326,14.612,35.516,21.5765,1.362,1.3563,1.3969,1.3969,0.0406,1.4027,1.4027,1.362,12.4679,5.28646291,1.00313922,0,11,0.638567,-0.95404586,0.9999905,4.731513e+08,63,140,0.840393,1.0,in_box
s_fixi_a40_sf_27c_vdd1.98v,s_fixi_a40,A2-fixIc,1stage,10,4,-,-,40,4.608,102.4,sf,27,1.98,3.780300e-03,3.775570e-03,4.727210e-06,0.8204,1.0226,0.9574,0.788,4.158790e-03,8.234400e-03,0,0,-3.852,12.3421,12.4838,-79.4454,-0.0315,14.6364,35.6831,21.6075,1.3603,1.3547,1.3952,1.3952,0.0405,1.4009,1.4009,1.3603,12.4838,5.2060154,1.00302874,0,11,0.639581,-0.88480996,0.99999049,4.731513e+08,62,140,0.840391,1.0,in_box
s_fixi_a40_sf_125c_vdd1.62v,s_fixi_a40,A2-fixIc,1stage,10,4,-,-,40,4.608,102.4,sf,125,1.62,3.579850e-03,3.572360e-03,7.506760e-06,0.7769,0.7933,0.8267,0.685,3.946970e-03,6.394100e-03,0,0,-4.0635,11.5256,11.6351,-77.8125,-0.0354,13.6693,34.2096,20.61,1.5013,1.4915,1.9385,1.9385,0.447,1.9506,1.9506,1.8971,11.6351,5.39720709,1.00335094,0,11,0.623835,-1.0408521,0.99999348,4.466836e+08,61,140,0.842018,1.0,in_box
s_fixi_a40_sf_125c_vdd1.80v,s_fixi_a40,A2-fixIc,1stage,10,4,-,-,40,4.608,102.4,sf,125,1.80,3.605230e-03,3.597690e-03,7.556790e-06,0.7824,0.958,0.842,0.685,3.988190e-03,7.178750e-03,0,0,-4.0479,11.5466,11.6568,-78.0567,-0.034,13.7008,34.4173,20.6503,1.4991,1.4896,1.9361,1.9361,0.4465,1.9479,1.9479,1.8945,11.6568,5.30657088,1.00320548,0,11,0.62506,-1.02125305,0.99999339,4.466836e+08,61,140,0.842002,1.0,in_box
s_fixi_a40_sf_125c_vdd1.98v,s_fixi_a40,A2-fixIc,1stage,10,4,-,-,40,4.608,102.4,sf,125,1.98,3.636180e-03,3.628580e-03,7.522340e-06,0.7891,1.1226,0.8574,0.6851,4.034800e-03,7.988910e-03,0,0,-4.0364,11.5698,11.6808,-78.2467,-0.0328,13.7318,34.6087,20.6892,1.4963,1.4871,1.933,1.933,0.4459,1.9444,1.9444,1.8911,11.6808,5.20705279,1.00307672,0,11,0.625979,-0.95432337,0.99999335,4.466836e+08,61,140,0.841954,1.0,in_box
s_fixi_a40_fs_-40c_vdd1.62v,s_fixi_a40,A2-fixIc,1stage,10,4,-,-,40,4.608,102.4,fs,-40,1.62,3.834890e-03,3.832320e-03,2.562500e-06,0.8322,0.6305,0.9895,0.8526,4.172060e-03,6.758740e-03,0,0,-3.6893,12.7721,12.9316,-79.8582,-0.0329,15.1882,36.0576,22.1541,1.2822,1.2754,1.0531,1.0531,-0.2222,1.059,1.059,1.0271,12.9316,5.33649404,1.00322692,0,11,0.651621,-1.00132658,0.9999886,4.731513e+08,64,140,0.838869,1.0,in_box
s_fixi_a40_fs_-40c_vdd1.80v,s_fixi_a40,A2-fixIc,1stage,10,4,-,-,40,4.608,102.4,fs,-40,1.80,3.873480e-03,3.870890e-03,2.591850e-06,0.8406,0.7953,1.0047,0.8526,4.226180e-03,7.607130e-03,0,0,-3.674,12.7847,12.9449,-80.0805,-0.0318,15.2125,36.2257,22.1851,1.2807,1.2739,1.0519,1.0519,-0.222,1.0577,1.0577,1.0258,12.9449,5.27919414,1.00311621,0,11,0.652852,-0.94163575,0.99998876,4.731513e+08,63,140,0.83887,1.0,in_box
s_fixi_a40_fs_-40c_vdd1.98v,s_fixi_a40,A2-fixIc,1stage,10,4,-,-,40,4.608,102.4,fs,-40,1.98,3.913600e-03,3.910980e-03,2.619920e-06,0.8493,0.9601,1.0199,0.8526,4.281780e-03,8.477920e-03,0,0,-3.6613,12.7969,12.9577,-80.2526,-0.0308,15.2344,36.3802,22.2131,1.2792,1.2724,1.0506,1.0506,-0.2218,1.0563,1.0563,1.0245,12.9577,5.20921678,1.00301567,0,11,0.653874,-0.8714656,0.99998885,4.731513e+08,63,140,0.838871,1.0,in_box
s_fixi_a40_fs_27c_vdd1.62v,s_fixi_a40,A2-fixIc,1stage,10,4,-,-,40,4.608,102.4,fs,27,1.62,3.719030e-03,3.714380e-03,4.653220e-06,0.8071,0.6931,0.9269,0.788,4.069470e-03,6.592550e-03,0,0,-3.8806,12.3115,12.452,-79.0354,-0.0338,14.5855,35.3342,21.5425,1.3636,1.3578,1.3984,1.3984,0.0406,1.4044,1.4044,1.3636,12.452,5.35464848,1.00326164,0,11,0.637316,-1.00688601,0.99999045,4.731513e+08,63,140,0.840387,1.0,in_box
s_fixi_a40_fs_27c_vdd1.80v,s_fixi_a40,A2-fixIc,1stage,10,4,-,-,40,4.608,102.4,fs,27,1.80,3.749150e-03,3.744460e-03,4.694560e-06,0.8136,0.8578,0.9422,0.788,4.115200e-03,7.407370e-03,0,0,-3.8646,12.3271,12.4682,-79.2666,-0.0326,14.6124,35.5164,21.5769,1.362,1.3563,1.3969,1.3969,0.0406,1.4027,1.4027,1.362,12.4682,5.28621677,1.00313924,0,11,0.638574,-0.954151,0.9999905,4.731513e+08,63,140,0.84039,1.0,in_box
s_fixi_a40_fs_27c_vdd1.98v,s_fixi_a40,A2-fixIc,1stage,10,4,-,-,40,4.608,102.4,fs,27,1.98,3.780870e-03,3.776140e-03,4.727930e-06,0.8205,1.0226,0.9574,0.788,4.162460e-03,8.241670e-03,0,0,-3.8519,12.3423,12.4841,-79.4453,-0.0315,14.6367,35.6834,21.6079,1.3602,1.3546,1.3952,1.3952,0.0405,1.4009,1.4009,1.3602,12.4841,5.205826,1.00302874,0,11,0.639586,-0.88490659,0.99999049,4.731513e+08,62,140,0.840389,1.0,in_box
s_fixi_a40_fs_125c_vdd1.62v,s_fixi_a40,A2-fixIc,1stage,10,4,-,-,40,4.608,102.4,fs,125,1.62,3.580420e-03,3.572930e-03,7.507980e-06,0.777,0.7933,0.8267,0.685,3.950480e-03,6.399770e-03,0,0,-4.0635,11.526,11.6356,-77.8124,-0.0354,13.6698,34.21,20.6104,1.5012,1.4915,1.9384,1.9384,0.447,1.9505,1.9505,1.897,11.6356,5.39693287,1.00335094,0,11,0.623837,-1.04093431,0.99999348,4.466836e+08,61,140,0.842015,1.0,in_box
s_fixi_a40_fs_125c_vdd1.80v,s_fixi_a40,A2-fixIc,1stage,10,4,-,-,40,4.608,102.4,fs,125,1.80,3.605380e-03,3.597840e-03,7.557110e-06,0.7824,0.958,0.842,0.685,3.991290e-03,7.184330e-03,0,0,-4.0479,11.5467,11.6569,-78.0567,-0.034,13.7009,34.4174,20.6504,1.4991,1.4896,1.9361,1.9361,0.4465,1.9479,1.9479,1.8944,11.6569,5.30650073,1.00320548,0,11,0.625061,-1.02127821,0.99999339,4.466836e+08,61,140,0.842002,1.0,in_box
s_fixi_a40_fs_125c_vdd1.98v,s_fixi_a40,A2-fixIc,1stage,10,4,-,-,40,4.608,102.4,fs,125,1.98,3.636130e-03,3.628520e-03,7.522220e-06,0.7891,1.1226,0.8574,0.6851,4.037700e-03,7.994640e-03,0,0,-4.0364,11.5697,11.6808,-78.2467,-0.0328,13.7317,34.6087,20.6891,1.4963,1.4871,1.933,1.933,0.4459,1.9444,1.9444,1.8911,11.6808,5.20707749,1.00307672,0,11,0.625978,-0.95431241,0.99999335,4.466836e+08,61,140,0.841955,1.0,in_box
s_fixi_a80_typ_-40c_vdd1.62v,s_fixi_a80,A2-fixIc,1stage,10,8,-,-,80,9.216,51.2,typ,-40,1.62,3.740980e-03,3.738450e-03,2.540330e-06,0.4059,0.6465,0.9735,0.8365,4.025390e-03,6.521130e-03,0,0,-4.4749,12.8737,13.0323,-70.6708,-0.0732,14.7826,32.2028,21.3047,1.0904,1.0443,0.8584,0.8584,-0.1859,0.8971,0.8971,0.8696,13.0323,4.69520539,1.00725384,0,11,0.593176,-0.41925185,0.99995269,5.011872e+08,70,140,0.847035,1.0,in_box
s_fixi_a80_typ_-40c_vdd1.80v,s_fixi_a80,A2-fixIc,1stage,10,8,-,-,80,9.216,51.2,typ,-40,1.80,3.763780e-03,3.761230e-03,2.556020e-06,0.4084,0.8113,0.9887,0.8365,4.063670e-03,7.314600e-03,0,0,-4.4529,12.8844,13.0434,-70.873,-0.0708,14.8056,32.3696,21.3408,1.0889,1.043,0.8573,0.8573,-0.1857,0.8959,0.8959,0.8684,13.0434,4.63765749,1.00700196,0,11,0.594824,-0.3663609,0.99995333,5.011872e+08,70,140,0.847024,1.0,in_box
s_fixi_a80_typ_-40c_vdd1.98v,s_fixi_a80,A2-fixIc,1stage,10,8,-,-,80,9.216,51.2,typ,-40,1.98,3.787720e-03,3.785150e-03,2.567990e-06,0.411,0.9762,1.0038,0.8365,4.103040e-03,8.124020e-03,0,0,-4.4346,12.8945,13.0538,-71.0317,-0.0687,14.8261,32.5223,21.3729,1.0875,1.0416,0.8562,0.8562,-0.1855,0.8947,0.8947,0.8673,13.0538,4.57309372,1.00677468,0,11,0.596217,-0.31859605,0.99995371,5.011872e+08,70,140,0.847016,1.0,in_box
s_fixi_a80_typ_27c_vdd1.62v,s_fixi_a80,A2-fixIc,1stage,10,8,-,-,80,9.216,51.2,typ,27,1.62,3.553470e-03,3.548990e-03,4.490380e-06,0.3856,0.7141,0.9059,0.767,3.851140e-03,6.238850e-03,0,0,-4.8619,12.2999,12.4401,-70.3067,-0.0752,14.0013,31.3044,20.5071,1.1862,1.151,1.1862,1.1862,0.0352,1.2224,1.2224,1.1862,12.4401,5.06039341,1.00740816,0,11,0.567061,-0.38843964,0.99995657,5.308844e+08,69,140,0.84685,1.0,in_box
s_fixi_a80_typ_27c_vdd1.80v,s_fixi_a80,A2-fixIc,1stage,10,8,-,-,80,9.216,51.2,typ,27,1.80,3.570940e-03,3.566430e-03,4.510930e-06,0.3875,0.8789,0.9211,0.767,3.884170e-03,6.991510e-03,0,0,-4.8387,12.3141,12.4546,-70.5118,-0.0725,14.0269,31.4849,20.5471,1.1844,1.1495,1.1847,1.1847,0.0352,1.2206,1.2206,1.1844,12.4546,4.98518685,1.00712809,0,11,0.568744,-0.34406453,0.99995678,5.308844e+08,69,140,0.846838,1.0,in_box
s_fixi_a80_typ_27c_vdd1.98v,s_fixi_a80,A2-fixIc,1stage,10,8,-,-,80,9.216,51.2,typ,27,1.98,3.590870e-03,3.586350e-03,4.515050e-06,0.3896,1.0437,0.9362,0.767,3.919590e-03,7.760790e-03,0,0,-4.8193,12.3281,12.469,-70.6731,-0.0702,14.0505,31.6503,20.5835,1.1826,1.1478,1.1829,1.1829,0.0352,1.2187,1.2187,1.1826,12.469,4.90383601,1.00687739,0,11,0.570154,-0.28926111,0.99995678,5.308844e+08,69,140,0.846829,1.0,in_box
s_fixi_a80_typ_125c_vdd1.62v,s_fixi_a80,A2-fixIc,1stage,10,8,-,-,80,9.216,51.2,typ,125,1.62,3.336210e-03,3.329230e-03,6.990850e-06,0.362,0.8223,0.7977,0.6563,3.653710e-03,5.919010e-03,0,0,-5.2,11.3378,11.4481,-69.6517,-0.0788,12.873,29.971,19.3487,1.3444,1.3163,1.7204,1.7204,0.4041,1.7555,1.7555,1.7064,11.4481,5.56256737,1.00772416,0,11,0.544974,-0.37278609,0.99996783,5.308844e+08,67,140,0.846884,1.0,in_box
s_fixi_a80_typ_125c_vdd1.80v,s_fixi_a80,A2-fixIc,1stage,10,8,-,-,80,9.216,51.2,typ,125,1.80,3.352610e-03,3.345610e-03,7.002880e-06,0.3638,0.9871,0.8129,0.6564,3.685880e-03,6.634580e-03,0,0,-5.1773,11.3593,11.4698,-69.8609,-0.0756,12.9045,30.1776,19.3971,1.3416,1.3139,1.7174,1.7174,0.4035,1.752,1.752,1.703,11.4698,5.45240899,1.00738903,0,11,0.546588,-0.32991572,0.99996744,5.308844e+08,68,140,0.846853,1.0,in_box
s_fixi_a80_typ_125c_vdd1.98v,s_fixi_a80,A2-fixIc,1stage,10,8,-,-,80,9.216,51.2,typ,125,1.98,3.385220e-03,3.378150e-03,6.859810e-06,0.3673,1.1517,0.8283,0.6566,3.734080e-03,7.393470e-03,0,0,-5.1578,11.3928,11.5042,-70.0257,-0.0729,12.947,30.3785,19.4546,1.3368,1.3094,1.7118,1.7118,0.4024,1.746,1.746,1.6971,11.5042,5.33370467,1.00709495,0,11,0.547992,-0.18791297,0.99996714,5.308844e+08,67,140,0.846807,1.0,in_box
s_fixi_a80_bcs_-40c_vdd1.62v,s_fixi_a80,A2-fixIc,1stage,10,8,-,-,80,9.216,51.2,bcs,-40,1.62,3.875350e-03,3.873930e-03,1.418360e-06,0.4205,0.6518,0.9682,0.8321,4.162530e-03,6.743290e-03,0,0,-4.1884,12.9953,13.1565,-72.4813,-0.0578,15.0728,33.5123,21.7079,1.0277,0.973,0.7986,0.7986,-0.1743,0.8445,0.8445,0.8185,13.1565,4.41190163,1.00572818,0,11,0.614054,-0.49723882,0.99995755,5.308844e+08,70,140,0.848786,1.0,in_box
s_fixi_a80_bcs_-40c_vdd1.80v,s_fixi_a80,A2-fixIc,1stage,10,8,-,-,80,9.216,51.2,bcs,-40,1.80,3.901230e-03,3.899810e-03,1.427810e-06,0.4233,0.8167,0.9833,0.8321,4.203890e-03,7.567010e-03,0,0,-4.1694,13.0048,13.1665,-72.6726,-0.0559,15.0942,33.6779,21.7402,1.0263,0.9715,0.7974,0.7974,-0.1741,0.8433,0.8433,0.8173,13.1665,4.35466131,1.00552868,0,11,0.615519,-0.43784762,0.99995803,5.308844e+08,70,140,0.848773,1.0,in_box
s_fixi_a80_bcs_-40c_vdd1.98v,s_fixi_a80,A2-fixIc,1stage,10,8,-,-,80,9.216,51.2,bcs,-40,1.98,3.928550e-03,3.927120e-03,1.432310e-06,0.4263,0.9816,0.9984,0.8321,4.246660e-03,8.408380e-03,0,0,-4.1533,13.0141,13.1761,-72.8231,-0.0542,15.1136,33.8297,21.7694,1.0248,0.9699,0.7961,0.7961,-0.1738,0.8421,0.8421,0.8161,13.1761,4.29215938,1.00534907,0,11,0.61677,-0.38093709,0.99995832,5.308844e+08,69,140,0.848763,1.0,in_box
s_fixi_a80_bcs_27c_vdd1.62v,s_fixi_a80,A2-fixIc,1stage,10,8,-,-,80,9.216,51.2,bcs,27,1.62,3.766180e-03,3.763630e-03,2.558730e-06,0.4087,0.7207,0.8993,0.7621,4.066490e-03,6.587720e-03,0,0,-4.5035,12.5158,12.6602,-72.1389,-0.0594,14.4041,32.7256,21.0252,1.1149,1.0757,1.1089,1.1089,0.0332,1.1492,1.1492,1.1149,12.6602,4.69770287,1.00584324,0,11,0.591978,-0.51934855,0.99995848,5.308844e+08,70,140,0.849401,1.0,in_box
s_fixi_a80_bcs_27c_vdd1.80v,s_fixi_a80,A2-fixIc,1stage,10,8,-,-,80,9.216,51.2,bcs,27,1.80,3.786900e-03,3.784330e-03,2.571090e-06,0.4109,0.8855,0.9145,0.7621,4.102770e-03,7.384990e-03,0,0,-4.4832,12.5284,12.6733,-72.3329,-0.0573,14.428,32.9049,21.0611,1.1132,1.0741,1.1073,1.1073,0.0332,1.1474,1.1474,1.1132,12.6733,4.62431887,1.00562144,0,11,0.593492,-0.45842376,0.99995871,5.308844e+08,70,140,0.849388,1.0,in_box
s_fixi_a80_bcs_27c_vdd1.98v,s_fixi_a80,A2-fixIc,1stage,10,8,-,-,80,9.216,51.2,bcs,27,1.98,3.811010e-03,3.808430e-03,2.561410e-06,0.4135,1.0504,0.9296,0.7622,4.142370e-03,8.201890e-03,0,0,-4.4661,12.5414,12.6868,-72.4857,-0.0554,14.4507,33.0698,21.0946,1.1113,1.0722,1.1053,1.1053,0.0331,1.1455,1.1455,1.1113,12.6868,4.54666287,1.00542341,0,11,0.594784,-0.38214465,0.99995877,5.623413e+08,69,140,0.849378,1.0,in_box
s_fixi_a80_bcs_125c_vdd1.62v,s_fixi_a80,A2-fixIc,1stage,10,8,-,-,80,9.216,51.2,bcs,125,1.62,3.627500e-03,3.623430e-03,4.074960e-06,0.3936,0.8304,0.7896,0.6509,3.947490e-03,6.394930e-03,0,0,-4.8029,11.7157,11.8328,-71.5306,-0.0622,13.4381,31.5549,20.0331,1.2546,1.2286,1.6104,1.6104,0.3818,1.6431,1.6431,1.5966,11.8328,5.08929185,1.00607564,0,11,0.571585,-0.57904076,0.99996554,5.308844e+08,68,140,0.849891,1.0,in_box
s_fixi_a80_bcs_125c_vdd1.80v,s_fixi_a80,A2-fixIc,1stage,10,8,-,-,80,9.216,51.2,bcs,125,1.80,3.648000e-03,3.643910e-03,4.068920e-06,0.3958,0.9952,0.8048,0.6509,3.983730e-03,7.170720e-03,0,0,-4.7825,11.7352,11.8528,-71.7284,-0.0597,13.468,31.7606,20.0772,1.252,1.2262,1.6074,1.6074,0.3812,1.6398,1.6398,1.5934,11.8528,4.98452914,1.00581075,0,11,0.573081,-0.50944063,0.99996516,5.623413e+08,69,140,0.849859,1.0,in_box
s_fixi_a80_bcs_125c_vdd1.98v,s_fixi_a80,A2-fixIc,1stage,10,8,-,-,80,9.216,51.2,bcs,125,1.98,3.692140e-03,3.688000e-03,3.851850e-06,0.4006,1.1597,0.8203,0.6512,4.043470e-03,8.006080e-03,0,0,-4.7634,11.7702,11.8889,-71.8843,-0.0575,13.5129,31.9641,20.1348,1.2467,1.2209,1.6007,1.6007,0.3798,1.6332,1.6332,1.5869,11.8889,4.8723956,1.00557972,0,11,0.574484,-0.27553575,0.99996496,5.623413e+08,68,140,0.849833,1.0,in_box
s_fixi_a80_wcs_-40c_vdd1.62v,s_fixi_a80,A2-fixIc,1stage,10,8,-,-,80,9.216,51.2,wcs,-40,1.62,3.539510e-03,3.535260e-03,4.255350e-06,0.3841,0.6396,0.9804,0.8418,3.821520e-03,6.190870e-03,0,0,-4.8043,12.7028,12.858,-68.9709,-0.0906,14.4378,30.9439,20.8427,1.1697,1.131,0.9313,0.9313,-0.1997,0.9638,0.9638,0.9345,12.858,4.98303336,1.00896689,0,11,0.570041,-0.32308246,0.99994909,5.011872e+08,69,140,0.844299,1.0,in_box
s_fixi_a80_wcs_-40c_vdd1.80v,s_fixi_a80,A2-fixIc,1stage,10,8,-,-,80,9.216,51.2,wcs,-40,1.80,3.558590e-03,3.554320e-03,4.278700e-06,0.3861,0.8044,0.9956,0.8418,3.856090e-03,6.940960e-03,0,0,-4.7793,12.7149,12.8705,-69.1835,-0.0876,14.4624,31.1117,20.8825,1.1682,1.1298,0.9303,0.9303,-0.1995,0.9626,0.9626,0.9333,12.8705,4.92588982,1.00865691,0,11,0.571859,-0.28198639,0.9999498,5.011872e+08,69,140,0.844293,1.0,in_box
s_fixi_a80_wcs_-40c_vdd1.98v,s_fixi_a80,A2-fixIc,1stage,10,8,-,-,80,9.216,51.2,wcs,-40,1.98,3.578490e-03,3.574190e-03,4.299570e-06,0.3883,0.9693,1.0107,0.8418,3.891410e-03,7.705000e-03,0,0,-4.7588,12.726,12.8819,-69.3496,-0.0849,14.4838,31.2649,20.9176,1.1667,1.1286,0.9293,0.9293,-0.1993,0.9614,0.9614,0.9321,12.8819,4.85978728,1.00837658,0,11,0.573374,-0.24506255,0.99995016,5.011872e+08,70,140,0.84429,1.0,in_box
s_fixi_a80_wcs_27c_vdd1.62v,s_fixi_a80,A2-fixIc,1stage,10,8,-,-,80,9.216,51.2,wcs,27,1.62,3.254470e-03,3.247190e-03,7.305830e-06,0.3531,0.7056,0.9144,0.7729,3.549870e-03,5.750790e-03,0,0,-5.2778,11.9827,12.1166,-68.5956,-0.0929,13.4932,29.8848,19.8798,1.2806,1.2478,1.2856,1.2856,0.0378,1.3192,1.3192,1.2806,12.1166,5.47085239,1.00917514,0,11,0.539449,-0.25111329,0.99995776,5.011872e+08,68,140,0.84317,1.0,in_box
s_fixi_a80_wcs_27c_vdd1.80v,s_fixi_a80,A2-fixIc,1stage,10,8,-,-,80,9.216,51.2,wcs,27,1.80,3.268240e-03,3.260930e-03,7.335010e-06,0.3546,0.8705,0.9295,0.7729,3.579210e-03,6.442570e-03,0,0,-5.2517,11.9989,12.1331,-68.8114,-0.0897,13.5206,30.0663,19.924,1.2787,1.2464,1.2841,1.2841,0.0378,1.3173,1.3173,1.2787,12.1331,5.39410417,1.00883017,0,11,0.541267,-0.22671449,0.99995807,5.011872e+08,68,140,0.843163,1.0,in_box
s_fixi_a80_wcs_27c_vdd1.98v,s_fixi_a80,A2-fixIc,1stage,10,8,-,-,80,9.216,51.2,wcs,27,1.98,3.283620e-03,3.276270e-03,7.353230e-06,0.3563,1.0354,0.9446,0.7729,3.610070e-03,7.147940e-03,0,0,-5.2305,12.0141,12.1487,-68.9803,-0.0868,13.545,30.232,19.9633,1.2768,1.2448,1.2825,1.2825,0.0377,1.3153,1.3153,1.2768,12.1487,5.30901765,1.00852065,0,11,0.54276,-0.19022028,0.99995796,5.308844e+08,69,140,0.843156,1.0,in_box
s_fixi_a80_wcs_125c_vdd1.62v,s_fixi_a80,A2-fixIc,1stage,10,8,-,-,80,9.216,51.2,wcs,125,1.62,2.951280e-03,2.940300e-03,1.102710e-05,0.3202,0.8122,0.8078,0.6629,3.267450e-03,5.293260e-03,0,0,-5.6251,10.7687,10.8689,-67.9033,-0.0974,12.1278,28.3141,18.4801,1.4698,1.4365,1.8702,1.8702,0.4337,1.9116,1.9116,1.8589,10.8689,6.15271927,1.00960859,0,11,0.517738,-0.19596844,0.99997378,4.731513e+08,66,140,0.842809,1.0,in_box
s_fixi_a80_wcs_125c_vdd1.80v,s_fixi_a80,A2-fixIc,1stage,10,8,-,-,80,9.216,51.2,wcs,125,1.80,2.963570e-03,2.952540e-03,1.105600e-05,0.3216,0.977,0.823,0.6629,3.294700e-03,5.930460e-03,0,0,-5.601,10.7931,10.8934,-68.123,-0.0935,12.1614,28.5219,18.5334,1.4666,1.4339,1.867,1.867,0.4331,1.9076,1.9076,1.8551,10.8934,6.03591641,1.00919458,0,11,0.519404,-0.17794453,0.99997357,5.011872e+08,66,140,0.842781,1.0,in_box
s_fixi_a80_wcs_125c_vdd1.98v,s_fixi_a80,A2-fixIc,1stage,10,8,-,-,80,9.216,51.2,wcs,125,1.98,2.985540e-03,2.974440e-03,1.098150e-05,0.324,1.1417,0.8383,0.6631,3.329480e-03,6.592370e-03,0,0,-5.5821,10.8255,10.9263,-68.2958,-0.0901,12.2013,28.7198,18.5908,1.462,1.43,1.8621,1.8621,0.4321,1.9019,1.9019,1.8495,10.9263,5.90959691,1.00882952,0,11,0.520741,-0.0966543,0.99997316,5.011872e+08,65,140,0.842727,1.0,in_box
s_fixi_a80_sf_-40c_vdd1.62v,s_fixi_a80,A2-fixIc,1stage,10,8,-,-,80,9.216,51.2,sf,-40,1.62,3.740820e-03,3.738290e-03,2.540220e-06,0.4059,0.6465,0.9735,0.8365,4.023710e-03,6.518410e-03,0,0,-4.4749,12.8736,13.0322,-70.6708,-0.0732,14.7825,32.2027,21.3046,1.0904,1.0443,0.8584,0.8584,-0.1859,0.8971,0.8971,0.8696,13.0322,4.6952623,1.00725383,0,11,0.593173,-0.41923454,0.99995269,5.011872e+08,70,140,0.847035,1.0,in_box
s_fixi_a80_sf_-40c_vdd1.80v,s_fixi_a80,A2-fixIc,1stage,10,8,-,-,80,9.216,51.2,sf,-40,1.80,3.763630e-03,3.761090e-03,2.555920e-06,0.4084,0.8113,0.9887,0.8365,4.062000e-03,7.311600e-03,0,0,-4.453,12.8844,13.0434,-70.873,-0.0708,14.8056,32.3695,21.3407,1.0889,1.043,0.8573,0.8573,-0.1857,0.8959,0.8959,0.8684,13.0434,4.63768109,1.00700196,0,11,0.594822,-0.3663438,0.99995333,5.011872e+08,70,140,0.847024,1.0,in_box
s_fixi_a80_sf_-40c_vdd1.98v,s_fixi_a80,A2-fixIc,1stage,10,8,-,-,80,9.216,51.2,sf,-40,1.98,3.787700e-03,3.785140e-03,2.567980e-06,0.411,0.9762,1.0038,0.8365,4.101490e-03,8.120960e-03,0,0,-4.4346,12.8945,13.0538,-71.0317,-0.0687,14.8261,32.5223,21.3729,1.0875,1.0416,0.8562,0.8562,-0.1855,0.8947,0.8947,0.8673,13.0538,4.57309917,1.00677468,0,11,0.596216,-0.31859424,0.99995371,5.011872e+08,70,140,0.847016,1.0,in_box
s_fixi_a80_sf_27c_vdd1.62v,s_fixi_a80,A2-fixIc,1stage,10,8,-,-,80,9.216,51.2,sf,27,1.62,3.553430e-03,3.548940e-03,4.490330e-06,0.3856,0.7141,0.9059,0.767,3.849620e-03,6.236390e-03,0,0,-4.862,12.2999,12.4401,-70.3067,-0.0752,14.0012,31.3043,20.5071,1.1862,1.151,1.1862,1.1862,0.0352,1.2224,1.2224,1.1862,12.4401,5.06041453,1.00740816,0,11,0.56706,-0.38842638,0.99995657,5.308844e+08,69,140,0.84685,1.0,in_box
s_fixi_a80_sf_27c_vdd1.80v,s_fixi_a80,A2-fixIc,1stage,10,8,-,-,80,9.216,51.2,sf,27,1.80,3.571000e-03,3.566490e-03,4.511000e-06,0.3875,0.8789,0.9211,0.767,3.882750e-03,6.988940e-03,0,0,-4.8386,12.3141,12.4547,-70.5118,-0.0725,14.0269,31.4849,20.5471,1.1844,1.1495,1.1847,1.1847,0.0352,1.2206,1.2206,1.1844,12.4547,4.98515974,1.00712809,0,11,0.568745,-0.34407139,0.99995678,5.308844e+08,69,140,0.846838,1.0,in_box
s_fixi_a80_sf_27c_vdd1.98v,s_fixi_a80,A2-fixIc,1stage,10,8,-,-,80,9.216,51.2,sf,27,1.98,3.590990e-03,3.586460e-03,4.515190e-06,0.3896,1.0437,0.9362,0.767,3.918220e-03,7.758080e-03,0,0,-4.8193,12.3281,12.4691,-70.6731,-0.0702,14.0506,31.6504,20.5836,1.1826,1.1477,1.1829,1.1829,0.0352,1.2187,1.2187,1.1826,12.4691,4.90378204,1.00687739,0,11,0.570157,-0.28927446,0.99995678,5.308844e+08,69,140,0.846828,1.0,in_box
s_fixi_a80_sf_125c_vdd1.62v,s_fixi_a80,A2-fixIc,1stage,10,8,-,-,80,9.216,51.2,sf,125,1.62,3.336330e-03,3.329360e-03,6.991100e-06,0.362,0.8223,0.7977,0.6563,3.652430e-03,5.916930e-03,0,0,-5.1999,11.3379,11.4482,-69.6516,-0.0788,12.8732,29.9711,19.3488,1.3444,1.3163,1.7204,1.7204,0.4041,1.7555,1.7555,1.7064,11.4482,5.5624853,1.00772416,0,11,0.544975,-0.37279604,0.99996783,5.308844e+08,67,140,0.846884,1.0,in_box
s_fixi_a80_sf_125c_vdd1.80v,s_fixi_a80,A2-fixIc,1stage,10,8,-,-,80,9.216,51.2,sf,125,1.80,3.352880e-03,3.345870e-03,7.003430e-06,0.3638,0.9871,0.8129,0.6564,3.684730e-03,6.632510e-03,0,0,-5.1773,11.3595,11.4701,-69.8608,-0.0756,12.9048,30.1779,19.3974,1.3416,1.3139,1.7174,1.7174,0.4035,1.7519,1.7519,1.7029,11.4701,5.4522414,1.00738904,0,11,0.546591,-0.32994951,0.99996744,5.308844e+08,68,140,0.846852,1.0,in_box
s_fixi_a80_sf_125c_vdd1.98v,s_fixi_a80,A2-fixIc,1stage,10,8,-,-,80,9.216,51.2,sf,125,1.98,3.385590e-03,3.378510e-03,6.860570e-06,0.3674,1.1517,0.8283,0.6566,3.733040e-03,7.391410e-03,0,0,-5.1577,11.3931,11.5045,-70.0256,-0.0729,12.9473,30.3789,19.4549,1.3367,1.3094,1.7117,1.7117,0.4023,1.7459,1.7459,1.697,11.5045,5.33348327,1.00709496,0,11,0.547995,-0.18795385,0.99996713,5.308844e+08,67,140,0.846806,1.0,in_box
s_fixi_a80_fs_-40c_vdd1.62v,s_fixi_a80,A2-fixIc,1stage,10,8,-,-,80,9.216,51.2,fs,-40,1.62,3.741220e-03,3.738690e-03,2.540490e-06,0.4059,0.6465,0.9735,0.8365,4.027250e-03,6.524140e-03,0,0,-4.4748,12.8738,13.0324,-70.6707,-0.0732,14.7827,32.2029,21.3049,1.0904,1.0443,0.8584,0.8584,-0.1859,0.8971,0.8971,0.8696,13.0324,4.69512221,1.00725384,0,11,0.59318,-0.41927667,0.99995269,5.011872e+08,70,140,0.847034,1.0,in_box
s_fixi_a80_fs_-40c_vdd1.80v,s_fixi_a80,A2-fixIc,1stage,10,8,-,-,80,9.216,51.2,fs,-40,1.80,3.763820e-03,3.761270e-03,2.556040e-06,0.4084,0.8113,0.9887,0.8365,4.065340e-03,7.317610e-03,0,0,-4.4529,12.8844,13.0434,-70.873,-0.0708,14.8057,32.3696,21.3408,1.0889,1.043,0.8573,0.8573,-0.1857,0.8959,0.8959,0.8684,13.0434,4.63761909,1.00700196,0,11,0.594826,-0.36636767,0.99995333,5.011872e+08,70,140,0.847023,1.0,in_box
s_fixi_a80_fs_-40c_vdd1.98v,s_fixi_a80,A2-fixIc,1stage,10,8,-,-,80,9.216,51.2,fs,-40,1.98,3.787780e-03,3.785220e-03,2.568030e-06,0.411,0.9762,1.0038,0.8365,4.104740e-03,8.127390e-03,0,0,-4.4346,12.8945,13.0538,-71.0317,-0.0687,14.8261,32.5223,21.373,1.0875,1.0416,0.8562,0.8562,-0.1855,0.8947,0.8947,0.8673,13.0538,4.57307044,1.00677468,0,11,0.596218,-0.31860413,0.99995371,5.011872e+08,70,140,0.847016,1.0,in_box
s_fixi_a80_fs_27c_vdd1.62v,s_fixi_a80,A2-fixIc,1stage,10,8,-,-,80,9.216,51.2,fs,27,1.62,3.553660e-03,3.549170e-03,4.490610e-06,0.3856,0.7141,0.9059,0.767,3.852910e-03,6.241710e-03,0,0,-4.8619,12.3001,12.4402,-70.3066,-0.0752,14.0014,31.3045,20.5072,1.1862,1.1509,1.1862,1.1862,0.0352,1.2224,1.2224,1.1862,12.4402,5.06030218,1.00740816,0,11,0.567064,-0.38845092,0.99995657,5.308844e+08,69,140,0.846849,1.0,in_box
s_fixi_a80_fs_27c_vdd1.80v,s_fixi_a80,A2-fixIc,1stage,10,8,-,-,80,9.216,51.2,fs,27,1.80,3.570960e-03,3.566460e-03,4.510960e-06,0.3875,0.8789,0.9211,0.767,3.885780e-03,6.994410e-03,0,0,-4.8386,12.3141,12.4547,-70.5118,-0.0725,14.0269,31.4849,20.5471,1.1844,1.1495,1.1847,1.1847,0.0352,1.2206,1.2206,1.1844,12.4547,4.98517608,1.00712809,0,11,0.568744,-0.34406773,0.99995678,5.308844e+08,69,140,0.846838,1.0,in_box
s_fixi_a80_fs_27c_vdd1.98v,s_fixi_a80,A2-fixIc,1stage,10,8,-,-,80,9.216,51.2,fs,27,1.98,3.590820e-03,3.586290e-03,4.514980e-06,0.3896,1.0437,0.9362,0.767,3.921130e-03,7.763840e-03,0,0,-4.8194,12.328,12.469,-70.6732,-0.0702,14.0504,31.6503,20.5835,1.1826,1.1478,1.1829,1.1829,0.0352,1.2187,1.2187,1.1826,12.469,4.90386182,1.00687738,0,11,0.570153,-0.28925442,0.99995678,5.308844e+08,69,140,0.846829,1.0,in_box
s_fixi_a80_fs_125c_vdd1.62v,s_fixi_a80,A2-fixIc,1stage,10,8,-,-,80,9.216,51.2,fs,125,1.62,3.336320e-03,3.329340e-03,6.991080e-06,0.362,0.8223,0.7977,0.6563,3.655330e-03,5.921630e-03,0,0,-5.1999,11.3379,11.4482,-69.6517,-0.0788,12.8731,29.9711,19.3488,1.3444,1.3163,1.7204,1.7204,0.4041,1.7555,1.7555,1.7064,11.4482,5.56249398,1.00772416,0,11,0.544975,-0.37279695,0.99996783,5.308844e+08,67,140,0.846883,1.0,in_box
s_fixi_a80_fs_125c_vdd1.80v,s_fixi_a80,A2-fixIc,1stage,10,8,-,-,80,9.216,51.2,fs,125,1.80,3.352470e-03,3.345460e-03,7.002570e-06,0.3638,0.9871,0.8129,0.6564,3.687260e-03,6.637070e-03,0,0,-5.1773,11.3591,11.4697,-69.8609,-0.0756,12.9044,30.1775,19.397,1.3416,1.314,1.7175,1.7175,0.4035,1.752,1.752,1.703,11.4697,5.45250343,1.00738903,0,11,0.546587,-0.32989682,0.99996744,5.308844e+08,68,140,0.846853,1.0,in_box
s_fixi_a80_fs_125c_vdd1.98v,s_fixi_a80,A2-fixIc,1stage,10,8,-,-,80,9.216,51.2,fs,125,1.98,3.384960e-03,3.377890e-03,6.859270e-06,0.3673,1.1517,0.8283,0.6566,3.735340e-03,7.395980e-03,0,0,-5.1578,11.3926,11.5039,-70.0257,-0.0729,12.9467,30.3783,19.4543,1.3368,1.3095,1.7118,1.7118,0.4024,1.746,1.746,1.6971,11.5039,5.33386279,1.00709495,0,11,0.547989,-0.18788398,0.99996714,5.308844e+08,67,140,0.846808,1.0,in_box
t_equal_typ_-40c_vdd1.62v,t_equal,B-2stage,2stage,8,1,8,1,8,0.9216,273,typ,-40,1.62,2.094820e-03,2.094820e-03,1.423960e-06,2.273,0.6053,1.0147,0.8784,4.695520e-03,7.606750e-03,0,0,-3.0184,22.0855,22.1646,-112.0236,-0.004,25.0877,55.1355,32.3771,2.9313,2.6183,2.2146,2.2146,-0.4037,2.4919,2.4919,2.4273,22.0855,7.38794438,1.000389,0,11,0.706111,-106.067707,0.99999999,7.943282e+07,24,140,0.816162,1.0,in_box
t_equal_typ_-40c_vdd1.80v,t_equal,B-2stage,2stage,8,1,8,1,8,0.9216,273,typ,-40,1.80,2.135510e-03,2.135510e-03,1.460930e-06,2.3172,0.7698,1.0302,0.8784,4.792570e-03,8.626630e-03,0,0,-3.0148,22.1707,22.2461,-112.2763,-0.0039,25.1766,55.3691,32.4669,2.9245,2.6136,2.2105,2.2105,-0.4031,2.4859,2.4859,2.4214,22.1707,7.26289316,1.0003744,0,11,0.706414,-98.0887521,0.99999999,7.498942e+07,23,140,0.816172,1.0,in_box
t_equal_typ_-40c_vdd1.98v,t_equal,B-2stage,2stage,8,1,8,1,8,0.9216,273,typ,-40,1.98,2.178210e-03,2.178210e-03,1.499780e-06,2.3635,0.9342,1.0458,0.8784,4.893570e-03,9.689270e-03,0,0,-3.0124,22.2584,22.33,-112.4657,-0.0038,25.2666,55.5958,32.5579,2.9176,2.6089,2.2063,2.2063,-0.4026,2.4797,2.4797,2.4154,22.2584,7.09970491,1.00036058,0,11,0.706618,-86.6133379,0.99999999,6.683439e+07,20,140,0.816181,1.0,in_box
t_equal_typ_27c_vdd1.62v,t_equal,B-2stage,2stage,8,1,8,1,8,0.9216,273,typ,27,1.62,2.081920e-03,2.081920e-03,2.673870e-06,2.259,0.6607,0.9593,0.8204,4.683150e-03,7.586710e-03,0,0,-3.0391,20.4359,20.5702,-111.85,-0.0042,23.4176,53.3431,30.7052,3.0599,2.7143,2.7843,2.7843,0.0701,3.1361,3.1361,3.0599,20.4359,9.33764592,1.00042642,0,11,0.704422,-134.152127,0.99999999,8.413951e+07,25,140,0.818073,1.0,in_box
t_equal_typ_27c_vdd1.80v,t_equal,B-2stage,2stage,8,1,8,1,8,0.9216,273,typ,27,1.80,2.116080e-03,2.116080e-03,2.730760e-06,2.2961,0.8251,0.9749,0.8204,4.767230e-03,8.581010e-03,0,0,-3.0362,20.5288,20.6595,-112.1217,-0.004,23.5134,53.5964,30.8021,3.0525,2.7092,2.7791,2.7791,0.07,3.1286,3.1286,3.0525,20.5288,9.17126145,1.00040966,0,11,0.704672,-127.353427,0.99999999,7.498942e+07,23,140,0.818086,1.0,in_box
t_equal_typ_27c_vdd1.98v,t_equal,B-2stage,2stage,8,1,8,1,8,0.9216,273,typ,27,1.98,2.151680e-03,2.151680e-03,2.789290e-06,2.3347,0.9895,0.9905,0.8204,4.854140e-03,9.611190e-03,0,0,-3.0346,20.6247,20.7518,-112.3226,-0.0039,23.6108,53.8423,30.9006,3.0449,2.704,2.7739,2.7739,0.0699,3.1208,3.1208,3.0449,20.6247,8.95180868,1.00039399,0,11,0.704812,-116.5545,0.99999999,7.498942e+07,22,140,0.818096,1.0,in_box
t_equal_typ_125c_vdd1.62v,t_equal,B-2stage,2stage,8,1,8,1,8,0.9216,273,typ,125,1.62,2.057850e-03,2.057850e-03,4.498800e-06,2.2329,0.7496,0.8704,0.7277,4.654290e-03,7.539950e-03,0,0,-3.0445,17.8763,18.0803,-111.5236,-0.0045,20.8526,50.5538,28.137,3.3271,2.9072,3.6333,3.6333,0.7261,4.1174,4.1174,4.0265,17.8763,13.1313881,1.00047927,0,11,0.70396,-186.005606,0.99999999,8.413951e+07,25,140,0.82075,1.0,in_box
t_equal_typ_125c_vdd1.80v,t_equal,B-2stage,2stage,8,1,8,1,8,0.9216,273,typ,125,1.80,2.086680e-03,2.086680e-03,4.577390e-06,2.2642,0.9139,0.8861,0.7277,4.728080e-03,8.510540e-03,0,0,-3.0425,17.9785,18.1792,-111.8236,-0.0043,20.9569,50.838,28.2426,3.3178,2.9009,3.626,3.626,0.7251,4.1067,4.1067,4.016,17.9785,12.8690719,1.00045855,0,11,0.704145,-187.582932,0.99999999,8.413951e+07,24,140,0.820753,1.0,in_box
t_equal_typ_125c_vdd1.98v,t_equal,B-2stage,2stage,8,1,8,1,8,0.9216,273,typ,125,1.98,2.116270e-03,2.116270e-03,4.647640e-06,2.2963,1.0783,0.9017,0.7277,4.803140e-03,9.510210e-03,0,0,-3.0419,18.0829,18.2804,-112.0428,-0.0041,21.0618,51.1119,28.3487,3.3085,2.8946,3.6186,3.6186,0.7241,4.0961,4.0961,4.0055,18.0829,12.5274461,1.00043953,0,11,0.7042,-184.217404,0.99999999,8.413951e+07,24,140,0.820746,1.0,in_box
t_equal_bcs_-40c_vdd1.62v,t_equal,B-2stage,2stage,8,1,8,1,8,0.9216,273,bcs,-40,1.62,2.110020e-03,2.110020e-03,7.732450e-07,2.2895,0.6133,1.0067,0.8716,4.727620e-03,7.658740e-03,0,0,-2.9748,22.7125,22.7658,-113.6494,-0.0032,25.7586,56.7963,33.0577,2.5755,2.3585,1.9862,1.9862,-0.3723,2.1769,2.1769,2.1187,22.7125,6.4169277,1.00029696,0,11,0.709732,-137.008489,0.99999999,7.943282e+07,26,140,0.815622,1.0,in_box
t_equal_bcs_-40c_vdd1.80v,t_equal,B-2stage,2stage,8,1,8,1,8,0.9216,273,bcs,-40,1.80,2.156270e-03,2.156270e-03,7.953910e-07,2.3397,0.7778,1.0222,0.8716,4.835760e-03,8.704370e-03,0,0,-2.9718,22.8102,22.8591,-113.8826,-0.0031,25.8593,57.0438,33.1592,2.5679,2.3529,1.9814,1.9814,-0.3716,2.1702,2.1702,2.112,22.8102,6.27738959,1.00028502,0,11,0.709984,-128.833179,0.99999999,7.943282e+07,24,140,0.815623,1.0,in_box
t_equal_bcs_-40c_vdd1.98v,t_equal,B-2stage,2stage,8,1,8,1,8,0.9216,273,bcs,-40,1.98,2.205240e-03,2.205240e-03,8.185530e-07,2.3928,0.9422,1.0378,0.8716,4.949810e-03,9.800620e-03,0,0,-2.9698,22.9107,22.9551,-114.0588,-0.003,25.9619,57.2838,33.2625,2.56,2.3472,1.9764,1.9764,-0.3709,2.1632,2.1632,2.1052,22.9107,6.11121825,1.00027377,0,11,0.710157,-118.143547,0.99999999,6.683439e+07,23,140,0.815623,1.0,in_box
t_equal_bcs_27c_vdd1.62v,t_equal,B-2stage,2stage,8,1,8,1,8,0.9216,273,bcs,27,1.62,2.115510e-03,2.115510e-03,1.461990e-06,2.2955,0.6706,0.9494,0.8127,4.750980e-03,7.696580e-03,0,0,-2.988,21.0875,21.1996,-113.4866,-0.0033,24.1202,55.0383,31.4178,2.7309,2.4737,2.5393,2.5393,0.0655,2.8013,2.8013,2.7309,21.0875,8.12725045,1.00032921,0,11,0.708648,-191.492812,0.99999998,8.413951e+07,28,140,0.818427,1.0,in_box
t_equal_bcs_27c_vdd1.80v,t_equal,B-2stage,2stage,8,1,8,1,8,0.9216,273,bcs,27,1.80,2.154440e-03,2.154440e-03,1.496290e-06,2.3377,0.835,0.965,0.8127,4.845280e-03,8.721510e-03,0,0,-2.9857,21.1945,21.3024,-113.7354,-0.0032,24.2295,55.3082,31.528,2.7224,2.4677,2.5331,2.5331,0.0654,2.7926,2.7926,2.7224,21.1945,7.93893959,1.00031548,0,11,0.708842,-184.569944,0.99999999,7.943282e+07,27,140,0.818428,1.0,in_box
t_equal_bcs_27c_vdd1.98v,t_equal,B-2stage,2stage,8,1,8,1,8,0.9216,273,bcs,27,1.98,2.195360e-03,2.195360e-03,1.530710e-06,2.3821,0.9994,0.9806,0.8127,4.942810e-03,9.786770e-03,0,0,-2.9845,21.3047,21.4084,-113.9215,-0.0031,24.341,55.57,31.6403,2.7137,2.4615,2.5268,2.5268,0.0653,2.7838,2.7838,2.7137,21.3047,7.71477133,1.00030271,0,11,0.708949,-174.778668,0.99999999,7.943282e+07,25,140,0.818426,1.0,in_box
t_equal_bcs_125c_vdd1.62v,t_equal,B-2stage,2stage,8,1,8,1,8,0.9216,273,bcs,125,1.62,2.112240e-03,2.112240e-03,2.478180e-06,2.2919,0.7623,0.8577,0.7186,4.764010e-03,7.717690e-03,0,0,-2.9854,18.5813,18.7669,-113.1797,-0.0036,21.6167,52.3156,28.9115,3.0134,2.6783,3.3662,3.3662,0.688,3.7565,3.7565,3.6706,18.5813,11.4092608,1.00037354,0,11,0.708848,-293.026788,0.99999998,9.440609e+07,29,140,0.821955,1.0,in_box
t_equal_bcs_125c_vdd1.80v,t_equal,B-2stage,2stage,8,1,8,1,8,0.9216,273,bcs,125,1.80,2.145190e-03,2.145190e-03,2.525590e-06,2.3277,0.9266,0.8734,0.7186,4.845990e-03,8.722790e-03,0,0,-2.9839,18.6988,18.8807,-113.4516,-0.0034,21.7356,52.6191,29.0316,3.0029,2.6709,3.3576,3.3576,0.6867,3.7443,3.7443,3.6586,18.6988,11.1118161,1.00035658,0,11,0.708977,-296.659714,0.99999998,1.059254e+08,30,140,0.821947,1.0,in_box
t_equal_bcs_125c_vdd1.98v,t_equal,B-2stage,2stage,8,1,8,1,8,0.9216,273,bcs,125,1.98,2.179590e-03,2.179590e-03,2.558260e-06,2.365,1.0909,0.8891,0.7187,4.930660e-03,9.762700e-03,0,0,-2.9839,18.8197,18.9979,-113.6532,-0.0033,21.8566,52.9126,29.1536,2.9923,2.6635,3.3489,3.3489,0.6854,3.732,3.732,3.6465,18.8197,10.7624309,1.00034107,0,11,0.708995,-293.056186,0.99999998,1.059254e+08,30,140,0.821923,1.0,in_box
t_equal_wcs_-40c_vdd1.62v,t_equal,B-2stage,2stage,8,1,8,1,8,0.9216,273,wcs,-40,1.62,2.068290e-03,2.068290e-03,2.484330e-06,2.2442,0.5953,1.0247,0.8865,4.641420e-03,7.519100e-03,0,0,-3.065,21.4132,21.5176,-110.5279,-0.005,24.3694,53.5318,31.6487,3.3196,2.8979,2.4622,2.4622,-0.4357,2.839,2.839,2.768,21.4132,8.45483067,1.00049397,0,11,0.702254,-66.4648799,0.99999999,7.079458e+07,20,140,0.816149,1.0,in_box
t_equal_wcs_-40c_vdd1.80v,t_equal,B-2stage,2stage,8,1,8,1,8,0.9216,273,wcs,-40,1.80,2.103520e-03,2.103520e-03,2.542360e-06,2.2825,0.7598,1.0402,0.8865,4.727540e-03,8.509570e-03,0,0,-3.0607,21.4856,21.5867,-110.8014,-0.0048,24.4461,53.7502,31.7265,3.3137,2.894,2.4588,2.4588,-0.4352,2.8337,2.8337,2.7628,21.4856,8.35389562,1.00047657,0,11,0.702618,-58.2047067,0.99999999,6.683439e+07,18,140,0.816172,1.0,in_box
t_equal_wcs_-40c_vdd1.98v,t_equal,B-2stage,2stage,8,1,8,1,8,0.9216,273,wcs,-40,1.98,2.140160e-03,2.140160e-03,2.603110e-06,2.3222,0.9242,1.0558,0.8865,4.816420e-03,9.536520e-03,0,0,-3.0579,21.5605,21.6584,-111.0043,-0.0047,24.5237,53.9628,31.8052,3.3077,2.8901,2.4553,2.4553,-0.4348,2.8283,2.8283,2.7574,21.5605,8.19936486,1.00046001,0,11,0.702856,-47.2375206,1.0,6.683439e+07,16,140,0.816194,1.0,in_box
t_equal_wcs_27c_vdd1.62v,t_equal,B-2stage,2stage,8,1,8,1,8,0.9216,273,wcs,27,1.62,2.028670e-03,2.028670e-03,4.614960e-06,2.2012,0.648,0.972,0.8296,4.575950e-03,7.413040e-03,0,0,-3.0979,19.6927,19.8497,-110.3445,-0.0052,22.6171,51.6542,29.8943,3.4235,2.9792,3.054,3.054,0.0748,3.5056,3.5056,3.4235,19.6927,10.7494275,1.00053736,0,11,0.69959,-63.9157801,1.0,6.309573e+07,18,140,0.816957,1.0,in_box
t_equal_wcs_27c_vdd1.80v,t_equal,B-2stage,2stage,8,1,8,1,8,0.9216,273,wcs,27,1.80,2.057700e-03,2.057700e-03,4.702230e-06,2.2327,0.8125,0.9875,0.8296,4.649790e-03,8.369620e-03,0,0,-3.0942,19.7707,19.9246,-110.6417,-0.005,22.6988,51.8892,29.9773,3.4172,2.9751,3.0498,3.0498,0.0747,3.4992,3.4992,3.4172,19.7707,10.6203231,1.00051744,0,11,0.699905,-56.845288,1.0,7.079458e+07,17,140,0.816986,1.0,in_box
t_equal_wcs_27c_vdd1.98v,t_equal,B-2stage,2stage,8,1,8,1,8,0.9216,273,wcs,27,1.98,2.087720e-03,2.087720e-03,4.792520e-06,2.2653,0.9769,1.0031,0.8295,4.725520e-03,9.356520e-03,0,0,-3.0921,19.8518,20.0027,-110.8583,-0.0048,22.7818,52.118,30.0614,3.4107,2.9709,3.0456,3.0456,0.0747,3.4926,3.4926,3.4107,19.8518,10.4138006,1.00049869,0,11,0.700082,-46.4314433,1.0,6.683439e+07,15,140,0.817014,1.0,in_box
t_equal_wcs_125c_vdd1.62v,t_equal,B-2stage,2stage,8,1,8,1,8,0.9216,273,wcs,125,1.62,1.974370e-03,1.974370e-03,7.670480e-06,2.1423,0.7331,0.8869,0.7385,4.487030e-03,7.268980e-03,0,0,-3.1166,16.9994,17.2231,-110.0001,-0.0056,19.906,48.7129,27.1793,3.6825,3.169,3.9359,3.9359,0.767,4.5219,4.5219,4.4258,16.9994,15.3206924,1.00059992,0,11,0.698063,-62.9178487,1.0,6.683439e+07,16,140,0.818598,1.0,in_box
t_equal_wcs_125c_vdd1.80v,t_equal,B-2stage,2stage,8,1,8,1,8,0.9216,273,wcs,125,1.80,1.998480e-03,1.998480e-03,7.788730e-06,2.1685,0.8975,0.9025,0.7385,4.551400e-03,8.192530e-03,0,0,-3.1137,17.0849,17.3058,-110.3333,-0.0053,19.9943,48.9754,27.2692,3.6745,3.1636,3.9298,3.9298,0.7662,4.5128,4.5128,4.4168,17.0849,15.1222946,1.0005753,0,11,0.698315,-61.8488205,1.0,7.079458e+07,16,140,0.818618,1.0,in_box
t_equal_wcs_125c_vdd1.98v,t_equal,B-2stage,2stage,8,1,8,1,8,0.9216,273,wcs,125,1.98,2.022840e-03,2.022840e-03,7.903110e-06,2.1949,1.0618,0.9182,0.7385,4.615180e-03,9.138060e-03,0,0,-3.1126,17.1719,17.3902,-110.5717,-0.0051,20.0823,49.2284,27.3587,3.6665,3.1585,3.9238,3.9238,0.7654,4.5038,4.5038,4.4079,17.1719,14.800119,1.00055256,0,11,0.698413,-58.2352568,1.0,7.498942e+07,15,140,0.818634,1.0,in_box
t_equal_sf_-40c_vdd1.62v,t_equal,B-2stage,2stage,8,1,8,1,8,0.9216,273,sf,-40,1.62,2.094290e-03,2.094290e-03,1.423560e-06,2.2725,0.6053,1.0147,0.8784,4.692880e-03,7.602460e-03,0,0,-3.0184,22.0842,22.1634,-112.0236,-0.004,25.0865,55.1343,32.3759,2.9314,2.6184,2.2147,2.2147,-0.4037,2.492,2.492,2.4274,22.0842,7.38927271,1.00038903,0,11,0.706112,-106.034568,0.99999999,7.943282e+07,24,140,0.816165,1.0,in_box
t_equal_sf_-40c_vdd1.80v,t_equal,B-2stage,2stage,8,1,8,1,8,0.9216,273,sf,-40,1.80,2.135050e-03,2.135050e-03,1.460600e-06,2.3167,0.7698,1.0302,0.8784,4.790060e-03,8.622120e-03,0,0,-3.0148,22.1696,22.245,-112.2763,-0.0039,25.1754,55.368,32.4658,2.9246,2.6137,2.2106,2.2106,-0.4031,2.486,2.486,2.4215,22.1696,7.26408412,1.00037442,0,11,0.706415,-98.0558069,0.99999999,7.498942e+07,23,140,0.816174,1.0,in_box
t_equal_sf_-40c_vdd1.98v,t_equal,B-2stage,2stage,8,1,8,1,8,0.9216,273,sf,-40,1.98,2.177780e-03,2.177780e-03,1.499460e-06,2.363,0.9342,1.0458,0.8784,4.891120e-03,9.684420e-03,0,0,-3.0124,22.2574,22.329,-112.4657,-0.0038,25.2656,55.5947,32.5569,2.9177,2.6089,2.2064,2.2064,-0.4026,2.4798,2.4798,2.4154,22.2574,7.10077505,1.0003606,0,11,0.706618,-86.579548,0.99999999,6.683439e+07,20,140,0.816183,1.0,in_box
t_equal_sf_27c_vdd1.62v,t_equal,B-2stage,2stage,8,1,8,1,8,0.9216,273,sf,27,1.62,2.081550e-03,2.081550e-03,2.673370e-06,2.2586,0.6607,0.9593,0.8204,4.680890e-03,7.583050e-03,0,0,-3.0391,20.4346,20.569,-111.85,-0.0042,23.4164,53.3419,30.704,3.06,2.7143,2.7844,2.7844,0.0701,3.1362,3.1362,3.06,20.4346,9.339221,1.00042644,0,11,0.704423,-134.125063,0.99999999,8.413951e+07,25,140,0.818075,1.0,in_box
t_equal_sf_27c_vdd1.80v,t_equal,B-2stage,2stage,8,1,8,1,8,0.9216,273,sf,27,1.80,2.115760e-03,2.115760e-03,2.730320e-06,2.2957,0.8251,0.9749,0.8204,4.765060e-03,8.577120e-03,0,0,-3.0361,20.5277,20.6585,-112.1217,-0.004,23.5123,53.5953,30.8011,3.0526,2.7092,2.7792,2.7792,0.07,3.1286,3.1286,3.0526,20.5277,9.17255413,1.00040967,0,11,0.704673,-127.328561,0.99999999,7.498942e+07,23,140,0.818087,1.0,in_box
t_equal_sf_27c_vdd1.98v,t_equal,B-2stage,2stage,8,1,8,1,8,0.9216,273,sf,27,1.98,2.151390e-03,2.151390e-03,2.788890e-06,2.3344,0.9895,0.9905,0.8204,4.852030e-03,9.607020e-03,0,0,-3.0346,20.6237,20.7509,-112.3227,-0.0039,23.6099,53.8414,30.8997,3.045,2.7041,2.7739,2.7739,0.0699,3.1209,3.1209,3.045,20.6237,8.95292354,1.000394,0,11,0.704813,-116.530162,0.99999999,7.498942e+07,22,140,0.818097,1.0,in_box
t_equal_sf_125c_vdd1.62v,t_equal,B-2stage,2stage,8,1,8,1,8,0.9216,273,sf,125,1.62,2.057650e-03,2.057650e-03,4.498340e-06,2.2327,0.7496,0.8704,0.7277,4.652480e-03,7.537020e-03,0,0,-3.0445,17.8755,18.0794,-111.5236,-0.0045,20.8518,50.5529,28.1361,3.3272,2.9073,3.6334,3.6334,0.7261,4.1175,4.1175,4.0266,17.8755,13.1328088,1.00047928,0,11,0.703962,-185.98957,0.99999999,8.413951e+07,25,140,0.820751,1.0,in_box
t_equal_sf_125c_vdd1.80v,t_equal,B-2stage,2stage,8,1,8,1,8,0.9216,273,sf,125,1.80,2.086540e-03,2.086540e-03,4.577060e-06,2.264,0.9139,0.8861,0.7277,4.726340e-03,8.507420e-03,0,0,-3.0424,17.9779,18.1787,-111.8236,-0.0043,20.9563,50.8374,28.242,3.3179,2.9009,3.626,3.626,0.7251,4.1068,4.1068,4.0161,17.9779,12.8700558,1.00045855,0,11,0.704146,-187.571562,0.99999999,8.413951e+07,24,140,0.820753,1.0,in_box
t_equal_sf_125c_vdd1.98v,t_equal,B-2stage,2stage,8,1,8,1,8,0.9216,273,sf,125,1.98,2.116170e-03,2.116170e-03,4.647390e-06,2.2962,1.0783,0.9017,0.7277,4.801480e-03,9.506940e-03,0,0,-3.0419,18.0825,18.28,-112.0428,-0.0041,21.0614,51.1115,28.3483,3.3085,2.8946,3.6187,3.6187,0.7241,4.0961,4.0961,4.0055,18.0825,12.5280969,1.00043954,0,11,0.704201,-184.208113,0.99999999,8.413951e+07,24,140,0.820746,1.0,in_box
t_equal_fs_-40c_vdd1.62v,t_equal,B-2stage,2stage,8,1,8,1,8,0.9216,273,fs,-40,1.62,2.095300e-03,2.095300e-03,1.424290e-06,2.2735,0.6053,1.0147,0.8784,4.698180e-03,7.611040e-03,0,0,-3.0184,22.0869,22.166,-112.0235,-0.004,25.0891,55.137,32.3785,2.9311,2.6182,2.2146,2.2146,-0.4037,2.4918,2.4918,2.4272,22.0869,7.38645026,1.00038897,0,11,0.70611,-106.105302,0.99999999,7.943282e+07,24,140,0.816159,1.0,in_box
t_equal_fs_-40c_vdd1.80v,t_equal,B-2stage,2stage,8,1,8,1,8,0.9216,273,fs,-40,1.80,2.135950e-03,2.135950e-03,1.461240e-06,2.3177,0.7698,1.0302,0.8784,4.795130e-03,8.631240e-03,0,0,-3.0148,22.1719,22.2472,-112.2763,-0.0039,25.1777,55.3703,32.4681,2.9244,2.6136,2.2105,2.2105,-0.4031,2.4858,2.4858,2.4213,22.1719,7.26171489,1.00037438,0,11,0.706414,-98.121447,0.99999999,7.498942e+07,23,140,0.816169,1.0,in_box
t_equal_fs_-40c_vdd1.98v,t_equal,B-2stage,2stage,8,1,8,1,8,0.9216,273,fs,-40,1.98,2.178670e-03,2.178670e-03,1.500120e-06,2.364,0.9342,1.0458,0.8784,4.896190e-03,9.694450e-03,0,0,-3.0124,22.2595,22.331,-112.4657,-0.0038,25.2677,55.5969,32.559,2.9175,2.6088,2.2062,2.2062,-0.4025,2.4796,2.4796,2.4153,22.2595,7.09856343,1.00036056,0,11,0.706617,-86.6495476,0.99999999,6.683439e+07,20,140,0.816178,1.0,in_box
t_equal_fs_27c_vdd1.62v,t_equal,B-2stage,2stage,8,1,8,1,8,0.9216,273,fs,27,1.62,2.082380e-03,2.082380e-03,2.674490e-06,2.2595,0.6607,0.9593,0.8204,4.685700e-03,7.590830e-03,0,0,-3.0391,20.4374,20.5717,-111.85,-0.0042,23.4191,53.3447,30.7067,3.0598,2.7142,2.7842,2.7842,0.0701,3.136,3.136,3.0598,20.4374,9.33571033,1.0004264,0,11,0.70442,-134.185763,0.99999999,8.413951e+07,25,140,0.81807,1.0,in_box
t_equal_fs_27c_vdd1.80v,t_equal,B-2stage,2stage,8,1,8,1,8,0.9216,273,fs,27,1.80,2.116440e-03,2.116440e-03,2.731270e-06,2.2965,0.8251,0.9749,0.8204,4.769600e-03,8.585280e-03,0,0,-3.0362,20.53,20.6607,-112.1216,-0.004,23.5145,53.5976,30.8033,3.0524,2.7091,2.7791,2.7791,0.07,3.1284,3.1284,3.0524,20.53,9.16977164,1.00040964,0,11,0.70467,-127.382323,0.99999999,7.498942e+07,23,140,0.818084,1.0,in_box
t_equal_fs_27c_vdd1.98v,t_equal,B-2stage,2stage,8,1,8,1,8,0.9216,273,fs,27,1.98,2.152010e-03,2.152010e-03,2.789750e-06,2.3351,0.9895,0.9905,0.8204,4.856430e-03,9.615730e-03,0,0,-3.0346,20.6257,20.7528,-112.3226,-0.0039,23.6119,53.8434,30.9016,3.0448,2.7039,2.7738,2.7738,0.0699,3.1208,3.1208,3.0448,20.6257,8.95054781,1.00039397,0,11,0.704811,-116.582172,0.99999999,7.498942e+07,22,140,0.818094,1.0,in_box
t_equal_fs_125c_vdd1.62v,t_equal,B-2stage,2stage,8,1,8,1,8,0.9216,273,fs,125,1.62,2.058200e-03,2.058200e-03,4.499630e-06,2.2333,0.7496,0.8704,0.7277,4.656550e-03,7.543610e-03,0,0,-3.0446,17.8779,18.0818,-111.5235,-0.0045,20.8542,50.5553,28.1385,3.3269,2.9071,3.6332,3.6332,0.7261,4.1172,4.1172,4.0263,17.8779,13.1288046,1.00047925,0,11,0.703958,-186.034849,0.99999999,8.413951e+07,25,140,0.820748,1.0,in_box
t_equal_fs_125c_vdd1.80v,t_equal,B-2stage,2stage,8,1,8,1,8,0.9216,273,fs,125,1.80,2.086860e-03,2.086860e-03,4.577820e-06,2.2644,0.9139,0.8861,0.7277,4.729970e-03,8.513940e-03,0,0,-3.0425,17.9793,18.18,-111.8236,-0.0043,20.9577,50.8388,28.2434,3.3177,2.9008,3.6259,3.6259,0.7251,4.1067,4.1067,4.0159,17.9793,12.8678261,1.00045854,0,11,0.704143,-187.598156,0.99999999,8.413951e+07,24,140,0.820753,1.0,in_box
t_equal_fs_125c_vdd1.98v,t_equal,B-2stage,2stage,8,1,8,1,8,0.9216,273,fs,125,1.98,2.116380e-03,2.116380e-03,4.647870e-06,2.2964,1.0783,0.9017,0.7277,4.804870e-03,9.513630e-03,0,0,-3.0419,18.0833,18.2809,-112.0428,-0.0041,21.0622,51.1124,28.3491,3.3084,2.8945,3.6186,3.6186,0.7241,4.096,4.096,4.0054,18.0833,12.5267645,1.00043953,0,11,0.7042,-184.226477,0.99999999,8.413951e+07,24,140,0.820746,1.0,in_box
t_nfw_typ_-40c_vdd1.62v,t_nfw,B-2stage,2stage,10,4,8,1,40,4.608,110,typ,-40,1.62,4.087880e-03,8.420020e-04,2.729880e-06,0.8871,0.6284,0.9916,0.8541,5.272950e-03,8.542180e-03,0,0,-3.6546,21.2601,21.4059,-98.4529,-0.0039,23.7095,53.9778,30.9997,1.4557,1.4495,1.2009,1.2009,-0.2486,1.2062,1.2063,1.1704,21.2601,1.65275063,1.00015178,0,11,0.656203,1.52020354,1.0,1.000000e+07,0,140,0.825877,1.0,in_box
t_nfw_typ_-40c_vdd1.80v,t_nfw,B-2stage,2stage,10,4,8,1,40,4.608,110,typ,-40,1.80,4.130770e-03,8.511400e-04,2.762830e-06,0.8964,0.7932,1.0068,0.8541,5.340500e-03,9.612900e-03,0,0,-3.6394,21.314,21.4574,-98.6732,-0.0038,23.7749,54.199,31.0662,1.4537,1.4476,1.1993,1.1993,-0.2483,1.2045,1.2046,1.1688,21.314,1.61167246,1.0001399,0,11,0.657363,1.55680932,1.0,1.000000e+07,0,140,0.825887,1.0,in_box
t_nfw_typ_-40c_vdd1.98v,t_nfw,B-2stage,2stage,10,4,8,1,40,4.608,110,typ,-40,1.98,4.175110e-03,8.605750e-04,2.794500e-06,0.9061,0.9579,1.0221,0.8541,5.409760e-03,1.071130e-02,1,0,-3.6268,21.3709,21.512,-98.8427,-0.0036,23.8414,54.4139,31.1336,1.4516,1.4457,1.1977,1.1977,-0.248,1.2027,1.2028,1.167,21.3709,1.56372561,1.00012755,0,11,0.658324,1.51961856,1.0,1.000000e+07,0,140,0.825897,1.0,in_box
t_nfw_typ_27c_vdd1.62v,t_nfw,B-2stage,2stage,10,4,8,1,40,4.608,110,typ,27,1.62,3.945750e-03,8.237770e-04,4.936620e-06,0.8563,0.6902,0.9298,0.7898,5.125860e-03,8.303890e-03,0,0,-3.8526,19.1349,19.3258,-98.393,-0.0042,21.44,51.3952,28.7277,1.5635,1.5519,1.5974,1.5974,0.0454,1.6092,1.6092,1.5635,19.1349,2.57797075,1.00027995,0,11,0.641415,0.91578559,1.0,1.000000e+07,0,140,0.826221,1.0,in_box
t_nfw_typ_27c_vdd1.80v,t_nfw,B-2stage,2stage,10,4,8,1,40,4.608,110,typ,27,1.80,3.978740e-03,8.310700e-04,4.982430e-06,0.8634,0.8549,0.9451,0.7898,5.181750e-03,9.327160e-03,0,0,-3.8366,19.1875,19.3763,-98.6215,-0.0041,21.5039,51.6225,28.7927,1.5611,1.5499,1.5953,1.5953,0.0454,1.6068,1.6068,1.5611,19.1875,2.52011706,1.00026495,0,11,0.642606,1.88542497,1.0,1.000000e+07,0,140,0.826231,1.0,in_box
t_nfw_typ_27c_vdd1.98v,t_nfw,B-2stage,2stage,10,4,8,1,40,4.608,110,typ,27,1.98,4.013380e-03,8.386620e-04,5.020610e-06,0.871,1.0196,0.9604,0.7898,5.239530e-03,1.037430e-02,1,0,-3.8239,19.2439,19.4305,-98.7968,-0.0039,21.5693,51.842,28.8591,1.5587,1.5477,1.593,1.593,0.0453,1.6042,1.6042,1.5587,19.2439,2.45298344,1.00025031,0,11,0.643562,2.1939845,1.0,1.000000e+07,0,140,0.826238,1.0,in_box
t_nfw_typ_125c_vdd1.62v,t_nfw,B-2stage,2stage,10,4,8,1,40,4.608,110,typ,125,1.62,3.775790e-03,7.961840e-04,7.923230e-06,0.8194,0.7893,0.8307,0.687,4.947940e-03,8.015650e-03,0,0,-4.0526,16.1136,16.3593,-98.2219,-0.0047,18.284,47.8644,25.5677,1.7582,1.729,2.2308,2.2308,0.5018,2.2665,2.2665,2.2064,16.1136,4.29270238,1.00040819,0,11,0.626802,-1.26508354,1.0,1.000000e+07,0,140,0.827034,1.0,in_box
t_nfw_typ_125c_vdd1.80v,t_nfw,B-2stage,2stage,10,4,8,1,40,4.608,110,typ,125,1.80,3.802780e-03,8.022640e-04,7.977980e-06,0.8253,0.954,0.846,0.687,4.996850e-03,8.994320e-03,0,0,-4.0368,16.1685,16.4121,-98.4613,-0.0045,18.3492,48.1111,25.6343,1.7549,1.7262,2.2273,2.2273,0.5011,2.2624,2.2624,2.2023,16.1685,4.1913396,1.0003882,0,11,0.627963,-0.7129177,1.0,1.000000e+07,0,140,0.827027,1.0,in_box
t_nfw_typ_125c_vdd1.98v,t_nfw,B-2stage,2stage,10,4,8,1,40,4.608,110,typ,125,1.98,3.835850e-03,8.091890e-04,7.952470e-06,0.8324,1.1186,0.8614,0.6871,5.052510e-03,1.000400e-02,1,0,-4.025,16.2352,16.4766,-98.6455,-0.0043,18.4236,48.3549,25.71,1.7507,1.7226,2.223,2.223,0.5004,2.2573,2.2573,2.1974,16.2352,4.07312678,1.00036943,0,11,0.628828,0.1496695,1.0,1.000000e+07,0,140,0.826984,1.0,in_box
t_nfw_bcs_-40c_vdd1.62v,t_nfw,B-2stage,2stage,10,4,8,1,40,4.608,110,bcs,-40,1.62,4.195210e-03,8.530320e-04,1.510180e-06,0.9104,0.6348,0.9852,0.8491,5.393830e-03,8.738010e-03,0,0,-3.4982,21.5672,21.6942,-100.0112,-0.0031,24.139,55.4286,31.4388,1.3386,1.3341,1.1029,1.1035,-0.2312,1.1067,1.1075,1.0735,21.5672,1.40919385,1.00008472,0,11,0.668195,0.79295552,1.0,1.000000e+07,0,140,0.82737,1.0,in_box
t_nfw_bcs_-40c_vdd1.80v,t_nfw,B-2stage,2stage,10,4,8,1,40,4.608,110,bcs,-40,1.80,4.243960e-03,8.630510e-04,1.530110e-06,0.921,0.7995,1.0005,0.8491,5.468120e-03,9.842610e-03,0,0,-3.4851,21.6287,21.7532,-100.2177,-0.003,24.211,55.6612,31.5117,1.3363,1.3318,1.101,1.1016,-0.2309,1.1047,1.1055,1.0716,21.6287,1.36634847,1.00007477,0,11,0.669209,1.32674839,1.0,1.000000e+07,0,140,0.827372,1.0,in_box
t_nfw_bcs_-40c_vdd1.98v,t_nfw,B-2stage,2stage,10,4,8,1,40,4.608,110,bcs,-40,1.98,4.294780e-03,8.734670e-04,1.547770e-06,0.932,0.9643,1.0157,0.8491,5.544840e-03,1.097880e-02,1,0,-3.4741,21.6932,21.8153,-100.3772,-0.0029,24.2845,55.8873,31.586,1.3338,1.3295,1.099,1.0996,-0.2305,1.1027,1.1035,1.0696,21.6932,1.3184958,1.00006443,0,11,0.670065,1.28637897,1.0,1.000000e+07,0,140,0.827373,1.0,in_box
t_nfw_bcs_27c_vdd1.62v,t_nfw,B-2stage,2stage,10,4,8,1,40,4.608,110,bcs,27,1.62,4.122180e-03,8.448770e-04,2.774090e-06,0.8946,0.6982,0.9218,0.7841,5.325730e-03,8.627680e-03,0,0,-3.6607,19.5328,19.704,-99.9439,-0.0033,21.9775,52.9461,29.2752,1.4433,1.4372,1.4798,1.4798,0.0426,1.4861,1.4861,1.4433,19.5328,2.20756803,1.00019367,0,11,0.655814,-1.2826469,1.0,1.000000e+07,0,140,0.828771,1.0,in_box
t_nfw_bcs_27c_vdd1.80v,t_nfw,B-2stage,2stage,10,4,8,1,40,4.608,110,bcs,27,1.80,4.161060e-03,8.530440e-04,2.802670e-06,0.903,0.8629,0.9371,0.7841,5.388390e-03,9.699100e-03,0,0,-3.6471,19.5929,19.7618,-100.1573,-0.0032,22.048,53.1844,29.3466,1.4406,1.4347,1.4773,1.4773,0.0426,1.4833,1.4833,1.4406,19.5929,2.14827394,1.00018137,0,11,0.656853,0.04909523,1.0,1.000000e+07,0,140,0.828772,1.0,in_box
t_nfw_bcs_27c_vdd1.98v,t_nfw,B-2stage,2stage,10,4,8,1,40,4.608,110,bcs,27,1.98,4.202290e-03,8.616100e-04,2.819960e-06,0.912,1.0277,0.9523,0.7841,5.453730e-03,1.079840e-02,1,0,-3.6359,19.6571,19.8239,-100.3218,-0.0031,22.1207,53.415,29.4202,1.4378,1.4321,1.4746,1.4746,0.0425,1.4805,1.4805,1.4378,19.6571,2.08235921,1.00016932,0,11,0.657703,1.50517602,1.0,1.000000e+07,0,140,0.828769,1.0,in_box
t_nfw_bcs_125c_vdd1.62v,t_nfw,B-2stage,2stage,10,4,8,1,40,4.608,110,bcs,125,1.62,4.023440e-03,8.296660e-04,4.529420e-06,0.8731,0.7996,0.8204,0.6805,5.231220e-03,8.474580e-03,0,0,-3.8291,16.6909,16.9146,-99.7687,-0.0037,19.0126,49.6015,26.307,1.623,1.6053,2.0789,2.0789,0.4737,2.1008,2.1008,2.0441,16.6909,3.63472259,1.00030235,0,11,0.643217,-7.49851352,1.0,4.731513e+07,9,140,0.830341,1.0,in_box
t_nfw_bcs_125c_vdd1.80v,t_nfw,B-2stage,2stage,10,4,8,1,40,4.608,110,bcs,125,1.80,4.056240e-03,8.366170e-04,4.559980e-06,0.8803,0.9643,0.8357,0.6805,5.286810e-03,9.516260e-03,0,0,-3.8156,16.7532,16.9747,-99.9913,-0.0035,19.0845,49.8592,26.38,1.6194,1.6021,2.075,2.075,0.4729,2.0963,2.0963,2.0397,16.7532,3.53450782,1.00028615,0,11,0.644227,-6.77253559,1.0,5.011872e+07,8,140,0.830325,1.0,in_box
t_nfw_bcs_125c_vdd1.98v,t_nfw,B-2stage,2stage,10,4,8,1,40,4.608,110,bcs,125,1.98,4.098650e-03,8.448820e-04,4.477490e-06,0.8895,1.1289,0.8511,0.6806,5.353130e-03,1.059920e-02,1,0,-3.8054,16.832,17.0511,-100.1637,-0.0034,19.1705,50.1188,26.4671,1.6146,1.5978,2.0698,2.0698,0.472,2.0904,2.0904,2.0339,16.832,3.4197841,1.0002707,0,11,0.644996,-5.57019709,1.0,5.308844e+07,6,140,0.830273,1.0,in_box
t_nfw_wcs_-40c_vdd1.62v,t_nfw,B-2stage,2stage,10,4,8,1,40,4.608,110,wcs,-40,1.62,3.923300e-03,8.238280e-04,4.633850e-06,0.8514,0.6202,0.9998,0.8602,5.088120e-03,8.242750e-03,0,0,-3.8301,20.8764,21.0423,-97.0345,-0.0049,23.1973,52.5515,30.4775,1.5954,1.5824,1.3143,1.3143,-0.2681,1.3255,1.3255,1.2867,20.8764,1.93280881,1.00023728,0,11,0.642996,1.83351675,1.0,1.000000e+07,0,140,0.823362,1.0,in_box
t_nfw_wcs_-40c_vdd1.80v,t_nfw,B-2stage,2stage,10,4,8,1,40,4.608,110,wcs,-40,1.80,3.959200e-03,8.318940e-04,4.683200e-06,0.8592,0.785,1.015,0.8602,5.147610e-03,9.265700e-03,0,0,-3.8126,20.9224,21.0859,-97.2686,-0.0047,23.2558,52.7606,30.5371,1.5937,1.581,1.3131,1.3131,-0.2679,1.324,1.324,1.2852,20.9224,1.89470532,1.00022334,0,11,0.644307,1.80795268,1.0,1.000000e+07,0,140,0.823386,1.0,in_box
t_nfw_wcs_-40c_vdd1.98v,t_nfw,B-2stage,2stage,10,4,8,1,40,4.608,110,wcs,-40,1.98,3.996190e-03,8.402050e-04,4.732390e-06,0.8672,0.9498,1.0302,0.8601,5.208390e-03,1.031260e-02,1,0,-3.7985,20.9714,21.1327,-97.4477,-0.0045,23.3148,52.9638,30.5972,1.5919,1.5795,1.3118,1.3118,-0.2677,1.3225,1.3225,1.2838,20.9714,1.84735665,1.00020885,0,11,0.64537,1.77674654,1.0,1.000000e+07,0,140,0.82341,1.0,in_box
t_nfw_wcs_27c_vdd1.62v,t_nfw,B-2stage,2stage,10,4,8,1,40,4.608,110,wcs,27,1.62,3.689020e-03,7.911180e-04,8.186730e-06,0.8006,0.6798,0.9402,0.7965,4.834550e-03,7.831970e-03,0,0,-4.0742,18.5755,18.7888,-96.9878,-0.0053,20.7319,49.7765,28.009,1.7119,1.6906,1.7393,1.7393,0.0487,1.7612,1.7612,1.712,18.5755,3.05104829,1.00038773,0,11,0.625179,2.56709531,1.0,1.000000e+07,0,140,0.82239,1.0,in_box
t_nfw_wcs_27c_vdd1.80v,t_nfw,B-2stage,2stage,10,4,8,1,40,4.608,110,wcs,27,1.80,3.715310e-03,7.973700e-04,8.251970e-06,0.8063,0.8445,0.9555,0.7965,4.882710e-03,8.788870e-03,0,0,-4.0557,18.6202,18.8313,-97.2318,-0.0051,20.7885,49.9917,28.067,1.7099,1.6889,1.7376,1.7376,0.0487,1.7591,1.7591,1.7099,18.6202,2.9961661,1.00036979,0,11,0.626527,2.55215543,1.0,1.000000e+07,0,140,0.822415,1.0,in_box
t_nfw_wcs_27c_vdd1.98v,t_nfw,B-2stage,2stage,10,4,8,1,40,4.608,110,wcs,27,1.98,3.742620e-03,8.038270e-04,8.312900e-06,0.8122,1.0093,0.9707,0.7965,4.932010e-03,9.765380e-03,0,0,-4.0413,18.6682,18.8773,-97.4176,-0.0049,20.8459,50.1991,28.1256,1.7078,1.6871,1.7358,1.7358,0.0487,1.7569,1.7569,1.7078,18.6682,2.92824608,1.00035232,0,11,0.627582,2.52980837,1.0,1.000000e+07,0,140,0.822438,1.0,in_box
t_nfw_wcs_125c_vdd1.62v,t_nfw,B-2stage,2stage,10,4,8,1,40,4.608,110,wcs,125,1.62,3.432850e-03,7.469800e-04,1.282180e-05,0.745,0.7762,0.8438,0.6948,4.554010e-03,7.377490e-03,0,0,-4.3082,15.2438,15.5155,-96.8267,-0.0058,17.2561,45.9306,24.5287,1.935,1.8886,2.4252,2.4252,0.5366,2.4814,2.4814,2.417,15.2438,5.22286597,1.00053658,0,11,0.608555,3.99007557,1.0,1.000000e+07,0,140,0.822383,1.0,in_box
t_nfw_wcs_125c_vdd1.80v,t_nfw,B-2stage,2stage,10,4,8,1,40,4.608,110,wcs,125,1.80,3.453570e-03,7.520510e-04,1.290080e-05,0.7495,0.9409,0.8591,0.6948,4.595680e-03,8.272220e-03,0,0,-4.2897,15.2909,15.5605,-97.0836,-0.0056,17.3142,46.1654,24.5883,1.9318,1.886,2.4221,2.4221,0.536,2.4776,2.4776,2.4132,15.2909,5.12121804,1.00051241,0,11,0.609863,3.97237987,1.0,1.000000e+07,0,140,0.822389,1.0,in_box
t_nfw_wcs_125c_vdd1.98v,t_nfw,B-2stage,2stage,10,4,8,1,40,4.608,110,wcs,125,1.98,3.477450e-03,7.575550e-04,1.292780e-05,0.7547,1.1055,0.8745,0.6948,4.640740e-03,9.188660e-03,0,0,-4.2764,15.3455,15.6131,-97.2795,-0.0053,17.3767,46.3929,24.6524,1.9282,1.8831,2.4185,2.4185,0.5354,2.4732,2.4732,2.4089,15.3455,4.99821231,1.00048995,0,11,0.610815,3.9203156,1.0,1.000000e+07,0,140,0.822366,1.0,in_box
t_nfw_sf_-40c_vdd1.62v,t_nfw,B-2stage,2stage,10,4,8,1,40,4.608,110,sf,-40,1.62,4.087290e-03,8.418790e-04,2.729500e-06,0.887,0.6284,0.9916,0.8541,5.270710e-03,8.538540e-03,0,0,-3.6546,21.259,21.4049,-98.4529,-0.0039,23.7083,53.9766,30.9986,1.4558,1.4495,1.2009,1.2009,-0.2486,1.2063,1.2063,1.1705,21.259,1.65315567,1.00015186,0,11,0.656196,1.52107751,1.0,1.000000e+07,0,140,0.82588,1.0,in_box
t_nfw_sf_-40c_vdd1.80v,t_nfw,B-2stage,2stage,10,4,8,1,40,4.608,110,sf,-40,1.80,4.130190e-03,8.510170e-04,2.762450e-06,0.8963,0.7932,1.0068,0.8541,5.338260e-03,9.608870e-03,0,0,-3.6394,21.313,21.4565,-98.6732,-0.0038,23.7739,54.1978,31.0652,1.4537,1.4477,1.1994,1.1994,-0.2483,1.2045,1.2046,1.1688,21.313,1.61202652,1.00013996,0,11,0.657357,1.55711437,1.0,1.000000e+07,0,140,0.825889,1.0,in_box
t_nfw_sf_-40c_vdd1.98v,t_nfw,B-2stage,2stage,10,4,8,1,40,4.608,110,sf,-40,1.98,4.174580e-03,8.604620e-04,2.794140e-06,0.9059,0.9579,1.0221,0.8541,5.407570e-03,1.070700e-02,1,0,-3.6269,21.37,21.5112,-98.8427,-0.0036,23.8405,54.4129,31.1327,1.4516,1.4458,1.1977,1.1978,-0.248,1.2027,1.2029,1.167,21.37,1.5640404,1.00012761,0,11,0.658319,1.51989629,1.0,1.000000e+07,0,140,0.825899,1.0,in_box
t_nfw_sf_27c_vdd1.62v,t_nfw,B-2stage,2stage,10,4,8,1,40,4.608,110,sf,27,1.62,3.945280e-03,8.236770e-04,4.936040e-06,0.8562,0.6902,0.9298,0.7898,5.123810e-03,8.300570e-03,0,0,-3.8526,19.1339,19.3249,-98.3931,-0.0042,21.439,51.3941,28.7266,1.5635,1.552,1.5974,1.5974,0.0454,1.6092,1.6092,1.5635,19.1339,2.57842287,1.00027999,0,11,0.64141,0.9165699,1.0,1.000000e+07,0,140,0.826222,1.0,in_box
t_nfw_sf_27c_vdd1.80v,t_nfw,B-2stage,2stage,10,4,8,1,40,4.608,110,sf,27,1.80,3.978380e-03,8.309930e-04,4.981980e-06,0.8634,0.8549,0.9451,0.7897,5.179820e-03,9.323680e-03,0,0,-3.8367,19.1868,19.3755,-98.6215,-0.0041,21.5031,51.6217,28.7919,1.5612,1.5499,1.5953,1.5953,0.0454,1.6068,1.6068,1.5612,19.1868,2.52045647,1.00026498,0,11,0.642603,1.88601255,1.0,1.000000e+07,0,140,0.826232,1.0,in_box
t_nfw_sf_27c_vdd1.98v,t_nfw,B-2stage,2stage,10,4,8,1,40,4.608,110,sf,27,1.98,4.013080e-03,8.385980e-04,5.020240e-06,0.8709,1.0196,0.9604,0.7898,5.237670e-03,1.037060e-02,1,0,-3.8239,19.2433,19.4299,-98.7968,-0.0039,21.5686,51.8413,28.8585,1.5587,1.5477,1.5931,1.5931,0.0453,1.6043,1.6043,1.5587,19.2433,2.45325443,1.00025034,0,11,0.64356,2.19415561,1.0,1.000000e+07,0,140,0.826239,1.0,in_box
t_nfw_sf_125c_vdd1.62v,t_nfw,B-2stage,2stage,10,4,8,1,40,4.608,110,sf,125,1.62,3.775600e-03,7.961420e-04,7.922830e-06,0.8194,0.7893,0.8307,0.687,4.946290e-03,8.012990e-03,0,0,-4.0527,16.1131,16.3588,-98.222,-0.0047,18.2834,47.8639,25.5672,1.7582,1.729,2.2308,2.2308,0.5018,2.2665,2.2665,2.2064,16.1131,4.29301868,1.0004082,0,11,0.626801,-1.26466632,1.0,1.000000e+07,0,140,0.827035,1.0,in_box
t_nfw_sf_125c_vdd1.80v,t_nfw,B-2stage,2stage,10,4,8,1,40,4.608,110,sf,125,1.80,3.802760e-03,8.022600e-04,7.977940e-06,0.8253,0.954,0.846,0.687,4.995420e-03,8.991750e-03,0,0,-4.0368,16.1685,16.412,-98.4613,-0.0045,18.3491,48.1111,25.6343,1.7549,1.7262,2.2273,2.2273,0.5011,2.2624,2.2624,2.2023,16.1685,4.19137296,1.00038821,0,11,0.627963,-0.71284191,1.0,1.000000e+07,0,140,0.827027,1.0,in_box
t_nfw_sf_125c_vdd1.98v,t_nfw,B-2stage,2stage,10,4,8,1,40,4.608,110,sf,125,1.98,3.835910e-03,8.092020e-04,7.952600e-06,0.8324,1.1186,0.8614,0.6871,5.051160e-03,1.000130e-02,1,0,-4.025,16.2353,16.4767,-98.6455,-0.0043,18.4237,48.3551,25.7101,1.7507,1.7226,2.223,2.223,0.5004,2.2573,2.2573,2.1973,16.2353,4.07303388,1.00036943,0,11,0.628828,0.14952525,1.0,1.000000e+07,0,140,0.826984,1.0,in_box
t_nfw_fs_-40c_vdd1.62v,t_nfw,B-2stage,2stage,10,4,8,1,40,4.608,110,fs,-40,1.62,4.088760e-03,8.421890e-04,2.730480e-06,0.8873,0.6284,0.9916,0.8541,5.275660e-03,8.546560e-03,0,0,-3.6545,21.2614,21.4072,-98.4528,-0.0039,23.7108,53.9794,31.0011,1.4557,1.4494,1.2009,1.2009,-0.2486,1.2062,1.2063,1.1704,21.2614,1.65226374,1.0001517,0,11,0.65621,1.51924082,1.0,1.000000e+07,0,140,0.825875,1.0,in_box
t_nfw_fs_-40c_vdd1.80v,t_nfw,B-2stage,2stage,10,4,8,1,40,4.608,110,fs,-40,1.80,4.131420e-03,8.512780e-04,2.763270e-06,0.8966,0.7932,1.0068,0.8541,5.342940e-03,9.617290e-03,0,0,-3.6393,21.3151,21.4585,-98.6731,-0.0038,23.7761,54.2002,31.0673,1.4536,1.4476,1.1993,1.1993,-0.2483,1.2044,1.2046,1.1687,21.3151,1.61127408,1.00013983,0,11,0.657369,1.55646609,1.0,1.000000e+07,0,140,0.825885,1.0,in_box
t_nfw_fs_-40c_vdd1.98v,t_nfw,B-2stage,2stage,10,4,8,1,40,4.608,110,fs,-40,1.98,4.175700e-03,8.607000e-04,2.794900e-06,0.9062,0.9579,1.0221,0.8541,5.412130e-03,1.071600e-02,1,0,-3.6267,21.3718,21.5129,-98.8426,-0.0036,23.8424,54.4151,31.1346,1.4515,1.4457,1.1977,1.1977,-0.248,1.2027,1.2028,1.167,21.3718,1.56337719,1.00012749,0,11,0.658329,1.51931117,1.0,1.000000e+07,0,140,0.825895,1.0,in_box
t_nfw_fs_27c_vdd1.62v,t_nfw,B-2stage,2stage,10,4,8,1,40,4.608,110,fs,27,1.62,3.946370e-03,8.239120e-04,4.937400e-06,0.8564,0.6902,0.9298,0.7898,5.128210e-03,8.307700e-03,0,0,-3.8525,19.1362,19.3271,-98.393,-0.0042,21.4414,51.3966,28.729,1.5634,1.5519,1.5973,1.5973,0.0454,1.6091,1.6091,1.5634,19.1362,2.57736391,1.00027989,0,11,0.64142,0.91472897,1.0,1.000000e+07,0,140,0.826218,1.0,in_box
t_nfw_fs_27c_vdd1.80v,t_nfw,B-2stage,2stage,10,4,8,1,40,4.608,110,fs,27,1.80,3.979180e-03,8.311670e-04,4.982990e-06,0.8635,0.8549,0.9451,0.7898,5.183900e-03,9.331020e-03,0,0,-3.8366,19.1885,19.3772,-98.6215,-0.0041,21.5048,51.6236,28.7937,1.5611,1.5498,1.5952,1.5952,0.0454,1.6067,1.6067,1.5611,19.1885,2.51969297,1.00026491,0,11,0.642611,1.88468935,1.0,1.000000e+07,0,140,0.826229,1.0,in_box
t_nfw_fs_27c_vdd1.98v,t_nfw,B-2stage,2stage,10,4,8,1,40,4.608,110,fs,27,1.98,4.013740e-03,8.387420e-04,5.021070e-06,0.871,1.0196,0.9604,0.7898,5.241580e-03,1.037830e-02,1,0,-3.8238,19.2446,19.4313,-98.7967,-0.0039,21.57,51.8428,28.8599,1.5586,1.5477,1.593,1.593,0.0453,1.6042,1.6042,1.5586,19.2446,2.4526486,1.00025028,0,11,0.643566,2.19377311,1.0,1.000000e+07,0,140,0.826236,1.0,in_box
t_nfw_fs_125c_vdd1.62v,t_nfw,B-2stage,2stage,10,4,8,1,40,4.608,110,fs,125,1.62,3.776240e-03,7.962850e-04,7.924200e-06,0.8195,0.7893,0.8307,0.687,4.950010e-03,8.019020e-03,0,0,-4.0526,16.1148,16.3605,-98.2219,-0.0047,18.2852,47.8657,25.5689,1.7581,1.729,2.2307,2.2307,0.5018,2.2664,2.2664,2.2063,16.1148,4.29194051,1.00040816,0,11,0.626804,-1.26608724,1.0,1.000000e+07,0,140,0.827033,1.0,in_box
t_nfw_fs_125c_vdd1.80v,t_nfw,B-2stage,2stage,10,4,8,1,40,4.608,110,fs,125,1.80,3.802950e-03,8.023020e-04,7.978340e-06,0.8253,0.954,0.846,0.687,4.998580e-03,8.997440e-03,0,0,-4.0367,16.169,16.4125,-98.4613,-0.0045,18.3496,48.1116,25.6348,1.7548,1.7262,2.2273,2.2273,0.5011,2.2624,2.2624,2.2023,16.169,4.19106606,1.00038819,0,11,0.627964,-0.7133208,1.0,1.000000e+07,0,140,0.827026,1.0,in_box
t_nfw_fs_125c_vdd1.98v,t_nfw,B-2stage,2stage,10,4,8,1,40,4.608,110,fs,125,1.98,3.835890e-03,8.091990e-04,7.952560e-06,0.8324,1.1186,0.8614,0.6871,5.054090e-03,1.000710e-02,1,0,-4.025,16.2353,16.4767,-98.6455,-0.0043,18.4237,48.355,25.7101,1.7507,1.7226,2.223,2.223,0.5004,2.2573,2.2573,2.1973,16.2353,4.07305759,1.00036943,0,11,0.628828,0.14955905,1.0,1.000000e+07,0,140,0.826984,1.0,in_box
t_bal_typ_-40c_vdd1.62v,t_bal,B-2stage,2stage,10,4,10,2,40,4.608,75,typ,-40,1.62,2.799910e-03,1.419090e-03,1.880660e-06,0.6076,0.6374,0.9826,0.8454,4.527150e-03,7.333980e-03,0,0,-3.842,24.5408,24.6436,-90.5389,-0.0122,26.8534,52.1534,34.0177,1.4957,1.4859,1.2319,1.2323,-0.254,1.2403,1.2409,1.2036,24.5408,1.30720647,1.00025143,0,11,0.641343,1.278766,1.0,1.000000e+07,0,140,0.830782,1.0,in_box
t_bal_typ_-40c_vdd1.80v,t_bal,B-2stage,2stage,10,4,10,2,40,4.608,75,typ,-40,1.80,2.822700e-03,1.430920e-03,1.897240e-06,0.6126,0.8022,0.9978,0.8454,4.577270e-03,8.239090e-03,0,0,-3.8268,24.5652,24.6652,-90.7511,-0.0117,26.8885,52.344,34.0556,1.4934,1.4839,1.2302,1.2307,-0.2537,1.2384,1.239,1.2018,24.5652,1.27550246,1.00022118,0,11,0.6425,1.24645428,1.0,1.000000e+07,0,140,0.830781,1.0,in_box
t_bal_typ_-40c_vdd1.98v,t_bal,B-2stage,2stage,10,4,10,2,40,4.608,75,typ,-40,1.98,2.846350e-03,1.443180e-03,1.912030e-06,0.6177,0.967,1.013,0.8454,4.628640e-03,9.164700e-03,0,0,-3.8145,24.5939,24.691,-90.916,-0.0113,26.9259,52.5318,34.0956,1.4911,1.4818,1.2284,1.2289,-0.2534,1.2364,1.2371,1.1998,24.5939,1.2371029,1.00018775,0,11,0.643446,1.20882888,1.0,1.000000e+07,0,140,0.830782,1.0,in_box
t_bal_typ_27c_vdd1.62v,t_bal,B-2stage,2stage,10,4,10,2,40,4.608,75,typ,27,1.62,2.695320e-03,1.373780e-03,3.380590e-06,0.5849,0.7019,0.9181,0.7787,4.390520e-03,7.112650e-03,0,0,-4.0043,22.5966,22.7769,-90.4825,-0.0134,24.7986,49.7622,31.955,1.6342,1.6137,1.6606,1.6606,0.0469,1.6816,1.6816,1.6342,22.5966,2.12075936,1.00072043,0,11,0.629506,2.12114084,1.0,1.000000e+07,0,140,0.831321,1.0,in_box
t_bal_typ_27c_vdd1.80v,t_bal,B-2stage,2stage,10,4,10,2,40,4.608,75,typ,27,1.80,2.712950e-03,1.383070e-03,3.403390e-06,0.5887,0.8667,0.9333,0.7787,4.433020e-03,7.979440e-03,0,0,-3.9895,22.6237,22.801,-90.7006,-0.0129,24.8354,49.9635,31.995,1.6316,1.6115,1.6583,1.6583,0.0469,1.6789,1.6789,1.6316,22.6237,2.07485995,1.00067725,0,11,0.630614,2.07508855,1.0,1.000000e+07,0,140,0.83132,1.0,in_box
t_bal_typ_27c_vdd1.98v,t_bal,B-2stage,2stage,10,4,10,2,40,4.608,75,typ,27,1.98,2.731840e-03,1.392930e-03,3.417670e-06,0.5928,1.0315,0.9485,0.7787,4.477280e-03,8.865010e-03,0,0,-3.978,22.6569,22.8315,-90.87,-0.0124,24.8763,50.1613,32.0388,1.6288,1.609,1.6558,1.6558,0.0468,1.6761,1.6761,1.6288,22.6569,2.01983986,1.00063364,0,11,0.631485,2.02008266,1.0,1.000000e+07,0,140,0.831318,1.0,in_box
t_bal_typ_125c_vdd1.62v,t_bal,B-2stage,2stage,10,4,10,2,40,4.608,75,typ,125,1.62,2.564940e-03,1.312350e-03,5.366570e-06,0.5566,0.8053,0.8147,0.6723,4.216610e-03,6.830910e-03,0,0,-4.0913,19.5543,19.8313,-90.2923,-0.015,21.6997,46.2452,28.8439,1.8808,1.8292,2.353,2.353,0.5238,2.4157,2.4157,2.3526,19.5543,3.65126544,1.00122021,0,11,0.623224,2.29056505,1.0,1.000000e+07,0,140,0.832104,1.0,in_box
t_bal_typ_125c_vdd1.80v,t_bal,B-2stage,2stage,10,4,10,2,40,4.608,75,typ,125,1.80,2.580000e-03,1.320290e-03,5.390150e-06,0.5599,0.9701,0.8299,0.6724,4.257240e-03,7.663030e-03,0,0,-4.0784,19.5884,19.8626,-90.518,-0.0144,21.7421,46.4706,28.8903,1.8769,1.826,2.3491,2.3491,0.5231,2.411,2.411,2.3479,19.5884,3.56702349,1.00115765,0,11,0.624198,2.67338598,1.0,1.000000e+07,0,140,0.832088,1.0,in_box
t_bal_typ_125c_vdd1.98v,t_bal,B-2stage,2stage,10,4,10,2,40,4.608,75,typ,125,1.98,2.601600e-03,1.331100e-03,5.330380e-06,0.5646,1.1347,0.8453,0.6725,4.305280e-03,8.524450e-03,0,0,-4.0695,19.6481,19.9191,-90.6945,-0.0138,21.8076,46.7088,28.9594,1.8711,1.8212,2.3433,2.3433,0.5221,2.404,2.404,2.3411,19.6481,3.46174924,1.00109676,0,11,0.624879,3.28054657,1.0,1.000000e+07,0,140,0.832051,1.0,in_box
t_bal_bcs_-40c_vdd1.62v,t_bal,B-2stage,2stage,10,4,10,2,40,4.608,75,bcs,-40,1.62,2.871490e-03,1.446920e-03,1.039710e-06,0.6232,0.6433,0.9767,0.8406,4.629230e-03,7.499350e-03,0,0,-3.6668,24.7012,24.7835,-92.0892,-0.0096,27.1413,53.4204,34.3307,1.3886,1.383,1.1444,1.1453,-0.2386,1.1491,1.1502,1.1149,24.7012,1.12993106,1.00009327,0,11,0.654643,1.08942125,1.0,1.000000e+07,0,140,0.831907,1.0,in_box
t_bal_bcs_-40c_vdd1.80v,t_bal,B-2stage,2stage,10,4,10,2,40,4.608,75,bcs,-40,1.80,2.897030e-03,1.459970e-03,1.049600e-06,0.6287,0.8081,0.9919,0.8407,4.683320e-03,8.429980e-03,0,0,-3.6538,24.7307,24.8101,-92.2887,-0.0093,27.1806,53.6205,34.3724,1.3861,1.3807,1.1424,1.1434,-0.2383,1.147,1.1482,1.1128,24.7307,1.09586268,1.00006763,0,11,0.655657,1.05571733,1.0,1.000000e+07,0,140,0.831904,1.0,in_box
t_bal_bcs_-40c_vdd1.98v,t_bal,B-2stage,2stage,10,4,10,2,40,4.608,75,bcs,-40,1.98,2.923670e-03,1.473550e-03,1.056910e-06,0.6345,0.9729,1.0071,0.8407,4.738990e-03,9.383200e-03,0,0,-3.643,24.7641,24.8407,-92.4442,-0.0089,27.2223,53.817,34.4163,1.3836,1.3783,1.1404,1.1413,-0.2379,1.1449,1.146,1.1107,24.7641,1.05673658,1.00003954,0,11,0.656499,1.01803245,1.0,1.000000e+07,0,140,0.831901,1.0,in_box
t_bal_bcs_27c_vdd1.62v,t_bal,B-2stage,2stage,10,4,10,2,40,4.608,75,bcs,27,1.62,2.815360e-03,1.423340e-03,1.899010e-06,0.611,0.7094,0.9106,0.7733,4.562640e-03,7.391480e-03,0,0,-3.804,22.9074,23.0629,-92.0262,-0.0106,25.2469,51.188,32.4298,1.5214,1.5096,1.554,1.554,0.0444,1.5661,1.5662,1.5214,22.9074,1.8325657,1.00047889,0,11,0.644418,1.30478933,1.0,1.000000e+07,0,140,0.83314,1.0,in_box
t_bal_bcs_27c_vdd1.80v,t_bal,B-2stage,2stage,10,4,10,2,40,4.608,75,bcs,27,1.80,2.835840e-03,1.433890e-03,1.912860e-06,0.6154,0.8741,0.9259,0.7733,4.609250e-03,8.296650e-03,0,0,-3.7913,22.9405,23.0931,-92.2306,-0.0102,25.289,51.3999,32.4746,1.5186,1.5071,1.5514,1.5514,0.0443,1.5632,1.5634,1.5186,22.9405,1.78406589,1.00044306,0,11,0.645391,1.77733462,1.0,1.000000e+07,0,140,0.833135,1.0,in_box
t_bal_bcs_27c_vdd1.98v,t_bal,B-2stage,2stage,10,4,10,2,40,4.608,75,bcs,27,1.98,2.858040e-03,1.445220e-03,1.914990e-06,0.6202,1.0389,0.9411,0.7733,4.658280e-03,9.223390e-03,0,0,-3.7812,22.9799,23.1296,-92.39,-0.0098,25.3357,51.6079,32.5237,1.5155,1.5043,1.5486,1.5486,0.0443,1.56,1.5602,1.5155,22.9799,1.72888564,1.00040687,0,11,0.64617,1.72344766,1.0,1.000000e+07,0,140,0.83313,1.0,in_box
t_bal_bcs_125c_vdd1.62v,t_bal,B-2stage,2stage,10,4,10,2,40,4.608,75,bcs,125,1.62,2.737220e-03,1.387140e-03,3.071120e-06,0.594,0.8148,0.8052,0.666,4.467860e-03,7.237940e-03,0,0,-3.8872,20.1289,20.376,-91.8378,-0.0119,22.4099,47.9308,29.5827,1.7467,1.7117,2.2096,2.2096,0.4979,2.2524,2.2524,2.1926,20.1289,3.11695594,1.00089525,0,11,0.638275,-1.87773916,1.0,1.000000e+07,0,140,0.834381,1.0,in_box
t_bal_bcs_125c_vdd1.80v,t_bal,B-2stage,2stage,10,4,10,2,40,4.608,75,bcs,125,1.80,2.755350e-03,1.396460e-03,3.079950e-06,0.5979,0.9795,0.8205,0.6661,4.511110e-03,8.119990e-03,0,0,-3.8761,20.1704,20.4147,-92.0487,-0.0114,22.4592,48.1681,29.6353,1.7427,1.7083,2.2054,2.2054,0.4971,2.2475,2.2475,2.1877,20.1704,3.03173251,1.00084407,0,11,0.639129,-1.27937498,1.0,1.000000e+07,0,140,0.834362,1.0,in_box
t_bal_bcs_125c_vdd1.98v,t_bal,B-2stage,2stage,10,4,10,2,40,4.608,75,bcs,125,1.98,2.783200e-03,1.409990e-03,2.974790e-06,0.604,1.1441,0.8359,0.6662,4.568100e-03,9.044850e-03,0,0,-3.8683,20.2445,20.4853,-92.2144,-0.0109,22.5387,48.4253,29.7179,1.7361,1.7027,2.1986,2.1986,0.4959,2.2395,2.2395,2.1799,20.2445,2.92675298,1.0007931,0,11,0.639737,-0.12830878,1.0,1.000000e+07,0,140,0.834328,1.0,in_box
t_bal_wcs_-40c_vdd1.62v,t_bal,B-2stage,2stage,10,4,10,2,40,4.608,75,wcs,-40,1.62,2.688000e-03,1.374350e-03,3.194440e-06,0.5833,0.6297,0.9903,0.8512,4.368240e-03,7.076550e-03,0,0,-4.034,24.285,24.4109,-89.1289,-0.015,26.4674,50.895,33.6055,1.6247,1.606,1.3345,1.3345,-0.2715,1.3505,1.3506,1.3111,24.285,1.51295362,1.00046561,0,11,0.627069,1.5019267,1.0,1.000000e+07,0,140,0.828905,1.0,in_box
t_bal_wcs_-40c_vdd1.80v,t_bal,B-2stage,2stage,10,4,10,2,40,4.608,75,wcs,-40,1.80,2.707500e-03,1.384730e-03,3.219750e-06,0.5876,0.7946,1.0054,0.8512,4.413610e-03,7.944510e-03,0,0,-4.0167,24.3039,24.427,-89.3537,-0.0145,26.4977,51.0749,33.639,1.6227,1.6044,1.3331,1.3331,-0.2713,1.3488,1.3489,1.3094,24.3039,1.48469875,1.00043073,0,11,0.628367,1.47224478,1.0,1.000000e+07,0,140,0.828911,1.0,in_box
t_bal_wcs_-40c_vdd1.98v,t_bal,B-2stage,2stage,10,4,10,2,40,4.608,75,wcs,-40,1.98,2.727570e-03,1.395390e-03,3.244010e-06,0.5919,0.9594,1.0206,0.8512,4.459800e-03,8.830400e-03,0,0,-4.0029,24.3272,24.4477,-89.5275,-0.014,26.5301,51.253,33.6745,1.6206,1.6026,1.3316,1.3316,-0.271,1.347,1.3472,1.3077,24.3272,1.44763563,1.00039175,0,11,0.629408,1.4349866,1.0,1.000000e+07,0,140,0.828919,1.0,in_box
t_bal_wcs_27c_vdd1.62v,t_bal,B-2stage,2stage,10,4,10,2,40,4.608,75,wcs,27,1.62,2.517980e-03,1.298640e-03,5.605580e-06,0.5464,0.6922,0.9278,0.7853,4.135890e-03,6.700140e-03,0,0,-4.2246,22.0819,22.2919,-89.0835,-0.0165,24.1443,48.2294,31.2727,1.7766,1.7424,1.7924,1.7924,0.0499,1.8273,1.8273,1.7766,22.0819,2.49509666,1.00103677,0,11,0.613505,2.47658238,1.0,1.000000e+07,0,140,0.828574,1.0,in_box
t_bal_wcs_27c_vdd1.80v,t_bal,B-2stage,2stage,10,4,10,2,40,4.608,75,wcs,27,1.80,2.532220e-03,1.306380e-03,5.638560e-06,0.5495,0.857,0.943,0.7853,4.173470e-03,7.512250e-03,0,0,-4.2077,22.1022,22.3094,-89.3155,-0.0159,24.1748,48.4187,31.307,1.7742,1.7405,1.7904,1.7904,0.0499,1.8249,1.8249,1.7742,22.1022,2.45355849,1.00098555,0,11,0.614743,2.43812906,1.0,1.000000e+07,0,140,0.82858,1.0,in_box
t_bal_wcs_27c_vdd1.98v,t_bal,B-2stage,2stage,10,4,10,2,40,4.608,75,wcs,27,1.98,2.547300e-03,1.314520e-03,5.666120e-06,0.5528,1.0218,0.9582,0.7853,4.212180e-03,8.340130e-03,0,0,-4.1949,22.1286,22.3333,-89.4945,-0.0154,24.2092,48.6053,31.3448,1.7717,1.7384,1.7883,1.7883,0.0499,1.8223,1.8223,1.7716,22.1286,2.39934539,1.00093383,0,11,0.615696,2.38543298,1.0,1.000000e+07,0,140,0.828585,1.0,in_box
t_bal_wcs_125c_vdd1.62v,t_bal,B-2stage,2stage,10,4,10,2,40,4.608,75,wcs,125,1.62,2.323850e-03,1.204960e-03,8.662300e-06,0.5043,0.7933,0.8267,0.6798,3.867940e-03,6.266070e-03,0,0,-4.3031,18.6038,18.9175,-88.8936,-0.0186,20.6192,44.2865,27.7331,2.0624,1.9862,2.5434,2.5434,0.5571,2.6352,2.6352,2.5679,18.6038,4.44470214,1.00162673,0,11,0.607968,4.19875176,1.0,1.000000e+07,0,140,0.828877,1.0,in_box
t_bal_wcs_125c_vdd1.80v,t_bal,B-2stage,2stage,10,4,10,2,40,4.608,75,wcs,125,1.80,2.335520e-03,1.211340e-03,8.700520e-06,0.5068,0.9581,0.8419,0.6799,3.901800e-03,7.023250e-03,0,0,-4.2884,18.6301,18.941,-89.1344,-0.0178,20.6542,44.4989,27.7728,2.0586,1.9832,2.5397,2.5397,0.5565,2.6307,2.6307,2.5634,18.6301,4.36181575,1.00155143,0,11,0.609053,4.12402495,1.0,1.000000e+07,0,140,0.828867,1.0,in_box
t_bal_wcs_125c_vdd1.98v,t_bal,B-2stage,2stage,10,4,10,2,40,4.608,75,wcs,125,1.98,2.350960e-03,1.219380e-03,8.683490e-06,0.5102,1.1228,0.8572,0.6799,3.940920e-03,7.803020e-03,0,0,-4.2785,18.6754,18.9834,-89.3213,-0.0171,20.7053,44.7174,27.8282,2.0536,1.9791,2.5348,2.5348,0.5557,2.6246,2.6246,2.5575,18.6754,4.25491553,1.00147957,0,11,0.609798,4.02389413,1.0,1.000000e+07,0,140,0.828836,1.0,in_box
t_bal_sf_-40c_vdd1.62v,t_bal,B-2stage,2stage,10,4,10,2,40,4.608,75,sf,-40,1.62,2.799580e-03,1.418920e-03,1.880440e-06,0.6075,0.6374,0.9826,0.8454,4.525130e-03,7.330710e-03,0,0,-3.842,24.5401,24.643,-90.5389,-0.0122,26.8527,52.1527,34.017,1.4957,1.4859,1.2319,1.2324,-0.254,1.2403,1.2409,1.2037,24.5401,1.30744333,1.0002516,0,11,0.641339,1.27901994,1.0,1.000000e+07,0,140,0.830783,1.0,in_box
t_bal_sf_-40c_vdd1.80v,t_bal,B-2stage,2stage,10,4,10,2,40,4.608,75,sf,-40,1.80,2.822440e-03,1.430790e-03,1.897070e-06,0.6125,0.8022,0.9978,0.8454,4.575350e-03,8.235640e-03,0,0,-3.8269,24.5647,24.6647,-90.7512,-0.0117,26.888,52.3434,34.0551,1.4935,1.4839,1.2302,1.2307,-0.2537,1.2384,1.239,1.2018,24.5647,1.27569185,1.00022132,0,11,0.642497,1.2466576,1.0,1.000000e+07,0,140,0.830782,1.0,in_box
t_bal_sf_-40c_vdd1.98v,t_bal,B-2stage,2stage,10,4,10,2,40,4.608,75,sf,-40,1.98,2.846130e-03,1.443070e-03,1.911890e-06,0.6176,0.967,1.013,0.8454,4.626770e-03,9.161000e-03,0,0,-3.8145,24.5934,24.6906,-90.916,-0.0113,26.9254,52.5312,34.0952,1.4912,1.4818,1.2285,1.2289,-0.2534,1.2364,1.2371,1.1999,24.5934,1.23726131,1.00018787,0,11,0.643443,1.20899922,1.0,1.000000e+07,0,140,0.830783,1.0,in_box
t_bal_sf_27c_vdd1.62v,t_bal,B-2stage,2stage,10,4,10,2,40,4.608,75,sf,27,1.62,2.695120e-03,1.373680e-03,3.380340e-06,0.5849,0.7019,0.9181,0.7787,4.388740e-03,7.109750e-03,0,0,-4.0043,22.5961,22.7763,-90.4825,-0.0134,24.798,49.7616,31.9544,1.6342,1.6137,1.6606,1.6606,0.0469,1.6817,1.6817,1.6342,22.5961,2.12100605,1.00072054,0,11,0.629504,2.12138516,1.0,1.000000e+07,0,140,0.831322,1.0,in_box
t_bal_sf_27c_vdd1.80v,t_bal,B-2stage,2stage,10,4,10,2,40,4.608,75,sf,27,1.80,2.712830e-03,1.383000e-03,3.403230e-06,0.5887,0.8667,0.9333,0.7787,4.431340e-03,7.976420e-03,0,0,-3.9896,22.6233,22.8007,-90.7007,-0.0129,24.835,49.9631,31.9946,1.6316,1.6115,1.6583,1.6583,0.0469,1.679,1.679,1.6316,22.6233,2.07501202,1.00067732,0,11,0.630613,2.07524173,1.0,1.000000e+07,0,140,0.83132,1.0,in_box
t_bal_sf_27c_vdd1.98v,t_bal,B-2stage,2stage,10,4,10,2,40,4.608,75,sf,27,1.98,2.731750e-03,1.392890e-03,3.417570e-06,0.5928,1.0315,0.9485,0.7787,4.475660e-03,8.861800e-03,0,0,-3.9781,22.6566,22.8313,-90.87,-0.0124,24.876,50.1611,32.0386,1.6288,1.609,1.6558,1.6558,0.0468,1.6761,1.6761,1.6288,22.6566,2.01993519,1.00063368,0,11,0.631484,2.02017869,1.0,1.000000e+07,0,140,0.831318,1.0,in_box
t_bal_sf_125c_vdd1.62v,t_bal,B-2stage,2stage,10,4,10,2,40,4.608,75,sf,125,1.62,2.564900e-03,1.312320e-03,5.366490e-06,0.5566,0.8053,0.8147,0.6723,4.217740e-03,6.832740e-03,0,0,-4.0913,19.5541,19.8311,-90.2923,-0.015,21.6996,46.2451,28.8438,1.8808,1.8292,2.353,2.353,0.5238,2.4157,2.4157,2.3526,19.5541,3.65134855,1.00122023,0,11,0.623225,2.29068007,1.0,1.000000e+07,0,140,0.832104,1.0,in_box
t_bal_sf_125c_vdd1.80v,t_bal,B-2stage,2stage,10,4,10,2,40,4.608,75,sf,125,1.80,2.580070e-03,1.320320e-03,5.390300e-06,0.5599,0.9701,0.8299,0.6724,4.255930e-03,7.660670e-03,0,0,-4.0784,19.5887,19.8629,-90.518,-0.0144,21.7424,46.4709,28.8906,1.8769,1.826,2.3491,2.3491,0.5231,2.411,2.411,2.3479,19.5887,3.56687932,1.00115762,0,11,0.624198,2.67318002,1.0,1.000000e+07,0,140,0.832088,1.0,in_box
t_bal_sf_125c_vdd1.98v,t_bal,B-2stage,2stage,10,4,10,2,40,4.608,75,sf,125,1.98,2.601740e-03,1.331170e-03,5.330670e-06,0.5646,1.1347,0.8453,0.6725,4.304070e-03,8.522050e-03,0,0,-4.0695,19.6487,19.9196,-90.6945,-0.0138,21.8081,46.7093,28.96,1.8711,1.8212,2.3433,2.3433,0.5221,2.404,2.404,2.3411,19.6487,3.46147396,1.0010967,0,11,0.624879,3.28015977,1.0,1.000000e+07,0,140,0.832051,1.0,in_box
t_bal_fs_-40c_vdd1.62v,t_bal,B-2stage,2stage,10,4,10,2,40,4.608,75,fs,-40,1.62,2.800240e-03,1.419260e-03,1.880870e-06,0.6077,0.6374,0.9826,0.8454,4.529280e-03,7.337440e-03,0,0,-3.8419,24.5415,24.6444,-90.5388,-0.0122,26.8542,52.1544,34.0185,1.4956,1.4858,1.2319,1.2323,-0.254,1.2402,1.2409,1.2036,24.5415,1.30690764,1.00025121,0,11,0.641348,1.27844562,1.0,1.000000e+07,0,140,0.83078,1.0,in_box
t_bal_fs_-40c_vdd1.80v,t_bal,B-2stage,2stage,10,4,10,2,40,4.608,75,fs,-40,1.80,2.823000e-03,1.431080e-03,1.897440e-06,0.6126,0.8022,0.9978,0.8454,4.579370e-03,8.242870e-03,0,0,-3.8268,24.5658,24.6658,-90.7511,-0.0117,26.8892,52.3447,34.0563,1.4934,1.4838,1.2302,1.2306,-0.2537,1.2383,1.239,1.2017,24.5658,1.27527595,1.00022102,0,11,0.642504,1.24621109,1.0,1.000000e+07,0,140,0.83078,1.0,in_box
t_bal_fs_-40c_vdd1.98v,t_bal,B-2stage,2stage,10,4,10,2,40,4.608,75,fs,-40,1.98,2.846600e-03,1.443320e-03,1.912200e-06,0.6178,0.967,1.013,0.8454,4.630680e-03,9.168740e-03,0,0,-3.8145,24.5943,24.6915,-90.916,-0.0113,26.9264,52.5324,34.0961,1.4911,1.4818,1.2284,1.2289,-0.2534,1.2364,1.237,1.1998,24.5943,1.23692065,1.00018762,0,11,0.643449,1.20863291,1.0,1.000000e+07,0,140,0.830781,1.0,in_box
t_bal_fs_27c_vdd1.62v,t_bal,B-2stage,2stage,10,4,10,2,40,4.608,75,fs,27,1.62,2.695640e-03,1.373950e-03,3.380980e-06,0.585,0.7019,0.9181,0.7787,4.392580e-03,7.115990e-03,0,0,-4.0042,22.5975,22.7777,-90.4825,-0.0134,24.7995,49.7632,31.9559,1.6341,1.6136,1.6605,1.6605,0.0469,1.6816,1.6816,1.6341,22.5975,2.12037869,1.00072027,0,11,0.629508,2.12076384,1.0,1.000000e+07,0,140,0.83132,1.0,in_box
t_bal_fs_27c_vdd1.80v,t_bal,B-2stage,2stage,10,4,10,2,40,4.608,75,fs,27,1.80,2.713140e-03,1.383170e-03,3.403630e-06,0.5888,0.8667,0.9333,0.7787,4.434910e-03,7.982830e-03,0,0,-3.9895,22.6242,22.8015,-90.7006,-0.0129,24.8359,49.9641,31.9955,1.6316,1.6114,1.6583,1.6583,0.0469,1.6789,1.6789,1.6316,22.6242,2.07463427,1.00067715,0,11,0.630615,2.07486122,1.0,1.000000e+07,0,140,0.831319,1.0,in_box
t_bal_fs_27c_vdd1.98v,t_bal,B-2stage,2stage,10,4,10,2,40,4.608,75,fs,27,1.98,2.731970e-03,1.393000e-03,3.417840e-06,0.5929,1.0315,0.9485,0.7787,4.479070e-03,8.868560e-03,0,0,-3.978,22.6572,22.8318,-90.87,-0.0124,24.8766,50.1617,32.0392,1.6288,1.609,1.6558,1.6558,0.0468,1.676,1.676,1.6287,22.6572,2.01968903,1.00063357,0,11,0.631486,2.01993071,1.0,1.000000e+07,0,140,0.831318,1.0,in_box
t_bal_fs_125c_vdd1.62v,t_bal,B-2stage,2stage,10,4,10,2,40,4.608,75,fs,125,1.62,2.565170e-03,1.312460e-03,5.367040e-06,0.5567,0.8053,0.8147,0.6723,4.220300e-03,6.836880e-03,0,0,-4.0913,19.5552,19.8322,-90.2923,-0.015,21.7006,46.2462,28.8448,1.8807,1.8291,2.3529,2.3529,0.5238,2.4156,2.4156,2.3525,19.5552,3.65077414,1.00122011,0,11,0.623224,2.28986231,1.0,1.000000e+07,0,140,0.832103,1.0,in_box
t_bal_fs_125c_vdd1.80v,t_bal,B-2stage,2stage,10,4,10,2,40,4.608,75,fs,125,1.80,2.580020e-03,1.320300e-03,5.390200e-06,0.5599,0.9701,0.8299,0.6724,4.258790e-03,7.665830e-03,0,0,-4.0784,19.5885,19.8627,-90.518,-0.0144,21.7422,46.4707,28.8904,1.8769,1.826,2.3491,2.3491,0.5231,2.411,2.411,2.3479,19.5885,3.56697787,1.00115764,0,11,0.624198,2.67331814,1.0,1.000000e+07,0,140,0.832088,1.0,in_box
t_bal_fs_125c_vdd1.98v,t_bal,B-2stage,2stage,10,4,10,2,40,4.608,75,fs,125,1.98,2.601550e-03,1.331070e-03,5.330270e-06,0.5646,1.1347,0.8453,0.6725,4.305950e-03,8.525790e-03,0,0,-4.0695,19.6479,19.9189,-90.6945,-0.0138,21.8074,46.7086,28.9592,1.8712,1.8212,2.3433,2.3433,0.5221,2.404,2.404,2.3411,19.6479,3.46186118,1.00109678,0,11,0.624879,3.28073355,1.0,1.000000e+07,0,140,0.832052,1.0,in_box
t_lownf_typ_-40c_vdd1.62v,t_lownf,B-2stage,2stage,10,8,10,2,80,9.216,45,typ,-40,1.62,3.261100e-03,8.361350e-04,2.224640e-06,0.3539,0.6492,0.9708,0.8335,4.375430e-03,7.088190e-03,0,0,-4.6118,23.3967,23.6614,-84.9519,-0.011,25.2395,51.1925,32.4097,1.2609,1.2351,1.0191,1.0191,-0.216,1.0409,1.0415,1.0095,23.3967,0.66134262,0.99955447,11,11,0.586841,0.39636924,0.9985974,3.349654e+09,15,140,0.834451,1.0,in_box
t_lownf_typ_-40c_vdd1.80v,t_lownf,B-2stage,2stage,10,8,10,2,80,9.216,45,typ,-40,1.80,3.279100e-03,8.409500e-04,2.236770e-06,0.3558,0.8141,0.9859,0.8335,4.413730e-03,7.944720e-03,0,0,-4.5899,23.4096,23.6713,-85.149,-0.0106,25.2641,51.3777,32.437,1.2591,1.2337,1.0179,1.0179,-0.2158,1.0393,1.04,1.008,23.4096,0.64140994,0.99953708,11,11,0.588365,0.37849627,0.99858398,3.349654e+09,15,140,0.834441,1.0,in_box
t_lownf_typ_-40c_vdd1.98v,t_lownf,B-2stage,2stage,10,8,10,2,80,9.216,45,typ,-40,1.98,3.298240e-03,8.460280e-04,2.245330e-06,0.3579,0.9789,1.0011,0.8335,4.453370e-03,8.817670e-03,0,0,-4.5715,23.4285,23.6873,-85.3035,-0.0102,25.2928,51.565,32.4682,1.2572,1.2321,1.0166,1.0166,-0.2156,1.0378,1.0384,1.0065,23.4285,0.61693511,0.99951221,11,11,0.589644,0.35614123,0.99855438,3.349654e+09,16,140,0.834436,1.0,in_box
t_lownf_typ_27c_vdd1.62v,t_lownf,B-2stage,2stage,10,8,10,2,80,9.216,45,typ,27,1.62,3.071770e-03,7.949100e-04,3.895320e-06,0.3333,0.7177,0.9023,0.763,4.158120e-03,6.736150e-03,0,0,-4.9901,20.8103,21.1473,-85.0214,-0.0129,22.4658,47.7419,29.6249,1.4044,1.3796,1.4207,1.4207,0.0412,1.4461,1.4461,1.4043,20.8103,1.44263965,1.0004138,0,11,0.561923,0.9532645,0.99991865,3.349654e+09,2,140,0.834052,1.0,in_box
t_lownf_typ_27c_vdd1.80v,t_lownf,B-2stage,2stage,10,8,10,2,80,9.216,45,typ,27,1.80,3.085480e-03,7.986490e-04,3.910770e-06,0.3348,0.8826,0.9174,0.763,4.191130e-03,7.544030e-03,0,0,-4.9675,20.8233,21.1574,-85.2198,-0.0124,22.4893,47.9335,29.6515,1.402,1.3778,1.4189,1.4189,0.0411,1.4437,1.4437,1.402,20.8233,1.41009059,1.00037604,0,11,0.563422,0.92385567,0.99987001,3.349654e+09,3,140,0.83404,1.0,in_box
t_lownf_typ_27c_vdd1.98v,t_lownf,B-2stage,2stage,10,8,10,2,80,9.216,45,typ,27,1.98,3.101720e-03,8.029360e-04,3.910480e-06,0.3366,1.0474,0.9326,0.763,4.227140e-03,8.369730e-03,0,0,-4.9488,20.8465,21.1777,-85.3756,-0.012,22.5213,48.1271,29.6864,1.3994,1.3756,1.4166,1.4166,0.0411,1.4411,1.4411,1.3994,20.8465,1.37054277,1.00033518,0,11,0.564668,0.88812923,0.99981169,3.349654e+09,3,140,0.834031,1.0,in_box
t_lownf_typ_125c_vdd1.62v,t_lownf,B-2stage,2stage,10,8,10,2,80,9.216,45,typ,125,1.62,2.851130e-03,7.417190e-04,5.983310e-06,0.3094,0.8276,0.7924,0.6506,3.904120e-03,6.324670e-03,0,0,-5.2465,17.0712,17.489,-84.9848,-0.015,18.6127,43.2503,25.7576,1.6603,1.6207,2.0979,2.0979,0.4772,2.1465,2.1465,2.0889,17.0712,2.95410649,1.00112281,0,11,0.545607,2.12926626,1.0,1.000000e+07,0,140,0.8341,1.0,in_box
t_lownf_typ_125c_vdd1.80v,t_lownf,B-2stage,2stage,10,8,10,2,80,9.216,45,typ,125,1.80,2.864650e-03,7.453250e-04,5.988180e-06,0.3108,0.9924,0.8076,0.6506,3.937010e-03,7.086620e-03,0,0,-5.226,17.0951,17.5096,-85.1841,-0.0143,18.6453,43.4676,25.7942,1.6561,1.6173,2.0938,2.0938,0.4765,2.1414,2.1414,2.0838,17.0951,2.88211209,1.00106231,0,11,0.546937,2.06388948,1.0,1.000000e+07,0,140,0.834069,1.0,in_box
t_lownf_typ_125c_vdd1.98v,t_lownf,B-2stage,2stage,10,8,10,2,80,9.216,45,typ,125,1.98,2.895840e-03,7.527910e-04,5.847050e-06,0.3142,1.1569,0.8231,0.6509,3.991250e-03,7.902680e-03,0,0,-5.2091,17.1826,17.5933,-85.3403,-0.0138,18.7401,43.74,25.8926,1.6474,1.6098,2.0846,2.0846,0.4747,2.1307,2.1307,2.0734,17.1826,2.77854114,1.00099872,0,11,0.548034,1.9729774,1.0,1.000000e+07,0,140,0.834025,1.0,in_box
t_lownf_bcs_-40c_vdd1.62v,t_lownf,B-2stage,2stage,10,8,10,2,80,9.216,45,bcs,-40,1.62,3.391760e-03,8.602690e-04,1.247010e-06,0.368,0.6545,0.9655,0.8293,4.533040e-03,7.343520e-03,0,0,-4.3074,23.49,23.7234,-86.432,-0.0088,25.5028,52.4002,32.6968,1.1901,1.1626,0.9579,0.958,-0.2047,0.9811,0.982,0.9513,23.49,0.55538307,0.99948334,11,11,0.608015,0.31270226,0.99852395,3.548134e+09,21,140,0.836006,1.0,in_box
t_lownf_bcs_-40c_vdd1.80v,t_lownf,B-2stage,2stage,10,8,10,2,80,9.216,45,bcs,-40,1.80,3.412320e-03,8.656100e-04,1.254340e-06,0.3703,0.8194,0.9806,0.8293,4.574430e-03,8.233970e-03,0,0,-4.2883,23.5085,23.739,-86.6186,-0.0084,25.5327,52.5988,32.729,1.1883,1.161,0.9566,0.9567,-0.2045,0.9795,0.9804,0.9498,23.5085,0.53351592,0.99946712,11,11,0.609391,0.2946327,0.99850788,3.548134e+09,22,140,0.835996,1.0,in_box
t_lownf_bcs_-40c_vdd1.98v,t_lownf,B-2stage,2stage,10,8,10,2,80,9.216,45,bcs,-40,1.98,3.434300e-03,8.712680e-04,1.256920e-06,0.3726,0.9843,0.9957,0.8293,4.617490e-03,9.142620e-03,0,0,-4.272,23.5329,23.7606,-86.7652,-0.0081,25.5667,52.7983,32.7651,1.1864,1.1592,0.9551,0.9552,-0.2042,0.978,0.9788,0.9483,23.5329,0.50818628,0.99944499,11,11,0.610561,0.2726575,0.99847812,3.548134e+09,22,140,0.83599,1.0,in_box
t_lownf_bcs_27c_vdd1.62v,t_lownf,B-2stage,2stage,10,8,10,2,80,9.216,45,bcs,27,1.62,3.279660e-03,8.365610e-04,2.235710e-06,0.3559,0.7242,0.8958,0.7583,4.410350e-03,7.144770e-03,0,0,-4.6196,21.1526,21.452,-86.4674,-0.0102,22.9913,49.271,30.1764,1.3171,1.2955,1.3345,1.3345,0.039,1.3567,1.3567,1.3171,21.1526,1.21099476,1.00018044,0,11,0.586622,0.77276777,0.99960695,3.548134e+09,5,140,0.836247,1.0,in_box
t_lownf_bcs_27c_vdd1.80v,t_lownf,B-2stage,2stage,10,8,10,2,80,9.216,45,bcs,27,1.80,3.296130e-03,8.408870e-04,2.244950e-06,0.3577,0.8891,0.9109,0.7584,4.446700e-03,8.004060e-03,0,0,-4.5997,21.1717,21.4682,-86.6551,-0.0098,23.021,49.4749,30.2087,1.3149,1.2936,1.3326,1.3326,0.039,1.3544,1.3544,1.3149,21.1717,1.17709162,1.00014884,0,11,0.588002,0.74188195,0.99956152,3.548134e+09,7,140,0.836235,1.0,in_box
t_lownf_bcs_27c_vdd1.98v,t_lownf,B-2stage,2stage,10,8,10,2,80,9.216,45,bcs,27,1.98,3.316080e-03,8.459430e-04,2.233000e-06,0.3598,1.0539,0.9261,0.7584,4.487190e-03,8.884640e-03,0,0,-4.5827,21.2019,21.4956,-86.8029,-0.0095,23.0602,49.6811,30.2503,1.3122,1.2912,1.3302,1.3302,0.0389,1.3517,1.3517,1.3122,21.2019,1.13764593,1.00011433,0,11,0.589176,0.70606382,0.99950705,3.548134e+09,7,140,0.836228,1.0,in_box
t_lownf_bcs_125c_vdd1.62v,t_lownf,B-2stage,2stage,10,8,10,2,80,9.216,45,bcs,125,1.62,3.136600e-03,8.029750e-04,3.528200e-06,0.3403,0.8354,0.7846,0.6455,4.253400e-03,6.890500e-03,0,0,-4.8685,17.8277,18.2015,-86.403,-0.0119,19.5407,45.1859,26.7141,1.5341,1.5067,1.9573,1.9573,0.4506,1.9912,1.9912,1.9368,17.8277,2.41284295,1.00078204,0,11,0.570078,1.66196449,1.0,1.000000e+07,0,140,0.836624,1.0,vbe1=0.6455_outside_0.65-0.96
t_lownf_bcs_125c_vdd1.80v,t_lownf,B-2stage,2stage,10,8,10,2,80,9.216,45,bcs,125,1.80,3.153940e-03,8.074020e-04,3.517440e-06,0.3422,1.0002,0.7998,0.6456,4.290900e-03,7.723610e-03,0,0,-4.8495,17.8594,18.2301,-86.5918,-0.0113,19.5816,45.417,26.7584,1.5302,1.5034,1.9532,1.9532,0.4498,1.9863,1.9863,1.9321,17.8594,2.34365796,1.00073273,0,11,0.571361,1.59947931,1.0,1.000000e+07,0,140,0.836592,1.0,vbe1=0.6456_outside_0.65-0.96
t_lownf_bcs_125c_vdd1.98v,t_lownf,B-2stage,2stage,10,8,10,2,80,9.216,45,bcs,125,1.98,3.197010e-03,8.173040e-04,3.305780e-06,0.3469,1.1647,0.8153,0.646,4.359450e-03,8.631720e-03,0,0,-4.832,17.9696,18.3361,-86.7395,-0.0109,19.7005,45.721,26.8803,1.5209,1.4949,1.9427,1.9427,0.4478,1.9748,1.9748,1.9208,17.9696,2.24261252,1.00067757,0,11,0.572546,1.51250013,1.0,1.000000e+07,0,140,0.836571,1.0,vbe1=0.6460_outside_0.65-0.96
t_lownf_wcs_-40c_vdd1.62v,t_lownf,B-2stage,2stage,10,8,10,2,80,9.216,45,wcs,-40,1.62,3.066150e-03,7.988610e-04,3.704190e-06,0.3327,0.6423,0.9777,0.8386,4.140760e-03,6.708030e-03,0,0,-4.9608,23.1496,23.4484,-83.6276,-0.0136,24.8187,49.8747,31.9639,1.3521,1.3264,1.0964,1.0964,-0.2301,1.1181,1.1185,1.0846,23.1496,0.80083502,0.9997139,11,11,0.563492,0.50479071,0.99882956,3.349654e+09,10,140,0.83205,1.0,in_box
t_lownf_wcs_-40c_vdd1.80v,t_lownf,B-2stage,2stage,10,8,10,2,80,9.216,45,wcs,-40,1.80,3.081090e-03,8.030290e-04,3.722070e-06,0.3343,0.8072,0.9928,0.8386,4.175350e-03,7.515620e-03,0,0,-4.9361,23.1566,23.4524,-83.8346,-0.0131,24.8374,50.0487,31.9857,1.3502,1.3251,1.0952,1.0952,-0.2299,1.1165,1.1168,1.0831,23.1566,0.78339203,0.99969523,11,11,0.56514,0.48928132,0.99880304,3.349654e+09,10,140,0.832043,1.0,in_box
t_lownf_wcs_-40c_vdd1.98v,t_lownf,B-2stage,2stage,10,8,10,2,80,9.216,45,wcs,-40,1.98,3.096790e-03,8.073760e-04,3.737510e-06,0.336,0.9721,1.0079,0.8387,4.210810e-03,8.337410e-03,0,0,-4.9158,23.1697,23.4627,-83.9963,-0.0126,24.8601,50.2251,32.0112,1.3483,1.3237,1.094,1.094,-0.2296,1.1149,1.1152,1.0816,23.1697,0.76006857,0.99966752,11,11,0.5665,0.46806761,0.9987601,3.349654e+09,11,140,0.83204,1.0,in_box
t_lownf_wcs_27c_vdd1.62v,t_lownf,B-2stage,2stage,10,8,10,2,80,9.216,45,wcs,27,1.62,2.782480e-03,7.347930e-04,6.270740e-06,0.3019,0.7094,0.9106,0.7685,3.806370e-03,6.166320e-03,0,0,-5.4092,20.1551,20.5346,-83.7453,-0.016,21.629,45.9817,28.7604,1.5247,1.4938,1.5378,1.5378,0.044,1.5695,1.5695,1.5247,20.1551,1.78845656,1.00076285,0,11,0.535244,1.25990146,1.0,1.000000e+07,0,140,0.830925,1.0,in_box
t_lownf_wcs_27c_vdd1.80v,t_lownf,B-2stage,2stage,10,8,10,2,80,9.216,45,wcs,27,1.80,2.793080e-03,7.378380e-04,6.292370e-06,0.3031,0.8743,0.9257,0.7685,3.835580e-03,6.904050e-03,0,0,-5.3845,20.162,20.5386,-83.9536,-0.0154,21.646,46.1598,28.781,1.5221,1.4919,1.5359,1.5359,0.044,1.5668,1.5668,1.5221,20.162,1.7575369,1.0007175,0,11,0.536812,1.23210616,1.0,1.000000e+07,0,140,0.830916,1.0,in_box
t_lownf_wcs_27c_vdd1.98v,t_lownf,B-2stage,2stage,10,8,10,2,80,9.216,45,wcs,27,1.98,2.805340e-03,7.412560e-04,6.303560e-06,0.3044,1.0392,0.9408,0.7685,3.866740e-03,7.656140e-03,0,0,-5.3646,20.1781,20.552,-84.1166,-0.0148,21.6702,46.3392,28.8086,1.5195,1.4898,1.5337,1.5337,0.0439,1.5641,1.5641,1.5194,20.1781,1.7174824,1.00066917,0,11,0.538081,1.19410034,1.0,1.000000e+07,0,140,0.830908,1.0,in_box
t_lownf_wcs_125c_vdd1.62v,t_lownf,B-2stage,2stage,10,8,10,2,80,9.216,45,wcs,125,1.62,2.480660e-03,6.592420e-04,9.286210e-06,0.2692,0.8179,0.8021,0.6565,3.448930e-03,5.587270e-03,0,0,-5.6171,15.7711,16.238,-83.7423,-0.0185,17.1637,40.8783,24.2783,1.8494,1.7892,2.3044,2.3044,0.5151,2.3776,2.3776,2.3152,15.7711,3.83637458,1.0015642,0,11,0.522611,2.94950404,1.0,1.000000e+07,0,140,0.830752,1.0,in_box
t_lownf_wcs_125c_vdd1.80v,t_lownf,B-2stage,2stage,10,8,10,2,80,9.216,45,wcs,125,1.80,2.490500e-03,6.620140e-04,9.305030e-06,0.2702,0.9828,0.8172,0.6565,3.477330e-03,6.259190e-03,0,0,-5.5962,15.7883,16.2522,-83.951,-0.0178,17.1889,41.0824,24.3081,1.8445,1.7854,2.2997,2.2997,0.5143,2.3716,2.3716,2.3094,15.7883,3.75822788,1.00149042,0,11,0.523916,2.86181203,1.0,1.000000e+07,0,140,0.830722,1.0,in_box
t_lownf_wcs_125c_vdd1.98v,t_lownf,B-2stage,2stage,10,8,10,2,80,9.216,45,wcs,125,1.98,2.510910e-03,6.671670e-04,9.227960e-06,0.2725,1.1474,0.8326,0.6567,3.518470e-03,6.966580e-03,0,0,-5.5813,15.8536,16.3142,-84.1147,-0.0171,17.2599,41.3238,24.3834,1.8362,1.7785,2.2913,2.2913,0.5127,2.3615,2.3615,2.2995,15.8536,3.64816937,1.00141718,0,11,0.524861,2.75102086,1.0,1.000000e+07,0,140,0.830667,1.0,in_box
t_lownf_sf_-40c_vdd1.62v,t_lownf,B-2stage,2stage,10,8,10,2,80,9.216,45,sf,-40,1.62,3.261070e-03,8.361290e-04,2.224620e-06,0.3538,0.6492,0.9708,0.8335,4.373880e-03,7.085680e-03,0,0,-4.6118,23.3966,23.6613,-84.9519,-0.011,25.2395,51.1924,32.4096,1.2609,1.2351,1.0191,1.0191,-0.216,1.0409,1.0415,1.0095,23.3966,0.66135776,0.99955449,11,11,0.58684,0.39637943,0.99859744,3.349654e+09,15,140,0.834451,1.0,in_box
t_lownf_sf_-40c_vdd1.80v,t_lownf,B-2stage,2stage,10,8,10,2,80,9.216,45,sf,-40,1.80,3.279190e-03,8.409740e-04,2.236830e-06,0.3558,0.8141,0.9859,0.8335,4.412310e-03,7.942160e-03,0,0,-4.5898,23.4098,23.6715,-85.149,-0.0106,25.2643,51.378,32.4372,1.2591,1.2337,1.0179,1.0179,-0.2158,1.0393,1.04,1.008,23.4098,0.64135727,0.999537,11,11,0.588367,0.37846088,0.99858387,3.349654e+09,15,140,0.834441,1.0,in_box
t_lownf_sf_-40c_vdd1.98v,t_lownf,B-2stage,2stage,10,8,10,2,80,9.216,45,sf,-40,1.98,3.298330e-03,8.460510e-04,2.245390e-06,0.3579,0.9789,1.0011,0.8335,4.451960e-03,8.814870e-03,0,0,-4.5715,23.4287,23.6875,-85.3035,-0.0102,25.293,51.5653,32.4684,1.2572,1.2321,1.0165,1.0165,-0.2156,1.0378,1.0384,1.0064,23.4287,0.61688385,0.99951214,11,11,0.589647,0.35610686,0.99855427,3.349654e+09,16,140,0.834436,1.0,in_box
t_lownf_sf_27c_vdd1.62v,t_lownf,B-2stage,2stage,10,8,10,2,80,9.216,45,sf,27,1.62,3.071820e-03,7.949220e-04,3.895380e-06,0.3333,0.7177,0.9023,0.763,4.156700e-03,6.733860e-03,0,0,-4.99,20.8105,21.1474,-85.0214,-0.0129,22.4659,47.742,29.625,1.4043,1.3796,1.4207,1.4207,0.0412,1.4461,1.4461,1.4043,20.8105,1.44259432,1.00041377,0,11,0.561924,0.9532307,0.99991859,3.349654e+09,2,140,0.834052,1.0,in_box
t_lownf_sf_27c_vdd1.80v,t_lownf,B-2stage,2stage,10,8,10,2,80,9.216,45,sf,27,1.80,3.085610e-03,7.986850e-04,3.910940e-06,0.3348,0.8826,0.9174,0.763,4.189810e-03,7.541660e-03,0,0,-4.9675,20.8238,21.1577,-85.2198,-0.0124,22.4898,47.934,29.652,1.402,1.3777,1.4189,1.4189,0.0411,1.4437,1.4437,1.402,20.8238,1.4099595,1.00037594,0,11,0.563425,0.92375818,0.99986984,3.349654e+09,3,140,0.83404,1.0,in_box
t_lownf_sf_27c_vdd1.98v,t_lownf,B-2stage,2stage,10,8,10,2,80,9.216,45,sf,27,1.98,3.101910e-03,8.029860e-04,3.910720e-06,0.3366,1.0474,0.9326,0.763,4.225880e-03,8.367250e-03,0,0,-4.9488,20.8471,21.1783,-85.3756,-0.012,22.5219,48.1277,29.687,1.3994,1.3756,1.4166,1.4166,0.0411,1.4411,1.4411,1.3994,20.8471,1.37036339,1.00033505,0,11,0.564672,0.8879962,0.99981145,3.349654e+09,3,140,0.834031,1.0,in_box
t_lownf_sf_125c_vdd1.62v,t_lownf,B-2stage,2stage,10,8,10,2,80,9.216,45,sf,125,1.62,2.851300e-03,7.417650e-04,5.983660e-06,0.3094,0.8276,0.7924,0.6506,3.902930e-03,6.322750e-03,0,0,-5.2465,17.0719,17.4896,-84.9847,-0.015,18.6134,43.251,25.7583,1.6602,1.6207,2.0979,2.0979,0.4772,2.1465,2.1465,2.0888,17.0719,2.95378869,1.00112273,0,11,0.545607,2.1290047,1.0,1.000000e+07,0,140,0.8341,1.0,in_box
t_lownf_sf_125c_vdd1.80v,t_lownf,B-2stage,2stage,10,8,10,2,80,9.216,45,sf,125,1.80,2.864940e-03,7.454040e-04,5.988790e-06,0.3109,0.9924,0.8076,0.6506,3.935990e-03,7.084780e-03,0,0,-5.226,17.0963,17.5108,-85.184,-0.0143,18.6465,43.4689,25.7954,1.656,1.6173,2.0937,2.0937,0.4764,2.1413,2.1413,2.0837,17.0963,2.88158308,1.00106218,0,11,0.546938,2.06345511,1.0,1.000000e+07,0,140,0.834068,1.0,in_box
t_lownf_sf_125c_vdd1.98v,t_lownf,B-2stage,2stage,10,8,10,2,80,9.216,45,sf,125,1.98,2.896210e-03,7.528920e-04,5.847820e-06,0.3143,1.1569,0.8231,0.6509,3.990290e-03,7.900780e-03,0,0,-5.2091,17.1841,17.5947,-85.3402,-0.0138,18.7415,43.7416,25.8941,1.6473,1.6097,2.0844,2.0844,0.4747,2.1306,2.1306,2.0733,17.1841,2.77789405,1.00099855,0,11,0.548035,1.97244817,1.0,1.000000e+07,0,140,0.834024,1.0,in_box
t_lownf_fs_-40c_vdd1.62v,t_lownf,B-2stage,2stage,10,8,10,2,80,9.216,45,fs,-40,1.62,3.261220e-03,8.361670e-04,2.224720e-06,0.3539,0.6492,0.9708,0.8335,4.377200e-03,7.091060e-03,0,0,-4.6118,23.3969,23.6616,-84.9519,-0.011,25.2398,51.1929,32.41,1.2609,1.2351,1.0191,1.0191,-0.216,1.0409,1.0415,1.0095,23.3969,0.66127037,0.99955436,11,11,0.586843,0.39632052,0.99859725,3.349654e+09,15,140,0.834451,1.0,in_box
t_lownf_fs_-40c_vdd1.80v,t_lownf,B-2stage,2stage,10,8,10,2,80,9.216,45,fs,-40,1.80,3.279110e-03,8.409500e-04,2.236760e-06,0.3558,0.8141,0.9859,0.8335,4.415360e-03,7.947640e-03,0,0,-4.5899,23.4096,23.6713,-85.149,-0.0106,25.2641,51.3777,32.437,1.2591,1.2337,1.0179,1.0179,-0.2158,1.0393,1.04,1.008,23.4096,0.64140547,0.99953707,11,11,0.588365,0.37849315,0.99858397,3.349654e+09,15,140,0.834441,1.0,in_box
t_lownf_fs_-40c_vdd1.98v,t_lownf,B-2stage,2stage,10,8,10,2,80,9.216,45,fs,-40,1.98,3.298200e-03,8.460160e-04,2.245300e-06,0.3579,0.9789,1.0011,0.8335,4.454950e-03,8.820800e-03,0,0,-4.5715,23.4284,23.6872,-85.3035,-0.0102,25.2927,51.5649,32.4681,1.2572,1.2321,1.0166,1.0166,-0.2156,1.0378,1.0384,1.0065,23.4284,0.61696008,0.99951225,11,11,0.589643,0.35615799,0.99855443,3.349654e+09,16,140,0.834436,1.0,in_box
t_lownf_fs_27c_vdd1.62v,t_lownf,B-2stage,2stage,10,8,10,2,80,9.216,45,fs,27,1.62,3.071850e-03,7.949310e-04,3.895420e-06,0.3333,0.7177,0.9023,0.763,4.159800e-03,6.738870e-03,0,0,-4.99,20.8106,21.1475,-85.0214,-0.0129,22.4661,47.7421,29.6251,1.4043,1.3796,1.4207,1.4207,0.0412,1.4461,1.4461,1.4043,20.8106,1.44256007,1.00041374,0,11,0.561925,0.95320525,0.99991854,3.349654e+09,2,140,0.834052,1.0,in_box
t_lownf_fs_27c_vdd1.80v,t_lownf,B-2stage,2stage,10,8,10,2,80,9.216,45,fs,27,1.80,3.085420e-03,7.986320e-04,3.910700e-06,0.3348,0.8826,0.9174,0.763,4.192630e-03,7.546740e-03,0,0,-4.9675,20.8232,21.1572,-85.2199,-0.0124,22.4891,47.9332,29.6513,1.402,1.3778,1.4189,1.4189,0.0411,1.4438,1.4438,1.402,20.8232,1.41015315,1.00037609,0,11,0.563421,0.92390221,0.99987009,3.349654e+09,3,140,0.83404,1.0,in_box
t_lownf_fs_27c_vdd1.98v,t_lownf,B-2stage,2stage,10,8,10,2,80,9.216,45,fs,27,1.98,3.101590e-03,8.029000e-04,3.910320e-06,0.3365,1.0474,0.9326,0.763,4.228560e-03,8.372550e-03,0,0,-4.9489,20.8461,21.1774,-85.3757,-0.012,22.5209,48.1266,29.686,1.3994,1.3756,1.4167,1.4167,0.0411,1.4411,1.4411,1.3994,20.8461,1.37067078,1.00033528,0,11,0.564666,0.88822418,0.99981186,3.349654e+09,3,140,0.834032,1.0,in_box
t_lownf_fs_125c_vdd1.62v,t_lownf,B-2stage,2stage,10,8,10,2,80,9.216,45,fs,125,1.62,2.851190e-03,7.417350e-04,5.983430e-06,0.3094,0.8276,0.7924,0.6506,3.905690e-03,6.327220e-03,0,0,-5.2465,17.0715,17.4892,-84.9848,-0.015,18.6129,43.2506,25.7578,1.6602,1.6207,2.0979,2.0979,0.4772,2.1465,2.1465,2.0889,17.0715,2.9539988,1.00112278,0,11,0.545607,2.1291778,1.0,1.000000e+07,0,140,0.8341,1.0,in_box
t_lownf_fs_125c_vdd1.80v,t_lownf,B-2stage,2stage,10,8,10,2,80,9.216,45,fs,125,1.80,2.864460e-03,7.452730e-04,5.987780e-06,0.3108,0.9924,0.8076,0.6506,3.938430e-03,7.089180e-03,0,0,-5.226,17.0943,17.5089,-85.1841,-0.0143,18.6445,43.4668,25.7934,1.6561,1.6174,2.0938,2.0938,0.4765,2.1414,2.1414,2.0839,17.0943,2.88246118,1.0010624,0,11,0.546936,2.06417615,1.0,1.000000e+07,0,140,0.834069,1.0,in_box
t_lownf_fs_125c_vdd1.98v,t_lownf,B-2stage,2stage,10,8,10,2,80,9.216,45,fs,125,1.98,2.895550e-03,7.527130e-04,5.846440e-06,0.3142,1.1569,0.8231,0.6509,3.992410e-03,7.904970e-03,0,0,-5.2092,17.1815,17.5921,-85.3403,-0.0138,18.7389,43.7388,25.8914,1.6475,1.6099,2.0846,2.0846,0.4747,2.1308,2.1308,2.0735,17.1815,2.77904608,1.00099885,0,11,0.548032,1.97339048,1.0,1.000000e+07,0,140,0.834026,1.0,in_box
t_full_typ_-40c_vdd1.62v,t_full,B-2stage-OVERBUDGET,2stage,8,1,8,1,8,0.9216,512,typ,-40,1.62,3.848120e-03,3.848120e-03,2.761580e-06,4.1755,0.5845,1.0355,0.8979,8.440480e-03,1.367360e-02,1,0,-3.0277,24.492,24.5167,-111.8947,-0.0039,27.4794,57.6232,34.7997,2.7039,2.461,2.0762,2.0765,-0.3849,2.2903,2.2906,2.2296,24.5167,5.01916476,1.00032785,0,11,0.70535,-235.367806,0.99999993,1.122018e+08,33,140,0.808235,1.0,in_box
t_full_typ_-40c_vdd1.80v,t_full,B-2stage-OVERBUDGET,2stage,8,1,8,1,8,0.9216,512,typ,-40,1.80,3.948900e-03,3.948900e-03,2.873580e-06,4.2848,0.7485,1.0515,0.8979,8.657900e-03,1.558420e-02,1,0,-3.0223,24.5433,24.5714,-112.1787,-0.0037,27.5364,57.8237,34.8607,2.6987,2.4577,2.0733,2.0737,-0.3844,2.2856,2.2861,2.2251,24.5714,4.97063626,1.00031583,0,11,0.705802,-238.033311,0.99999993,1.059254e+08,32,140,0.808264,1.0,in_box
t_full_typ_-40c_vdd1.98v,t_full,B-2stage-OVERBUDGET,2stage,8,1,8,1,8,0.9216,512,typ,-40,1.98,4.055650e-03,4.055650e-03,2.994500e-06,4.4007,0.9126,1.0674,0.8979,8.887210e-03,1.759670e-02,1,0,-3.0185,24.5965,24.6279,-112.3842,-0.0036,27.5935,58.0183,34.9218,2.6933,2.4543,2.0703,2.0707,-0.384,2.2809,2.2814,2.2205,24.6279,4.88266107,1.00030383,0,11,0.706119,-236.821375,0.99999993,1.000000e+08,31,140,0.808291,1.0,in_box
t_full_typ_27c_vdd1.62v,t_full,B-2stage-OVERBUDGET,2stage,8,1,8,1,8,0.9216,512,typ,27,1.62,3.812660e-03,3.812660e-03,5.189680e-06,4.137,0.6343,0.9857,0.8431,8.382690e-03,1.358000e-02,1,0,-3.0785,23.6508,23.663,-111.7001,-0.004,26.594,56.6084,33.8824,2.7666,2.5136,2.5799,2.5799,0.0663,2.8377,2.8377,2.7666,23.6508,5.79313872,1.00035781,0,11,0.701233,-270.118468,0.99999993,1.122018e+08,33,140,0.808491,1.0,in_box
t_full_typ_27c_vdd1.80v,t_full,B-2stage-OVERBUDGET,2stage,8,1,8,1,8,0.9216,512,typ,27,1.80,3.898040e-03,3.898040e-03,5.362370e-06,4.2296,0.7983,1.0017,0.8431,8.569760e-03,1.542560e-02,1,0,-3.0731,23.7139,23.7225,-112.0157,-0.0039,26.6623,56.8303,33.9518,2.7618,2.5107,2.5769,2.577,0.0662,2.8327,2.8327,2.7618,23.7139,5.73632016,1.00034384,0,11,0.701678,-274.857221,0.99999993,1.188502e+08,32,140,0.808532,1.0,in_box
t_full_typ_27c_vdd1.98v,t_full,B-2stage-OVERBUDGET,2stage,8,1,8,1,8,0.9216,512,typ,27,1.98,3.987900e-03,3.987900e-03,5.546780e-06,4.3271,0.9622,1.0178,0.843,8.765390e-03,1.735550e-02,1,0,-3.0698,23.7793,23.7844,-112.2384,-0.0037,26.7297,57.047,34.0215,2.7569,2.5077,2.5739,2.574,0.0662,2.8277,2.8278,2.7569,23.7793,5.6243082,1.00032992,0,11,0.70196,-276.407997,0.99999993,1.122018e+08,32,140,0.808571,1.0,in_box
t_full_typ_125c_vdd1.62v,t_full,B-2stage-OVERBUDGET,2stage,8,1,8,1,8,0.9216,512,typ,125,1.62,3.757790e-03,3.757790e-03,8.773460e-06,4.0775,0.7145,0.9055,0.7556,8.291790e-03,1.343270e-02,1,0,-3.1325,22.1685,22.2384,-111.3353,-0.0042,25.06,54.8767,32.3454,2.9196,2.6315,3.3114,3.3114,0.6799,3.6478,3.6478,3.5635,22.1685,7.27590959,1.00040714,0,11,0.696875,-336.203441,0.99999994,1.258925e+08,32,140,0.809693,1.0,in_box
t_full_typ_125c_vdd1.80v,t_full,B-2stage-OVERBUDGET,2stage,8,1,8,1,8,0.9216,512,typ,125,1.80,3.829720e-03,3.829720e-03,9.011860e-06,4.1555,0.8783,0.9216,0.7555,8.452100e-03,1.521380e-02,1,0,-3.1275,22.2442,22.3103,-111.7036,-0.0041,25.1404,55.1327,32.4271,2.9143,2.6283,3.3076,3.3076,0.6793,3.6416,3.6416,3.5574,22.2442,7.204376,1.00038957,0,11,0.697294,-351.356853,0.99999994,1.188502e+08,32,140,0.809729,1.0,in_box
t_full_typ_125c_vdd1.98v,t_full,B-2stage-OVERBUDGET,2stage,8,1,8,1,8,0.9216,512,typ,125,1.98,3.903900e-03,3.903900e-03,9.258550e-06,4.236,1.0421,0.9379,0.7555,8.616770e-03,1.706120e-02,1,0,-3.125,22.3216,22.384,-111.9547,-0.0039,25.2202,55.3829,32.5081,2.909,2.6251,3.3039,3.3039,0.6788,3.6354,3.6354,3.5513,22.3216,7.04551803,1.00037227,0,11,0.697506,-360.086824,0.99999993,1.188502e+08,33,140,0.809761,1.0,in_box
t_full_bcs_-40c_vdd1.62v,t_full,B-2stage-OVERBUDGET,2stage,8,1,8,1,8,0.9216,512,bcs,-40,1.62,3.886220e-03,3.886220e-03,1.504970e-06,4.2168,0.5954,1.0246,0.8893,8.517310e-03,1.379800e-02,1,0,-2.9758,25.0323,25.0865,-113.5415,-0.0031,28.0732,59.236,35.4275,2.3422,2.1879,1.8372,1.8382,-0.3507,1.9719,1.9731,1.918,25.0865,4.32971338,1.00024278,0,11,0.709648,-274.139874,0.99999991,1.188502e+08,35,140,0.807497,1.0,in_box
t_full_bcs_-40c_vdd1.80v,t_full,B-2stage-OVERBUDGET,2stage,8,1,8,1,8,0.9216,512,bcs,-40,1.80,4.006640e-03,4.006640e-03,1.574520e-06,4.3475,0.7595,1.0405,0.8893,8.773990e-03,1.579320e-02,1,0,-2.9711,25.0922,25.1503,-113.7982,-0.003,28.138,59.4479,35.4933,2.336,2.1835,1.8334,1.8343,-0.3502,1.9665,1.9678,1.9127,25.1503,4.26195794,1.00023287,0,11,0.710036,-278.772674,0.99999991,1.122018e+08,34,140,0.807509,1.0,in_box
t_full_bcs_-40c_vdd1.98v,t_full,B-2stage-OVERBUDGET,2stage,8,1,8,1,8,0.9216,512,bcs,-40,1.98,4.136530e-03,4.136530e-03,1.650910e-06,4.4884,0.9235,1.0565,0.8892,9.049580e-03,1.791820e-02,1,0,-2.9677,25.1541,25.216,-113.9864,-0.0029,28.2036,59.6524,35.5597,2.3296,2.179,1.8294,1.8304,-0.3496,1.9609,1.9622,1.9072,25.216,4.16724351,1.00022312,0,11,0.710327,-279.907152,0.99999991,1.122018e+08,33,140,0.807519,1.0,in_box
t_full_bcs_27c_vdd1.62v,t_full,B-2stage-OVERBUDGET,2stage,8,1,8,1,8,0.9216,512,bcs,27,1.62,3.899930e-03,3.899930e-03,2.862410e-06,4.2317,0.6476,0.9724,0.834,8.557650e-03,1.386340e-02,1,0,-3.0155,24.2576,24.2739,-113.3607,-0.0032,27.2571,58.2874,34.5772,2.4303,2.2575,2.3187,2.3194,0.0612,2.4949,2.4957,2.4303,24.2739,4.98399636,1.00026766,0,11,0.706406,-341.820672,0.99999991,1.258925e+08,36,140,0.808996,1.0,in_box
t_full_bcs_27c_vdd1.80v,t_full,B-2stage-OVERBUDGET,2stage,8,1,8,1,8,0.9216,512,bcs,27,1.80,4.003130e-03,4.003130e-03,2.971900e-06,4.3437,0.8116,0.9884,0.834,8.780030e-03,1.580410e-02,1,0,-3.0111,24.3283,24.3487,-113.6427,-0.003,27.3324,58.5257,34.6574,2.4241,2.2532,2.3143,2.3151,0.0611,2.4887,2.4896,2.4241,24.3487,4.89744568,1.00025593,0,11,0.706773,-350.029802,0.99999991,1.258925e+08,35,140,0.809013,1.0,in_box
t_full_bcs_27c_vdd1.98v,t_full,B-2stage-OVERBUDGET,2stage,8,1,8,1,8,0.9216,512,bcs,27,1.98,4.113290e-03,4.113290e-03,3.090010e-06,4.4632,0.9756,1.0044,0.834,9.016290e-03,1.785230e-02,1,0,-3.0081,24.4012,24.4259,-113.8454,-0.0029,27.4085,58.757,34.7384,2.4178,2.2489,2.3099,2.3107,0.061,2.4823,2.4832,2.4178,24.4259,4.7741742,1.00024444,0,11,0.707023,-353.468995,0.99999991,1.188502e+08,35,140,0.809026,1.0,in_box
t_full_bcs_125c_vdd1.62v,t_full,B-2stage-OVERBUDGET,2stage,8,1,8,1,8,0.9216,512,bcs,125,1.62,3.900560e-03,3.900560e-03,4.904660e-06,4.2324,0.7314,0.8886,0.7456,8.576800e-03,1.389440e-02,1,0,-3.0551,22.8953,22.9378,-113.0214,-0.0034,25.8612,56.6743,33.1569,2.5996,2.3868,3.0227,3.0227,0.6359,3.274,3.274,3.1955,22.8953,6.22068545,1.00030845,0,11,0.703183,-463.918169,0.99999991,1.333521e+08,36,140,0.811522,1.0,in_box
t_full_bcs_125c_vdd1.80v,t_full,B-2stage-OVERBUDGET,2stage,8,1,8,1,8,0.9216,512,bcs,125,1.80,3.988310e-03,3.988310e-03,5.058650e-06,4.3276,0.8953,0.9047,0.7456,8.768730e-03,1.578370e-02,1,0,-3.0513,22.9859,23.0239,-113.3443,-0.0032,25.9556,56.953,33.2523,2.5928,2.3821,3.0171,3.0171,0.635,3.2659,3.2659,3.1875,22.9859,6.09876282,1.00029354,0,11,0.703506,-482.379647,0.9999999,1.412538e+08,36,140,0.81153,1.0,in_box
t_full_bcs_125c_vdd1.98v,t_full,B-2stage-OVERBUDGET,2stage,8,1,8,1,8,0.9216,512,bcs,125,1.98,4.080270e-03,4.080270e-03,5.215990e-06,4.4274,1.0591,0.9209,0.7455,8.968810e-03,1.775820e-02,1,0,-3.0493,23.0782,23.1117,-113.5707,-0.0031,26.0498,57.2235,33.3476,2.5858,2.3774,3.0115,3.0115,0.6341,3.2577,3.2577,3.1795,23.0782,5.92171089,1.00027912,0,11,0.703673,-491.508119,0.9999999,1.412538e+08,37,140,0.811528,1.0,in_box
t_full_wcs_-40c_vdd1.62v,t_full,B-2stage-OVERBUDGET,2stage,8,1,8,1,8,0.9216,512,wcs,-40,1.62,3.785320e-03,3.785320e-03,4.791980e-06,4.1073,0.5709,1.0491,0.9077,8.315150e-03,1.347050e-02,1,0,-3.084,23.887,23.8921,-110.3749,-0.0048,26.823,56.0517,34.1048,3.1004,2.7555,2.3359,2.3359,-0.4196,2.6427,2.6427,2.5752,23.887,5.78205087,1.00042681,0,11,0.700716,-175.32466,0.99999995,1.000000e+08,29,140,0.808204,1.0,in_box
t_full_wcs_-40c_vdd1.80v,t_full,B-2stage-OVERBUDGET,2stage,8,1,8,1,8,0.9216,512,wcs,-40,1.80,3.868200e-03,3.868200e-03,4.961450e-06,4.1973,0.735,1.065,0.9076,8.496780e-03,1.529420e-02,1,0,-3.0776,23.9318,23.9346,-110.69,-0.0046,26.8715,56.2388,34.1569,3.0961,2.7532,2.3339,2.3339,-0.4193,2.6388,2.6388,2.5714,23.9318,5.76393545,1.00041274,0,11,0.701249,-175.89317,0.99999995,1.000000e+08,29,140,0.808259,1.0,in_box
t_full_wcs_-40c_vdd1.98v,t_full,B-2stage-OVERBUDGET,2stage,8,1,8,1,8,0.9216,512,wcs,-40,1.98,3.954850e-03,3.954850e-03,5.142020e-06,4.2913,0.899,1.081,0.9076,8.685890e-03,1.719810e-02,1,0,-3.0734,23.978,23.98,-110.9138,-0.0045,26.9199,56.4218,34.209,3.0916,2.7509,2.3319,2.3319,-0.4191,2.6348,2.6348,2.5675,23.9787,5.68891308,1.0003984,0,11,0.701599,-172.691149,0.99999995,9.440609e+07,27,140,0.808311,1.0,in_box
t_full_wcs_27c_vdd1.62v,t_full,B-2stage-OVERBUDGET,2stage,8,1,8,1,8,0.9216,512,wcs,27,1.62,3.684330e-03,3.684330e-03,8.854140e-06,3.9978,0.6172,1.0028,0.8535,8.127170e-03,1.316600e-02,1,0,-3.1521,22.9333,22.9747,-110.1665,-0.0049,25.8064,54.9319,33.0845,3.139,2.7961,2.8677,2.8677,0.0716,3.2166,3.2166,3.1391,22.9333,6.73365021,1.00046276,0,11,0.695245,-167.719618,0.99999996,9.440609e+07,28,140,0.806893,1.0,in_box
t_full_wcs_27c_vdd1.80v,t_full,B-2stage-OVERBUDGET,2stage,8,1,8,1,8,0.9216,512,wcs,27,1.80,3.752700e-03,3.752700e-03,9.106390e-06,4.0719,0.7812,1.0188,0.8534,8.279910e-03,1.490380e-02,1,0,-3.1454,22.9837,23.022,-110.5226,-0.0048,25.863,55.1348,33.1424,3.1356,2.7945,2.8661,2.8661,0.0715,3.213,3.213,3.1356,22.9837,6.72501292,1.00044669,0,11,0.695788,-168.985591,0.99999996,1.000000e+08,28,140,0.806972,1.0,in_box
t_full_wcs_27c_vdd1.98v,t_full,B-2stage-OVERBUDGET,2stage,8,1,8,1,8,0.9216,512,wcs,27,1.98,3.823750e-03,3.823750e-03,9.372570e-06,4.149,0.9451,1.0349,0.8533,8.437920e-03,1.670710e-02,1,0,-3.1416,23.0367,23.072,-110.7675,-0.0046,25.9196,55.3351,33.2002,3.132,2.793,2.8645,2.8645,0.0715,3.2094,3.2094,3.132,23.0367,6.63340684,1.00043028,0,11,0.696109,-166.723974,0.99999996,9.440609e+07,26,140,0.807049,1.0,in_box
t_full_wcs_125c_vdd1.62v,t_full,B-2stage-OVERBUDGET,2stage,8,1,8,1,8,0.9216,512,wcs,125,1.62,3.557010e-03,3.557010e-03,1.468430e-05,3.8596,0.6925,0.9275,0.767,7.892870e-03,1.278640e-02,1,0,-3.2283,21.2807,21.3796,-109.7746,-0.0053,24.0835,53.0089,31.3581,3.2799,2.9092,3.6356,3.6356,0.7264,4.0633,4.0633,3.9731,21.2807,8.59861917,1.00052199,0,11,0.689155,-170.020509,0.99999997,9.440609e+07,26,140,0.806492,1.0,in_box
t_full_wcs_125c_vdd1.80v,t_full,B-2stage-OVERBUDGET,2stage,8,1,8,1,8,0.9216,512,wcs,125,1.80,3.613220e-03,3.613220e-03,1.502040e-05,3.9206,0.8563,0.9437,0.7669,8.018670e-03,1.443360e-02,1,0,-3.2215,21.3402,21.4359,-110.2021,-0.0051,24.1491,53.2388,31.4252,3.2761,2.9074,3.6336,3.6336,0.7262,4.059,4.059,3.9689,21.3402,8.61545295,1.00050212,0,11,0.689705,-175.713764,0.99999997,1.000000e+08,25,140,0.806571,1.0,in_box
t_full_wcs_125c_vdd1.98v,t_full,B-2stage-OVERBUDGET,2stage,8,1,8,1,8,0.9216,512,wcs,125,1.98,3.670110e-03,3.670110e-03,1.536500e-05,3.9823,1.0201,0.9599,0.7668,8.150560e-03,1.613810e-02,1,0,-3.2184,21.4017,21.4944,-110.482,-0.0049,24.2135,53.4665,31.491,3.2724,2.9058,3.6317,3.6317,0.7259,4.0548,4.0548,3.9647,21.4017,8.48996926,1.00048188,0,11,0.68997,-178.652148,0.99999997,9.440609e+07,25,140,0.806652,1.0,in_box
t_full_sf_-40c_vdd1.62v,t_full,B-2stage-OVERBUDGET,2stage,8,1,8,1,8,0.9216,512,sf,-40,1.62,3.847440e-03,3.847440e-03,2.761110e-06,4.1747,0.5845,1.0355,0.8979,8.437470e-03,1.366870e-02,1,0,-3.0277,24.4914,24.5161,-111.8948,-0.0039,27.4788,57.6225,34.799,2.704,2.4611,2.0762,2.0766,-0.3849,2.2903,2.2907,2.2297,24.5161,5.01976348,1.00032787,0,11,0.70535,-235.294511,0.99999993,1.122018e+08,33,140,0.808235,1.0,in_box
t_full_sf_-40c_vdd1.80v,t_full,B-2stage-OVERBUDGET,2stage,8,1,8,1,8,0.9216,512,sf,-40,1.80,3.948000e-03,3.948000e-03,2.872830e-06,4.2839,0.7485,1.0514,0.8979,8.654450e-03,1.557800e-02,1,0,-3.0223,24.5427,24.5708,-112.1787,-0.0037,27.5358,57.8231,34.8601,2.6988,2.4577,2.0733,2.0737,-0.3845,2.2857,2.2862,2.2252,24.5708,4.97118178,1.00031585,0,11,0.705802,-237.958114,0.99999993,1.059254e+08,32,140,0.808264,1.0,in_box
t_full_sf_-40c_vdd1.98v,t_full,B-2stage-OVERBUDGET,2stage,8,1,8,1,8,0.9216,512,sf,-40,1.98,4.054760e-03,4.054760e-03,2.993740e-06,4.3997,0.9126,1.0674,0.8979,8.883800e-03,1.758990e-02,1,0,-3.0185,24.5959,24.6273,-112.3842,-0.0036,27.593,58.0177,34.9213,2.6934,2.4543,2.0703,2.0708,-0.384,2.2809,2.2815,2.2205,24.6273,4.88315585,1.00030385,0,11,0.706119,-236.74586,0.99999993,1.000000e+08,31,140,0.808292,1.0,in_box
t_full_sf_27c_vdd1.62v,t_full,B-2stage-OVERBUDGET,2stage,8,1,8,1,8,0.9216,512,sf,27,1.62,3.811920e-03,3.811920e-03,5.188530e-06,4.1362,0.6343,0.9857,0.8431,8.379950e-03,1.357550e-02,1,0,-3.0785,23.6501,23.6623,-111.7002,-0.004,26.5932,56.6077,33.8817,2.7667,2.5137,2.5799,2.5799,0.0663,2.8377,2.8377,2.7667,23.6501,5.79386037,1.00035783,0,11,0.701233,-270.051284,0.99999993,1.122018e+08,33,140,0.808491,1.0,in_box
t_full_sf_27c_vdd1.80v,t_full,B-2stage-OVERBUDGET,2stage,8,1,8,1,8,0.9216,512,sf,27,1.80,3.897390e-03,3.897390e-03,5.361350e-06,4.2289,0.7983,1.0017,0.8431,8.566880e-03,1.542040e-02,1,0,-3.0731,23.7133,23.7219,-112.0157,-0.0039,26.6617,56.8297,33.9512,2.7619,2.5107,2.577,2.577,0.0662,2.8328,2.8328,2.7619,23.7133,5.73690519,1.00034386,0,11,0.701678,-274.795487,0.99999993,1.188502e+08,32,140,0.808532,1.0,in_box
t_full_sf_27c_vdd1.98v,t_full,B-2stage-OVERBUDGET,2stage,8,1,8,1,8,0.9216,512,sf,27,1.98,3.987290e-03,3.987290e-03,5.545800e-06,4.3265,0.9622,1.0178,0.843,8.762610e-03,1.735000e-02,1,0,-3.0698,23.7788,23.7839,-112.2384,-0.0037,26.7292,57.0464,34.0209,2.7569,2.5078,2.5739,2.5741,0.0662,2.8278,2.8278,2.7569,23.7788,5.62481538,1.00032993,0,11,0.70196,-276.346004,0.99999993,1.059254e+08,32,140,0.80857,1.0,in_box
t_full_sf_125c_vdd1.62v,t_full,B-2stage-OVERBUDGET,2stage,8,1,8,1,8,0.9216,512,sf,125,1.62,3.757370e-03,3.757370e-03,8.772330e-06,4.077,0.7145,0.9055,0.7556,8.286940e-03,1.342490e-02,1,0,-3.1325,22.168,22.2379,-111.3353,-0.0042,25.0594,54.8761,32.3448,2.9197,2.6315,3.3115,3.3115,0.6799,3.6479,3.6479,3.5636,22.168,7.27657382,1.00040715,0,11,0.696876,-336.152026,0.99999994,1.258925e+08,32,140,0.809691,1.0,in_box
t_full_sf_125c_vdd1.80v,t_full,B-2stage-OVERBUDGET,2stage,8,1,8,1,8,0.9216,512,sf,125,1.80,3.829440e-03,3.829440e-03,9.011100e-06,4.1552,0.8784,0.9216,0.7555,8.450080e-03,1.521010e-02,1,0,-3.1274,22.2438,22.3099,-111.7036,-0.0041,25.1401,55.1323,32.4268,2.9143,2.6283,3.3076,3.3076,0.6793,3.6416,3.6416,3.5574,22.2438,7.20479053,1.00038958,0,11,0.697294,-351.316005,0.99999994,1.188502e+08,32,140,0.809727,1.0,in_box
t_full_sf_125c_vdd1.98v,t_full,B-2stage-OVERBUDGET,2stage,8,1,8,1,8,0.9216,512,sf,125,1.98,3.903720e-03,3.903720e-03,9.258040e-06,4.2358,1.0421,0.9379,0.7555,8.615130e-03,1.705800e-02,1,0,-3.125,22.3214,22.3837,-111.9547,-0.0039,25.22,55.3826,32.5079,2.909,2.6251,3.3039,3.3039,0.6788,3.6354,3.6354,3.5514,22.3214,7.04577807,1.00037228,0,11,0.697507,-360.055137,0.99999993,1.188502e+08,33,140,0.809758,1.0,in_box
t_full_fs_-40c_vdd1.62v,t_full,B-2stage-OVERBUDGET,2stage,8,1,8,1,8,0.9216,512,fs,-40,1.62,3.849440e-03,3.849440e-03,2.762740e-06,4.1769,0.5845,1.0355,0.8979,8.444890e-03,1.368070e-02,1,0,-3.0277,24.4929,24.5176,-111.8946,-0.0039,27.4803,57.6241,34.8006,2.7038,2.461,2.0761,2.0765,-0.3848,2.2902,2.2906,2.2296,24.5176,5.01833133,1.00032782,0,11,0.70535,-235.47725,0.99999993,1.059254e+08,33,140,0.808233,1.0,in_box
t_full_fs_-40c_vdd1.80v,t_full,B-2stage-OVERBUDGET,2stage,8,1,8,1,8,0.9216,512,fs,-40,1.80,3.949630e-03,3.949630e-03,2.874110e-06,4.2856,0.7485,1.0515,0.8979,8.661110e-03,1.559000e-02,1,0,-3.0223,24.5439,24.572,-112.1786,-0.0037,27.537,57.8244,34.8614,2.6986,2.4577,2.0732,2.0736,-0.3844,2.2856,2.2861,2.2251,24.572,4.97004934,1.00031581,0,11,0.705803,-238.089494,0.99999993,1.059254e+08,32,140,0.808263,1.0,in_box
t_full_fs_-40c_vdd1.98v,t_full,B-2stage-OVERBUDGET,2stage,8,1,8,1,8,0.9216,512,fs,-40,1.98,4.056590e-03,4.056590e-03,2.995310e-06,4.4017,0.9125,1.0675,0.8979,8.890850e-03,1.760390e-02,1,0,-3.0185,24.597,24.6285,-112.3841,-0.0036,27.5941,58.0189,34.9225,2.6933,2.4543,2.0702,2.0707,-0.384,2.2808,2.2814,2.2204,24.6285,4.88213655,1.00030382,0,11,0.706119,-236.900994,0.99999993,1.000000e+08,31,140,0.808291,1.0,in_box
t_full_fs_27c_vdd1.62v,t_full,B-2stage-OVERBUDGET,2stage,8,1,8,1,8,0.9216,512,fs,27,1.62,3.813530e-03,3.813530e-03,5.191020e-06,4.1379,0.6343,0.9857,0.8431,8.386450e-03,1.358610e-02,1,0,-3.0785,23.6517,23.6638,-111.7,-0.004,26.5948,56.6093,33.8833,2.7665,2.5136,2.5798,2.5798,0.0663,2.8376,2.8376,2.7665,23.6517,5.79229606,1.00035779,0,11,0.701232,-270.195727,0.99999993,1.122018e+08,33,140,0.80849,1.0,in_box
t_full_fs_27c_vdd1.80v,t_full,B-2stage-OVERBUDGET,2stage,8,1,8,1,8,0.9216,512,fs,27,1.80,3.898770e-03,3.898770e-03,5.363540e-06,4.2304,0.7982,1.0018,0.8431,8.572920e-03,1.543130e-02,1,0,-3.0731,23.7146,23.7231,-112.0157,-0.0039,26.663,56.831,33.9525,2.7617,2.5106,2.5769,2.5769,0.0662,2.8327,2.8327,2.7617,23.7146,5.73565607,1.00034382,0,11,0.701677,-274.926179,0.99999993,1.188502e+08,32,140,0.808532,1.0,in_box
t_full_fs_27c_vdd1.98v,t_full,B-2stage-OVERBUDGET,2stage,8,1,8,1,8,0.9216,512,fs,27,1.98,3.988570e-03,3.988570e-03,5.547860e-06,4.3279,0.9622,1.0178,0.843,8.768420e-03,1.736150e-02,1,0,-3.0698,23.7799,23.785,-112.2384,-0.0037,26.7303,57.0476,34.0221,2.7568,2.5077,2.5739,2.574,0.0662,2.8277,2.8277,2.7568,23.7799,5.6237426,1.0003299,0,11,0.70196,-276.475809,0.99999993,1.122018e+08,32,140,0.808571,1.0,in_box
t_full_fs_125c_vdd1.62v,t_full,B-2stage-OVERBUDGET,2stage,8,1,8,1,8,0.9216,512,fs,125,1.62,3.758480e-03,3.758480e-03,8.775290e-06,4.0782,0.7145,0.9055,0.7556,8.294940e-03,1.343780e-02,1,0,-3.1325,22.1695,22.2394,-111.3352,-0.0042,25.0609,54.8777,32.3463,2.9196,2.6315,3.3113,3.3113,0.6799,3.6477,3.6477,3.5634,22.1695,7.27480198,1.00040711,0,11,0.696873,-336.279584,0.99999994,1.188502e+08,32,140,0.809692,1.0,in_box
t_full_fs_125c_vdd1.80v,t_full,B-2stage-OVERBUDGET,2stage,8,1,8,1,8,0.9216,512,fs,125,1.80,3.830170e-03,3.830170e-03,9.013090e-06,4.156,0.8783,0.9217,0.7555,8.454600e-03,1.521830e-02,1,0,-3.1275,22.2448,22.3108,-111.7036,-0.0041,25.1411,55.1333,32.4277,2.9142,2.6282,3.3076,3.3076,0.6793,3.6415,3.6415,3.5574,22.2448,7.20370487,1.00038956,0,11,0.697293,-351.415042,0.99999994,1.188502e+08,32,140,0.80973,1.0,in_box
t_full_fs_125c_vdd1.98v,t_full,B-2stage-OVERBUDGET,2stage,8,1,8,1,8,0.9216,512,fs,125,1.98,3.904140e-03,3.904140e-03,9.259170e-06,4.2363,1.0421,0.9379,0.7555,8.618680e-03,1.706500e-02,1,0,-3.125,22.322,22.3843,-111.9546,-0.0039,25.2205,55.3832,32.5084,2.909,2.6251,3.3039,3.3039,0.6788,3.6354,3.6354,3.5513,22.322,7.04518038,1.00037226,0,11,0.697506,-360.122212,0.99999993,1.188502e+08,33,140,0.809763,1.0,in_box
