point_id,corner_label,hbt_section,temp_c,nx,vce_v,vbe_v,ic_a,jc_ma_um2,ft_hz,gain_db,nf_db,validity_flags
nx1_typ_-40c_vce0.6v,typ,hbt_typ,-40,1,0.6,0.55,3.802450e-11,0.000000,,-51.238800,56.162300,vbe_low
nx1_typ_-40c_vce0.6v,typ,hbt_typ,-40,1,0.6,0.57,1.016080e-10,0.000001,,-51.219800,56.143200,vbe_low
nx1_typ_-40c_vce0.6v,typ,hbt_typ,-40,1,0.6,0.59,2.717190e-10,0.000002,,-51.200100,56.123600,vbe_low
nx1_typ_-40c_vce0.6v,typ,hbt_typ,-40,1,0.6,0.61,7.267730e-10,0.000006,,-51.179900,56.103400,vbe_low
nx1_typ_-40c_vce0.6v,typ,hbt_typ,-40,1,0.6,0.63,1.943990e-09,0.000017,3.71047E+06,-51.158900,56.082400,vbe_low
nx1_typ_-40c_vce0.6v,typ,hbt_typ,-40,1,0.6,0.65,5.199770e-09,0.000045,9.86427E+06,-51.136900,56.060400,
nx1_typ_-40c_vce0.6v,typ,hbt_typ,-40,1,0.6,0.67,1.390800e-08,0.000121,2.62346E+07,-51.111800,56.035400,
nx1_typ_-40c_vce0.6v,typ,hbt_typ,-40,1,0.6,0.69,3.719880e-08,0.000323,6.97318E+07,-51.071300,55.994900,
nx1_typ_-40c_vce0.6v,typ,hbt_typ,-40,1,0.6,0.71,9.948540e-08,0.000864,1.85084E+08,-50.931000,55.855100,
nx1_typ_-40c_vce0.6v,typ,hbt_typ,-40,1,0.6,0.73,2.660190e-07,0.002309,4.91568E+08,-50.174100,55.099100,
nx1_typ_-40c_vce0.6v,typ,hbt_typ,-40,1,0.6,0.75,7.110070e-07,0.006172,1.2994E+09,-46.947400,51.874800,
nx1_typ_-40c_vce0.6v,typ,hbt_typ,-40,1,0.6,0.77,1.898130e-06,0.016477,3.43554E+09,-40.236200,45.170300,
nx1_typ_-40c_vce0.6v,typ,hbt_typ,-40,1,0.6,0.79,5.051520e-06,0.043850,8.98311E+09,-32.120000,37.073400,
nx1_typ_-40c_vce0.6v,typ,hbt_typ,-40,1,0.6,0.81,1.333370e-05,0.115744,2.29945E+10,-23.880400,28.893200,
nx1_typ_-40c_vce0.6v,typ,hbt_typ,-40,1,0.6,0.83,3.446830e-05,0.299204,5.60204E+10,-15.984300,21.195800,
nx1_typ_-40c_vce0.6v,typ,hbt_typ,-40,1,0.6,0.85,8.491760e-05,0.737132,1.21825E+11,-8.921660,14.758700,
nx1_typ_-40c_vce0.6v,typ,hbt_typ,-40,1,0.6,0.87,1.908980e-04,1.657101,2.19148E+11,-3.290870,10.497700,
nx1_typ_-40c_vce0.6v,typ,hbt_typ,-40,1,0.6,0.89,3.765890e-04,3.269002,3.1659E+11,0.625167,8.321560,
nx1_typ_-40c_vce0.6v,typ,hbt_typ,-40,1,0.6,0.91,6.478110e-04,5.623359,3.86867E+11,3.118170,7.289010,
nx1_typ_-40c_vce0.6v,typ,hbt_typ,-40,1,0.6,0.93,9.938110e-04,8.626832,4.28956E+11,4.693690,6.739590,
nx1_typ_-40c_vce0.6v,typ,hbt_typ,-40,1,0.6,0.95,1.399500e-03,12.148438,4.51494E+11,5.734170,6.398400,
nx1_typ_-40c_vce0.6v,typ,hbt_typ,-40,1,0.6,0.97,1.852150e-03,16.077691,4.5861E+11,6.462280,6.160230,vbe_high
nx1_typ_-40c_vce0.6v,typ,hbt_typ,-40,1,0.6,0.99,2.342500e-03,20.334201,4.55331E+11,6.999730,5.981250,vbe_high
nx1_typ_-40c_vce0.6v,typ,hbt_typ,-40,1,0.6,1.01,2.863770e-03,24.859115,4.42065E+11,7.409820,5.841500,vbe_high
nx1_typ_-40c_vce0.6v,typ,hbt_typ,-40,1,0.6,1.03,3.408820e-03,29.590451,3.71305E+11,7.555510,5.759400,ic_high;vbe_high
nx1_typ_-40c_vce0.6v,typ,hbt_typ,-40,1,0.6,1.05,3.916920e-03,34.001042,8.93576E+10,5.008440,6.236880,ic_high;vbe_high
nx1_typ_-40c_vce0.8v,typ,hbt_typ,-40,1,0.8,0.55,3.826030e-11,0.000000,,-51.404800,56.328200,vbe_low
nx1_typ_-40c_vce0.8v,typ,hbt_typ,-40,1,0.8,0.57,1.019030e-10,0.000001,,-51.389900,56.313400,vbe_low
nx1_typ_-40c_vce0.8v,typ,hbt_typ,-40,1,0.8,0.59,2.721740e-10,0.000002,,-51.374700,56.298100,vbe_low
nx1_typ_-40c_vce0.8v,typ,hbt_typ,-40,1,0.8,0.61,7.276520e-10,0.000006,,-51.359100,56.282600,vbe_low
nx1_typ_-40c_vce0.8v,typ,hbt_typ,-40,1,0.8,0.63,1.946000e-09,0.000017,3.73717E+06,-51.343000,56.266500,vbe_low
nx1_typ_-40c_vce0.8v,typ,hbt_typ,-40,1,0.8,0.65,5.204820e-09,0.000045,9.93206E+06,-51.326100,56.249600,
nx1_typ_-40c_vce0.8v,typ,hbt_typ,-40,1,0.8,0.67,1.392120e-08,0.000121,2.64348E+07,-51.306400,56.230000,
nx1_typ_-40c_vce0.8v,typ,hbt_typ,-40,1,0.8,0.69,3.723380e-08,0.000323,7.02402E+07,-51.270800,56.194500,
nx1_typ_-40c_vce0.8v,typ,hbt_typ,-40,1,0.8,0.71,9.957980e-08,0.000864,1.86592E+08,-51.131000,56.055000,
nx1_typ_-40c_vce0.8v,typ,hbt_typ,-40,1,0.8,0.73,2.662780e-07,0.002311,4.95412E+08,-50.346600,55.271600,
nx1_typ_-40c_vce0.8v,typ,hbt_typ,-40,1,0.8,0.75,7.117450e-07,0.006178,1.31092E+09,-47.027200,51.954600,
nx1_typ_-40c_vce0.8v,typ,hbt_typ,-40,1,0.8,0.77,1.900410e-06,0.016497,3.46541E+09,-40.245700,45.179800,
nx1_typ_-40c_vce0.8v,typ,hbt_typ,-40,1,0.8,0.79,5.059640e-06,0.043920,9.06312E+09,-32.109900,37.063300,
nx1_typ_-40c_vce0.8v,typ,hbt_typ,-40,1,0.8,0.81,1.336800e-05,0.116042,2.32214E+10,-23.860400,28.873500,
nx1_typ_-40c_vce0.8v,typ,hbt_typ,-40,1,0.8,0.83,3.463150e-05,0.300621,5.67251E+10,-15.948900,21.162100,
nx1_typ_-40c_vce0.8v,typ,hbt_typ,-40,1,0.8,0.85,8.568160e-05,0.743764,1.23914E+11,-8.861440,14.708100,
nx1_typ_-40c_vce0.8v,typ,hbt_typ,-40,1,0.8,0.87,1.938800e-04,1.682986,2.23844E+11,-3.204450,10.442800,
nx1_typ_-40c_vce0.8v,typ,hbt_typ,-40,1,0.8,0.89,3.853270e-04,3.344852,3.24065E+11,0.724375,8.276580,
nx1_typ_-40c_vce0.8v,typ,hbt_typ,-40,1,0.8,0.91,6.671700e-04,5.791406,3.97039E+11,3.215860,7.253430,
nx1_typ_-40c_vce0.8v,typ,hbt_typ,-40,1,0.8,0.93,1.028690e-03,8.929601,4.41028E+11,4.785240,6.708510,
nx1_typ_-40c_vce0.8v,typ,hbt_typ,-40,1,0.8,0.95,1.454350e-03,12.624566,4.64257E+11,5.821400,6.368490,
nx1_typ_-40c_vce0.8v,typ,hbt_typ,-40,1,0.8,0.97,1.930950e-03,16.761719,4.73843E+11,6.548590,6.129960,vbe_high
nx1_typ_-40c_vce0.8v,typ,hbt_typ,-40,1,0.8,0.99,2.449010e-03,21.258767,4.73063E+11,7.088520,5.950130,vbe_high
nx1_typ_-40c_vce0.8v,typ,hbt_typ,-40,1,0.8,1.01,3.001790e-03,26.057205,4.62575E+11,7.508540,5.808890,ic_high;vbe_high
nx1_typ_-40c_vce0.8v,typ,hbt_typ,-40,1,0.8,1.03,3.584590e-03,31.116233,4.42621E+11,7.847570,5.695580,ic_high;vbe_high
nx1_typ_-40c_vce0.8v,typ,hbt_typ,-40,1,0.8,1.05,4.193950e-03,36.405816,4.12581E+11,8.123560,5.604910,ic_high;vbe_high
nx1_typ_-40c_vce1.0v,typ,hbt_typ,-40,1,1.0,0.55,3.849690e-11,0.000000,,-51.537700,56.461200,vbe_low
nx1_typ_-40c_vce1.0v,typ,hbt_typ,-40,1,1.0,0.57,1.022000e-10,0.000001,,-51.525500,56.449000,vbe_low
nx1_typ_-40c_vce1.0v,typ,hbt_typ,-40,1,1.0,0.59,2.726310e-10,0.000002,,-51.513100,56.436600,vbe_low
nx1_typ_-40c_vce1.0v,typ,hbt_typ,-40,1,1.0,0.61,7.285340e-10,0.000006,,-51.500400,56.423900,vbe_low
nx1_typ_-40c_vce1.0v,typ,hbt_typ,-40,1,1.0,0.63,1.948010e-09,0.000017,3.75869E+06,-51.487400,56.410900,vbe_low
nx1_typ_-40c_vce1.0v,typ,hbt_typ,-40,1,1.0,0.65,5.209840e-09,0.000045,9.98631E+06,-51.473700,56.397300,
nx1_typ_-40c_vce1.0v,typ,hbt_typ,-40,1,1.0,0.67,1.393420e-08,0.000121,2.65938E+07,-51.457300,56.380800,
nx1_typ_-40c_vce1.0v,typ,hbt_typ,-40,1,1.0,0.69,3.726840e-08,0.000324,7.06416E+07,-51.424500,56.348200,
nx1_typ_-40c_vce1.0v,typ,hbt_typ,-40,1,1.0,0.71,9.967250e-08,0.000865,1.87772E+08,-51.283700,56.207700,
nx1_typ_-40c_vce1.0v,typ,hbt_typ,-40,1,1.0,0.73,2.665320e-07,0.002314,4.98403E+08,-50.476100,55.401100,
nx1_typ_-40c_vce1.0v,typ,hbt_typ,-40,1,1.0,0.75,7.124690e-07,0.006185,1.31982E+09,-47.084300,52.011700,
nx1_typ_-40c_vce1.0v,typ,hbt_typ,-40,1,1.0,0.77,1.902650e-06,0.016516,3.48843E+09,-40.250000,45.184200,
nx1_typ_-40c_vce1.0v,typ,hbt_typ,-40,1,1.0,0.79,5.067650e-06,0.043990,9.12499E+09,-32.099100,37.052600,
nx1_typ_-40c_vce1.0v,typ,hbt_typ,-40,1,1.0,0.81,1.340210e-05,0.116338,2.34074E+10,-23.840400,28.853800,
nx1_typ_-40c_vce1.0v,typ,hbt_typ,-40,1,1.0,0.83,3.479570e-05,0.302046,5.72907E+10,-15.913500,21.128400,
nx1_typ_-40c_vce1.0v,typ,hbt_typ,-40,1,1.0,0.85,8.646120e-05,0.750531,1.25629E+11,-8.800660,14.657100,
nx1_typ_-40c_vce1.0v,typ,hbt_typ,-40,1,1.0,0.87,1.969790e-04,1.709887,2.27706E+11,-3.116480,10.387300,
nx1_typ_-40c_vce1.0v,typ,hbt_typ,-40,1,1.0,0.89,3.945730e-04,3.425113,3.30041E+11,0.826029,8.230880,
nx1_typ_-40c_vce1.0v,typ,hbt_typ,-40,1,1.0,0.91,6.879500e-04,5.971788,4.04729E+11,3.316430,7.217010,
nx1_typ_-40c_vce1.0v,typ,hbt_typ,-40,1,1.0,0.93,1.066570e-03,9.258420,4.49466E+11,4.880110,6.676380,
nx1_typ_-40c_vce1.0v,typ,hbt_typ,-40,1,1.0,0.95,1.514380e-03,13.145660,4.72328E+11,5.912300,6.337460,
nx1_typ_-40c_vce1.0v,typ,hbt_typ,-40,1,1.0,0.97,2.017940e-03,17.516840,4.83237E+11,6.639230,6.098600,vbe_high
nx1_typ_-40c_vce1.0v,typ,hbt_typ,-40,1,1.0,0.99,2.567460e-03,22.286979,4.82612E+11,7.182040,5.918280,vbe_high
nx1_typ_-40c_vce1.0v,typ,hbt_typ,-40,1,1.0,1.01,3.156150e-03,27.397135,4.7159E+11,7.607450,5.777070,ic_high;vbe_high
nx1_typ_-40c_vce1.0v,typ,hbt_typ,-40,1,1.0,1.03,3.779370e-03,32.807031,4.52633E+11,7.953740,5.664800,ic_high;vbe_high
nx1_typ_-40c_vce1.0v,typ,hbt_typ,-40,1,1.0,1.05,4.433790e-03,38.487760,4.21224E+11,8.243960,5.575710,ic_high;vbe_high
nx1_typ_-40c_vce1.2v,typ,hbt_typ,-40,1,1.2,0.55,3.873940e-11,0.000000,,-51.648400,56.571900,vbe_low
nx1_typ_-40c_vce1.2v,typ,hbt_typ,-40,1,1.2,0.57,1.025110e-10,0.000001,,-51.638100,56.561600,vbe_low
nx1_typ_-40c_vce1.2v,typ,hbt_typ,-40,1,1.2,0.59,2.731200e-10,0.000002,,-51.627700,56.551200,vbe_low
nx1_typ_-40c_vce1.2v,typ,hbt_typ,-40,1,1.2,0.61,7.294920e-10,0.000006,,-51.617000,56.540500,vbe_low
nx1_typ_-40c_vce1.2v,typ,hbt_typ,-40,1,1.2,0.63,1.950200e-09,0.000017,3.77712E+06,-51.606100,56.529600,vbe_low
nx1_typ_-40c_vce1.2v,typ,hbt_typ,-40,1,1.2,0.65,5.215250e-09,0.000045,1.00326E+07,-51.594600,56.518100,
nx1_typ_-40c_vce1.2v,typ,hbt_typ,-40,1,1.2,0.67,1.394820e-08,0.000121,2.67282E+07,-51.580300,56.503800,
nx1_typ_-40c_vce1.2v,typ,hbt_typ,-40,1,1.2,0.69,3.730490e-08,0.000324,7.09795E+07,-51.549200,56.472900,
nx1_typ_-40c_vce1.2v,typ,hbt_typ,-40,1,1.2,0.71,9.976940e-08,0.000866,1.88759E+08,-51.407000,56.331000,
nx1_typ_-40c_vce1.2v,typ,hbt_typ,-40,1,1.2,0.73,2.667950e-07,0.002316,5.00893E+08,-50.579300,55.504200,
nx1_typ_-40c_vce1.2v,typ,hbt_typ,-40,1,1.2,0.75,7.132100e-07,0.006191,1.32718E+09,-47.127600,52.055000,
nx1_typ_-40c_vce1.2v,typ,hbt_typ,-40,1,1.2,0.77,1.904930e-06,0.016536,3.50748E+09,-40.251200,45.185300,
nx1_typ_-40c_vce1.2v,typ,hbt_typ,-40,1,1.2,0.79,5.075730e-06,0.044060,9.17643E+09,-32.087800,37.041300,
nx1_typ_-40c_vce1.2v,typ,hbt_typ,-40,1,1.2,0.81,1.343650e-05,0.116636,2.35823E+10,-23.820300,28.833900,
nx1_typ_-40c_vce1.2v,typ,hbt_typ,-40,1,1.2,0.83,3.496190e-05,0.303489,5.77791E+10,-15.877800,21.094400,
nx1_typ_-40c_vce1.2v,typ,hbt_typ,-40,1,1.2,0.85,8.725960e-05,0.757462,1.27142E+11,-8.739070,14.605500,
nx1_typ_-40c_vce1.2v,typ,hbt_typ,-40,1,1.2,0.87,2.002060e-04,1.737899,2.31128E+11,-3.026670,10.330900,
nx1_typ_-40c_vce1.2v,typ,hbt_typ,-40,1,1.2,0.89,4.043830e-04,3.510269,3.35613E+11,0.930343,8.184390,
nx1_typ_-40c_vce1.2v,typ,hbt_typ,-40,1,1.2,0.91,7.103200e-04,6.165972,4.11171E+11,3.419990,7.179720,
nx1_typ_-40c_vce1.2v,typ,hbt_typ,-40,1,1.2,0.93,1.107870e-03,9.616927,4.5617E+11,4.978530,6.643140,
nx1_typ_-40c_vce1.2v,typ,hbt_typ,-40,1,1.2,0.95,1.580550e-03,13.720052,4.79411E+11,6.007630,6.305120,
nx1_typ_-40c_vce1.2v,typ,hbt_typ,-40,1,1.2,0.97,2.114630e-03,18.356163,4.89354E+11,6.734850,6.066120,vbe_high
nx1_typ_-40c_vce1.2v,typ,hbt_typ,-40,1,1.2,0.99,2.700070e-03,23.438108,4.87539E+11,7.281360,5.885740,vbe_high
nx1_typ_-40c_vce1.2v,typ,hbt_typ,-40,1,1.2,1.01,3.330530e-03,28.910851,4.74778E+11,7.712740,5.745470,ic_high;vbe_high
nx1_typ_-40c_vce1.2v,typ,hbt_typ,-40,1,1.2,1.03,4.001040e-03,34.731250,4.53552E+11,8.066530,5.635740,ic_high;vbe_high
nx1_typ_-40c_vce1.2v,typ,hbt_typ,-40,1,1.2,1.05,4.708550e-03,40.872830,4.21047E+11,8.365160,5.551360,ic_high;vbe_high
nx1_typ_-40c_vce1.4v,typ,hbt_typ,-40,1,1.4,0.55,3.899820e-11,0.000000,,-51.743300,56.666800,vbe_low
nx1_typ_-40c_vce1.4v,typ,hbt_typ,-40,1,1.4,0.57,1.028620e-10,0.000001,,-51.734400,56.657900,vbe_low
nx1_typ_-40c_vce1.4v,typ,hbt_typ,-40,1,1.4,0.59,2.737080e-10,0.000002,,-51.725300,56.648800,vbe_low
nx1_typ_-40c_vce1.4v,typ,hbt_typ,-40,1,1.4,0.61,7.306890e-10,0.000006,,-51.716200,56.639700,vbe_low
nx1_typ_-40c_vce1.4v,typ,hbt_typ,-40,1,1.4,0.63,1.952970e-09,0.000017,3.79426E+06,-51.706700,56.630300,vbe_low
nx1_typ_-40c_vce1.4v,typ,hbt_typ,-40,1,1.4,0.65,5.222080e-09,0.000045,1.00752E+07,-51.696700,56.620300,
nx1_typ_-40c_vce1.4v,typ,hbt_typ,-40,1,1.4,0.67,1.396550e-08,0.000121,2.68511E+07,-51.684000,56.607500,
nx1_typ_-40c_vce1.4v,typ,hbt_typ,-40,1,1.4,0.69,3.734960e-08,0.000324,7.12856E+07,-51.654000,56.577700,
nx1_typ_-40c_vce1.4v,typ,hbt_typ,-40,1,1.4,0.71,9.988610e-08,0.000867,1.89644E+08,-51.510100,56.434100,
nx1_typ_-40c_vce1.4v,typ,hbt_typ,-40,1,1.4,0.73,2.671050e-07,0.002319,5.0311E+08,-50.664400,55.589300,
nx1_typ_-40c_vce1.4v,typ,hbt_typ,-40,1,1.4,0.75,7.140640e-07,0.006198,1.3337E+09,-47.161200,52.088600,
nx1_typ_-40c_vce1.4v,typ,hbt_typ,-40,1,1.4,0.77,1.907470e-06,0.016558,3.5243E+09,-40.249300,45.183400,
nx1_typ_-40c_vce1.4v,typ,hbt_typ,-40,1,1.4,0.79,5.084460e-06,0.044136,9.22192E+09,-32.075100,37.028700,
nx1_typ_-40c_vce1.4v,typ,hbt_typ,-40,1,1.4,0.81,1.347250e-05,0.116949,2.37382E+10,-23.799200,28.813100,
nx1_typ_-40c_vce1.4v,typ,hbt_typ,-40,1,1.4,0.83,3.513380e-05,0.304981,5.82232E+10,-15.840900,21.059300,
nx1_typ_-40c_vce1.4v,typ,hbt_typ,-40,1,1.4,0.85,8.808630e-05,0.764638,1.2854E+11,-8.675680,14.552400,
nx1_typ_-40c_vce1.4v,typ,hbt_typ,-40,1,1.4,0.87,2.035970e-04,1.767335,2.34302E+11,-2.934020,10.273000,
nx1_typ_-40c_vce1.4v,typ,hbt_typ,-40,1,1.4,0.89,4.148550e-04,3.601172,3.41378E+11,1.037970,8.136770,
nx1_typ_-40c_vce1.4v,typ,hbt_typ,-40,1,1.4,0.91,7.345960e-04,6.376701,4.16881E+11,3.526940,7.141360,
nx1_typ_-40c_vce1.4v,typ,hbt_typ,-40,1,1.4,0.93,1.153120e-03,10.009722,4.61839E+11,5.080170,6.608820,
nx1_typ_-40c_vce1.4v,typ,hbt_typ,-40,1,1.4,0.95,1.653940e-03,14.357118,4.84995E+11,6.107120,6.271550,
nx1_typ_-40c_vce1.4v,typ,hbt_typ,-40,1,1.4,0.97,2.223060e-03,19.297396,4.9358E+11,6.836000,6.032490,vbe_high
nx1_typ_-40c_vce1.4v,typ,hbt_typ,-40,1,1.4,0.99,2.850410e-03,24.743142,4.89834E+11,7.387260,5.852680,vbe_high
nx1_typ_-40c_vce1.4v,typ,hbt_typ,-40,1,1.4,1.01,3.529610e-03,30.638976,4.74082E+11,7.825480,5.714580,ic_high;vbe_high
nx1_typ_-40c_vce1.4v,typ,hbt_typ,-40,1,1.4,1.03,4.256330e-03,36.947309,4.49187E+11,8.187260,5.609460,ic_high;vbe_high
nx1_typ_-40c_vce1.4v,typ,hbt_typ,-40,1,1.4,1.05,5.027610e-03,43.642448,4.12937E+11,8.494280,5.532920,ic_high;vbe_high
nx1_typ_27c_vce0.6v,typ,hbt_typ,27,1,0.6,0.55,1.279430e-08,0.000111,1.88604E+07,-51.089800,57.110300,vbe_low
nx1_typ_27c_vce0.6v,typ,hbt_typ,27,1,0.6,0.57,2.723920e-08,0.000236,3.9897E+07,-51.060700,57.081300,vbe_low
nx1_typ_27c_vce0.6v,typ,hbt_typ,27,1,0.6,0.59,5.799110e-08,0.000503,8.457E+07,-51.013900,57.034600,vbe_low
nx1_typ_27c_vce0.6v,typ,hbt_typ,27,1,0.6,0.61,1.234540e-07,0.001072,1.78790E+08,-50.893700,56.914700,vbe_low
nx1_typ_27c_vce0.6v,typ,hbt_typ,27,1,0.6,0.63,2.627900e-07,0.002281,3.78461E+08,-50.472200,56.493800,vbe_low
nx1_typ_27c_vce0.6v,typ,hbt_typ,27,1,0.6,0.65,5.592790e-07,0.004855,7.99107E+08,-49.023400,55.046300,
nx1_typ_27c_vce0.6v,typ,hbt_typ,27,1,0.6,0.67,1.189790e-06,0.010328,1.68604E+09,-45.480400,51.505900,
nx1_typ_27c_vce0.6v,typ,hbt_typ,27,1,0.6,0.69,2.529000e-06,0.021953,3.54571E+09,-40.045700,46.077100,
nx1_typ_27c_vce0.6v,typ,hbt_typ,27,1,0.6,0.71,5.365960e-06,0.046580,7.40028E+09,-33.839900,39.884500,
nx1_typ_27c_vce0.6v,typ,hbt_typ,27,1,0.6,0.73,1.134240e-05,0.098458,1.53073E+10,-27.485300,33.560200,
nx1_typ_27c_vce0.6v,typ,hbt_typ,27,1,0.6,0.75,2.378800e-05,0.206493,3.09011E+10,-21.226000,27.374900,
nx1_typ_27c_vce0.6v,typ,hbt_typ,27,1,0.6,0.77,4.911020e-05,0.426304,5.96711E+10,-15.243200,21.578000,
nx1_typ_27c_vce0.6v,typ,hbt_typ,27,1,0.6,0.79,9.844020e-05,0.854516,1.07067E+11,-9.772010,16.551700,
nx1_typ_27c_vce0.6v,typ,hbt_typ,27,1,0.6,0.81,1.878410e-04,1.630564,1.71759E+11,-5.090980,12.743300,
nx1_typ_27c_vce0.6v,typ,hbt_typ,27,1,0.6,0.83,3.343610e-04,2.902439,2.41179E+11,-1.396450,10.295200,
nx1_typ_27c_vce0.6v,typ,hbt_typ,27,1,0.6,0.85,5.488930e-04,4.764696,3.00272E+11,1.323660,8.880250,
nx1_typ_27c_vce0.6v,typ,hbt_typ,27,1,0.6,0.87,8.325020e-04,7.226580,3.43112E+11,3.257260,8.060100,
nx1_typ_27c_vce0.6v,typ,hbt_typ,27,1,0.6,0.89,1.179110e-03,10.235330,3.69141E+11,4.632960,7.548260,
nx1_typ_27c_vce0.6v,typ,hbt_typ,27,1,0.6,0.91,1.580100e-03,13.716146,3.81814E+11,5.634090,7.200290,
nx1_typ_27c_vce0.6v,typ,hbt_typ,27,1,0.6,0.93,2.027140e-03,17.596701,3.83969E+11,6.384670,6.947280,
nx1_typ_27c_vce0.6v,typ,hbt_typ,27,1,0.6,0.95,2.513080e-03,21.814931,3.76965E+11,6.959360,6.755830,
nx1_typ_27c_vce0.6v,typ,hbt_typ,27,1,0.6,0.97,3.030870e-03,26.309635,3.51783E+11,7.334360,6.620670,ic_high;vbe_high
nx1_typ_27c_vce0.6v,typ,hbt_typ,27,1,0.6,0.99,3.557080e-03,30.877431,2.15043E+11,6.725390,6.681210,ic_high;vbe_high
nx1_typ_27c_vce0.6v,typ,hbt_typ,27,1,0.6,1.01,4.010970e-03,34.817448,7.43324E+10,4.305420,7.202310,ic_high;vbe_high
nx1_typ_27c_vce0.6v,typ,hbt_typ,27,1,0.6,1.03,4.388220e-03,38.092187,3.62516E+10,2.981220,7.548330,ic_high;vbe_high
nx1_typ_27c_vce0.6v,typ,hbt_typ,27,1,0.6,1.05,4.750060e-03,41.233160,2.28065E+10,2.720390,7.587630,ic_high;vbe_high
nx1_typ_27c_vce0.8v,typ,hbt_typ,27,1,0.8,0.55,1.280650e-08,0.000111,1.90064E+07,-51.290400,57.311000,vbe_low
nx1_typ_27c_vce0.8v,typ,hbt_typ,27,1,0.8,0.57,2.726490e-08,0.000237,4.01916E+07,-51.267200,57.287800,vbe_low
nx1_typ_27c_vce0.8v,typ,hbt_typ,27,1,0.8,0.59,5.804580e-08,0.000504,8.52621E+07,-51.225800,57.246600,vbe_low
nx1_typ_27c_vce0.8v,typ,hbt_typ,27,1,0.8,0.61,1.235710e-07,0.001073,1.80191E+08,-51.107600,57.128600,vbe_low
nx1_typ_27c_vce0.8v,typ,hbt_typ,27,1,0.8,0.63,2.630440e-07,0.002283,3.81758E+08,-50.673100,56.694700,vbe_low
nx1_typ_27c_vce0.8v,typ,hbt_typ,27,1,0.8,0.65,5.598370e-07,0.004860,8.0581E+08,-49.170000,55.192900,
nx1_typ_27c_vce0.8v,typ,hbt_typ,27,1,0.8,0.67,1.191070e-06,0.010339,1.70197E+09,-45.542400,51.567900,
nx1_typ_27c_vce0.8v,typ,hbt_typ,27,1,0.8,0.69,2.532060e-06,0.021980,3.57854E+09,-40.056700,46.088200,
nx1_typ_27c_vce0.8v,typ,hbt_typ,27,1,0.8,0.71,5.373980e-06,0.046649,7.48058E+09,-33.832800,39.877500,
nx1_typ_27c_vce0.8v,typ,hbt_typ,27,1,0.8,0.73,1.136570e-05,0.098661,1.54798E+10,-27.469900,33.545000,
nx1_typ_27c_vce0.8v,typ,hbt_typ,27,1,0.8,0.75,2.386210e-05,0.207136,3.12889E+10,-21.201900,27.351300,
nx1_typ_27c_vce0.8v,typ,hbt_typ,27,1,0.8,0.77,4.935850e-05,0.428459,6.05984E+10,-15.205700,21.542500,
nx1_typ_27c_vce0.8v,typ,hbt_typ,27,1,0.8,0.79,9.925710e-05,0.861607,1.09073E+11,-9.715450,16.502600,
nx1_typ_27c_vce0.8v,typ,hbt_typ,27,1,0.8,0.81,1.902890e-04,1.651814,1.75603E+11,-5.012980,12.686600,
nx1_typ_27c_vce0.8v,typ,hbt_typ,27,1,0.8,0.83,3.406490e-04,2.957023,2.47538E+11,-1.302040,10.241900,
nx1_typ_27c_vce0.8v,typ,hbt_typ,27,1,0.8,0.85,5.624460e-04,4.882344,3.09282E+11,1.424740,8.835550,
nx1_typ_27c_vce0.8v,typ,hbt_typ,27,1,0.8,0.87,8.574340e-04,7.443003,3.54198E+11,3.357130,8.022930,
nx1_typ_27c_vce0.8v,typ,hbt_typ,27,1,0.8,0.89,1.219590e-03,10.586719,3.82843E+11,4.728290,7.516050,
nx1_typ_27c_vce0.8v,typ,hbt_typ,27,1,0.8,0.91,1.640080e-03,14.236806,3.9975E+11,5.724760,7.171260,
nx1_typ_27c_vce0.8v,typ,hbt_typ,27,1,0.8,0.93,2.110220e-03,18.317882,4.05828E+11,6.472270,6.920590,
nx1_typ_27c_vce0.8v,typ,hbt_typ,27,1,0.8,0.95,2.622690e-03,22.766406,4.01895E+11,7.050770,6.730500,
nx1_typ_27c_vce0.8v,typ,hbt_typ,27,1,0.8,0.97,3.171750e-03,27.532552,3.88869E+11,7.510780,6.583200,ic_high;vbe_high
nx1_typ_27c_vce0.8v,typ,hbt_typ,27,1,0.8,0.99,3.752700e-03,32.575521,3.67257E+11,7.881470,6.469010,ic_high;vbe_high
nx1_typ_27c_vce0.8v,typ,hbt_typ,27,1,0.8,1.01,4.360310e-03,37.849913,3.25212E+11,8.110930,6.393410,ic_high;vbe_high
nx1_typ_27c_vce0.8v,typ,hbt_typ,27,1,0.8,1.03,4.966730e-03,43.113976,1.72543E+11,7.312930,6.504100,ic_high;vbe_high
nx1_typ_27c_vce0.8v,typ,hbt_typ,27,1,0.8,1.05,5.484390e-03,47.607552,6.15812E+10,5.141280,6.941610,ic_high;vbe_high
nx1_typ_27c_vce1.0v,typ,hbt_typ,27,1,1.0,0.55,1.281890e-08,0.000111,1.91219E+07,-51.444900,57.465500,vbe_low
nx1_typ_27c_vce1.0v,typ,hbt_typ,27,1,1.0,0.57,2.729090e-08,0.000237,4.04232E+07,-51.425200,57.445800,vbe_low
nx1_typ_27c_vce1.0v,typ,hbt_typ,27,1,1.0,0.59,5.810060e-08,0.000504,8.57998E+07,-51.386700,57.407500,vbe_low
nx1_typ_27c_vce1.0v,typ,hbt_typ,27,1,1.0,0.61,1.236880e-07,0.001074,1.81272E+08,-51.268500,57.289600,vbe_low
nx1_typ_27c_vce1.0v,typ,hbt_typ,27,1,1.0,0.63,2.632950e-07,0.002286,3.84281E+08,-50.822200,56.843800,vbe_low
nx1_typ_27c_vce1.0v,typ,hbt_typ,27,1,1.0,0.65,5.603880e-07,0.004864,8.10906E+08,-49.275800,55.298700,
nx1_typ_27c_vce1.0v,typ,hbt_typ,27,1,1.0,0.67,1.192320e-06,0.010350,1.71398E+09,-45.584400,51.610000,
nx1_typ_27c_vce1.0v,typ,hbt_typ,27,1,1.0,0.69,2.535070e-06,0.022006,3.60317E+09,-40.061600,46.093100,
nx1_typ_27c_vce1.0v,typ,hbt_typ,27,1,1.0,0.71,5.381890e-06,0.046718,7.54052E+09,-33.824400,39.869000,
nx1_typ_27c_vce1.0v,typ,hbt_typ,27,1,1.0,0.73,1.138880e-05,0.098861,1.56091E+10,-27.454400,33.529600,
nx1_typ_27c_vce1.0v,typ,hbt_typ,27,1,1.0,0.75,2.393600e-05,0.207778,3.15823E+10,-21.177900,27.327700,
nx1_typ_27c_vce1.0v,typ,hbt_typ,27,1,1.0,0.77,4.960830e-05,0.430628,6.13101E+10,-15.168200,21.507100,
nx1_typ_27c_vce1.0v,typ,hbt_typ,27,1,1.0,0.79,1.000880e-04,0.868819,1.10634E+11,-9.658490,16.453200,
nx1_typ_27c_vce1.0v,typ,hbt_typ,27,1,1.0,0.81,1.928140e-04,1.673733,1.78590E+11,-4.933860,12.629300,
nx1_typ_27c_vce1.0v,typ,hbt_typ,27,1,1.0,0.83,3.472310e-04,3.014158,2.52361E+11,-1.205690,10.187800,
nx1_typ_27c_vce1.0v,typ,hbt_typ,27,1,1.0,0.85,5.768290e-04,5.007196,3.15778E+11,1.528360,8.790110,
nx1_typ_27c_vce1.0v,typ,hbt_typ,27,1,1.0,0.87,8.842000e-04,7.675347,3.61574E+11,3.459870,7.984960,
nx1_typ_27c_vce1.0v,typ,hbt_typ,27,1,1.0,0.89,1.263460e-03,10.967535,3.91489E+11,4.826630,7.483020,
nx1_typ_27c_vce1.0v,typ,hbt_typ,27,1,1.0,0.91,1.705520e-03,14.804861,4.08538E+11,5.818520,7.141500,
nx1_typ_27c_vce1.0v,typ,hbt_typ,27,1,1.0,0.93,2.201430e-03,19.109635,4.15373E+11,6.562780,6.893520,
nx1_typ_27c_vce1.0v,typ,hbt_typ,27,1,1.0,0.95,2.743730e-03,23.817101,4.13774E+11,7.139650,6.706410,
nx1_typ_27c_vce1.0v,typ,hbt_typ,27,1,1.0,0.97,3.326470e-03,28.875608,4.03389E+11,7.599530,6.562980,ic_high;vbe_high
nx1_typ_27c_vce1.0v,typ,hbt_typ,27,1,1.0,0.99,3.944880e-03,34.243750,3.8147E+11,7.974640,6.453520,ic_high;vbe_high
nx1_typ_27c_vce1.0v,typ,hbt_typ,27,1,1.0,1.01,4.595240e-03,39.889236,3.52621E+11,8.285920,6.372260,ic_high;vbe_high
nx1_typ_27c_vce1.0v,typ,hbt_typ,27,1,1.0,1.03,5.274260e-03,45.783507,3.15846E+11,8.535550,6.317490,ic_high;vbe_high
nx1_typ_27c_vce1.0v,typ,hbt_typ,27,1,1.0,1.05,5.972270e-03,51.842622,2.31447E+11,8.455210,6.328230,ic_high;vbe_high
nx1_typ_27c_vce1.2v,typ,hbt_typ,27,1,1.2,0.55,1.283370e-08,0.000111,1.92212E+07,-51.570300,57.590900,vbe_low
nx1_typ_27c_vce1.2v,typ,hbt_typ,27,1,1.2,0.57,2.732140e-08,0.000237,4.06517E+07,-51.552800,57.573500,vbe_low
nx1_typ_27c_vce1.2v,typ,hbt_typ,27,1,1.2,0.59,5.816360e-08,0.000505,8.62547E+07,-51.516100,57.536900,vbe_low
nx1_typ_27c_vce1.2v,typ,hbt_typ,27,1,1.2,0.61,1.238200e-07,0.001075,1.8225E+08,-51.397200,57.418300,vbe_low
nx1_typ_27c_vce1.2v,typ,hbt_typ,27,1,1.2,0.63,2.635720e-07,0.002288,3.86378E+08,-50.940100,56.961800,vbe_low
nx1_typ_27c_vce1.2v,typ,hbt_typ,27,1,1.2,0.65,5.609860e-07,0.004870,8.15115E+08,-49.357600,55.380500,
nx1_typ_27c_vce1.2v,typ,hbt_typ,27,1,1.2,0.67,1.193650e-06,0.010362,1.72382E+09,-45.614700,51.640300,
nx1_typ_27c_vce1.2v,typ,hbt_typ,27,1,1.2,0.69,2.538230e-06,0.022033,3.62329E+09,-40.062800,46.094300,
nx1_typ_27c_vce1.2v,typ,hbt_typ,27,1,1.2,0.71,5.390040e-06,0.046789,7.58942E+09,-33.814700,39.859500,
nx1_typ_27c_vce1.2v,typ,hbt_typ,27,1,1.2,0.73,1.141230e-05,0.099065,1.57151E+10,-27.438400,33.513800,
nx1_typ_27c_vce1.2v,typ,hbt_typ,27,1,1.2,0.75,2.401110e-05,0.208430,3.18259E+10,-21.153600,27.303900,
nx1_typ_27c_vce1.2v,typ,hbt_typ,27,1,1.2,0.77,4.986230e-05,0.432832,6.19109E+10,-15.130400,21.471200,
nx1_typ_27c_vce1.2v,typ,hbt_typ,27,1,1.2,0.79,1.009390e-04,0.876207,1.11972E+11,-9.600770,16.403200,
nx1_typ_27c_vce1.2v,typ,hbt_typ,27,1,1.2,0.81,1.954280e-04,1.696424,1.81164E+11,-4.853290,12.571200,
nx1_typ_27c_vce1.2v,typ,hbt_typ,27,1,1.2,0.83,3.541440e-04,3.074167,2.56468E+11,-1.107150,10.133000,
nx1_typ_27c_vce1.2v,typ,hbt_typ,27,1,1.2,0.85,5.921470e-04,5.140165,3.21156E+11,1.634740,8.743850,
nx1_typ_27c_vce1.2v,typ,hbt_typ,27,1,1.2,0.87,9.130630e-04,7.925894,3.67421E+11,3.565770,7.946110,
nx1_typ_27c_vce1.2v,typ,hbt_typ,27,1,1.2,0.89,1.311240e-03,11.382292,3.97917E+11,4.928560,7.449030,
nx1_typ_27c_vce1.2v,typ,hbt_typ,27,1,1.2,0.91,1.777450e-03,15.429253,4.14467E+11,5.916240,7.110900,
nx1_typ_27c_vce1.2v,typ,hbt_typ,27,1,1.2,0.93,2.302400e-03,19.986111,4.20923E+11,6.657520,6.866010,
nx1_typ_27c_vce1.2v,typ,hbt_typ,27,1,1.2,0.95,2.878570e-03,24.987587,4.18657E+11,7.232830,6.682670,
nx1_typ_27c_vce1.2v,typ,hbt_typ,27,1,1.2,0.97,3.499810e-03,30.380295,4.07823E+11,7.692330,6.544420,ic_high;vbe_high
nx1_typ_27c_vce1.2v,typ,hbt_typ,27,1,1.2,0.99,4.161370e-03,36.123003,3.87059E+11,8.067890,6.442190,ic_high;vbe_high
nx1_typ_27c_vce1.2v,typ,hbt_typ,27,1,1.2,1.01,4.859380e-03,42.182118,3.56557E+11,8.380160,6.370800,ic_high;vbe_high
nx1_typ_27c_vce1.2v,typ,hbt_typ,27,1,1.2,1.03,5.590700e-03,48.530382,3.17929E+11,8.642730,6.327350,ic_high;vbe_high
nx1_typ_27c_vce1.2v,typ,hbt_typ,27,1,1.2,1.05,6.352580e-03,55.143924,2.76742E+11,8.859320,6.311130,ic_high;vbe_high
nx1_typ_27c_vce1.4v,typ,hbt_typ,27,1,1.4,0.55,1.285570e-08,0.000112,1.9317E+07,-51.675800,57.696400,vbe_low
nx1_typ_27c_vce1.4v,typ,hbt_typ,27,1,1.4,0.57,2.736590e-08,0.000238,4.08702E+07,-51.659800,57.680500,vbe_low
nx1_typ_27c_vce1.4v,typ,hbt_typ,27,1,1.4,0.59,5.825390e-08,0.000506,8.66818E+07,-51.624200,57.645000,vbe_low
nx1_typ_27c_vce1.4v,typ,hbt_typ,27,1,1.4,0.61,1.240040e-07,0.001076,1.83229E+08,-51.504200,57.525200,vbe_low
nx1_typ_27c_vce1.4v,typ,hbt_typ,27,1,1.4,0.63,2.639520e-07,0.002291,3.88302E+08,-51.037100,57.058800,vbe_low
nx1_typ_27c_vce1.4v,typ,hbt_typ,27,1,1.4,0.65,5.617780e-07,0.004877,8.19262E+08,-49.422700,55.445600,
nx1_typ_27c_vce1.4v,typ,hbt_typ,27,1,1.4,0.67,1.195360e-06,0.010376,1.73268E+09,-45.636000,51.661600,
nx1_typ_27c_vce1.4v,typ,hbt_typ,27,1,1.4,0.69,2.542090e-06,0.022067,3.64126E+09,-40.059800,46.091300,
nx1_typ_27c_vce1.4v,typ,hbt_typ,27,1,1.4,0.71,5.399560e-06,0.046871,7.63282E+09,-33.802700,39.847500,
nx1_typ_27c_vce1.4v,typ,hbt_typ,27,1,1.4,0.73,1.143840e-05,0.099292,1.58093E+10,-27.420600,33.496100,
nx1_typ_27c_vce1.4v,typ,hbt_typ,27,1,1.4,0.75,2.409160e-05,0.209128,3.20438E+10,-21.127600,27.278400,
nx1_typ_27c_vce1.4v,typ,hbt_typ,27,1,1.4,0.77,5.012910e-05,0.435148,6.24535E+10,-15.090700,21.433500,
nx1_typ_27c_vce1.4v,typ,hbt_typ,27,1,1.4,0.79,1.018280e-04,0.883924,1.13192E+11,-9.540780,16.351200,
nx1_typ_27c_vce1.4v,typ,hbt_typ,27,1,1.4,0.81,1.981720e-04,1.720243,1.83517E+11,-4.769860,12.511100,
nx1_typ_27c_vce1.4v,typ,hbt_typ,27,1,1.4,0.83,3.614760e-04,3.137813,2.60186E+11,-1.005290,10.076600,
nx1_typ_27c_vce1.4v,typ,hbt_typ,27,1,1.4,0.85,6.085900e-04,5.282899,3.25922E+11,1.744050,8.696570,
nx1_typ_27c_vce1.4v,typ,hbt_typ,27,1,1.4,0.87,9.443350e-04,8.197352,3.72429E+11,3.674260,7.906460,
nx1_typ_27c_vce1.4v,typ,hbt_typ,27,1,1.4,0.89,1.363510e-03,11.836024,4.03153E+11,5.033230,7.414300,
nx1_typ_27c_vce1.4v,typ,hbt_typ,27,1,1.4,0.91,1.856810e-03,16.118142,4.18946E+11,6.017430,7.079640,
nx1_typ_27c_vce1.4v,typ,hbt_typ,27,1,1.4,0.93,2.414740e-03,20.961285,4.25146E+11,6.756680,6.838230,
nx1_typ_27c_vce1.4v,typ,hbt_typ,27,1,1.4,0.95,3.029860e-03,26.300868,4.20881E+11,7.331010,6.659610,ic_high
nx1_typ_27c_vce1.4v,typ,hbt_typ,27,1,1.4,0.97,3.695820e-03,32.081771,4.07818E+11,7.790190,6.528250,ic_high;vbe_high
nx1_typ_27c_vce1.4v,typ,hbt_typ,27,1,1.4,0.99,4.407780e-03,38.261979,3.84179E+11,8.165650,6.435870,ic_high;vbe_high
nx1_typ_27c_vce1.4v,typ,hbt_typ,27,1,1.4,1.01,5.161820e-03,44.807465,3.52227E+11,8.477570,6.378110,ic_high;vbe_high
nx1_typ_27c_vce1.4v,typ,hbt_typ,27,1,1.4,1.03,5.954660e-03,51.689757,3.12483E+11,8.739060,6.352920,ic_high;vbe_high
nx1_typ_27c_vce1.4v,typ,hbt_typ,27,1,1.4,1.05,6.783410e-03,58.883767,2.67286E+11,8.958380,6.359720,ic_high;vbe_high
nx1_typ_125c_vce0.6v,typ,hbt_typ,125,1,0.6,0.55,2.179640e-06,0.018920,2.30199E+09,-43.408500,50.663100,vbe_low
nx1_typ_125c_vce0.6v,typ,hbt_typ,125,1,0.6,0.57,3.811780e-06,0.033088,3.98994E+09,-39.144600,46.404700,vbe_low
nx1_typ_125c_vce0.6v,typ,hbt_typ,125,1,0.6,0.59,6.658740e-06,0.057802,6.87838E+09,-34.537100,41.807000,vbe_low
nx1_typ_125c_vce0.6v,typ,hbt_typ,125,1,0.6,0.61,1.160980e-05,0.100780,1.17503E+10,-29.829700,37.117700,vbe_low
nx1_typ_125c_vce0.6v,typ,hbt_typ,125,1,0.6,0.63,2.017570e-05,0.175136,1.99099E+10,-25.137400,32.459700,vbe_low
nx1_typ_125c_vce0.6v,typ,hbt_typ,125,1,0.6,0.65,3.486560e-05,0.302653,3.2991E+10,-20.533900,27.922700,
nx1_typ_125c_vce0.6v,typ,hbt_typ,125,1,0.6,0.67,5.969290e-05,0.518168,5.32616E+10,-16.094800,23.614200,
nx1_typ_125c_vce0.6v,typ,hbt_typ,125,1,0.6,0.69,1.006930e-04,0.874071,8.22774E+10,-11.915100,19.685600,
nx1_typ_125c_vce0.6v,typ,hbt_typ,125,1,0.6,0.71,1.661080e-04,1.441910,1.20028E+11,-8.106310,16.322800,
nx1_typ_125c_vce0.6v,typ,hbt_typ,125,1,0.6,0.73,2.656930e-04,2.306363,1.63218E+11,-4.773250,13.676600,
nx1_typ_125c_vce0.6v,typ,hbt_typ,125,1,0.6,0.75,4.088970e-04,3.549453,2.06063E+11,-1.977770,11.765700,
nx1_typ_125c_vce0.6v,typ,hbt_typ,125,1,0.6,0.77,6.026320e-04,5.231181,2.43122E+11,0.284577,10.462500,
nx1_typ_125c_vce0.6v,typ,hbt_typ,125,1,0.6,0.79,8.499670e-04,7.378186,2.7007E+11,2.075260,9.584830,
nx1_typ_125c_vce0.6v,typ,hbt_typ,125,1,0.6,0.81,1.150380e-03,9.985938,2.86535E+11,3.482050,8.979770,
nx1_typ_125c_vce0.6v,typ,hbt_typ,125,1,0.6,0.83,1.500910e-03,13.028733,2.93543E+11,4.590930,8.546160,
nx1_typ_125c_vce0.6v,typ,hbt_typ,125,1,0.6,0.85,1.897400e-03,16.470486,2.93828E+11,5.470690,8.224140,
nx1_typ_125c_vce0.6v,typ,hbt_typ,125,1,0.6,0.87,2.334970e-03,20.268837,2.87295E+11,6.158150,7.981990,
nx1_typ_125c_vce0.6v,typ,hbt_typ,125,1,0.6,0.89,2.806350e-03,24.360677,2.64792E+11,6.577890,7.820810,
nx1_typ_125c_vce0.6v,typ,hbt_typ,125,1,0.6,0.91,3.290430e-03,28.562760,1.9916E+11,6.238650,7.830180,ic_high
nx1_typ_125c_vce0.6v,typ,hbt_typ,125,1,0.6,0.93,3.740940e-03,32.473437,1.13722E+11,4.911810,8.087140,ic_high
nx1_typ_125c_vce0.6v,typ,hbt_typ,125,1,0.6,0.95,4.144810e-03,35.979253,6.7877E+10,3.863680,8.323870,ic_high
nx1_typ_125c_vce0.6v,typ,hbt_typ,125,1,0.6,0.97,4.528250e-03,39.307726,4.53256E+10,3.380700,8.430120,ic_high;vbe_high
nx1_typ_125c_vce0.6v,typ,hbt_typ,125,1,0.6,0.99,4.907160e-03,42.596875,3.12812E+10,2.974930,8.546710,ic_high;vbe_high
nx1_typ_125c_vce0.6v,typ,hbt_typ,125,1,0.6,1.01,5.277780e-03,45.814062,2.05227E+10,2.088730,8.880240,ic_high;vbe_high
nx1_typ_125c_vce0.6v,typ,hbt_typ,125,1,0.6,1.03,5.621830e-03,48.800608,1.22589E+10,0.282986,9.676740,ic_high;vbe_high
nx1_typ_125c_vce0.6v,typ,hbt_typ,125,1,0.6,1.05,5.918360e-03,51.374653,6.63108E+09,-2.620200,11.239300,ic_high;vbe_high
nx1_typ_125c_vce0.8v,typ,hbt_typ,125,1,0.8,0.55,2.182060e-06,0.018941,2.32758E+09,-43.453300,50.708000,vbe_low
nx1_typ_125c_vce0.8v,typ,hbt_typ,125,1,0.8,0.57,3.816500e-06,0.033129,4.03417E+09,-39.155600,46.415700,vbe_low
nx1_typ_125c_vce0.8v,typ,hbt_typ,125,1,0.8,0.59,6.668430e-06,0.057886,6.96284E+09,-34.532900,41.802800,vbe_low
nx1_typ_125c_vce0.8v,typ,hbt_typ,125,1,0.8,0.61,1.163090e-05,0.100963,1.19146E+10,-29.817700,37.105800,vbe_low
nx1_typ_125c_vce0.8v,typ,hbt_typ,125,1,0.8,0.63,2.022400e-05,0.175556,2.01872E+10,-25.119300,32.441800,vbe_low
nx1_typ_125c_vce0.8v,typ,hbt_typ,125,1,0.8,0.65,3.498160e-05,0.303660,3.35499E+10,-20.508400,27.897700,
nx1_typ_125c_vce0.8v,typ,hbt_typ,125,1,0.8,0.67,5.997790e-05,0.520641,5.42747E+10,-16.059300,23.580300,
nx1_typ_125c_vce0.8v,typ,hbt_typ,125,1,0.8,0.69,1.013900e-04,0.880122,8.39811E+10,-11.866300,19.641200,
nx1_typ_125c_vce0.8v,typ,hbt_typ,125,1,0.8,0.71,1.677500e-04,1.456163,1.23117E+11,-8.041760,16.269000,
nx1_typ_125c_vce0.8v,typ,hbt_typ,125,1,0.8,0.73,2.693220e-04,2.337865,1.678E+11,-4.692800,13.618400,
nx1_typ_125c_vce0.8v,typ,hbt_typ,125,1,0.8,0.75,4.162590e-04,3.613359,2.13082E+11,-1.884390,11.709200,
nx1_typ_125c_vce0.8v,typ,hbt_typ,125,1,0.8,0.77,6.162120e-04,5.349062,2.53365E+11,0.385886,10.411700,
nx1_typ_125c_vce0.8v,typ,hbt_typ,125,1,0.8,0.79,8.728290e-04,7.576641,2.85076E+11,2.179550,9.540710,
nx1_typ_125c_vce0.8v,typ,hbt_typ,125,1,0.8,0.81,1.185890e-03,10.294184,3.07852E+11,3.585750,8.941600,
nx1_typ_125c_vce0.8v,typ,hbt_typ,125,1,0.8,0.83,1.552530e-03,13.476823,3.22055E+11,4.692350,8.513030,
nx1_typ_125c_vce0.8v,typ,hbt_typ,125,1,0.8,0.85,1.968530e-03,17.087934,3.26277E+11,5.571890,8.194990,
nx1_typ_125c_vce0.8v,typ,hbt_typ,125,1,0.8,0.87,2.429260e-03,21.087326,3.21735E+11,6.279530,7.952750,
nx1_typ_125c_vce0.8v,typ,hbt_typ,125,1,0.8,0.89,2.930180e-03,25.435590,3.0835E+11,6.854730,7.766030,
nx1_typ_125c_vce0.8v,typ,hbt_typ,125,1,0.8,0.91,3.466880e-03,30.094444,2.88264E+11,7.316870,7.624120,ic_high
nx1_typ_125c_vce0.8v,typ,hbt_typ,125,1,0.8,0.93,4.033180e-03,35.010243,2.56067E+11,7.600910,7.533660,ic_high
nx1_typ_125c_vce0.8v,typ,hbt_typ,125,1,0.8,0.95,4.608180e-03,40.001562,1.8401E+11,7.232520,7.574220,ic_high
nx1_typ_125c_vce0.8v,typ,hbt_typ,125,1,0.8,0.97,5.141160e-03,44.628125,1.02434E+11,5.972840,7.810030,ic_high;vbe_high
nx1_typ_125c_vce0.8v,typ,hbt_typ,125,1,0.8,0.99,5.621370e-03,48.796615,6.20068E+10,5.008600,8.021270,ic_high;vbe_high
nx1_typ_125c_vce0.8v,typ,hbt_typ,125,1,0.8,1.01,6.079400e-03,52.772569,4.258E+10,4.556360,8.136930,ic_high;vbe_high
nx1_typ_125c_vce0.8v,typ,hbt_typ,125,1,0.8,1.03,6.534350e-03,56.721788,3.10883E+10,4.252560,8.244940,ic_high;vbe_high
nx1_typ_125c_vce0.8v,typ,hbt_typ,125,1,0.8,1.05,6.986560e-03,60.647222,2.24039E+10,3.653690,8.476930,ic_high;vbe_high
nx1_typ_125c_vce1.0v,typ,hbt_typ,125,1,1.0,0.55,2.184480e-06,0.018963,2.34716E+09,-43.480600,50.735200,vbe_low
nx1_typ_125c_vce1.0v,typ,hbt_typ,125,1,1.0,0.57,3.821200e-06,0.033170,4.06558E+09,-39.159500,46.419600,vbe_low
nx1_typ_125c_vce1.0v,typ,hbt_typ,125,1,1.0,0.59,6.678030e-06,0.057969,7.02224E+09,-34.526100,41.796100,vbe_low
nx1_typ_125c_vce1.0v,typ,hbt_typ,125,1,1.0,0.61,1.165170e-05,0.101143,1.2029E+10,-29.804900,37.093100,vbe_low
nx1_typ_125c_vce1.0v,typ,hbt_typ,125,1,1.0,0.63,2.027200e-05,0.175972,2.03802E+10,-25.101000,32.423700,vbe_low
nx1_typ_125c_vce1.0v,typ,hbt_typ,125,1,1.0,0.65,3.509730e-05,0.304664,3.39419E+10,-20.483000,27.872900,
nx1_typ_125c_vce1.0v,typ,hbt_typ,125,1,1.0,0.67,6.026390e-05,0.523124,5.49774E+10,-16.023800,23.546400,
nx1_typ_125c_vce1.0v,typ,hbt_typ,125,1,1.0,0.69,1.020940e-04,0.886233,8.52894E+10,-11.817400,19.596700,
nx1_typ_125c_vce1.0v,typ,hbt_typ,125,1,1.0,0.71,1.694280e-04,1.470729,1.2523E+11,-7.976690,16.214900,
nx1_typ_125c_vce1.0v,typ,hbt_typ,125,1,1.0,0.73,2.730700e-04,2.370399,1.71294E+11,-4.611280,13.559700,
nx1_typ_125c_vce1.0v,typ,hbt_typ,125,1,1.0,0.75,4.239450e-04,3.680078,2.17975E+11,-1.789340,11.652100,
nx1_typ_125c_vce1.0v,typ,hbt_typ,125,1,1.0,0.77,6.305430e-04,5.473464,2.59159E+11,0.489308,10.360300,
nx1_typ_125c_vce1.0v,typ,hbt_typ,125,1,1.0,0.79,8.971890e-04,7.788099,2.92118E+11,2.286060,9.495990,
nx1_typ_125c_vce1.0v,typ,hbt_typ,125,1,1.0,0.81,1.224050e-03,10.625434,3.16781E+11,3.691410,8.902970,
nx1_typ_125c_vce1.0v,typ,hbt_typ,125,1,1.0,0.83,1.608360e-03,13.961458,3.32279E+11,4.794870,8.479760,
nx1_typ_125c_vce1.0v,typ,hbt_typ,125,1,1.0,0.85,2.045840e-03,17.759028,3.41583E+11,5.670350,8.166810,
nx1_typ_125c_vce1.0v,typ,hbt_typ,125,1,1.0,0.87,2.531720e-03,21.976736,3.43086E+11,6.373770,7.930020,
nx1_typ_125c_vce1.0v,typ,hbt_typ,125,1,1.0,0.89,3.061280e-03,26.573611,3.34094E+11,6.945670,7.749530,ic_high
nx1_typ_125c_vce1.0v,typ,hbt_typ,125,1,1.0,0.91,3.630140e-03,31.511632,3.15705E+11,7.415250,7.613340,ic_high
nx1_typ_125c_vce1.0v,typ,hbt_typ,125,1,1.0,0.93,4.234260e-03,36.755729,2.89284E+11,7.802610,7.514140,ic_high
nx1_typ_125c_vce1.0v,typ,hbt_typ,125,1,1.0,0.95,4.869580e-03,42.270660,2.54404E+11,8.106050,7.449810,ic_high
nx1_typ_125c_vce1.0v,typ,hbt_typ,125,1,1.0,0.97,5.527430e-03,47.981163,2.04906E+11,8.169240,7.443110,ic_high;vbe_high
nx1_typ_125c_vce1.0v,typ,hbt_typ,125,1,1.0,0.99,6.171100e-03,53.568576,1.26824E+11,7.384960,7.593070,ic_high;vbe_high
nx1_typ_125c_vce1.0v,typ,hbt_typ,125,1,1.0,1.01,6.753440e-03,58.623611,7.2955E+10,6.228970,7.839200,ic_high;vbe_high
nx1_typ_125c_vce1.0v,typ,hbt_typ,125,1,1.0,1.03,7.291630e-03,63.295399,4.8317E+10,5.526330,8.027250,ic_high;vbe_high
nx1_typ_125c_vce1.0v,typ,hbt_typ,125,1,1.0,1.05,7.815240e-03,67.840625,3.54414E+10,5.152390,8.173400,ic_high;vbe_high
nx1_typ_125c_vce1.2v,typ,hbt_typ,125,1,1.2,0.55,2.187440e-06,0.018988,2.36305E+09,-43.497400,50.752100,vbe_low
nx1_typ_125c_vce1.2v,typ,hbt_typ,125,1,1.2,0.57,3.826690e-06,0.033218,4.09088E+09,-39.158600,46.418700,vbe_low
nx1_typ_125c_vce1.2v,typ,hbt_typ,125,1,1.2,0.59,6.688810e-06,0.058063,7.06969E+09,-34.517000,41.787000,vbe_low
nx1_typ_125c_vce1.2v,typ,hbt_typ,125,1,1.2,0.61,1.167430e-05,0.101339,1.21201E+10,-29.790800,37.079100,vbe_low
nx1_typ_125c_vce1.2v,typ,hbt_typ,125,1,1.2,0.63,2.032260e-05,0.176411,2.05341E+10,-25.081800,32.404700,vbe_low
nx1_typ_125c_vce1.2v,typ,hbt_typ,125,1,1.2,0.65,3.521730e-05,0.305706,3.42553E+10,-20.456900,27.847300,
nx1_typ_125c_vce1.2v,typ,hbt_typ,125,1,1.2,0.67,6.055800e-05,0.525677,5.55435E+10,-15.987800,23.511900,
nx1_typ_125c_vce1.2v,typ,hbt_typ,125,1,1.2,0.69,1.028180e-04,0.892517,8.63499E+10,-11.767800,19.551500,
nx1_typ_125c_vce1.2v,typ,hbt_typ,125,1,1.2,0.71,1.711570e-04,1.485738,1.26948E+11,-7.910650,16.160100,
nx1_typ_125c_vce1.2v,typ,hbt_typ,125,1,1.2,0.73,2.769620e-04,2.404184,1.74112E+11,-4.528380,13.500100,
nx1_typ_125c_vce1.2v,typ,hbt_typ,125,1,1.2,0.75,4.320040e-04,3.750035,2.21843E+11,-1.692440,11.594200,
nx1_typ_125c_vce1.2v,typ,hbt_typ,125,1,1.2,0.77,6.457270e-04,5.605269,2.63587E+11,0.595046,10.308200,
nx1_typ_125c_vce1.2v,typ,hbt_typ,125,1,1.2,0.79,9.232530e-04,8.014349,2.97237E+11,2.395340,9.450540,
nx1_typ_125c_vce1.2v,typ,hbt_typ,125,1,1.2,0.81,1.265240e-03,10.982986,3.2272E+11,3.800220,8.863610,
nx1_typ_125c_vce1.2v,typ,hbt_typ,125,1,1.2,0.83,1.669100e-03,14.488715,3.39101E+11,4.900710,8.445920,
nx1_typ_125c_vce1.2v,typ,hbt_typ,125,1,1.2,0.85,2.130530e-03,18.494184,3.48807E+11,5.771870,8.138520,
nx1_typ_125c_vce1.2v,typ,hbt_typ,125,1,1.2,0.87,2.644620e-03,22.956771,3.51010E+11,6.470330,7.907990,
nx1_typ_125c_vce1.2v,typ,hbt_typ,125,1,1.2,0.89,3.206460e-03,27.833854,3.4558E+11,7.037160,7.735100,ic_high
nx1_typ_125c_vce1.2v,typ,hbt_typ,125,1,1.2,0.91,3.811450e-03,33.085503,3.31241E+11,7.501740,7.608430,ic_high
nx1_typ_125c_vce1.2v,typ,hbt_typ,125,1,1.2,0.93,4.455330e-03,38.674740,3.04279E+11,7.884550,7.521150,ic_high
nx1_typ_125c_vce1.2v,typ,hbt_typ,125,1,1.2,0.95,5.134210e-03,44.567795,2.69022E+11,8.200590,7.468970,ic_high
nx1_typ_125c_vce1.2v,typ,hbt_typ,125,1,1.2,0.97,5.844280e-03,50.731597,2.30318E+11,8.454300,7.450260,ic_high;vbe_high
nx1_typ_125c_vce1.2v,typ,hbt_typ,125,1,1.2,0.99,6.579260e-03,57.111632,1.82777E+11,8.568450,7.475670,ic_high;vbe_high
nx1_typ_125c_vce1.2v,typ,hbt_typ,125,1,1.2,1.01,7.310620e-03,63.460243,1.20335E+11,8.044770,7.617760,ic_high;vbe_high
nx1_typ_125c_vce1.2v,typ,hbt_typ,125,1,1.2,1.03,7.981600e-03,69.284722,7.13707E+10,6.943240,7.877420,ic_high;vbe_high
nx1_typ_125c_vce1.2v,typ,hbt_typ,125,1,1.2,1.05,8.596440e-03,74.621875,4.75187E+10,6.147670,8.116070,ic_high;vbe_high
nx1_typ_125c_vce1.4v,typ,hbt_typ,125,1,1.4,0.55,2.192330e-06,0.019031,2.37819E+09,-43.503300,50.757900,vbe_low
nx1_typ_125c_vce1.4v,typ,hbt_typ,125,1,1.4,0.57,3.835260e-06,0.033292,4.11462E+09,-39.150000,46.410100,vbe_low
nx1_typ_125c_vce1.4v,typ,hbt_typ,125,1,1.4,0.59,6.704470e-06,0.058199,7.11352E+09,-34.501900,41.772000,vbe_low
nx1_typ_125c_vce1.4v,typ,hbt_typ,125,1,1.4,0.61,1.170470e-05,0.101603,1.22031E+10,-29.771700,37.060000,vbe_low
nx1_typ_125c_vce1.4v,typ,hbt_typ,125,1,1.4,0.63,2.038570e-05,0.176959,2.06733E+10,-25.058200,32.381300,vbe_low
nx1_typ_125c_vce1.4v,typ,hbt_typ,125,1,1.4,0.65,3.535750e-05,0.306923,3.45371E+10,-20.426600,27.817500,
nx1_typ_125c_vce1.4v,typ,hbt_typ,125,1,1.4,0.67,6.088640e-05,0.528528,5.6052E+10,-15.947600,23.473400,
nx1_typ_125c_vce1.4v,typ,hbt_typ,125,1,1.4,0.69,1.036030e-04,0.899332,8.73014E+10,-11.714100,19.502500,
nx1_typ_125c_vce1.4v,typ,hbt_typ,125,1,1.4,0.71,1.730080e-04,1.501806,1.28487E+11,-7.840620,16.101700,
nx1_typ_125c_vce1.4v,typ,hbt_typ,125,1,1.4,0.73,2.811110e-04,2.440200,1.76611E+11,-4.441800,13.437600,
nx1_typ_125c_vce1.4v,typ,hbt_typ,125,1,1.4,0.75,4.406120e-04,3.824757,2.2522E+11,-1.592620,11.534500,
nx1_typ_125c_vce1.4v,typ,hbt_typ,125,1,1.4,0.77,6.620180e-04,5.746684,2.67906E+11,0.702716,10.255100,
nx1_typ_125c_vce1.4v,typ,hbt_typ,125,1,1.4,0.79,9.513860e-04,8.258559,3.02279E+11,2.505900,9.404650,
nx1_typ_125c_vce1.4v,typ,hbt_typ,125,1,1.4,0.81,1.310000e-03,11.371528,3.27389E+11,3.910500,8.823950,
nx1_typ_125c_vce1.4v,typ,hbt_typ,125,1,1.4,0.83,1.735580e-03,15.065799,3.44269E+11,5.008950,8.411810,
nx1_typ_125c_vce1.4v,typ,hbt_typ,125,1,1.4,0.85,2.223890e-03,19.304601,3.53477E+11,5.876760,8.110250,
nx1_typ_125c_vce1.4v,typ,hbt_typ,125,1,1.4,0.87,2.769910e-03,24.044358,3.55007E+11,6.570560,7.886820,
nx1_typ_125c_vce1.4v,typ,hbt_typ,125,1,1.4,0.89,3.368530e-03,29.240712,3.48693E+11,7.131660,7.723050,ic_high
nx1_typ_125c_vce1.4v,typ,hbt_typ,125,1,1.4,0.91,4.014870e-03,34.851302,3.33478E+11,7.589690,7.608220,ic_high
nx1_typ_125c_vce1.4v,typ,hbt_typ,125,1,1.4,0.93,4.704420e-03,40.836979,3.11455E+11,7.965610,7.536100,ic_high
nx1_typ_125c_vce1.4v,typ,hbt_typ,125,1,1.4,0.95,5.432900e-03,47.160590,2.7619E+11,8.273510,7.503240,ic_high
nx1_typ_125c_vce1.4v,typ,hbt_typ,125,1,1.4,0.97,6.196190e-03,53.786372,2.30588E+11,8.522760,7.507810,ic_high;vbe_high
nx1_typ_125c_vce1.4v,typ,hbt_typ,125,1,1.4,0.99,6.990050e-03,60.677517,1.85644E+11,8.715050,7.549640,ic_high;vbe_high
nx1_typ_125c_vce1.4v,typ,hbt_typ,125,1,1.4,1.01,7.807150e-03,67.770399,1.3987E+11,8.768800,7.639770,ic_high;vbe_high
nx1_typ_125c_vce1.4v,typ,hbt_typ,125,1,1.4,1.03,8.613940e-03,74.773785,9.01414E+10,8.196790,7.843320,ic_high;vbe_high
nx1_typ_125c_vce1.4v,typ,hbt_typ,125,1,1.4,1.05,9.352150e-03,81.181858,5.68289E+10,7.156610,8.142690,ic_high;vbe_high
nx1_bcs_-40c_vce0.6v,bcs,hbt_bcs,-40,1,0.6,0.55,4.789790e-11,0.000000,,-52.037100,56.960600,vbe_low
nx1_bcs_-40c_vce0.6v,bcs,hbt_bcs,-40,1,0.6,0.57,1.280180e-10,0.000001,,-52.018900,56.942400,vbe_low
nx1_bcs_-40c_vce0.6v,bcs,hbt_bcs,-40,1,0.6,0.59,3.423640e-10,0.000003,,-52.000100,56.923600,vbe_low
nx1_bcs_-40c_vce0.6v,bcs,hbt_bcs,-40,1,0.6,0.61,9.157370e-10,0.000008,,-51.980800,56.904300,vbe_low
nx1_bcs_-40c_vce0.6v,bcs,hbt_bcs,-40,1,0.6,0.63,2.449430e-09,0.000021,5.41933E+06,-51.960800,56.884300,vbe_low
nx1_bcs_-40c_vce0.6v,bcs,hbt_bcs,-40,1,0.6,0.65,6.551720e-09,0.000057,1.43941E+07,-51.939400,56.863000,
nx1_bcs_-40c_vce0.6v,bcs,hbt_bcs,-40,1,0.6,0.67,1.752410e-08,0.000152,3.83438E+07,-51.913400,56.837000,
nx1_bcs_-40c_vce0.6v,bcs,hbt_bcs,-40,1,0.6,0.69,4.687080e-08,0.000407,1.01709E+08,-51.859300,56.783100,
nx1_bcs_-40c_vce0.6v,bcs,hbt_bcs,-40,1,0.6,0.71,1.253540e-07,0.001088,2.7073E+08,-51.621300,56.545500,
nx1_bcs_-40c_vce0.6v,bcs,hbt_bcs,-40,1,0.6,0.73,3.351990e-07,0.002910,7.17524E+08,-50.327900,55.253300,
nx1_bcs_-40c_vce0.6v,bcs,hbt_bcs,-40,1,0.6,0.75,8.959640e-07,0.007777,1.9022E+09,-45.849000,50.777400,
nx1_bcs_-40c_vce0.6v,bcs,hbt_bcs,-40,1,0.6,0.77,2.392280e-06,0.020766,5.01692E+09,-38.409400,43.346400,
nx1_bcs_-40c_vce0.6v,bcs,hbt_bcs,-40,1,0.6,0.79,6.369210e-06,0.055288,1.30806E+10,-30.135100,35.096500,
nx1_bcs_-40c_vce0.6v,bcs,hbt_bcs,-40,1,0.6,0.81,1.682850e-05,0.146081,3.33934E+10,-21.861200,26.898600,
nx1_bcs_-40c_vce0.6v,bcs,hbt_bcs,-40,1,0.6,0.83,4.360260e-05,0.378495,8.05567E+10,-13.938800,19.232400,
nx1_bcs_-40c_vce0.6v,bcs,hbt_bcs,-40,1,0.6,0.85,1.079340e-04,0.936927,1.71839E+11,-6.831520,12.926000,
nx1_bcs_-40c_vce0.6v,bcs,hbt_bcs,-40,1,0.6,0.87,2.445980e-04,2.123247,2.99966E+11,-1.133240,8.917230,
nx1_bcs_-40c_vce0.6v,bcs,hbt_bcs,-40,1,0.6,0.89,4.876200e-04,4.232813,4.20544E+11,2.862410,6.961440,
nx1_bcs_-40c_vce0.6v,bcs,hbt_bcs,-40,1,0.6,0.91,8.481360e-04,7.362292,5.03784E+11,5.435340,6.042100,
nx1_bcs_-40c_vce0.6v,bcs,hbt_bcs,-40,1,0.6,0.93,1.314680e-03,11.412153,5.48656E+11,7.085610,5.539050,
nx1_bcs_-40c_vce0.6v,bcs,hbt_bcs,-40,1,0.6,0.95,1.868700e-03,16.221354,5.66927E+11,8.193150,5.215330,
nx1_bcs_-40c_vce0.6v,bcs,hbt_bcs,-40,1,0.6,0.97,2.493640e-03,21.646181,5.63773E+11,8.979900,4.983890,vbe_high
nx1_bcs_-40c_vce0.6v,bcs,hbt_bcs,-40,1,0.6,0.99,3.176990e-03,27.578038,5.42171E+11,9.565410,4.808780,ic_high;vbe_high
nx1_bcs_-40c_vce0.6v,bcs,hbt_bcs,-40,1,0.6,1.01,3.906200e-03,33.907986,4.363E+11,9.818290,4.695630,ic_high;vbe_high
nx1_bcs_-40c_vce0.6v,bcs,hbt_bcs,-40,1,0.6,1.03,4.566470e-03,39.639497,6.94524E+10,6.232140,5.204160,ic_high;vbe_high
nx1_bcs_-40c_vce0.6v,bcs,hbt_bcs,-40,1,0.6,1.05,5.004750e-03,43.444010,1.89108E+10,3.093110,5.950620,ic_high;vbe_high
nx1_bcs_-40c_vce0.8v,bcs,hbt_bcs,-40,1,0.8,0.55,4.814290e-11,0.000000,,-52.195300,57.118800,vbe_low
nx1_bcs_-40c_vce0.8v,bcs,hbt_bcs,-40,1,0.8,0.57,1.283390e-10,0.000001,,-52.181100,57.104600,vbe_low
nx1_bcs_-40c_vce0.8v,bcs,hbt_bcs,-40,1,0.8,0.59,3.428840e-10,0.000003,,-52.166600,57.090100,vbe_low
nx1_bcs_-40c_vce0.8v,bcs,hbt_bcs,-40,1,0.8,0.61,9.167930e-10,0.000008,,-52.151700,57.075200,vbe_low
nx1_bcs_-40c_vce0.8v,bcs,hbt_bcs,-40,1,0.8,0.63,2.451920e-09,0.000021,5.45619E+06,-52.136300,57.059900,vbe_low
nx1_bcs_-40c_vce0.8v,bcs,hbt_bcs,-40,1,0.8,0.65,6.558040e-09,0.000057,1.45036E+07,-52.119900,57.043500,
nx1_bcs_-40c_vce0.8v,bcs,hbt_bcs,-40,1,0.8,0.67,1.754070e-08,0.000152,3.862E+07,-52.098900,57.022500,
nx1_bcs_-40c_vce0.8v,bcs,hbt_bcs,-40,1,0.8,0.69,4.691500e-08,0.000407,1.0249E+08,-52.048900,56.972700,
nx1_bcs_-40c_vce0.8v,bcs,hbt_bcs,-40,1,0.8,0.71,1.254730e-07,0.001089,2.72814E+08,-51.806700,56.730900,
nx1_bcs_-40c_vce0.8v,bcs,hbt_bcs,-40,1,0.8,0.73,3.355290e-07,0.002913,7.22853E+08,-50.467900,55.393200,
nx1_bcs_-40c_vce0.8v,bcs,hbt_bcs,-40,1,0.8,0.75,8.969200e-07,0.007786,1.91816E+09,-45.894400,50.822800,
nx1_bcs_-40c_vce0.8v,bcs,hbt_bcs,-40,1,0.8,0.77,2.395330e-06,0.020793,5.05858E+09,-38.409000,43.345900,
nx1_bcs_-40c_vce0.8v,bcs,hbt_bcs,-40,1,0.8,0.79,6.380590e-06,0.055387,1.32094E+10,-30.122000,35.083500,
nx1_bcs_-40c_vce0.8v,bcs,hbt_bcs,-40,1,0.8,0.81,1.687920e-05,0.146521,3.37746E+10,-21.837500,26.875400,
nx1_bcs_-40c_vce0.8v,bcs,hbt_bcs,-40,1,0.8,0.83,4.385480e-05,0.380684,8.15956E+10,-13.895600,19.191900,
nx1_bcs_-40c_vce0.8v,bcs,hbt_bcs,-40,1,0.8,0.85,1.091550e-04,0.947526,1.74996E+11,-6.756000,12.865600,
nx1_bcs_-40c_vce0.8v,bcs,hbt_bcs,-40,1,0.8,0.87,2.495170e-04,2.165946,3.07127E+11,-1.022360,8.854420,
nx1_bcs_-40c_vce0.8v,bcs,hbt_bcs,-40,1,0.8,0.89,5.024760e-04,4.361771,4.31811E+11,2.992290,6.911470,
nx1_bcs_-40c_vce0.8v,bcs,hbt_bcs,-40,1,0.8,0.91,8.819600e-04,7.655903,5.16116E+11,5.565710,6.002400,
nx1_bcs_-40c_vce0.8v,bcs,hbt_bcs,-40,1,0.8,0.93,1.377080e-03,11.953819,5.62982E+11,7.210130,5.503970,
nx1_bcs_-40c_vce0.8v,bcs,hbt_bcs,-40,1,0.8,0.95,1.968790e-03,17.090191,5.81921E+11,8.313550,5.181940,
nx1_bcs_-40c_vce0.8v,bcs,hbt_bcs,-40,1,0.8,0.97,2.639930e-03,22.916059,5.80604E+11,9.100390,4.951360,vbe_high
nx1_bcs_-40c_vce0.8v,bcs,hbt_bcs,-40,1,0.8,0.99,3.377800e-03,29.321181,5.59466E+11,9.693010,4.777080,ic_high;vbe_high
nx1_bcs_-40c_vce0.8v,bcs,hbt_bcs,-40,1,0.8,1.01,4.173370e-03,36.227170,5.18045E+11,10.159500,4.642010,ic_high;vbe_high
nx1_bcs_-40c_vce0.8v,bcs,hbt_bcs,-40,1,0.8,1.03,5.019730e-03,43.574045,4.54116E+11,10.515000,4.539350,ic_high;vbe_high
nx1_bcs_-40c_vce0.8v,bcs,hbt_bcs,-40,1,0.8,1.05,5.868970e-03,50.945920,1.34065E+11,9.092820,4.661350,ic_high;vbe_high
nx1_bcs_-40c_vce1.0v,bcs,hbt_bcs,-40,1,1.0,0.55,4.838910e-11,0.000000,,-52.321900,57.245400,vbe_low
nx1_bcs_-40c_vce1.0v,bcs,hbt_bcs,-40,1,1.0,0.57,1.286610e-10,0.000001,,-52.310300,57.233800,vbe_low
nx1_bcs_-40c_vce1.0v,bcs,hbt_bcs,-40,1,1.0,0.59,3.434080e-10,0.000003,,-52.298500,57.222000,vbe_low
nx1_bcs_-40c_vce1.0v,bcs,hbt_bcs,-40,1,1.0,0.61,9.178520e-10,0.000008,,-52.286400,57.209900,vbe_low
nx1_bcs_-40c_vce1.0v,bcs,hbt_bcs,-40,1,1.0,0.63,2.454400e-09,0.000021,5.48596E+06,-52.274000,57.197500,vbe_low
nx1_bcs_-40c_vce1.0v,bcs,hbt_bcs,-40,1,1.0,0.65,6.564310e-09,0.000057,1.45911E+07,-52.260600,57.184100,
nx1_bcs_-40c_vce1.0v,bcs,hbt_bcs,-40,1,1.0,0.67,1.755710e-08,0.000152,3.88401E+07,-52.242500,57.166200,
nx1_bcs_-40c_vce1.0v,bcs,hbt_bcs,-40,1,1.0,0.69,4.695850e-08,0.000408,1.03139E+08,-52.194700,57.118500,
nx1_bcs_-40c_vce1.0v,bcs,hbt_bcs,-40,1,1.0,0.71,1.255900e-07,0.001090,2.74446E+08,-51.948000,56.872200,
nx1_bcs_-40c_vce1.0v,bcs,hbt_bcs,-40,1,1.0,0.73,3.358520e-07,0.002915,7.27004E+08,-50.572100,55.497400,
nx1_bcs_-40c_vce1.0v,bcs,hbt_bcs,-40,1,1.0,0.75,8.978580e-07,0.007794,1.93051E+09,-45.925700,50.854100,
nx1_bcs_-40c_vce1.0v,bcs,hbt_bcs,-40,1,1.0,0.77,2.398330e-06,0.020819,5.09082E+09,-38.405900,43.342800,
nx1_bcs_-40c_vce1.0v,bcs,hbt_bcs,-40,1,1.0,0.79,6.391850e-06,0.055485,1.33118E+10,-30.108600,35.070200,
nx1_bcs_-40c_vce1.0v,bcs,hbt_bcs,-40,1,1.0,0.81,1.692970e-05,0.146959,3.40758E+10,-21.813900,26.852200,
nx1_bcs_-40c_vce1.0v,bcs,hbt_bcs,-40,1,1.0,0.83,4.410930e-05,0.382893,8.24427E+10,-13.852300,19.151300,
nx1_bcs_-40c_vce1.0v,bcs,hbt_bcs,-40,1,1.0,0.85,1.104090e-04,0.958411,1.77637E+11,-6.679440,12.804500,
nx1_bcs_-40c_vce1.0v,bcs,hbt_bcs,-40,1,1.0,0.87,2.546900e-04,2.210851,3.13129E+11,-0.908752,8.790660,
nx1_bcs_-40c_vce1.0v,bcs,hbt_bcs,-40,1,1.0,0.89,5.184800e-04,4.500694,4.40966E+11,3.126500,6.860470,
nx1_bcs_-40c_vce1.0v,bcs,hbt_bcs,-40,1,1.0,0.91,9.191780e-04,7.978976,5.25531E+11,5.701500,5.961390,
nx1_bcs_-40c_vce1.0v,bcs,hbt_bcs,-40,1,1.0,0.93,1.446860e-03,12.559549,5.72795E+11,7.341040,5.467290,
nx1_bcs_-40c_vce1.0v,bcs,hbt_bcs,-40,1,1.0,0.95,2.082300e-03,18.075521,5.90335E+11,8.441550,5.146910,
nx1_bcs_-40c_vce1.0v,bcs,hbt_bcs,-40,1,1.0,0.97,2.807870e-03,24.373872,5.87208E+11,9.229810,4.917600,vbe_high
nx1_bcs_-40c_vce1.0v,bcs,hbt_bcs,-40,1,1.0,0.99,3.610950e-03,31.345052,5.63832E+11,9.827890,4.745490,ic_high;vbe_high
nx1_bcs_-40c_vce1.0v,bcs,hbt_bcs,-40,1,1.0,1.01,4.482720e-03,38.912500,5.18125E+11,10.303100,4.614310,ic_high;vbe_high
nx1_bcs_-40c_vce1.0v,bcs,hbt_bcs,-40,1,1.0,1.03,5.417120e-03,47.023611,4.54857E+11,10.694300,4.515300,ic_high;vbe_high
nx1_bcs_-40c_vce1.0v,bcs,hbt_bcs,-40,1,1.0,1.05,6.409440e-03,55.637500,3.77504E+11,11.004700,4.445540,ic_high;vbe_high
nx1_bcs_-40c_vce1.2v,bcs,hbt_bcs,-40,1,1.2,0.55,4.864270e-11,0.000000,,-52.427300,57.350800,vbe_low
nx1_bcs_-40c_vce1.2v,bcs,hbt_bcs,-40,1,1.2,0.57,1.290010e-10,0.000001,,-52.417500,57.341000,vbe_low
nx1_bcs_-40c_vce1.2v,bcs,hbt_bcs,-40,1,1.2,0.59,3.439730e-10,0.000003,,-52.407600,57.331100,vbe_low
nx1_bcs_-40c_vce1.2v,bcs,hbt_bcs,-40,1,1.2,0.61,9.190070e-10,0.000008,,-52.397400,57.320900,vbe_low
nx1_bcs_-40c_vce1.2v,bcs,hbt_bcs,-40,1,1.2,0.63,2.457100e-09,0.000021,5.51147E+06,-52.387000,57.310500,vbe_low
nx1_bcs_-40c_vce1.2v,bcs,hbt_bcs,-40,1,1.2,0.65,6.571080e-09,0.000057,1.46656E+07,-52.375600,57.299200,
nx1_bcs_-40c_vce1.2v,bcs,hbt_bcs,-40,1,1.2,0.67,1.757460e-08,0.000153,3.90261E+07,-52.359600,57.283200,
nx1_bcs_-40c_vce1.2v,bcs,hbt_bcs,-40,1,1.2,0.69,4.700450e-08,0.000408,1.03684E+08,-52.313000,57.236700,
nx1_bcs_-40c_vce1.2v,bcs,hbt_bcs,-40,1,1.2,0.71,1.257130e-07,0.001091,2.75812E+08,-52.061700,56.985900,
nx1_bcs_-40c_vce1.2v,bcs,hbt_bcs,-40,1,1.2,0.73,3.361870e-07,0.002918,7.30911E+08,-50.654300,55.579600,
nx1_bcs_-40c_vce1.2v,bcs,hbt_bcs,-40,1,1.2,0.75,8.988180e-07,0.007802,1.94075E+09,-45.948500,50.876900,
nx1_bcs_-40c_vce1.2v,bcs,hbt_bcs,-40,1,1.2,0.77,2.401380e-06,0.020845,5.11753E+09,-38.401000,43.338000,
nx1_bcs_-40c_vce1.2v,bcs,hbt_bcs,-40,1,1.2,0.79,6.403210e-06,0.055583,1.33971E+10,-30.094900,35.056500,
nx1_bcs_-40c_vce1.2v,bcs,hbt_bcs,-40,1,1.2,0.81,1.698080e-05,0.147403,3.43314E+10,-21.790200,26.828800,
nx1_bcs_-40c_vce1.2v,bcs,hbt_bcs,-40,1,1.2,0.83,4.436790e-05,0.385138,8.31835E+10,-13.808600,19.110300,
nx1_bcs_-40c_vce1.2v,bcs,hbt_bcs,-40,1,1.2,0.85,1.117030e-04,0.969644,1.8E+11,-6.601550,12.742600,
nx1_bcs_-40c_vce1.2v,bcs,hbt_bcs,-40,1,1.2,0.87,2.601490e-04,2.258238,3.18529E+11,-0.791913,8.725680,
nx1_bcs_-40c_vce1.2v,bcs,hbt_bcs,-40,1,1.2,0.89,5.358150e-04,4.651172,4.4905E+11,3.265600,6.808270,
nx1_bcs_-40c_vce1.2v,bcs,hbt_bcs,-40,1,1.2,0.91,9.603410e-04,8.336293,5.34317E+11,5.843140,5.918970,
nx1_bcs_-40c_vce1.2v,bcs,hbt_bcs,-40,1,1.2,0.93,1.525580e-03,13.242882,5.80454E+11,7.479290,5.428810,
nx1_bcs_-40c_vce1.2v,bcs,hbt_bcs,-40,1,1.2,0.95,2.212430e-03,19.205122,5.96037E+11,8.578620,5.110080,
nx1_bcs_-40c_vce1.2v,bcs,hbt_bcs,-40,1,1.2,0.97,3.003320e-03,26.070486,5.89095E+11,9.370190,4.882640,ic_high;vbe_high
nx1_bcs_-40c_vce1.2v,bcs,hbt_bcs,-40,1,1.2,0.99,3.886150e-03,33.733941,5.59428E+11,9.975560,4.714150,ic_high;vbe_high
nx1_bcs_-40c_vce1.2v,bcs,hbt_bcs,-40,1,1.2,1.01,4.852860e-03,42.125521,5.06253E+11,10.460900,4.589460,ic_high;vbe_high
nx1_bcs_-40c_vce1.2v,bcs,hbt_bcs,-40,1,1.2,1.03,5.898290e-03,51.200434,4.35717E+11,10.863900,4.500870,ic_high;vbe_high
nx1_bcs_-40c_vce1.2v,bcs,hbt_bcs,-40,1,1.2,1.05,7.019100e-03,60.929688,3.57543E+11,11.206200,4.444730,ic_high;vbe_high
nx1_bcs_-40c_vce1.4v,bcs,hbt_bcs,-40,1,1.4,0.55,4.891670e-11,0.000000,,-52.517500,57.441000,vbe_low
nx1_bcs_-40c_vce1.4v,bcs,hbt_bcs,-40,1,1.4,0.57,1.293910e-10,0.000001,,-52.509100,57.432600,vbe_low
nx1_bcs_-40c_vce1.4v,bcs,hbt_bcs,-40,1,1.4,0.59,3.446620e-10,0.000003,,-52.500500,57.424000,vbe_low
nx1_bcs_-40c_vce1.4v,bcs,hbt_bcs,-40,1,1.4,0.61,9.204630e-10,0.000008,,-52.491700,57.415300,vbe_low
nx1_bcs_-40c_vce1.4v,bcs,hbt_bcs,-40,1,1.4,0.63,2.460540e-09,0.000021,5.53525E+06,-52.482700,57.406300,vbe_low
nx1_bcs_-40c_vce1.4v,bcs,hbt_bcs,-40,1,1.4,0.65,6.579640e-09,0.000057,1.47342E+07,-52.472900,57.396400,
nx1_bcs_-40c_vce1.4v,bcs,hbt_bcs,-40,1,1.4,0.67,1.759640e-08,0.000153,3.91961E+07,-52.458200,57.381800,
nx1_bcs_-40c_vce1.4v,bcs,hbt_bcs,-40,1,1.4,0.69,4.706090e-08,0.000409,1.04178E+08,-52.412300,57.336000,
nx1_bcs_-40c_vce1.4v,bcs,hbt_bcs,-40,1,1.4,0.71,1.258610e-07,0.001093,2.77040E+08,-52.156700,57.080900,
nx1_bcs_-40c_vce1.4v,bcs,hbt_bcs,-40,1,1.4,0.73,3.365810e-07,0.002922,7.34508E+08,-50.721400,55.646800,
nx1_bcs_-40c_vce1.4v,bcs,hbt_bcs,-40,1,1.4,0.75,8.999200e-07,0.007812,1.94983E+09,-45.964700,50.893200,
nx1_bcs_-40c_vce1.4v,bcs,hbt_bcs,-40,1,1.4,0.77,2.404760e-06,0.020875,5.14117E+09,-38.394100,43.331200,
nx1_bcs_-40c_vce1.4v,bcs,hbt_bcs,-40,1,1.4,0.79,6.415400e-06,0.055689,1.34728E+10,-30.080100,35.041800,
nx1_bcs_-40c_vce1.4v,bcs,hbt_bcs,-40,1,1.4,0.81,1.703410e-05,0.147865,3.45611E+10,-21.765400,26.804400,
nx1_bcs_-40c_vce1.4v,bcs,hbt_bcs,-40,1,1.4,0.83,4.463500e-05,0.387457,8.39664E+10,-13.763600,19.068100,
nx1_bcs_-40c_vce1.4v,bcs,hbt_bcs,-40,1,1.4,0.85,1.130490e-04,0.981328,1.8221E+11,-6.521270,12.678800,
nx1_bcs_-40c_vce1.4v,bcs,hbt_bcs,-40,1,1.4,0.87,2.659470e-04,2.308568,3.23596E+11,-0.670904,8.658920,
nx1_bcs_-40c_vce1.4v,bcs,hbt_bcs,-40,1,1.4,0.89,5.547010e-04,4.815113,4.56516E+11,3.410250,6.754570,
nx1_bcs_-40c_vce1.4v,bcs,hbt_bcs,-40,1,1.4,0.91,1.006390e-03,8.736024,5.42935E+11,5.991410,5.874800,
nx1_bcs_-40c_vce1.4v,bcs,hbt_bcs,-40,1,1.4,0.93,1.615330e-03,14.021962,5.86775E+11,7.625370,5.388360,
nx1_bcs_-40c_vce1.4v,bcs,hbt_bcs,-40,1,1.4,0.95,2.363680e-03,20.518056,6.00167E+11,8.725970,5.071360,
nx1_bcs_-40c_vce1.4v,bcs,hbt_bcs,-40,1,1.4,0.97,3.234630e-03,28.078385,5.87377E+11,9.523820,4.846680,ic_high;vbe_high
nx1_bcs_-40c_vce1.4v,bcs,hbt_bcs,-40,1,1.4,0.99,4.217670e-03,36.611719,5.48048E+11,10.139200,4.684030,ic_high;vbe_high
nx1_bcs_-40c_vce1.4v,bcs,hbt_bcs,-40,1,1.4,1.01,5.306610e-03,46.064323,4.83154E+11,10.636800,4.569880,ic_high;vbe_high
nx1_bcs_-40c_vce1.4v,bcs,hbt_bcs,-40,1,1.4,1.03,6.498370e-03,56.409462,4.03682E+11,11.052800,4.498390,ic_high;vbe_high
nx1_bcs_-40c_vce1.4v,bcs,hbt_bcs,-40,1,1.4,1.05,7.791700e-03,67.636285,3.19978E+11,4.123780,6.489800,ic_high;vbe_high
nx1_bcs_27c_vce0.6v,bcs,hbt_bcs,27,1,0.6,0.55,1.612080e-08,0.000140,2.75328E+07,-51.893500,57.914100,vbe_low
nx1_bcs_27c_vce0.6v,bcs,hbt_bcs,27,1,0.6,0.57,3.432150e-08,0.000298,5.82755E+07,-51.861400,57.882000,vbe_low
nx1_bcs_27c_vce0.6v,bcs,hbt_bcs,27,1,0.6,0.59,7.306920e-08,0.000634,1.23501E+08,-51.797100,57.817900,vbe_low
nx1_bcs_27c_vce0.6v,bcs,hbt_bcs,27,1,0.6,0.61,1.555540e-07,0.001350,2.61121E+08,-51.597400,57.618600,vbe_low
nx1_bcs_27c_vce0.6v,bcs,hbt_bcs,27,1,0.6,0.63,3.311240e-07,0.002874,5.5289E+08,-50.866800,56.888700,vbe_low
nx1_bcs_27c_vce0.6v,bcs,hbt_bcs,27,1,0.6,0.65,7.047240e-07,0.006117,1.16638E+09,-48.611400,54.634900,
nx1_bcs_27c_vce0.6v,bcs,hbt_bcs,27,1,0.6,0.67,1.499280e-06,0.013015,2.46362E+09,-44.117200,50.144100,
nx1_bcs_27c_vce0.6v,bcs,hbt_bcs,27,1,0.6,0.69,3.187150e-06,0.027666,5.16749E+09,-38.216000,44.250400,
nx1_bcs_27c_vce0.6v,bcs,hbt_bcs,27,1,0.6,0.71,6.763710e-06,0.058713,1.08026E+10,-31.873800,37.924800,
nx1_bcs_27c_vce0.6v,bcs,hbt_bcs,27,1,0.6,0.73,1.430230e-05,0.124152,2.22487E+10,-25.483600,31.573300,
nx1_bcs_27c_vce0.6v,bcs,hbt_bcs,27,1,0.6,0.75,3.001730e-05,0.260567,4.46325E+10,-19.211800,25.396200,
nx1_bcs_27c_vce0.6v,bcs,hbt_bcs,27,1,0.6,0.77,6.205410e-05,0.538664,8.52653E+10,-13.218300,19.641700,
nx1_bcs_27c_vce0.6v,bcs,hbt_bcs,27,1,0.6,0.79,1.246790e-04,1.082283,1.5005E+11,-7.731310,14.721100,
nx1_bcs_27c_vce0.6v,bcs,hbt_bcs,27,1,0.6,0.81,2.388100e-04,2.073003,2.34778E+11,-3.024080,11.094000,
nx1_bcs_27c_vce0.6v,bcs,hbt_bcs,27,1,0.6,0.83,4.273800e-04,3.709896,3.2227E+11,0.711338,8.840100,
nx1_bcs_27c_vce0.6v,bcs,hbt_bcs,27,1,0.6,0.85,7.063760e-04,6.131736,3.93135E+11,3.487960,7.561870,
nx1_bcs_27c_vce0.6v,bcs,hbt_bcs,27,1,0.6,0.87,1.079640e-03,9.371875,4.40983E+11,5.489220,6.815470,
nx1_bcs_27c_vce0.6v,bcs,hbt_bcs,27,1,0.6,0.89,1.541480e-03,13.380903,4.66504E+11,6.936340,6.338110,
nx1_bcs_27c_vce0.6v,bcs,hbt_bcs,27,1,0.6,0.91,2.082170e-03,18.074392,4.74332E+11,8.006350,6.005070,
nx1_bcs_27c_vce0.6v,bcs,hbt_bcs,27,1,0.6,0.93,2.691500e-03,23.363715,4.66989E+11,8.817760,5.758840,
nx1_bcs_27c_vce0.6v,bcs,hbt_bcs,27,1,0.6,0.95,3.359360e-03,29.161111,4.36039E+11,9.398300,5.577170,ic_high
nx1_bcs_27c_vce0.6v,bcs,hbt_bcs,27,1,0.6,0.97,4.055440e-03,35.203472,2.54558E+11,8.923280,5.559450,ic_high;vbe_high
nx1_bcs_27c_vce0.6v,bcs,hbt_bcs,27,1,0.6,0.99,4.646760e-03,40.336458,7.10777E+10,6.015300,6.008860,ic_high;vbe_high
nx1_bcs_27c_vce0.6v,bcs,hbt_bcs,27,1,0.6,1.01,5.124910e-03,44.487066,3.2299E+10,4.645080,6.259110,ic_high;vbe_high
nx1_bcs_27c_vce0.6v,bcs,hbt_bcs,27,1,0.6,1.03,5.592170e-03,48.543142,1.99075E+10,4.511310,6.215490,ic_high;vbe_high
nx1_bcs_27c_vce0.6v,bcs,hbt_bcs,27,1,0.6,1.05,6.089050e-03,52.856337,1.38709E+10,4.518190,6.161510,ic_high;vbe_high
nx1_bcs_27c_vce0.8v,bcs,hbt_bcs,27,1,0.8,0.55,1.613610e-08,0.000140,2.77344E+07,-52.084900,58.105500,vbe_low
nx1_bcs_27c_vce0.8v,bcs,hbt_bcs,27,1,0.8,0.57,3.435390e-08,0.000298,5.87504E+07,-52.058200,58.078900,vbe_low
nx1_bcs_27c_vce0.8v,bcs,hbt_bcs,27,1,0.8,0.59,7.313820e-08,0.000635,1.24456E+08,-51.998200,58.019000,vbe_low
nx1_bcs_27c_vce0.8v,bcs,hbt_bcs,27,1,0.8,0.61,1.557020e-07,0.001352,2.63379E+08,-51.796400,57.817600,vbe_low
nx1_bcs_27c_vce0.8v,bcs,hbt_bcs,27,1,0.8,0.63,3.314460e-07,0.002877,5.57447E+08,-51.039900,57.061800,vbe_low
nx1_bcs_27c_vce0.8v,bcs,hbt_bcs,27,1,0.8,0.65,7.054410e-07,0.006124,1.17723E+09,-48.714300,54.737800,
nx1_bcs_27c_vce0.8v,bcs,hbt_bcs,27,1,0.8,0.67,1.500940e-06,0.013029,2.48572E+09,-44.148900,50.175800,
nx1_bcs_27c_vce0.8v,bcs,hbt_bcs,27,1,0.8,0.69,3.191250e-06,0.027702,5.21643E+09,-38.216200,44.250600,
nx1_bcs_27c_vce0.8v,bcs,hbt_bcs,27,1,0.8,0.71,6.774830e-06,0.058809,1.0915E+10,-31.862800,37.913900,
nx1_bcs_27c_vce0.8v,bcs,hbt_bcs,27,1,0.8,0.73,1.433590e-05,0.124444,2.24931E+10,-25.465300,31.555200,
nx1_bcs_27c_vce0.8v,bcs,hbt_bcs,27,1,0.8,0.75,3.012840e-05,0.261531,4.51902E+10,-19.183000,25.368200,
nx1_bcs_27c_vce0.8v,bcs,hbt_bcs,27,1,0.8,0.77,6.243740e-05,0.541991,8.66231E+10,-13.172700,19.599200,
nx1_bcs_27c_vce0.8v,bcs,hbt_bcs,27,1,0.8,0.79,1.259690e-04,1.093481,1.53038E+11,-7.661140,14.662600,
nx1_bcs_27c_vce0.8v,bcs,hbt_bcs,27,1,0.8,0.81,2.427520e-04,2.107222,2.40347E+11,-2.925790,11.028100,
nx1_bcs_27c_vce0.8v,bcs,hbt_bcs,27,1,0.8,0.83,4.377070e-04,3.799540,3.30132E+11,0.832110,8.779910,
nx1_bcs_27c_vce0.8v,bcs,hbt_bcs,27,1,0.8,0.85,7.290910e-04,6.328915,4.04141E+11,3.619530,7.511850,
nx1_bcs_27c_vce0.8v,bcs,hbt_bcs,27,1,0.8,0.87,1.122270e-03,9.741927,4.54443E+11,5.621810,6.773510,
nx1_bcs_27c_vce0.8v,bcs,hbt_bcs,27,1,0.8,0.89,1.612070e-03,13.993663,4.83672E+11,7.065430,6.301470,
nx1_bcs_27c_vce0.8v,bcs,hbt_bcs,27,1,0.8,0.91,2.188630e-03,18.998524,4.96005E+11,8.131400,5.972390,
nx1_bcs_27c_vce0.8v,bcs,hbt_bcs,27,1,0.8,0.93,2.841500e-03,24.665799,4.90531E+11,8.942310,5.729720,
nx1_bcs_27c_vce0.8v,bcs,hbt_bcs,27,1,0.8,0.95,3.561380e-03,30.914757,4.66792E+11,9.576920,5.545580,ic_high
nx1_bcs_27c_vce0.8v,bcs,hbt_bcs,27,1,0.8,0.97,4.340420e-03,37.677257,4.2865E+11,10.081000,5.405400,ic_high;vbe_high
nx1_bcs_27c_vce0.8v,bcs,hbt_bcs,27,1,0.8,0.99,5.167850e-03,44.859809,3.40764E+11,10.314600,5.319720,ic_high;vbe_high
nx1_bcs_27c_vce0.8v,bcs,hbt_bcs,27,1,0.8,1.01,5.958980e-03,51.727257,1.11075E+11,8.476880,5.520730,ic_high;vbe_high
nx1_bcs_27c_vce0.8v,bcs,hbt_bcs,27,1,0.8,1.03,6.586160e-03,57.171528,4.07317E+10,6.317470,5.858490,ic_high;vbe_high
nx1_bcs_27c_vce0.8v,bcs,hbt_bcs,27,1,0.8,1.05,7.154680e-03,62.106597,2.33748E+10,5.681900,5.950890,ic_high;vbe_high
nx1_bcs_27c_vce1.0v,bcs,hbt_bcs,27,1,1.0,0.55,1.615170e-08,0.000140,2.78941E+07,-52.232100,58.252700,vbe_low
nx1_bcs_27c_vce1.0v,bcs,hbt_bcs,27,1,1.0,0.57,3.438660e-08,0.000298,5.91231E+07,-52.208500,58.229200,vbe_low
nx1_bcs_27c_vce1.0v,bcs,hbt_bcs,27,1,1.0,0.59,7.320740e-08,0.000635,1.25200E+08,-52.150600,58.171400,vbe_low
nx1_bcs_27c_vce1.0v,bcs,hbt_bcs,27,1,1.0,0.61,1.558500e-07,0.001353,2.65122E+08,-51.945700,57.966900,vbe_low
nx1_bcs_27c_vce1.0v,bcs,hbt_bcs,27,1,1.0,0.63,3.317650e-07,0.002880,5.60940E+08,-51.167500,57.189500,vbe_low
nx1_bcs_27c_vce1.0v,bcs,hbt_bcs,27,1,1.0,0.65,7.061480e-07,0.006130,1.18546E+09,-48.787300,54.810800,
nx1_bcs_27c_vce1.0v,bcs,hbt_bcs,27,1,1.0,0.67,1.502580e-06,0.013043,2.50238E+09,-44.169000,50.196000,
nx1_bcs_27c_vce1.0v,bcs,hbt_bcs,27,1,1.0,0.69,3.195280e-06,0.027737,5.25661E+09,-38.213400,44.247800,
nx1_bcs_27c_vce1.0v,bcs,hbt_bcs,27,1,1.0,0.71,6.785810e-06,0.058905,1.09994E+10,-31.851300,37.902500,
nx1_bcs_27c_vce1.0v,bcs,hbt_bcs,27,1,1.0,0.73,1.436930e-05,0.124734,2.26778E+10,-25.446900,31.537000,
nx1_bcs_27c_vce1.0v,bcs,hbt_bcs,27,1,1.0,0.75,3.023960e-05,0.262497,4.56175E+10,-19.154400,25.340300,
nx1_bcs_27c_vce1.0v,bcs,hbt_bcs,27,1,1.0,0.77,6.282470e-05,0.545353,8.7683E+10,-13.127000,19.556500,
nx1_bcs_27c_vce1.0v,bcs,hbt_bcs,27,1,1.0,0.79,1.272910e-04,1.104957,1.55406E+11,-7.590160,14.603500,
nx1_bcs_27c_vce1.0v,bcs,hbt_bcs,27,1,1.0,0.81,2.468590e-04,2.142873,2.44922E+11,-2.825500,10.961400,
nx1_bcs_27c_vce1.0v,bcs,hbt_bcs,27,1,1.0,0.83,4.486760e-04,3.894757,3.36794E+11,0.956330,8.718670,
nx1_bcs_27c_vce1.0v,bcs,hbt_bcs,27,1,1.0,0.85,7.536650e-04,6.542231,4.12208E+11,3.755710,7.460690,
nx1_bcs_27c_vce1.0v,bcs,hbt_bcs,27,1,1.0,0.87,1.169140e-03,10.148785,4.63384E+11,5.759840,6.730270,
nx1_bcs_27c_vce1.0v,bcs,hbt_bcs,27,1,1.0,0.89,1.690720e-03,14.676389,4.93755E+11,7.200620,6.263520,
nx1_bcs_27c_vce1.0v,bcs,hbt_bcs,27,1,1.0,0.91,2.308630e-03,20.040191,5.05616E+11,8.263040,5.938680,
nx1_bcs_27c_vce1.0v,bcs,hbt_bcs,27,1,1.0,0.93,3.012280e-03,26.148264,5.00429E+11,9.071560,5.700660,ic_high
nx1_bcs_27c_vce1.0v,bcs,hbt_bcs,27,1,1.0,0.95,3.792260e-03,32.918924,4.76203E+11,9.705540,5.522560,ic_high
nx1_bcs_27c_vce1.0v,bcs,hbt_bcs,27,1,1.0,0.97,4.640790e-03,40.284635,4.33444E+11,10.215300,5.390050,ic_high;vbe_high
nx1_bcs_27c_vce1.0v,bcs,hbt_bcs,27,1,1.0,0.99,5.551410e-03,48.189323,3.77237E+11,10.631900,5.295110,ic_high;vbe_high
nx1_bcs_27c_vce1.0v,bcs,hbt_bcs,27,1,1.0,1.01,6.516050e-03,56.562934,2.97091E+11,10.874300,5.243530,ic_high;vbe_high
nx1_bcs_27c_vce1.0v,bcs,hbt_bcs,27,1,1.0,1.03,7.453170e-03,64.697656,1.0616E+11,9.382840,5.410000,ic_high;vbe_high
nx1_bcs_27c_vce1.0v,bcs,hbt_bcs,27,1,1.0,1.05,8.209190e-03,71.260330,4.06067E+10,7.347890,5.706950,ic_high;vbe_high
nx1_bcs_27c_vce1.2v,bcs,hbt_bcs,27,1,1.2,0.55,1.617030e-08,0.000140,2.80315E+07,-52.351500,58.372200,vbe_low
nx1_bcs_27c_vce1.2v,bcs,hbt_bcs,27,1,1.2,0.57,3.442500e-08,0.000299,5.94406E+07,-52.330000,58.350600,vbe_low
nx1_bcs_27c_vce1.2v,bcs,hbt_bcs,27,1,1.2,0.59,7.328690e-08,0.000636,1.2583E+08,-52.273100,58.293900,vbe_low
nx1_bcs_27c_vce1.2v,bcs,hbt_bcs,27,1,1.2,0.61,1.560160e-07,0.001354,2.6658E+08,-52.064900,58.086100,vbe_low
nx1_bcs_27c_vce1.2v,bcs,hbt_bcs,27,1,1.2,0.63,3.321180e-07,0.002883,5.63847E+08,-51.267900,57.289800,vbe_low
nx1_bcs_27c_vce1.2v,bcs,hbt_bcs,27,1,1.2,0.65,7.069140e-07,0.006136,1.19226E+09,-48.842700,54.866200,
nx1_bcs_27c_vce1.2v,bcs,hbt_bcs,27,1,1.2,0.67,1.504310e-06,0.013058,2.5161E+09,-44.182200,50.209100,
nx1_bcs_27c_vce1.2v,bcs,hbt_bcs,27,1,1.2,0.69,3.199500e-06,0.027773,5.28949E+09,-38.208400,44.242900,
nx1_bcs_27c_vce1.2v,bcs,hbt_bcs,27,1,1.2,0.71,6.797120e-06,0.059003,1.10685E+10,-31.839100,37.890300,
nx1_bcs_27c_vce1.2v,bcs,hbt_bcs,27,1,1.2,0.73,1.440330e-05,0.125029,2.28304E+10,-25.428300,31.518500,
nx1_bcs_27c_vce1.2v,bcs,hbt_bcs,27,1,1.2,0.75,3.035250e-05,0.263477,4.59765E+10,-19.125500,25.312100,
nx1_bcs_27c_vce1.2v,bcs,hbt_bcs,27,1,1.2,0.77,6.321940e-05,0.548780,8.85901E+10,-13.080700,19.513400,
nx1_bcs_27c_vce1.2v,bcs,hbt_bcs,27,1,1.2,0.79,1.286510e-04,1.116762,1.57468E+11,-7.518010,14.543500,
nx1_bcs_27c_vce1.2v,bcs,hbt_bcs,27,1,1.2,0.81,2.511560e-04,2.180174,2.48926E+11,-2.722810,10.893400,
nx1_bcs_27c_vce1.2v,bcs,hbt_bcs,27,1,1.2,0.83,4.603860e-04,3.996406,3.43177E+11,1.084520,8.656140,
nx1_bcs_27c_vce1.2v,bcs,hbt_bcs,27,1,1.2,0.85,7.804070e-04,6.774366,4.18997E+11,3.897080,7.408220,
nx1_bcs_27c_vce1.2v,bcs,hbt_bcs,27,1,1.2,0.87,1.221090e-03,10.599740,4.70515E+11,5.903970,6.685610,
nx1_bcs_27c_vce1.2v,bcs,hbt_bcs,27,1,1.2,0.89,1.779080e-03,15.443403,5.01002E+11,7.342970,6.224100,
nx1_bcs_27c_vce1.2v,bcs,hbt_bcs,27,1,1.2,0.91,2.445280e-03,21.226389,5.1108E+11,8.403310,5.903790,
nx1_bcs_27c_vce1.2v,bcs,hbt_bcs,27,1,1.2,0.93,3.209760e-03,27.862500,5.02886E+11,9.209910,5.671540,ic_high
nx1_bcs_27c_vce1.2v,bcs,hbt_bcs,27,1,1.2,0.95,4.061530e-03,35.256337,4.73934E+11,9.843690,5.501440,ic_high
nx1_bcs_27c_vce1.2v,bcs,hbt_bcs,27,1,1.2,0.97,4.994690e-03,43.356684,4.27421E+11,10.354400,5.380340,ic_high;vbe_high
nx1_bcs_27c_vce1.2v,bcs,hbt_bcs,27,1,1.2,0.99,6.002570e-03,52.105642,3.64424E+11,10.773600,5.301190,ic_high;vbe_high
nx1_bcs_27c_vce1.2v,bcs,hbt_bcs,27,1,1.2,1.01,7.079980e-03,61.458160,2.97522E+11,11.118400,5.260870,ic_high;vbe_high
nx1_bcs_27c_vce1.2v,bcs,hbt_bcs,27,1,1.2,1.03,8.213290e-03,71.295920,2.05683E+11,11.154000,5.281640,ic_high;vbe_high
nx1_bcs_27c_vce1.2v,bcs,hbt_bcs,27,1,1.2,1.05,9.251540e-03,80.308507,6.86562E+10,9.234650,5.538090,ic_high;vbe_high
nx1_bcs_27c_vce1.4v,bcs,hbt_bcs,27,1,1.4,0.55,1.619810e-08,0.000141,2.81643E+07,-52.451900,58.472500,vbe_low
nx1_bcs_27c_vce1.4v,bcs,hbt_bcs,27,1,1.4,0.57,3.448100e-08,0.000299,5.97431E+07,-52.431700,58.452300,vbe_low
nx1_bcs_27c_vce1.4v,bcs,hbt_bcs,27,1,1.4,0.59,7.340080e-08,0.000637,1.26422E+08,-52.375200,58.396100,vbe_low
nx1_bcs_27c_vce1.4v,bcs,hbt_bcs,27,1,1.4,0.61,1.562490e-07,0.001356,2.67936E+08,-52.163600,58.184800,vbe_low
nx1_bcs_27c_vce1.4v,bcs,hbt_bcs,27,1,1.4,0.63,3.325990e-07,0.002887,5.66518E+08,-51.349600,57.371600,vbe_low
nx1_bcs_27c_vce1.4v,bcs,hbt_bcs,27,1,1.4,0.65,7.079260e-07,0.006145,1.19842E+09,-48.885300,54.908800,
nx1_bcs_27c_vce1.4v,bcs,hbt_bcs,27,1,1.4,0.67,1.506520e-06,0.013077,2.52845E+09,-44.189100,50.216100,
nx1_bcs_27c_vce1.4v,bcs,hbt_bcs,27,1,1.4,0.69,3.204610e-06,0.027818,5.31886E+09,-38.200300,44.234800,
nx1_bcs_27c_vce1.4v,bcs,hbt_bcs,27,1,1.4,0.71,6.810150e-06,0.059116,1.11302E+10,-31.824700,37.876000,
nx1_bcs_27c_vce1.4v,bcs,hbt_bcs,27,1,1.4,0.73,1.444070e-05,0.125353,2.29669E+10,-25.407800,31.498200,
nx1_bcs_27c_vce1.4v,bcs,hbt_bcs,27,1,1.4,0.75,3.047280e-05,0.264521,4.63001E+10,-19.094700,25.282000,
nx1_bcs_27c_vce1.4v,bcs,hbt_bcs,27,1,1.4,0.77,6.363300e-05,0.552370,8.9418E+10,-13.032300,19.468200,
nx1_bcs_27c_vce1.4v,bcs,hbt_bcs,27,1,1.4,0.79,1.300740e-04,1.129115,1.5937E+11,-7.443080,14.481200,
nx1_bcs_27c_vce1.4v,bcs,hbt_bcs,27,1,1.4,0.81,2.556980e-04,2.219601,2.52631E+11,-2.616290,10.823200,
nx1_bcs_27c_vce1.4v,bcs,hbt_bcs,27,1,1.4,0.83,4.729560e-04,4.105521,3.49017E+11,1.217260,8.591890,
nx1_bcs_27c_vce1.4v,bcs,hbt_bcs,27,1,1.4,0.85,8.096780e-04,7.028455,4.26086E+11,4.043530,7.354320,
nx1_bcs_27c_vce1.4v,bcs,hbt_bcs,27,1,1.4,0.87,1.278880e-03,11.101389,4.77627E+11,6.054360,6.639340,
nx1_bcs_27c_vce1.4v,bcs,hbt_bcs,27,1,1.4,0.89,1.879690e-03,16.316753,5.06691E+11,7.492660,6.183210,
nx1_bcs_27c_vce1.4v,bcs,hbt_bcs,27,1,1.4,0.91,2.602930e-03,22.594878,5.14197E+11,8.551990,5.868110,
nx1_bcs_27c_vce1.4v,bcs,hbt_bcs,27,1,1.4,0.93,3.439560e-03,29.857292,5.01298E+11,9.359240,5.642860,ic_high
nx1_bcs_27c_vce1.4v,bcs,hbt_bcs,27,1,1.4,0.95,4.381010e-03,38.029601,4.65181E+11,9.993850,5.483590,ic_high
nx1_bcs_27c_vce1.4v,bcs,hbt_bcs,27,1,1.4,0.97,5.420320e-03,47.051389,4.1012E+11,10.505500,5.378670,ic_high;vbe_high
nx1_bcs_27c_vce1.4v,bcs,hbt_bcs,27,1,1.4,0.99,6.551980e-03,56.874826,3.42529E+11,10.924900,5.322870,ic_high;vbe_high
nx1_bcs_27c_vce1.4v,bcs,hbt_bcs,27,1,1.4,1.01,7.771290e-03,67.459115,2.70558E+11,11.270100,5.314980,ic_high;vbe_high
nx1_bcs_27c_vce1.4v,bcs,hbt_bcs,27,1,1.4,1.03,9.072000e-03,78.750000,2.0492E+11,11.512500,5.359800,ic_high;vbe_high
nx1_bcs_27c_vce1.4v,bcs,hbt_bcs,27,1,1.4,1.05,1.036680e-02,89.989583,9.25272E+10,10.476400,5.563720,ic_high;vbe_high
nx1_bcs_125c_vce0.6v,bcs,hbt_bcs,125,1,0.6,0.55,2.746500e-06,0.023841,3.36324E+09,-41.807300,49.063700,vbe_low
nx1_bcs_125c_vce0.6v,bcs,hbt_bcs,125,1,0.6,0.57,4.803260e-06,0.041695,5.80823E+09,-37.289000,44.552300,vbe_low
nx1_bcs_125c_vce0.6v,bcs,hbt_bcs,125,1,0.6,0.59,8.391180e-06,0.072840,1.00121E+10,-32.584500,39.860300,vbe_low
nx1_bcs_125c_vce0.6v,bcs,hbt_bcs,125,1,0.6,0.61,1.463160e-05,0.127010,1.70877E+10,-27.843700,35.142500,vbe_low
nx1_bcs_125c_vce0.6v,bcs,hbt_bcs,125,1,0.6,0.63,2.543000e-05,0.220747,2.87693E+10,-23.141400,30.483900,vbe_low
nx1_bcs_125c_vce0.6v,bcs,hbt_bcs,125,1,0.6,0.65,4.395350e-05,0.381541,4.74190E+10,-18.536900,25.964500,
nx1_bcs_125c_vce0.6v,bcs,hbt_bcs,125,1,0.6,0.67,7.527360e-05,0.653417,7.56976E+10,-14.101100,21.695800,
nx1_bcs_125c_vce0.6v,bcs,hbt_bcs,125,1,0.6,0.69,1.270340e-04,1.102726,1.15254E+11,-9.926630,17.840300,
nx1_bcs_125c_vce0.6v,bcs,hbt_bcs,125,1,0.6,0.71,2.097220e-04,1.820503,1.64877E+11,-6.121990,14.591800,
nx1_bcs_125c_vce0.6v,bcs,hbt_bcs,125,1,0.6,0.73,3.358950e-04,2.915755,2.20029E+11,-2.786620,12.089700,
nx1_bcs_125c_vce0.6v,bcs,hbt_bcs,125,1,0.6,0.75,5.180550e-04,4.497005,2.72325E+11,0.024214,10.319000,
nx1_bcs_125c_vce0.6v,bcs,hbt_bcs,125,1,0.6,0.77,7.659930e-04,6.649245,3.15897E+11,2.319310,9.123770,
nx1_bcs_125c_vce0.6v,bcs,hbt_bcs,125,1,0.6,0.79,1.085140e-03,9.419618,3.45738E+11,4.159540,8.315670,
nx1_bcs_125c_vce0.6v,bcs,hbt_bcs,125,1,0.6,0.81,1.476600e-03,12.817708,3.61957E+11,5.627840,7.750160,
nx1_bcs_125c_vce0.6v,bcs,hbt_bcs,125,1,0.6,0.83,1.938290e-03,16.825434,3.6641E+11,6.803060,7.337210,
nx1_bcs_125c_vce0.6v,bcs,hbt_bcs,125,1,0.6,0.85,2.466020e-03,21.406424,3.60543E+11,7.741740,7.026370,
nx1_bcs_125c_vce0.6v,bcs,hbt_bcs,125,1,0.6,0.87,3.052730e-03,26.499392,3.35994E+11,8.417230,6.799120,ic_high
nx1_bcs_125c_vce0.6v,bcs,hbt_bcs,125,1,0.6,0.89,3.675720e-03,31.907292,2.53396E+11,8.356190,6.711930,ic_high
nx1_bcs_125c_vce0.6v,bcs,hbt_bcs,125,1,0.6,0.91,4.264560e-03,37.018750,1.28739E+11,6.903630,6.884810,ic_high
nx1_bcs_125c_vce0.6v,bcs,hbt_bcs,125,1,0.6,0.93,4.783810e-03,41.526128,6.90838E+10,5.694480,7.059670,ic_high
nx1_bcs_125c_vce0.6v,bcs,hbt_bcs,125,1,0.6,0.95,5.277840e-03,45.814583,4.41461E+10,5.320560,7.070700,ic_high
nx1_bcs_125c_vce0.6v,bcs,hbt_bcs,125,1,0.6,0.97,5.779510e-03,50.169358,3.06544E+10,5.230810,7.039150,ic_high;vbe_high
nx1_bcs_125c_vce0.6v,bcs,hbt_bcs,125,1,0.6,0.99,6.293930e-03,54.634809,2.12758E+10,4.832860,7.126650,ic_high;vbe_high
nx1_bcs_125c_vce0.6v,bcs,hbt_bcs,125,1,0.6,1.01,6.801800e-03,59.043403,1.37983E+10,3.551750,7.524580,ic_high;vbe_high
nx1_bcs_125c_vce0.6v,bcs,hbt_bcs,125,1,0.6,1.03,7.268740e-03,63.096701,8.11098E+09,1.001130,8.520010,ic_high;vbe_high
nx1_bcs_125c_vce0.6v,bcs,hbt_bcs,125,1,0.6,1.05,7.663910e-03,66.526997,4.40151E+09,-2.758990,10.498000,ic_high;vbe_high
nx1_bcs_125c_vce0.8v,bcs,hbt_bcs,125,1,0.8,0.55,2.749680e-06,0.023869,3.40112E+09,-41.827200,49.083700,vbe_low
nx1_bcs_125c_vce0.8v,bcs,hbt_bcs,125,1,0.8,0.57,4.809620e-06,0.041750,5.87643E+09,-37.289000,44.552300,vbe_low
nx1_bcs_125c_vce0.8v,bcs,hbt_bcs,125,1,0.8,0.59,8.404570e-06,0.072956,1.01301E+10,-32.575200,39.851100,vbe_low
nx1_bcs_125c_vce0.8v,bcs,hbt_bcs,125,1,0.8,0.61,1.466150e-05,0.127270,1.73182E+10,-27.828400,35.127300,vbe_low
nx1_bcs_125c_vce0.8v,bcs,hbt_bcs,125,1,0.8,0.63,2.550080e-05,0.221361,2.91621E+10,-23.119700,30.462600,vbe_low
nx1_bcs_125c_vce0.8v,bcs,hbt_bcs,125,1,0.8,0.65,4.412770e-05,0.383053,4.82271E+10,-18.506400,25.934900,
nx1_bcs_125c_vce0.8v,bcs,hbt_bcs,125,1,0.8,0.67,7.571000e-05,0.657205,7.716E+10,-14.058100,21.655300,
nx1_bcs_125c_vce0.8v,bcs,hbt_bcs,125,1,0.8,0.69,1.281160e-04,1.112118,1.17574E+11,-9.866920,17.787300,
nx1_bcs_125c_vce0.8v,bcs,hbt_bcs,125,1,0.8,0.71,2.123030e-04,1.842908,1.69062E+11,-6.042250,14.528600,
nx1_bcs_125c_vce0.8v,bcs,hbt_bcs,125,1,0.8,0.73,3.416590e-04,2.965790,2.26462E+11,-2.686360,12.022500,
nx1_bcs_125c_vce0.8v,bcs,hbt_bcs,125,1,0.8,0.75,5.298700e-04,4.599566,2.81849E+11,0.141847,10.255000,
nx1_bcs_125c_vce0.8v,bcs,hbt_bcs,125,1,0.8,0.77,7.880580e-04,6.840781,3.28473E+11,2.448800,9.066570,
nx1_bcs_125c_vce0.8v,bcs,hbt_bcs,125,1,0.8,0.79,1.122810e-03,9.746615,3.64474E+11,4.295310,8.265660,
nx1_bcs_125c_vce0.8v,bcs,hbt_bcs,125,1,0.8,0.81,1.536050e-03,13.333767,3.88533E+11,5.765670,7.706470,
nx1_bcs_125c_vce0.8v,bcs,hbt_bcs,125,1,0.8,0.83,2.026130e-03,17.587934,3.99991E+11,6.941430,7.299030,
nx1_bcs_125c_vce0.8v,bcs,hbt_bcs,125,1,0.8,0.85,2.589200e-03,22.475694,3.95946E+11,7.889640,6.992060,
nx1_bcs_125c_vce0.8v,bcs,hbt_bcs,125,1,0.8,0.87,3.220340e-03,27.954340,3.78256E+11,8.661390,6.756480,ic_high
nx1_bcs_125c_vce0.8v,bcs,hbt_bcs,125,1,0.8,0.89,3.913950e-03,33.975260,3.47628E+11,9.285360,6.576450,ic_high
nx1_bcs_125c_vce0.8v,bcs,hbt_bcs,125,1,0.8,0.91,4.661010e-03,40.460156,2.94798E+11,9.675590,6.455640,ic_high
nx1_bcs_125c_vce0.8v,bcs,hbt_bcs,125,1,0.8,0.93,5.421350e-03,47.060330,1.80005E+11,9.088470,6.485350,ic_high
nx1_bcs_125c_vce0.8v,bcs,hbt_bcs,125,1,0.8,0.95,6.105100e-03,52.995660,8.66051E+10,7.572780,6.680730,ic_high
nx1_bcs_125c_vce0.8v,bcs,hbt_bcs,125,1,0.8,0.97,6.722170e-03,58.352170,5.09205E+10,6.755080,6.790690,ic_high;vbe_high
nx1_bcs_125c_vce0.8v,bcs,hbt_bcs,125,1,0.8,0.99,7.328080e-03,63.611806,3.49762E+10,6.509990,6.817220,ic_high;vbe_high
nx1_bcs_125c_vce0.8v,bcs,hbt_bcs,125,1,0.8,1.01,7.949280e-03,69.004167,2.58423E+10,6.378060,6.856270,ic_high;vbe_high
nx1_bcs_125c_vce0.8v,bcs,hbt_bcs,125,1,0.8,1.03,8.586320e-03,74.534028,1.9272E+10,5.915880,7.008630,ic_high;vbe_high
nx1_bcs_125c_vce0.8v,bcs,hbt_bcs,125,1,0.8,1.05,9.213660e-03,79.979688,1.34521E+10,4.577600,7.426600,ic_high;vbe_high
nx1_bcs_125c_vce1.0v,bcs,hbt_bcs,125,1,1.0,0.55,2.752880e-06,0.023897,3.4283E+09,-41.837400,49.093900,vbe_low
nx1_bcs_125c_vce1.0v,bcs,hbt_bcs,125,1,1.0,0.57,4.815950e-06,0.041805,5.92767E+09,-37.285300,44.548700,vbe_low
nx1_bcs_125c_vce1.0v,bcs,hbt_bcs,125,1,1.0,0.59,8.417870e-06,0.073072,1.02135E+10,-32.564800,39.840700,vbe_low
nx1_bcs_125c_vce1.0v,bcs,hbt_bcs,125,1,1.0,0.61,1.469130e-05,0.127529,1.748E+10,-27.812800,35.111900,vbe_low
nx1_bcs_125c_vce1.0v,bcs,hbt_bcs,125,1,1.0,0.63,2.557130e-05,0.221973,2.94406E+10,-23.098000,30.441200,vbe_low
nx1_bcs_125c_vce1.0v,bcs,hbt_bcs,125,1,1.0,0.65,4.430220e-05,0.384568,4.87947E+10,-18.476000,25.905400,
nx1_bcs_125c_vce1.0v,bcs,hbt_bcs,125,1,1.0,0.67,7.615010e-05,0.661025,7.81918E+10,-14.015100,21.614800,
nx1_bcs_125c_vce1.0v,bcs,hbt_bcs,125,1,1.0,0.69,1.292180e-04,1.121684,1.19474E+11,-9.806840,17.734100,
nx1_bcs_125c_vce1.0v,bcs,hbt_bcs,125,1,1.0,0.71,2.149610e-04,1.865981,1.7223E+11,-5.961480,14.464700,
nx1_bcs_125c_vce1.0v,bcs,hbt_bcs,125,1,1.0,0.73,3.476710e-04,3.017977,2.30836E+11,-2.584150,11.954400,
nx1_bcs_125c_vce1.0v,bcs,hbt_bcs,125,1,1.0,0.75,5.423700e-04,4.708073,2.87933E+11,0.262490,10.189900,
nx1_bcs_125c_vce1.0v,bcs,hbt_bcs,125,1,1.0,0.77,8.117320e-04,7.046285,3.36053E+11,2.582220,9.008300,
nx1_bcs_125c_vce1.0v,bcs,hbt_bcs,125,1,1.0,0.79,1.163770e-03,10.102170,3.73089E+11,4.435540,8.214600,
nx1_bcs_125c_vce1.0v,bcs,hbt_bcs,125,1,1.0,0.81,1.601450e-03,13.901476,3.99411E+11,5.908000,7.661870,
nx1_bcs_125c_vce1.0v,bcs,hbt_bcs,125,1,1.0,0.83,2.123730e-03,18.435156,4.12921E+11,7.082820,7.260490,
nx1_bcs_125c_vce1.0v,bcs,hbt_bcs,125,1,1.0,0.85,2.727060e-03,23.672396,4.14704E+11,8.028570,6.960020,
nx1_bcs_125c_vce1.0v,bcs,hbt_bcs,125,1,1.0,0.87,3.406550e-03,29.570747,4.01832E+11,8.797450,6.732190,ic_high
nx1_bcs_125c_vce1.0v,bcs,hbt_bcs,125,1,1.0,0.89,4.156770e-03,36.083073,3.68457E+11,9.427710,6.560660,ic_high
nx1_bcs_125c_vce1.0v,bcs,hbt_bcs,125,1,1.0,0.91,4.972130e-03,43.160851,3.24398E+11,9.945550,6.435800,ic_high
nx1_bcs_125c_vce1.0v,bcs,hbt_bcs,125,1,1.0,0.93,5.845540e-03,50.742535,2.66196E+11,10.323500,6.357010,ic_high
nx1_bcs_125c_vce1.0v,bcs,hbt_bcs,125,1,1.0,0.95,6.747020e-03,58.567882,1.72752E+11,10.040700,6.380540,ic_high
nx1_bcs_125c_vce1.0v,bcs,hbt_bcs,125,1,1.0,0.97,7.574690e-03,65.752517,8.43683E+10,8.642720,6.567760,ic_high;vbe_high
nx1_bcs_125c_vce1.0v,bcs,hbt_bcs,125,1,1.0,0.99,8.314930e-03,72.178212,4.96132E+10,7.711510,6.719650,ic_high;vbe_high
nx1_bcs_125c_vce1.0v,bcs,hbt_bcs,125,1,1.0,1.01,9.031820e-03,78.401215,3.4488E+10,7.328610,6.815620,ic_high;vbe_high
nx1_bcs_125c_vce1.0v,bcs,hbt_bcs,125,1,1.0,1.03,9.759630e-03,84.719010,2.62183E+10,7.125050,6.920570,ic_high;vbe_high
nx1_bcs_125c_vce1.0v,bcs,hbt_bcs,125,1,1.0,1.05,1.050590e-02,91.197049,2.0698E+10,6.786330,7.094530,ic_high;vbe_high
nx1_bcs_125c_vce1.2v,bcs,hbt_bcs,125,1,1.2,0.55,2.756750e-06,0.023930,3.45042E+09,-41.841300,49.097800,vbe_low
nx1_bcs_125c_vce1.2v,bcs,hbt_bcs,125,1,1.2,0.57,4.823280e-06,0.041869,5.96899E+09,-37.278600,44.542000,vbe_low
nx1_bcs_125c_vce1.2v,bcs,hbt_bcs,125,1,1.2,0.59,8.432660e-06,0.073200,1.02805E+10,-32.552600,39.828600,vbe_low
nx1_bcs_125c_vce1.2v,bcs,hbt_bcs,125,1,1.2,0.61,1.472330e-05,0.127806,1.76096E+10,-27.796200,35.095400,vbe_low
nx1_bcs_125c_vce1.2v,bcs,hbt_bcs,125,1,1.2,0.63,2.564530e-05,0.222615,2.97006E+10,-23.075600,30.419100,vbe_low
nx1_bcs_125c_vce1.2v,bcs,hbt_bcs,125,1,1.2,0.65,4.448260e-05,0.386134,4.92537E+10,-18.445000,25.875100,
nx1_bcs_125c_vce1.2v,bcs,hbt_bcs,125,1,1.2,0.67,7.660250e-05,0.664952,7.90347E+10,-13.971400,21.573500,
nx1_bcs_125c_vce1.2v,bcs,hbt_bcs,125,1,1.2,0.69,1.303520e-04,1.131528,1.21077E+11,-9.745770,17.680000,
nx1_bcs_125c_vce1.2v,bcs,hbt_bcs,125,1,1.2,0.71,2.177160e-04,1.889896,1.74849E+11,-5.879220,14.399700,
nx1_bcs_125c_vce1.2v,bcs,hbt_bcs,125,1,1.2,0.73,3.539740e-04,3.072691,2.34434E+11,-2.479650,11.885200,
nx1_bcs_125c_vce1.2v,bcs,hbt_bcs,125,1,1.2,0.75,5.556530e-04,4.823377,2.92837E+11,0.386390,10.123700,
nx1_bcs_125c_vce1.2v,bcs,hbt_bcs,125,1,1.2,0.77,8.372590e-04,7.267873,3.42719E+11,2.719990,8.948810,
nx1_bcs_125c_vce1.2v,bcs,hbt_bcs,125,1,1.2,0.79,1.208570e-03,10.491059,3.80353E+11,4.581230,8.162250,
nx1_bcs_125c_vce1.2v,bcs,hbt_bcs,125,1,1.2,0.81,1.673940e-03,14.530729,4.06458E+11,6.056780,7.616010,
nx1_bcs_125c_vce1.2v,bcs,hbt_bcs,125,1,1.2,0.83,2.233240e-03,19.385764,4.19438E+11,7.231260,7.221060,
nx1_bcs_125c_vce1.2v,bcs,hbt_bcs,125,1,1.2,0.85,2.883420e-03,25.029687,4.20584E+11,8.174410,6.928000,
nx1_bcs_125c_vce1.2v,bcs,hbt_bcs,125,1,1.2,0.87,3.619840e-03,31.422222,4.08234E+11,8.939350,6.709600,ic_high
nx1_bcs_125c_vce1.2v,bcs,hbt_bcs,125,1,1.2,0.89,4.437090e-03,38.516406,3.78276E+11,9.565070,6.550480,ic_high
nx1_bcs_125c_vce1.2v,bcs,hbt_bcs,125,1,1.2,0.91,5.329510e-03,46.263108,3.26721E+11,10.078800,6.441850,ic_high
nx1_bcs_125c_vce1.2v,bcs,hbt_bcs,125,1,1.2,0.93,6.291240e-03,54.611458,2.67286E+11,10.498900,6.378860,ic_high
nx1_bcs_125c_vce1.2v,bcs,hbt_bcs,125,1,1.2,0.95,7.314150e-03,63.490885,2.05162E+11,10.783300,6.364740,ic_high
nx1_bcs_125c_vce1.2v,bcs,hbt_bcs,125,1,1.2,0.97,8.354180e-03,72.518924,1.22718E+11,10.302100,6.463400,ic_high;vbe_high
nx1_bcs_125c_vce1.2v,bcs,hbt_bcs,125,1,1.2,0.99,9.292490e-03,80.663976,6.45092E+10,8.984770,6.683970,ic_high;vbe_high
nx1_bcs_125c_vce1.2v,bcs,hbt_bcs,125,1,1.2,1.01,1.014480e-02,88.062500,4.11802E+10,8.179900,6.871600,ic_high;vbe_high
nx1_bcs_125c_vce1.2v,bcs,hbt_bcs,125,1,1.2,1.03,1.097730e-02,95.289063,3.01657E+10,7.764700,7.043840,ic_high;vbe_high
nx1_bcs_125c_vce1.2v,bcs,hbt_bcs,125,1,1.2,1.05,1.181950e-02,102.599826,2.3743E+10,7.450430,7.246460,ic_high;vbe_high
nx1_bcs_125c_vce1.4v,bcs,hbt_bcs,125,1,1.4,0.55,2.763050e-06,0.023985,4.4712E+09,-41.836300,49.092800,vbe_low
nx1_bcs_125c_vce1.4v,bcs,hbt_bcs,125,1,1.4,0.57,4.834500e-06,0.041966,,-37.265200,44.528600,vbe_low
nx1_bcs_125c_vce1.4v,bcs,hbt_bcs,125,1,1.4,0.59,8.453630e-06,0.073382,,-32.534900,39.810900,vbe_low
nx1_bcs_125c_vce1.4v,bcs,hbt_bcs,125,1,1.4,0.61,1.476510e-05,0.128169,1.77283E+10,-27.774600,35.073900,vbe_low
nx1_bcs_125c_vce1.4v,bcs,hbt_bcs,125,1,1.4,0.63,2.573520e-05,0.223396,2.99369E+10,-23.048600,30.392400,vbe_low
nx1_bcs_125c_vce1.4v,bcs,hbt_bcs,125,1,1.4,0.65,4.468940e-05,0.387929,4.96699E+10,-18.409600,25.840600,
nx1_bcs_125c_vce1.4v,bcs,hbt_bcs,125,1,1.4,0.67,7.710140e-05,0.669283,7.97994E+10,-13.923400,21.528000,
nx1_bcs_125c_vce1.4v,bcs,hbt_bcs,125,1,1.4,0.69,1.315760e-04,1.142153,1.22532E+11,-9.680280,17.621700,
nx1_bcs_125c_vce1.4v,bcs,hbt_bcs,125,1,1.4,0.71,2.206650e-04,1.915495,1.77221E+11,-5.792400,14.330800,
nx1_bcs_125c_vce1.4v,bcs,hbt_bcs,125,1,1.4,0.73,3.607290e-04,3.131328,2.38049E+11,-2.370670,11.812800,
nx1_bcs_125c_vce1.4v,bcs,hbt_bcs,125,1,1.4,0.75,5.699930e-04,4.947856,2.972E+11,0.514359,10.055300,
nx1_bcs_125c_vce1.4v,bcs,hbt_bcs,125,1,1.4,0.77,8.651030e-04,7.509575,3.48472E+11,2.861340,8.888000,
nx1_bcs_125c_vce1.4v,bcs,hbt_bcs,125,1,1.4,0.79,1.258030e-03,10.920399,3.86594E+11,4.730760,8.108860,
nx1_bcs_125c_vce1.4v,bcs,hbt_bcs,125,1,1.4,0.81,1.754990e-03,15.234288,4.11909E+11,6.210880,7.569130,
nx1_bcs_125c_vce1.4v,bcs,hbt_bcs,125,1,1.4,0.83,2.357290e-03,20.462587,4.24389E+11,7.387110,7.180860,
nx1_bcs_125c_vce1.4v,bcs,hbt_bcs,125,1,1.4,0.85,3.062840e-03,26.587153,4.23178E+11,8.329100,6.896240,ic_high
nx1_bcs_125c_vce1.4v,bcs,hbt_bcs,125,1,1.4,0.87,3.867510e-03,33.572135,4.0672E+11,9.090180,6.689460,ic_high
nx1_bcs_125c_vce1.4v,bcs,hbt_bcs,125,1,1.4,0.89,4.766150e-03,41.372830,3.72237E+11,9.709920,6.546430,ic_high
nx1_bcs_125c_vce1.4v,bcs,hbt_bcs,125,1,1.4,0.91,5.753110e-03,49.940191,3.23695E+11,10.216400,6.459730,ic_high
nx1_bcs_125c_vce1.4v,bcs,hbt_bcs,125,1,1.4,0.93,6.822240e-03,59.220833,2.53756E+11,10.625900,6.426260,ic_high
nx1_bcs_125c_vce1.4v,bcs,hbt_bcs,125,1,1.4,0.95,7.966290e-03,69.151823,1.85539E+11,10.942900,6.445890,ic_high
nx1_bcs_125c_vce1.4v,bcs,hbt_bcs,125,1,1.4,0.97,9.167100e-03,79.575521,1.23264E+11,10.981500,6.537170,ic_high;vbe_high
nx1_bcs_125c_vce1.4v,bcs,hbt_bcs,125,1,1.4,0.99,1.031800e-02,89.565972,6.85879E+10,9.924210,6.774730,ic_high;vbe_high
nx1_bcs_125c_vce1.4v,bcs,hbt_bcs,125,1,1.4,1.01,1.133620e-02,98.404514,4.21031E+10,8.831820,7.047240,ic_high;vbe_high
nx1_bcs_125c_vce1.4v,bcs,hbt_bcs,125,1,1.4,1.03,1.229620e-02,106.737847,2.97079E+10,8.165050,7.309290,ic_high;vbe_high
nx1_bcs_125c_vce1.4v,bcs,hbt_bcs,125,1,1.4,1.05,1.324850e-02,115.004340,2.25492E+10,7.635640,7.600470,ic_high;vbe_high
nx1_wcs_-40c_vce0.6v,wcs,hbt_wcs,-40,1,0.6,0.55,2.815120e-11,0.000000,,-50.507900,55.431400,vbe_low
nx1_wcs_-40c_vce0.6v,wcs,hbt_wcs,-40,1,0.6,0.57,7.519780e-11,0.000001,,-50.488100,55.411500,vbe_low
nx1_wcs_-40c_vce0.6v,wcs,hbt_wcs,-40,1,0.6,0.59,2.010750e-10,0.000002,,-50.467700,55.391100,vbe_low
nx1_wcs_-40c_vce0.6v,wcs,hbt_wcs,-40,1,0.6,0.61,5.378090e-10,0.000005,,-50.446700,55.370100,vbe_low
nx1_wcs_-40c_vce0.6v,wcs,hbt_wcs,-40,1,0.6,0.63,1.438540e-09,0.000012,2.41555E+06,-50.424900,55.348400,vbe_low
nx1_wcs_-40c_vce0.6v,wcs,hbt_wcs,-40,1,0.6,0.65,3.847810e-09,0.000033,6.41524E+06,-50.402300,55.325800,
nx1_wcs_-40c_vce0.6v,wcs,hbt_wcs,-40,1,0.6,0.67,1.029190e-08,0.000089,1.70822E+07,-50.377700,55.301200,
nx1_wcs_-40c_vce0.6v,wcs,hbt_wcs,-40,1,0.6,0.69,2.752710e-08,0.000239,4.5302E+07,-50.345000,55.268600,
nx1_wcs_-40c_vce0.6v,wcs,hbt_wcs,-40,1,0.6,0.71,7.361960e-08,0.000639,1.20551E+08,-50.264100,55.188000,
nx1_wcs_-40c_vce0.6v,wcs,hbt_wcs,-40,1,0.6,0.73,1.968580e-07,0.001709,3.19474E+08,-49.874600,54.799100,
nx1_wcs_-40c_vce0.6v,wcs,hbt_wcs,-40,1,0.6,0.75,5.261710e-07,0.004567,8.47102E+08,-47.916900,52.843200,
nx1_wcs_-40c_vce0.6v,wcs,hbt_wcs,-40,1,0.6,0.77,1.404820e-06,0.012195,2.23659E+09,-42.432400,47.363700,
nx1_wcs_-40c_vce0.6v,wcs,hbt_wcs,-40,1,0.6,0.79,3.739700e-06,0.032463,5.85435E+09,-34.653800,39.599200,
nx1_wcs_-40c_vce0.6v,wcs,hbt_wcs,-40,1,0.6,0.81,9.878720e-06,0.085753,1.51018E+10,-26.452100,31.440400,
nx1_wcs_-40c_vce0.6v,wcs,hbt_wcs,-40,1,0.6,0.83,2.558840e-05,0.222122,3.7214E+10,-18.516600,23.647300,
nx1_wcs_-40c_vce0.6v,wcs,hbt_wcs,-40,1,0.6,0.85,6.332710e-05,0.549714,8.33156E+10,-11.356000,16.947500,
nx1_wcs_-40c_vce0.6v,wcs,hbt_wcs,-40,1,0.6,0.87,1.434850e-04,1.245530,1.57056E+11,-5.577330,12.261600,
nx1_wcs_-40c_vce0.6v,wcs,hbt_wcs,-40,1,0.6,0.89,2.857630e-04,2.480582,2.36851E+11,-1.517290,9.731590,
nx1_wcs_-40c_vce0.6v,wcs,hbt_wcs,-40,1,0.6,0.91,4.956000e-04,4.302083,2.99550E+11,1.067570,8.517420,
nx1_wcs_-40c_vce0.6v,wcs,hbt_wcs,-40,1,0.6,0.93,7.644260e-04,6.635642,3.40036E+11,2.683310,7.890740,
nx1_wcs_-40c_vce0.6v,wcs,hbt_wcs,-40,1,0.6,0.95,1.079720e-03,9.372569,3.63484E+11,3.732620,7.518090,
nx1_wcs_-40c_vce0.6v,wcs,hbt_wcs,-40,1,0.6,0.97,1.430820e-03,12.420312,3.74095E+11,4.453830,7.267490,vbe_high
nx1_wcs_-40c_vce0.6v,wcs,hbt_wcs,-40,1,0.6,0.99,1.810020e-03,15.711979,3.76829E+11,4.977480,7.083930,vbe_high
nx1_wcs_-40c_vce0.6v,wcs,hbt_wcs,-40,1,0.6,1.01,2.211900e-03,19.200521,3.72997E+11,5.375520,6.942000,vbe_high
nx1_wcs_-40c_vce0.6v,wcs,hbt_wcs,-40,1,0.6,1.03,2.632560e-03,22.852083,3.63279E+11,5.680570,6.830500,vbe_high
nx1_wcs_-40c_vce0.6v,wcs,hbt_wcs,-40,1,0.6,1.05,3.066170e-03,26.616059,3.00619E+11,5.693440,6.789920,ic_high;vbe_high
nx1_wcs_-40c_vce0.8v,wcs,hbt_wcs,-40,1,0.8,0.55,2.837760e-11,0.000000,,-50.680300,55.603800,vbe_low
nx1_wcs_-40c_vce0.8v,wcs,hbt_wcs,-40,1,0.8,0.57,7.546840e-11,0.000001,,-50.664800,55.588300,vbe_low
nx1_wcs_-40c_vce0.8v,wcs,hbt_wcs,-40,1,0.8,0.59,2.014630e-10,0.000002,,-50.649000,55.572500,vbe_low
nx1_wcs_-40c_vce0.8v,wcs,hbt_wcs,-40,1,0.8,0.61,5.385120e-10,0.000005,,-50.632800,55.556300,vbe_low
nx1_wcs_-40c_vce0.8v,wcs,hbt_wcs,-40,1,0.8,0.63,1.440080e-09,0.000013,2.43236E+06,-50.616200,55.539700,vbe_low
nx1_wcs_-40c_vce0.8v,wcs,hbt_wcs,-40,1,0.8,0.65,3.851600e-09,0.000033,6.46499E+06,-50.598900,55.522400,
nx1_wcs_-40c_vce0.8v,wcs,hbt_wcs,-40,1,0.8,0.67,1.030170e-08,0.000089,1.72082E+07,-50.579800,55.503400,
nx1_wcs_-40c_vce0.8v,wcs,hbt_wcs,-40,1,0.8,0.69,2.755310e-08,0.000239,4.56611E+07,-50.552700,55.476300,
nx1_wcs_-40c_vce0.8v,wcs,hbt_wcs,-40,1,0.8,0.71,7.368910e-08,0.000640,1.21498E+08,-50.475400,55.399200,
nx1_wcs_-40c_vce0.8v,wcs,hbt_wcs,-40,1,0.8,0.73,1.970470e-07,0.001710,3.21896E+08,-50.074100,54.998700,
nx1_wcs_-40c_vce0.8v,wcs,hbt_wcs,-40,1,0.8,0.75,5.267020e-07,0.004572,8.54303E+08,-48.045000,52.971400,
nx1_wcs_-40c_vce0.8v,wcs,hbt_wcs,-40,1,0.8,0.77,1.406410e-06,0.012208,2.25525E+09,-42.463000,47.394300,
nx1_wcs_-40c_vce0.8v,wcs,hbt_wcs,-40,1,0.8,0.79,3.745050e-06,0.032509,5.91187E+09,-34.649000,39.594400,
nx1_wcs_-40c_vce0.8v,wcs,hbt_wcs,-40,1,0.8,0.81,9.899880e-06,0.085936,1.52612E+10,-26.436000,31.424500,
nx1_wcs_-40c_vce0.8v,wcs,hbt_wcs,-40,1,0.8,0.83,2.568430e-05,0.222954,3.76968E+10,-18.488300,23.620000,
nx1_wcs_-40c_vce0.8v,wcs,hbt_wcs,-40,1,0.8,0.85,6.376710e-05,0.553534,8.47057E+10,-11.308700,16.905700,
nx1_wcs_-40c_vce0.8v,wcs,hbt_wcs,-40,1,0.8,0.87,1.452080e-04,1.260486,1.60134E+11,-5.509100,12.213600,
nx1_wcs_-40c_vce0.8v,wcs,hbt_wcs,-40,1,0.8,0.89,2.908730e-04,2.524939,2.42828E+11,-1.438280,9.690430,
nx1_wcs_-40c_vce0.8v,wcs,hbt_wcs,-40,1,0.8,0.91,5.070480e-04,4.401458,3.07769E+11,1.145360,8.484890,
nx1_wcs_-40c_vce0.8v,wcs,hbt_wcs,-40,1,0.8,0.93,7.851630e-04,6.815651,3.49852E+11,2.755480,7.862860,
nx1_wcs_-40c_vce0.8v,wcs,hbt_wcs,-40,1,0.8,0.95,1.112330e-03,9.655642,3.73827E+11,3.800320,7.491530,
nx1_wcs_-40c_vce0.8v,wcs,hbt_wcs,-40,1,0.8,0.97,1.477580e-03,12.826215,3.88164E+11,4.519900,7.240410,vbe_high
nx1_wcs_-40c_vce0.8v,wcs,hbt_wcs,-40,1,0.8,0.99,1.873000e-03,16.258681,3.93896E+11,5.044670,7.055510,vbe_high
nx1_wcs_-40c_vce0.8v,wcs,hbt_wcs,-40,1,0.8,1.01,2.293130e-03,19.905642,3.93069E+11,5.446300,6.912010,vbe_high
nx1_wcs_-40c_vce0.8v,wcs,hbt_wcs,-40,1,0.8,1.03,2.734090e-03,23.733420,3.85715E+11,5.765900,6.797150,vbe_high
nx1_wcs_-40c_vce0.8v,wcs,hbt_wcs,-40,1,0.8,1.05,3.193120e-03,27.718056,3.72924E+11,6.028200,6.703770,ic_high;vbe_high
nx1_wcs_-40c_vce1.0v,wcs,hbt_wcs,-40,1,1.0,0.55,2.860470e-11,0.000000,,-50.818500,55.742000,vbe_low
nx1_wcs_-40c_vce1.0v,wcs,hbt_wcs,-40,1,1.0,0.57,7.574010e-11,0.000001,,-50.805900,55.729300,vbe_low
nx1_wcs_-40c_vce1.0v,wcs,hbt_wcs,-40,1,1.0,0.59,2.018530e-10,0.000002,,-50.793000,55.716400,vbe_low
nx1_wcs_-40c_vce1.0v,wcs,hbt_wcs,-40,1,1.0,0.61,5.392170e-10,0.000005,,-50.779800,55.703300,vbe_low
nx1_wcs_-40c_vce1.0v,wcs,hbt_wcs,-40,1,1.0,0.63,1.441620e-09,0.000013,2.44591E+06,-50.766300,55.689800,vbe_low
nx1_wcs_-40c_vce1.0v,wcs,hbt_wcs,-40,1,1.0,0.65,3.855370e-09,0.000033,6.5047E+06,-50.752300,55.675800,
nx1_wcs_-40c_vce1.0v,wcs,hbt_wcs,-40,1,1.0,0.67,1.031140e-08,0.000090,1.73082E+07,-50.736700,55.660200,
nx1_wcs_-40c_vce1.0v,wcs,hbt_wcs,-40,1,1.0,0.69,2.757860e-08,0.000239,4.59552E+07,-50.712800,55.636500,
nx1_wcs_-40c_vce1.0v,wcs,hbt_wcs,-40,1,1.0,0.71,7.375750e-08,0.000640,1.2224E+08,-50.637000,55.560800,
nx1_wcs_-40c_vce1.0v,wcs,hbt_wcs,-40,1,1.0,0.73,1.972330e-07,0.001712,3.23783E+08,-50.224900,55.149500,
nx1_wcs_-40c_vce1.0v,wcs,hbt_wcs,-40,1,1.0,0.75,5.272220e-07,0.004577,8.59864E+08,-48.138700,53.065100,
nx1_wcs_-40c_vce1.0v,wcs,hbt_wcs,-40,1,1.0,0.77,1.407960e-06,0.012222,2.2696E+09,-42.482800,47.414100,
nx1_wcs_-40c_vce1.0v,wcs,hbt_wcs,-40,1,1.0,0.79,3.750310e-06,0.032555,5.95604E+09,-34.642400,39.587800,
nx1_wcs_-40c_vce1.0v,wcs,hbt_wcs,-40,1,1.0,0.81,9.920860e-06,0.086119,1.53848E+10,-26.419800,31.408400,
nx1_wcs_-40c_vce1.0v,wcs,hbt_wcs,-40,1,1.0,0.83,2.578040e-05,0.223788,3.80776E+10,-18.460100,23.592800,
nx1_wcs_-40c_vce1.0v,wcs,hbt_wcs,-40,1,1.0,0.85,6.421310e-05,0.557405,8.58258E+10,-11.261100,16.863800,
nx1_wcs_-40c_vce1.0v,wcs,hbt_wcs,-40,1,1.0,0.87,1.469790e-04,1.275859,1.62627E+11,-5.439990,12.165000,
nx1_wcs_-40c_vce1.0v,wcs,hbt_wcs,-40,1,1.0,0.89,2.962060e-04,2.571233,2.47539E+11,-1.357840,9.648790,
nx1_wcs_-40c_vce1.0v,wcs,hbt_wcs,-40,1,1.0,0.91,5.191360e-04,4.506389,3.13943E+11,1.224850,8.451810,
nx1_wcs_-40c_vce1.0v,wcs,hbt_wcs,-40,1,1.0,0.93,8.072250e-04,7.007161,3.56757E+11,2.829430,7.834330,
nx1_wcs_-40c_vce1.0v,wcs,hbt_wcs,-40,1,1.0,0.95,1.147300e-03,9.959201,3.81772E+11,3.870130,7.464180,
nx1_wcs_-40c_vce1.0v,wcs,hbt_wcs,-40,1,1.0,0.97,1.528010e-03,13.263976,3.96289E+11,4.588340,7.212530,vbe_high
nx1_wcs_-40c_vce1.0v,wcs,hbt_wcs,-40,1,1.0,0.99,1.941290e-03,16.851476,4.02457E+11,5.114440,7.026450,vbe_high
nx1_wcs_-40c_vce1.0v,wcs,hbt_wcs,-40,1,1.0,1.01,2.381600e-03,20.673611,4.02629E+11,5.519420,6.881810,vbe_high
nx1_wcs_-40c_vce1.0v,wcs,hbt_wcs,-40,1,1.0,1.03,2.844900e-03,24.695312,3.97508E+11,5.844010,6.766250,vbe_high
nx1_wcs_-40c_vce1.0v,wcs,hbt_wcs,-40,1,1.0,1.05,3.328790e-03,28.895747,3.86762E+11,6.112320,6.673000,ic_high;vbe_high
nx1_wcs_-40c_vce1.2v,wcs,hbt_wcs,-40,1,1.2,0.55,2.883620e-11,0.000000,,-50.933700,55.857200,vbe_low
nx1_wcs_-40c_vce1.2v,wcs,hbt_wcs,-40,1,1.2,0.57,7.602220e-11,0.000001,,-50.923100,55.846500,vbe_low
nx1_wcs_-40c_vce1.2v,wcs,hbt_wcs,-40,1,1.2,0.59,2.022680e-10,0.000002,,-50.912200,55.835700,vbe_low
nx1_wcs_-40c_vce1.2v,wcs,hbt_wcs,-40,1,1.2,0.61,5.399770e-10,0.000005,,-50.901100,55.824600,vbe_low
nx1_wcs_-40c_vce1.2v,wcs,hbt_wcs,-40,1,1.2,0.63,1.443290e-09,0.000013,2.45753E+06,-50.889800,55.813300,vbe_low
nx1_wcs_-40c_vce1.2v,wcs,hbt_wcs,-40,1,1.2,0.65,3.859420e-09,0.000034,6.5385E+06,-50.878000,55.801500,
nx1_wcs_-40c_vce1.2v,wcs,hbt_wcs,-40,1,1.2,0.67,1.032180e-08,0.000090,1.73929E+07,-50.864700,55.788200,
nx1_wcs_-40c_vce1.2v,wcs,hbt_wcs,-40,1,1.2,0.69,2.760560e-08,0.000240,4.62023E+07,-50.842900,55.766600,
nx1_wcs_-40c_vce1.2v,wcs,hbt_wcs,-40,1,1.2,0.71,7.382890e-08,0.000641,1.2286E+08,-50.767600,55.691500,
nx1_wcs_-40c_vce1.2v,wcs,hbt_wcs,-40,1,1.2,0.73,1.974250e-07,0.001714,3.25571E+08,-50.345700,55.270300,
nx1_wcs_-40c_vce1.2v,wcs,hbt_wcs,-40,1,1.2,0.75,5.277560e-07,0.004581,8.64466E+08,-48.211700,53.138100,
nx1_wcs_-40c_vce1.2v,wcs,hbt_wcs,-40,1,1.2,0.77,1.409550e-06,0.012236,2.28146E+09,-42.496100,47.427500,
nx1_wcs_-40c_vce1.2v,wcs,hbt_wcs,-40,1,1.2,0.79,3.755620e-06,0.032601,5.99254E+09,-34.634600,39.580100,
nx1_wcs_-40c_vce1.2v,wcs,hbt_wcs,-40,1,1.2,0.81,9.941990e-06,0.086302,1.54879E+10,-26.403400,31.392100,
nx1_wcs_-40c_vce1.2v,wcs,hbt_wcs,-40,1,1.2,0.83,2.587740e-05,0.224630,3.84017E+10,-18.431700,23.565400,
nx1_wcs_-40c_vce1.2v,wcs,hbt_wcs,-40,1,1.2,0.85,6.466720e-05,0.561347,8.67984E+10,-11.213100,16.821500,
nx1_wcs_-40c_vce1.2v,wcs,hbt_wcs,-40,1,1.2,0.87,1.488070e-04,1.291727,1.64807E+11,-5.369800,12.115900,
nx1_wcs_-40c_vce1.2v,wcs,hbt_wcs,-40,1,1.2,0.89,3.017870e-04,2.619679,2.51591E+11,-1.275800,9.606570,
nx1_wcs_-40c_vce1.2v,wcs,hbt_wcs,-40,1,1.2,0.91,5.319300e-04,4.617448,3.19083E+11,1.306110,8.418150,
nx1_wcs_-40c_vce1.2v,wcs,hbt_wcs,-40,1,1.2,0.93,8.308100e-04,7.211892,3.62264E+11,2.905420,7.805050,
nx1_wcs_-40c_vce1.2v,wcs,hbt_wcs,-40,1,1.2,0.95,1.184880e-03,10.285417,3.87856E+11,3.942160,7.436020,
nx1_wcs_-40c_vce1.2v,wcs,hbt_wcs,-40,1,1.2,0.97,1.582540e-03,13.737326,4.02019E+11,4.659460,7.183810,vbe_high
nx1_wcs_-40c_vce1.2v,wcs,hbt_wcs,-40,1,1.2,0.99,2.015640e-03,17.496875,4.07964E+11,5.187240,6.996710,vbe_high
nx1_wcs_-40c_vce1.2v,wcs,hbt_wcs,-40,1,1.2,1.01,2.478440e-03,21.514236,4.07968E+11,5.595940,6.851330,vbe_high
nx1_wcs_-40c_vce1.2v,wcs,hbt_wcs,-40,1,1.2,1.03,2.967030e-03,25.755469,4.02729E+11,5.925470,6.735860,vbe_high
nx1_wcs_-40c_vce1.2v,wcs,hbt_wcs,-40,1,1.2,1.05,3.478690e-03,30.196962,3.92139E+11,6.199600,6.643900,ic_high;vbe_high
nx1_wcs_-40c_vce1.4v,wcs,hbt_wcs,-40,1,1.4,0.55,2.907960e-11,0.000000,,-51.032500,55.955900,vbe_low
nx1_wcs_-40c_vce1.4v,wcs,hbt_wcs,-40,1,1.4,0.57,7.633380e-11,0.000001,,-51.023200,55.946700,vbe_low
nx1_wcs_-40c_vce1.4v,wcs,hbt_wcs,-40,1,1.4,0.59,2.027550e-10,0.000002,,-51.013800,55.937300,vbe_low
nx1_wcs_-40c_vce1.4v,wcs,hbt_wcs,-40,1,1.4,0.61,5.409150e-10,0.000005,,-51.004300,55.927700,vbe_low
nx1_wcs_-40c_vce1.4v,wcs,hbt_wcs,-40,1,1.4,0.63,1.445390e-09,0.000013,2.46833E+06,-50.994500,55.918000,vbe_low
nx1_wcs_-40c_vce1.4v,wcs,hbt_wcs,-40,1,1.4,0.65,3.864530e-09,0.000034,6.56959E+06,-50.984300,55.907800,
nx1_wcs_-40c_vce1.4v,wcs,hbt_wcs,-40,1,1.4,0.67,1.033460e-08,0.000090,1.74701E+07,-50.972600,55.896100,
nx1_wcs_-40c_vce1.4v,wcs,hbt_wcs,-40,1,1.4,0.69,2.763870e-08,0.000240,4.64256E+07,-50.952400,55.876000,
nx1_wcs_-40c_vce1.4v,wcs,hbt_wcs,-40,1,1.4,0.71,7.391490e-08,0.000642,1.23416E+08,-50.877100,55.801000,
nx1_wcs_-40c_vce1.4v,wcs,hbt_wcs,-40,1,1.4,0.73,1.976520e-07,0.001716,3.27189E+08,-50.446100,55.370700,
nx1_wcs_-40c_vce1.4v,wcs,hbt_wcs,-40,1,1.4,0.75,5.283720e-07,0.004587,8.68537E+08,-48.270400,53.196800,
nx1_wcs_-40c_vce1.4v,wcs,hbt_wcs,-40,1,1.4,0.77,1.411320e-06,0.012251,2.29192E+09,-42.504400,47.435800,
nx1_wcs_-40c_vce1.4v,wcs,hbt_wcs,-40,1,1.4,0.79,3.761400e-06,0.032651,6.02464E+09,-34.625100,39.570600,
nx1_wcs_-40c_vce1.4v,wcs,hbt_wcs,-40,1,1.4,0.81,9.964300e-06,0.086496,1.55793E+10,-26.385900,31.374800,
nx1_wcs_-40c_vce1.4v,wcs,hbt_wcs,-40,1,1.4,0.83,2.597800e-05,0.225503,3.86929E+10,-18.402300,23.537000,
nx1_wcs_-40c_vce1.4v,wcs,hbt_wcs,-40,1,1.4,0.85,6.513600e-05,0.565417,8.76861E+10,-11.163600,16.778000,
nx1_wcs_-40c_vce1.4v,wcs,hbt_wcs,-40,1,1.4,0.87,1.507090e-04,1.308238,1.66834E+11,-5.297590,12.065600,
nx1_wcs_-40c_vce1.4v,wcs,hbt_wcs,-40,1,1.4,0.89,3.076630e-04,2.670686,2.55254E+11,-1.191470,9.563390,
nx1_wcs_-40c_vce1.4v,wcs,hbt_wcs,-40,1,1.4,0.91,5.455390e-04,4.735582,3.23607E+11,1.389350,8.383770,
nx1_wcs_-40c_vce1.4v,wcs,hbt_wcs,-40,1,1.4,0.93,8.560740e-04,7.431198,3.66936E+11,2.983180,7.775080,
nx1_wcs_-40c_vce1.4v,wcs,hbt_wcs,-40,1,1.4,0.95,1.225530e-03,10.638281,3.92809E+11,4.016200,7.407080,
nx1_wcs_-40c_vce1.4v,wcs,hbt_wcs,-40,1,1.4,0.97,1.641920e-03,14.252778,4.0643E+11,4.733050,7.154320,vbe_high
nx1_wcs_-40c_vce1.4v,wcs,hbt_wcs,-40,1,1.4,0.99,2.097000e-03,18.203125,4.11864E+11,5.263130,6.966420,vbe_high
nx1_wcs_-40c_vce1.4v,wcs,hbt_wcs,-40,1,1.4,1.01,2.585030e-03,22.439497,4.11248E+11,5.675970,6.820810,vbe_high
nx1_wcs_-40c_vce1.4v,wcs,hbt_wcs,-40,1,1.4,1.03,3.102080e-03,26.927778,4.05174E+11,6.010730,6.706350,ic_high;vbe_high
nx1_wcs_-40c_vce1.4v,wcs,hbt_wcs,-40,1,1.4,1.05,3.645450e-03,31.644531,3.93448E+11,6.290610,6.617130,ic_high;vbe_high
nx1_wcs_27c_vce0.6v,wcs,hbt_wcs,27,1,0.6,0.55,9.467790e-09,0.000082,1.22763E+07,-50.353900,56.374500,vbe_low
nx1_wcs_27c_vce0.6v,wcs,hbt_wcs,27,1,0.6,0.57,2.015710e-08,0.000175,2.59819E+07,-50.326500,56.347100,vbe_low
nx1_wcs_27c_vce0.6v,wcs,hbt_wcs,27,1,0.6,0.59,4.291360e-08,0.000373,5.5043E+07,-50.290000,56.310600,vbe_low
nx1_wcs_27c_vce0.6v,wcs,hbt_wcs,27,1,0.6,0.61,9.135690e-08,0.000793,1.16372E+08,-50.217900,56.238700,vbe_low
nx1_wcs_27c_vce0.6v,wcs,hbt_wcs,27,1,0.6,0.63,1.944680e-07,0.001688,2.46347E+08,-49.997700,56.019000,vbe_low
nx1_wcs_27c_vce0.6v,wcs,hbt_wcs,27,1,0.6,0.65,4.138810e-07,0.003593,5.1981E+08,-49.208000,55.230200,
nx1_wcs_27c_vce0.6v,wcs,hbt_wcs,27,1,0.6,0.67,8.805220e-07,0.007643,1.09831E+09,-46.835900,52.860100,
nx1_wcs_27c_vce0.6v,wcs,hbt_wcs,27,1,0.6,0.69,1.871810e-06,0.016248,2.30662E+09,-42.250100,48.278700,
nx1_wcs_27c_vce0.6v,wcs,hbt_wcs,27,1,0.6,0.71,3.972480e-06,0.034483,4.83871E+09,-36.340100,42.378300,
nx1_wcs_27c_vce0.6v,wcs,hbt_wcs,27,1,0.6,0.73,8.401200e-06,0.072927,1.00306E+10,-30.051100,36.111300,
nx1_wcs_27c_vce0.6v,wcs,hbt_wcs,27,1,0.6,0.75,1.763850e-05,0.153112,2.03914E+10,-23.784900,29.898400,
nx1_wcs_27c_vce0.6v,wcs,hbt_wcs,27,1,0.6,0.77,3.649440e-05,0.316792,4.00507E+10,-17.757300,24.004500,
nx1_wcs_27c_vce0.6v,wcs,hbt_wcs,27,1,0.6,0.79,7.344620e-05,0.637554,7.35602E+10,-12.203300,18.777700,
nx1_wcs_27c_vce0.6v,wcs,hbt_wcs,27,1,0.6,0.81,1.410340e-04,1.224253,1.22356E+11,-7.404430,14.658400,
nx1_wcs_27c_vce0.6v,wcs,hbt_wcs,27,1,0.6,0.83,2.530620e-04,2.196719,1.78655E+11,-3.581580,11.885700,
nx1_wcs_27c_vce0.6v,wcs,hbt_wcs,27,1,0.6,0.85,4.187980e-04,3.635399,2.29932E+11,-0.756940,10.239600,
nx1_wcs_27c_vce0.6v,wcs,hbt_wcs,27,1,0.6,0.87,6.393970e-04,5.550321,2.68849E+11,1.240860,9.290480,
nx1_wcs_27c_vce0.6v,wcs,hbt_wcs,27,1,0.6,0.89,9.097610e-04,7.897231,2.94712E+11,2.645130,8.714300,
nx1_wcs_27c_vce0.6v,wcs,hbt_wcs,27,1,0.6,0.91,1.222480e-03,10.611806,3.09937E+11,3.651350,8.335710,
nx1_wcs_27c_vce0.6v,wcs,hbt_wcs,27,1,0.6,0.93,1.570430e-03,13.632205,3.15922E+11,4.394130,8.068560,
nx1_wcs_27c_vce0.6v,wcs,hbt_wcs,27,1,0.6,0.95,1.947650e-03,16.906684,3.15473E+11,4.958930,7.870160,
nx1_wcs_27c_vce0.6v,wcs,hbt_wcs,27,1,0.6,0.97,2.349280e-03,20.393056,3.09432E+11,5.390890,7.719980,vbe_high
nx1_wcs_27c_vce0.6v,wcs,hbt_wcs,27,1,0.6,0.99,2.769750e-03,24.042969,2.85063E+11,5.615060,7.629320,vbe_high
nx1_wcs_27c_vce0.6v,wcs,hbt_wcs,27,1,0.6,1.01,3.188330e-03,27.676476,1.76587E+11,4.839940,7.780960,ic_high;vbe_high
nx1_wcs_27c_vce0.6v,wcs,hbt_wcs,27,1,0.6,1.03,3.551960e-03,30.832986,7.35817E+10,2.798210,8.336830,ic_high;vbe_high
nx1_wcs_27c_vce0.6v,wcs,hbt_wcs,27,1,0.6,1.05,3.863870e-03,33.540538,3.95748E+10,1.632080,8.715590,ic_high;vbe_high
nx1_wcs_27c_vce0.8v,wcs,hbt_wcs,27,1,0.8,0.55,9.476840e-09,0.000082,1.23682E+07,-50.562400,56.582900,vbe_low
nx1_wcs_27c_vce0.8v,wcs,hbt_wcs,27,1,0.8,0.57,2.017610e-08,0.000175,2.61978E+07,-50.541100,56.561700,vbe_low
nx1_wcs_27c_vce0.8v,wcs,hbt_wcs,27,1,0.8,0.59,4.295400e-08,0.000373,5.54784E+07,-50.510800,56.531500,vbe_low
nx1_wcs_27c_vce0.8v,wcs,hbt_wcs,27,1,0.8,0.61,9.144320e-08,0.000794,1.17397E+08,-50.443400,56.464300,vbe_low
nx1_wcs_27c_vce0.8v,wcs,hbt_wcs,27,1,0.8,0.63,1.946540e-07,0.001690,2.4842E+08,-50.220300,56.241600,vbe_low
nx1_wcs_27c_vce0.8v,wcs,hbt_wcs,27,1,0.8,0.65,4.142870e-07,0.003596,5.24713E+08,-49.399400,55.421600,
nx1_wcs_27c_vce0.8v,wcs,hbt_wcs,27,1,0.8,0.67,8.814310e-07,0.007651,1.10829E+09,-46.946900,52.971200,
nx1_wcs_27c_vce0.8v,wcs,hbt_wcs,27,1,0.8,0.69,1.873940e-06,0.016267,2.32957E+09,-42.283900,48.312500,
nx1_wcs_27c_vce0.8v,wcs,hbt_wcs,27,1,0.8,0.71,3.977830e-06,0.034530,4.88833E+09,-36.340600,42.378900,
nx1_wcs_27c_vce0.8v,wcs,hbt_wcs,27,1,0.8,0.73,8.415980e-06,0.073055,1.01362E+10,-30.039600,36.100000,
nx1_wcs_27c_vce0.8v,wcs,hbt_wcs,27,1,0.8,0.75,1.768350e-05,0.153503,2.06245E+10,-23.765500,29.879200,
nx1_wcs_27c_vce0.8v,wcs,hbt_wcs,27,1,0.8,0.77,3.664020e-05,0.318057,4.05917E+10,-17.727400,23.975800,
nx1_wcs_27c_vce0.8v,wcs,hbt_wcs,27,1,0.8,0.79,7.391890e-05,0.641657,7.47947E+10,-12.158700,18.737400,
nx1_wcs_27c_vce0.8v,wcs,hbt_wcs,27,1,0.8,0.81,1.424520e-04,1.236563,1.24913E+11,-7.342710,14.609800,
nx1_wcs_27c_vce0.8v,wcs,hbt_wcs,27,1,0.8,0.83,2.567400e-04,2.228646,1.82873E+11,-3.506300,11.837900,
nx1_wcs_27c_vce0.8v,wcs,hbt_wcs,27,1,0.8,0.85,4.268180e-04,3.705017,2.35964E+11,-0.676045,10.198800,
nx1_wcs_27c_vce0.8v,wcs,hbt_wcs,27,1,0.8,0.87,6.542710e-04,5.679436,2.77757E+11,1.320390,9.256780,
nx1_wcs_27c_vce0.8v,wcs,hbt_wcs,27,1,0.8,0.89,9.340010e-04,8.107648,3.05913E+11,2.720110,8.685580,
nx1_wcs_27c_vce0.8v,wcs,hbt_wcs,27,1,0.8,0.91,1.258400e-03,10.923611,3.239E+11,3.721540,8.310060,
nx1_wcs_27c_vce0.8v,wcs,hbt_wcs,27,1,0.8,0.93,1.620090e-03,14.063281,3.33243E+11,4.460660,8.044920,
nx1_wcs_27c_vce0.8v,wcs,hbt_wcs,27,1,0.8,0.95,2.012910e-03,17.473177,3.36692E+11,5.024040,7.847940,
nx1_wcs_27c_vce0.8v,wcs,hbt_wcs,27,1,0.8,0.97,2.432050e-03,21.111545,3.32954E+11,5.466020,7.697050,vbe_high
nx1_wcs_27c_vce0.8v,wcs,hbt_wcs,27,1,0.8,0.99,2.873760e-03,24.945833,3.24813E+11,5.821210,7.579870,vbe_high
nx1_wcs_27c_vce0.8v,wcs,hbt_wcs,27,1,0.8,1.01,3.334990e-03,28.949566,3.1093E+11,6.109070,7.489700,ic_high;vbe_high
nx1_wcs_27c_vce0.8v,wcs,hbt_wcs,27,1,0.8,1.03,3.812480e-03,33.094444,2.85877E+11,6.295370,7.431910,ic_high;vbe_high
nx1_wcs_27c_vce0.8v,wcs,hbt_wcs,27,1,0.8,1.05,4.292810e-03,37.263976,1.94362E+11,5.860310,7.513810,ic_high;vbe_high
nx1_wcs_27c_vce1.0v,wcs,hbt_wcs,27,1,1.0,0.55,9.486080e-09,0.000082,1.2441E+07,-50.723000,56.743500,vbe_low
nx1_wcs_27c_vce1.0v,wcs,hbt_wcs,27,1,1.0,0.57,2.019540e-08,0.000175,2.6367E+07,-50.705400,56.726000,vbe_low
nx1_wcs_27c_vce1.0v,wcs,hbt_wcs,27,1,1.0,0.59,4.299450e-08,0.000373,5.58174E+07,-50.678600,56.699300,vbe_low
nx1_wcs_27c_vce1.0v,wcs,hbt_wcs,27,1,1.0,0.61,9.152920e-08,0.000795,1.18187E+08,-50.613400,56.634300,vbe_low
nx1_wcs_27c_vce1.0v,wcs,hbt_wcs,27,1,1.0,0.63,1.948380e-07,0.001691,2.50007E+08,-50.386200,56.407600,vbe_low
nx1_wcs_27c_vce1.0v,wcs,hbt_wcs,27,1,1.0,0.65,4.146870e-07,0.003600,5.28431E+08,-49.539200,55.561500,
nx1_wcs_27c_vce1.0v,wcs,hbt_wcs,27,1,1.0,0.67,8.823240e-07,0.007659,1.11581E+09,-47.024900,53.049100,
nx1_wcs_27c_vce1.0v,wcs,hbt_wcs,27,1,1.0,0.69,1.876030e-06,0.016285,2.34742E+09,-42.305100,48.333700,
nx1_wcs_27c_vce1.0v,wcs,hbt_wcs,27,1,1.0,0.71,3.983090e-06,0.034575,4.92523E+09,-36.337800,42.376000,
nx1_wcs_27c_vce1.0v,wcs,hbt_wcs,27,1,1.0,0.73,8.430570e-06,0.073182,1.02147E+10,-30.027500,36.087900,
nx1_wcs_27c_vce1.0v,wcs,hbt_wcs,27,1,1.0,0.75,1.772820e-05,0.153891,2.0799E+10,-23.746000,29.860100,
nx1_wcs_27c_vce1.0v,wcs,hbt_wcs,27,1,1.0,0.77,3.678620e-05,0.319325,4.10010E+10,-17.697600,23.947100,
nx1_wcs_27c_vce1.0v,wcs,hbt_wcs,27,1,1.0,0.79,7.439700e-05,0.645807,7.58274E+10,-12.113900,18.697000,
nx1_wcs_27c_vce1.0v,wcs,hbt_wcs,27,1,1.0,0.81,1.439010e-04,1.249141,1.26865E+11,-7.280420,14.561000,
nx1_wcs_27c_vce1.0v,wcs,hbt_wcs,27,1,1.0,0.83,2.605470e-04,2.261693,1.8603E+11,-3.429920,11.789700,
nx1_wcs_27c_vce1.0v,wcs,hbt_wcs,27,1,1.0,0.85,4.352090e-04,3.777856,2.41143E+11,-0.593670,10.157500,
nx1_wcs_27c_vce1.0v,wcs,hbt_wcs,27,1,1.0,0.87,6.699800e-04,5.815799,2.83699E+11,1.401580,9.222560,
nx1_wcs_27c_vce1.0v,wcs,hbt_wcs,27,1,1.0,0.89,9.597940e-04,8.331545,3.12956E+11,2.796790,8.656310,
nx1_wcs_27c_vce1.0v,wcs,hbt_wcs,27,1,1.0,0.91,1.296830e-03,11.257205,3.31135E+11,3.793360,8.283940,
nx1_wcs_27c_vce1.0v,wcs,hbt_wcs,27,1,1.0,0.93,1.673440e-03,14.526389,3.42566E+11,4.528720,8.020950,
nx1_wcs_27c_vce1.0v,wcs,hbt_wcs,27,1,1.0,0.95,2.083350e-03,18.084635,3.47646E+11,5.089680,7.825950,
nx1_wcs_27c_vce1.0v,wcs,hbt_wcs,27,1,1.0,0.97,2.521530e-03,21.888281,3.47151E+11,5.530520,7.677390,vbe_high
nx1_wcs_27c_vce1.0v,wcs,hbt_wcs,27,1,1.0,0.99,2.984150e-03,25.904080,3.40989E+11,5.885650,7.563330,vbe_high
nx1_wcs_27c_vce1.0v,wcs,hbt_wcs,27,1,1.0,1.01,3.468170e-03,30.105642,3.28413E+11,6.177430,7.476740,ic_high;vbe_high
nx1_wcs_27c_vce1.0v,wcs,hbt_wcs,27,1,1.0,1.03,3.971190e-03,34.472135,3.11628E+11,6.420790,7.413310,ic_high;vbe_high
nx1_wcs_27c_vce1.0v,wcs,hbt_wcs,27,1,1.0,1.05,4.491190e-03,38.986024,2.89844E+11,6.622360,7.371050,ic_high;vbe_high
nx1_wcs_27c_vce1.2v,wcs,hbt_wcs,27,1,1.2,0.55,9.497100e-09,0.000082,1.25036E+07,-50.853500,56.874000,vbe_low
nx1_wcs_27c_vce1.2v,wcs,hbt_wcs,27,1,1.2,0.57,2.021790e-08,0.000176,2.65112E+07,-50.838300,56.858900,vbe_low
nx1_wcs_27c_vce1.2v,wcs,hbt_wcs,27,1,1.2,0.59,4.304110e-08,0.000374,5.6104E+07,-50.813800,56.834400,vbe_low
nx1_wcs_27c_vce1.2v,wcs,hbt_wcs,27,1,1.2,0.61,9.162610e-08,0.000795,1.18849E+08,-50.749600,56.770500,vbe_low
nx1_wcs_27c_vce1.2v,wcs,hbt_wcs,27,1,1.2,0.63,1.950420e-07,0.001693,2.51327E+08,-50.518100,56.539400,vbe_low
nx1_wcs_27c_vce1.2v,wcs,hbt_wcs,27,1,1.2,0.65,4.151220e-07,0.003603,5.31494E+08,-49.648700,55.671000,
nx1_wcs_27c_vce1.2v,wcs,hbt_wcs,27,1,1.2,0.67,8.832780e-07,0.007667,1.12196E+09,-47.083600,53.107900,
nx1_wcs_27c_vce1.2v,wcs,hbt_wcs,27,1,1.2,0.69,1.878220e-06,0.016304,2.36196E+09,-42.318900,48.347500,
nx1_wcs_27c_vce1.2v,wcs,hbt_wcs,27,1,1.2,0.71,3.988530e-06,0.034623,4.95525E+09,-36.332700,42.371000,
nx1_wcs_27c_vce1.2v,wcs,hbt_wcs,27,1,1.2,0.73,8.445470e-06,0.073311,1.02789E+10,-30.014700,36.075200,
nx1_wcs_27c_vce1.2v,wcs,hbt_wcs,27,1,1.2,0.75,1.777350e-05,0.154284,2.0966E+10,-23.726300,29.840600,
nx1_wcs_27c_vce1.2v,wcs,hbt_wcs,27,1,1.2,0.77,3.693420e-05,0.320609,4.13423E+10,-17.667600,23.918200,
nx1_wcs_27c_vce1.2v,wcs,hbt_wcs,27,1,1.2,0.79,7.488380e-05,0.650033,7.66982E+10,-12.068600,18.656200,
nx1_wcs_27c_vce1.2v,wcs,hbt_wcs,27,1,1.2,0.81,1.453900e-04,1.262066,1.28522E+11,-7.217260,14.511600,
nx1_wcs_27c_vce1.2v,wcs,hbt_wcs,27,1,1.2,0.83,2.645000e-04,2.296007,1.89010E+11,-3.352190,11.740900,
nx1_wcs_27c_vce1.2v,wcs,hbt_wcs,27,1,1.2,0.85,4.440160e-04,3.854306,2.45386E+11,-0.509746,10.115600,
nx1_wcs_27c_vce1.2v,wcs,hbt_wcs,27,1,1.2,0.87,6.866030e-04,5.960095,2.88387E+11,1.484430,9.187820,
nx1_wcs_27c_vce1.2v,wcs,hbt_wcs,27,1,1.2,0.89,9.872820e-04,8.570156,3.18234E+11,2.875260,8.626490,
nx1_wcs_27c_vce1.2v,wcs,hbt_wcs,27,1,1.2,0.91,1.338040e-03,11.614931,3.36743E+11,3.867190,8.257270,
nx1_wcs_27c_vce1.2v,wcs,hbt_wcs,27,1,1.2,0.93,1.730990e-03,15.025955,3.48541E+11,4.598890,7.996630,
nx1_wcs_27c_vce1.2v,wcs,hbt_wcs,27,1,1.2,0.95,2.159670e-03,18.747135,3.53685E+11,5.157430,7.803990,
nx1_wcs_27c_vce1.2v,wcs,hbt_wcs,27,1,1.2,0.97,2.618900e-03,22.733507,3.53470E+11,5.596910,7.658460,vbe_high
nx1_wcs_27c_vce1.2v,wcs,hbt_wcs,27,1,1.2,0.99,3.104750e-03,26.950955,3.48184E+11,5.951430,7.548590,ic_high;vbe_high
nx1_wcs_27c_vce1.2v,wcs,hbt_wcs,27,1,1.2,1.01,3.614080e-03,31.372222,3.37406E+11,6.243060,7.467780,ic_high;vbe_high
nx1_wcs_27c_vce1.2v,wcs,hbt_wcs,27,1,1.2,1.03,4.144410e-03,35.975781,3.21946E+11,6.486430,7.412110,ic_high;vbe_high
nx1_wcs_27c_vce1.2v,wcs,hbt_wcs,27,1,1.2,1.05,4.693680e-03,40.743750,2.99096E+11,6.691430,7.379260,ic_high;vbe_high
nx1_wcs_27c_vce1.4v,wcs,hbt_wcs,27,1,1.4,0.55,9.513460e-09,0.000083,1.2564E+07,-50.963200,56.983800,vbe_low
nx1_wcs_27c_vce1.4v,wcs,hbt_wcs,27,1,1.4,0.57,2.025090e-08,0.000176,2.66481E+07,-50.949800,56.970400,vbe_low
nx1_wcs_27c_vce1.4v,wcs,hbt_wcs,27,1,1.4,0.59,4.310790e-08,0.000374,5.6373E+07,-50.926700,56.947400,vbe_low
nx1_wcs_27c_vce1.4v,wcs,hbt_wcs,27,1,1.4,0.61,9.176210e-08,0.000797,1.19462E+08,-50.862900,56.883800,vbe_low
nx1_wcs_27c_vce1.4v,wcs,hbt_wcs,27,1,1.4,0.63,1.953210e-07,0.001695,2.52536E+08,-50.627200,56.648500,vbe_low
nx1_wcs_27c_vce1.4v,wcs,hbt_wcs,27,1,1.4,0.65,4.157010e-07,0.003609,5.34272E+08,-49.737700,55.760000,
nx1_wcs_27c_vce1.4v,wcs,hbt_wcs,27,1,1.4,0.67,8.845080e-07,0.007678,1.1275E+09,-47.128800,53.153000,
nx1_wcs_27c_vce1.4v,wcs,hbt_wcs,27,1,1.4,0.69,1.880940e-06,0.016328,2.3749E+09,-42.326400,48.355000,
nx1_wcs_27c_vce1.4v,wcs,hbt_wcs,27,1,1.4,0.71,3.994970e-06,0.034679,4.98182E+09,-36.324600,42.362900,
nx1_wcs_27c_vce1.4v,wcs,hbt_wcs,27,1,1.4,0.73,8.462300e-06,0.073457,1.03355E+10,-29.999900,36.060400,
nx1_wcs_27c_vce1.4v,wcs,hbt_wcs,27,1,1.4,0.75,1.782260e-05,0.154710,2.11142E+10,-23.704800,29.819400,
nx1_wcs_27c_vce1.4v,wcs,hbt_wcs,27,1,1.4,0.77,3.709070e-05,0.321968,4.16516E+10,-17.635800,23.887600,
nx1_wcs_27c_vce1.4v,wcs,hbt_wcs,27,1,1.4,0.79,7.539230e-05,0.654447,7.74826E+10,-12.021500,18.613600,
nx1_wcs_27c_vce1.4v,wcs,hbt_wcs,27,1,1.4,0.81,1.469460e-04,1.275573,1.30021E+11,-7.151820,14.460300,
nx1_wcs_27c_vce1.4v,wcs,hbt_wcs,27,1,1.4,0.83,2.686500e-04,2.332031,1.91876E+11,-3.272160,11.690800,
nx1_wcs_27c_vce1.4v,wcs,hbt_wcs,27,1,1.4,0.85,4.533360e-04,3.935208,2.49113E+11,-0.423730,10.072900,
nx1_wcs_27c_vce1.4v,wcs,hbt_wcs,27,1,1.4,0.87,7.043290e-04,6.113967,2.9239E+11,1.568870,9.152520,
nx1_wcs_27c_vce1.4v,wcs,hbt_wcs,27,1,1.4,0.89,1.016780e-03,8.826215,3.22576E+11,2.955060,8.596240,
nx1_wcs_27c_vce1.4v,wcs,hbt_wcs,27,1,1.4,0.91,1.382500e-03,12.000868,3.41513E+11,3.942530,8.230200,
nx1_wcs_27c_vce1.4v,wcs,hbt_wcs,27,1,1.4,0.93,1.793440e-03,15.568056,3.52933E+11,4.670920,7.972090,
nx1_wcs_27c_vce1.4v,wcs,hbt_wcs,27,1,1.4,0.95,2.242780e-03,19.468576,3.5771E+11,5.227400,7.782250,
nx1_wcs_27c_vce1.4v,wcs,hbt_wcs,27,1,1.4,0.97,2.725400e-03,23.657986,3.57059E+11,5.665580,7.640550,vbe_high
nx1_wcs_27c_vce1.4v,wcs,hbt_wcs,27,1,1.4,0.99,3.237170e-03,28.100434,3.51224E+11,6.019170,7.536150,ic_high;vbe_high
nx1_wcs_27c_vce1.4v,wcs,hbt_wcs,27,1,1.4,1.01,3.774870e-03,32.767969,3.39907E+11,6.309900,7.462960,ic_high;vbe_high
nx1_wcs_27c_vce1.4v,wcs,hbt_wcs,27,1,1.4,1.03,4.335880e-03,37.637847,3.24171E+11,6.552090,7.417550,ic_high;vbe_high
nx1_wcs_27c_vce1.4v,wcs,hbt_wcs,27,1,1.4,1.05,4.917980e-03,42.690799,3.03343E+11,6.755420,7.398050,ic_high;vbe_high
nx1_wcs_125c_vce0.6v,wcs,hbt_wcs,125,1,0.6,0.55,1.613190e-06,0.014003,1.50224E+09,-45.167100,52.419800,vbe_low
nx1_wcs_125c_vce0.6v,wcs,hbt_wcs,125,1,0.6,0.57,2.821530e-06,0.024492,2.59799E+09,-41.407200,48.663900,vbe_low
nx1_wcs_125c_vce0.6v,wcs,hbt_wcs,125,1,0.6,0.59,4.930010e-06,0.042795,4.49218E+09,-37.013900,44.277800,vbe_low
nx1_wcs_125c_vce0.6v,wcs,hbt_wcs,125,1,0.6,0.61,8.599200e-06,0.074646,7.71377E+09,-32.378300,39.655500,vbe_low
nx1_wcs_125c_vce0.6v,wcs,hbt_wcs,125,1,0.6,0.63,1.495440e-05,0.129812,1.30876E+10,-27.698500,35.000500,vbe_low
nx1_wcs_125c_vce0.6v,wcs,hbt_wcs,125,1,0.6,0.65,2.587390e-05,0.224600,2.19617E+10,-23.078200,30.428000,
nx1_wcs_125c_vce0.6v,wcs,hbt_wcs,125,1,0.6,0.67,4.438750e-05,0.385308,3.58747E+10,-18.600000,26.044000,
nx1_wcs_125c_vce0.6v,wcs,hbt_wcs,125,1,0.6,0.69,7.511170e-05,0.652011,5.65148E+10,-14.357900,21.985300,
nx1_wcs_125c_vce0.6v,wcs,hbt_wcs,125,1,0.6,0.71,1.244760e-04,1.080521,8.44239E+10,-10.463600,18.427500,
nx1_wcs_125c_vce0.6v,wcs,hbt_wcs,125,1,0.6,0.73,2.002950e-04,1.738672,1.18105E+11,-7.029010,15.538500,
nx1_wcs_125c_vce0.6v,wcs,hbt_wcs,125,1,0.6,0.75,3.103750e-04,2.694227,1.5391E+11,-4.131210,13.386600,
nx1_wcs_125c_vce0.6v,wcs,hbt_wcs,125,1,0.6,0.77,4.605880e-04,3.998160,1.86028E+11,-1.782740,11.891300,
nx1_wcs_125c_vce0.6v,wcs,hbt_wcs,125,1,0.6,0.79,6.535600e-04,5.673264,2.11513E+11,0.067840,10.883800,
nx1_wcs_125c_vce0.6v,wcs,hbt_wcs,125,1,0.6,0.81,8.887210e-04,7.714592,2.28513E+11,1.507620,10.199800,
nx1_wcs_125c_vce0.6v,wcs,hbt_wcs,125,1,0.6,0.83,1.163320e-03,10.098264,2.37225E+11,2.628160,9.720870,
nx1_wcs_125c_vce0.6v,wcs,hbt_wcs,125,1,0.6,0.85,1.473580e-03,12.791493,2.40796E+11,3.506920,9.373490,
nx1_wcs_125c_vce0.6v,wcs,hbt_wcs,125,1,0.6,0.87,1.815420e-03,15.758854,2.39282E+11,4.199550,9.114960,
nx1_wcs_125c_vce0.6v,wcs,hbt_wcs,125,1,0.6,0.89,2.184500e-03,18.962674,2.32533E+11,4.723400,8.925620,
nx1_wcs_125c_vce0.6v,wcs,hbt_wcs,125,1,0.6,0.91,2.574020e-03,22.343924,2.13113E+11,4.963560,8.823640,
nx1_wcs_125c_vce0.6v,wcs,hbt_wcs,125,1,0.6,0.93,2.965650e-03,25.743490,1.62948E+11,4.476760,8.913940,
nx1_wcs_125c_vce0.6v,wcs,hbt_wcs,125,1,0.6,0.95,3.329250e-03,28.899740,1.03627E+11,3.309370,9.216740,ic_high
nx1_wcs_125c_vce0.6v,wcs,hbt_wcs,125,1,0.6,0.97,3.660220e-03,31.772743,6.76163E+10,2.363910,9.500670,ic_high;vbe_high
nx1_wcs_125c_vce0.6v,wcs,hbt_wcs,125,1,0.6,0.99,3.972820e-03,34.486285,4.63798E+10,1.708330,9.728840,ic_high;vbe_high
nx1_wcs_125c_vce0.6v,wcs,hbt_wcs,125,1,0.6,1.01,4.271960e-03,37.082986,3.11859E+10,0.875740,10.077000,ic_high;vbe_high
nx1_wcs_125c_vce0.6v,wcs,hbt_wcs,125,1,0.6,1.03,4.549220e-03,39.489757,1.91904E+10,-0.606745,10.790400,ic_high;vbe_high
nx1_wcs_125c_vce0.6v,wcs,hbt_wcs,125,1,0.6,1.05,4.790250e-03,41.582031,1.06075E+10,-3.004430,12.138900,ic_high;vbe_high
nx1_wcs_125c_vce0.8v,wcs,hbt_wcs,125,1,0.8,0.55,1.614900e-06,0.014018,1.51930E+09,-45.258400,52.511200,vbe_low
nx1_wcs_125c_vce0.8v,wcs,hbt_wcs,125,1,0.8,0.57,2.824780e-06,0.024521,2.63026E+09,-41.441800,48.698600,vbe_low
nx1_wcs_125c_vce0.8v,wcs,hbt_wcs,125,1,0.8,0.59,4.936490e-06,0.042851,4.54475E+09,-37.020000,44.284000,vbe_low
nx1_wcs_125c_vce0.8v,wcs,hbt_wcs,125,1,0.8,0.61,8.612780e-06,0.074764,7.81481E+09,-32.371600,39.648800,vbe_low
nx1_wcs_125c_vce0.8v,wcs,hbt_wcs,125,1,0.8,0.63,1.498450e-05,0.130074,1.32842E+10,-27.684500,34.986700,vbe_low
nx1_wcs_125c_vce0.8v,wcs,hbt_wcs,125,1,0.8,0.65,2.594400e-05,0.225208,2.23015E+10,-23.057700,30.408000,
nx1_wcs_125c_vce0.8v,wcs,hbt_wcs,125,1,0.8,0.67,4.455560e-05,0.386767,3.64752E+10,-18.571600,26.016500,
nx1_wcs_125c_vce0.8v,wcs,hbt_wcs,125,1,0.8,0.69,7.551770e-05,0.655536,5.76129E+10,-14.319200,21.949100,
nx1_wcs_125c_vce0.8v,wcs,hbt_wcs,125,1,0.8,0.71,1.254310e-04,1.088811,8.65251E+10,-10.412400,18.382700,
nx1_wcs_125c_vce0.8v,wcs,hbt_wcs,125,1,0.8,0.73,2.024170e-04,1.757092,1.21651E+11,-6.964870,15.488400,
nx1_wcs_125c_vce0.8v,wcs,hbt_wcs,125,1,0.8,0.75,3.147190e-04,2.731936,1.59135E+11,-4.056340,13.336400,
nx1_wcs_125c_vce0.8v,wcs,hbt_wcs,125,1,0.8,0.77,4.686820e-04,4.068420,1.9397E+11,-1.701350,11.845400,
nx1_wcs_125c_vce0.8v,wcs,hbt_wcs,125,1,0.8,0.79,6.672920e-04,5.792465,2.23099E+11,0.151264,10.843900,
nx1_wcs_125c_vce0.8v,wcs,hbt_wcs,125,1,0.8,0.81,9.101510e-04,7.900616,2.45103E+11,1.589750,10.165600,
nx1_wcs_125c_vce0.8v,wcs,hbt_wcs,125,1,0.8,0.83,1.194510e-03,10.369010,2.60112E+11,2.707140,9.691610,
nx1_wcs_125c_vce0.8v,wcs,hbt_wcs,125,1,0.8,0.85,1.516480e-03,13.163889,2.68588E+11,3.582820,9.348340,
nx1_wcs_125c_vce0.8v,wcs,hbt_wcs,125,1,0.8,0.87,1.871940e-03,16.249479,2.69536E+11,4.277590,9.092350,
nx1_wcs_125c_vce0.8v,wcs,hbt_wcs,125,1,0.8,0.89,2.256950e-03,19.591580,2.63896E+11,4.836080,8.897940,
nx1_wcs_125c_vce0.8v,wcs,hbt_wcs,125,1,0.8,0.91,2.667950e-03,23.159288,2.5392E+11,5.289040,8.749870,
nx1_wcs_125c_vce0.8v,wcs,hbt_wcs,125,1,0.8,0.93,3.101610e-03,26.923698,2.39693E+11,5.649600,8.640540,ic_high
nx1_wcs_125c_vce0.8v,wcs,hbt_wcs,125,1,0.8,0.95,3.553540e-03,30.846701,2.18635E+11,5.864090,8.578410,ic_high
nx1_wcs_125c_vce0.8v,wcs,hbt_wcs,125,1,0.8,0.97,4.011080e-03,34.818403,1.73652E+11,5.600630,8.632900,ic_high;vbe_high
nx1_wcs_125c_vce0.8v,wcs,hbt_wcs,125,1,0.8,0.99,4.443830e-03,38.574913,1.11922E+11,4.591690,8.879200,ic_high;vbe_high
nx1_wcs_125c_vce0.8v,wcs,hbt_wcs,125,1,0.8,1.01,4.838160e-03,41.997917,7.22945E+10,3.620000,9.153790,ic_high;vbe_high
nx1_wcs_125c_vce0.8v,wcs,hbt_wcs,125,1,0.8,1.03,5.209100e-03,45.217882,5.07951E+10,3.008850,9.360380,ic_high;vbe_high
nx1_wcs_125c_vce0.8v,wcs,hbt_wcs,125,1,0.8,1.05,5.568470e-03,48.337413,3.68711E+10,2.486230,9.574930,ic_high;vbe_high
nx1_wcs_125c_vce1.0v,wcs,hbt_wcs,125,1,1.0,0.55,1.616610e-06,0.014033,1.53151E+09,-45.317600,52.570300,vbe_low
nx1_wcs_125c_vce1.0v,wcs,hbt_wcs,125,1,1.0,0.57,2.828030e-06,0.024549,2.65305E+09,-41.461600,48.718400,vbe_low
nx1_wcs_125c_vce1.0v,wcs,hbt_wcs,125,1,1.0,0.59,4.942910e-06,0.042907,4.58159E+09,-37.020300,44.284300,vbe_low
nx1_wcs_125c_vce1.0v,wcs,hbt_wcs,125,1,1.0,0.61,8.626210e-06,0.074880,7.88487E+09,-32.362800,39.640100,vbe_low
nx1_wcs_125c_vce1.0v,wcs,hbt_wcs,125,1,1.0,0.63,1.501420e-05,0.130332,1.34206E+10,-27.670000,34.972200,vbe_low
nx1_wcs_125c_vce1.0v,wcs,hbt_wcs,125,1,1.0,0.65,2.601350e-05,0.225812,2.25344E+10,-23.037300,30.387800,
nx1_wcs_125c_vce1.0v,wcs,hbt_wcs,125,1,1.0,0.67,4.472370e-05,0.388227,3.68859E+10,-18.543300,25.989200,
nx1_wcs_125c_vce1.0v,wcs,hbt_wcs,125,1,1.0,0.69,7.592610e-05,0.659081,5.83602E+10,-14.280500,21.913000,
nx1_wcs_125c_vce1.0v,wcs,hbt_wcs,125,1,1.0,0.71,1.263990e-04,1.097214,8.79346E+10,-10.361000,18.337900,
nx1_wcs_125c_vce1.0v,wcs,hbt_wcs,125,1,1.0,0.73,2.045880e-04,1.775937,1.23964E+11,-6.900240,15.438000,
nx1_wcs_125c_vce1.0v,wcs,hbt_wcs,125,1,1.0,0.75,3.192050e-04,2.770877,1.62376E+11,-3.980610,13.285800,
nx1_wcs_125c_vce1.0v,wcs,hbt_wcs,125,1,1.0,0.77,4.771130e-04,4.141606,1.98592E+11,-1.618840,11.799100,
nx1_wcs_125c_vce1.0v,wcs,hbt_wcs,125,1,1.0,0.79,6.817070e-04,5.917595,2.28727E+11,0.235812,10.803600,
nx1_wcs_125c_vce1.0v,wcs,hbt_wcs,125,1,1.0,0.81,9.327900e-04,8.097135,2.52206E+11,1.672680,10.131200,
nx1_wcs_125c_vce1.0v,wcs,hbt_wcs,125,1,1.0,0.83,1.227620e-03,10.656424,2.68703E+11,2.786300,9.662370,
nx1_wcs_125c_vce1.0v,wcs,hbt_wcs,125,1,1.0,0.85,1.562220e-03,13.560937,2.8028E+11,3.657280,9.323760,
nx1_wcs_125c_vce1.0v,wcs,hbt_wcs,125,1,1.0,0.87,1.932280e-03,16.773264,2.86314E+11,4.347340,9.072330,
nx1_wcs_125c_vce1.0v,wcs,hbt_wcs,125,1,1.0,0.89,2.333710e-03,20.257899,2.8729E+11,4.901340,8.882890,
nx1_wcs_125c_vce1.0v,wcs,hbt_wcs,125,1,1.0,0.91,2.762820e-03,23.982813,2.81186E+11,5.351200,8.740340,
nx1_wcs_125c_vce1.0v,wcs,hbt_wcs,125,1,1.0,0.93,3.216310e-03,27.919358,2.68201E+11,5.719920,8.635280,ic_high
nx1_wcs_125c_vce1.0v,wcs,hbt_wcs,125,1,1.0,0.95,3.691330e-03,32.042795,2.50603E+11,6.023310,8.561820,ic_high
nx1_wcs_125c_vce1.0v,wcs,hbt_wcs,125,1,1.0,0.97,4.185160e-03,36.329514,2.27459E+11,6.265030,8.517660,ic_high;vbe_high
nx1_wcs_125c_vce1.0v,wcs,hbt_wcs,125,1,1.0,0.99,4.693810e-03,40.744878,1.98989E+11,6.385560,8.513460,ic_high;vbe_high
nx1_wcs_125c_vce1.0v,wcs,hbt_wcs,125,1,1.0,1.01,5.203560e-03,45.169792,1.51552E+11,6.046510,8.615900,ic_high;vbe_high
nx1_wcs_125c_vce1.0v,wcs,hbt_wcs,125,1,1.0,1.03,5.683050e-03,49.332031,9.78144E+10,5.078560,8.872660,ic_high;vbe_high
nx1_wcs_125c_vce1.0v,wcs,hbt_wcs,125,1,1.0,1.05,6.122740e-03,53.148785,6.5187E+10,4.199300,9.142330,ic_high;vbe_high
nx1_wcs_125c_vce1.2v,wcs,hbt_wcs,125,1,1.2,0.55,1.618720e-06,0.014051,1.54141E+09,-45.358900,52.611600,vbe_low
nx1_wcs_125c_vce1.2v,wcs,hbt_wcs,125,1,1.2,0.57,2.831850e-06,0.024582,2.67132E+09,-41.472700,48.729500,vbe_low
nx1_wcs_125c_vce1.2v,wcs,hbt_wcs,125,1,1.2,0.59,4.950190e-06,0.042970,4.61094E+09,-37.016700,44.280800,vbe_low
nx1_wcs_125c_vce1.2v,wcs,hbt_wcs,125,1,1.2,0.61,8.640890e-06,0.075008,7.94037E+09,-32.352200,39.629500,vbe_low
nx1_wcs_125c_vce1.2v,wcs,hbt_wcs,125,1,1.2,0.63,1.504590e-05,0.130607,1.35283E+10,-27.654400,34.956800,vbe_low
nx1_wcs_125c_vce1.2v,wcs,hbt_wcs,125,1,1.2,0.65,2.608590e-05,0.226440,2.27187E+10,-23.016100,30.366900,
nx1_wcs_125c_vce1.2v,wcs,hbt_wcs,125,1,1.2,0.67,4.489650e-05,0.389727,3.72354E+10,-18.514500,25.961200,
nx1_wcs_125c_vce1.2v,wcs,hbt_wcs,125,1,1.2,0.69,7.634450e-05,0.662713,5.89716E+10,-14.241300,21.876300,
nx1_wcs_125c_vce1.2v,wcs,hbt_wcs,125,1,1.2,0.71,1.273930e-04,1.105842,8.90616E+10,-10.309000,18.292400,
nx1_wcs_125c_vce1.2v,wcs,hbt_wcs,125,1,1.2,0.73,2.068250e-04,1.795356,1.25802E+11,-6.834770,15.387000,
nx1_wcs_125c_vce1.2v,wcs,hbt_wcs,125,1,1.2,0.75,3.238600e-04,2.811285,1.64909E+11,-3.903820,13.234700,
nx1_wcs_125c_vce1.2v,wcs,hbt_wcs,125,1,1.2,0.77,4.859280e-04,4.218125,2.02089E+11,-1.535060,11.752300,
nx1_wcs_125c_vce1.2v,wcs,hbt_wcs,125,1,1.2,0.79,6.968900e-04,6.049392,2.32793E+11,0.321821,10.762900,
nx1_wcs_125c_vce1.2v,wcs,hbt_wcs,125,1,1.2,0.81,9.567930e-04,8.305495,2.56999E+11,1.757210,10.096400,
nx1_wcs_125c_vce1.2v,wcs,hbt_wcs,125,1,1.2,0.83,1.262930e-03,10.962934,2.74486E+11,2.867100,9.632820,
nx1_wcs_125c_vce1.2v,wcs,hbt_wcs,125,1,1.2,0.85,1.611220e-03,13.986285,2.86298E+11,3.733200,9.299110,
nx1_wcs_125c_vce1.2v,wcs,hbt_wcs,125,1,1.2,0.87,1.997190e-03,17.336719,2.92902E+11,4.417900,9.052740,
nx1_wcs_125c_vce1.2v,wcs,hbt_wcs,125,1,1.2,0.89,2.416560e-03,20.977083,2.95194E+11,4.966440,8.869040,
nx1_wcs_125c_vce1.2v,wcs,hbt_wcs,125,1,1.2,0.91,2.865440e-03,24.873611,2.93316E+11,5.411020,8.733310,
nx1_wcs_125c_vce1.2v,wcs,hbt_wcs,125,1,1.2,0.93,3.340390e-03,28.996441,2.86556E+11,5.774540,8.636590,ic_high
nx1_wcs_125c_vce1.2v,wcs,hbt_wcs,125,1,1.2,0.95,3.838370e-03,33.319184,2.70793E+11,6.073030,8.573280,ic_high
nx1_wcs_125c_vce1.2v,wcs,hbt_wcs,125,1,1.2,0.97,4.356640e-03,37.818056,2.49156E+11,6.318390,8.539700,ic_high;vbe_high
nx1_wcs_125c_vce1.2v,wcs,hbt_wcs,125,1,1.2,0.99,4.892740e-03,42.471701,2.2389E+11,6.518000,8.533730,ic_high;vbe_high
nx1_wcs_125c_vce1.2v,wcs,hbt_wcs,125,1,1.2,1.01,5.444040e-03,47.257292,1.92877E+11,6.661740,8.556780,ic_high;vbe_high
nx1_wcs_125c_vce1.2v,wcs,hbt_wcs,125,1,1.2,1.03,6.004550e-03,52.122830,1.56724E+11,6.623570,8.631570,ic_high;vbe_high
nx1_wcs_125c_vce1.2v,wcs,hbt_wcs,125,1,1.2,1.05,6.552160e-03,56.876389,1.10239E+11,6.010630,8.832920,ic_high;vbe_high
nx1_wcs_125c_vce1.4v,wcs,hbt_wcs,125,1,1.4,0.55,1.622260e-06,0.014082,1.55084E+09,-45.385300,52.638100,vbe_low
nx1_wcs_125c_vce1.4v,wcs,hbt_wcs,125,1,1.4,0.57,2.837950e-06,0.024635,2.68841E+09,-41.474200,48.731000,vbe_low
nx1_wcs_125c_vce1.4v,wcs,hbt_wcs,125,1,1.4,0.59,4.961060e-06,0.043065,4.63969E+09,-37.006400,44.270500,vbe_low
nx1_wcs_125c_vce1.4v,wcs,hbt_wcs,125,1,1.4,0.61,8.661270e-06,0.075185,7.9908E+09,-32.336200,39.613600,vbe_low
nx1_wcs_125c_vce1.4v,wcs,hbt_wcs,125,1,1.4,0.63,1.508660e-05,0.130960,1.3625E+10,-27.634300,34.936700,vbe_low
nx1_wcs_125c_vce1.4v,wcs,hbt_wcs,125,1,1.4,0.65,2.617290e-05,0.227195,2.28834E+10,-22.990800,30.342000,
nx1_wcs_125c_vce1.4v,wcs,hbt_wcs,125,1,1.4,0.67,4.509330e-05,0.391435,3.7576E+10,-18.481800,25.929400,
nx1_wcs_125c_vce1.4v,wcs,hbt_wcs,125,1,1.4,0.69,7.680390e-05,0.666701,5.95965E+10,-14.198300,21.836000,
nx1_wcs_125c_vce1.4v,wcs,hbt_wcs,125,1,1.4,0.71,1.284610e-04,1.115113,9.00594E+10,-10.253400,18.243600,
nx1_wcs_125c_vce1.4v,wcs,hbt_wcs,125,1,1.4,0.73,2.092070e-04,1.816033,1.27416E+11,-6.766060,15.333200,
nx1_wcs_125c_vce1.4v,wcs,hbt_wcs,125,1,1.4,0.75,3.287990e-04,2.854158,1.67186E+11,-3.824520,13.181800,
nx1_wcs_125c_vce1.4v,wcs,hbt_wcs,125,1,1.4,0.77,4.952870e-04,4.299366,2.05046E+11,-1.449850,11.704700,
nx1_wcs_125c_vce1.4v,wcs,hbt_wcs,125,1,1.4,0.79,7.130460e-04,6.189635,2.362E+11,0.408270,10.722000,
nx1_wcs_125c_vce1.4v,wcs,hbt_wcs,125,1,1.4,0.81,9.824150e-04,8.527908,2.60782E+11,1.841760,10.061600,
nx1_wcs_125c_vce1.4v,wcs,hbt_wcs,125,1,1.4,0.83,1.300760e-03,11.291319,2.78822E+11,2.948190,9.603380,
nx1_wcs_125c_vce1.4v,wcs,hbt_wcs,125,1,1.4,0.85,1.663930e-03,14.443837,2.9051E+11,3.810040,9.274630,
nx1_wcs_125c_vce1.4v,wcs,hbt_wcs,125,1,1.4,0.87,2.067300e-03,17.945313,2.97048E+11,4.489810,9.033660,
nx1_wcs_125c_vce1.4v,wcs,hbt_wcs,125,1,1.4,0.89,2.506380e-03,21.756771,2.99759E+11,5.032720,8.856420,
nx1_wcs_125c_vce1.4v,wcs,hbt_wcs,125,1,1.4,0.91,2.977050e-03,25.842448,2.97723E+11,5.471100,8.728740,
nx1_wcs_125c_vce1.4v,wcs,hbt_wcs,125,1,1.4,0.93,3.475660e-03,30.170660,2.91703E+11,5.827930,8.642070,ic_high
nx1_wcs_125c_vce1.4v,wcs,hbt_wcs,125,1,1.4,0.95,3.998920e-03,34.712847,2.80941E+11,6.119550,8.591170,ic_high
nx1_wcs_125c_vce1.4v,wcs,hbt_wcs,125,1,1.4,0.97,4.543870e-03,39.443316,2.6346E+11,6.357540,8.572780,ic_high;vbe_high
nx1_wcs_125c_vce1.4v,wcs,hbt_wcs,125,1,1.4,0.99,5.107810e-03,44.338628,2.35327E+11,6.549390,8.585010,ic_high;vbe_high
nx1_wcs_125c_vce1.4v,wcs,hbt_wcs,125,1,1.4,1.01,5.688160e-03,49.376389,2.05164E+11,6.701480,8.626440,ic_high;vbe_high
nx1_wcs_125c_vce1.4v,wcs,hbt_wcs,125,1,1.4,1.03,6.282340e-03,54.534201,1.7374E+11,6.811610,8.697300,ic_high;vbe_high
nx1_wcs_125c_vce1.4v,wcs,hbt_wcs,125,1,1.4,1.05,6.886130e-03,59.775434,1.37246E+11,6.819280,8.807600,ic_high;vbe_high
nx1_sf_-40c_vce0.6v,sf,hbt_typ,-40,1,0.6,0.55,3.802450e-11,0.000000,,-51.238800,56.162300,vbe_low
nx1_sf_-40c_vce0.6v,sf,hbt_typ,-40,1,0.6,0.57,1.016080e-10,0.000001,,-51.219800,56.143200,vbe_low
nx1_sf_-40c_vce0.6v,sf,hbt_typ,-40,1,0.6,0.59,2.717190e-10,0.000002,,-51.200100,56.123600,vbe_low
nx1_sf_-40c_vce0.6v,sf,hbt_typ,-40,1,0.6,0.61,7.267730e-10,0.000006,,-51.179900,56.103400,vbe_low
nx1_sf_-40c_vce0.6v,sf,hbt_typ,-40,1,0.6,0.63,1.943990e-09,0.000017,3.71047E+06,-51.158900,56.082400,vbe_low
nx1_sf_-40c_vce0.6v,sf,hbt_typ,-40,1,0.6,0.65,5.199770e-09,0.000045,9.86427E+06,-51.136900,56.060400,
nx1_sf_-40c_vce0.6v,sf,hbt_typ,-40,1,0.6,0.67,1.390800e-08,0.000121,2.62346E+07,-51.111800,56.035400,
nx1_sf_-40c_vce0.6v,sf,hbt_typ,-40,1,0.6,0.69,3.719880e-08,0.000323,6.97318E+07,-51.071300,55.994900,
nx1_sf_-40c_vce0.6v,sf,hbt_typ,-40,1,0.6,0.71,9.948540e-08,0.000864,1.85084E+08,-50.931000,55.855100,
nx1_sf_-40c_vce0.6v,sf,hbt_typ,-40,1,0.6,0.73,2.660190e-07,0.002309,4.91568E+08,-50.174100,55.099100,
nx1_sf_-40c_vce0.6v,sf,hbt_typ,-40,1,0.6,0.75,7.110070e-07,0.006172,1.2994E+09,-46.947400,51.874800,
nx1_sf_-40c_vce0.6v,sf,hbt_typ,-40,1,0.6,0.77,1.898130e-06,0.016477,3.43554E+09,-40.236200,45.170300,
nx1_sf_-40c_vce0.6v,sf,hbt_typ,-40,1,0.6,0.79,5.051520e-06,0.043850,8.98311E+09,-32.120000,37.073400,
nx1_sf_-40c_vce0.6v,sf,hbt_typ,-40,1,0.6,0.81,1.333370e-05,0.115744,2.29945E+10,-23.880400,28.893200,
nx1_sf_-40c_vce0.6v,sf,hbt_typ,-40,1,0.6,0.83,3.446830e-05,0.299204,5.60204E+10,-15.984300,21.195800,
nx1_sf_-40c_vce0.6v,sf,hbt_typ,-40,1,0.6,0.85,8.491760e-05,0.737132,1.21825E+11,-8.921660,14.758700,
nx1_sf_-40c_vce0.6v,sf,hbt_typ,-40,1,0.6,0.87,1.908980e-04,1.657101,2.19148E+11,-3.290870,10.497700,
nx1_sf_-40c_vce0.6v,sf,hbt_typ,-40,1,0.6,0.89,3.765890e-04,3.269002,3.1659E+11,0.625167,8.321560,
nx1_sf_-40c_vce0.6v,sf,hbt_typ,-40,1,0.6,0.91,6.478110e-04,5.623359,3.86867E+11,3.118170,7.289010,
nx1_sf_-40c_vce0.6v,sf,hbt_typ,-40,1,0.6,0.93,9.938110e-04,8.626832,4.28956E+11,4.693690,6.739590,
nx1_sf_-40c_vce0.6v,sf,hbt_typ,-40,1,0.6,0.95,1.399500e-03,12.148438,4.51494E+11,5.734170,6.398400,
nx1_sf_-40c_vce0.6v,sf,hbt_typ,-40,1,0.6,0.97,1.852150e-03,16.077691,4.5861E+11,6.462280,6.160230,vbe_high
nx1_sf_-40c_vce0.6v,sf,hbt_typ,-40,1,0.6,0.99,2.342500e-03,20.334201,4.55331E+11,6.999730,5.981250,vbe_high
nx1_sf_-40c_vce0.6v,sf,hbt_typ,-40,1,0.6,1.01,2.863770e-03,24.859115,4.42065E+11,7.409820,5.841500,vbe_high
nx1_sf_-40c_vce0.6v,sf,hbt_typ,-40,1,0.6,1.03,3.408820e-03,29.590451,3.71305E+11,7.555510,5.759400,ic_high;vbe_high
nx1_sf_-40c_vce0.6v,sf,hbt_typ,-40,1,0.6,1.05,3.916920e-03,34.001042,8.93576E+10,5.008440,6.236880,ic_high;vbe_high
nx1_sf_-40c_vce0.8v,sf,hbt_typ,-40,1,0.8,0.55,3.826030e-11,0.000000,,-51.404800,56.328200,vbe_low
nx1_sf_-40c_vce0.8v,sf,hbt_typ,-40,1,0.8,0.57,1.019030e-10,0.000001,,-51.389900,56.313400,vbe_low
nx1_sf_-40c_vce0.8v,sf,hbt_typ,-40,1,0.8,0.59,2.721740e-10,0.000002,,-51.374700,56.298100,vbe_low
nx1_sf_-40c_vce0.8v,sf,hbt_typ,-40,1,0.8,0.61,7.276520e-10,0.000006,,-51.359100,56.282600,vbe_low
nx1_sf_-40c_vce0.8v,sf,hbt_typ,-40,1,0.8,0.63,1.946000e-09,0.000017,3.73717E+06,-51.343000,56.266500,vbe_low
nx1_sf_-40c_vce0.8v,sf,hbt_typ,-40,1,0.8,0.65,5.204820e-09,0.000045,9.93206E+06,-51.326100,56.249600,
nx1_sf_-40c_vce0.8v,sf,hbt_typ,-40,1,0.8,0.67,1.392120e-08,0.000121,2.64348E+07,-51.306400,56.230000,
nx1_sf_-40c_vce0.8v,sf,hbt_typ,-40,1,0.8,0.69,3.723380e-08,0.000323,7.02402E+07,-51.270800,56.194500,
nx1_sf_-40c_vce0.8v,sf,hbt_typ,-40,1,0.8,0.71,9.957980e-08,0.000864,1.86592E+08,-51.131000,56.055000,
nx1_sf_-40c_vce0.8v,sf,hbt_typ,-40,1,0.8,0.73,2.662780e-07,0.002311,4.95412E+08,-50.346600,55.271600,
nx1_sf_-40c_vce0.8v,sf,hbt_typ,-40,1,0.8,0.75,7.117450e-07,0.006178,1.31092E+09,-47.027200,51.954600,
nx1_sf_-40c_vce0.8v,sf,hbt_typ,-40,1,0.8,0.77,1.900410e-06,0.016497,3.46541E+09,-40.245700,45.179800,
nx1_sf_-40c_vce0.8v,sf,hbt_typ,-40,1,0.8,0.79,5.059640e-06,0.043920,9.06312E+09,-32.109900,37.063300,
nx1_sf_-40c_vce0.8v,sf,hbt_typ,-40,1,0.8,0.81,1.336800e-05,0.116042,2.32214E+10,-23.860400,28.873500,
nx1_sf_-40c_vce0.8v,sf,hbt_typ,-40,1,0.8,0.83,3.463150e-05,0.300621,5.67251E+10,-15.948900,21.162100,
nx1_sf_-40c_vce0.8v,sf,hbt_typ,-40,1,0.8,0.85,8.568160e-05,0.743764,1.23914E+11,-8.861440,14.708100,
nx1_sf_-40c_vce0.8v,sf,hbt_typ,-40,1,0.8,0.87,1.938800e-04,1.682986,2.23844E+11,-3.204450,10.442800,
nx1_sf_-40c_vce0.8v,sf,hbt_typ,-40,1,0.8,0.89,3.853270e-04,3.344852,3.24065E+11,0.724375,8.276580,
nx1_sf_-40c_vce0.8v,sf,hbt_typ,-40,1,0.8,0.91,6.671700e-04,5.791406,3.97039E+11,3.215860,7.253430,
nx1_sf_-40c_vce0.8v,sf,hbt_typ,-40,1,0.8,0.93,1.028690e-03,8.929601,4.41028E+11,4.785240,6.708510,
nx1_sf_-40c_vce0.8v,sf,hbt_typ,-40,1,0.8,0.95,1.454350e-03,12.624566,4.64257E+11,5.821400,6.368490,
nx1_sf_-40c_vce0.8v,sf,hbt_typ,-40,1,0.8,0.97,1.930950e-03,16.761719,4.73843E+11,6.548590,6.129960,vbe_high
nx1_sf_-40c_vce0.8v,sf,hbt_typ,-40,1,0.8,0.99,2.449010e-03,21.258767,4.73063E+11,7.088520,5.950130,vbe_high
nx1_sf_-40c_vce0.8v,sf,hbt_typ,-40,1,0.8,1.01,3.001790e-03,26.057205,4.62575E+11,7.508540,5.808890,ic_high;vbe_high
nx1_sf_-40c_vce0.8v,sf,hbt_typ,-40,1,0.8,1.03,3.584590e-03,31.116233,4.42621E+11,7.847570,5.695580,ic_high;vbe_high
nx1_sf_-40c_vce0.8v,sf,hbt_typ,-40,1,0.8,1.05,4.193950e-03,36.405816,4.12581E+11,8.123560,5.604910,ic_high;vbe_high
nx1_sf_-40c_vce1.0v,sf,hbt_typ,-40,1,1.0,0.55,3.849690e-11,0.000000,,-51.537700,56.461200,vbe_low
nx1_sf_-40c_vce1.0v,sf,hbt_typ,-40,1,1.0,0.57,1.022000e-10,0.000001,,-51.525500,56.449000,vbe_low
nx1_sf_-40c_vce1.0v,sf,hbt_typ,-40,1,1.0,0.59,2.726310e-10,0.000002,,-51.513100,56.436600,vbe_low
nx1_sf_-40c_vce1.0v,sf,hbt_typ,-40,1,1.0,0.61,7.285340e-10,0.000006,,-51.500400,56.423900,vbe_low
nx1_sf_-40c_vce1.0v,sf,hbt_typ,-40,1,1.0,0.63,1.948010e-09,0.000017,3.75869E+06,-51.487400,56.410900,vbe_low
nx1_sf_-40c_vce1.0v,sf,hbt_typ,-40,1,1.0,0.65,5.209840e-09,0.000045,9.98631E+06,-51.473700,56.397300,
nx1_sf_-40c_vce1.0v,sf,hbt_typ,-40,1,1.0,0.67,1.393420e-08,0.000121,2.65938E+07,-51.457300,56.380800,
nx1_sf_-40c_vce1.0v,sf,hbt_typ,-40,1,1.0,0.69,3.726840e-08,0.000324,7.06416E+07,-51.424500,56.348200,
nx1_sf_-40c_vce1.0v,sf,hbt_typ,-40,1,1.0,0.71,9.967250e-08,0.000865,1.87772E+08,-51.283700,56.207700,
nx1_sf_-40c_vce1.0v,sf,hbt_typ,-40,1,1.0,0.73,2.665320e-07,0.002314,4.98403E+08,-50.476100,55.401100,
nx1_sf_-40c_vce1.0v,sf,hbt_typ,-40,1,1.0,0.75,7.124690e-07,0.006185,1.31982E+09,-47.084300,52.011700,
nx1_sf_-40c_vce1.0v,sf,hbt_typ,-40,1,1.0,0.77,1.902650e-06,0.016516,3.48843E+09,-40.250000,45.184200,
nx1_sf_-40c_vce1.0v,sf,hbt_typ,-40,1,1.0,0.79,5.067650e-06,0.043990,9.12499E+09,-32.099100,37.052600,
nx1_sf_-40c_vce1.0v,sf,hbt_typ,-40,1,1.0,0.81,1.340210e-05,0.116338,2.34074E+10,-23.840400,28.853800,
nx1_sf_-40c_vce1.0v,sf,hbt_typ,-40,1,1.0,0.83,3.479570e-05,0.302046,5.72907E+10,-15.913500,21.128400,
nx1_sf_-40c_vce1.0v,sf,hbt_typ,-40,1,1.0,0.85,8.646120e-05,0.750531,1.25629E+11,-8.800660,14.657100,
nx1_sf_-40c_vce1.0v,sf,hbt_typ,-40,1,1.0,0.87,1.969790e-04,1.709887,2.27706E+11,-3.116480,10.387300,
nx1_sf_-40c_vce1.0v,sf,hbt_typ,-40,1,1.0,0.89,3.945730e-04,3.425113,3.30041E+11,0.826029,8.230880,
nx1_sf_-40c_vce1.0v,sf,hbt_typ,-40,1,1.0,0.91,6.879500e-04,5.971788,4.04729E+11,3.316430,7.217010,
nx1_sf_-40c_vce1.0v,sf,hbt_typ,-40,1,1.0,0.93,1.066570e-03,9.258420,4.49466E+11,4.880110,6.676380,
nx1_sf_-40c_vce1.0v,sf,hbt_typ,-40,1,1.0,0.95,1.514380e-03,13.145660,4.72328E+11,5.912300,6.337460,
nx1_sf_-40c_vce1.0v,sf,hbt_typ,-40,1,1.0,0.97,2.017940e-03,17.516840,4.83237E+11,6.639230,6.098600,vbe_high
nx1_sf_-40c_vce1.0v,sf,hbt_typ,-40,1,1.0,0.99,2.567460e-03,22.286979,4.82612E+11,7.182040,5.918280,vbe_high
nx1_sf_-40c_vce1.0v,sf,hbt_typ,-40,1,1.0,1.01,3.156150e-03,27.397135,4.7159E+11,7.607450,5.777070,ic_high;vbe_high
nx1_sf_-40c_vce1.0v,sf,hbt_typ,-40,1,1.0,1.03,3.779370e-03,32.807031,4.52633E+11,7.953740,5.664800,ic_high;vbe_high
nx1_sf_-40c_vce1.0v,sf,hbt_typ,-40,1,1.0,1.05,4.433790e-03,38.487760,4.21224E+11,8.243960,5.575710,ic_high;vbe_high
nx1_sf_-40c_vce1.2v,sf,hbt_typ,-40,1,1.2,0.55,3.873940e-11,0.000000,,-51.648400,56.571900,vbe_low
nx1_sf_-40c_vce1.2v,sf,hbt_typ,-40,1,1.2,0.57,1.025110e-10,0.000001,,-51.638100,56.561600,vbe_low
nx1_sf_-40c_vce1.2v,sf,hbt_typ,-40,1,1.2,0.59,2.731200e-10,0.000002,,-51.627700,56.551200,vbe_low
nx1_sf_-40c_vce1.2v,sf,hbt_typ,-40,1,1.2,0.61,7.294920e-10,0.000006,,-51.617000,56.540500,vbe_low
nx1_sf_-40c_vce1.2v,sf,hbt_typ,-40,1,1.2,0.63,1.950200e-09,0.000017,3.77712E+06,-51.606100,56.529600,vbe_low
nx1_sf_-40c_vce1.2v,sf,hbt_typ,-40,1,1.2,0.65,5.215250e-09,0.000045,1.00326E+07,-51.594600,56.518100,
nx1_sf_-40c_vce1.2v,sf,hbt_typ,-40,1,1.2,0.67,1.394820e-08,0.000121,2.67282E+07,-51.580300,56.503800,
nx1_sf_-40c_vce1.2v,sf,hbt_typ,-40,1,1.2,0.69,3.730490e-08,0.000324,7.09795E+07,-51.549200,56.472900,
nx1_sf_-40c_vce1.2v,sf,hbt_typ,-40,1,1.2,0.71,9.976940e-08,0.000866,1.88759E+08,-51.407000,56.331000,
nx1_sf_-40c_vce1.2v,sf,hbt_typ,-40,1,1.2,0.73,2.667950e-07,0.002316,5.00893E+08,-50.579300,55.504200,
nx1_sf_-40c_vce1.2v,sf,hbt_typ,-40,1,1.2,0.75,7.132100e-07,0.006191,1.32718E+09,-47.127600,52.055000,
nx1_sf_-40c_vce1.2v,sf,hbt_typ,-40,1,1.2,0.77,1.904930e-06,0.016536,3.50748E+09,-40.251200,45.185300,
nx1_sf_-40c_vce1.2v,sf,hbt_typ,-40,1,1.2,0.79,5.075730e-06,0.044060,9.17643E+09,-32.087800,37.041300,
nx1_sf_-40c_vce1.2v,sf,hbt_typ,-40,1,1.2,0.81,1.343650e-05,0.116636,2.35823E+10,-23.820300,28.833900,
nx1_sf_-40c_vce1.2v,sf,hbt_typ,-40,1,1.2,0.83,3.496190e-05,0.303489,5.77791E+10,-15.877800,21.094400,
nx1_sf_-40c_vce1.2v,sf,hbt_typ,-40,1,1.2,0.85,8.725960e-05,0.757462,1.27142E+11,-8.739070,14.605500,
nx1_sf_-40c_vce1.2v,sf,hbt_typ,-40,1,1.2,0.87,2.002060e-04,1.737899,2.31128E+11,-3.026670,10.330900,
nx1_sf_-40c_vce1.2v,sf,hbt_typ,-40,1,1.2,0.89,4.043830e-04,3.510269,3.35613E+11,0.930343,8.184390,
nx1_sf_-40c_vce1.2v,sf,hbt_typ,-40,1,1.2,0.91,7.103200e-04,6.165972,4.11171E+11,3.419990,7.179720,
nx1_sf_-40c_vce1.2v,sf,hbt_typ,-40,1,1.2,0.93,1.107870e-03,9.616927,4.5617E+11,4.978530,6.643140,
nx1_sf_-40c_vce1.2v,sf,hbt_typ,-40,1,1.2,0.95,1.580550e-03,13.720052,4.79411E+11,6.007630,6.305120,
nx1_sf_-40c_vce1.2v,sf,hbt_typ,-40,1,1.2,0.97,2.114630e-03,18.356163,4.89354E+11,6.734850,6.066120,vbe_high
nx1_sf_-40c_vce1.2v,sf,hbt_typ,-40,1,1.2,0.99,2.700070e-03,23.438108,4.87539E+11,7.281360,5.885740,vbe_high
nx1_sf_-40c_vce1.2v,sf,hbt_typ,-40,1,1.2,1.01,3.330530e-03,28.910851,4.74778E+11,7.712740,5.745470,ic_high;vbe_high
nx1_sf_-40c_vce1.2v,sf,hbt_typ,-40,1,1.2,1.03,4.001040e-03,34.731250,4.53552E+11,8.066530,5.635740,ic_high;vbe_high
nx1_sf_-40c_vce1.2v,sf,hbt_typ,-40,1,1.2,1.05,4.708550e-03,40.872830,4.21047E+11,8.365160,5.551360,ic_high;vbe_high
nx1_sf_-40c_vce1.4v,sf,hbt_typ,-40,1,1.4,0.55,3.899820e-11,0.000000,,-51.743300,56.666800,vbe_low
nx1_sf_-40c_vce1.4v,sf,hbt_typ,-40,1,1.4,0.57,1.028620e-10,0.000001,,-51.734400,56.657900,vbe_low
nx1_sf_-40c_vce1.4v,sf,hbt_typ,-40,1,1.4,0.59,2.737080e-10,0.000002,,-51.725300,56.648800,vbe_low
nx1_sf_-40c_vce1.4v,sf,hbt_typ,-40,1,1.4,0.61,7.306890e-10,0.000006,,-51.716200,56.639700,vbe_low
nx1_sf_-40c_vce1.4v,sf,hbt_typ,-40,1,1.4,0.63,1.952970e-09,0.000017,3.79426E+06,-51.706700,56.630300,vbe_low
nx1_sf_-40c_vce1.4v,sf,hbt_typ,-40,1,1.4,0.65,5.222080e-09,0.000045,1.00752E+07,-51.696700,56.620300,
nx1_sf_-40c_vce1.4v,sf,hbt_typ,-40,1,1.4,0.67,1.396550e-08,0.000121,2.68511E+07,-51.684000,56.607500,
nx1_sf_-40c_vce1.4v,sf,hbt_typ,-40,1,1.4,0.69,3.734960e-08,0.000324,7.12856E+07,-51.654000,56.577700,
nx1_sf_-40c_vce1.4v,sf,hbt_typ,-40,1,1.4,0.71,9.988610e-08,0.000867,1.89644E+08,-51.510100,56.434100,
nx1_sf_-40c_vce1.4v,sf,hbt_typ,-40,1,1.4,0.73,2.671050e-07,0.002319,5.0311E+08,-50.664400,55.589300,
nx1_sf_-40c_vce1.4v,sf,hbt_typ,-40,1,1.4,0.75,7.140640e-07,0.006198,1.3337E+09,-47.161200,52.088600,
nx1_sf_-40c_vce1.4v,sf,hbt_typ,-40,1,1.4,0.77,1.907470e-06,0.016558,3.5243E+09,-40.249300,45.183400,
nx1_sf_-40c_vce1.4v,sf,hbt_typ,-40,1,1.4,0.79,5.084460e-06,0.044136,9.22192E+09,-32.075100,37.028700,
nx1_sf_-40c_vce1.4v,sf,hbt_typ,-40,1,1.4,0.81,1.347250e-05,0.116949,2.37382E+10,-23.799200,28.813100,
nx1_sf_-40c_vce1.4v,sf,hbt_typ,-40,1,1.4,0.83,3.513380e-05,0.304981,5.82232E+10,-15.840900,21.059300,
nx1_sf_-40c_vce1.4v,sf,hbt_typ,-40,1,1.4,0.85,8.808630e-05,0.764638,1.2854E+11,-8.675680,14.552400,
nx1_sf_-40c_vce1.4v,sf,hbt_typ,-40,1,1.4,0.87,2.035970e-04,1.767335,2.34302E+11,-2.934020,10.273000,
nx1_sf_-40c_vce1.4v,sf,hbt_typ,-40,1,1.4,0.89,4.148550e-04,3.601172,3.41378E+11,1.037970,8.136770,
nx1_sf_-40c_vce1.4v,sf,hbt_typ,-40,1,1.4,0.91,7.345960e-04,6.376701,4.16881E+11,3.526940,7.141360,
nx1_sf_-40c_vce1.4v,sf,hbt_typ,-40,1,1.4,0.93,1.153120e-03,10.009722,4.61839E+11,5.080170,6.608820,
nx1_sf_-40c_vce1.4v,sf,hbt_typ,-40,1,1.4,0.95,1.653940e-03,14.357118,4.84995E+11,6.107120,6.271550,
nx1_sf_-40c_vce1.4v,sf,hbt_typ,-40,1,1.4,0.97,2.223060e-03,19.297396,4.9358E+11,6.836000,6.032490,vbe_high
nx1_sf_-40c_vce1.4v,sf,hbt_typ,-40,1,1.4,0.99,2.850410e-03,24.743142,4.89834E+11,7.387260,5.852680,vbe_high
nx1_sf_-40c_vce1.4v,sf,hbt_typ,-40,1,1.4,1.01,3.529610e-03,30.638976,4.74082E+11,7.825480,5.714580,ic_high;vbe_high
nx1_sf_-40c_vce1.4v,sf,hbt_typ,-40,1,1.4,1.03,4.256330e-03,36.947309,4.49187E+11,8.187260,5.609460,ic_high;vbe_high
nx1_sf_-40c_vce1.4v,sf,hbt_typ,-40,1,1.4,1.05,5.027610e-03,43.642448,4.12937E+11,8.494280,5.532920,ic_high;vbe_high
nx1_sf_27c_vce0.6v,sf,hbt_typ,27,1,0.6,0.55,1.279430e-08,0.000111,1.88604E+07,-51.089800,57.110300,vbe_low
nx1_sf_27c_vce0.6v,sf,hbt_typ,27,1,0.6,0.57,2.723920e-08,0.000236,3.9897E+07,-51.060700,57.081300,vbe_low
nx1_sf_27c_vce0.6v,sf,hbt_typ,27,1,0.6,0.59,5.799110e-08,0.000503,8.457E+07,-51.013900,57.034600,vbe_low
nx1_sf_27c_vce0.6v,sf,hbt_typ,27,1,0.6,0.61,1.234540e-07,0.001072,1.78790E+08,-50.893700,56.914700,vbe_low
nx1_sf_27c_vce0.6v,sf,hbt_typ,27,1,0.6,0.63,2.627900e-07,0.002281,3.78461E+08,-50.472200,56.493800,vbe_low
nx1_sf_27c_vce0.6v,sf,hbt_typ,27,1,0.6,0.65,5.592790e-07,0.004855,7.99107E+08,-49.023400,55.046300,
nx1_sf_27c_vce0.6v,sf,hbt_typ,27,1,0.6,0.67,1.189790e-06,0.010328,1.68604E+09,-45.480400,51.505900,
nx1_sf_27c_vce0.6v,sf,hbt_typ,27,1,0.6,0.69,2.529000e-06,0.021953,3.54571E+09,-40.045700,46.077100,
nx1_sf_27c_vce0.6v,sf,hbt_typ,27,1,0.6,0.71,5.365960e-06,0.046580,7.40028E+09,-33.839900,39.884500,
nx1_sf_27c_vce0.6v,sf,hbt_typ,27,1,0.6,0.73,1.134240e-05,0.098458,1.53073E+10,-27.485300,33.560200,
nx1_sf_27c_vce0.6v,sf,hbt_typ,27,1,0.6,0.75,2.378800e-05,0.206493,3.09011E+10,-21.226000,27.374900,
nx1_sf_27c_vce0.6v,sf,hbt_typ,27,1,0.6,0.77,4.911020e-05,0.426304,5.96711E+10,-15.243200,21.578000,
nx1_sf_27c_vce0.6v,sf,hbt_typ,27,1,0.6,0.79,9.844020e-05,0.854516,1.07067E+11,-9.772010,16.551700,
nx1_sf_27c_vce0.6v,sf,hbt_typ,27,1,0.6,0.81,1.878410e-04,1.630564,1.71759E+11,-5.090980,12.743300,
nx1_sf_27c_vce0.6v,sf,hbt_typ,27,1,0.6,0.83,3.343610e-04,2.902439,2.41179E+11,-1.396450,10.295200,
nx1_sf_27c_vce0.6v,sf,hbt_typ,27,1,0.6,0.85,5.488930e-04,4.764696,3.00272E+11,1.323660,8.880250,
nx1_sf_27c_vce0.6v,sf,hbt_typ,27,1,0.6,0.87,8.325020e-04,7.226580,3.43112E+11,3.257260,8.060100,
nx1_sf_27c_vce0.6v,sf,hbt_typ,27,1,0.6,0.89,1.179110e-03,10.235330,3.69141E+11,4.632960,7.548260,
nx1_sf_27c_vce0.6v,sf,hbt_typ,27,1,0.6,0.91,1.580100e-03,13.716146,3.81814E+11,5.634090,7.200290,
nx1_sf_27c_vce0.6v,sf,hbt_typ,27,1,0.6,0.93,2.027140e-03,17.596701,3.83969E+11,6.384670,6.947280,
nx1_sf_27c_vce0.6v,sf,hbt_typ,27,1,0.6,0.95,2.513080e-03,21.814931,3.76965E+11,6.959360,6.755830,
nx1_sf_27c_vce0.6v,sf,hbt_typ,27,1,0.6,0.97,3.030870e-03,26.309635,3.51783E+11,7.334360,6.620670,ic_high;vbe_high
nx1_sf_27c_vce0.6v,sf,hbt_typ,27,1,0.6,0.99,3.557080e-03,30.877431,2.15043E+11,6.725390,6.681210,ic_high;vbe_high
nx1_sf_27c_vce0.6v,sf,hbt_typ,27,1,0.6,1.01,4.010970e-03,34.817448,7.43324E+10,4.305420,7.202310,ic_high;vbe_high
nx1_sf_27c_vce0.6v,sf,hbt_typ,27,1,0.6,1.03,4.388220e-03,38.092187,3.62516E+10,2.981220,7.548330,ic_high;vbe_high
nx1_sf_27c_vce0.6v,sf,hbt_typ,27,1,0.6,1.05,4.750060e-03,41.233160,2.28065E+10,2.720390,7.587630,ic_high;vbe_high
nx1_sf_27c_vce0.8v,sf,hbt_typ,27,1,0.8,0.55,1.280650e-08,0.000111,1.90064E+07,-51.290400,57.311000,vbe_low
nx1_sf_27c_vce0.8v,sf,hbt_typ,27,1,0.8,0.57,2.726490e-08,0.000237,4.01916E+07,-51.267200,57.287800,vbe_low
nx1_sf_27c_vce0.8v,sf,hbt_typ,27,1,0.8,0.59,5.804580e-08,0.000504,8.52621E+07,-51.225800,57.246600,vbe_low
nx1_sf_27c_vce0.8v,sf,hbt_typ,27,1,0.8,0.61,1.235710e-07,0.001073,1.80191E+08,-51.107600,57.128600,vbe_low
nx1_sf_27c_vce0.8v,sf,hbt_typ,27,1,0.8,0.63,2.630440e-07,0.002283,3.81758E+08,-50.673100,56.694700,vbe_low
nx1_sf_27c_vce0.8v,sf,hbt_typ,27,1,0.8,0.65,5.598370e-07,0.004860,8.0581E+08,-49.170000,55.192900,
nx1_sf_27c_vce0.8v,sf,hbt_typ,27,1,0.8,0.67,1.191070e-06,0.010339,1.70197E+09,-45.542400,51.567900,
nx1_sf_27c_vce0.8v,sf,hbt_typ,27,1,0.8,0.69,2.532060e-06,0.021980,3.57854E+09,-40.056700,46.088200,
nx1_sf_27c_vce0.8v,sf,hbt_typ,27,1,0.8,0.71,5.373980e-06,0.046649,7.48058E+09,-33.832800,39.877500,
nx1_sf_27c_vce0.8v,sf,hbt_typ,27,1,0.8,0.73,1.136570e-05,0.098661,1.54798E+10,-27.469900,33.545000,
nx1_sf_27c_vce0.8v,sf,hbt_typ,27,1,0.8,0.75,2.386210e-05,0.207136,3.12889E+10,-21.201900,27.351300,
nx1_sf_27c_vce0.8v,sf,hbt_typ,27,1,0.8,0.77,4.935850e-05,0.428459,6.05984E+10,-15.205700,21.542500,
nx1_sf_27c_vce0.8v,sf,hbt_typ,27,1,0.8,0.79,9.925710e-05,0.861607,1.09073E+11,-9.715450,16.502600,
nx1_sf_27c_vce0.8v,sf,hbt_typ,27,1,0.8,0.81,1.902890e-04,1.651814,1.75603E+11,-5.012980,12.686600,
nx1_sf_27c_vce0.8v,sf,hbt_typ,27,1,0.8,0.83,3.406490e-04,2.957023,2.47538E+11,-1.302040,10.241900,
nx1_sf_27c_vce0.8v,sf,hbt_typ,27,1,0.8,0.85,5.624460e-04,4.882344,3.09282E+11,1.424740,8.835550,
nx1_sf_27c_vce0.8v,sf,hbt_typ,27,1,0.8,0.87,8.574340e-04,7.443003,3.54198E+11,3.357130,8.022930,
nx1_sf_27c_vce0.8v,sf,hbt_typ,27,1,0.8,0.89,1.219590e-03,10.586719,3.82843E+11,4.728290,7.516050,
nx1_sf_27c_vce0.8v,sf,hbt_typ,27,1,0.8,0.91,1.640080e-03,14.236806,3.9975E+11,5.724760,7.171260,
nx1_sf_27c_vce0.8v,sf,hbt_typ,27,1,0.8,0.93,2.110220e-03,18.317882,4.05828E+11,6.472270,6.920590,
nx1_sf_27c_vce0.8v,sf,hbt_typ,27,1,0.8,0.95,2.622690e-03,22.766406,4.01895E+11,7.050770,6.730500,
nx1_sf_27c_vce0.8v,sf,hbt_typ,27,1,0.8,0.97,3.171750e-03,27.532552,3.88869E+11,7.510780,6.583200,ic_high;vbe_high
nx1_sf_27c_vce0.8v,sf,hbt_typ,27,1,0.8,0.99,3.752700e-03,32.575521,3.67257E+11,7.881470,6.469010,ic_high;vbe_high
nx1_sf_27c_vce0.8v,sf,hbt_typ,27,1,0.8,1.01,4.360310e-03,37.849913,3.25212E+11,8.110930,6.393410,ic_high;vbe_high
nx1_sf_27c_vce0.8v,sf,hbt_typ,27,1,0.8,1.03,4.966730e-03,43.113976,1.72543E+11,7.312930,6.504100,ic_high;vbe_high
nx1_sf_27c_vce0.8v,sf,hbt_typ,27,1,0.8,1.05,5.484390e-03,47.607552,6.15812E+10,5.141280,6.941610,ic_high;vbe_high
nx1_sf_27c_vce1.0v,sf,hbt_typ,27,1,1.0,0.55,1.281890e-08,0.000111,1.91219E+07,-51.444900,57.465500,vbe_low
nx1_sf_27c_vce1.0v,sf,hbt_typ,27,1,1.0,0.57,2.729090e-08,0.000237,4.04232E+07,-51.425200,57.445800,vbe_low
nx1_sf_27c_vce1.0v,sf,hbt_typ,27,1,1.0,0.59,5.810060e-08,0.000504,8.57998E+07,-51.386700,57.407500,vbe_low
nx1_sf_27c_vce1.0v,sf,hbt_typ,27,1,1.0,0.61,1.236880e-07,0.001074,1.81272E+08,-51.268500,57.289600,vbe_low
nx1_sf_27c_vce1.0v,sf,hbt_typ,27,1,1.0,0.63,2.632950e-07,0.002286,3.84281E+08,-50.822200,56.843800,vbe_low
nx1_sf_27c_vce1.0v,sf,hbt_typ,27,1,1.0,0.65,5.603880e-07,0.004864,8.10906E+08,-49.275800,55.298700,
nx1_sf_27c_vce1.0v,sf,hbt_typ,27,1,1.0,0.67,1.192320e-06,0.010350,1.71398E+09,-45.584400,51.610000,
nx1_sf_27c_vce1.0v,sf,hbt_typ,27,1,1.0,0.69,2.535070e-06,0.022006,3.60317E+09,-40.061600,46.093100,
nx1_sf_27c_vce1.0v,sf,hbt_typ,27,1,1.0,0.71,5.381890e-06,0.046718,7.54052E+09,-33.824400,39.869000,
nx1_sf_27c_vce1.0v,sf,hbt_typ,27,1,1.0,0.73,1.138880e-05,0.098861,1.56091E+10,-27.454400,33.529600,
nx1_sf_27c_vce1.0v,sf,hbt_typ,27,1,1.0,0.75,2.393600e-05,0.207778,3.15823E+10,-21.177900,27.327700,
nx1_sf_27c_vce1.0v,sf,hbt_typ,27,1,1.0,0.77,4.960830e-05,0.430628,6.13101E+10,-15.168200,21.507100,
nx1_sf_27c_vce1.0v,sf,hbt_typ,27,1,1.0,0.79,1.000880e-04,0.868819,1.10634E+11,-9.658490,16.453200,
nx1_sf_27c_vce1.0v,sf,hbt_typ,27,1,1.0,0.81,1.928140e-04,1.673733,1.78590E+11,-4.933860,12.629300,
nx1_sf_27c_vce1.0v,sf,hbt_typ,27,1,1.0,0.83,3.472310e-04,3.014158,2.52361E+11,-1.205690,10.187800,
nx1_sf_27c_vce1.0v,sf,hbt_typ,27,1,1.0,0.85,5.768290e-04,5.007196,3.15778E+11,1.528360,8.790110,
nx1_sf_27c_vce1.0v,sf,hbt_typ,27,1,1.0,0.87,8.842000e-04,7.675347,3.61574E+11,3.459870,7.984960,
nx1_sf_27c_vce1.0v,sf,hbt_typ,27,1,1.0,0.89,1.263460e-03,10.967535,3.91489E+11,4.826630,7.483020,
nx1_sf_27c_vce1.0v,sf,hbt_typ,27,1,1.0,0.91,1.705520e-03,14.804861,4.08538E+11,5.818520,7.141500,
nx1_sf_27c_vce1.0v,sf,hbt_typ,27,1,1.0,0.93,2.201430e-03,19.109635,4.15373E+11,6.562780,6.893520,
nx1_sf_27c_vce1.0v,sf,hbt_typ,27,1,1.0,0.95,2.743730e-03,23.817101,4.13774E+11,7.139650,6.706410,
nx1_sf_27c_vce1.0v,sf,hbt_typ,27,1,1.0,0.97,3.326470e-03,28.875608,4.03389E+11,7.599530,6.562980,ic_high;vbe_high
nx1_sf_27c_vce1.0v,sf,hbt_typ,27,1,1.0,0.99,3.944880e-03,34.243750,3.8147E+11,7.974640,6.453520,ic_high;vbe_high
nx1_sf_27c_vce1.0v,sf,hbt_typ,27,1,1.0,1.01,4.595240e-03,39.889236,3.52621E+11,8.285920,6.372260,ic_high;vbe_high
nx1_sf_27c_vce1.0v,sf,hbt_typ,27,1,1.0,1.03,5.274260e-03,45.783507,3.15846E+11,8.535550,6.317490,ic_high;vbe_high
nx1_sf_27c_vce1.0v,sf,hbt_typ,27,1,1.0,1.05,5.972270e-03,51.842622,2.31447E+11,8.455210,6.328230,ic_high;vbe_high
nx1_sf_27c_vce1.2v,sf,hbt_typ,27,1,1.2,0.55,1.283370e-08,0.000111,1.92212E+07,-51.570300,57.590900,vbe_low
nx1_sf_27c_vce1.2v,sf,hbt_typ,27,1,1.2,0.57,2.732140e-08,0.000237,4.06517E+07,-51.552800,57.573500,vbe_low
nx1_sf_27c_vce1.2v,sf,hbt_typ,27,1,1.2,0.59,5.816360e-08,0.000505,8.62547E+07,-51.516100,57.536900,vbe_low
nx1_sf_27c_vce1.2v,sf,hbt_typ,27,1,1.2,0.61,1.238200e-07,0.001075,1.8225E+08,-51.397200,57.418300,vbe_low
nx1_sf_27c_vce1.2v,sf,hbt_typ,27,1,1.2,0.63,2.635720e-07,0.002288,3.86378E+08,-50.940100,56.961800,vbe_low
nx1_sf_27c_vce1.2v,sf,hbt_typ,27,1,1.2,0.65,5.609860e-07,0.004870,8.15115E+08,-49.357600,55.380500,
nx1_sf_27c_vce1.2v,sf,hbt_typ,27,1,1.2,0.67,1.193650e-06,0.010362,1.72382E+09,-45.614700,51.640300,
nx1_sf_27c_vce1.2v,sf,hbt_typ,27,1,1.2,0.69,2.538230e-06,0.022033,3.62329E+09,-40.062800,46.094300,
nx1_sf_27c_vce1.2v,sf,hbt_typ,27,1,1.2,0.71,5.390040e-06,0.046789,7.58942E+09,-33.814700,39.859500,
nx1_sf_27c_vce1.2v,sf,hbt_typ,27,1,1.2,0.73,1.141230e-05,0.099065,1.57151E+10,-27.438400,33.513800,
nx1_sf_27c_vce1.2v,sf,hbt_typ,27,1,1.2,0.75,2.401110e-05,0.208430,3.18259E+10,-21.153600,27.303900,
nx1_sf_27c_vce1.2v,sf,hbt_typ,27,1,1.2,0.77,4.986230e-05,0.432832,6.19109E+10,-15.130400,21.471200,
nx1_sf_27c_vce1.2v,sf,hbt_typ,27,1,1.2,0.79,1.009390e-04,0.876207,1.11972E+11,-9.600770,16.403200,
nx1_sf_27c_vce1.2v,sf,hbt_typ,27,1,1.2,0.81,1.954280e-04,1.696424,1.81164E+11,-4.853290,12.571200,
nx1_sf_27c_vce1.2v,sf,hbt_typ,27,1,1.2,0.83,3.541440e-04,3.074167,2.56468E+11,-1.107150,10.133000,
nx1_sf_27c_vce1.2v,sf,hbt_typ,27,1,1.2,0.85,5.921470e-04,5.140165,3.21156E+11,1.634740,8.743850,
nx1_sf_27c_vce1.2v,sf,hbt_typ,27,1,1.2,0.87,9.130630e-04,7.925894,3.67421E+11,3.565770,7.946110,
nx1_sf_27c_vce1.2v,sf,hbt_typ,27,1,1.2,0.89,1.311240e-03,11.382292,3.97917E+11,4.928560,7.449030,
nx1_sf_27c_vce1.2v,sf,hbt_typ,27,1,1.2,0.91,1.777450e-03,15.429253,4.14467E+11,5.916240,7.110900,
nx1_sf_27c_vce1.2v,sf,hbt_typ,27,1,1.2,0.93,2.302400e-03,19.986111,4.20923E+11,6.657520,6.866010,
nx1_sf_27c_vce1.2v,sf,hbt_typ,27,1,1.2,0.95,2.878570e-03,24.987587,4.18657E+11,7.232830,6.682670,
nx1_sf_27c_vce1.2v,sf,hbt_typ,27,1,1.2,0.97,3.499810e-03,30.380295,4.07823E+11,7.692330,6.544420,ic_high;vbe_high
nx1_sf_27c_vce1.2v,sf,hbt_typ,27,1,1.2,0.99,4.161370e-03,36.123003,3.87059E+11,8.067890,6.442190,ic_high;vbe_high
nx1_sf_27c_vce1.2v,sf,hbt_typ,27,1,1.2,1.01,4.859380e-03,42.182118,3.56557E+11,8.380160,6.370800,ic_high;vbe_high
nx1_sf_27c_vce1.2v,sf,hbt_typ,27,1,1.2,1.03,5.590700e-03,48.530382,3.17929E+11,8.642730,6.327350,ic_high;vbe_high
nx1_sf_27c_vce1.2v,sf,hbt_typ,27,1,1.2,1.05,6.352580e-03,55.143924,2.76742E+11,8.859320,6.311130,ic_high;vbe_high
nx1_sf_27c_vce1.4v,sf,hbt_typ,27,1,1.4,0.55,1.285570e-08,0.000112,1.9317E+07,-51.675800,57.696400,vbe_low
nx1_sf_27c_vce1.4v,sf,hbt_typ,27,1,1.4,0.57,2.736590e-08,0.000238,4.08702E+07,-51.659800,57.680500,vbe_low
nx1_sf_27c_vce1.4v,sf,hbt_typ,27,1,1.4,0.59,5.825390e-08,0.000506,8.66818E+07,-51.624200,57.645000,vbe_low
nx1_sf_27c_vce1.4v,sf,hbt_typ,27,1,1.4,0.61,1.240040e-07,0.001076,1.83229E+08,-51.504200,57.525200,vbe_low
nx1_sf_27c_vce1.4v,sf,hbt_typ,27,1,1.4,0.63,2.639520e-07,0.002291,3.88302E+08,-51.037100,57.058800,vbe_low
nx1_sf_27c_vce1.4v,sf,hbt_typ,27,1,1.4,0.65,5.617780e-07,0.004877,8.19262E+08,-49.422700,55.445600,
nx1_sf_27c_vce1.4v,sf,hbt_typ,27,1,1.4,0.67,1.195360e-06,0.010376,1.73268E+09,-45.636000,51.661600,
nx1_sf_27c_vce1.4v,sf,hbt_typ,27,1,1.4,0.69,2.542090e-06,0.022067,3.64126E+09,-40.059800,46.091300,
nx1_sf_27c_vce1.4v,sf,hbt_typ,27,1,1.4,0.71,5.399560e-06,0.046871,7.63282E+09,-33.802700,39.847500,
nx1_sf_27c_vce1.4v,sf,hbt_typ,27,1,1.4,0.73,1.143840e-05,0.099292,1.58093E+10,-27.420600,33.496100,
nx1_sf_27c_vce1.4v,sf,hbt_typ,27,1,1.4,0.75,2.409160e-05,0.209128,3.20438E+10,-21.127600,27.278400,
nx1_sf_27c_vce1.4v,sf,hbt_typ,27,1,1.4,0.77,5.012910e-05,0.435148,6.24535E+10,-15.090700,21.433500,
nx1_sf_27c_vce1.4v,sf,hbt_typ,27,1,1.4,0.79,1.018280e-04,0.883924,1.13192E+11,-9.540780,16.351200,
nx1_sf_27c_vce1.4v,sf,hbt_typ,27,1,1.4,0.81,1.981720e-04,1.720243,1.83517E+11,-4.769860,12.511100,
nx1_sf_27c_vce1.4v,sf,hbt_typ,27,1,1.4,0.83,3.614760e-04,3.137813,2.60186E+11,-1.005290,10.076600,
nx1_sf_27c_vce1.4v,sf,hbt_typ,27,1,1.4,0.85,6.085900e-04,5.282899,3.25922E+11,1.744050,8.696570,
nx1_sf_27c_vce1.4v,sf,hbt_typ,27,1,1.4,0.87,9.443350e-04,8.197352,3.72429E+11,3.674260,7.906460,
nx1_sf_27c_vce1.4v,sf,hbt_typ,27,1,1.4,0.89,1.363510e-03,11.836024,4.03153E+11,5.033230,7.414300,
nx1_sf_27c_vce1.4v,sf,hbt_typ,27,1,1.4,0.91,1.856810e-03,16.118142,4.18946E+11,6.017430,7.079640,
nx1_sf_27c_vce1.4v,sf,hbt_typ,27,1,1.4,0.93,2.414740e-03,20.961285,4.25146E+11,6.756680,6.838230,
nx1_sf_27c_vce1.4v,sf,hbt_typ,27,1,1.4,0.95,3.029860e-03,26.300868,4.20881E+11,7.331010,6.659610,ic_high
nx1_sf_27c_vce1.4v,sf,hbt_typ,27,1,1.4,0.97,3.695820e-03,32.081771,4.07818E+11,7.790190,6.528250,ic_high;vbe_high
nx1_sf_27c_vce1.4v,sf,hbt_typ,27,1,1.4,0.99,4.407780e-03,38.261979,3.84179E+11,8.165650,6.435870,ic_high;vbe_high
nx1_sf_27c_vce1.4v,sf,hbt_typ,27,1,1.4,1.01,5.161820e-03,44.807465,3.52227E+11,8.477570,6.378110,ic_high;vbe_high
nx1_sf_27c_vce1.4v,sf,hbt_typ,27,1,1.4,1.03,5.954660e-03,51.689757,3.12483E+11,8.739060,6.352920,ic_high;vbe_high
nx1_sf_27c_vce1.4v,sf,hbt_typ,27,1,1.4,1.05,6.783410e-03,58.883767,2.67286E+11,8.958380,6.359720,ic_high;vbe_high
nx1_sf_125c_vce0.6v,sf,hbt_typ,125,1,0.6,0.55,2.179640e-06,0.018920,2.30199E+09,-43.408500,50.663100,vbe_low
nx1_sf_125c_vce0.6v,sf,hbt_typ,125,1,0.6,0.57,3.811780e-06,0.033088,3.98994E+09,-39.144600,46.404700,vbe_low
nx1_sf_125c_vce0.6v,sf,hbt_typ,125,1,0.6,0.59,6.658740e-06,0.057802,6.87838E+09,-34.537100,41.807000,vbe_low
nx1_sf_125c_vce0.6v,sf,hbt_typ,125,1,0.6,0.61,1.160980e-05,0.100780,1.17503E+10,-29.829700,37.117700,vbe_low
nx1_sf_125c_vce0.6v,sf,hbt_typ,125,1,0.6,0.63,2.017570e-05,0.175136,1.99099E+10,-25.137400,32.459700,vbe_low
nx1_sf_125c_vce0.6v,sf,hbt_typ,125,1,0.6,0.65,3.486560e-05,0.302653,3.2991E+10,-20.533900,27.922700,
nx1_sf_125c_vce0.6v,sf,hbt_typ,125,1,0.6,0.67,5.969290e-05,0.518168,5.32616E+10,-16.094800,23.614200,
nx1_sf_125c_vce0.6v,sf,hbt_typ,125,1,0.6,0.69,1.006930e-04,0.874071,8.22774E+10,-11.915100,19.685600,
nx1_sf_125c_vce0.6v,sf,hbt_typ,125,1,0.6,0.71,1.661080e-04,1.441910,1.20028E+11,-8.106310,16.322800,
nx1_sf_125c_vce0.6v,sf,hbt_typ,125,1,0.6,0.73,2.656930e-04,2.306363,1.63218E+11,-4.773250,13.676600,
nx1_sf_125c_vce0.6v,sf,hbt_typ,125,1,0.6,0.75,4.088970e-04,3.549453,2.06063E+11,-1.977770,11.765700,
nx1_sf_125c_vce0.6v,sf,hbt_typ,125,1,0.6,0.77,6.026320e-04,5.231181,2.43122E+11,0.284577,10.462500,
nx1_sf_125c_vce0.6v,sf,hbt_typ,125,1,0.6,0.79,8.499670e-04,7.378186,2.7007E+11,2.075260,9.584830,
nx1_sf_125c_vce0.6v,sf,hbt_typ,125,1,0.6,0.81,1.150380e-03,9.985938,2.86535E+11,3.482050,8.979770,
nx1_sf_125c_vce0.6v,sf,hbt_typ,125,1,0.6,0.83,1.500910e-03,13.028733,2.93543E+11,4.590930,8.546160,
nx1_sf_125c_vce0.6v,sf,hbt_typ,125,1,0.6,0.85,1.897400e-03,16.470486,2.93828E+11,5.470690,8.224140,
nx1_sf_125c_vce0.6v,sf,hbt_typ,125,1,0.6,0.87,2.334970e-03,20.268837,2.87295E+11,6.158150,7.981990,
nx1_sf_125c_vce0.6v,sf,hbt_typ,125,1,0.6,0.89,2.806350e-03,24.360677,2.64792E+11,6.577890,7.820810,
nx1_sf_125c_vce0.6v,sf,hbt_typ,125,1,0.6,0.91,3.290430e-03,28.562760,1.9916E+11,6.238650,7.830180,ic_high
nx1_sf_125c_vce0.6v,sf,hbt_typ,125,1,0.6,0.93,3.740940e-03,32.473437,1.13722E+11,4.911810,8.087140,ic_high
nx1_sf_125c_vce0.6v,sf,hbt_typ,125,1,0.6,0.95,4.144810e-03,35.979253,6.7877E+10,3.863680,8.323870,ic_high
nx1_sf_125c_vce0.6v,sf,hbt_typ,125,1,0.6,0.97,4.528250e-03,39.307726,4.53256E+10,3.380700,8.430120,ic_high;vbe_high
nx1_sf_125c_vce0.6v,sf,hbt_typ,125,1,0.6,0.99,4.907160e-03,42.596875,3.12812E+10,2.974930,8.546710,ic_high;vbe_high
nx1_sf_125c_vce0.6v,sf,hbt_typ,125,1,0.6,1.01,5.277780e-03,45.814062,2.05227E+10,2.088730,8.880240,ic_high;vbe_high
nx1_sf_125c_vce0.6v,sf,hbt_typ,125,1,0.6,1.03,5.621830e-03,48.800608,1.22589E+10,0.282986,9.676740,ic_high;vbe_high
nx1_sf_125c_vce0.6v,sf,hbt_typ,125,1,0.6,1.05,5.918360e-03,51.374653,6.63108E+09,-2.620200,11.239300,ic_high;vbe_high
nx1_sf_125c_vce0.8v,sf,hbt_typ,125,1,0.8,0.55,2.182060e-06,0.018941,2.32758E+09,-43.453300,50.708000,vbe_low
nx1_sf_125c_vce0.8v,sf,hbt_typ,125,1,0.8,0.57,3.816500e-06,0.033129,4.03417E+09,-39.155600,46.415700,vbe_low
nx1_sf_125c_vce0.8v,sf,hbt_typ,125,1,0.8,0.59,6.668430e-06,0.057886,6.96284E+09,-34.532900,41.802800,vbe_low
nx1_sf_125c_vce0.8v,sf,hbt_typ,125,1,0.8,0.61,1.163090e-05,0.100963,1.19146E+10,-29.817700,37.105800,vbe_low
nx1_sf_125c_vce0.8v,sf,hbt_typ,125,1,0.8,0.63,2.022400e-05,0.175556,2.01872E+10,-25.119300,32.441800,vbe_low
nx1_sf_125c_vce0.8v,sf,hbt_typ,125,1,0.8,0.65,3.498160e-05,0.303660,3.35499E+10,-20.508400,27.897700,
nx1_sf_125c_vce0.8v,sf,hbt_typ,125,1,0.8,0.67,5.997790e-05,0.520641,5.42747E+10,-16.059300,23.580300,
nx1_sf_125c_vce0.8v,sf,hbt_typ,125,1,0.8,0.69,1.013900e-04,0.880122,8.39811E+10,-11.866300,19.641200,
nx1_sf_125c_vce0.8v,sf,hbt_typ,125,1,0.8,0.71,1.677500e-04,1.456163,1.23117E+11,-8.041760,16.269000,
nx1_sf_125c_vce0.8v,sf,hbt_typ,125,1,0.8,0.73,2.693220e-04,2.337865,1.678E+11,-4.692800,13.618400,
nx1_sf_125c_vce0.8v,sf,hbt_typ,125,1,0.8,0.75,4.162590e-04,3.613359,2.13082E+11,-1.884390,11.709200,
nx1_sf_125c_vce0.8v,sf,hbt_typ,125,1,0.8,0.77,6.162120e-04,5.349062,2.53365E+11,0.385886,10.411700,
nx1_sf_125c_vce0.8v,sf,hbt_typ,125,1,0.8,0.79,8.728290e-04,7.576641,2.85076E+11,2.179550,9.540710,
nx1_sf_125c_vce0.8v,sf,hbt_typ,125,1,0.8,0.81,1.185890e-03,10.294184,3.07852E+11,3.585750,8.941600,
nx1_sf_125c_vce0.8v,sf,hbt_typ,125,1,0.8,0.83,1.552530e-03,13.476823,3.22055E+11,4.692350,8.513030,
nx1_sf_125c_vce0.8v,sf,hbt_typ,125,1,0.8,0.85,1.968530e-03,17.087934,3.26277E+11,5.571890,8.194990,
nx1_sf_125c_vce0.8v,sf,hbt_typ,125,1,0.8,0.87,2.429260e-03,21.087326,3.21735E+11,6.279530,7.952750,
nx1_sf_125c_vce0.8v,sf,hbt_typ,125,1,0.8,0.89,2.930180e-03,25.435590,3.0835E+11,6.854730,7.766030,
nx1_sf_125c_vce0.8v,sf,hbt_typ,125,1,0.8,0.91,3.466880e-03,30.094444,2.88264E+11,7.316870,7.624120,ic_high
nx1_sf_125c_vce0.8v,sf,hbt_typ,125,1,0.8,0.93,4.033180e-03,35.010243,2.56067E+11,7.600910,7.533660,ic_high
nx1_sf_125c_vce0.8v,sf,hbt_typ,125,1,0.8,0.95,4.608180e-03,40.001562,1.8401E+11,7.232520,7.574220,ic_high
nx1_sf_125c_vce0.8v,sf,hbt_typ,125,1,0.8,0.97,5.141160e-03,44.628125,1.02434E+11,5.972840,7.810030,ic_high;vbe_high
nx1_sf_125c_vce0.8v,sf,hbt_typ,125,1,0.8,0.99,5.621370e-03,48.796615,6.20068E+10,5.008600,8.021270,ic_high;vbe_high
nx1_sf_125c_vce0.8v,sf,hbt_typ,125,1,0.8,1.01,6.079400e-03,52.772569,4.258E+10,4.556360,8.136930,ic_high;vbe_high
nx1_sf_125c_vce0.8v,sf,hbt_typ,125,1,0.8,1.03,6.534350e-03,56.721788,3.10883E+10,4.252560,8.244940,ic_high;vbe_high
nx1_sf_125c_vce0.8v,sf,hbt_typ,125,1,0.8,1.05,6.986560e-03,60.647222,2.24039E+10,3.653690,8.476930,ic_high;vbe_high
nx1_sf_125c_vce1.0v,sf,hbt_typ,125,1,1.0,0.55,2.184480e-06,0.018963,2.34716E+09,-43.480600,50.735200,vbe_low
nx1_sf_125c_vce1.0v,sf,hbt_typ,125,1,1.0,0.57,3.821200e-06,0.033170,4.06558E+09,-39.159500,46.419600,vbe_low
nx1_sf_125c_vce1.0v,sf,hbt_typ,125,1,1.0,0.59,6.678030e-06,0.057969,7.02224E+09,-34.526100,41.796100,vbe_low
nx1_sf_125c_vce1.0v,sf,hbt_typ,125,1,1.0,0.61,1.165170e-05,0.101143,1.2029E+10,-29.804900,37.093100,vbe_low
nx1_sf_125c_vce1.0v,sf,hbt_typ,125,1,1.0,0.63,2.027200e-05,0.175972,2.03802E+10,-25.101000,32.423700,vbe_low
nx1_sf_125c_vce1.0v,sf,hbt_typ,125,1,1.0,0.65,3.509730e-05,0.304664,3.39419E+10,-20.483000,27.872900,
nx1_sf_125c_vce1.0v,sf,hbt_typ,125,1,1.0,0.67,6.026390e-05,0.523124,5.49774E+10,-16.023800,23.546400,
nx1_sf_125c_vce1.0v,sf,hbt_typ,125,1,1.0,0.69,1.020940e-04,0.886233,8.52894E+10,-11.817400,19.596700,
nx1_sf_125c_vce1.0v,sf,hbt_typ,125,1,1.0,0.71,1.694280e-04,1.470729,1.2523E+11,-7.976690,16.214900,
nx1_sf_125c_vce1.0v,sf,hbt_typ,125,1,1.0,0.73,2.730700e-04,2.370399,1.71294E+11,-4.611280,13.559700,
nx1_sf_125c_vce1.0v,sf,hbt_typ,125,1,1.0,0.75,4.239450e-04,3.680078,2.17975E+11,-1.789340,11.652100,
nx1_sf_125c_vce1.0v,sf,hbt_typ,125,1,1.0,0.77,6.305430e-04,5.473464,2.59159E+11,0.489308,10.360300,
nx1_sf_125c_vce1.0v,sf,hbt_typ,125,1,1.0,0.79,8.971890e-04,7.788099,2.92118E+11,2.286060,9.495990,
nx1_sf_125c_vce1.0v,sf,hbt_typ,125,1,1.0,0.81,1.224050e-03,10.625434,3.16781E+11,3.691410,8.902970,
nx1_sf_125c_vce1.0v,sf,hbt_typ,125,1,1.0,0.83,1.608360e-03,13.961458,3.32279E+11,4.794870,8.479760,
nx1_sf_125c_vce1.0v,sf,hbt_typ,125,1,1.0,0.85,2.045840e-03,17.759028,3.41583E+11,5.670350,8.166810,
nx1_sf_125c_vce1.0v,sf,hbt_typ,125,1,1.0,0.87,2.531720e-03,21.976736,3.43086E+11,6.373770,7.930020,
nx1_sf_125c_vce1.0v,sf,hbt_typ,125,1,1.0,0.89,3.061280e-03,26.573611,3.34094E+11,6.945670,7.749530,ic_high
nx1_sf_125c_vce1.0v,sf,hbt_typ,125,1,1.0,0.91,3.630140e-03,31.511632,3.15705E+11,7.415250,7.613340,ic_high
nx1_sf_125c_vce1.0v,sf,hbt_typ,125,1,1.0,0.93,4.234260e-03,36.755729,2.89284E+11,7.802610,7.514140,ic_high
nx1_sf_125c_vce1.0v,sf,hbt_typ,125,1,1.0,0.95,4.869580e-03,42.270660,2.54404E+11,8.106050,7.449810,ic_high
nx1_sf_125c_vce1.0v,sf,hbt_typ,125,1,1.0,0.97,5.527430e-03,47.981163,2.04906E+11,8.169240,7.443110,ic_high;vbe_high
nx1_sf_125c_vce1.0v,sf,hbt_typ,125,1,1.0,0.99,6.171100e-03,53.568576,1.26824E+11,7.384960,7.593070,ic_high;vbe_high
nx1_sf_125c_vce1.0v,sf,hbt_typ,125,1,1.0,1.01,6.753440e-03,58.623611,7.2955E+10,6.228970,7.839200,ic_high;vbe_high
nx1_sf_125c_vce1.0v,sf,hbt_typ,125,1,1.0,1.03,7.291630e-03,63.295399,4.8317E+10,5.526330,8.027250,ic_high;vbe_high
nx1_sf_125c_vce1.0v,sf,hbt_typ,125,1,1.0,1.05,7.815240e-03,67.840625,3.54414E+10,5.152390,8.173400,ic_high;vbe_high
nx1_sf_125c_vce1.2v,sf,hbt_typ,125,1,1.2,0.55,2.187440e-06,0.018988,2.36305E+09,-43.497400,50.752100,vbe_low
nx1_sf_125c_vce1.2v,sf,hbt_typ,125,1,1.2,0.57,3.826690e-06,0.033218,4.09088E+09,-39.158600,46.418700,vbe_low
nx1_sf_125c_vce1.2v,sf,hbt_typ,125,1,1.2,0.59,6.688810e-06,0.058063,7.06969E+09,-34.517000,41.787000,vbe_low
nx1_sf_125c_vce1.2v,sf,hbt_typ,125,1,1.2,0.61,1.167430e-05,0.101339,1.21201E+10,-29.790800,37.079100,vbe_low
nx1_sf_125c_vce1.2v,sf,hbt_typ,125,1,1.2,0.63,2.032260e-05,0.176411,2.05341E+10,-25.081800,32.404700,vbe_low
nx1_sf_125c_vce1.2v,sf,hbt_typ,125,1,1.2,0.65,3.521730e-05,0.305706,3.42553E+10,-20.456900,27.847300,
nx1_sf_125c_vce1.2v,sf,hbt_typ,125,1,1.2,0.67,6.055800e-05,0.525677,5.55435E+10,-15.987800,23.511900,
nx1_sf_125c_vce1.2v,sf,hbt_typ,125,1,1.2,0.69,1.028180e-04,0.892517,8.63499E+10,-11.767800,19.551500,
nx1_sf_125c_vce1.2v,sf,hbt_typ,125,1,1.2,0.71,1.711570e-04,1.485738,1.26948E+11,-7.910650,16.160100,
nx1_sf_125c_vce1.2v,sf,hbt_typ,125,1,1.2,0.73,2.769620e-04,2.404184,1.74112E+11,-4.528380,13.500100,
nx1_sf_125c_vce1.2v,sf,hbt_typ,125,1,1.2,0.75,4.320040e-04,3.750035,2.21843E+11,-1.692440,11.594200,
nx1_sf_125c_vce1.2v,sf,hbt_typ,125,1,1.2,0.77,6.457270e-04,5.605269,2.63587E+11,0.595046,10.308200,
nx1_sf_125c_vce1.2v,sf,hbt_typ,125,1,1.2,0.79,9.232530e-04,8.014349,2.97237E+11,2.395340,9.450540,
nx1_sf_125c_vce1.2v,sf,hbt_typ,125,1,1.2,0.81,1.265240e-03,10.982986,3.2272E+11,3.800220,8.863610,
nx1_sf_125c_vce1.2v,sf,hbt_typ,125,1,1.2,0.83,1.669100e-03,14.488715,3.39101E+11,4.900710,8.445920,
nx1_sf_125c_vce1.2v,sf,hbt_typ,125,1,1.2,0.85,2.130530e-03,18.494184,3.48807E+11,5.771870,8.138520,
nx1_sf_125c_vce1.2v,sf,hbt_typ,125,1,1.2,0.87,2.644620e-03,22.956771,3.51010E+11,6.470330,7.907990,
nx1_sf_125c_vce1.2v,sf,hbt_typ,125,1,1.2,0.89,3.206460e-03,27.833854,3.4558E+11,7.037160,7.735100,ic_high
nx1_sf_125c_vce1.2v,sf,hbt_typ,125,1,1.2,0.91,3.811450e-03,33.085503,3.31241E+11,7.501740,7.608430,ic_high
nx1_sf_125c_vce1.2v,sf,hbt_typ,125,1,1.2,0.93,4.455330e-03,38.674740,3.04279E+11,7.884550,7.521150,ic_high
nx1_sf_125c_vce1.2v,sf,hbt_typ,125,1,1.2,0.95,5.134210e-03,44.567795,2.69022E+11,8.200590,7.468970,ic_high
nx1_sf_125c_vce1.2v,sf,hbt_typ,125,1,1.2,0.97,5.844280e-03,50.731597,2.30318E+11,8.454300,7.450260,ic_high;vbe_high
nx1_sf_125c_vce1.2v,sf,hbt_typ,125,1,1.2,0.99,6.579260e-03,57.111632,1.82777E+11,8.568450,7.475670,ic_high;vbe_high
nx1_sf_125c_vce1.2v,sf,hbt_typ,125,1,1.2,1.01,7.310620e-03,63.460243,1.20335E+11,8.044770,7.617760,ic_high;vbe_high
nx1_sf_125c_vce1.2v,sf,hbt_typ,125,1,1.2,1.03,7.981600e-03,69.284722,7.13707E+10,6.943240,7.877420,ic_high;vbe_high
nx1_sf_125c_vce1.2v,sf,hbt_typ,125,1,1.2,1.05,8.596440e-03,74.621875,4.75187E+10,6.147670,8.116070,ic_high;vbe_high
nx1_sf_125c_vce1.4v,sf,hbt_typ,125,1,1.4,0.55,2.192330e-06,0.019031,2.37819E+09,-43.503300,50.757900,vbe_low
nx1_sf_125c_vce1.4v,sf,hbt_typ,125,1,1.4,0.57,3.835260e-06,0.033292,4.11462E+09,-39.150000,46.410100,vbe_low
nx1_sf_125c_vce1.4v,sf,hbt_typ,125,1,1.4,0.59,6.704470e-06,0.058199,7.11352E+09,-34.501900,41.772000,vbe_low
nx1_sf_125c_vce1.4v,sf,hbt_typ,125,1,1.4,0.61,1.170470e-05,0.101603,1.22031E+10,-29.771700,37.060000,vbe_low
nx1_sf_125c_vce1.4v,sf,hbt_typ,125,1,1.4,0.63,2.038570e-05,0.176959,2.06733E+10,-25.058200,32.381300,vbe_low
nx1_sf_125c_vce1.4v,sf,hbt_typ,125,1,1.4,0.65,3.535750e-05,0.306923,3.45371E+10,-20.426600,27.817500,
nx1_sf_125c_vce1.4v,sf,hbt_typ,125,1,1.4,0.67,6.088640e-05,0.528528,5.6052E+10,-15.947600,23.473400,
nx1_sf_125c_vce1.4v,sf,hbt_typ,125,1,1.4,0.69,1.036030e-04,0.899332,8.73014E+10,-11.714100,19.502500,
nx1_sf_125c_vce1.4v,sf,hbt_typ,125,1,1.4,0.71,1.730080e-04,1.501806,1.28487E+11,-7.840620,16.101700,
nx1_sf_125c_vce1.4v,sf,hbt_typ,125,1,1.4,0.73,2.811110e-04,2.440200,1.76611E+11,-4.441800,13.437600,
nx1_sf_125c_vce1.4v,sf,hbt_typ,125,1,1.4,0.75,4.406120e-04,3.824757,2.2522E+11,-1.592620,11.534500,
nx1_sf_125c_vce1.4v,sf,hbt_typ,125,1,1.4,0.77,6.620180e-04,5.746684,2.67906E+11,0.702716,10.255100,
nx1_sf_125c_vce1.4v,sf,hbt_typ,125,1,1.4,0.79,9.513860e-04,8.258559,3.02279E+11,2.505900,9.404650,
nx1_sf_125c_vce1.4v,sf,hbt_typ,125,1,1.4,0.81,1.310000e-03,11.371528,3.27389E+11,3.910500,8.823950,
nx1_sf_125c_vce1.4v,sf,hbt_typ,125,1,1.4,0.83,1.735580e-03,15.065799,3.44269E+11,5.008950,8.411810,
nx1_sf_125c_vce1.4v,sf,hbt_typ,125,1,1.4,0.85,2.223890e-03,19.304601,3.53477E+11,5.876760,8.110250,
nx1_sf_125c_vce1.4v,sf,hbt_typ,125,1,1.4,0.87,2.769910e-03,24.044358,3.55007E+11,6.570560,7.886820,
nx1_sf_125c_vce1.4v,sf,hbt_typ,125,1,1.4,0.89,3.368530e-03,29.240712,3.48693E+11,7.131660,7.723050,ic_high
nx1_sf_125c_vce1.4v,sf,hbt_typ,125,1,1.4,0.91,4.014870e-03,34.851302,3.33478E+11,7.589690,7.608220,ic_high
nx1_sf_125c_vce1.4v,sf,hbt_typ,125,1,1.4,0.93,4.704420e-03,40.836979,3.11455E+11,7.965610,7.536100,ic_high
nx1_sf_125c_vce1.4v,sf,hbt_typ,125,1,1.4,0.95,5.432900e-03,47.160590,2.7619E+11,8.273510,7.503240,ic_high
nx1_sf_125c_vce1.4v,sf,hbt_typ,125,1,1.4,0.97,6.196190e-03,53.786372,2.30588E+11,8.522760,7.507810,ic_high;vbe_high
nx1_sf_125c_vce1.4v,sf,hbt_typ,125,1,1.4,0.99,6.990050e-03,60.677517,1.85644E+11,8.715050,7.549640,ic_high;vbe_high
nx1_sf_125c_vce1.4v,sf,hbt_typ,125,1,1.4,1.01,7.807150e-03,67.770399,1.3987E+11,8.768800,7.639770,ic_high;vbe_high
nx1_sf_125c_vce1.4v,sf,hbt_typ,125,1,1.4,1.03,8.613940e-03,74.773785,9.01414E+10,8.196790,7.843320,ic_high;vbe_high
nx1_sf_125c_vce1.4v,sf,hbt_typ,125,1,1.4,1.05,9.352150e-03,81.181858,5.68289E+10,7.156610,8.142690,ic_high;vbe_high
nx1_fs_-40c_vce0.6v,fs,hbt_typ,-40,1,0.6,0.55,3.802450e-11,0.000000,,-51.238800,56.162300,vbe_low
nx1_fs_-40c_vce0.6v,fs,hbt_typ,-40,1,0.6,0.57,1.016080e-10,0.000001,,-51.219800,56.143200,vbe_low
nx1_fs_-40c_vce0.6v,fs,hbt_typ,-40,1,0.6,0.59,2.717190e-10,0.000002,,-51.200100,56.123600,vbe_low
nx1_fs_-40c_vce0.6v,fs,hbt_typ,-40,1,0.6,0.61,7.267730e-10,0.000006,,-51.179900,56.103400,vbe_low
nx1_fs_-40c_vce0.6v,fs,hbt_typ,-40,1,0.6,0.63,1.943990e-09,0.000017,3.71047E+06,-51.158900,56.082400,vbe_low
nx1_fs_-40c_vce0.6v,fs,hbt_typ,-40,1,0.6,0.65,5.199770e-09,0.000045,9.86427E+06,-51.136900,56.060400,
nx1_fs_-40c_vce0.6v,fs,hbt_typ,-40,1,0.6,0.67,1.390800e-08,0.000121,2.62346E+07,-51.111800,56.035400,
nx1_fs_-40c_vce0.6v,fs,hbt_typ,-40,1,0.6,0.69,3.719880e-08,0.000323,6.97318E+07,-51.071300,55.994900,
nx1_fs_-40c_vce0.6v,fs,hbt_typ,-40,1,0.6,0.71,9.948540e-08,0.000864,1.85084E+08,-50.931000,55.855100,
nx1_fs_-40c_vce0.6v,fs,hbt_typ,-40,1,0.6,0.73,2.660190e-07,0.002309,4.91568E+08,-50.174100,55.099100,
nx1_fs_-40c_vce0.6v,fs,hbt_typ,-40,1,0.6,0.75,7.110070e-07,0.006172,1.2994E+09,-46.947400,51.874800,
nx1_fs_-40c_vce0.6v,fs,hbt_typ,-40,1,0.6,0.77,1.898130e-06,0.016477,3.43554E+09,-40.236200,45.170300,
nx1_fs_-40c_vce0.6v,fs,hbt_typ,-40,1,0.6,0.79,5.051520e-06,0.043850,8.98311E+09,-32.120000,37.073400,
nx1_fs_-40c_vce0.6v,fs,hbt_typ,-40,1,0.6,0.81,1.333370e-05,0.115744,2.29945E+10,-23.880400,28.893200,
nx1_fs_-40c_vce0.6v,fs,hbt_typ,-40,1,0.6,0.83,3.446830e-05,0.299204,5.60204E+10,-15.984300,21.195800,
nx1_fs_-40c_vce0.6v,fs,hbt_typ,-40,1,0.6,0.85,8.491760e-05,0.737132,1.21825E+11,-8.921660,14.758700,
nx1_fs_-40c_vce0.6v,fs,hbt_typ,-40,1,0.6,0.87,1.908980e-04,1.657101,2.19148E+11,-3.290870,10.497700,
nx1_fs_-40c_vce0.6v,fs,hbt_typ,-40,1,0.6,0.89,3.765890e-04,3.269002,3.1659E+11,0.625167,8.321560,
nx1_fs_-40c_vce0.6v,fs,hbt_typ,-40,1,0.6,0.91,6.478110e-04,5.623359,3.86867E+11,3.118170,7.289010,
nx1_fs_-40c_vce0.6v,fs,hbt_typ,-40,1,0.6,0.93,9.938110e-04,8.626832,4.28956E+11,4.693690,6.739590,
nx1_fs_-40c_vce0.6v,fs,hbt_typ,-40,1,0.6,0.95,1.399500e-03,12.148438,4.51494E+11,5.734170,6.398400,
nx1_fs_-40c_vce0.6v,fs,hbt_typ,-40,1,0.6,0.97,1.852150e-03,16.077691,4.5861E+11,6.462280,6.160230,vbe_high
nx1_fs_-40c_vce0.6v,fs,hbt_typ,-40,1,0.6,0.99,2.342500e-03,20.334201,4.55331E+11,6.999730,5.981250,vbe_high
nx1_fs_-40c_vce0.6v,fs,hbt_typ,-40,1,0.6,1.01,2.863770e-03,24.859115,4.42065E+11,7.409820,5.841500,vbe_high
nx1_fs_-40c_vce0.6v,fs,hbt_typ,-40,1,0.6,1.03,3.408820e-03,29.590451,3.71305E+11,7.555510,5.759400,ic_high;vbe_high
nx1_fs_-40c_vce0.6v,fs,hbt_typ,-40,1,0.6,1.05,3.916920e-03,34.001042,8.93576E+10,5.008440,6.236880,ic_high;vbe_high
nx1_fs_-40c_vce0.8v,fs,hbt_typ,-40,1,0.8,0.55,3.826030e-11,0.000000,,-51.404800,56.328200,vbe_low
nx1_fs_-40c_vce0.8v,fs,hbt_typ,-40,1,0.8,0.57,1.019030e-10,0.000001,,-51.389900,56.313400,vbe_low
nx1_fs_-40c_vce0.8v,fs,hbt_typ,-40,1,0.8,0.59,2.721740e-10,0.000002,,-51.374700,56.298100,vbe_low
nx1_fs_-40c_vce0.8v,fs,hbt_typ,-40,1,0.8,0.61,7.276520e-10,0.000006,,-51.359100,56.282600,vbe_low
nx1_fs_-40c_vce0.8v,fs,hbt_typ,-40,1,0.8,0.63,1.946000e-09,0.000017,3.73717E+06,-51.343000,56.266500,vbe_low
nx1_fs_-40c_vce0.8v,fs,hbt_typ,-40,1,0.8,0.65,5.204820e-09,0.000045,9.93206E+06,-51.326100,56.249600,
nx1_fs_-40c_vce0.8v,fs,hbt_typ,-40,1,0.8,0.67,1.392120e-08,0.000121,2.64348E+07,-51.306400,56.230000,
nx1_fs_-40c_vce0.8v,fs,hbt_typ,-40,1,0.8,0.69,3.723380e-08,0.000323,7.02402E+07,-51.270800,56.194500,
nx1_fs_-40c_vce0.8v,fs,hbt_typ,-40,1,0.8,0.71,9.957980e-08,0.000864,1.86592E+08,-51.131000,56.055000,
nx1_fs_-40c_vce0.8v,fs,hbt_typ,-40,1,0.8,0.73,2.662780e-07,0.002311,4.95412E+08,-50.346600,55.271600,
nx1_fs_-40c_vce0.8v,fs,hbt_typ,-40,1,0.8,0.75,7.117450e-07,0.006178,1.31092E+09,-47.027200,51.954600,
nx1_fs_-40c_vce0.8v,fs,hbt_typ,-40,1,0.8,0.77,1.900410e-06,0.016497,3.46541E+09,-40.245700,45.179800,
nx1_fs_-40c_vce0.8v,fs,hbt_typ,-40,1,0.8,0.79,5.059640e-06,0.043920,9.06312E+09,-32.109900,37.063300,
nx1_fs_-40c_vce0.8v,fs,hbt_typ,-40,1,0.8,0.81,1.336800e-05,0.116042,2.32214E+10,-23.860400,28.873500,
nx1_fs_-40c_vce0.8v,fs,hbt_typ,-40,1,0.8,0.83,3.463150e-05,0.300621,5.67251E+10,-15.948900,21.162100,
nx1_fs_-40c_vce0.8v,fs,hbt_typ,-40,1,0.8,0.85,8.568160e-05,0.743764,1.23914E+11,-8.861440,14.708100,
nx1_fs_-40c_vce0.8v,fs,hbt_typ,-40,1,0.8,0.87,1.938800e-04,1.682986,2.23844E+11,-3.204450,10.442800,
nx1_fs_-40c_vce0.8v,fs,hbt_typ,-40,1,0.8,0.89,3.853270e-04,3.344852,3.24065E+11,0.724375,8.276580,
nx1_fs_-40c_vce0.8v,fs,hbt_typ,-40,1,0.8,0.91,6.671700e-04,5.791406,3.97039E+11,3.215860,7.253430,
nx1_fs_-40c_vce0.8v,fs,hbt_typ,-40,1,0.8,0.93,1.028690e-03,8.929601,4.41028E+11,4.785240,6.708510,
nx1_fs_-40c_vce0.8v,fs,hbt_typ,-40,1,0.8,0.95,1.454350e-03,12.624566,4.64257E+11,5.821400,6.368490,
nx1_fs_-40c_vce0.8v,fs,hbt_typ,-40,1,0.8,0.97,1.930950e-03,16.761719,4.73843E+11,6.548590,6.129960,vbe_high
nx1_fs_-40c_vce0.8v,fs,hbt_typ,-40,1,0.8,0.99,2.449010e-03,21.258767,4.73063E+11,7.088520,5.950130,vbe_high
nx1_fs_-40c_vce0.8v,fs,hbt_typ,-40,1,0.8,1.01,3.001790e-03,26.057205,4.62575E+11,7.508540,5.808890,ic_high;vbe_high
nx1_fs_-40c_vce0.8v,fs,hbt_typ,-40,1,0.8,1.03,3.584590e-03,31.116233,4.42621E+11,7.847570,5.695580,ic_high;vbe_high
nx1_fs_-40c_vce0.8v,fs,hbt_typ,-40,1,0.8,1.05,4.193950e-03,36.405816,4.12581E+11,8.123560,5.604910,ic_high;vbe_high
nx1_fs_-40c_vce1.0v,fs,hbt_typ,-40,1,1.0,0.55,3.849690e-11,0.000000,,-51.537700,56.461200,vbe_low
nx1_fs_-40c_vce1.0v,fs,hbt_typ,-40,1,1.0,0.57,1.022000e-10,0.000001,,-51.525500,56.449000,vbe_low
nx1_fs_-40c_vce1.0v,fs,hbt_typ,-40,1,1.0,0.59,2.726310e-10,0.000002,,-51.513100,56.436600,vbe_low
nx1_fs_-40c_vce1.0v,fs,hbt_typ,-40,1,1.0,0.61,7.285340e-10,0.000006,,-51.500400,56.423900,vbe_low
nx1_fs_-40c_vce1.0v,fs,hbt_typ,-40,1,1.0,0.63,1.948010e-09,0.000017,3.75869E+06,-51.487400,56.410900,vbe_low
nx1_fs_-40c_vce1.0v,fs,hbt_typ,-40,1,1.0,0.65,5.209840e-09,0.000045,9.98631E+06,-51.473700,56.397300,
nx1_fs_-40c_vce1.0v,fs,hbt_typ,-40,1,1.0,0.67,1.393420e-08,0.000121,2.65938E+07,-51.457300,56.380800,
nx1_fs_-40c_vce1.0v,fs,hbt_typ,-40,1,1.0,0.69,3.726840e-08,0.000324,7.06416E+07,-51.424500,56.348200,
nx1_fs_-40c_vce1.0v,fs,hbt_typ,-40,1,1.0,0.71,9.967250e-08,0.000865,1.87772E+08,-51.283700,56.207700,
nx1_fs_-40c_vce1.0v,fs,hbt_typ,-40,1,1.0,0.73,2.665320e-07,0.002314,4.98403E+08,-50.476100,55.401100,
nx1_fs_-40c_vce1.0v,fs,hbt_typ,-40,1,1.0,0.75,7.124690e-07,0.006185,1.31982E+09,-47.084300,52.011700,
nx1_fs_-40c_vce1.0v,fs,hbt_typ,-40,1,1.0,0.77,1.902650e-06,0.016516,3.48843E+09,-40.250000,45.184200,
nx1_fs_-40c_vce1.0v,fs,hbt_typ,-40,1,1.0,0.79,5.067650e-06,0.043990,9.12499E+09,-32.099100,37.052600,
nx1_fs_-40c_vce1.0v,fs,hbt_typ,-40,1,1.0,0.81,1.340210e-05,0.116338,2.34074E+10,-23.840400,28.853800,
nx1_fs_-40c_vce1.0v,fs,hbt_typ,-40,1,1.0,0.83,3.479570e-05,0.302046,5.72907E+10,-15.913500,21.128400,
nx1_fs_-40c_vce1.0v,fs,hbt_typ,-40,1,1.0,0.85,8.646120e-05,0.750531,1.25629E+11,-8.800660,14.657100,
nx1_fs_-40c_vce1.0v,fs,hbt_typ,-40,1,1.0,0.87,1.969790e-04,1.709887,2.27706E+11,-3.116480,10.387300,
nx1_fs_-40c_vce1.0v,fs,hbt_typ,-40,1,1.0,0.89,3.945730e-04,3.425113,3.30041E+11,0.826029,8.230880,
nx1_fs_-40c_vce1.0v,fs,hbt_typ,-40,1,1.0,0.91,6.879500e-04,5.971788,4.04729E+11,3.316430,7.217010,
nx1_fs_-40c_vce1.0v,fs,hbt_typ,-40,1,1.0,0.93,1.066570e-03,9.258420,4.49466E+11,4.880110,6.676380,
nx1_fs_-40c_vce1.0v,fs,hbt_typ,-40,1,1.0,0.95,1.514380e-03,13.145660,4.72328E+11,5.912300,6.337460,
nx1_fs_-40c_vce1.0v,fs,hbt_typ,-40,1,1.0,0.97,2.017940e-03,17.516840,4.83237E+11,6.639230,6.098600,vbe_high
nx1_fs_-40c_vce1.0v,fs,hbt_typ,-40,1,1.0,0.99,2.567460e-03,22.286979,4.82612E+11,7.182040,5.918280,vbe_high
nx1_fs_-40c_vce1.0v,fs,hbt_typ,-40,1,1.0,1.01,3.156150e-03,27.397135,4.7159E+11,7.607450,5.777070,ic_high;vbe_high
nx1_fs_-40c_vce1.0v,fs,hbt_typ,-40,1,1.0,1.03,3.779370e-03,32.807031,4.52633E+11,7.953740,5.664800,ic_high;vbe_high
nx1_fs_-40c_vce1.0v,fs,hbt_typ,-40,1,1.0,1.05,4.433790e-03,38.487760,4.21224E+11,8.243960,5.575710,ic_high;vbe_high
nx1_fs_-40c_vce1.2v,fs,hbt_typ,-40,1,1.2,0.55,3.873940e-11,0.000000,,-51.648400,56.571900,vbe_low
nx1_fs_-40c_vce1.2v,fs,hbt_typ,-40,1,1.2,0.57,1.025110e-10,0.000001,,-51.638100,56.561600,vbe_low
nx1_fs_-40c_vce1.2v,fs,hbt_typ,-40,1,1.2,0.59,2.731200e-10,0.000002,,-51.627700,56.551200,vbe_low
nx1_fs_-40c_vce1.2v,fs,hbt_typ,-40,1,1.2,0.61,7.294920e-10,0.000006,,-51.617000,56.540500,vbe_low
nx1_fs_-40c_vce1.2v,fs,hbt_typ,-40,1,1.2,0.63,1.950200e-09,0.000017,3.77712E+06,-51.606100,56.529600,vbe_low
nx1_fs_-40c_vce1.2v,fs,hbt_typ,-40,1,1.2,0.65,5.215250e-09,0.000045,1.00326E+07,-51.594600,56.518100,
nx1_fs_-40c_vce1.2v,fs,hbt_typ,-40,1,1.2,0.67,1.394820e-08,0.000121,2.67282E+07,-51.580300,56.503800,
nx1_fs_-40c_vce1.2v,fs,hbt_typ,-40,1,1.2,0.69,3.730490e-08,0.000324,7.09795E+07,-51.549200,56.472900,
nx1_fs_-40c_vce1.2v,fs,hbt_typ,-40,1,1.2,0.71,9.976940e-08,0.000866,1.88759E+08,-51.407000,56.331000,
nx1_fs_-40c_vce1.2v,fs,hbt_typ,-40,1,1.2,0.73,2.667950e-07,0.002316,5.00893E+08,-50.579300,55.504200,
nx1_fs_-40c_vce1.2v,fs,hbt_typ,-40,1,1.2,0.75,7.132100e-07,0.006191,1.32718E+09,-47.127600,52.055000,
nx1_fs_-40c_vce1.2v,fs,hbt_typ,-40,1,1.2,0.77,1.904930e-06,0.016536,3.50748E+09,-40.251200,45.185300,
nx1_fs_-40c_vce1.2v,fs,hbt_typ,-40,1,1.2,0.79,5.075730e-06,0.044060,9.17643E+09,-32.087800,37.041300,
nx1_fs_-40c_vce1.2v,fs,hbt_typ,-40,1,1.2,0.81,1.343650e-05,0.116636,2.35823E+10,-23.820300,28.833900,
nx1_fs_-40c_vce1.2v,fs,hbt_typ,-40,1,1.2,0.83,3.496190e-05,0.303489,5.77791E+10,-15.877800,21.094400,
nx1_fs_-40c_vce1.2v,fs,hbt_typ,-40,1,1.2,0.85,8.725960e-05,0.757462,1.27142E+11,-8.739070,14.605500,
nx1_fs_-40c_vce1.2v,fs,hbt_typ,-40,1,1.2,0.87,2.002060e-04,1.737899,2.31128E+11,-3.026670,10.330900,
nx1_fs_-40c_vce1.2v,fs,hbt_typ,-40,1,1.2,0.89,4.043830e-04,3.510269,3.35613E+11,0.930343,8.184390,
nx1_fs_-40c_vce1.2v,fs,hbt_typ,-40,1,1.2,0.91,7.103200e-04,6.165972,4.11171E+11,3.419990,7.179720,
nx1_fs_-40c_vce1.2v,fs,hbt_typ,-40,1,1.2,0.93,1.107870e-03,9.616927,4.5617E+11,4.978530,6.643140,
nx1_fs_-40c_vce1.2v,fs,hbt_typ,-40,1,1.2,0.95,1.580550e-03,13.720052,4.79411E+11,6.007630,6.305120,
nx1_fs_-40c_vce1.2v,fs,hbt_typ,-40,1,1.2,0.97,2.114630e-03,18.356163,4.89354E+11,6.734850,6.066120,vbe_high
nx1_fs_-40c_vce1.2v,fs,hbt_typ,-40,1,1.2,0.99,2.700070e-03,23.438108,4.87539E+11,7.281360,5.885740,vbe_high
nx1_fs_-40c_vce1.2v,fs,hbt_typ,-40,1,1.2,1.01,3.330530e-03,28.910851,4.74778E+11,7.712740,5.745470,ic_high;vbe_high
nx1_fs_-40c_vce1.2v,fs,hbt_typ,-40,1,1.2,1.03,4.001040e-03,34.731250,4.53552E+11,8.066530,5.635740,ic_high;vbe_high
nx1_fs_-40c_vce1.2v,fs,hbt_typ,-40,1,1.2,1.05,4.708550e-03,40.872830,4.21047E+11,8.365160,5.551360,ic_high;vbe_high
nx1_fs_-40c_vce1.4v,fs,hbt_typ,-40,1,1.4,0.55,3.899820e-11,0.000000,,-51.743300,56.666800,vbe_low
nx1_fs_-40c_vce1.4v,fs,hbt_typ,-40,1,1.4,0.57,1.028620e-10,0.000001,,-51.734400,56.657900,vbe_low
nx1_fs_-40c_vce1.4v,fs,hbt_typ,-40,1,1.4,0.59,2.737080e-10,0.000002,,-51.725300,56.648800,vbe_low
nx1_fs_-40c_vce1.4v,fs,hbt_typ,-40,1,1.4,0.61,7.306890e-10,0.000006,,-51.716200,56.639700,vbe_low
nx1_fs_-40c_vce1.4v,fs,hbt_typ,-40,1,1.4,0.63,1.952970e-09,0.000017,3.79426E+06,-51.706700,56.630300,vbe_low
nx1_fs_-40c_vce1.4v,fs,hbt_typ,-40,1,1.4,0.65,5.222080e-09,0.000045,1.00752E+07,-51.696700,56.620300,
nx1_fs_-40c_vce1.4v,fs,hbt_typ,-40,1,1.4,0.67,1.396550e-08,0.000121,2.68511E+07,-51.684000,56.607500,
nx1_fs_-40c_vce1.4v,fs,hbt_typ,-40,1,1.4,0.69,3.734960e-08,0.000324,7.12856E+07,-51.654000,56.577700,
nx1_fs_-40c_vce1.4v,fs,hbt_typ,-40,1,1.4,0.71,9.988610e-08,0.000867,1.89644E+08,-51.510100,56.434100,
nx1_fs_-40c_vce1.4v,fs,hbt_typ,-40,1,1.4,0.73,2.671050e-07,0.002319,5.0311E+08,-50.664400,55.589300,
nx1_fs_-40c_vce1.4v,fs,hbt_typ,-40,1,1.4,0.75,7.140640e-07,0.006198,1.3337E+09,-47.161200,52.088600,
nx1_fs_-40c_vce1.4v,fs,hbt_typ,-40,1,1.4,0.77,1.907470e-06,0.016558,3.5243E+09,-40.249300,45.183400,
nx1_fs_-40c_vce1.4v,fs,hbt_typ,-40,1,1.4,0.79,5.084460e-06,0.044136,9.22192E+09,-32.075100,37.028700,
nx1_fs_-40c_vce1.4v,fs,hbt_typ,-40,1,1.4,0.81,1.347250e-05,0.116949,2.37382E+10,-23.799200,28.813100,
nx1_fs_-40c_vce1.4v,fs,hbt_typ,-40,1,1.4,0.83,3.513380e-05,0.304981,5.82232E+10,-15.840900,21.059300,
nx1_fs_-40c_vce1.4v,fs,hbt_typ,-40,1,1.4,0.85,8.808630e-05,0.764638,1.2854E+11,-8.675680,14.552400,
nx1_fs_-40c_vce1.4v,fs,hbt_typ,-40,1,1.4,0.87,2.035970e-04,1.767335,2.34302E+11,-2.934020,10.273000,
nx1_fs_-40c_vce1.4v,fs,hbt_typ,-40,1,1.4,0.89,4.148550e-04,3.601172,3.41378E+11,1.037970,8.136770,
nx1_fs_-40c_vce1.4v,fs,hbt_typ,-40,1,1.4,0.91,7.345960e-04,6.376701,4.16881E+11,3.526940,7.141360,
nx1_fs_-40c_vce1.4v,fs,hbt_typ,-40,1,1.4,0.93,1.153120e-03,10.009722,4.61839E+11,5.080170,6.608820,
nx1_fs_-40c_vce1.4v,fs,hbt_typ,-40,1,1.4,0.95,1.653940e-03,14.357118,4.84995E+11,6.107120,6.271550,
nx1_fs_-40c_vce1.4v,fs,hbt_typ,-40,1,1.4,0.97,2.223060e-03,19.297396,4.9358E+11,6.836000,6.032490,vbe_high
nx1_fs_-40c_vce1.4v,fs,hbt_typ,-40,1,1.4,0.99,2.850410e-03,24.743142,4.89834E+11,7.387260,5.852680,vbe_high
nx1_fs_-40c_vce1.4v,fs,hbt_typ,-40,1,1.4,1.01,3.529610e-03,30.638976,4.74082E+11,7.825480,5.714580,ic_high;vbe_high
nx1_fs_-40c_vce1.4v,fs,hbt_typ,-40,1,1.4,1.03,4.256330e-03,36.947309,4.49187E+11,8.187260,5.609460,ic_high;vbe_high
nx1_fs_-40c_vce1.4v,fs,hbt_typ,-40,1,1.4,1.05,5.027610e-03,43.642448,4.12937E+11,8.494280,5.532920,ic_high;vbe_high
nx1_fs_27c_vce0.6v,fs,hbt_typ,27,1,0.6,0.55,1.279430e-08,0.000111,1.88604E+07,-51.089800,57.110300,vbe_low
nx1_fs_27c_vce0.6v,fs,hbt_typ,27,1,0.6,0.57,2.723920e-08,0.000236,3.9897E+07,-51.060700,57.081300,vbe_low
nx1_fs_27c_vce0.6v,fs,hbt_typ,27,1,0.6,0.59,5.799110e-08,0.000503,8.457E+07,-51.013900,57.034600,vbe_low
nx1_fs_27c_vce0.6v,fs,hbt_typ,27,1,0.6,0.61,1.234540e-07,0.001072,1.78790E+08,-50.893700,56.914700,vbe_low
nx1_fs_27c_vce0.6v,fs,hbt_typ,27,1,0.6,0.63,2.627900e-07,0.002281,3.78461E+08,-50.472200,56.493800,vbe_low
nx1_fs_27c_vce0.6v,fs,hbt_typ,27,1,0.6,0.65,5.592790e-07,0.004855,7.99107E+08,-49.023400,55.046300,
nx1_fs_27c_vce0.6v,fs,hbt_typ,27,1,0.6,0.67,1.189790e-06,0.010328,1.68604E+09,-45.480400,51.505900,
nx1_fs_27c_vce0.6v,fs,hbt_typ,27,1,0.6,0.69,2.529000e-06,0.021953,3.54571E+09,-40.045700,46.077100,
nx1_fs_27c_vce0.6v,fs,hbt_typ,27,1,0.6,0.71,5.365960e-06,0.046580,7.40028E+09,-33.839900,39.884500,
nx1_fs_27c_vce0.6v,fs,hbt_typ,27,1,0.6,0.73,1.134240e-05,0.098458,1.53073E+10,-27.485300,33.560200,
nx1_fs_27c_vce0.6v,fs,hbt_typ,27,1,0.6,0.75,2.378800e-05,0.206493,3.09011E+10,-21.226000,27.374900,
nx1_fs_27c_vce0.6v,fs,hbt_typ,27,1,0.6,0.77,4.911020e-05,0.426304,5.96711E+10,-15.243200,21.578000,
nx1_fs_27c_vce0.6v,fs,hbt_typ,27,1,0.6,0.79,9.844020e-05,0.854516,1.07067E+11,-9.772010,16.551700,
nx1_fs_27c_vce0.6v,fs,hbt_typ,27,1,0.6,0.81,1.878410e-04,1.630564,1.71759E+11,-5.090980,12.743300,
nx1_fs_27c_vce0.6v,fs,hbt_typ,27,1,0.6,0.83,3.343610e-04,2.902439,2.41179E+11,-1.396450,10.295200,
nx1_fs_27c_vce0.6v,fs,hbt_typ,27,1,0.6,0.85,5.488930e-04,4.764696,3.00272E+11,1.323660,8.880250,
nx1_fs_27c_vce0.6v,fs,hbt_typ,27,1,0.6,0.87,8.325020e-04,7.226580,3.43112E+11,3.257260,8.060100,
nx1_fs_27c_vce0.6v,fs,hbt_typ,27,1,0.6,0.89,1.179110e-03,10.235330,3.69141E+11,4.632960,7.548260,
nx1_fs_27c_vce0.6v,fs,hbt_typ,27,1,0.6,0.91,1.580100e-03,13.716146,3.81814E+11,5.634090,7.200290,
nx1_fs_27c_vce0.6v,fs,hbt_typ,27,1,0.6,0.93,2.027140e-03,17.596701,3.83969E+11,6.384670,6.947280,
nx1_fs_27c_vce0.6v,fs,hbt_typ,27,1,0.6,0.95,2.513080e-03,21.814931,3.76965E+11,6.959360,6.755830,
nx1_fs_27c_vce0.6v,fs,hbt_typ,27,1,0.6,0.97,3.030870e-03,26.309635,3.51783E+11,7.334360,6.620670,ic_high;vbe_high
nx1_fs_27c_vce0.6v,fs,hbt_typ,27,1,0.6,0.99,3.557080e-03,30.877431,2.15043E+11,6.725390,6.681210,ic_high;vbe_high
nx1_fs_27c_vce0.6v,fs,hbt_typ,27,1,0.6,1.01,4.010970e-03,34.817448,7.43324E+10,4.305420,7.202310,ic_high;vbe_high
nx1_fs_27c_vce0.6v,fs,hbt_typ,27,1,0.6,1.03,4.388220e-03,38.092187,3.62516E+10,2.981220,7.548330,ic_high;vbe_high
nx1_fs_27c_vce0.6v,fs,hbt_typ,27,1,0.6,1.05,4.750060e-03,41.233160,2.28065E+10,2.720390,7.587630,ic_high;vbe_high
nx1_fs_27c_vce0.8v,fs,hbt_typ,27,1,0.8,0.55,1.280650e-08,0.000111,1.90064E+07,-51.290400,57.311000,vbe_low
nx1_fs_27c_vce0.8v,fs,hbt_typ,27,1,0.8,0.57,2.726490e-08,0.000237,4.01916E+07,-51.267200,57.287800,vbe_low
nx1_fs_27c_vce0.8v,fs,hbt_typ,27,1,0.8,0.59,5.804580e-08,0.000504,8.52621E+07,-51.225800,57.246600,vbe_low
nx1_fs_27c_vce0.8v,fs,hbt_typ,27,1,0.8,0.61,1.235710e-07,0.001073,1.80191E+08,-51.107600,57.128600,vbe_low
nx1_fs_27c_vce0.8v,fs,hbt_typ,27,1,0.8,0.63,2.630440e-07,0.002283,3.81758E+08,-50.673100,56.694700,vbe_low
nx1_fs_27c_vce0.8v,fs,hbt_typ,27,1,0.8,0.65,5.598370e-07,0.004860,8.0581E+08,-49.170000,55.192900,
nx1_fs_27c_vce0.8v,fs,hbt_typ,27,1,0.8,0.67,1.191070e-06,0.010339,1.70197E+09,-45.542400,51.567900,
nx1_fs_27c_vce0.8v,fs,hbt_typ,27,1,0.8,0.69,2.532060e-06,0.021980,3.57854E+09,-40.056700,46.088200,
nx1_fs_27c_vce0.8v,fs,hbt_typ,27,1,0.8,0.71,5.373980e-06,0.046649,7.48058E+09,-33.832800,39.877500,
nx1_fs_27c_vce0.8v,fs,hbt_typ,27,1,0.8,0.73,1.136570e-05,0.098661,1.54798E+10,-27.469900,33.545000,
nx1_fs_27c_vce0.8v,fs,hbt_typ,27,1,0.8,0.75,2.386210e-05,0.207136,3.12889E+10,-21.201900,27.351300,
nx1_fs_27c_vce0.8v,fs,hbt_typ,27,1,0.8,0.77,4.935850e-05,0.428459,6.05984E+10,-15.205700,21.542500,
nx1_fs_27c_vce0.8v,fs,hbt_typ,27,1,0.8,0.79,9.925710e-05,0.861607,1.09073E+11,-9.715450,16.502600,
nx1_fs_27c_vce0.8v,fs,hbt_typ,27,1,0.8,0.81,1.902890e-04,1.651814,1.75603E+11,-5.012980,12.686600,
nx1_fs_27c_vce0.8v,fs,hbt_typ,27,1,0.8,0.83,3.406490e-04,2.957023,2.47538E+11,-1.302040,10.241900,
nx1_fs_27c_vce0.8v,fs,hbt_typ,27,1,0.8,0.85,5.624460e-04,4.882344,3.09282E+11,1.424740,8.835550,
nx1_fs_27c_vce0.8v,fs,hbt_typ,27,1,0.8,0.87,8.574340e-04,7.443003,3.54198E+11,3.357130,8.022930,
nx1_fs_27c_vce0.8v,fs,hbt_typ,27,1,0.8,0.89,1.219590e-03,10.586719,3.82843E+11,4.728290,7.516050,
nx1_fs_27c_vce0.8v,fs,hbt_typ,27,1,0.8,0.91,1.640080e-03,14.236806,3.9975E+11,5.724760,7.171260,
nx1_fs_27c_vce0.8v,fs,hbt_typ,27,1,0.8,0.93,2.110220e-03,18.317882,4.05828E+11,6.472270,6.920590,
nx1_fs_27c_vce0.8v,fs,hbt_typ,27,1,0.8,0.95,2.622690e-03,22.766406,4.01895E+11,7.050770,6.730500,
nx1_fs_27c_vce0.8v,fs,hbt_typ,27,1,0.8,0.97,3.171750e-03,27.532552,3.88869E+11,7.510780,6.583200,ic_high;vbe_high
nx1_fs_27c_vce0.8v,fs,hbt_typ,27,1,0.8,0.99,3.752700e-03,32.575521,3.67257E+11,7.881470,6.469010,ic_high;vbe_high
nx1_fs_27c_vce0.8v,fs,hbt_typ,27,1,0.8,1.01,4.360310e-03,37.849913,3.25212E+11,8.110930,6.393410,ic_high;vbe_high
nx1_fs_27c_vce0.8v,fs,hbt_typ,27,1,0.8,1.03,4.966730e-03,43.113976,1.72543E+11,7.312930,6.504100,ic_high;vbe_high
nx1_fs_27c_vce0.8v,fs,hbt_typ,27,1,0.8,1.05,5.484390e-03,47.607552,6.15812E+10,5.141280,6.941610,ic_high;vbe_high
nx1_fs_27c_vce1.0v,fs,hbt_typ,27,1,1.0,0.55,1.281890e-08,0.000111,1.91219E+07,-51.444900,57.465500,vbe_low
nx1_fs_27c_vce1.0v,fs,hbt_typ,27,1,1.0,0.57,2.729090e-08,0.000237,4.04232E+07,-51.425200,57.445800,vbe_low
nx1_fs_27c_vce1.0v,fs,hbt_typ,27,1,1.0,0.59,5.810060e-08,0.000504,8.57998E+07,-51.386700,57.407500,vbe_low
nx1_fs_27c_vce1.0v,fs,hbt_typ,27,1,1.0,0.61,1.236880e-07,0.001074,1.81272E+08,-51.268500,57.289600,vbe_low
nx1_fs_27c_vce1.0v,fs,hbt_typ,27,1,1.0,0.63,2.632950e-07,0.002286,3.84281E+08,-50.822200,56.843800,vbe_low
nx1_fs_27c_vce1.0v,fs,hbt_typ,27,1,1.0,0.65,5.603880e-07,0.004864,8.10906E+08,-49.275800,55.298700,
nx1_fs_27c_vce1.0v,fs,hbt_typ,27,1,1.0,0.67,1.192320e-06,0.010350,1.71398E+09,-45.584400,51.610000,
nx1_fs_27c_vce1.0v,fs,hbt_typ,27,1,1.0,0.69,2.535070e-06,0.022006,3.60317E+09,-40.061600,46.093100,
nx1_fs_27c_vce1.0v,fs,hbt_typ,27,1,1.0,0.71,5.381890e-06,0.046718,7.54052E+09,-33.824400,39.869000,
nx1_fs_27c_vce1.0v,fs,hbt_typ,27,1,1.0,0.73,1.138880e-05,0.098861,1.56091E+10,-27.454400,33.529600,
nx1_fs_27c_vce1.0v,fs,hbt_typ,27,1,1.0,0.75,2.393600e-05,0.207778,3.15823E+10,-21.177900,27.327700,
nx1_fs_27c_vce1.0v,fs,hbt_typ,27,1,1.0,0.77,4.960830e-05,0.430628,6.13101E+10,-15.168200,21.507100,
nx1_fs_27c_vce1.0v,fs,hbt_typ,27,1,1.0,0.79,1.000880e-04,0.868819,1.10634E+11,-9.658490,16.453200,
nx1_fs_27c_vce1.0v,fs,hbt_typ,27,1,1.0,0.81,1.928140e-04,1.673733,1.78590E+11,-4.933860,12.629300,
nx1_fs_27c_vce1.0v,fs,hbt_typ,27,1,1.0,0.83,3.472310e-04,3.014158,2.52361E+11,-1.205690,10.187800,
nx1_fs_27c_vce1.0v,fs,hbt_typ,27,1,1.0,0.85,5.768290e-04,5.007196,3.15778E+11,1.528360,8.790110,
nx1_fs_27c_vce1.0v,fs,hbt_typ,27,1,1.0,0.87,8.842000e-04,7.675347,3.61574E+11,3.459870,7.984960,
nx1_fs_27c_vce1.0v,fs,hbt_typ,27,1,1.0,0.89,1.263460e-03,10.967535,3.91489E+11,4.826630,7.483020,
nx1_fs_27c_vce1.0v,fs,hbt_typ,27,1,1.0,0.91,1.705520e-03,14.804861,4.08538E+11,5.818520,7.141500,
nx1_fs_27c_vce1.0v,fs,hbt_typ,27,1,1.0,0.93,2.201430e-03,19.109635,4.15373E+11,6.562780,6.893520,
nx1_fs_27c_vce1.0v,fs,hbt_typ,27,1,1.0,0.95,2.743730e-03,23.817101,4.13774E+11,7.139650,6.706410,
nx1_fs_27c_vce1.0v,fs,hbt_typ,27,1,1.0,0.97,3.326470e-03,28.875608,4.03389E+11,7.599530,6.562980,ic_high;vbe_high
nx1_fs_27c_vce1.0v,fs,hbt_typ,27,1,1.0,0.99,3.944880e-03,34.243750,3.8147E+11,7.974640,6.453520,ic_high;vbe_high
nx1_fs_27c_vce1.0v,fs,hbt_typ,27,1,1.0,1.01,4.595240e-03,39.889236,3.52621E+11,8.285920,6.372260,ic_high;vbe_high
nx1_fs_27c_vce1.0v,fs,hbt_typ,27,1,1.0,1.03,5.274260e-03,45.783507,3.15846E+11,8.535550,6.317490,ic_high;vbe_high
nx1_fs_27c_vce1.0v,fs,hbt_typ,27,1,1.0,1.05,5.972270e-03,51.842622,2.31447E+11,8.455210,6.328230,ic_high;vbe_high
nx1_fs_27c_vce1.2v,fs,hbt_typ,27,1,1.2,0.55,1.283370e-08,0.000111,1.92212E+07,-51.570300,57.590900,vbe_low
nx1_fs_27c_vce1.2v,fs,hbt_typ,27,1,1.2,0.57,2.732140e-08,0.000237,4.06517E+07,-51.552800,57.573500,vbe_low
nx1_fs_27c_vce1.2v,fs,hbt_typ,27,1,1.2,0.59,5.816360e-08,0.000505,8.62547E+07,-51.516100,57.536900,vbe_low
nx1_fs_27c_vce1.2v,fs,hbt_typ,27,1,1.2,0.61,1.238200e-07,0.001075,1.8225E+08,-51.397200,57.418300,vbe_low
nx1_fs_27c_vce1.2v,fs,hbt_typ,27,1,1.2,0.63,2.635720e-07,0.002288,3.86378E+08,-50.940100,56.961800,vbe_low
nx1_fs_27c_vce1.2v,fs,hbt_typ,27,1,1.2,0.65,5.609860e-07,0.004870,8.15115E+08,-49.357600,55.380500,
nx1_fs_27c_vce1.2v,fs,hbt_typ,27,1,1.2,0.67,1.193650e-06,0.010362,1.72382E+09,-45.614700,51.640300,
nx1_fs_27c_vce1.2v,fs,hbt_typ,27,1,1.2,0.69,2.538230e-06,0.022033,3.62329E+09,-40.062800,46.094300,
nx1_fs_27c_vce1.2v,fs,hbt_typ,27,1,1.2,0.71,5.390040e-06,0.046789,7.58942E+09,-33.814700,39.859500,
nx1_fs_27c_vce1.2v,fs,hbt_typ,27,1,1.2,0.73,1.141230e-05,0.099065,1.57151E+10,-27.438400,33.513800,
nx1_fs_27c_vce1.2v,fs,hbt_typ,27,1,1.2,0.75,2.401110e-05,0.208430,3.18259E+10,-21.153600,27.303900,
nx1_fs_27c_vce1.2v,fs,hbt_typ,27,1,1.2,0.77,4.986230e-05,0.432832,6.19109E+10,-15.130400,21.471200,
nx1_fs_27c_vce1.2v,fs,hbt_typ,27,1,1.2,0.79,1.009390e-04,0.876207,1.11972E+11,-9.600770,16.403200,
nx1_fs_27c_vce1.2v,fs,hbt_typ,27,1,1.2,0.81,1.954280e-04,1.696424,1.81164E+11,-4.853290,12.571200,
nx1_fs_27c_vce1.2v,fs,hbt_typ,27,1,1.2,0.83,3.541440e-04,3.074167,2.56468E+11,-1.107150,10.133000,
nx1_fs_27c_vce1.2v,fs,hbt_typ,27,1,1.2,0.85,5.921470e-04,5.140165,3.21156E+11,1.634740,8.743850,
nx1_fs_27c_vce1.2v,fs,hbt_typ,27,1,1.2,0.87,9.130630e-04,7.925894,3.67421E+11,3.565770,7.946110,
nx1_fs_27c_vce1.2v,fs,hbt_typ,27,1,1.2,0.89,1.311240e-03,11.382292,3.97917E+11,4.928560,7.449030,
nx1_fs_27c_vce1.2v,fs,hbt_typ,27,1,1.2,0.91,1.777450e-03,15.429253,4.14467E+11,5.916240,7.110900,
nx1_fs_27c_vce1.2v,fs,hbt_typ,27,1,1.2,0.93,2.302400e-03,19.986111,4.20923E+11,6.657520,6.866010,
nx1_fs_27c_vce1.2v,fs,hbt_typ,27,1,1.2,0.95,2.878570e-03,24.987587,4.18657E+11,7.232830,6.682670,
nx1_fs_27c_vce1.2v,fs,hbt_typ,27,1,1.2,0.97,3.499810e-03,30.380295,4.07823E+11,7.692330,6.544420,ic_high;vbe_high
nx1_fs_27c_vce1.2v,fs,hbt_typ,27,1,1.2,0.99,4.161370e-03,36.123003,3.87059E+11,8.067890,6.442190,ic_high;vbe_high
nx1_fs_27c_vce1.2v,fs,hbt_typ,27,1,1.2,1.01,4.859380e-03,42.182118,3.56557E+11,8.380160,6.370800,ic_high;vbe_high
nx1_fs_27c_vce1.2v,fs,hbt_typ,27,1,1.2,1.03,5.590700e-03,48.530382,3.17929E+11,8.642730,6.327350,ic_high;vbe_high
nx1_fs_27c_vce1.2v,fs,hbt_typ,27,1,1.2,1.05,6.352580e-03,55.143924,2.76742E+11,8.859320,6.311130,ic_high;vbe_high
nx1_fs_27c_vce1.4v,fs,hbt_typ,27,1,1.4,0.55,1.285570e-08,0.000112,1.9317E+07,-51.675800,57.696400,vbe_low
nx1_fs_27c_vce1.4v,fs,hbt_typ,27,1,1.4,0.57,2.736590e-08,0.000238,4.08702E+07,-51.659800,57.680500,vbe_low
nx1_fs_27c_vce1.4v,fs,hbt_typ,27,1,1.4,0.59,5.825390e-08,0.000506,8.66818E+07,-51.624200,57.645000,vbe_low
nx1_fs_27c_vce1.4v,fs,hbt_typ,27,1,1.4,0.61,1.240040e-07,0.001076,1.83229E+08,-51.504200,57.525200,vbe_low
nx1_fs_27c_vce1.4v,fs,hbt_typ,27,1,1.4,0.63,2.639520e-07,0.002291,3.88302E+08,-51.037100,57.058800,vbe_low
nx1_fs_27c_vce1.4v,fs,hbt_typ,27,1,1.4,0.65,5.617780e-07,0.004877,8.19262E+08,-49.422700,55.445600,
nx1_fs_27c_vce1.4v,fs,hbt_typ,27,1,1.4,0.67,1.195360e-06,0.010376,1.73268E+09,-45.636000,51.661600,
nx1_fs_27c_vce1.4v,fs,hbt_typ,27,1,1.4,0.69,2.542090e-06,0.022067,3.64126E+09,-40.059800,46.091300,
nx1_fs_27c_vce1.4v,fs,hbt_typ,27,1,1.4,0.71,5.399560e-06,0.046871,7.63282E+09,-33.802700,39.847500,
nx1_fs_27c_vce1.4v,fs,hbt_typ,27,1,1.4,0.73,1.143840e-05,0.099292,1.58093E+10,-27.420600,33.496100,
nx1_fs_27c_vce1.4v,fs,hbt_typ,27,1,1.4,0.75,2.409160e-05,0.209128,3.20438E+10,-21.127600,27.278400,
nx1_fs_27c_vce1.4v,fs,hbt_typ,27,1,1.4,0.77,5.012910e-05,0.435148,6.24535E+10,-15.090700,21.433500,
nx1_fs_27c_vce1.4v,fs,hbt_typ,27,1,1.4,0.79,1.018280e-04,0.883924,1.13192E+11,-9.540780,16.351200,
nx1_fs_27c_vce1.4v,fs,hbt_typ,27,1,1.4,0.81,1.981720e-04,1.720243,1.83517E+11,-4.769860,12.511100,
nx1_fs_27c_vce1.4v,fs,hbt_typ,27,1,1.4,0.83,3.614760e-04,3.137813,2.60186E+11,-1.005290,10.076600,
nx1_fs_27c_vce1.4v,fs,hbt_typ,27,1,1.4,0.85,6.085900e-04,5.282899,3.25922E+11,1.744050,8.696570,
nx1_fs_27c_vce1.4v,fs,hbt_typ,27,1,1.4,0.87,9.443350e-04,8.197352,3.72429E+11,3.674260,7.906460,
nx1_fs_27c_vce1.4v,fs,hbt_typ,27,1,1.4,0.89,1.363510e-03,11.836024,4.03153E+11,5.033230,7.414300,
nx1_fs_27c_vce1.4v,fs,hbt_typ,27,1,1.4,0.91,1.856810e-03,16.118142,4.18946E+11,6.017430,7.079640,
nx1_fs_27c_vce1.4v,fs,hbt_typ,27,1,1.4,0.93,2.414740e-03,20.961285,4.25146E+11,6.756680,6.838230,
nx1_fs_27c_vce1.4v,fs,hbt_typ,27,1,1.4,0.95,3.029860e-03,26.300868,4.20881E+11,7.331010,6.659610,ic_high
nx1_fs_27c_vce1.4v,fs,hbt_typ,27,1,1.4,0.97,3.695820e-03,32.081771,4.07818E+11,7.790190,6.528250,ic_high;vbe_high
nx1_fs_27c_vce1.4v,fs,hbt_typ,27,1,1.4,0.99,4.407780e-03,38.261979,3.84179E+11,8.165650,6.435870,ic_high;vbe_high
nx1_fs_27c_vce1.4v,fs,hbt_typ,27,1,1.4,1.01,5.161820e-03,44.807465,3.52227E+11,8.477570,6.378110,ic_high;vbe_high
nx1_fs_27c_vce1.4v,fs,hbt_typ,27,1,1.4,1.03,5.954660e-03,51.689757,3.12483E+11,8.739060,6.352920,ic_high;vbe_high
nx1_fs_27c_vce1.4v,fs,hbt_typ,27,1,1.4,1.05,6.783410e-03,58.883767,2.67286E+11,8.958380,6.359720,ic_high;vbe_high
nx1_fs_125c_vce0.6v,fs,hbt_typ,125,1,0.6,0.55,2.179640e-06,0.018920,2.30199E+09,-43.408500,50.663100,vbe_low
nx1_fs_125c_vce0.6v,fs,hbt_typ,125,1,0.6,0.57,3.811780e-06,0.033088,3.98994E+09,-39.144600,46.404700,vbe_low
nx1_fs_125c_vce0.6v,fs,hbt_typ,125,1,0.6,0.59,6.658740e-06,0.057802,6.87838E+09,-34.537100,41.807000,vbe_low
nx1_fs_125c_vce0.6v,fs,hbt_typ,125,1,0.6,0.61,1.160980e-05,0.100780,1.17503E+10,-29.829700,37.117700,vbe_low
nx1_fs_125c_vce0.6v,fs,hbt_typ,125,1,0.6,0.63,2.017570e-05,0.175136,1.99099E+10,-25.137400,32.459700,vbe_low
nx1_fs_125c_vce0.6v,fs,hbt_typ,125,1,0.6,0.65,3.486560e-05,0.302653,3.2991E+10,-20.533900,27.922700,
nx1_fs_125c_vce0.6v,fs,hbt_typ,125,1,0.6,0.67,5.969290e-05,0.518168,5.32616E+10,-16.094800,23.614200,
nx1_fs_125c_vce0.6v,fs,hbt_typ,125,1,0.6,0.69,1.006930e-04,0.874071,8.22774E+10,-11.915100,19.685600,
nx1_fs_125c_vce0.6v,fs,hbt_typ,125,1,0.6,0.71,1.661080e-04,1.441910,1.20028E+11,-8.106310,16.322800,
nx1_fs_125c_vce0.6v,fs,hbt_typ,125,1,0.6,0.73,2.656930e-04,2.306363,1.63218E+11,-4.773250,13.676600,
nx1_fs_125c_vce0.6v,fs,hbt_typ,125,1,0.6,0.75,4.088970e-04,3.549453,2.06063E+11,-1.977770,11.765700,
nx1_fs_125c_vce0.6v,fs,hbt_typ,125,1,0.6,0.77,6.026320e-04,5.231181,2.43122E+11,0.284577,10.462500,
nx1_fs_125c_vce0.6v,fs,hbt_typ,125,1,0.6,0.79,8.499670e-04,7.378186,2.7007E+11,2.075260,9.584830,
nx1_fs_125c_vce0.6v,fs,hbt_typ,125,1,0.6,0.81,1.150380e-03,9.985938,2.86535E+11,3.482050,8.979770,
nx1_fs_125c_vce0.6v,fs,hbt_typ,125,1,0.6,0.83,1.500910e-03,13.028733,2.93543E+11,4.590930,8.546160,
nx1_fs_125c_vce0.6v,fs,hbt_typ,125,1,0.6,0.85,1.897400e-03,16.470486,2.93828E+11,5.470690,8.224140,
nx1_fs_125c_vce0.6v,fs,hbt_typ,125,1,0.6,0.87,2.334970e-03,20.268837,2.87295E+11,6.158150,7.981990,
nx1_fs_125c_vce0.6v,fs,hbt_typ,125,1,0.6,0.89,2.806350e-03,24.360677,2.64792E+11,6.577890,7.820810,
nx1_fs_125c_vce0.6v,fs,hbt_typ,125,1,0.6,0.91,3.290430e-03,28.562760,1.9916E+11,6.238650,7.830180,ic_high
nx1_fs_125c_vce0.6v,fs,hbt_typ,125,1,0.6,0.93,3.740940e-03,32.473437,1.13722E+11,4.911810,8.087140,ic_high
nx1_fs_125c_vce0.6v,fs,hbt_typ,125,1,0.6,0.95,4.144810e-03,35.979253,6.7877E+10,3.863680,8.323870,ic_high
nx1_fs_125c_vce0.6v,fs,hbt_typ,125,1,0.6,0.97,4.528250e-03,39.307726,4.53256E+10,3.380700,8.430120,ic_high;vbe_high
nx1_fs_125c_vce0.6v,fs,hbt_typ,125,1,0.6,0.99,4.907160e-03,42.596875,3.12812E+10,2.974930,8.546710,ic_high;vbe_high
nx1_fs_125c_vce0.6v,fs,hbt_typ,125,1,0.6,1.01,5.277780e-03,45.814062,2.05227E+10,2.088730,8.880240,ic_high;vbe_high
nx1_fs_125c_vce0.6v,fs,hbt_typ,125,1,0.6,1.03,5.621830e-03,48.800608,1.22589E+10,0.282986,9.676740,ic_high;vbe_high
nx1_fs_125c_vce0.6v,fs,hbt_typ,125,1,0.6,1.05,5.918360e-03,51.374653,6.63108E+09,-2.620200,11.239300,ic_high;vbe_high
nx1_fs_125c_vce0.8v,fs,hbt_typ,125,1,0.8,0.55,2.182060e-06,0.018941,2.32758E+09,-43.453300,50.708000,vbe_low
nx1_fs_125c_vce0.8v,fs,hbt_typ,125,1,0.8,0.57,3.816500e-06,0.033129,4.03417E+09,-39.155600,46.415700,vbe_low
nx1_fs_125c_vce0.8v,fs,hbt_typ,125,1,0.8,0.59,6.668430e-06,0.057886,6.96284E+09,-34.532900,41.802800,vbe_low
nx1_fs_125c_vce0.8v,fs,hbt_typ,125,1,0.8,0.61,1.163090e-05,0.100963,1.19146E+10,-29.817700,37.105800,vbe_low
nx1_fs_125c_vce0.8v,fs,hbt_typ,125,1,0.8,0.63,2.022400e-05,0.175556,2.01872E+10,-25.119300,32.441800,vbe_low
nx1_fs_125c_vce0.8v,fs,hbt_typ,125,1,0.8,0.65,3.498160e-05,0.303660,3.35499E+10,-20.508400,27.897700,
nx1_fs_125c_vce0.8v,fs,hbt_typ,125,1,0.8,0.67,5.997790e-05,0.520641,5.42747E+10,-16.059300,23.580300,
nx1_fs_125c_vce0.8v,fs,hbt_typ,125,1,0.8,0.69,1.013900e-04,0.880122,8.39811E+10,-11.866300,19.641200,
nx1_fs_125c_vce0.8v,fs,hbt_typ,125,1,0.8,0.71,1.677500e-04,1.456163,1.23117E+11,-8.041760,16.269000,
nx1_fs_125c_vce0.8v,fs,hbt_typ,125,1,0.8,0.73,2.693220e-04,2.337865,1.678E+11,-4.692800,13.618400,
nx1_fs_125c_vce0.8v,fs,hbt_typ,125,1,0.8,0.75,4.162590e-04,3.613359,2.13082E+11,-1.884390,11.709200,
nx1_fs_125c_vce0.8v,fs,hbt_typ,125,1,0.8,0.77,6.162120e-04,5.349062,2.53365E+11,0.385886,10.411700,
nx1_fs_125c_vce0.8v,fs,hbt_typ,125,1,0.8,0.79,8.728290e-04,7.576641,2.85076E+11,2.179550,9.540710,
nx1_fs_125c_vce0.8v,fs,hbt_typ,125,1,0.8,0.81,1.185890e-03,10.294184,3.07852E+11,3.585750,8.941600,
nx1_fs_125c_vce0.8v,fs,hbt_typ,125,1,0.8,0.83,1.552530e-03,13.476823,3.22055E+11,4.692350,8.513030,
nx1_fs_125c_vce0.8v,fs,hbt_typ,125,1,0.8,0.85,1.968530e-03,17.087934,3.26277E+11,5.571890,8.194990,
nx1_fs_125c_vce0.8v,fs,hbt_typ,125,1,0.8,0.87,2.429260e-03,21.087326,3.21735E+11,6.279530,7.952750,
nx1_fs_125c_vce0.8v,fs,hbt_typ,125,1,0.8,0.89,2.930180e-03,25.435590,3.0835E+11,6.854730,7.766030,
nx1_fs_125c_vce0.8v,fs,hbt_typ,125,1,0.8,0.91,3.466880e-03,30.094444,2.88264E+11,7.316870,7.624120,ic_high
nx1_fs_125c_vce0.8v,fs,hbt_typ,125,1,0.8,0.93,4.033180e-03,35.010243,2.56067E+11,7.600910,7.533660,ic_high
nx1_fs_125c_vce0.8v,fs,hbt_typ,125,1,0.8,0.95,4.608180e-03,40.001562,1.8401E+11,7.232520,7.574220,ic_high
nx1_fs_125c_vce0.8v,fs,hbt_typ,125,1,0.8,0.97,5.141160e-03,44.628125,1.02434E+11,5.972840,7.810030,ic_high;vbe_high
nx1_fs_125c_vce0.8v,fs,hbt_typ,125,1,0.8,0.99,5.621370e-03,48.796615,6.20068E+10,5.008600,8.021270,ic_high;vbe_high
nx1_fs_125c_vce0.8v,fs,hbt_typ,125,1,0.8,1.01,6.079400e-03,52.772569,4.258E+10,4.556360,8.136930,ic_high;vbe_high
nx1_fs_125c_vce0.8v,fs,hbt_typ,125,1,0.8,1.03,6.534350e-03,56.721788,3.10883E+10,4.252560,8.244940,ic_high;vbe_high
nx1_fs_125c_vce0.8v,fs,hbt_typ,125,1,0.8,1.05,6.986560e-03,60.647222,2.24039E+10,3.653690,8.476930,ic_high;vbe_high
nx1_fs_125c_vce1.0v,fs,hbt_typ,125,1,1.0,0.55,2.184480e-06,0.018963,2.34716E+09,-43.480600,50.735200,vbe_low
nx1_fs_125c_vce1.0v,fs,hbt_typ,125,1,1.0,0.57,3.821200e-06,0.033170,4.06558E+09,-39.159500,46.419600,vbe_low
nx1_fs_125c_vce1.0v,fs,hbt_typ,125,1,1.0,0.59,6.678030e-06,0.057969,7.02224E+09,-34.526100,41.796100,vbe_low
nx1_fs_125c_vce1.0v,fs,hbt_typ,125,1,1.0,0.61,1.165170e-05,0.101143,1.2029E+10,-29.804900,37.093100,vbe_low
nx1_fs_125c_vce1.0v,fs,hbt_typ,125,1,1.0,0.63,2.027200e-05,0.175972,2.03802E+10,-25.101000,32.423700,vbe_low
nx1_fs_125c_vce1.0v,fs,hbt_typ,125,1,1.0,0.65,3.509730e-05,0.304664,3.39419E+10,-20.483000,27.872900,
nx1_fs_125c_vce1.0v,fs,hbt_typ,125,1,1.0,0.67,6.026390e-05,0.523124,5.49774E+10,-16.023800,23.546400,
nx1_fs_125c_vce1.0v,fs,hbt_typ,125,1,1.0,0.69,1.020940e-04,0.886233,8.52894E+10,-11.817400,19.596700,
nx1_fs_125c_vce1.0v,fs,hbt_typ,125,1,1.0,0.71,1.694280e-04,1.470729,1.2523E+11,-7.976690,16.214900,
nx1_fs_125c_vce1.0v,fs,hbt_typ,125,1,1.0,0.73,2.730700e-04,2.370399,1.71294E+11,-4.611280,13.559700,
nx1_fs_125c_vce1.0v,fs,hbt_typ,125,1,1.0,0.75,4.239450e-04,3.680078,2.17975E+11,-1.789340,11.652100,
nx1_fs_125c_vce1.0v,fs,hbt_typ,125,1,1.0,0.77,6.305430e-04,5.473464,2.59159E+11,0.489308,10.360300,
nx1_fs_125c_vce1.0v,fs,hbt_typ,125,1,1.0,0.79,8.971890e-04,7.788099,2.92118E+11,2.286060,9.495990,
nx1_fs_125c_vce1.0v,fs,hbt_typ,125,1,1.0,0.81,1.224050e-03,10.625434,3.16781E+11,3.691410,8.902970,
nx1_fs_125c_vce1.0v,fs,hbt_typ,125,1,1.0,0.83,1.608360e-03,13.961458,3.32279E+11,4.794870,8.479760,
nx1_fs_125c_vce1.0v,fs,hbt_typ,125,1,1.0,0.85,2.045840e-03,17.759028,3.41583E+11,5.670350,8.166810,
nx1_fs_125c_vce1.0v,fs,hbt_typ,125,1,1.0,0.87,2.531720e-03,21.976736,3.43086E+11,6.373770,7.930020,
nx1_fs_125c_vce1.0v,fs,hbt_typ,125,1,1.0,0.89,3.061280e-03,26.573611,3.34094E+11,6.945670,7.749530,ic_high
nx1_fs_125c_vce1.0v,fs,hbt_typ,125,1,1.0,0.91,3.630140e-03,31.511632,3.15705E+11,7.415250,7.613340,ic_high
nx1_fs_125c_vce1.0v,fs,hbt_typ,125,1,1.0,0.93,4.234260e-03,36.755729,2.89284E+11,7.802610,7.514140,ic_high
nx1_fs_125c_vce1.0v,fs,hbt_typ,125,1,1.0,0.95,4.869580e-03,42.270660,2.54404E+11,8.106050,7.449810,ic_high
nx1_fs_125c_vce1.0v,fs,hbt_typ,125,1,1.0,0.97,5.527430e-03,47.981163,2.04906E+11,8.169240,7.443110,ic_high;vbe_high
nx1_fs_125c_vce1.0v,fs,hbt_typ,125,1,1.0,0.99,6.171100e-03,53.568576,1.26824E+11,7.384960,7.593070,ic_high;vbe_high
nx1_fs_125c_vce1.0v,fs,hbt_typ,125,1,1.0,1.01,6.753440e-03,58.623611,7.2955E+10,6.228970,7.839200,ic_high;vbe_high
nx1_fs_125c_vce1.0v,fs,hbt_typ,125,1,1.0,1.03,7.291630e-03,63.295399,4.8317E+10,5.526330,8.027250,ic_high;vbe_high
nx1_fs_125c_vce1.0v,fs,hbt_typ,125,1,1.0,1.05,7.815240e-03,67.840625,3.54414E+10,5.152390,8.173400,ic_high;vbe_high
nx1_fs_125c_vce1.2v,fs,hbt_typ,125,1,1.2,0.55,2.187440e-06,0.018988,2.36305E+09,-43.497400,50.752100,vbe_low
nx1_fs_125c_vce1.2v,fs,hbt_typ,125,1,1.2,0.57,3.826690e-06,0.033218,4.09088E+09,-39.158600,46.418700,vbe_low
nx1_fs_125c_vce1.2v,fs,hbt_typ,125,1,1.2,0.59,6.688810e-06,0.058063,7.06969E+09,-34.517000,41.787000,vbe_low
nx1_fs_125c_vce1.2v,fs,hbt_typ,125,1,1.2,0.61,1.167430e-05,0.101339,1.21201E+10,-29.790800,37.079100,vbe_low
nx1_fs_125c_vce1.2v,fs,hbt_typ,125,1,1.2,0.63,2.032260e-05,0.176411,2.05341E+10,-25.081800,32.404700,vbe_low
nx1_fs_125c_vce1.2v,fs,hbt_typ,125,1,1.2,0.65,3.521730e-05,0.305706,3.42553E+10,-20.456900,27.847300,
nx1_fs_125c_vce1.2v,fs,hbt_typ,125,1,1.2,0.67,6.055800e-05,0.525677,5.55435E+10,-15.987800,23.511900,
nx1_fs_125c_vce1.2v,fs,hbt_typ,125,1,1.2,0.69,1.028180e-04,0.892517,8.63499E+10,-11.767800,19.551500,
nx1_fs_125c_vce1.2v,fs,hbt_typ,125,1,1.2,0.71,1.711570e-04,1.485738,1.26948E+11,-7.910650,16.160100,
nx1_fs_125c_vce1.2v,fs,hbt_typ,125,1,1.2,0.73,2.769620e-04,2.404184,1.74112E+11,-4.528380,13.500100,
nx1_fs_125c_vce1.2v,fs,hbt_typ,125,1,1.2,0.75,4.320040e-04,3.750035,2.21843E+11,-1.692440,11.594200,
nx1_fs_125c_vce1.2v,fs,hbt_typ,125,1,1.2,0.77,6.457270e-04,5.605269,2.63587E+11,0.595046,10.308200,
nx1_fs_125c_vce1.2v,fs,hbt_typ,125,1,1.2,0.79,9.232530e-04,8.014349,2.97237E+11,2.395340,9.450540,
nx1_fs_125c_vce1.2v,fs,hbt_typ,125,1,1.2,0.81,1.265240e-03,10.982986,3.2272E+11,3.800220,8.863610,
nx1_fs_125c_vce1.2v,fs,hbt_typ,125,1,1.2,0.83,1.669100e-03,14.488715,3.39101E+11,4.900710,8.445920,
nx1_fs_125c_vce1.2v,fs,hbt_typ,125,1,1.2,0.85,2.130530e-03,18.494184,3.48807E+11,5.771870,8.138520,
nx1_fs_125c_vce1.2v,fs,hbt_typ,125,1,1.2,0.87,2.644620e-03,22.956771,3.51010E+11,6.470330,7.907990,
nx1_fs_125c_vce1.2v,fs,hbt_typ,125,1,1.2,0.89,3.206460e-03,27.833854,3.4558E+11,7.037160,7.735100,ic_high
nx1_fs_125c_vce1.2v,fs,hbt_typ,125,1,1.2,0.91,3.811450e-03,33.085503,3.31241E+11,7.501740,7.608430,ic_high
nx1_fs_125c_vce1.2v,fs,hbt_typ,125,1,1.2,0.93,4.455330e-03,38.674740,3.04279E+11,7.884550,7.521150,ic_high
nx1_fs_125c_vce1.2v,fs,hbt_typ,125,1,1.2,0.95,5.134210e-03,44.567795,2.69022E+11,8.200590,7.468970,ic_high
nx1_fs_125c_vce1.2v,fs,hbt_typ,125,1,1.2,0.97,5.844280e-03,50.731597,2.30318E+11,8.454300,7.450260,ic_high;vbe_high
nx1_fs_125c_vce1.2v,fs,hbt_typ,125,1,1.2,0.99,6.579260e-03,57.111632,1.82777E+11,8.568450,7.475670,ic_high;vbe_high
nx1_fs_125c_vce1.2v,fs,hbt_typ,125,1,1.2,1.01,7.310620e-03,63.460243,1.20335E+11,8.044770,7.617760,ic_high;vbe_high
nx1_fs_125c_vce1.2v,fs,hbt_typ,125,1,1.2,1.03,7.981600e-03,69.284722,7.13707E+10,6.943240,7.877420,ic_high;vbe_high
nx1_fs_125c_vce1.2v,fs,hbt_typ,125,1,1.2,1.05,8.596440e-03,74.621875,4.75187E+10,6.147670,8.116070,ic_high;vbe_high
nx1_fs_125c_vce1.4v,fs,hbt_typ,125,1,1.4,0.55,2.192330e-06,0.019031,2.37819E+09,-43.503300,50.757900,vbe_low
nx1_fs_125c_vce1.4v,fs,hbt_typ,125,1,1.4,0.57,3.835260e-06,0.033292,4.11462E+09,-39.150000,46.410100,vbe_low
nx1_fs_125c_vce1.4v,fs,hbt_typ,125,1,1.4,0.59,6.704470e-06,0.058199,7.11352E+09,-34.501900,41.772000,vbe_low
nx1_fs_125c_vce1.4v,fs,hbt_typ,125,1,1.4,0.61,1.170470e-05,0.101603,1.22031E+10,-29.771700,37.060000,vbe_low
nx1_fs_125c_vce1.4v,fs,hbt_typ,125,1,1.4,0.63,2.038570e-05,0.176959,2.06733E+10,-25.058200,32.381300,vbe_low
nx1_fs_125c_vce1.4v,fs,hbt_typ,125,1,1.4,0.65,3.535750e-05,0.306923,3.45371E+10,-20.426600,27.817500,
nx1_fs_125c_vce1.4v,fs,hbt_typ,125,1,1.4,0.67,6.088640e-05,0.528528,5.6052E+10,-15.947600,23.473400,
nx1_fs_125c_vce1.4v,fs,hbt_typ,125,1,1.4,0.69,1.036030e-04,0.899332,8.73014E+10,-11.714100,19.502500,
nx1_fs_125c_vce1.4v,fs,hbt_typ,125,1,1.4,0.71,1.730080e-04,1.501806,1.28487E+11,-7.840620,16.101700,
nx1_fs_125c_vce1.4v,fs,hbt_typ,125,1,1.4,0.73,2.811110e-04,2.440200,1.76611E+11,-4.441800,13.437600,
nx1_fs_125c_vce1.4v,fs,hbt_typ,125,1,1.4,0.75,4.406120e-04,3.824757,2.2522E+11,-1.592620,11.534500,
nx1_fs_125c_vce1.4v,fs,hbt_typ,125,1,1.4,0.77,6.620180e-04,5.746684,2.67906E+11,0.702716,10.255100,
nx1_fs_125c_vce1.4v,fs,hbt_typ,125,1,1.4,0.79,9.513860e-04,8.258559,3.02279E+11,2.505900,9.404650,
nx1_fs_125c_vce1.4v,fs,hbt_typ,125,1,1.4,0.81,1.310000e-03,11.371528,3.27389E+11,3.910500,8.823950,
nx1_fs_125c_vce1.4v,fs,hbt_typ,125,1,1.4,0.83,1.735580e-03,15.065799,3.44269E+11,5.008950,8.411810,
nx1_fs_125c_vce1.4v,fs,hbt_typ,125,1,1.4,0.85,2.223890e-03,19.304601,3.53477E+11,5.876760,8.110250,
nx1_fs_125c_vce1.4v,fs,hbt_typ,125,1,1.4,0.87,2.769910e-03,24.044358,3.55007E+11,6.570560,7.886820,
nx1_fs_125c_vce1.4v,fs,hbt_typ,125,1,1.4,0.89,3.368530e-03,29.240712,3.48693E+11,7.131660,7.723050,ic_high
nx1_fs_125c_vce1.4v,fs,hbt_typ,125,1,1.4,0.91,4.014870e-03,34.851302,3.33478E+11,7.589690,7.608220,ic_high
nx1_fs_125c_vce1.4v,fs,hbt_typ,125,1,1.4,0.93,4.704420e-03,40.836979,3.11455E+11,7.965610,7.536100,ic_high
nx1_fs_125c_vce1.4v,fs,hbt_typ,125,1,1.4,0.95,5.432900e-03,47.160590,2.7619E+11,8.273510,7.503240,ic_high
nx1_fs_125c_vce1.4v,fs,hbt_typ,125,1,1.4,0.97,6.196190e-03,53.786372,2.30588E+11,8.522760,7.507810,ic_high;vbe_high
nx1_fs_125c_vce1.4v,fs,hbt_typ,125,1,1.4,0.99,6.990050e-03,60.677517,1.85644E+11,8.715050,7.549640,ic_high;vbe_high
nx1_fs_125c_vce1.4v,fs,hbt_typ,125,1,1.4,1.01,7.807150e-03,67.770399,1.3987E+11,8.768800,7.639770,ic_high;vbe_high
nx1_fs_125c_vce1.4v,fs,hbt_typ,125,1,1.4,1.03,8.613940e-03,74.773785,9.01414E+10,8.196790,7.843320,ic_high;vbe_high
nx1_fs_125c_vce1.4v,fs,hbt_typ,125,1,1.4,1.05,9.352150e-03,81.181858,5.68289E+10,7.156610,8.142690,ic_high;vbe_high
nx8_typ_-40c_vce0.6v,typ,hbt_typ,-40,8,0.6,0.55,3.038460e-10,0.000000,,-33.187300,38.107300,vbe_low
nx8_typ_-40c_vce0.6v,typ,hbt_typ,-40,8,0.6,0.57,8.126550e-10,0.000001,,-33.168200,38.088300,vbe_low
nx8_typ_-40c_vce0.6v,typ,hbt_typ,-40,8,0.6,0.59,2.173690e-09,0.000002,,-33.148600,38.068700,vbe_low
nx8_typ_-40c_vce0.6v,typ,hbt_typ,-40,8,0.6,0.61,5.814250e-09,0.000006,1.44581E+06,-33.128400,38.048500,vbe_low
nx8_typ_-40c_vce0.6v,typ,hbt_typ,-40,8,0.6,0.63,1.555210e-08,0.000017,3.84967E+06,-33.107500,38.027600,vbe_low
nx8_typ_-40c_vce0.6v,typ,hbt_typ,-40,8,0.6,0.65,4.159850e-08,0.000045,1.02283E+07,-33.085500,38.005800,
nx8_typ_-40c_vce0.6v,typ,hbt_typ,-40,8,0.6,0.67,1.112650e-07,0.000121,2.72325E+07,-33.060500,37.981100,
nx8_typ_-40c_vce0.6v,typ,hbt_typ,-40,8,0.6,0.69,2.975920e-07,0.000323,7.22296E+07,-33.020000,37.941600,
nx8_typ_-40c_vce0.6v,typ,hbt_typ,-40,8,0.6,0.71,7.958940e-07,0.000864,1.92248E+08,-32.879800,37.804100,
nx8_typ_-40c_vce0.6v,typ,hbt_typ,-40,8,0.6,0.73,2.128220e-06,0.002309,5.09358E+08,-32.122800,37.054400,
nx8_typ_-40c_vce0.6v,typ,hbt_typ,-40,8,0.6,0.75,5.688490e-06,0.006172,1.35099E+09,-28.895800,33.847800,
nx8_typ_-40c_vce0.6v,typ,hbt_typ,-40,8,0.6,0.77,1.518790e-05,0.016480,3.56382E+09,-22.184100,27.195500,
nx8_typ_-40c_vce0.6v,typ,hbt_typ,-40,8,0.6,0.79,4.043140e-05,0.043871,9.31011E+09,-14.066600,19.269100,
nx8_typ_-40c_vce0.6v,typ,hbt_typ,-40,8,0.6,0.81,1.067920e-04,0.115877,2.38863E+10,-5.824000,11.705000,
nx8_typ_-40c_vce0.6v,typ,hbt_typ,-40,8,0.6,0.83,2.764810e-04,0.300001,5.81921E+10,2.077750,5.967400,
nx8_typ_-40c_vce0.6v,typ,hbt_typ,-40,8,0.6,0.85,6.831740e-04,0.741291,1.27344E+11,9.146640,3.137020,
nx8_typ_-40c_vce0.6v,typ,hbt_typ,-40,8,0.6,0.87,1.542850e-03,1.674099,2.30825E+11,14.774000,2.173150,
nx8_typ_-40c_vce0.6v,typ,hbt_typ,-40,8,0.6,0.89,3.059430e-03,3.319694,3.36004E+11,18.666400,1.844050,
nx8_typ_-40c_vce0.6v,typ,hbt_typ,-40,8,0.6,0.91,5.286910e-03,5.736664,4.13E+11,21.119800,1.701670,
nx8_typ_-40c_vce0.6v,typ,hbt_typ,-40,8,0.6,0.93,8.139350e-03,8.831760,4.58514E+11,22.650600,1.624370,
nx8_typ_-40c_vce0.6v,typ,hbt_typ,-40,8,0.6,0.95,1.149310e-02,12.470812,4.80273E+11,23.646400,1.578300,
nx8_typ_-40c_vce0.6v,typ,hbt_typ,-40,8,0.6,0.97,1.524410e-02,16.540907,4.8578E+11,24.328700,1.552900,vbe_high
nx8_typ_-40c_vce0.6v,typ,hbt_typ,-40,8,0.6,0.99,1.931640e-02,20.959635,4.78279E+11,24.816900,1.544410,vbe_high
nx8_typ_-40c_vce0.6v,typ,hbt_typ,-40,8,0.6,1.01,2.365670e-02,25.669162,4.58671E+11,25.143200,1.551740,vbe_high
nx8_typ_-40c_vce0.6v,typ,hbt_typ,-40,8,0.6,1.03,2.817230e-02,30.568902,3.25729E+11,24.138700,1.586530,ic_high;vbe_high
nx8_typ_-40c_vce0.6v,typ,hbt_typ,-40,8,0.6,1.05,3.209820e-02,34.828776,6.22829E+10,15.489900,1.804230,ic_high;vbe_high
nx8_typ_-40c_vce0.8v,typ,hbt_typ,-40,8,0.8,0.55,3.043320e-10,0.000000,,-33.352700,38.273000,vbe_low
nx8_typ_-40c_vce0.8v,typ,hbt_typ,-40,8,0.8,0.57,8.136180e-10,0.000001,,-33.337900,38.258100,vbe_low
nx8_typ_-40c_vce0.8v,typ,hbt_typ,-40,8,0.8,0.59,2.175920e-09,0.000002,,-33.322700,38.243000,vbe_low
nx8_typ_-40c_vce0.8v,typ,hbt_typ,-40,8,0.8,0.61,5.819890e-09,0.000006,1.45646E+06,-33.307200,38.227400,vbe_low
nx8_typ_-40c_vce0.8v,typ,hbt_typ,-40,8,0.8,0.63,1.556680e-08,0.000017,3.87657E+06,-33.291100,38.211500,vbe_low
nx8_typ_-40c_vce0.8v,typ,hbt_typ,-40,8,0.8,0.65,4.163750e-08,0.000045,1.03079E+07,-33.274300,38.194800,
nx8_typ_-40c_vce0.8v,typ,hbt_typ,-40,8,0.8,0.67,1.113690e-07,0.000121,2.74339E+07,-33.254600,38.175500,
nx8_typ_-40c_vce0.8v,typ,hbt_typ,-40,8,0.8,0.69,2.978720e-07,0.000323,7.28284E+07,-33.219100,38.140900,
nx8_typ_-40c_vce0.8v,typ,hbt_typ,-40,8,0.8,0.71,7.966510e-07,0.000864,1.93766E+08,-33.079300,38.003800,
nx8_typ_-40c_vce0.8v,typ,hbt_typ,-40,8,0.8,0.73,2.130310e-06,0.002312,5.13241E+08,-32.294800,37.226600,
nx8_typ_-40c_vce0.8v,typ,hbt_typ,-40,8,0.8,0.75,5.694550e-06,0.006179,1.3626E+09,-28.975000,33.927300,
nx8_typ_-40c_vce0.8v,typ,hbt_typ,-40,8,0.8,0.77,1.520720e-05,0.016501,3.59414E+09,-22.192700,27.204400,
nx8_typ_-40c_vce0.8v,typ,hbt_typ,-40,8,0.8,0.79,4.050280e-05,0.043948,9.4058E+09,-14.054700,19.258100,
nx8_typ_-40c_vce0.8v,typ,hbt_typ,-40,8,0.8,0.81,1.071090e-04,0.116221,2.41610E+10,-5.800370,11.685400,
nx8_typ_-40c_vce0.8v,typ,hbt_typ,-40,8,0.8,0.83,2.780460e-04,0.301699,5.89441E+10,2.120680,5.943910,
nx8_typ_-40c_vce0.8v,typ,hbt_typ,-40,8,0.8,0.85,6.907060e-04,0.749464,1.29557E+11,9.221140,3.119430,
nx8_typ_-40c_vce0.8v,typ,hbt_typ,-40,8,0.8,0.87,1.572900e-03,1.706706,2.35746E+11,14.882500,2.162430,
nx8_typ_-40c_vce0.8v,typ,hbt_typ,-40,8,0.8,0.89,3.149090e-03,3.416981,3.45413E+11,18.792300,1.836890,
nx8_typ_-40c_vce0.8v,typ,hbt_typ,-40,8,0.8,0.91,5.488280e-03,5.955165,4.23791E+11,21.245100,1.696080,
nx8_typ_-40c_vce0.8v,typ,hbt_typ,-40,8,0.8,0.93,8.505760e-03,9.229340,4.70292E+11,22.769500,1.620020,
nx8_typ_-40c_vce0.8v,typ,hbt_typ,-40,8,0.8,0.95,1.207400e-02,13.101128,4.95376E+11,23.760600,1.576130,
nx8_typ_-40c_vce0.8v,typ,hbt_typ,-40,8,0.8,0.97,1.608370e-02,17.451931,5.03424E+11,24.443500,1.554770,vbe_high
nx8_typ_-40c_vce0.8v,typ,hbt_typ,-40,8,0.8,0.99,2.045870e-02,22.199110,4.98799E+11,24.937000,1.552990,vbe_high
nx8_typ_-40c_vce0.8v,typ,hbt_typ,-40,8,0.8,1.01,2.514370e-02,27.282661,4.80848E+11,25.304100,1.570190,ic_high;vbe_high
nx8_typ_-40c_vce0.8v,typ,hbt_typ,-40,8,0.8,1.03,3.010150e-02,32.662218,4.53848E+11,25.579700,1.606840,ic_high;vbe_high
nx8_typ_-40c_vce0.8v,typ,hbt_typ,-40,8,0.8,1.05,3.530100e-02,38.304036,4.07344E+11,25.683200,1.664860,ic_high;vbe_high
nx8_typ_-40c_vce1.0v,typ,hbt_typ,-40,8,1.0,0.55,3.048250e-10,0.000000,,-33.485300,38.405700,vbe_low
nx8_typ_-40c_vce1.0v,typ,hbt_typ,-40,8,1.0,0.57,8.145940e-10,0.000001,,-33.473200,38.393600,vbe_low
nx8_typ_-40c_vce1.0v,typ,hbt_typ,-40,8,1.0,0.59,2.178180e-09,0.000002,,-33.460800,38.381200,vbe_low
nx8_typ_-40c_vce1.0v,typ,hbt_typ,-40,8,1.0,0.61,5.825550e-09,0.000006,1.46506E+06,-33.448200,38.368600,vbe_low
nx8_typ_-40c_vce1.0v,typ,hbt_typ,-40,8,1.0,0.63,1.558150e-08,0.000017,3.89822E+06,-33.435200,38.355700,vbe_low
nx8_typ_-40c_vce1.0v,typ,hbt_typ,-40,8,1.0,0.65,4.167630e-08,0.000045,1.03715E+07,-33.421600,38.342200,
nx8_typ_-40c_vce1.0v,typ,hbt_typ,-40,8,1.0,0.67,1.114720e-07,0.000121,2.7594E+07,-33.405100,38.326100,
nx8_typ_-40c_vce1.0v,typ,hbt_typ,-40,8,1.0,0.69,2.981470e-07,0.000324,7.32997E+07,-33.372300,38.294300,
nx8_typ_-40c_vce1.0v,typ,hbt_typ,-40,8,1.0,0.71,7.973940e-07,0.000865,1.94954E+08,-33.231600,38.156300,
nx8_typ_-40c_vce1.0v,typ,hbt_typ,-40,8,1.0,0.73,2.132360e-06,0.002314,5.16564E+08,-32.423900,37.355900,
nx8_typ_-40c_vce1.0v,typ,hbt_typ,-40,8,1.0,0.75,5.700480e-06,0.006185,1.37158E+09,-29.031600,33.984000,
nx8_typ_-40c_vce1.0v,typ,hbt_typ,-40,8,1.0,0.77,1.522610e-05,0.016521,3.61757E+09,-22.196100,27.208200,
nx8_typ_-40c_vce1.0v,typ,hbt_typ,-40,8,1.0,0.79,4.057350e-05,0.044025,9.47994E+09,-14.042300,19.246500,
nx8_typ_-40c_vce1.0v,typ,hbt_typ,-40,8,1.0,0.81,1.074240e-04,0.116562,2.43777E+10,-5.776900,11.665700,
nx8_typ_-40c_vce1.0v,typ,hbt_typ,-40,8,1.0,0.83,2.796260e-04,0.303414,5.96574E+10,2.163550,5.920460,
nx8_typ_-40c_vce1.0v,typ,hbt_typ,-40,8,1.0,0.85,6.984370e-04,0.757853,1.31411E+11,9.296290,3.101790,
nx8_typ_-40c_vce1.0v,typ,hbt_typ,-40,8,1.0,0.87,1.604470e-03,1.740961,2.40801E+11,14.993000,2.151610,
nx8_typ_-40c_vce1.0v,typ,hbt_typ,-40,8,1.0,0.89,3.245460e-03,3.521549,3.53044E+11,18.921100,1.829580,
nx8_typ_-40c_vce1.0v,typ,hbt_typ,-40,8,1.0,0.91,5.708650e-03,6.194282,4.33327E+11,21.373000,1.690370,
nx8_typ_-40c_vce1.0v,typ,hbt_typ,-40,8,1.0,0.93,8.913270e-03,9.671517,4.80011E+11,22.890200,1.615770,
nx8_typ_-40c_vce1.0v,typ,hbt_typ,-40,8,1.0,0.95,1.272740e-02,13.810113,5.04386E+11,23.875500,1.574710,
nx8_typ_-40c_vce1.0v,typ,hbt_typ,-40,8,1.0,0.97,1.703910e-02,18.488607,5.11825E+11,24.555800,1.558750,vbe_high
nx8_typ_-40c_vce1.0v,typ,hbt_typ,-40,8,1.0,0.99,2.177090e-02,23.622938,5.06959E+11,25.049500,1.566090,vbe_high
nx8_typ_-40c_vce1.0v,typ,hbt_typ,-40,8,1.0,1.01,2.686890e-02,29.154622,4.8995E+11,25.419700,1.597340,ic_high;vbe_high
nx8_typ_-40c_vce1.0v,typ,hbt_typ,-40,8,1.0,1.03,3.229530e-02,35.042643,4.60248E+11,25.699300,1.654250,ic_high;vbe_high
nx8_typ_-40c_vce1.0v,typ,hbt_typ,-40,8,1.0,1.05,3.802530e-02,41.260091,4.18464E+11,25.904700,1.739260,ic_high;vbe_high
nx8_typ_-40c_vce1.2v,typ,hbt_typ,-40,8,1.2,0.55,3.053650e-10,0.000000,,-33.595800,38.516300,vbe_low
nx8_typ_-40c_vce1.2v,typ,hbt_typ,-40,8,1.2,0.57,8.156810e-10,0.000001,,-33.585500,38.506100,vbe_low
nx8_typ_-40c_vce1.2v,typ,hbt_typ,-40,8,1.2,0.59,2.180690e-09,0.000002,,-33.575100,38.495600,vbe_low
nx8_typ_-40c_vce1.2v,typ,hbt_typ,-40,8,1.2,0.61,5.831810e-09,0.000006,1.47249E+06,-33.564500,38.485000,vbe_low
nx8_typ_-40c_vce1.2v,typ,hbt_typ,-40,8,1.2,0.63,1.559760e-08,0.000017,3.91679E+06,-33.553600,38.474200,vbe_low
nx8_typ_-40c_vce1.2v,typ,hbt_typ,-40,8,1.2,0.65,4.171820e-08,0.000045,1.04257E+07,-33.542100,38.462800,
nx8_typ_-40c_vce1.2v,typ,hbt_typ,-40,8,1.2,0.67,1.115820e-07,0.000121,2.77293E+07,-33.527800,38.448900,
nx8_typ_-40c_vce1.2v,typ,hbt_typ,-40,8,1.2,0.69,2.984380e-07,0.000324,7.36958E+07,-33.496800,38.418900,
nx8_typ_-40c_vce1.2v,typ,hbt_typ,-40,8,1.2,0.71,7.981710e-07,0.000866,1.95947E+08,-33.354500,38.279300,
nx8_typ_-40c_vce1.2v,typ,hbt_typ,-40,8,1.2,0.73,2.134490e-06,0.002316,5.1949E+08,-32.526700,37.458900,
nx8_typ_-40c_vce1.2v,typ,hbt_typ,-40,8,1.2,0.75,5.706560e-06,0.006192,1.37902E+09,-29.074500,34.027100,
nx8_typ_-40c_vce1.2v,typ,hbt_typ,-40,8,1.2,0.77,1.524530e-05,0.016542,3.63696E+09,-22.196400,27.208800,
nx8_typ_-40c_vce1.2v,typ,hbt_typ,-40,8,1.2,0.79,4.064480e-05,0.044102,9.54165E+09,-14.029300,19.234300,
nx8_typ_-40c_vce1.2v,typ,hbt_typ,-40,8,1.2,0.81,1.077430e-04,0.116909,2.45613E+10,-5.753290,11.645900,
nx8_typ_-40c_vce1.2v,typ,hbt_typ,-40,8,1.2,0.83,2.812300e-04,0.305154,6.02789E+10,2.206720,5.896840,
nx8_typ_-40c_vce1.2v,typ,hbt_typ,-40,8,1.2,0.85,7.064010e-04,0.766494,1.33234E+11,9.372490,3.084000,
nx8_typ_-40c_vce1.2v,typ,hbt_typ,-40,8,1.2,0.87,1.637710e-03,1.777029,2.45351E+11,15.105800,2.140650,
nx8_typ_-40c_vce1.2v,typ,hbt_typ,-40,8,1.2,0.89,3.349380e-03,3.634310,3.59781E+11,19.052700,1.822130,
nx8_typ_-40c_vce1.2v,typ,hbt_typ,-40,8,1.2,0.91,5.951720e-03,6.458030,4.41392E+11,21.503900,1.684530,
nx8_typ_-40c_vce1.2v,typ,hbt_typ,-40,8,1.2,0.93,9.369900e-03,10.166992,4.87967E+11,23.014300,1.611700,
nx8_typ_-40c_vce1.2v,typ,hbt_typ,-40,8,1.2,0.95,1.347120e-02,14.617188,5.10764E+11,23.994200,1.574360,
nx8_typ_-40c_vce1.2v,typ,hbt_typ,-40,8,1.2,0.97,1.813910e-02,19.682183,5.16596E+11,24.671500,1.565710,vbe_high
nx8_typ_-40c_vce1.2v,typ,hbt_typ,-40,8,1.2,0.99,2.330260e-02,25.284939,5.09514E+11,25.163400,1.585600,vbe_high
nx8_typ_-40c_vce1.2v,typ,hbt_typ,-40,8,1.2,1.01,2.890400e-02,31.362847,4.89159E+11,25.531300,1.636510,ic_high;vbe_high
nx8_typ_-40c_vce1.2v,typ,hbt_typ,-40,8,1.2,1.03,3.491180e-02,37.881727,4.56191E+11,25.807800,1.722230,ic_high;vbe_high
nx8_typ_-40c_vce1.2v,typ,hbt_typ,-40,8,1.2,1.05,4.130340e-02,44.817057,4.10798E+11,26.007400,1.847280,ic_high;vbe_high
nx8_typ_-40c_vce1.4v,typ,hbt_typ,-40,8,1.4,0.55,3.060350e-10,0.000000,,-33.690300,38.611000,vbe_low
nx8_typ_-40c_vce1.4v,typ,hbt_typ,-40,8,1.4,0.57,8.170870e-10,0.000001,,-33.681500,38.602100,vbe_low
nx8_typ_-40c_vce1.4v,typ,hbt_typ,-40,8,1.4,0.59,2.183990e-09,0.000002,,-33.672500,38.593100,vbe_low
nx8_typ_-40c_vce1.4v,typ,hbt_typ,-40,8,1.4,0.61,5.839980e-09,0.000006,1.47944E+06,-33.663300,38.584000,vbe_low
nx8_typ_-40c_vce1.4v,typ,hbt_typ,-40,8,1.4,0.63,1.561830e-08,0.000017,3.93402E+06,-33.654000,38.574700,vbe_low
nx8_typ_-40c_vce1.4v,typ,hbt_typ,-40,8,1.4,0.65,4.177150e-08,0.000045,1.04754E+07,-33.644000,38.564900,
nx8_typ_-40c_vce1.4v,typ,hbt_typ,-40,8,1.4,0.67,1.117190e-07,0.000121,2.78527E+07,-33.631200,38.552500,
nx8_typ_-40c_vce1.4v,typ,hbt_typ,-40,8,1.4,0.69,2.987950e-07,0.000324,7.40536E+07,-33.601300,38.523600,
nx8_typ_-40c_vce1.4v,typ,hbt_typ,-40,8,1.4,0.71,7.991070e-07,0.000867,1.96838E+08,-33.457300,38.382300,
nx8_typ_-40c_vce1.4v,typ,hbt_typ,-40,8,1.4,0.73,2.136990e-06,0.002319,5.22098E+08,-32.611500,37.543800,
nx8_typ_-40c_vce1.4v,typ,hbt_typ,-40,8,1.4,0.75,5.713540e-06,0.006200,1.3856E+09,-29.107600,34.060400,
nx8_typ_-40c_vce1.4v,typ,hbt_typ,-40,8,1.4,0.77,1.526670e-05,0.016565,3.65410E+09,-22.193700,27.206300,
nx8_typ_-40c_vce1.4v,typ,hbt_typ,-40,8,1.4,0.79,4.072130e-05,0.044185,9.59629E+09,-14.015000,19.220700,
nx8_typ_-40c_vce1.4v,typ,hbt_typ,-40,8,1.4,0.81,1.080750e-04,0.117269,2.4726E+10,-5.728530,11.625000,
nx8_typ_-40c_vce1.4v,typ,hbt_typ,-40,8,1.4,0.83,2.828870e-04,0.306952,6.08476E+10,2.251430,5.872220,
nx8_typ_-40c_vce1.4v,typ,hbt_typ,-40,8,1.4,0.85,7.146840e-04,0.775482,1.35095E+11,9.451160,3.065550,
nx8_typ_-40c_vce1.4v,typ,hbt_typ,-40,8,1.4,0.87,1.673020e-03,1.815343,2.49625E+11,15.221800,2.129260,
nx8_typ_-40c_vce1.4v,typ,hbt_typ,-40,8,1.4,0.89,3.462540e-03,3.757096,3.66027E+11,19.186000,1.814380,
nx8_typ_-40c_vce1.4v,typ,hbt_typ,-40,8,1.4,0.91,6.221870e-03,6.751161,4.48608E+11,21.633000,1.678550,
nx8_typ_-40c_vce1.4v,typ,hbt_typ,-40,8,1.4,0.93,9.886630e-03,10.727680,4.94665E+11,23.134800,1.607970,
nx8_typ_-40c_vce1.4v,typ,hbt_typ,-40,8,1.4,0.95,1.432270e-02,15.541124,5.1553E+11,24.111800,1.575610,
nx8_typ_-40c_vce1.4v,typ,hbt_typ,-40,8,1.4,0.97,1.942790e-02,21.080621,5.19092E+11,24.789400,1.576970,vbe_high
nx8_typ_-40c_vce1.4v,typ,hbt_typ,-40,8,1.4,0.99,2.511860e-02,27.255425,5.08423E+11,25.280400,1.614500,ic_high;vbe_high
nx8_typ_-40c_vce1.4v,typ,hbt_typ,-40,8,1.4,1.01,3.135340e-02,34.020616,4.82069E+11,25.643000,1.693600,ic_high;vbe_high
nx8_typ_-40c_vce1.4v,typ,hbt_typ,-40,8,1.4,1.03,3.810550e-02,41.347114,4.42622E+11,25.908100,1.821350,ic_high;vbe_high
nx8_typ_-40c_vce1.4v,typ,hbt_typ,-40,8,1.4,1.05,4.535830e-02,49.216905,3.91154E+11,26.089800,2.005570,ic_high;vbe_high
nx8_typ_27c_vce0.6v,typ,hbt_typ,27,8,0.6,0.55,1.023540e-07,0.000111,1.95586E+07,-33.038700,39.055900,vbe_low
nx8_typ_27c_vce0.6v,typ,hbt_typ,27,8,0.6,0.57,2.179140e-07,0.000236,4.14101E+07,-33.009700,39.027300,vbe_low
nx8_typ_27c_vce0.6v,typ,hbt_typ,27,8,0.6,0.59,4.639320e-07,0.000503,8.77154E+07,-32.962900,38.981600,vbe_low
nx8_typ_27c_vce0.6v,typ,hbt_typ,27,8,0.6,0.61,9.876470e-07,0.001072,1.85518E+08,-32.842700,38.863600,vbe_low
nx8_typ_27c_vce0.6v,typ,hbt_typ,27,8,0.6,0.63,2.102370e-06,0.002281,3.92644E+08,-32.421200,38.446800,vbe_low
nx8_typ_27c_vce0.6v,typ,hbt_typ,27,8,0.6,0.65,4.474440e-06,0.004855,8.28714E+08,-30.972300,37.008100,
nx8_typ_27c_vce0.6v,typ,hbt_typ,27,8,0.6,0.67,9.519290e-06,0.010329,1.75013E+09,-27.429100,33.487400,
nx8_typ_27c_vce0.6v,typ,hbt_typ,27,8,0.6,0.69,2.023600e-05,0.021957,3.67185E+09,-21.994200,28.103500,
nx8_typ_27c_vce0.6v,typ,hbt_typ,27,8,0.6,0.71,4.294460e-05,0.046598,7.69034E+09,-15.787700,22.019200,
nx8_typ_27c_vce0.6v,typ,hbt_typ,27,8,0.6,0.73,9.081050e-05,0.098536,1.58833E+10,-9.431760,15.973500,
nx8_typ_27c_vce0.6v,typ,hbt_typ,27,8,0.6,0.75,1.905940e-04,0.206808,3.20711E+10,-3.170320,10.514700,
nx8_typ_27c_vce0.6v,typ,hbt_typ,27,8,0.6,0.77,3.940120e-04,0.427530,6.21431E+10,2.815370,6.358630,
nx8_typ_27c_vce0.6v,typ,hbt_typ,27,8,0.6,0.79,7.915680e-04,0.858906,1.11819E+11,8.287780,3.942650,
nx8_typ_27c_vce0.6v,typ,hbt_typ,27,8,0.6,0.81,1.515390e-03,1.644303,1.80227E+11,12.962800,2.832160,
nx8_typ_27c_vce0.6v,typ,hbt_typ,27,8,0.6,0.83,2.708140e-03,2.938520,2.54827E+11,16.636800,2.350830,
nx8_typ_27c_vce0.6v,typ,hbt_typ,27,8,0.6,0.85,4.463580e-03,4.843294,3.19095E+11,19.319300,2.122960,
nx8_typ_27c_vce0.6v,typ,hbt_typ,27,8,0.6,0.87,6.793880e-03,7.371832,3.64543E+11,21.201700,2.000740,
nx8_typ_27c_vce0.6v,typ,hbt_typ,27,8,0.6,0.89,9.650720e-03,10.471701,3.92157E+11,22.516900,1.931010,
nx8_typ_27c_vce0.6v,typ,hbt_typ,27,8,0.6,0.91,1.296360e-02,14.066406,4.03754E+11,23.449100,1.894590,
nx8_typ_27c_vce0.6v,typ,hbt_typ,27,8,0.6,0.93,1.666400e-02,18.081597,4.03409E+11,24.121000,1.884350,
nx8_typ_27c_vce0.6v,typ,hbt_typ,27,8,0.6,0.95,2.069300e-02,22.453342,3.92971E+11,24.586400,1.897920,
nx8_typ_27c_vce0.6v,typ,hbt_typ,27,8,0.6,0.97,2.498230e-02,27.107530,3.50955E+11,24.489400,1.938980,ic_high;vbe_high
nx8_typ_27c_vce0.6v,typ,hbt_typ,27,8,0.6,0.99,2.924050e-02,31.727973,1.75439E+11,20.776000,2.056920,ic_high;vbe_high
nx8_typ_27c_vce0.6v,typ,hbt_typ,27,8,0.6,1.01,3.277760e-02,35.565972,6.32245E+10,14.926200,2.323860,ic_high;vbe_high
nx8_typ_27c_vce0.6v,typ,hbt_typ,27,8,0.6,1.03,3.581140e-02,38.857856,3.35504E+10,11.694300,2.647760,ic_high;vbe_high
nx8_typ_27c_vce0.6v,typ,hbt_typ,27,8,0.6,1.05,3.879900e-02,42.099609,2.19099E+10,9.472340,3.038460,ic_high;vbe_high
nx8_typ_27c_vce0.8v,typ,hbt_typ,27,8,0.8,0.55,1.024500e-07,0.000111,1.97056E+07,-33.238900,39.256200,vbe_low
nx8_typ_27c_vce0.8v,typ,hbt_typ,27,8,0.8,0.57,2.181190e-07,0.000237,4.17558E+07,-33.215700,39.233500,vbe_low
nx8_typ_27c_vce0.8v,typ,hbt_typ,27,8,0.8,0.59,4.643680e-07,0.000504,8.84116E+07,-33.174300,39.193200,vbe_low
nx8_typ_27c_vce0.8v,typ,hbt_typ,27,8,0.8,0.61,9.885860e-07,0.001073,1.87162E+08,-33.056100,39.077200,vbe_low
nx8_typ_27c_vce0.8v,typ,hbt_typ,27,8,0.8,0.63,2.104420e-06,0.002283,3.95966E+08,-32.621500,38.647400,vbe_low
nx8_typ_27c_vce0.8v,typ,hbt_typ,27,8,0.8,0.65,4.478980e-06,0.004860,8.36605E+08,-31.118300,37.154400,
nx8_typ_27c_vce0.8v,typ,hbt_typ,27,8,0.8,0.67,9.529780e-06,0.010340,1.76622E+09,-27.490400,33.549000,
nx8_typ_27c_vce0.8v,typ,hbt_typ,27,8,0.8,0.69,2.026180e-05,0.021985,3.71075E+09,-22.004100,28.113900,
nx8_typ_27c_vce0.8v,typ,hbt_typ,27,8,0.8,0.71,4.301460e-05,0.046674,7.77206E+09,-15.779000,22.011200,
nx8_typ_27c_vce0.8v,typ,hbt_typ,27,8,0.8,0.73,9.102110e-05,0.098764,1.60606E+10,-9.413670,15.957200,
nx8_typ_27c_vce0.8v,typ,hbt_typ,27,8,0.8,0.75,1.912880e-04,0.207561,3.24732E+10,-3.141480,10.492200,
nx8_typ_27c_vce0.8v,typ,hbt_typ,27,8,0.8,0.77,3.964000e-04,0.430122,6.31117E+10,2.861040,6.333620,
nx8_typ_27c_vce0.8v,typ,hbt_typ,27,8,0.8,0.79,7.995950e-04,0.867616,1.13923E+11,8.357800,3.921640,
nx8_typ_27c_vce0.8v,typ,hbt_typ,27,8,0.8,0.81,1.539870e-03,1.670866,1.84233E+11,13.060600,2.817370,
nx8_typ_27c_vce0.8v,typ,hbt_typ,27,8,0.8,0.83,2.772020e-03,3.007834,2.61353E+11,16.756400,2.340700,
nx8_typ_27c_vce0.8v,typ,hbt_typ,27,8,0.8,0.85,4.603070e-03,4.994651,3.28188E+11,19.448400,2.115840,
nx8_typ_27c_vce0.8v,typ,hbt_typ,27,8,0.8,0.87,7.053390e-03,7.653418,3.75860E+11,21.330600,1.996150,
nx8_typ_27c_vce0.8v,typ,hbt_typ,27,8,0.8,0.89,1.007510e-02,10.932183,4.06974E+11,22.641800,1.929740,
nx8_typ_27c_vce0.8v,typ,hbt_typ,27,8,0.8,0.91,1.359620e-02,14.752821,4.22196E+11,23.571900,1.898570,
nx8_typ_27c_vce0.8v,typ,hbt_typ,27,8,0.8,0.93,1.754520e-02,19.037760,4.26539E+11,24.246000,1.896560,
nx8_typ_27c_vce0.8v,typ,hbt_typ,27,8,0.8,0.95,2.186210e-02,23.721897,4.17825E+11,24.739900,1.922040,
nx8_typ_27c_vce0.8v,typ,hbt_typ,27,8,0.8,0.97,2.649810e-02,28.752279,4.00334E+11,25.100700,1.975100,ic_high;vbe_high
nx8_typ_27c_vce0.8v,typ,hbt_typ,27,8,0.8,0.99,3.141590e-02,34.088433,3.69958E+11,25.319100,2.057090,ic_high;vbe_high
nx8_typ_27c_vce0.8v,typ,hbt_typ,27,8,0.8,1.01,3.653960e-02,39.648003,2.92318E+11,24.663600,2.177210,ic_high;vbe_high
nx8_typ_27c_vce0.8v,typ,hbt_typ,27,8,0.8,1.03,4.137940e-02,44.899523,1.1389E+11,19.477200,2.407170,ic_high;vbe_high
nx8_typ_27c_vce0.8v,typ,hbt_typ,27,8,0.8,1.05,4.536780e-02,49.227214,4.84228E+10,14.465800,2.770890,ic_high;vbe_high
nx8_typ_27c_vce1.0v,typ,hbt_typ,27,8,1.0,0.55,1.025480e-07,0.000111,1.98218E+07,-33.392900,39.410500,vbe_low
nx8_typ_27c_vce1.0v,typ,hbt_typ,27,8,1.0,0.57,2.183250e-07,0.000237,4.20268E+07,-33.373200,39.391300,vbe_low
nx8_typ_27c_vce1.0v,typ,hbt_typ,27,8,1.0,0.59,4.648070e-07,0.000504,8.89536E+07,-33.334800,39.353900,vbe_low
nx8_typ_27c_vce1.0v,typ,hbt_typ,27,8,1.0,0.61,9.895220e-07,0.001074,1.88429E+08,-33.216600,39.237900,vbe_low
nx8_typ_27c_vce1.0v,typ,hbt_typ,27,8,1.0,0.63,2.106440e-06,0.002286,3.9851E+08,-32.770200,38.796200,vbe_low
nx8_typ_27c_vce1.0v,typ,hbt_typ,27,8,1.0,0.65,4.483460e-06,0.004865,8.4259E+08,-31.223700,37.260000,
nx8_typ_27c_vce1.0v,typ,hbt_typ,27,8,1.0,0.67,9.540100e-06,0.010352,1.77836E+09,-27.531800,33.590600,
nx8_typ_27c_vce1.0v,typ,hbt_typ,27,8,1.0,0.69,2.028730e-05,0.022013,3.73993E+09,-22.008100,28.118200,
nx8_typ_27c_vce1.0v,typ,hbt_typ,27,8,1.0,0.71,4.308360e-05,0.046749,7.83331E+09,-15.769000,22.001800,
nx8_typ_27c_vce1.0v,typ,hbt_typ,27,8,1.0,0.73,9.123010e-05,0.098991,1.61944E+10,-9.395560,15.940900,
nx8_typ_27c_vce1.0v,typ,hbt_typ,27,8,1.0,0.75,1.919820e-04,0.208314,3.2781E+10,-3.112870,10.469800,
nx8_typ_27c_vce1.0v,typ,hbt_typ,27,8,1.0,0.77,3.988130e-04,0.432740,6.38674E+10,2.906570,6.308670,
nx8_typ_27c_vce1.0v,typ,hbt_typ,27,8,1.0,0.79,8.078100e-04,0.876530,1.15595E+11,8.428170,3.900610,
nx8_typ_27c_vce1.0v,typ,hbt_typ,27,8,1.0,0.81,1.565360e-03,1.698524,1.87490E+11,13.159500,2.802510,
nx8_typ_27c_vce1.0v,typ,hbt_typ,27,8,1.0,0.83,2.839790e-03,3.081369,2.66813E+11,16.877900,2.330460,
nx8_typ_27c_vce1.0v,typ,hbt_typ,27,8,1.0,0.85,4.753750e-03,5.158149,3.35161E+11,19.579500,2.108640,
nx8_typ_27c_vce1.0v,typ,hbt_typ,27,8,1.0,0.87,7.337350e-03,7.961534,3.84899E+11,21.460000,1.991690,
nx8_typ_27c_vce1.0v,typ,hbt_typ,27,8,1.0,0.89,1.054580e-02,11.442925,4.15418E+11,22.764400,1.929180,
nx8_typ_27c_vce1.0v,typ,hbt_typ,27,8,1.0,0.91,1.430510e-02,15.522027,4.32472E+11,23.686300,1.904510,
nx8_typ_27c_vce1.0v,typ,hbt_typ,27,8,1.0,0.93,1.854130e-02,20.118598,4.37622E+11,24.352900,1.912970,
nx8_typ_27c_vce1.0v,typ,hbt_typ,27,8,1.0,0.95,2.319360e-02,25.166667,4.31513E+11,24.842400,1.954260,
nx8_typ_27c_vce1.0v,typ,hbt_typ,27,8,1.0,0.97,2.821150e-02,30.611437,4.13649E+11,25.200300,2.029860,ic_high;vbe_high
nx8_typ_27c_vce1.0v,typ,hbt_typ,27,8,1.0,0.99,3.355660e-02,36.411241,3.83352E+11,25.450500,2.142020,ic_high;vbe_high
nx8_typ_27c_vce1.0v,typ,hbt_typ,27,8,1.0,1.01,3.919850e-02,42.533095,3.45222E+11,25.601700,2.293170,ic_high;vbe_high
nx8_typ_27c_vce1.0v,typ,hbt_typ,27,8,1.0,1.03,4.509080e-02,48.926649,2.85418E+11,25.340800,2.488550,ic_high;vbe_high
nx8_typ_27c_vce1.0v,typ,hbt_typ,27,8,1.0,1.05,5.088160e-02,55.210069,1.34491E+11,21.400800,2.776080,ic_high;vbe_high
nx8_typ_27c_vce1.2v,typ,hbt_typ,27,8,1.2,0.55,1.026650e-07,0.000111,1.99218E+07,-33.518000,39.535800,vbe_low
nx8_typ_27c_vce1.2v,typ,hbt_typ,27,8,1.2,0.57,2.185680e-07,0.000237,4.22574E+07,-33.500500,39.518800,vbe_low
nx8_typ_27c_vce1.2v,typ,hbt_typ,27,8,1.2,0.59,4.653100e-07,0.000505,8.94114E+07,-33.463900,39.483100,vbe_low
nx8_typ_27c_vce1.2v,typ,hbt_typ,27,8,1.2,0.61,9.905760e-07,0.001075,1.89489E+08,-33.344900,39.366400,vbe_low
nx8_typ_27c_vce1.2v,typ,hbt_typ,27,8,1.2,0.63,2.108680e-06,0.002288,4.00623E+08,-32.887800,38.914000,vbe_low
nx8_typ_27c_vce1.2v,typ,hbt_typ,27,8,1.2,0.65,4.488320e-06,0.004870,8.47525E+08,-31.305000,37.341500,
nx8_typ_27c_vce1.2v,typ,hbt_typ,27,8,1.2,0.67,9.551080e-06,0.010364,1.78832E+09,-27.561500,33.620600,
nx8_typ_27c_vce1.2v,typ,hbt_typ,27,8,1.2,0.69,2.031390e-05,0.022042,3.76377E+09,-22.008400,28.118800,
nx8_typ_27c_vce1.2v,typ,hbt_typ,27,8,1.2,0.71,4.315470e-05,0.046826,7.88347E+09,-15.757900,21.991300,
nx8_typ_27c_vce1.2v,typ,hbt_typ,27,8,1.2,0.73,9.144300e-05,0.099222,1.63048E+10,-9.377070,15.924100,
nx8_typ_27c_vce1.2v,typ,hbt_typ,27,8,1.2,0.75,1.926870e-04,0.209079,3.30405E+10,-3.084020,10.447100,
nx8_typ_27c_vce1.2v,typ,hbt_typ,27,8,1.2,0.77,4.012710e-04,0.435407,6.45139E+10,2.952480,6.283430,
nx8_typ_27c_vce1.2v,typ,hbt_typ,27,8,1.2,0.79,8.162630e-04,0.885702,1.17052E+11,8.499350,3.879360,
nx8_typ_27c_vce1.2v,typ,hbt_typ,27,8,1.2,0.81,1.592000e-03,1.727431,1.9088E+11,13.260000,2.787480,
nx8_typ_27c_vce1.2v,typ,hbt_typ,27,8,1.2,0.83,2.911970e-03,3.159690,2.72196E+11,17.001300,2.320080,
nx8_typ_27c_vce1.2v,typ,hbt_typ,27,8,1.2,0.85,4.917220e-03,5.335525,3.42067E+11,19.712500,2.101380,
nx8_typ_27c_vce1.2v,typ,hbt_typ,27,8,1.2,0.87,7.650540e-03,8.301367,3.92109E+11,21.591400,1.987430,
nx8_typ_27c_vce1.2v,typ,hbt_typ,27,8,1.2,0.89,1.107150e-02,12.013346,4.21941E+11,22.888700,1.929560,
nx8_typ_27c_vce1.2v,typ,hbt_typ,27,8,1.2,0.91,1.510570e-02,16.390734,4.39031E+11,23.801300,1.913010,
nx8_typ_27c_vce1.2v,typ,hbt_typ,27,8,1.2,0.93,1.968050e-02,21.354709,4.43035E+11,24.457100,1.934940,
nx8_typ_27c_vce1.2v,typ,hbt_typ,27,8,1.2,0.95,2.473060e-02,26.834418,4.35467E+11,24.934200,1.996990,ic_high
nx8_typ_27c_vce1.2v,typ,hbt_typ,27,8,1.2,0.97,3.020720e-02,32.776910,4.16004E+11,25.279000,2.102600,ic_high;vbe_high
nx8_typ_27c_vce1.2v,typ,hbt_typ,27,8,1.2,0.99,3.606990e-02,39.138346,3.85604E+11,25.516600,2.255860,ic_high;vbe_high
nx8_typ_27c_vce1.2v,typ,hbt_typ,27,8,1.2,1.01,4.228700e-02,45.884332,3.41471E+11,25.652800,2.460670,ic_high;vbe_high
nx8_typ_27c_vce1.2v,typ,hbt_typ,27,8,1.2,1.03,4.883000e-02,52.983941,2.9296E+11,25.685900,2.720100,ic_high;vbe_high
nx8_typ_27c_vce1.2v,typ,hbt_typ,27,8,1.2,1.05,5.564240e-02,60.375868,2.28303E+11,25.154100,3.040010,ic_high;vbe_high
nx8_typ_27c_vce1.4v,typ,hbt_typ,27,8,1.4,0.55,1.028400e-07,0.000112,2.0018E+07,-33.623200,39.641100,vbe_low
nx8_typ_27c_vce1.4v,typ,hbt_typ,27,8,1.4,0.57,2.189220e-07,0.000238,4.24762E+07,-33.607300,39.625600,vbe_low
nx8_typ_27c_vce1.4v,typ,hbt_typ,27,8,1.4,0.59,4.660320e-07,0.000506,8.9841E+07,-33.571700,39.591000,vbe_low
nx8_typ_27c_vce1.4v,typ,hbt_typ,27,8,1.4,0.61,9.920520e-07,0.001076,1.90471E+08,-33.451600,39.473200,vbe_low
nx8_typ_27c_vce1.4v,typ,hbt_typ,27,8,1.4,0.63,2.111730e-06,0.002291,4.02562E+08,-32.984500,39.010800,vbe_low
nx8_typ_27c_vce1.4v,typ,hbt_typ,27,8,1.4,0.65,4.494730e-06,0.004877,8.51994E+08,-31.369800,37.406400,
nx8_typ_27c_vce1.4v,typ,hbt_typ,27,8,1.4,0.67,9.565050e-06,0.010379,1.79727E+09,-27.582300,33.641500,
nx8_typ_27c_vce1.4v,typ,hbt_typ,27,8,1.4,0.69,2.034620e-05,0.022077,3.78501E+09,-22.004500,28.115200,
nx8_typ_27c_vce1.4v,typ,hbt_typ,27,8,1.4,0.71,4.323680e-05,0.046915,7.92805E+09,-15.744400,21.978300,
nx8_typ_27c_vce1.4v,typ,hbt_typ,27,8,1.4,0.73,9.167760e-05,0.099477,1.64032E+10,-9.356560,15.905200,
nx8_typ_27c_vce1.4v,typ,hbt_typ,27,8,1.4,0.75,1.934380e-04,0.209894,3.33124E+10,-3.053130,10.422500,
nx8_typ_27c_vce1.4v,typ,hbt_typ,27,8,1.4,0.77,4.038470e-04,0.438202,6.51033E+10,3.000770,6.256510,
nx8_typ_27c_vce1.4v,typ,hbt_typ,27,8,1.4,0.79,8.251110e-04,0.895303,1.1851E+11,8.573260,3.856910,
nx8_typ_27c_vce1.4v,typ,hbt_typ,27,8,1.4,0.81,1.620160e-03,1.757986,1.9402E+11,13.363000,2.771690,
nx8_typ_27c_vce1.4v,typ,hbt_typ,27,8,1.4,0.83,2.989470e-03,3.243783,2.77135E+11,17.124900,2.309290,
nx8_typ_27c_vce1.4v,typ,hbt_typ,27,8,1.4,0.85,5.095800e-03,5.529297,3.48261E+11,19.841400,2.093990,
nx8_typ_27c_vce1.4v,typ,hbt_typ,27,8,1.4,0.87,7.998410e-03,8.678830,3.98332E+11,21.715400,1.983500,
nx8_typ_27c_vce1.4v,typ,hbt_typ,27,8,1.4,0.89,1.166360e-02,12.655816,4.28132E+11,23.006000,1.931300,
nx8_typ_27c_vce1.4v,typ,hbt_typ,27,8,1.4,0.91,1.602100e-02,17.383898,4.43704E+11,23.912600,1.925050,
nx8_typ_27c_vce1.4v,typ,hbt_typ,27,8,1.4,0.93,2.099690e-02,22.783095,4.45694E+11,24.559900,1.964600,
nx8_typ_27c_vce1.4v,typ,hbt_typ,27,8,1.4,0.95,2.653200e-02,28.789062,4.34936E+11,25.021900,2.054410,ic_high
nx8_typ_27c_vce1.4v,typ,hbt_typ,27,8,1.4,0.97,3.257030e-02,35.341037,4.11451E+11,25.344700,2.200800,ic_high;vbe_high
nx8_typ_27c_vce1.4v,typ,hbt_typ,27,8,1.4,0.99,3.907550e-02,42.399631,3.75696E+11,25.554400,2.410440,ic_high;vbe_high
nx8_typ_27c_vce1.4v,typ,hbt_typ,27,8,1.4,1.01,4.601400e-02,49.928385,3.29908E+11,25.659700,2.688980,ic_high;vbe_high
nx8_typ_27c_vce1.4v,typ,hbt_typ,27,8,1.4,1.03,5.335370e-02,57.892470,2.74924E+11,25.644400,3.039910,ic_high;vbe_high
nx8_typ_27c_vce1.4v,typ,hbt_typ,27,8,1.4,1.05,6.105730e-02,66.251411,2.20962E+11,25.444500,3.463990,ic_high;vbe_high
nx8_typ_125c_vce0.6v,typ,hbt_typ,125,8,0.6,0.55,1.743950e-05,0.018923,2.39138E+09,-25.358100,32.658900,vbe_low
nx8_typ_125c_vce0.6v,typ,hbt_typ,125,8,0.6,0.57,3.050100e-05,0.033096,4.13138E+09,-21.094100,28.441500,vbe_low
nx8_typ_125c_vce0.6v,typ,hbt_typ,125,8,0.6,0.59,5.328980e-05,0.057823,7.13025E+09,-16.486400,23.921400,vbe_low
nx8_typ_125c_vce0.6v,typ,hbt_typ,125,8,0.6,0.61,9.293630e-05,0.100842,1.22057E+10,-11.778500,19.383700,vbe_low
nx8_typ_125c_vce0.6v,typ,hbt_typ,125,8,0.6,0.63,1.615710e-04,0.175316,2.06199E+10,-7.085640,15.029000,vbe_low
nx8_typ_125c_vce0.6v,typ,hbt_typ,125,8,0.6,0.65,2.793900e-04,0.303158,3.43048E+10,-2.481530,11.089900,
nx8_typ_125c_vce0.6v,typ,hbt_typ,125,8,0.6,0.67,4.788200e-04,0.519553,5.5401E+10,1.957570,7.861340,
nx8_typ_125c_vce0.6v,typ,hbt_typ,125,8,0.6,0.69,8.088950e-04,0.877707,8.56951E+10,6.135330,5.566110,
nx8_typ_125c_vce0.6v,typ,hbt_typ,125,8,0.6,0.71,1.337120e-03,1.450868,1.25417E+11,9.937510,4.157200,
nx8_typ_125c_vce0.6v,typ,hbt_typ,125,8,0.6,0.73,2.144270e-03,2.326682,1.71038E+11,13.255200,3.368580,
nx8_typ_125c_vce0.6v,typ,hbt_typ,125,8,0.6,0.75,3.309760e-03,3.591319,2.16878E+11,16.022500,2.934080,
nx8_typ_125c_vce0.6v,typ,hbt_typ,125,8,0.6,0.77,4.892850e-03,5.309082,2.56422E+11,18.240900,2.685980,
nx8_typ_125c_vce0.6v,typ,hbt_typ,125,8,0.6,0.79,6.921130e-03,7.509907,2.85093E+11,19.969700,2.538260,
nx8_typ_125c_vce0.6v,typ,hbt_typ,125,8,0.6,0.81,9.391910e-03,10.190875,3.00974E+11,21.295000,2.450690,
nx8_typ_125c_vce0.6v,typ,hbt_typ,125,8,0.6,0.83,1.228180e-02,13.326606,3.07723E+11,22.302400,2.405300,
nx8_typ_125c_vce0.6v,typ,hbt_typ,125,8,0.6,0.85,1.555640e-02,16.879774,3.05884E+11,23.052600,2.394560,
nx8_typ_125c_vce0.6v,typ,hbt_typ,125,8,0.6,0.87,1.917420e-02,20.805339,2.94993E+11,23.524900,2.416410,
nx8_typ_125c_vce0.6v,typ,hbt_typ,125,8,0.6,0.89,2.306310e-02,25.025065,2.63902E+11,23.277500,2.476750,
nx8_typ_125c_vce0.6v,typ,hbt_typ,125,8,0.6,0.91,2.699580e-02,29.292318,1.82979E+11,20.788000,2.606870,ic_high
nx8_typ_125c_vce0.6v,typ,hbt_typ,125,8,0.6,0.93,3.058140e-02,33.182943,1.0246E+11,16.950000,2.832660,ic_high
nx8_typ_125c_vce0.6v,typ,hbt_typ,125,8,0.6,0.95,3.382000e-02,36.697049,6.30497E+10,14.254600,3.115070,ic_high
nx8_typ_125c_vce0.6v,typ,hbt_typ,125,8,0.6,0.97,3.693240e-02,40.074219,4.26508E+10,12.238900,3.460530,ic_high;vbe_high
nx8_typ_125c_vce0.6v,typ,hbt_typ,125,8,0.6,0.99,4.000350e-02,43.406576,2.90506E+10,9.849890,3.941910,ic_high;vbe_high
nx8_typ_125c_vce0.6v,typ,hbt_typ,125,8,0.6,1.01,4.295400e-02,46.608073,1.8461E+10,6.329640,4.710250,ic_high;vbe_high
nx8_typ_125c_vce0.6v,typ,hbt_typ,125,8,0.6,1.03,4.561210e-02,49.492296,1.06536E+10,1.596580,6.064670,ic_high;vbe_high
nx8_typ_125c_vce0.6v,typ,hbt_typ,125,8,0.6,1.05,4.782750e-02,51.896159,5.62999E+09,-3.877550,8.449230,ic_high;vbe_high
nx8_typ_125c_vce0.8v,typ,hbt_typ,125,8,0.8,0.55,1.745960e-05,0.018945,2.41896E+09,-25.401900,32.703200,vbe_low
nx8_typ_125c_vce0.8v,typ,hbt_typ,125,8,0.8,0.57,3.054110e-05,0.033139,4.18391E+09,-21.103800,28.451700,vbe_low
nx8_typ_125c_vce0.8v,typ,hbt_typ,125,8,0.8,0.59,5.337400e-05,0.057914,7.21623E+09,-16.480300,23.916100,vbe_low
nx8_typ_125c_vce0.8v,typ,hbt_typ,125,8,0.8,0.61,9.312450e-05,0.101047,1.23732E+10,-11.764000,19.370500,vbe_low
nx8_typ_125c_vce0.8v,typ,hbt_typ,125,8,0.8,0.63,1.620150e-04,0.175798,2.09231E+10,-7.063790,15.010100,vbe_low
nx8_typ_125c_vce0.8v,typ,hbt_typ,125,8,0.8,0.65,2.804820e-04,0.304342,3.48866E+10,-2.450550,11.065900,
nx8_typ_125c_vce0.8v,typ,hbt_typ,125,8,0.8,0.67,4.815540e-04,0.522520,5.64476E+10,2.001210,7.834480,
nx8_typ_125c_vce0.8v,typ,hbt_typ,125,8,0.8,0.69,8.156880e-04,0.885078,8.76499E+10,6.195940,5.540270,
nx8_typ_125c_vce0.8v,typ,hbt_typ,125,8,0.8,0.71,1.353370e-03,1.468500,1.28598E+11,10.018500,4.135550,
nx8_typ_125c_vce0.8v,typ,hbt_typ,125,8,0.8,0.73,2.180650e-03,2.366157,1.76426E+11,13.357300,3.351880,
nx8_typ_125c_vce0.8v,typ,hbt_typ,125,8,0.8,0.75,3.384410e-03,3.672320,2.24808E+11,16.142400,2.921670,
nx8_typ_125c_vce0.8v,typ,hbt_typ,125,8,0.8,0.77,5.031970e-03,5.460037,2.67206E+11,18.373300,2.677170,
nx8_typ_125c_vce0.8v,typ,hbt_typ,125,8,0.8,0.79,7.157420e-03,7.766298,3.01093E+11,20.111100,2.533080,
nx8_typ_125c_vce0.8v,typ,hbt_typ,125,8,0.8,0.81,9.761700e-03,10.592122,3.25204E+11,21.446100,2.450140,
nx8_typ_125c_vce0.8v,typ,hbt_typ,125,8,0.8,0.83,1.282250e-02,13.913303,3.38785E+11,22.466100,2.411470,
nx8_typ_125c_vce0.8v,typ,hbt_typ,125,8,0.8,0.85,1.630530e-02,17.692383,3.40681E+11,23.239000,2.410440,
nx8_typ_125c_vce0.8v,typ,hbt_typ,125,8,0.8,0.87,2.017180e-02,21.887804,3.31559E+11,23.815900,2.445010,
nx8_typ_125c_vce0.8v,typ,hbt_typ,125,8,0.8,0.89,2.438350e-02,26.457791,3.13287E+11,24.221000,2.515200,ic_high
nx8_typ_125c_vce0.8v,typ,hbt_typ,125,8,0.8,0.91,2.890060e-02,31.359158,2.86482E+11,24.417400,2.622500,ic_high
nx8_typ_125c_vce0.8v,typ,hbt_typ,125,8,0.8,0.93,3.364590e-02,36.508138,2.39269E+11,23.858000,2.775180,ic_high
nx8_typ_125c_vce0.8v,typ,hbt_typ,125,8,0.8,0.95,3.832500e-02,41.585286,1.50593E+11,20.828800,3.009010,ic_high
nx8_typ_125c_vce0.8v,typ,hbt_typ,125,8,0.8,0.97,4.253570e-02,46.154188,8.46278E+10,17.062500,3.338010,ic_high;vbe_high
nx8_typ_125c_vce0.8v,typ,hbt_typ,125,8,0.8,0.99,4.639910e-02,50.346246,5.45914E+10,14.540400,3.727220,ic_high;vbe_high
nx8_typ_125c_vce0.8v,typ,hbt_typ,125,8,0.8,1.01,5.015870e-02,54.425673,3.87978E+10,12.633300,4.180200,ic_high;vbe_high
nx8_typ_125c_vce0.8v,typ,hbt_typ,125,8,0.8,1.03,5.389470e-02,58.479492,2.81551E+10,10.495300,4.735300,ic_high;vbe_high
nx8_typ_125c_vce0.8v,typ,hbt_typ,125,8,0.8,1.05,5.751610e-02,62.408963,1.93518E+10,7.357570,5.485700,ic_high;vbe_high
nx8_typ_125c_vce1.0v,typ,hbt_typ,125,8,1.0,0.55,1.747970e-05,0.018967,2.43873E+09,-25.428300,32.729900,vbe_low
nx8_typ_125c_vce1.0v,typ,hbt_typ,125,8,1.0,0.57,3.058100e-05,0.033183,4.22116E+09,-21.106500,28.454800,vbe_low
nx8_typ_125c_vce1.0v,typ,hbt_typ,125,8,1.0,0.59,5.345770e-05,0.058005,7.27694E+09,-16.471900,23.908400,vbe_low
nx8_typ_125c_vce1.0v,typ,hbt_typ,125,8,1.0,0.61,9.331120e-05,0.101249,1.24908E+10,-11.748900,19.356600,vbe_low
nx8_typ_125c_vce1.0v,typ,hbt_typ,125,8,1.0,0.63,1.624570e-04,0.176277,2.11574E+10,-7.042110,14.991000,vbe_low
nx8_typ_125c_vce1.0v,typ,hbt_typ,125,8,1.0,0.65,2.815740e-04,0.305527,3.52952E+10,-2.420000,11.042100,
nx8_typ_125c_vce1.0v,typ,hbt_typ,125,8,1.0,0.67,4.843090e-04,0.525509,5.71862E+10,2.044400,7.807760,
nx8_typ_125c_vce1.0v,typ,hbt_typ,125,8,1.0,0.69,8.225980e-04,0.892576,8.90308E+10,6.256220,5.514480,
nx8_typ_125c_vce1.0v,typ,hbt_typ,125,8,1.0,0.71,1.370080e-03,1.486632,1.30831E+11,10.099500,4.113910,
nx8_typ_125c_vce1.0v,typ,hbt_typ,125,8,1.0,0.73,2.218570e-03,2.407303,1.8009E+11,13.459500,3.335150,
nx8_typ_125c_vce1.0v,typ,hbt_typ,125,8,1.0,0.75,3.463320e-03,3.757943,2.29878E+11,16.262200,2.909230,
nx8_typ_125c_vce1.0v,typ,hbt_typ,125,8,1.0,0.77,5.181100e-03,5.621853,2.74386E+11,18.503800,2.668420,
nx8_typ_125c_vce1.0v,typ,hbt_typ,125,8,1.0,0.79,7.413910e-03,8.044607,3.09705E+11,20.245100,2.528260,
nx8_typ_125c_vce1.0v,typ,hbt_typ,125,8,1.0,0.81,1.016750e-02,11.032444,3.34295E+11,21.578000,2.450640,
nx8_typ_125c_vce1.0v,typ,hbt_typ,125,8,1.0,0.83,1.342130e-02,14.563043,3.51372E+11,22.593300,2.420000,
nx8_typ_125c_vce1.0v,typ,hbt_typ,125,8,1.0,0.85,1.714070e-02,18.598850,3.58855E+11,23.364800,2.431060,
nx8_typ_125c_vce1.0v,typ,hbt_typ,125,8,1.0,0.87,2.128580e-02,23.096571,3.57119E+11,23.945900,2.483120,
nx8_typ_125c_vce1.0v,typ,hbt_typ,125,8,1.0,0.89,2.581670e-02,28.012912,3.4076E+11,24.365200,2.577420,ic_high
nx8_typ_125c_vce1.0v,typ,hbt_typ,125,8,1.0,0.91,3.069530e-02,33.306532,3.14177E+11,24.645100,2.715750,ic_high
nx8_typ_125c_vce1.0v,typ,hbt_typ,125,8,1.0,0.93,3.588560e-02,38.938368,2.76783E+11,24.765200,2.899940,ic_high
nx8_typ_125c_vce1.0v,typ,hbt_typ,125,8,1.0,0.95,4.133820e-02,44.854818,2.2949E+11,24.503100,3.133560,ic_high
nx8_typ_125c_vce1.0v,typ,hbt_typ,125,8,1.0,0.97,4.686130e-02,50.847765,1.58366E+11,22.440800,3.437820,ic_high;vbe_high
nx8_typ_125c_vce1.0v,typ,hbt_typ,125,8,1.0,0.99,5.196010e-02,56.380317,9.02484E+10,18.482100,3.844040,ic_high;vbe_high
nx8_typ_125c_vce1.0v,typ,hbt_typ,125,8,1.0,1.01,5.656750e-02,61.379666,5.71618E+10,15.513100,4.321730,ic_high;vbe_high
nx8_typ_125c_vce1.0v,typ,hbt_typ,125,8,1.0,1.03,6.096750e-02,66.153971,4.07761E+10,13.457000,4.852220,ic_high;vbe_high
nx8_typ_125c_vce1.0v,typ,hbt_typ,125,8,1.0,1.05,6.531610e-02,70.872504,3.08682E+10,11.632600,5.441380,ic_high;vbe_high
nx8_typ_125c_vce1.2v,typ,hbt_typ,125,8,1.2,0.55,1.750420e-05,0.018993,2.45479E+09,-25.444300,32.746200,vbe_low
nx8_typ_125c_vce1.2v,typ,hbt_typ,125,8,1.2,0.57,3.062730e-05,0.033233,4.25113E+09,-21.104500,28.453200,vbe_low
nx8_typ_125c_vce1.2v,typ,hbt_typ,125,8,1.2,0.59,5.355090e-05,0.058106,7.32568E+09,-16.461300,23.898300,vbe_low
nx8_typ_125c_vce1.2v,typ,hbt_typ,125,8,1.2,0.61,9.351210e-05,0.101467,1.25848E+10,-11.732600,19.341400,vbe_low
nx8_typ_125c_vce1.2v,typ,hbt_typ,125,8,1.2,0.63,1.629200e-04,0.176780,2.1345E+10,-7.019650,14.971100,vbe_low
nx8_typ_125c_vce1.2v,typ,hbt_typ,125,8,1.2,0.65,2.827030e-04,0.306752,3.56254E+10,-2.388890,11.017600,
nx8_typ_125c_vce1.2v,typ,hbt_typ,125,8,1.2,0.67,4.871430e-04,0.528584,5.77899E+10,2.088020,7.780430,
nx8_typ_125c_vce1.2v,typ,hbt_typ,125,8,1.2,0.69,8.297130e-04,0.900296,9.01699E+10,6.316850,5.488260,
nx8_typ_125c_vce1.2v,typ,hbt_typ,125,8,1.2,0.71,1.387410e-03,1.505436,1.32766E+11,10.180700,4.091990,
nx8_typ_125c_vce1.2v,typ,hbt_typ,125,8,1.2,0.73,2.258310e-03,2.450423,1.83112E+11,13.561800,3.318280,
nx8_typ_125c_vce1.2v,typ,hbt_typ,125,8,1.2,0.75,3.547130e-03,3.848882,2.3398E+11,16.381800,2.896720,
nx8_typ_125c_vce1.2v,typ,hbt_typ,125,8,1.2,0.77,5.341730e-03,5.796148,2.79962E+11,18.634200,2.659740,
nx8_typ_125c_vce1.2v,typ,hbt_typ,125,8,1.2,0.79,7.693920e-03,8.348438,3.15983E+11,20.379100,2.523820,
nx8_typ_125c_vce1.2v,typ,hbt_typ,125,8,1.2,0.81,1.061600e-02,11.519097,3.41499E+11,21.709300,2.452300,
nx8_typ_125c_vce1.2v,typ,hbt_typ,125,8,1.2,0.83,1.409040e-02,15.289062,3.58272E+11,22.716300,2.431270,
nx8_typ_125c_vce1.2v,typ,hbt_typ,125,8,1.2,0.85,1.808290e-02,19.621202,3.65741E+11,23.475000,2.457240,
nx8_typ_125c_vce1.2v,typ,hbt_typ,125,8,1.2,0.87,2.255270e-02,24.471246,3.64863E+11,24.041100,2.531310,
nx8_typ_125c_vce1.2v,typ,hbt_typ,125,8,1.2,0.89,2.745790e-02,29.793728,3.54662E+11,24.452400,2.656380,ic_high
nx8_typ_125c_vce1.2v,typ,hbt_typ,125,8,1.2,0.91,3.275790e-02,35.544596,3.29811E+11,24.725800,2.835690,ic_high
nx8_typ_125c_vce1.2v,typ,hbt_typ,125,8,1.2,0.93,3.841390e-02,41.681749,2.88394E+11,24.852600,3.071810,ic_high
nx8_typ_125c_vce1.2v,typ,hbt_typ,125,8,1.2,0.95,4.438760e-02,48.163628,2.4089E+11,24.821000,3.365930,ic_high
nx8_typ_125c_vce1.2v,typ,hbt_typ,125,8,1.2,0.97,5.062640e-02,54.933160,1.84612E+11,24.331900,3.719710,ic_high;vbe_high
nx8_typ_125c_vce1.2v,typ,hbt_typ,125,8,1.2,0.99,5.691600e-02,61.757813,1.21761E+11,21.998200,4.149950,ic_high;vbe_high
nx8_typ_125c_vce1.2v,typ,hbt_typ,125,8,1.2,1.01,6.270600e-02,68.040365,7.25591E+10,18.026200,4.677280,ic_high;vbe_high
nx8_typ_125c_vce1.2v,typ,hbt_typ,125,8,1.2,1.03,6.794880e-02,73.729167,4.79865E+10,15.033100,5.265300,ic_high;vbe_high
nx8_typ_125c_vce1.2v,typ,hbt_typ,125,8,1.2,1.05,7.294090e-02,79.145942,3.50473E+10,12.857800,5.892120,ic_high;vbe_high
nx8_typ_125c_vce1.4v,typ,hbt_typ,125,8,1.4,0.55,1.754420e-05,0.019037,2.47008E+09,-25.449400,32.751500,vbe_low
nx8_typ_125c_vce1.4v,typ,hbt_typ,125,8,1.4,0.57,3.069830e-05,0.033310,4.27916E+09,-21.094800,28.443700,vbe_low
nx8_typ_125c_vce1.4v,typ,hbt_typ,125,8,1.4,0.59,5.368330e-05,0.058250,7.37433E+09,-16.444600,23.881900,vbe_low
nx8_typ_125c_vce1.4v,typ,hbt_typ,125,8,1.4,0.61,9.377570e-05,0.101753,1.26706E+10,-11.711000,19.320700,vbe_low
nx8_typ_125c_vce1.4v,typ,hbt_typ,125,8,1.4,0.63,1.634850e-04,0.177393,2.15149E+10,-6.992190,14.946100,vbe_low
nx8_typ_125c_vce1.4v,typ,hbt_typ,125,8,1.4,0.65,2.840010e-04,0.308161,3.59242E+10,-2.352920,10.988300,
nx8_typ_125c_vce1.4v,typ,hbt_typ,125,8,1.4,0.67,4.902720e-04,0.531979,5.83372E+10,2.136390,7.748930,
nx8_typ_125c_vce1.4v,typ,hbt_typ,125,8,1.4,0.69,8.373980e-04,0.908635,9.12052E+10,6.381740,5.458770,
nx8_typ_125c_vce1.4v,typ,hbt_typ,125,8,1.4,0.71,1.405970e-03,1.525575,1.34781E+11,10.264500,4.067860,
nx8_typ_125c_vce1.4v,typ,hbt_typ,125,8,1.4,0.73,2.300930e-03,2.496669,1.85843E+11,13.662800,3.300100,
nx8_typ_125c_vce1.4v,typ,hbt_typ,125,8,1.4,0.75,3.637650e-03,3.947103,2.38035E+11,16.493700,2.883650,
nx8_typ_125c_vce1.4v,typ,hbt_typ,125,8,1.4,0.77,5.516910e-03,5.986230,2.84796E+11,18.749400,2.651100,
nx8_typ_125c_vce1.4v,typ,hbt_typ,125,8,1.4,0.79,8.002630e-03,8.683409,3.21222E+11,20.494200,2.520080,
nx8_typ_125c_vce1.4v,typ,hbt_typ,125,8,1.4,0.81,1.111600e-02,12.061632,3.47163E+11,21.824400,2.455680,
nx8_typ_125c_vce1.4v,typ,hbt_typ,125,8,1.4,0.83,1.484470e-02,16.107530,3.63183E+11,22.830000,2.446230,
nx8_typ_125c_vce1.4v,typ,hbt_typ,125,8,1.4,0.85,1.915670e-02,20.786350,3.69729E+11,23.580000,2.490730,
nx8_typ_125c_vce1.4v,typ,hbt_typ,125,8,1.4,0.87,2.401070e-02,26.053277,3.67513E+11,24.126600,2.592810,ic_high
nx8_typ_125c_vce1.4v,typ,hbt_typ,125,8,1.4,0.89,2.936290e-02,31.860786,3.55579E+11,24.510300,2.757670,ic_high
nx8_typ_125c_vce1.4v,typ,hbt_typ,125,8,1.4,0.91,3.516950e-02,38.161350,3.31921E+11,24.757700,2.990240,ic_high
nx8_typ_125c_vce1.4v,typ,hbt_typ,125,8,1.4,0.93,4.138710e-02,44.907878,2.94646E+11,24.869900,3.293860,ic_high
nx8_typ_125c_vce1.4v,typ,hbt_typ,125,8,1.4,0.95,4.797010e-02,52.050890,2.33536E+11,24.771100,3.669380,ic_high
nx8_typ_125c_vce1.4v,typ,hbt_typ,125,8,1.4,0.97,5.486810e-02,59.535699,1.72872E+11,24.369400,4.114490,ic_high;vbe_high
nx8_typ_125c_vce1.4v,typ,hbt_typ,125,8,1.4,0.99,6.198780e-02,67.261068,1.15257E+11,22.981400,4.628310,ic_high;vbe_high
nx8_typ_125c_vce1.4v,typ,hbt_typ,125,8,1.4,1.01,6.892580e-02,74.789280,6.95836E+10,19.227100,5.227640,ic_high;vbe_high
nx8_typ_125c_vce1.4v,typ,hbt_typ,125,8,1.4,1.03,7.515820e-02,81.551866,4.46345E+10,15.398700,5.897010,ic_high;vbe_high
nx8_typ_125c_vce1.4v,typ,hbt_typ,125,8,1.4,1.05,8.087510e-02,87.755100,3.10818E+10,12.467500,6.598090,ic_high;vbe_high
nx8_bcs_-40c_vce0.6v,bcs,hbt_bcs,-40,8,0.6,0.55,3.828330e-10,0.000000,,-33.983200,38.903900,vbe_low
nx8_bcs_-40c_vce0.6v,bcs,hbt_bcs,-40,8,0.6,0.57,1.023940e-09,0.000001,,-33.965000,38.885700,vbe_low
nx8_bcs_-40c_vce0.6v,bcs,hbt_bcs,-40,8,0.6,0.59,2.738840e-09,0.000003,,-33.946300,38.867000,vbe_low
nx8_bcs_-40c_vce0.6v,bcs,hbt_bcs,-40,8,0.6,0.61,7.325960e-09,0.000008,2.11195E+06,-33.927000,38.847700,vbe_low
nx8_bcs_-40c_vce0.6v,bcs,hbt_bcs,-40,8,0.6,0.63,1.959570e-08,0.000021,5.61138E+06,-33.907000,38.827800,vbe_low
nx8_bcs_-40c_vce0.6v,bcs,hbt_bcs,-40,8,0.6,0.65,5.241420e-08,0.000057,1.49509E+07,-33.885700,38.806700,
nx8_bcs_-40c_vce0.6v,bcs,hbt_bcs,-40,8,0.6,0.67,1.401940e-07,0.000152,3.97208E+07,-33.859600,38.781100,
nx8_bcs_-40c_vce0.6v,bcs,hbt_bcs,-40,8,0.6,0.69,3.749690e-07,0.000407,1.05662E+08,-33.805600,38.728300,
nx8_bcs_-40c_vce0.6v,bcs,hbt_bcs,-40,8,0.6,0.71,1.002850e-06,0.001088,2.8062E+08,-33.567500,38.493600,
nx8_bcs_-40c_vce0.6v,bcs,hbt_bcs,-40,8,0.6,0.73,2.681690e-06,0.002910,7.4451E+08,-32.274000,37.209400,
nx8_bcs_-40c_vce0.6v,bcs,hbt_bcs,-40,8,0.6,0.75,7.168410e-06,0.007778,1.97343E+09,-27.794700,32.756100,
nx8_bcs_-40c_vce0.6v,bcs,hbt_bcs,-40,8,0.6,0.77,1.914290e-05,0.020771,5.19397E+09,-20.354400,25.392700,
nx8_bcs_-40c_vce0.6v,bcs,hbt_bcs,-40,8,0.6,0.79,5.098430e-05,0.055322,1.35959E+10,-12.078000,17.369700,
nx8_bcs_-40c_vce0.6v,bcs,hbt_bcs,-40,8,0.6,0.81,1.348240e-04,0.146293,3.47236E+10,-3.799420,9.999470,
nx8_bcs_-40c_vce0.6v,bcs,hbt_bcs,-40,8,0.6,0.83,3.500030e-04,0.379778,8.36774E+10,4.132170,4.805220,
nx8_bcs_-40c_vce0.6v,bcs,hbt_bcs,-40,8,0.6,0.85,8.697230e-04,0.943710,1.79807E+11,11.251500,2.508220,
nx8_bcs_-40c_vce0.6v,bcs,hbt_bcs,-40,8,0.6,0.87,1.982880e-03,2.151562,3.1726E+11,16.952400,1.767650,
nx8_bcs_-40c_vce0.6v,bcs,hbt_bcs,-40,8,0.6,0.89,3.980800e-03,4.319444,4.48747E+11,20.925800,1.508190,
nx8_bcs_-40c_vce0.6v,bcs,hbt_bcs,-40,8,0.6,0.91,6.967930e-03,7.560688,5.36382E+11,23.455000,1.387440,
nx8_bcs_-40c_vce0.6v,bcs,hbt_bcs,-40,8,0.6,0.93,1.085530e-02,11.778754,5.83322E+11,25.052800,1.317180,
nx8_bcs_-40c_vce0.6v,bcs,hbt_bcs,-40,8,0.6,0.95,1.549050e-02,16.808268,5.98167E+11,26.104700,1.274050,
nx8_bcs_-40c_vce0.6v,bcs,hbt_bcs,-40,8,0.6,0.97,2.073930e-02,22.503581,5.89512E+11,26.831200,1.251150,vbe_high
nx8_bcs_-40c_vce0.6v,bcs,hbt_bcs,-40,8,0.6,0.99,2.649900e-02,28.753255,5.59277E+11,27.324300,1.246390,ic_high;vbe_high
nx8_bcs_-40c_vce0.6v,bcs,hbt_bcs,-40,8,0.6,1.01,3.260900e-02,35.383030,3.45015E+11,25.870000,1.268630,ic_high;vbe_high
nx8_bcs_-40c_vce0.6v,bcs,hbt_bcs,-40,8,0.6,1.03,3.757900e-02,40.775825,4.64077E+10,14.465600,1.469800,ic_high;vbe_high
nx8_bcs_-40c_vce0.6v,bcs,hbt_bcs,-40,8,0.6,1.05,4.102720e-02,44.517361,1.67043E+10,8.034420,1.900120,ic_high;vbe_high
nx8_bcs_-40c_vce0.8v,bcs,hbt_bcs,-40,8,0.8,0.55,3.833930e-10,0.000000,,-34.141000,39.061900,vbe_low
nx8_bcs_-40c_vce0.8v,bcs,hbt_bcs,-40,8,0.8,0.57,1.025100e-09,0.000001,,-34.126800,39.047700,vbe_low
nx8_bcs_-40c_vce0.8v,bcs,hbt_bcs,-40,8,0.8,0.59,2.741610e-09,0.000003,,-34.112400,39.033300,vbe_low
nx8_bcs_-40c_vce0.8v,bcs,hbt_bcs,-40,8,0.8,0.61,7.333010e-09,0.000008,2.12662E+06,-34.097500,39.018400,vbe_low
nx8_bcs_-40c_vce0.8v,bcs,hbt_bcs,-40,8,0.8,0.63,1.961420e-08,0.000021,5.64855E+06,-34.082200,39.003200,vbe_low
nx8_bcs_-40c_vce0.8v,bcs,hbt_bcs,-40,8,0.8,0.65,5.246330e-08,0.000057,1.50607E+07,-34.065800,38.987000,
nx8_bcs_-40c_vce0.8v,bcs,hbt_bcs,-40,8,0.8,0.67,1.403250e-07,0.000152,3.99991E+07,-34.044800,38.966400,
nx8_bcs_-40c_vce0.8v,bcs,hbt_bcs,-40,8,0.8,0.69,3.753220e-07,0.000407,1.06488E+08,-33.994800,38.917700,
nx8_bcs_-40c_vce0.8v,bcs,hbt_bcs,-40,8,0.8,0.71,1.003800e-06,0.001089,2.82717E+08,-33.752600,38.678900,
nx8_bcs_-40c_vce0.8v,bcs,hbt_bcs,-40,8,0.8,0.73,2.684370e-06,0.002913,7.50777E+08,-32.413600,37.349200,
nx8_bcs_-40c_vce0.8v,bcs,hbt_bcs,-40,8,0.8,0.75,7.176290e-06,0.007787,1.98954E+09,-27.839600,32.801200,
nx8_bcs_-40c_vce0.8v,bcs,hbt_bcs,-40,8,0.8,0.77,1.916890e-05,0.020800,5.24345E+09,-20.352900,25.391600,
nx8_bcs_-40c_vce0.8v,bcs,hbt_bcs,-40,8,0.8,0.79,5.108570e-05,0.055432,1.37308E+10,-12.062900,17.355700,
nx8_bcs_-40c_vce0.8v,bcs,hbt_bcs,-40,8,0.8,0.81,1.352970e-04,0.146807,3.51194E+10,-3.771410,9.977350,
nx8_bcs_-40c_vce0.8v,bcs,hbt_bcs,-40,8,0.8,0.83,3.524420e-04,0.382424,8.49827E+10,4.184620,4.781010,
nx8_bcs_-40c_vce0.8v,bcs,hbt_bcs,-40,8,0.8,0.85,8.818620e-04,0.956882,1.83183E+11,11.345200,2.491430,
nx8_bcs_-40c_vce0.8v,bcs,hbt_bcs,-40,8,0.8,0.87,2.033040e-03,2.205990,3.24854E+11,17.092100,1.757420,
nx8_bcs_-40c_vce0.8v,bcs,hbt_bcs,-40,8,0.8,0.89,4.135720e-03,4.487543,4.60395E+11,21.091200,1.501020,
nx8_bcs_-40c_vce0.8v,bcs,hbt_bcs,-40,8,0.8,0.91,7.326740e-03,7.950022,5.51516E+11,23.622500,1.381600,
nx8_bcs_-40c_vce0.8v,bcs,hbt_bcs,-40,8,0.8,0.93,1.152690e-02,12.507487,5.97769E+11,25.214500,1.312850,
nx8_bcs_-40c_vce0.8v,bcs,hbt_bcs,-40,8,0.8,0.95,1.657930e-02,17.989692,6.15516E+11,26.263100,1.273010,
nx8_bcs_-40c_vce0.8v,bcs,hbt_bcs,-40,8,0.8,0.97,2.234750e-02,24.248589,6.06705E+11,26.992200,1.256490,vbe_high
nx8_bcs_-40c_vce0.8v,bcs,hbt_bcs,-40,8,0.8,0.99,2.872960e-02,31.173611,5.73668E+11,27.516600,1.262370,ic_high;vbe_high
nx8_bcs_-40c_vce0.8v,bcs,hbt_bcs,-40,8,0.8,1.01,3.565110e-02,38.683919,5.18387E+11,27.893100,1.291740,ic_high;vbe_high
nx8_bcs_-40c_vce0.8v,bcs,hbt_bcs,-40,8,0.8,1.03,4.302740e-02,46.687717,3.78204E+11,27.429600,1.350110,ic_high;vbe_high
nx8_bcs_-40c_vce0.8v,bcs,hbt_bcs,-40,8,0.8,1.05,4.951570e-02,53.727973,5.58637E+10,16.790700,1.547170,ic_high;vbe_high
nx8_bcs_-40c_vce1.0v,bcs,hbt_bcs,-40,8,1.0,0.55,3.839620e-10,0.000000,,-34.267300,39.188400,vbe_low
nx8_bcs_-40c_vce1.0v,bcs,hbt_bcs,-40,8,1.0,0.57,1.026280e-09,0.000001,,-34.255800,39.176800,vbe_low
nx8_bcs_-40c_vce1.0v,bcs,hbt_bcs,-40,8,1.0,0.59,2.744400e-09,0.000003,,-34.244000,39.165000,vbe_low
nx8_bcs_-40c_vce1.0v,bcs,hbt_bcs,-40,8,1.0,0.61,7.340090e-09,0.000008,2.13849E+06,-34.231900,39.153000,vbe_low
nx8_bcs_-40c_vce1.0v,bcs,hbt_bcs,-40,8,1.0,0.63,1.963260e-08,0.000021,5.68088E+06,-34.219500,39.140700,vbe_low
nx8_bcs_-40c_vce1.0v,bcs,hbt_bcs,-40,8,1.0,0.65,5.251210e-08,0.000057,1.51484E+07,-34.206200,39.127500,
nx8_bcs_-40c_vce1.0v,bcs,hbt_bcs,-40,8,1.0,0.67,1.404550e-07,0.000152,4.02202E+07,-34.188100,39.109900,
nx8_bcs_-40c_vce1.0v,bcs,hbt_bcs,-40,8,1.0,0.69,3.756700e-07,0.000408,1.07138E+08,-34.140300,39.063300,
nx8_bcs_-40c_vce1.0v,bcs,hbt_bcs,-40,8,1.0,0.71,1.004750e-06,0.001090,2.84361E+08,-33.893500,38.820000,
nx8_bcs_-40c_vce1.0v,bcs,hbt_bcs,-40,8,1.0,0.73,2.686990e-06,0.002916,7.55653E+08,-32.517400,37.453200,
nx8_bcs_-40c_vce1.0v,bcs,hbt_bcs,-40,8,1.0,0.75,7.184030e-06,0.007795,2.00202E+09,-27.870400,32.832200,
nx8_bcs_-40c_vce1.0v,bcs,hbt_bcs,-40,8,1.0,0.77,1.919440e-05,0.020827,5.28177E+09,-20.348900,25.387900,
nx8_bcs_-40c_vce1.0v,bcs,hbt_bcs,-40,8,1.0,0.79,5.118620e-05,0.055541,1.3836E+10,-12.047600,17.341400,
nx8_bcs_-40c_vce1.0v,bcs,hbt_bcs,-40,8,1.0,0.81,1.357700e-04,0.147320,3.54351E+10,-3.743550,9.955310,
nx8_bcs_-40c_vce1.0v,bcs,hbt_bcs,-40,8,1.0,0.83,3.549150e-04,0.385107,8.60598E+10,4.237230,4.756810,
nx8_bcs_-40c_vce1.0v,bcs,hbt_bcs,-40,8,1.0,0.85,8.944300e-04,0.970519,1.86067E+11,11.440300,2.474570,
nx8_bcs_-40c_vce1.0v,bcs,hbt_bcs,-40,8,1.0,0.87,2.086520e-03,2.264019,3.31369E+11,17.235600,1.747060,
nx8_bcs_-40c_vce1.0v,bcs,hbt_bcs,-40,8,1.0,0.89,4.306240e-03,4.672569,4.70061E+11,21.262600,1.493640,
nx8_bcs_-40c_vce1.0v,bcs,hbt_bcs,-40,8,1.0,0.91,7.733450e-03,8.391330,5.63138E+11,23.796700,1.375550,
nx8_bcs_-40c_vce1.0v,bcs,hbt_bcs,-40,8,1.0,0.93,1.230510e-02,13.351888,6.09150E+11,25.382600,1.308760,
nx8_bcs_-40c_vce1.0v,bcs,hbt_bcs,-40,8,1.0,0.95,1.786770e-02,19.387695,6.23919E+11,26.426600,1.273560,
nx8_bcs_-40c_vce1.0v,bcs,hbt_bcs,-40,8,1.0,0.97,2.428660e-02,26.352648,6.10843E+11,27.153700,1.266330,ic_high;vbe_high
nx8_bcs_-40c_vce1.0v,bcs,hbt_bcs,-40,8,1.0,0.99,3.145980e-02,34.136068,5.72095E+11,27.679700,1.288390,ic_high;vbe_high
nx8_bcs_-40c_vce1.0v,bcs,hbt_bcs,-40,8,1.0,1.01,3.932620e-02,42.671658,5.06236E+11,28.057900,1.343570,ic_high;vbe_high
nx8_bcs_-40c_vce1.0v,bcs,hbt_bcs,-40,8,1.0,1.03,4.784490e-02,51.915039,4.22955E+11,28.301200,1.437490,ic_high;vbe_high
nx8_bcs_-40c_vce1.0v,bcs,hbt_bcs,-40,8,1.0,1.05,5.683020e-02,61.664714,2.13471E+11,26.044400,1.587860,ic_high;vbe_high
nx8_bcs_-40c_vce1.2v,bcs,hbt_bcs,-40,8,1.2,0.55,3.845910e-10,0.000000,,-34.372500,39.293700,vbe_low
nx8_bcs_-40c_vce1.2v,bcs,hbt_bcs,-40,8,1.2,0.57,1.027590e-09,0.000001,,-34.362800,39.283900,vbe_low
nx8_bcs_-40c_vce1.2v,bcs,hbt_bcs,-40,8,1.2,0.59,2.747520e-09,0.000003,,-34.352800,39.274000,vbe_low
nx8_bcs_-40c_vce1.2v,bcs,hbt_bcs,-40,8,1.2,0.61,7.347930e-09,0.000008,2.14874E+06,-34.342700,39.263900,vbe_low
nx8_bcs_-40c_vce1.2v,bcs,hbt_bcs,-40,8,1.2,0.63,1.965280e-08,0.000021,5.71092E+06,-34.332300,39.253500,vbe_low
nx8_bcs_-40c_vce1.2v,bcs,hbt_bcs,-40,8,1.2,0.65,5.256490e-08,0.000057,1.52231E+07,-34.321000,39.242400,
nx8_bcs_-40c_vce1.2v,bcs,hbt_bcs,-40,8,1.2,0.67,1.405940e-07,0.000153,4.04075E+07,-34.305000,39.226800,
nx8_bcs_-40c_vce1.2v,bcs,hbt_bcs,-40,8,1.2,0.69,3.760370e-07,0.000408,1.07685E+08,-34.258300,39.181500,
nx8_bcs_-40c_vce1.2v,bcs,hbt_bcs,-40,8,1.2,0.71,1.005730e-06,0.001091,2.85737E+08,-34.007000,38.933600,
nx8_bcs_-40c_vce1.2v,bcs,hbt_bcs,-40,8,1.2,0.73,2.689700e-06,0.002919,7.59702E+08,-32.599300,37.535200,
nx8_bcs_-40c_vce1.2v,bcs,hbt_bcs,-40,8,1.2,0.75,7.191950e-06,0.007804,2.01237E+09,-27.892700,32.854600,
nx8_bcs_-40c_vce1.2v,bcs,hbt_bcs,-40,8,1.2,0.77,1.922040e-05,0.020855,5.31357E+09,-20.343200,25.382400,
nx8_bcs_-40c_vce1.2v,bcs,hbt_bcs,-40,8,1.2,0.79,5.128770e-05,0.055651,1.39241E+10,-12.032000,17.326900,
nx8_bcs_-40c_vce1.2v,bcs,hbt_bcs,-40,8,1.2,0.81,1.362480e-04,0.147839,3.57057E+10,-3.715530,9.933100,
nx8_bcs_-40c_vce1.2v,bcs,hbt_bcs,-40,8,1.2,0.83,3.574350e-04,0.387842,8.70116E+10,4.290370,4.732400,
nx8_bcs_-40c_vce1.2v,bcs,hbt_bcs,-40,8,1.2,0.85,9.074970e-04,0.984697,1.8902E+11,11.537300,2.457510,
nx8_bcs_-40c_vce1.2v,bcs,hbt_bcs,-40,8,1.2,0.87,2.143880e-03,2.326259,3.3823E+11,17.383600,1.736490,
nx8_bcs_-40c_vce1.2v,bcs,hbt_bcs,-40,8,1.2,0.89,4.495730e-03,4.878179,4.80449E+11,21.440000,1.486010,
nx8_bcs_-40c_vce1.2v,bcs,hbt_bcs,-40,8,1.2,0.91,8.199310e-03,8.896821,5.73051E+11,23.978400,1.369310,
nx8_bcs_-40c_vce1.2v,bcs,hbt_bcs,-40,8,1.2,0.93,1.322050e-02,14.345161,6.17746E+11,25.560000,1.305150,
nx8_bcs_-40c_vce1.2v,bcs,hbt_bcs,-40,8,1.2,0.95,1.941870e-02,21.070638,6.27953E+11,26.600900,1.276670,
nx8_bcs_-40c_vce1.2v,bcs,hbt_bcs,-40,8,1.2,0.97,2.667980e-02,28.949436,6.06644E+11,27.325300,1.283460,ic_high;vbe_high
nx8_bcs_-40c_vce1.2v,bcs,hbt_bcs,-40,8,1.2,0.99,3.491010e-02,37.879883,5.55807E+11,27.846000,1.330920,ic_high;vbe_high
nx8_bcs_-40c_vce1.2v,bcs,hbt_bcs,-40,8,1.2,1.01,4.407620e-02,47.825738,4.75882E+11,28.213800,1.428200,ic_high;vbe_high
nx8_bcs_-40c_vce1.2v,bcs,hbt_bcs,-40,8,1.2,1.03,5.416300e-02,58.770616,3.80462E+11,28.432700,1.587410,ic_high;vbe_high
nx8_bcs_-40c_vce1.2v,bcs,hbt_bcs,-40,8,1.2,1.05,6.513180e-02,70.672526,2.63976E+11,27.974400,1.824560,ic_high;vbe_high
nx8_bcs_-40c_vce1.4v,bcs,hbt_bcs,-40,8,1.4,0.55,3.853840e-10,0.000000,,-34.462600,39.383800,vbe_low
nx8_bcs_-40c_vce1.4v,bcs,hbt_bcs,-40,8,1.4,0.57,1.029310e-09,0.000001,,-34.454100,39.375300,vbe_low
nx8_bcs_-40c_vce1.4v,bcs,hbt_bcs,-40,8,1.4,0.59,2.751620e-09,0.000003,,-34.445600,39.366800,vbe_low
nx8_bcs_-40c_vce1.4v,bcs,hbt_bcs,-40,8,1.4,0.61,7.358180e-09,0.000008,2.15835E+06,-34.436800,39.358100,vbe_low
nx8_bcs_-40c_vce1.4v,bcs,hbt_bcs,-40,8,1.4,0.63,1.967890e-08,0.000021,5.73876E+06,-34.427900,39.349200,vbe_low
nx8_bcs_-40c_vce1.4v,bcs,hbt_bcs,-40,8,1.4,0.65,5.263200e-08,0.000057,1.5292E+07,-34.418000,39.339500,
nx8_bcs_-40c_vce1.4v,bcs,hbt_bcs,-40,8,1.4,0.67,1.407670e-07,0.000153,4.06033E+07,-34.403400,39.325300,
nx8_bcs_-40c_vce1.4v,bcs,hbt_bcs,-40,8,1.4,0.69,3.764880e-07,0.000409,1.0818E+08,-34.357400,39.280700,
nx8_bcs_-40c_vce1.4v,bcs,hbt_bcs,-40,8,1.4,0.71,1.006920e-06,0.001093,2.86972E+08,-34.101800,39.028400,
nx8_bcs_-40c_vce1.4v,bcs,hbt_bcs,-40,8,1.4,0.73,2.692890e-06,0.002922,7.63314E+08,-32.666200,37.602200,
nx8_bcs_-40c_vce1.4v,bcs,hbt_bcs,-40,8,1.4,0.75,7.201000e-06,0.007814,2.02156E+09,-27.908500,32.870600,
nx8_bcs_-40c_vce1.4v,bcs,hbt_bcs,-40,8,1.4,0.77,1.924900e-05,0.020887,5.34168E+09,-20.335400,25.374900,
nx8_bcs_-40c_vce1.4v,bcs,hbt_bcs,-40,8,1.4,0.79,5.139590e-05,0.055768,1.40025E+10,-12.015200,17.311100,
nx8_bcs_-40c_vce1.4v,bcs,hbt_bcs,-40,8,1.4,0.81,1.367460e-04,0.148379,3.59503E+10,-3.686280,9.909750,
nx8_bcs_-40c_vce1.4v,bcs,hbt_bcs,-40,8,1.4,0.83,3.600400e-04,0.390668,8.78928E+10,4.345360,4.707010,
nx8_bcs_-40c_vce1.4v,bcs,hbt_bcs,-40,8,1.4,0.85,9.211830e-04,0.999548,1.92009E+11,11.637600,2.439810,
nx8_bcs_-40c_vce1.4v,bcs,hbt_bcs,-40,8,1.4,0.87,2.205740e-03,2.393381,3.45217E+11,17.536300,1.725480,
nx8_bcs_-40c_vce1.4v,bcs,hbt_bcs,-40,8,1.4,0.89,4.708270e-03,5.108800,4.90589E+11,21.621000,1.477970,
nx8_bcs_-40c_vce1.4v,bcs,hbt_bcs,-40,8,1.4,0.91,8.742080e-03,9.485764,5.81995E+11,24.160500,1.362860,
nx8_bcs_-40c_vce1.4v,bcs,hbt_bcs,-40,8,1.4,0.93,1.432190e-02,15.540256,6.24465E+11,25.740400,1.302410,
nx8_bcs_-40c_vce1.4v,bcs,hbt_bcs,-40,8,1.4,0.95,2.135290e-02,23.169379,6.28257E+11,26.784800,1.284080,
nx8_bcs_-40c_vce1.4v,bcs,hbt_bcs,-40,8,1.4,0.97,2.974110e-02,32.271159,5.93777E+11,27.510800,1.313140,ic_high;vbe_high
nx8_bcs_-40c_vce1.4v,bcs,hbt_bcs,-40,8,1.4,0.99,3.946790e-02,42.825412,5.237E+11,28.020200,1.403200,ic_high;vbe_high
nx8_bcs_-40c_vce1.4v,bcs,hbt_bcs,-40,8,1.4,1.01,5.056110e-02,54.862305,4.25149E+11,7.719450,3.393920,ic_high;vbe_high
nx8_bcs_27c_vce0.6v,bcs,hbt_bcs,27,8,0.6,0.55,1.289660e-07,0.000140,2.84961E+07,-33.840000,39.858000,vbe_low
nx8_bcs_27c_vce0.6v,bcs,hbt_bcs,27,8,0.6,0.57,2.745730e-07,0.000298,6.04889E+07,-33.807900,39.826500,vbe_low
nx8_bcs_27c_vce0.6v,bcs,hbt_bcs,27,8,0.6,0.59,5.845580e-07,0.000634,1.2784E+08,-33.743600,39.763500,vbe_low
nx8_bcs_27c_vce0.6v,bcs,hbt_bcs,27,8,0.6,0.61,1.244450e-06,0.001350,2.71097E+08,-33.543900,39.566600,vbe_low
nx8_bcs_27c_vce0.6v,bcs,hbt_bcs,27,8,0.6,0.63,2.649070e-06,0.002874,5.7246E+08,-32.813200,38.841900,vbe_low
nx8_bcs_27c_vce0.6v,bcs,hbt_bcs,27,8,0.6,0.65,5.638140e-06,0.006118,1.21142E+09,-30.557600,36.599200,
nx8_bcs_27c_vce0.6v,bcs,hbt_bcs,27,8,0.6,0.67,1.199580e-05,0.013016,2.55206E+09,-26.063100,32.133500,
nx8_bcs_27c_vce0.6v,bcs,hbt_bcs,27,8,0.6,0.69,2.550360e-05,0.027673,5.36666E+09,-20.161300,26.297600,
nx8_bcs_27c_vce0.6v,bcs,hbt_bcs,27,8,0.6,0.71,5.413670e-05,0.058742,1.12041E+10,-13.817800,20.114000,
nx8_bcs_27c_vce0.6v,bcs,hbt_bcs,27,8,0.6,0.73,1.145320e-04,0.124275,2.30502E+10,-7.425270,14.133200,
nx8_bcs_27c_vce0.6v,bcs,hbt_bcs,27,8,0.6,0.75,2.406030e-04,0.261071,4.62686E+10,-1.149170,8.912700,
nx8_bcs_27c_vce0.6v,bcs,hbt_bcs,27,8,0.6,0.77,4.982500e-04,0.540636,8.87578E+10,4.850610,5.189160,
nx8_bcs_27c_vce0.6v,bcs,hbt_bcs,27,8,0.6,0.79,1.003980e-03,1.089388,1.56884E+11,10.344100,3.194500,
nx8_bcs_27c_vce0.6v,bcs,hbt_bcs,27,8,0.6,0.81,1.931180e-03,2.095464,2.46989E+11,15.051600,2.320790,
nx8_bcs_27c_vce0.6v,bcs,hbt_bcs,27,8,0.6,0.83,3.474170e-03,3.769716,3.40035E+11,18.771500,1.940090,
nx8_bcs_27c_vce0.6v,bcs,hbt_bcs,27,8,0.6,0.85,5.773150e-03,6.264269,4.15842E+11,21.512300,1.751240,
nx8_bcs_27c_vce0.6v,bcs,hbt_bcs,27,8,0.6,0.87,8.867030e-03,9.621343,4.66433E+11,23.460200,1.643150,
nx8_bcs_27c_vce0.6v,bcs,hbt_bcs,27,8,0.6,0.89,1.271290e-02,13.794379,4.93151E+11,24.840000,1.577770,
nx8_bcs_27c_vce0.6v,bcs,hbt_bcs,27,8,0.6,0.91,1.723170e-02,18.697591,4.98356E+11,25.828900,1.542350,
nx8_bcs_27c_vce0.6v,bcs,hbt_bcs,27,8,0.6,0.93,2.233980e-02,24.240234,4.84769E+11,26.531700,1.532870,
nx8_bcs_27c_vce0.6v,bcs,hbt_bcs,27,8,0.6,0.95,2.794380e-02,30.320964,4.32918E+11,26.687200,1.550410,ic_high
nx8_bcs_27c_vce0.6v,bcs,hbt_bcs,27,8,0.6,0.97,3.361870e-02,36.478624,1.90065E+11,22.366600,1.629480,ic_high;vbe_high
nx8_bcs_27c_vce0.6v,bcs,hbt_bcs,27,8,0.6,0.99,3.817500e-02,41.422526,5.77005E+10,15.310200,1.838360,ic_high;vbe_high
nx8_bcs_27c_vce0.6v,bcs,hbt_bcs,27,8,0.6,1.01,4.205120e-02,45.628472,2.94359E+10,11.620600,2.116090,ic_high;vbe_high
nx8_bcs_27c_vce0.6v,bcs,hbt_bcs,27,8,0.6,1.03,4.597950e-02,49.890951,1.9083E+10,9.041100,2.489490,ic_high;vbe_high
nx8_bcs_27c_vce0.6v,bcs,hbt_bcs,27,8,0.6,1.05,5.019060e-02,54.460286,1.35131E+10,6.565710,3.015690,ic_high;vbe_high
nx8_bcs_27c_vce0.8v,bcs,hbt_bcs,27,8,0.8,0.55,1.290870e-07,0.000140,2.87192E+07,-34.031000,40.049200,vbe_low
nx8_bcs_27c_vce0.8v,bcs,hbt_bcs,27,8,0.8,0.57,2.748310e-07,0.000298,6.09654E+07,-34.004300,40.023100,vbe_low
nx8_bcs_27c_vce0.8v,bcs,hbt_bcs,27,8,0.8,0.59,5.851100e-07,0.000635,1.28858E+08,-33.944300,39.964400,vbe_low
nx8_bcs_27c_vce0.8v,bcs,hbt_bcs,27,8,0.8,0.61,1.245640e-06,0.001352,2.73363E+08,-33.742400,39.765300,vbe_low
nx8_bcs_27c_vce0.8v,bcs,hbt_bcs,27,8,0.8,0.63,2.651670e-06,0.002877,5.77055E+08,-32.985800,39.014700,vbe_low
nx8_bcs_27c_vce0.8v,bcs,hbt_bcs,27,8,0.8,0.65,5.643990e-06,0.006124,1.22232E+09,-30.660000,36.701900,
nx8_bcs_27c_vce0.8v,bcs,hbt_bcs,27,8,0.8,0.67,1.200950e-05,0.013031,2.5744E+09,-26.094100,32.164800,
nx8_bcs_27c_vce0.8v,bcs,hbt_bcs,27,8,0.8,0.69,2.553850e-05,0.027711,5.42084E+09,-20.160500,26.297100,
nx8_bcs_27c_vce0.8v,bcs,hbt_bcs,27,8,0.8,0.71,5.423490e-05,0.058849,1.13188E+10,-13.805100,20.102100,
nx8_bcs_27c_vce0.8v,bcs,hbt_bcs,27,8,0.8,0.73,1.148400e-04,0.124609,2.3302E+10,-7.403760,14.114300,
nx8_bcs_27c_vce0.8v,bcs,hbt_bcs,27,8,0.8,0.75,2.416540e-04,0.262211,4.68721E+10,-1.114770,8.887750,
nx8_bcs_27c_vce0.8v,bcs,hbt_bcs,27,8,0.8,0.77,5.019680e-04,0.544670,9.01857E+10,4.906300,5.163220,
nx8_bcs_27c_vce0.8v,bcs,hbt_bcs,27,8,0.8,0.79,1.016760e-03,1.103255,1.60042E+11,10.431200,3.173990,
nx8_bcs_27c_vce0.8v,bcs,hbt_bcs,27,8,0.8,0.81,1.971010e-03,2.138683,2.53061E+11,15.175100,2.306570,
nx8_bcs_27c_vce0.8v,bcs,hbt_bcs,27,8,0.8,0.83,3.580460e-03,3.885048,3.4995E+11,18.924800,1.930070,
nx8_bcs_27c_vce0.8v,bcs,hbt_bcs,27,8,0.8,0.85,6.010850e-03,6.522190,4.28554E+11,21.680800,1.743830,
nx8_bcs_27c_vce0.8v,bcs,hbt_bcs,27,8,0.8,0.87,9.319390e-03,10.112185,4.81718E+11,23.631700,1.638170,
nx8_bcs_27c_vce0.8v,bcs,hbt_bcs,27,8,0.8,0.89,1.347040e-02,14.616319,5.11496E+11,25.010000,1.576670,
nx8_bcs_27c_vce0.8v,bcs,hbt_bcs,27,8,0.8,0.91,1.838520e-02,19.949219,5.19808E+11,25.999100,1.548140,
nx8_bcs_27c_vce0.8v,bcs,hbt_bcs,27,8,0.8,0.93,2.397930e-02,26.019206,5.0762E+11,26.717000,1.550060,
nx8_bcs_27c_vce0.8v,bcs,hbt_bcs,27,8,0.8,0.95,3.017410e-02,32.740994,4.73801E+11,27.235200,1.583130,ic_high
nx8_bcs_27c_vce0.8v,bcs,hbt_bcs,27,8,0.8,0.97,3.690480e-02,40.044271,4.19369E+11,27.518700,1.650200,ic_high;vbe_high
nx8_bcs_27c_vce0.8v,bcs,hbt_bcs,27,8,0.8,0.99,4.395670e-02,47.696072,2.45226E+11,25.355700,1.768220,ic_high;vbe_high
nx8_bcs_27c_vce0.8v,bcs,hbt_bcs,27,8,0.8,1.01,5.000110e-02,54.254666,6.8915E+10,17.592700,2.015840,ic_high;vbe_high
nx8_bcs_27c_vce0.8v,bcs,hbt_bcs,27,8,0.8,1.03,5.495010e-02,59.624674,3.3013E+10,13.061100,2.371210,ic_high;vbe_high
nx8_bcs_27c_vce0.8v,bcs,hbt_bcs,27,8,0.8,1.05,5.979560e-02,64.882378,2.13303E+10,10.287600,2.824980,ic_high;vbe_high
nx8_bcs_27c_vce1.0v,bcs,hbt_bcs,27,8,1.0,0.55,1.292110e-07,0.000140,2.89073E+07,-34.177900,40.196200,vbe_low
nx8_bcs_27c_vce1.0v,bcs,hbt_bcs,27,8,1.0,0.57,2.750910e-07,0.000298,6.13393E+07,-34.154300,40.173300,vbe_low
nx8_bcs_27c_vce1.0v,bcs,hbt_bcs,27,8,1.0,0.59,5.856640e-07,0.000635,1.29736E+08,-34.096400,40.116600,vbe_low
nx8_bcs_27c_vce1.0v,bcs,hbt_bcs,27,8,1.0,0.61,1.246830e-06,0.001353,2.75113E+08,-33.891400,39.914500,vbe_low
nx8_bcs_27c_vce1.0v,bcs,hbt_bcs,27,8,1.0,0.63,2.654250e-06,0.002880,5.811E+08,-33.113100,39.142200,vbe_low
nx8_bcs_27c_vce1.0v,bcs,hbt_bcs,27,8,1.0,0.65,5.649760e-06,0.006130,1.23061E+09,-30.732600,36.774600,
nx8_bcs_27c_vce1.0v,bcs,hbt_bcs,27,8,1.0,0.67,1.202310e-05,0.013046,2.59129E+09,-26.113600,32.184500,
nx8_bcs_27c_vce1.0v,bcs,hbt_bcs,27,8,1.0,0.69,2.557290e-05,0.027748,5.46157E+09,-20.156600,26.293700,
nx8_bcs_27c_vce1.0v,bcs,hbt_bcs,27,8,1.0,0.71,5.433200e-05,0.058954,1.14052E+10,-13.791900,20.089700,
nx8_bcs_27c_vce1.0v,bcs,hbt_bcs,27,8,1.0,0.73,1.151460e-04,0.124941,2.35188E+10,-7.382380,14.095400,
nx8_bcs_27c_vce1.0v,bcs,hbt_bcs,27,8,1.0,0.75,2.427090e-04,0.263356,4.74029E+10,-1.080560,8.862880,
nx8_bcs_27c_vce1.0v,bcs,hbt_bcs,27,8,1.0,0.77,5.057430e-04,0.548766,9.13208E+10,4.962100,5.137270,
nx8_bcs_27c_vce1.0v,bcs,hbt_bcs,27,8,1.0,0.79,1.029950e-03,1.117567,1.62604E+11,10.519200,3.153420,
nx8_bcs_27c_vce1.0v,bcs,hbt_bcs,27,8,1.0,0.81,2.012990e-03,2.184234,2.58002E+11,15.301100,2.292220,
nx8_bcs_27c_vce1.0v,bcs,hbt_bcs,27,8,1.0,0.83,3.695330e-03,4.009690,3.57806E+11,19.082400,1.919880,
nx8_bcs_27c_vce1.0v,bcs,hbt_bcs,27,8,1.0,0.85,6.274080e-03,6.807812,4.38774E+11,21.854300,1.736270,
nx8_bcs_27c_vce1.0v,bcs,hbt_bcs,27,8,1.0,0.87,9.831320e-03,10.667665,4.92635E+11,23.807400,1.633350,
nx8_bcs_27c_vce1.0v,bcs,hbt_bcs,27,8,1.0,0.89,1.434220e-02,15.562283,5.21104E+11,25.180400,1.576760,
nx8_bcs_27c_vce1.0v,bcs,hbt_bcs,27,8,1.0,0.91,1.973700e-02,21.416016,5.28268E+11,26.161500,1.557450,
nx8_bcs_27c_vce1.0v,bcs,hbt_bcs,27,8,1.0,0.93,2.592850e-02,28.134223,5.15803E+11,26.872800,1.575280,ic_high
nx8_bcs_27c_vce1.0v,bcs,hbt_bcs,27,8,1.0,0.95,3.284270e-02,35.636610,4.7817E+11,27.384400,1.633710,ic_high
nx8_bcs_27c_vce1.0v,bcs,hbt_bcs,27,8,1.0,0.97,4.042270e-02,43.861437,4.18081E+11,27.728400,1.738090,ic_high;vbe_high
nx8_bcs_27c_vce1.0v,bcs,hbt_bcs,27,8,1.0,0.99,4.860740e-02,52.742405,3.44387E+11,27.829400,1.895280,ic_high;vbe_high
nx8_bcs_27c_vce1.0v,bcs,hbt_bcs,27,8,1.0,1.01,5.703400e-02,61.885851,1.67602E+11,24.418200,2.132360,ic_high;vbe_high
nx8_bcs_27c_vce1.0v,bcs,hbt_bcs,27,8,1.0,1.03,6.401950e-02,69.465603,5.47957E+10,16.958600,2.518810,ic_high;vbe_high
nx8_bcs_27c_vce1.0v,bcs,hbt_bcs,27,8,1.0,1.05,7.002120e-02,75.977865,3.02758E+10,13.009100,3.016920,ic_high;vbe_high
nx8_bcs_27c_vce1.2v,bcs,hbt_bcs,27,8,1.2,0.55,1.293590e-07,0.000140,2.90689E+07,-34.297000,40.315500,vbe_low
nx8_bcs_27c_vce1.2v,bcs,hbt_bcs,27,8,1.2,0.57,2.753970e-07,0.000299,6.16578E+07,-34.275400,40.294500,vbe_low
nx8_bcs_27c_vce1.2v,bcs,hbt_bcs,27,8,1.2,0.59,5.863000e-07,0.000636,1.30476E+08,-34.218600,40.238900,vbe_low
nx8_bcs_27c_vce1.2v,bcs,hbt_bcs,27,8,1.2,0.61,1.248160e-06,0.001354,2.76578E+08,-34.010300,40.033500,vbe_low
nx8_bcs_27c_vce1.2v,bcs,hbt_bcs,27,8,1.2,0.63,2.657100e-06,0.002883,5.84528E+08,-33.213200,39.242400,vbe_low
nx8_bcs_27c_vce1.2v,bcs,hbt_bcs,27,8,1.2,0.65,5.656000e-06,0.006137,1.23745E+09,-30.787600,36.829800,
nx8_bcs_27c_vce1.2v,bcs,hbt_bcs,27,8,1.2,0.67,1.203750e-05,0.013062,2.60676E+09,-26.126200,32.197300,
nx8_bcs_27c_vce1.2v,bcs,hbt_bcs,27,8,1.2,0.69,2.560880e-05,0.027787,5.49498E+09,-20.150700,26.288000,
nx8_bcs_27c_vce1.2v,bcs,hbt_bcs,27,8,1.2,0.71,5.443170e-05,0.059062,1.14765E+10,-13.778000,20.076500,
nx8_bcs_27c_vce1.2v,bcs,hbt_bcs,27,8,1.2,0.73,1.154580e-04,0.125280,2.37059E+10,-7.360680,14.076200,
nx8_bcs_27c_vce1.2v,bcs,hbt_bcs,27,8,1.2,0.75,2.437810e-04,0.264519,4.78518E+10,-1.046030,8.837690,
nx8_bcs_27c_vce1.2v,bcs,hbt_bcs,27,8,1.2,0.77,5.096020e-04,0.552954,9.23066E+10,5.018520,5.111010,
nx8_bcs_27c_vce1.2v,bcs,hbt_bcs,27,8,1.2,0.79,1.043620e-03,1.132400,1.64875E+11,10.608600,3.132590,
nx8_bcs_27c_vce1.2v,bcs,hbt_bcs,27,8,1.2,0.81,2.057440e-03,2.232465,2.62418E+11,15.429900,2.277650,
nx8_bcs_27c_vce1.2v,bcs,hbt_bcs,27,8,1.2,0.83,3.820170e-03,4.145150,3.64757E+11,19.244100,1.909480,
nx8_bcs_27c_vce1.2v,bcs,hbt_bcs,27,8,1.2,0.85,6.567910e-03,7.126638,4.4751E+11,22.033300,1.728540,
nx8_bcs_27c_vce1.2v,bcs,hbt_bcs,27,8,1.2,0.87,1.041670e-02,11.302843,5.01352E+11,23.989500,1.628840,
nx8_bcs_27c_vce1.2v,bcs,hbt_bcs,27,8,1.2,0.89,1.536360e-02,16.670573,5.27714E+11,25.357800,1.578610,
nx8_bcs_27c_vce1.2v,bcs,hbt_bcs,27,8,1.2,0.91,2.134790e-02,23.163954,5.32178E+11,26.329000,1.571970,
nx8_bcs_27c_vce1.2v,bcs,hbt_bcs,27,8,1.2,0.93,2.829610e-02,30.703234,5.13483E+11,27.025700,1.612610,ic_high
nx8_bcs_27c_vce1.2v,bcs,hbt_bcs,27,8,1.2,0.95,3.614990e-02,39.225152,4.67577E+11,27.517900,1.708530,ic_high
nx8_bcs_27c_vce1.2v,bcs,hbt_bcs,27,8,1.2,0.97,4.484420e-02,48.659071,3.98436E+11,27.832300,1.870390,ic_high;vbe_high
nx8_bcs_27c_vce1.2v,bcs,hbt_bcs,27,8,1.2,0.99,5.434110e-02,58.963867,3.17240E+11,27.958700,2.109940,ic_high;vbe_high
nx8_bcs_27c_vce1.2v,bcs,hbt_bcs,27,8,1.2,1.01,6.452540e-02,70.014540,2.16493E+11,27.029800,2.442080,ic_high;vbe_high
nx8_bcs_27c_vce1.2v,bcs,hbt_bcs,27,8,1.2,1.03,7.386080e-02,80.144097,7.30567E+10,19.640800,2.923230,ic_high;vbe_high
nx8_bcs_27c_vce1.2v,bcs,hbt_bcs,27,8,1.2,1.05,8.144480e-02,88.373264,3.68207E+10,14.701800,3.533320,ic_high;vbe_high
nx8_bcs_27c_vce1.4v,bcs,hbt_bcs,27,8,1.4,0.55,1.295790e-07,0.000141,2.92245E+07,-34.397100,40.415700,vbe_low
nx8_bcs_27c_vce1.4v,bcs,hbt_bcs,27,8,1.4,0.57,2.758440e-07,0.000299,6.19607E+07,-34.376900,40.396100,vbe_low
nx8_bcs_27c_vce1.4v,bcs,hbt_bcs,27,8,1.4,0.59,5.872110e-07,0.000637,1.31171E+08,-34.320500,40.341000,vbe_low
nx8_bcs_27c_vce1.4v,bcs,hbt_bcs,27,8,1.4,0.61,1.250030e-06,0.001356,2.77937E+08,-34.108800,40.132100,vbe_low
nx8_bcs_27c_vce1.4v,bcs,hbt_bcs,27,8,1.4,0.63,2.660970e-06,0.002887,5.87666E+08,-33.294700,39.324000,vbe_low
nx8_bcs_27c_vce1.4v,bcs,hbt_bcs,27,8,1.4,0.65,5.664220e-06,0.006146,1.24365E+09,-30.829800,36.872200,
nx8_bcs_27c_vce1.4v,bcs,hbt_bcs,27,8,1.4,0.67,1.205560e-05,0.013081,2.62137E+09,-26.132600,32.203800,
nx8_bcs_27c_vce1.4v,bcs,hbt_bcs,27,8,1.4,0.69,2.565190e-05,0.027834,5.52484E+09,-20.141600,26.279200,
nx8_bcs_27c_vce1.4v,bcs,hbt_bcs,27,8,1.4,0.71,5.454550e-05,0.059186,1.15400E+10,-13.761900,20.061000,
nx8_bcs_27c_vce1.4v,bcs,hbt_bcs,27,8,1.4,0.73,1.157980e-04,0.125649,2.38734E+10,-7.336920,14.054800,
nx8_bcs_27c_vce1.4v,bcs,hbt_bcs,27,8,1.4,0.75,2.449160e-04,0.265751,4.8259E+10,-1.009280,8.810520,
nx8_bcs_27c_vce1.4v,bcs,hbt_bcs,27,8,1.4,0.77,5.136430e-04,0.557338,9.32157E+10,5.077680,5.083080,
nx8_bcs_27c_vce1.4v,bcs,hbt_bcs,27,8,1.4,0.79,1.057990e-03,1.147993,1.67065E+11,10.701500,3.110590,
nx8_bcs_27c_vce1.4v,bcs,hbt_bcs,27,8,1.4,0.81,2.105000e-03,2.284071,2.66989E+11,15.562000,2.262310,
nx8_bcs_27c_vce1.4v,bcs,hbt_bcs,27,8,1.4,0.83,3.957420e-03,4.294076,3.71266E+11,19.406600,1.898550,
nx8_bcs_27c_vce1.4v,bcs,hbt_bcs,27,8,1.4,0.85,6.900830e-03,7.487880,4.55505E+11,22.207700,1.720600,
nx8_bcs_27c_vce1.4v,bcs,hbt_bcs,27,8,1.4,0.87,1.109550e-02,12.039388,5.08868E+11,24.164900,1.624870,
nx8_bcs_27c_vce1.4v,bcs,hbt_bcs,27,8,1.4,0.89,1.657750e-02,17.987739,5.33137E+11,25.533700,1.583170,
nx8_bcs_27c_vce1.4v,bcs,hbt_bcs,27,8,1.4,0.91,2.331820e-02,25.301866,5.32153E+11,26.502500,1.594670,
nx8_bcs_27c_vce1.4v,bcs,hbt_bcs,27,8,1.4,0.93,3.127470e-02,33.935221,5.03533E+11,27.181600,1.669450,ic_high
nx8_bcs_27c_vce1.4v,bcs,hbt_bcs,27,8,1.4,0.95,4.039290e-02,43.829102,4.43936E+11,27.638600,1.823910,ic_high
nx8_bcs_27c_vce1.4v,bcs,hbt_bcs,27,8,1.4,0.97,5.065450e-02,54.963650,3.62442E+11,27.899600,2.078320,ic_high;vbe_high
nx8_bcs_27c_vce1.4v,bcs,hbt_bcs,27,8,1.4,0.99,6.203670e-02,67.314128,2.69929E+11,27.905800,2.453490,ic_high;vbe_high
nx8_bcs_27c_vce1.4v,bcs,hbt_bcs,27,8,1.4,1.01,7.443970e-02,80.772244,1.7956E+11,26.979900,2.967660,ic_high;vbe_high
nx8_bcs_27c_vce1.4v,bcs,hbt_bcs,27,8,1.4,1.03,8.592710e-02,93.236871,6.73481E+10,19.655200,3.650610,ic_high;vbe_high
nx8_bcs_27c_vce1.4v,bcs,hbt_bcs,27,8,1.4,1.05,9.516350e-02,103.259006,3.60942E+10,14.744800,4.439660,ic_high;vbe_high
nx8_bcs_125c_vce0.6v,bcs,hbt_bcs,125,8,0.6,0.55,2.197570e-05,0.023845,3.48906E+09,-23.753700,31.071100,vbe_low
nx8_bcs_125c_vce0.6v,bcs,hbt_bcs,125,8,0.6,0.57,3.843700e-05,0.041707,6.03096E+09,-19.235000,26.612100,vbe_low
nx8_bcs_125c_vce0.6v,bcs,hbt_bcs,125,8,0.6,0.59,6.716110e-05,0.072874,1.03604E+10,-14.529700,22.020600,vbe_low
nx8_bcs_125c_vce0.6v,bcs,hbt_bcs,125,8,0.6,0.61,1.171450e-04,0.127110,1.77205E+10,-9.787590,17.501500,vbe_low
nx8_bcs_125c_vce0.6v,bcs,hbt_bcs,125,8,0.6,0.63,2.037040e-04,0.221033,2.98186E+10,-5.083390,13.241600,vbe_low
nx8_bcs_125c_vce0.6v,bcs,hbt_bcs,125,8,0.6,0.65,3.523740e-04,0.382350,4.92698E+10,-0.476241,9.495940,
nx8_bcs_125c_vce0.6v,bcs,hbt_bcs,125,8,0.6,0.67,6.042340e-04,0.655636,7.87172E+10,3.962690,6.564050,
nx8_bcs_125c_vce0.6v,bcs,hbt_bcs,125,8,0.6,0.69,1.021640e-03,1.108550,1.19918E+11,8.139610,4.595560,
nx8_bcs_125c_vce0.6v,bcs,hbt_bcs,125,8,0.6,0.71,1.691050e-03,1.834907,1.72327E+11,11.943300,3.442300,
nx8_bcs_125c_vce0.6v,bcs,hbt_bcs,125,8,0.6,0.73,2.717430e-03,2.948600,2.30363E+11,15.269700,2.808560,
nx8_bcs_125c_vce0.6v,bcs,hbt_bcs,125,8,0.6,0.75,4.207230e-03,4.565137,2.86421E+11,18.058700,2.455020,
nx8_bcs_125c_vce0.6v,bcs,hbt_bcs,125,8,0.6,0.77,6.245940e-03,6.777279,3.3186E+11,20.314800,2.245500,
nx8_bcs_125c_vce0.6v,bcs,hbt_bcs,125,8,0.6,0.79,8.883130e-03,9.638813,3.63472E+11,22.095000,2.114040,
nx8_bcs_125c_vce0.6v,bcs,hbt_bcs,125,8,0.6,0.81,1.213180e-02,13.163845,3.78459E+11,23.478600,2.031300,
nx8_bcs_125c_vce0.6v,bcs,hbt_bcs,125,8,0.6,0.83,1.597700e-02,17.336155,3.80958E+11,24.538900,1.985250,
nx8_bcs_125c_vce0.6v,bcs,hbt_bcs,125,8,0.6,0.85,2.038430e-02,22.118381,3.70255E+11,25.294300,1.971960,
nx8_bcs_125c_vce0.6v,bcs,hbt_bcs,125,8,0.6,0.87,2.528410e-02,27.435004,3.34688E+11,25.413500,1.993610,ic_high
nx8_bcs_125c_vce0.6v,bcs,hbt_bcs,125,8,0.6,0.89,3.040580e-02,32.992405,2.26053E+11,23.020600,2.070530,ic_high
nx8_bcs_125c_vce0.6v,bcs,hbt_bcs,125,8,0.6,0.91,3.509010e-02,38.075195,1.10596E+11,18.403800,2.231470,ic_high
nx8_bcs_125c_vce0.6v,bcs,hbt_bcs,125,8,0.6,0.93,3.926120e-02,42.601128,6.24747E+10,15.313800,2.445870,ic_high
nx8_bcs_125c_vce0.6v,bcs,hbt_bcs,125,8,0.6,0.95,4.332160e-02,47.006944,4.11227E+10,13.237700,2.717970,ic_high
nx8_bcs_125c_vce0.6v,bcs,hbt_bcs,125,8,0.6,0.97,4.747380e-02,51.512370,2.86423E+10,11.039800,3.098620,ic_high;vbe_high
nx8_bcs_125c_vce0.6v,bcs,hbt_bcs,125,8,0.6,0.99,5.167720e-02,56.073351,1.93427E+10,7.855100,3.687990,ic_high;vbe_high
nx8_bcs_125c_vce0.6v,bcs,hbt_bcs,125,8,0.6,1.01,5.569560e-02,60.433594,1.19634E+10,3.315490,4.717860,ic_high;vbe_high
nx8_bcs_125c_vce0.6v,bcs,hbt_bcs,125,8,0.6,1.03,5.923220e-02,64.271050,6.76974E+09,-2.193490,6.639530,ic_high;vbe_high
nx8_bcs_125c_vce0.6v,bcs,hbt_bcs,125,8,0.6,1.05,6.209820e-02,67.380859,3.58562E+09,-7.984780,9.842550,ic_high;vbe_high
nx8_bcs_125c_vce0.8v,bcs,hbt_bcs,125,8,0.8,0.55,2.200240e-05,0.023874,3.5273E+09,-23.772600,31.090300,vbe_low
nx8_bcs_125c_vce0.8v,bcs,hbt_bcs,125,8,0.8,0.57,3.849150e-05,0.041766,6.10391E+09,-19.233600,26.611300,vbe_low
nx8_bcs_125c_vce0.8v,bcs,hbt_bcs,125,8,0.8,0.59,6.727910e-05,0.073002,1.04957E+10,-14.518500,22.010300,vbe_low
nx8_bcs_125c_vce0.8v,bcs,hbt_bcs,125,8,0.8,0.61,1.174160e-04,0.127405,1.7956E+10,-9.769510,17.485100,vbe_low
nx8_bcs_125c_vce0.8v,bcs,hbt_bcs,125,8,0.8,0.63,2.043620e-04,0.221747,3.02932E+10,-5.057490,13.219700,vbe_low
nx8_bcs_125c_vce0.8v,bcs,hbt_bcs,125,8,0.8,0.65,3.540290e-04,0.384146,5.01036E+10,-0.439338,9.469250,
nx8_bcs_125c_vce0.8v,bcs,hbt_bcs,125,8,0.8,0.67,6.084580e-04,0.660219,8.02342E+10,4.015410,6.535450,
nx8_bcs_125c_vce0.8v,bcs,hbt_bcs,125,8,0.8,0.69,1.032290e-03,1.120106,1.22786E+11,8.213720,4.569350,
nx8_bcs_125c_vce0.8v,bcs,hbt_bcs,125,8,0.8,0.71,1.716820e-03,1.862869,1.77026E+11,12.043300,3.421010,
nx8_bcs_125c_vce0.8v,bcs,hbt_bcs,125,8,0.8,0.73,2.775780e-03,3.011914,2.37235E+11,15.396900,2.792180,
nx8_bcs_125c_vce0.8v,bcs,hbt_bcs,125,8,0.8,0.75,4.328480e-03,4.696701,2.9613E+11,18.209700,2.442550,
nx8_bcs_125c_vce0.8v,bcs,hbt_bcs,125,8,0.8,0.77,6.475270e-03,7.026118,3.47039E+11,20.484000,2.236230,
nx8_bcs_125c_vce0.8v,bcs,hbt_bcs,125,8,0.8,0.79,9.279270e-03,10.068652,3.84504E+11,22.279000,2.108200,
nx8_bcs_125c_vce0.8v,bcs,hbt_bcs,125,8,0.8,0.81,1.276330e-02,13.849067,4.08621E+11,23.678700,2.030410,
nx8_bcs_125c_vce0.8v,bcs,hbt_bcs,125,8,0.8,0.83,1.691830e-02,18.357530,4.16622E+11,24.761000,1.992240,
nx8_bcs_125c_vce0.8v,bcs,hbt_bcs,125,8,0.8,0.85,2.171520e-02,23.562500,4.07572E+11,25.583600,1.990990,
nx8_bcs_125c_vce0.8v,bcs,hbt_bcs,125,8,0.8,0.87,2.711390e-02,29.420464,3.81396E+11,26.181100,2.027530,ic_high
nx8_bcs_125c_vce0.8v,bcs,hbt_bcs,125,8,0.8,0.89,3.306380e-02,35.876519,3.39074E+11,26.492300,2.104930,ic_high
nx8_bcs_125c_vce0.8v,bcs,hbt_bcs,125,8,0.8,0.91,3.943050e-02,42.784831,2.59368E+11,25.591500,2.233330,ic_high
nx8_bcs_125c_vce0.8v,bcs,hbt_bcs,125,8,0.8,0.93,4.558860e-02,49.466797,1.31619E+11,21.170000,2.448260,ic_high
nx8_bcs_125c_vce0.8v,bcs,hbt_bcs,125,8,0.8,0.95,5.098380e-02,55.320964,6.88363E+10,17.093300,2.748000,ic_high
nx8_bcs_125c_vce0.8v,bcs,hbt_bcs,125,8,0.8,0.97,5.605490e-02,60.823459,4.41826E+10,14.563200,3.115600,ic_high;vbe_high
nx8_bcs_125c_vce0.8v,bcs,hbt_bcs,125,8,0.8,0.99,6.117240e-02,66.376302,3.16574E+10,12.555800,3.567030,ic_high;vbe_high
nx8_bcs_125c_vce0.8v,bcs,hbt_bcs,125,8,0.8,1.01,6.642680e-02,72.077691,2.33755E+10,10.284500,4.133250,ic_high;vbe_high
nx8_bcs_125c_vce0.8v,bcs,hbt_bcs,125,8,0.8,1.03,7.165260e-02,77.748047,1.64888E+10,6.941880,4.899690,ic_high;vbe_high
nx8_bcs_125c_vce0.8v,bcs,hbt_bcs,125,8,0.8,1.05,7.646960e-02,82.974826,1.05708E+10,2.285980,6.073880,ic_high;vbe_high
nx8_bcs_125c_vce1.0v,bcs,hbt_bcs,125,8,1.0,0.55,2.202920e-05,0.023903,3.55477E+09,-23.782000,31.100100,vbe_low
nx8_bcs_125c_vce1.0v,bcs,hbt_bcs,125,8,1.0,0.57,3.854580e-05,0.041825,6.15587E+09,-19.228800,26.606900,vbe_low
nx8_bcs_125c_vce1.0v,bcs,hbt_bcs,125,8,1.0,0.59,6.739640e-05,0.073130,1.05957E+10,-14.506300,21.998800,vbe_low
nx8_bcs_125c_vce1.0v,bcs,hbt_bcs,125,8,1.0,0.61,1.176860e-04,0.127697,1.81228E+10,-9.751370,17.468500,vbe_low
nx8_bcs_125c_vce1.0v,bcs,hbt_bcs,125,8,1.0,0.63,2.050190e-04,0.222460,3.0629E+10,-5.031860,13.197900,vbe_low
nx8_bcs_125c_vce1.0v,bcs,hbt_bcs,125,8,1.0,0.65,3.556920e-04,0.385951,5.06987E+10,-0.402792,9.442700,
nx8_bcs_125c_vce1.0v,bcs,hbt_bcs,125,8,1.0,0.67,6.127360e-04,0.664861,8.13265E+10,4.067890,6.506920,
nx8_bcs_125c_vce1.0v,bcs,hbt_bcs,125,8,1.0,0.69,1.043190e-03,1.131934,1.24858E+11,8.287950,4.543120,
nx8_bcs_125c_vce1.0v,bcs,hbt_bcs,125,8,1.0,0.71,1.743570e-03,1.891895,1.80402E+11,12.144200,3.399640,
nx8_bcs_125c_vce1.0v,bcs,hbt_bcs,125,8,1.0,0.73,2.837380e-03,3.078754,2.42829E+11,15.525700,2.775680,
nx8_bcs_125c_vce1.0v,bcs,hbt_bcs,125,8,1.0,0.75,4.458850e-03,4.838162,3.03662E+11,18.362700,2.429950,
nx8_bcs_125c_vce1.0v,bcs,hbt_bcs,125,8,1.0,0.77,6.726530e-03,7.298752,3.55939E+11,20.653700,2.226930,
nx8_bcs_125c_vce1.0v,bcs,hbt_bcs,125,8,1.0,0.79,9.721050e-03,10.548014,3.95077E+11,22.457200,2.102740,
nx8_bcs_125c_vce1.0v,bcs,hbt_bcs,125,8,1.0,0.81,1.347900e-02,14.625651,4.19576E+11,23.858700,2.030930,
nx8_bcs_125c_vce1.0v,bcs,hbt_bcs,125,8,1.0,0.83,1.800050e-02,19.531793,4.324E+11,24.940700,2.002830,
nx8_bcs_125c_vce1.0v,bcs,hbt_bcs,125,8,1.0,0.85,2.326160e-02,25.240451,4.29001E+11,25.768200,2.017950,
nx8_bcs_125c_vce1.0v,bcs,hbt_bcs,125,8,1.0,0.87,2.922480e-02,31.710938,4.03328E+11,26.375800,2.079680,ic_high
nx8_bcs_125c_vce1.0v,bcs,hbt_bcs,125,8,1.0,0.89,3.584540e-02,38.894748,3.56995E+11,26.780600,2.193150,ic_high
nx8_bcs_125c_vce1.0v,bcs,hbt_bcs,125,8,1.0,0.91,4.307180e-02,46.735894,2.95084E+11,26.911200,2.364440,ic_high
nx8_bcs_125c_vce1.0v,bcs,hbt_bcs,125,8,1.0,0.93,5.076170e-02,55.079970,2.09758E+11,25.813600,2.605020,ic_high
nx8_bcs_125c_vce1.0v,bcs,hbt_bcs,125,8,1.0,0.95,5.814200e-02,63.088108,1.05962E+11,21.098200,2.949320,ic_high
nx8_bcs_125c_vce1.0v,bcs,hbt_bcs,125,8,1.0,0.97,6.461200e-02,70.108507,5.84653E+10,17.001000,3.389090,ic_high;vbe_high
nx8_bcs_125c_vce1.0v,bcs,hbt_bcs,125,8,1.0,0.99,7.073350e-02,76.750760,3.92603E+10,14.395200,3.905430,ic_high;vbe_high
nx8_bcs_125c_vce1.0v,bcs,hbt_bcs,125,8,1.0,1.01,7.689800e-02,83.439670,2.91581E+10,12.357200,4.499190,ic_high;vbe_high
nx8_bcs_125c_vce1.0v,bcs,hbt_bcs,125,8,1.0,1.03,8.318790e-02,90.264648,2.24748E+10,10.193300,5.180150,ic_high;vbe_high
nx8_bcs_125c_vce1.0v,bcs,hbt_bcs,125,8,1.0,1.05,8.939370e-02,96.998372,1.65797E+10,7.084680,6.003710,ic_high;vbe_high
nx8_bcs_125c_vce1.2v,bcs,hbt_bcs,125,8,1.2,0.55,2.206140e-05,0.023938,3.57718E+09,-23.785100,31.103400,vbe_low
nx8_bcs_125c_vce1.2v,bcs,hbt_bcs,125,8,1.2,0.57,3.860820e-05,0.041893,6.19786E+09,-19.220900,26.599400,vbe_low
nx8_bcs_125c_vce1.2v,bcs,hbt_bcs,125,8,1.2,0.59,6.752570e-05,0.073270,1.06760E+10,-14.492500,21.985700,vbe_low
nx8_bcs_125c_vce1.2v,bcs,hbt_bcs,125,8,1.2,0.61,1.179740e-04,0.128010,1.8257E+10,-9.732180,17.450700,vbe_low
nx8_bcs_125c_vce1.2v,bcs,hbt_bcs,125,8,1.2,0.63,2.057050e-04,0.223204,3.09008E+10,-5.005470,13.175200,vbe_low
nx8_bcs_125c_vce1.2v,bcs,hbt_bcs,125,8,1.2,0.65,3.574090e-04,0.387814,5.11858E+10,-0.365610,9.415360,
nx8_bcs_125c_vce1.2v,bcs,hbt_bcs,125,8,1.2,0.67,6.171410e-04,0.669641,8.22332E+10,4.120960,6.477740,
nx8_bcs_125c_vce1.2v,bcs,hbt_bcs,125,8,1.2,0.69,1.054460e-03,1.144162,1.26596E+11,8.362810,4.516420,
nx8_bcs_125c_vce1.2v,bcs,hbt_bcs,125,8,1.2,0.71,1.771530e-03,1.922233,1.83256E+11,12.245700,3.377960,
nx8_bcs_125c_vce1.2v,bcs,hbt_bcs,125,8,1.2,0.73,2.902760e-03,3.149696,2.47529E+11,15.655300,2.758960,
nx8_bcs_125c_vce1.2v,bcs,hbt_bcs,125,8,1.2,0.75,4.599870e-03,4.991178,3.10041E+11,18.516900,2.417190,
nx8_bcs_125c_vce1.2v,bcs,hbt_bcs,125,8,1.2,0.77,7.003800e-03,7.599609,3.62986E+11,20.825800,2.217610,
nx8_bcs_125c_vce1.2v,bcs,hbt_bcs,125,8,1.2,0.79,1.021840e-02,11.087674,4.02825E+11,22.639400,2.097740,
nx8_bcs_125c_vce1.2v,bcs,hbt_bcs,125,8,1.2,0.81,1.430020e-02,15.516710,4.27826E+11,24.042400,2.033260,
nx8_bcs_125c_vce1.2v,bcs,hbt_bcs,125,8,1.2,0.83,1.926420e-02,20.902995,4.394E+11,25.117300,2.018210,
nx8_bcs_125c_vce1.2v,bcs,hbt_bcs,125,8,1.2,0.85,2.509690e-02,27.231879,4.34147E+11,25.930600,2.055420,ic_high
nx8_bcs_125c_vce1.2v,bcs,hbt_bcs,125,8,1.2,0.87,3.176730e-02,34.469727,4.09894E+11,26.528000,2.152100,ic_high
nx8_bcs_125c_vce1.2v,bcs,hbt_bcs,125,8,1.2,0.89,3.923400e-02,42.571615,3.58012E+11,26.912300,2.317560,ic_high
nx8_bcs_125c_vce1.2v,bcs,hbt_bcs,125,8,1.2,0.91,4.744780e-02,51.484158,2.84086E+11,27.038100,2.561460,ic_high
nx8_bcs_125c_vce1.2v,bcs,hbt_bcs,125,8,1.2,0.93,5.633710e-02,61.129666,2.0592E+11,26.654100,2.892750,ic_high
nx8_bcs_125c_vce1.2v,bcs,hbt_bcs,125,8,1.2,0.95,6.551450e-02,71.087782,1.18006E+11,23.462100,3.330280,ic_high
nx8_bcs_125c_vce1.2v,bcs,hbt_bcs,125,8,1.2,0.97,7.374650e-02,80.020074,6.23115E+10,18.268800,3.886390,ic_high;vbe_high
nx8_bcs_125c_vce1.2v,bcs,hbt_bcs,125,8,1.2,0.99,8.114810e-02,88.051324,3.96995E+10,14.787300,4.522630,ic_high;vbe_high
nx8_bcs_125c_vce1.2v,bcs,hbt_bcs,125,8,1.2,1.01,8.837150e-02,95.889214,2.85628E+10,12.201200,5.225800,ic_high;vbe_high
nx8_bcs_125c_vce1.2v,bcs,hbt_bcs,125,8,1.2,1.03,9.565710e-02,103.794596,2.16418E+10,9.783710,5.991070,ic_high;vbe_high
nx8_bcs_125c_vce1.2v,bcs,hbt_bcs,125,8,1.2,1.05,1.029090e-01,111.663411,1.62026E+10,6.900650,6.839760,ic_high;vbe_high
nx8_bcs_125c_vce1.4v,bcs,hbt_bcs,125,8,1.4,0.55,2.211320e-05,0.023994,,-23.779200,31.097700,vbe_low
nx8_bcs_125c_vce1.4v,bcs,hbt_bcs,125,8,1.4,0.57,3.870180e-05,0.041994,,-19.206200,26.584900,vbe_low
nx8_bcs_125c_vce1.4v,bcs,hbt_bcs,125,8,1.4,0.59,6.770480e-05,0.073464,,-14.472800,21.966500,vbe_low
nx8_bcs_125c_vce1.4v,bcs,hbt_bcs,125,8,1.4,0.61,1.183420e-04,0.128409,1.83803E+10,-9.707600,17.427400,vbe_low
nx8_bcs_125c_vce1.4v,bcs,hbt_bcs,125,8,1.4,0.63,2.065220e-04,0.224091,3.11488E+10,-4.973900,13.147300,vbe_low
nx8_bcs_125c_vce1.4v,bcs,hbt_bcs,125,8,1.4,0.65,3.593480e-04,0.389918,5.16308E+10,-0.323289,9.383170,
nx8_bcs_125c_vce1.4v,bcs,hbt_bcs,125,8,1.4,0.67,6.219560e-04,0.674865,8.30643E+10,4.179070,6.444390,
nx8_bcs_125c_vce1.4v,bcs,hbt_bcs,125,8,1.4,0.69,1.066590e-03,1.157324,1.28196E+11,8.442040,4.486560,
nx8_bcs_125c_vce1.4v,bcs,hbt_bcs,125,8,1.4,0.71,1.801570e-03,1.954829,1.85887E+11,12.349300,3.354150,
nx8_bcs_125c_vce1.4v,bcs,hbt_bcs,125,8,1.4,0.73,2.973550e-03,3.226508,2.51834E+11,15.781500,2.740960,
nx8_bcs_125c_vce1.4v,bcs,hbt_bcs,125,8,1.4,0.75,4.754720e-03,5.159201,3.15802E+11,18.659200,2.403810,
nx8_bcs_125c_vce1.4v,bcs,hbt_bcs,125,8,1.4,0.77,7.313790e-03,7.935970,3.69196E+11,20.977800,2.208260,
nx8_bcs_125c_vce1.4v,bcs,hbt_bcs,125,8,1.4,0.79,1.078560e-02,11.703125,4.09336E+11,22.800700,2.093590,
nx8_bcs_125c_vce1.4v,bcs,hbt_bcs,125,8,1.4,0.81,1.525620e-02,16.554036,4.34167E+11,24.215200,2.038310,
nx8_bcs_125c_vce1.4v,bcs,hbt_bcs,125,8,1.4,0.83,2.076660e-02,22.533203,4.43088E+11,25.294000,2.040570,
nx8_bcs_125c_vce1.4v,bcs,hbt_bcs,125,8,1.4,0.85,2.732340e-02,29.647786,4.32747E+11,26.091400,2.108500,ic_high
nx8_bcs_125c_vce1.4v,bcs,hbt_bcs,125,8,1.4,0.87,3.491110e-02,37.880968,4.01155E+11,26.654000,2.255550,ic_high
nx8_bcs_125c_vce1.4v,bcs,hbt_bcs,125,8,1.4,0.89,4.349850e-02,47.198893,3.47594E+11,27.006700,2.497680,ic_high
nx8_bcs_125c_vce1.4v,bcs,hbt_bcs,125,8,1.4,0.91,5.303910e-02,57.551107,2.56295E+11,27.004300,2.850500,ic_high
nx8_bcs_125c_vce1.4v,bcs,hbt_bcs,125,8,1.4,0.93,6.345310e-02,68.851020,1.60991E+11,26.190400,3.325510,ic_high
nx8_bcs_125c_vce1.4v,bcs,hbt_bcs,125,8,1.4,0.95,7.441600e-02,80.746528,8.87132E+10,22.940400,3.932870,ic_high
nx8_bcs_125c_vce1.4v,bcs,hbt_bcs,125,8,1.4,0.97,8.441420e-02,91.595269,4.88282E+10,17.301300,4.668320,ic_high;vbe_high
nx8_bcs_125c_vce1.4v,bcs,hbt_bcs,125,8,1.4,0.99,9.319900e-02,101.127387,3.07432E+10,13.016200,5.476230,ic_high;vbe_high
nx8_bcs_125c_vce1.4v,bcs,hbt_bcs,125,8,1.4,1.01,1.015630e-01,110.202908,2.08529E+10,9.388010,6.341240,ic_high;vbe_high
nx8_bcs_125c_vce1.4v,bcs,hbt_bcs,125,8,1.4,1.03,1.097990e-01,119.139540,1.45616E+10,5.880550,7.260730,ic_high;vbe_high
nx8_bcs_125c_vce1.4v,bcs,hbt_bcs,125,8,1.4,1.05,1.178440e-01,127.868924,1.00687E+10,2.194890,8.281110,ic_high;vbe_high
nx8_wcs_-40c_vce0.6v,wcs,hbt_wcs,-40,8,0.6,0.55,2.248590e-10,0.000000,,-32.459100,37.378300,vbe_low
nx8_wcs_-40c_vce0.6v,wcs,hbt_wcs,-40,8,0.6,0.57,6.013730e-10,0.000001,,-32.439300,37.358600,vbe_low
nx8_wcs_-40c_vce0.6v,wcs,hbt_wcs,-40,8,0.6,0.59,1.608530e-09,0.000002,,-32.419000,37.338200,vbe_low
nx8_wcs_-40c_vce0.6v,wcs,hbt_wcs,-40,8,0.6,0.61,4.302550e-09,0.000005,,-32.398000,37.317300,vbe_low
nx8_wcs_-40c_vce0.6v,wcs,hbt_wcs,-40,8,0.6,0.63,1.150850e-08,0.000012,2.50323E+06,-32.376300,37.295600,vbe_low
nx8_wcs_-40c_vce0.6v,wcs,hbt_wcs,-40,8,0.6,0.65,3.078290e-08,0.000033,6.66857E+06,-32.353700,37.273100,
nx8_wcs_-40c_vce0.6v,wcs,hbt_wcs,-40,8,0.6,0.67,8.233590e-08,0.000089,1.77106E+07,-32.329200,37.248800,
nx8_wcs_-40c_vce0.6v,wcs,hbt_wcs,-40,8,0.6,0.69,2.202180e-07,0.000239,4.71044E+07,-32.296600,37.217000,
nx8_wcs_-40c_vce0.6v,wcs,hbt_wcs,-40,8,0.6,0.71,5.889630e-07,0.000639,1.25060E+08,-32.215700,37.138100,
nx8_wcs_-40c_vce0.6v,wcs,hbt_wcs,-40,8,0.6,0.73,1.574900e-06,0.001709,3.31791E+08,-31.826200,36.754000,
nx8_wcs_-40c_vce0.6v,wcs,hbt_wcs,-40,8,0.6,0.75,4.209610e-06,0.004568,8.79549E+08,-29.868400,34.811100,
nx8_wcs_-40c_vce0.6v,wcs,hbt_wcs,-40,8,0.6,0.77,1.124010e-05,0.012196,2.31822E+09,-24.383800,29.369100,
nx8_wcs_-40c_vce0.6v,wcs,hbt_wcs,-40,8,0.6,0.79,2.992810e-05,0.032474,6.08845E+09,-16.604500,21.723100,
nx8_wcs_-40c_vce0.6v,wcs,hbt_wcs,-40,8,0.6,0.81,7.909690e-05,0.085826,1.56917E+10,-8.401310,13.984100,
nx8_wcs_-40c_vce0.6v,wcs,hbt_wcs,-40,8,0.6,0.83,2.051110e-04,0.222560,3.87727E+10,-0.463120,7.615640,
nx8_wcs_-40c_vce0.6v,wcs,hbt_wcs,-40,8,0.6,0.85,5.087520e-04,0.552031,8.71672E+10,6.698980,4.015460,
nx8_wcs_-40c_vce0.6v,wcs,hbt_wcs,-40,8,0.6,0.87,1.156780e-03,1.255187,1.649E+11,12.470100,2.679090,
nx8_wcs_-40c_vce0.6v,wcs,hbt_wcs,-40,8,0.6,0.89,2.313180e-03,2.509961,2.52146E+11,16.504900,2.231190,
nx8_wcs_-40c_vce0.6v,wcs,hbt_wcs,-40,8,0.6,0.91,4.026080e-03,4.368576,3.20702E+11,19.050900,2.052120,
nx8_wcs_-40c_vce0.6v,wcs,hbt_wcs,-40,8,0.6,0.93,6.227150e-03,6.756890,3.64199E+11,20.623700,1.963270,
nx8_wcs_-40c_vce0.6v,wcs,hbt_wcs,-40,8,0.6,0.95,8.813860e-03,9.563650,3.88715E+11,21.630800,1.913990,
nx8_wcs_-40c_vce0.6v,wcs,hbt_wcs,-40,8,0.6,0.97,1.169940e-02,12.694661,3.99593E+11,22.310000,1.888250,vbe_high
nx8_wcs_-40c_vce0.6v,wcs,hbt_wcs,-40,8,0.6,0.99,1.482040e-02,16.081163,4.00332E+11,22.790300,1.880260,vbe_high
nx8_wcs_-40c_vce0.6v,wcs,hbt_wcs,-40,8,0.6,1.01,1.813410e-02,19.676758,3.93857E+11,23.140600,1.887720,vbe_high
nx8_wcs_-40c_vce0.6v,wcs,hbt_wcs,-40,8,0.6,1.03,2.160730e-02,23.445421,3.77324E+11,23.349400,1.910520,vbe_high
nx8_wcs_-40c_vce0.6v,wcs,hbt_wcs,-40,8,0.6,1.05,2.516780e-02,27.308811,2.6955E+11,22.202000,1.969240,ic_high;vbe_high
nx8_wcs_-40c_vce0.8v,wcs,hbt_wcs,-40,8,0.8,0.55,2.252710e-10,0.000000,,-32.630900,37.550400,vbe_low
nx8_wcs_-40c_vce0.8v,wcs,hbt_wcs,-40,8,0.8,0.57,6.021370e-10,0.000001,,-32.615500,37.535000,vbe_low
nx8_wcs_-40c_vce0.8v,wcs,hbt_wcs,-40,8,0.8,0.59,1.610240e-09,0.000002,,-32.599700,37.519300,vbe_low
nx8_wcs_-40c_vce0.8v,wcs,hbt_wcs,-40,8,0.8,0.61,4.306770e-09,0.000005,,-32.583600,37.503100,vbe_low
nx8_wcs_-40c_vce0.8v,wcs,hbt_wcs,-40,8,0.8,0.63,1.151950e-08,0.000012,2.52023E+06,-32.567000,37.486600,vbe_low
nx8_wcs_-40c_vce0.8v,wcs,hbt_wcs,-40,8,0.8,0.65,3.081180e-08,0.000033,6.71858E+06,-32.549700,37.469400,
nx8_wcs_-40c_vce0.8v,wcs,hbt_wcs,-40,8,0.8,0.67,8.241290e-08,0.000089,1.78378E+07,-32.530800,37.450700,
nx8_wcs_-40c_vce0.8v,wcs,hbt_wcs,-40,8,0.8,0.69,2.204250e-07,0.000239,4.74798E+07,-32.503700,37.424400,
nx8_wcs_-40c_vce0.8v,wcs,hbt_wcs,-40,8,0.8,0.71,5.895190e-07,0.000640,1.26017E+08,-32.426400,37.349000,
nx8_wcs_-40c_vce0.8v,wcs,hbt_wcs,-40,8,0.8,0.73,1.576420e-06,0.001711,3.3463E+08,-32.025100,36.953200,
nx8_wcs_-40c_vce0.8v,wcs,hbt_wcs,-40,8,0.8,0.75,4.213940e-06,0.004572,8.86828E+08,-29.995900,34.938800,
nx8_wcs_-40c_vce0.8v,wcs,hbt_wcs,-40,8,0.8,0.77,1.125340e-05,0.012211,2.34027E+09,-24.413400,29.399000,
nx8_wcs_-40c_vce0.8v,wcs,hbt_wcs,-40,8,0.8,0.79,2.997440e-05,0.032524,6.14708E+09,-16.598100,21.717400,
nx8_wcs_-40c_vce0.8v,wcs,hbt_wcs,-40,8,0.8,0.81,7.928920e-05,0.086034,1.58561E+10,-8.382270,13.967500,
nx8_wcs_-40c_vce0.8v,wcs,hbt_wcs,-40,8,0.8,0.83,2.060200e-04,0.223546,3.92762E+10,-0.428984,7.593510,
nx8_wcs_-40c_vce0.8v,wcs,hbt_wcs,-40,8,0.8,0.85,5.130460e-04,0.556691,8.86279E+10,6.757390,3.996850,
nx8_wcs_-40c_vce0.8v,wcs,hbt_wcs,-40,8,0.8,0.87,1.173950e-03,1.273817,1.6842E+11,12.555600,2.667500,
nx8_wcs_-40c_vce0.8v,wcs,hbt_wcs,-40,8,0.8,0.89,2.364970e-03,2.566157,2.58232E+11,16.605200,2.223760,
nx8_wcs_-40c_vce0.8v,wcs,hbt_wcs,-40,8,0.8,0.91,4.143420e-03,4.495898,3.28873E+11,19.150700,2.046610,
nx8_wcs_-40c_vce0.8v,wcs,hbt_wcs,-40,8,0.8,0.93,6.441320e-03,6.989280,3.73795E+11,20.717300,1.958990,
nx8_wcs_-40c_vce0.8v,wcs,hbt_wcs,-40,8,0.8,0.95,9.152980e-03,9.931619,4.00965E+11,21.719400,1.911430,
nx8_wcs_-40c_vce0.8v,wcs,hbt_wcs,-40,8,0.8,0.97,1.218820e-02,13.225043,4.1358E+11,22.397400,1.888740,vbe_high
nx8_wcs_-40c_vce0.8v,wcs,hbt_wcs,-40,8,0.8,0.99,1.548160e-02,16.798611,4.1738E+11,22.880400,1.885760,vbe_high
nx8_wcs_-40c_vce0.8v,wcs,hbt_wcs,-40,8,0.8,1.01,1.898930e-02,20.604709,4.14231E+11,23.237800,1.900800,vbe_high
nx8_wcs_-40c_vce0.8v,wcs,hbt_wcs,-40,8,0.8,1.03,2.268150e-02,24.611003,4.03821E+11,23.507500,1.933460,vbe_high
nx8_wcs_-40c_vce0.8v,wcs,hbt_wcs,-40,8,0.8,1.05,2.653400e-02,28.791233,3.87175E+11,23.712400,1.984030,ic_high;vbe_high
nx8_wcs_-40c_vce1.0v,wcs,hbt_wcs,-40,8,1.0,0.55,2.256870e-10,0.000000,,-32.768700,37.688400,vbe_low
nx8_wcs_-40c_vce1.0v,wcs,hbt_wcs,-40,8,1.0,0.57,6.029110e-10,0.000001,,-32.756100,37.675800,vbe_low
nx8_wcs_-40c_vce1.0v,wcs,hbt_wcs,-40,8,1.0,0.59,1.611960e-09,0.000002,,-32.743200,37.663000,vbe_low
nx8_wcs_-40c_vce1.0v,wcs,hbt_wcs,-40,8,1.0,0.61,4.311000e-09,0.000005,,-32.730100,37.649900,vbe_low
nx8_wcs_-40c_vce1.0v,wcs,hbt_wcs,-40,8,1.0,0.63,1.153040e-08,0.000013,2.53591E+06,-32.716700,37.636500,vbe_low
nx8_wcs_-40c_vce1.0v,wcs,hbt_wcs,-40,8,1.0,0.65,3.084050e-08,0.000033,6.75854E+06,-32.702700,37.622600,
nx8_wcs_-40c_vce1.0v,wcs,hbt_wcs,-40,8,1.0,0.67,8.248910e-08,0.000090,1.79388E+07,-32.687200,37.607300,
nx8_wcs_-40c_vce1.0v,wcs,hbt_wcs,-40,8,1.0,0.69,2.206280e-07,0.000239,4.77756E+07,-32.663400,37.584200,
nx8_wcs_-40c_vce1.0v,wcs,hbt_wcs,-40,8,1.0,0.71,5.900660e-07,0.000640,1.26766E+08,-32.587500,37.510400,
nx8_wcs_-40c_vce1.0v,wcs,hbt_wcs,-40,8,1.0,0.73,1.577920e-06,0.001712,3.36835E+08,-32.175400,37.103700,
nx8_wcs_-40c_vce1.0v,wcs,hbt_wcs,-40,8,1.0,0.75,4.218180e-06,0.004577,8.92454E+08,-30.089000,35.032200,
nx8_wcs_-40c_vce1.0v,wcs,hbt_wcs,-40,8,1.0,0.77,1.126640e-05,0.012225,2.35721E+09,-24.432400,29.418300,
nx8_wcs_-40c_vce1.0v,wcs,hbt_wcs,-40,8,1.0,0.79,3.002010e-05,0.032574,6.19226E+09,-16.590100,21.709900,
nx8_wcs_-40c_vce1.0v,wcs,hbt_wcs,-40,8,1.0,0.81,7.948030e-05,0.086242,1.59845E+10,-8.363250,13.950800,
nx8_wcs_-40c_vce1.0v,wcs,hbt_wcs,-40,8,1.0,0.83,2.069340e-04,0.224538,3.96784E+10,-0.395045,7.571460,
nx8_wcs_-40c_vce1.0v,wcs,hbt_wcs,-40,8,1.0,0.85,5.174210e-04,0.561438,8.98256E+10,6.815940,3.978250,
nx8_wcs_-40c_vce1.0v,wcs,hbt_wcs,-40,8,1.0,0.87,1.191760e-03,1.293142,1.71638E+11,12.642000,2.655850,
nx8_wcs_-40c_vce1.0v,wcs,hbt_wcs,-40,8,1.0,0.89,2.419650e-03,2.625488,2.63109E+11,16.706600,2.216250,
nx8_wcs_-40c_vce1.0v,wcs,hbt_wcs,-40,8,1.0,0.91,4.269180e-03,4.632357,3.35431E+11,19.251300,2.041020,
nx8_wcs_-40c_vce1.0v,wcs,hbt_wcs,-40,8,1.0,0.93,6.673600e-03,7.241319,3.81958E+11,20.811000,1.954770,
nx8_wcs_-40c_vce1.0v,wcs,hbt_wcs,-40,8,1.0,0.95,9.523490e-03,10.333648,4.0866E+11,21.806900,1.909320,
nx8_wcs_-40c_vce1.0v,wcs,hbt_wcs,-40,8,1.0,0.97,1.272690e-02,13.809570,4.21401E+11,22.481400,1.890480,vbe_high
nx8_wcs_-40c_vce1.0v,wcs,hbt_wcs,-40,8,1.0,0.99,1.621530e-02,17.594727,4.26504E+11,22.963300,1.893950,vbe_high
nx8_wcs_-40c_vce1.0v,wcs,hbt_wcs,-40,8,1.0,1.01,1.994630e-02,21.643121,4.23942E+11,23.321300,1.918780,vbe_high
nx8_wcs_-40c_vce1.0v,wcs,hbt_wcs,-40,8,1.0,1.03,2.388640e-02,25.918403,4.15301E+11,23.593800,1.965400,vbe_high
nx8_wcs_-40c_vce1.0v,wcs,hbt_wcs,-40,8,1.0,1.05,2.801440e-02,30.397569,4.00374E+11,23.802200,2.034820,ic_high;vbe_high
nx8_wcs_-40c_vce1.2v,wcs,hbt_wcs,-40,8,1.2,0.55,2.261390e-10,0.000000,,-32.883600,37.803400,vbe_low
nx8_wcs_-40c_vce1.2v,wcs,hbt_wcs,-40,8,1.2,0.57,6.037680e-10,0.000001,,-32.872900,37.792800,vbe_low
nx8_wcs_-40c_vce1.2v,wcs,hbt_wcs,-40,8,1.2,0.59,1.613870e-09,0.000002,,-32.862100,37.781900,vbe_low
nx8_wcs_-40c_vce1.2v,wcs,hbt_wcs,-40,8,1.2,0.61,4.315690e-09,0.000005,,-32.851000,37.770900,vbe_low
nx8_wcs_-40c_vce1.2v,wcs,hbt_wcs,-40,8,1.2,0.63,1.154240e-08,0.000013,2.54954E+06,-32.839800,37.759700,vbe_low
nx8_wcs_-40c_vce1.2v,wcs,hbt_wcs,-40,8,1.2,0.65,3.087160e-08,0.000033,6.79256E+06,-32.828000,37.748100,
nx8_wcs_-40c_vce1.2v,wcs,hbt_wcs,-40,8,1.2,0.67,8.257050e-08,0.000090,1.80283E+07,-32.814700,37.735000,
nx8_wcs_-40c_vce1.2v,wcs,hbt_wcs,-40,8,1.2,0.69,2.208430e-07,0.000240,4.80242E+07,-32.793100,37.714100,
nx8_wcs_-40c_vce1.2v,wcs,hbt_wcs,-40,8,1.2,0.71,5.906380e-07,0.000641,1.27392E+08,-32.717800,37.640800,
nx8_wcs_-40c_vce1.2v,wcs,hbt_wcs,-40,8,1.2,0.73,1.579470e-06,0.001714,3.38667E+08,-32.295800,37.224300,
nx8_wcs_-40c_vce1.2v,wcs,hbt_wcs,-40,8,1.2,0.75,4.222530e-06,0.004582,8.9711E+08,-30.161600,35.104900,
nx8_wcs_-40c_vce1.2v,wcs,hbt_wcs,-40,8,1.2,0.77,1.127960e-05,0.012239,2.37121E+09,-24.445000,29.431200,
nx8_wcs_-40c_vce1.2v,wcs,hbt_wcs,-40,8,1.2,0.79,3.006620e-05,0.032624,6.22972E+09,-16.580900,21.701300,
nx8_wcs_-40c_vce1.2v,wcs,hbt_wcs,-40,8,1.2,0.81,7.967290e-05,0.086451,1.60924E+10,-8.344060,13.933900,
nx8_wcs_-40c_vce1.2v,wcs,hbt_wcs,-40,8,1.2,0.83,2.078570e-04,0.225539,4.00242E+10,-0.360959,7.549260,
nx8_wcs_-40c_vce1.2v,wcs,hbt_wcs,-40,8,1.2,0.85,5.218910e-04,0.566288,9.08805E+10,6.875010,3.959520,
nx8_wcs_-40c_vce1.2v,wcs,hbt_wcs,-40,8,1.2,0.87,1.210290e-03,1.313249,1.74492E+11,12.729600,2.644090,
nx8_wcs_-40c_vce1.2v,wcs,hbt_wcs,-40,8,1.2,0.89,2.477520e-03,2.688281,2.68008E+11,16.809500,2.208630,
nx8_wcs_-40c_vce1.2v,wcs,hbt_wcs,-40,8,1.2,0.91,4.404350e-03,4.779026,3.41876E+11,19.353100,2.035350,
nx8_wcs_-40c_vce1.2v,wcs,hbt_wcs,-40,8,1.2,0.93,6.926470e-03,7.515701,3.88561E+11,20.905600,1.950630,
nx8_wcs_-40c_vce1.2v,wcs,hbt_wcs,-40,8,1.2,0.95,9.931250e-03,10.776096,4.14388E+11,21.895300,1.907800,
nx8_wcs_-40c_vce1.2v,wcs,hbt_wcs,-40,8,1.2,0.97,1.332440e-02,14.457899,4.27734E+11,22.566000,1.893860,vbe_high
nx8_wcs_-40c_vce1.2v,wcs,hbt_wcs,-40,8,1.2,0.99,1.703630e-02,18.485569,4.32245E+11,23.045400,1.905590,vbe_high
nx8_wcs_-40c_vce1.2v,wcs,hbt_wcs,-40,8,1.2,1.01,2.102310e-02,22.811523,4.29109E+11,23.401600,1.943120,vbe_high
nx8_wcs_-40c_vce1.2v,wcs,hbt_wcs,-40,8,1.2,1.03,2.525300e-02,27.401259,4.19066E+11,23.671800,2.007950,ic_high;vbe_high
nx8_wcs_-40c_vce1.2v,wcs,hbt_wcs,-40,8,1.2,1.05,2.970420e-02,32.231120,4.04122E+11,23.877400,2.102150,ic_high;vbe_high
nx8_wcs_-40c_vce1.4v,wcs,hbt_wcs,-40,8,1.4,0.55,2.266870e-10,0.000000,,-32.982000,37.902000,vbe_low
nx8_wcs_-40c_vce1.4v,wcs,hbt_wcs,-40,8,1.4,0.57,6.048600e-10,0.000001,,-32.972700,37.892700,vbe_low
nx8_wcs_-40c_vce1.4v,wcs,hbt_wcs,-40,8,1.4,0.59,1.616370e-09,0.000002,,-32.963400,37.883400,vbe_low
nx8_wcs_-40c_vce1.4v,wcs,hbt_wcs,-40,8,1.4,0.61,4.321790e-09,0.000005,,-32.953900,37.873900,vbe_low
nx8_wcs_-40c_vce1.4v,wcs,hbt_wcs,-40,8,1.4,0.63,1.155780e-08,0.000013,2.56217E+06,-32.944200,37.864200,vbe_low
nx8_wcs_-40c_vce1.4v,wcs,hbt_wcs,-40,8,1.4,0.65,3.091100e-08,0.000034,6.82381E+06,-32.934100,37.854200,
nx8_wcs_-40c_vce1.4v,wcs,hbt_wcs,-40,8,1.4,0.67,8.267230e-08,0.000090,1.81189E+07,-32.922400,37.842800,
nx8_wcs_-40c_vce1.4v,wcs,hbt_wcs,-40,8,1.4,0.69,2.211070e-07,0.000240,4.82487E+07,-32.902200,37.823300,
nx8_wcs_-40c_vce1.4v,wcs,hbt_wcs,-40,8,1.4,0.71,5.913270e-07,0.000642,1.27954E+08,-32.826900,37.750100,
nx8_wcs_-40c_vce1.4v,wcs,hbt_wcs,-40,8,1.4,0.73,1.581290e-06,0.001716,3.40296E+08,-32.395900,37.324500,
nx8_wcs_-40c_vce1.4v,wcs,hbt_wcs,-40,8,1.4,0.75,4.227540e-06,0.004587,9.0123E+08,-30.219900,35.163400,
nx8_wcs_-40c_vce1.4v,wcs,hbt_wcs,-40,8,1.4,0.77,1.129440e-05,0.012255,2.3835E+09,-24.452600,29.439000,
nx8_wcs_-40c_vce1.4v,wcs,hbt_wcs,-40,8,1.4,0.79,3.011610e-05,0.032678,6.26271E+09,-16.570100,21.691000,
nx8_wcs_-40c_vce1.4v,wcs,hbt_wcs,-40,8,1.4,0.81,7.987540e-05,0.086670,1.61883E+10,-8.323770,13.915900,
nx8_wcs_-40c_vce1.4v,wcs,hbt_wcs,-40,8,1.4,0.83,2.088130e-04,0.226577,4.03374E+10,-0.325605,7.526070,
nx8_wcs_-40c_vce1.4v,wcs,hbt_wcs,-40,8,1.4,0.85,5.265220e-04,0.571313,9.18552E+10,6.936000,3.940070,
nx8_wcs_-40c_vce1.4v,wcs,hbt_wcs,-40,8,1.4,0.87,1.229700e-03,1.334310,1.7714E+11,12.819600,2.631920,
nx8_wcs_-40c_vce1.4v,wcs,hbt_wcs,-40,8,1.4,0.89,2.539330e-03,2.755349,2.72837E+11,16.913700,2.200760,
nx8_wcs_-40c_vce1.4v,wcs,hbt_wcs,-40,8,1.4,0.91,4.550810e-03,4.937945,3.47608E+11,19.453400,2.029580,
nx8_wcs_-40c_vce1.4v,wcs,hbt_wcs,-40,8,1.4,0.93,7.203070e-03,7.815831,3.94174E+11,20.996400,1.946700,
nx8_wcs_-40c_vce1.4v,wcs,hbt_wcs,-40,8,1.4,0.95,1.038260e-02,11.265842,4.18981E+11,21.979900,1.907140,
nx8_wcs_-40c_vce1.4v,wcs,hbt_wcs,-40,8,1.4,0.97,1.399030e-02,15.180447,4.32349E+11,22.648300,1.899420,vbe_high
nx8_wcs_-40c_vce1.4v,wcs,hbt_wcs,-40,8,1.4,0.99,1.796240e-02,19.490451,4.35816E+11,23.126700,1.921810,vbe_high
nx8_wcs_-40c_vce1.4v,wcs,hbt_wcs,-40,8,1.4,1.01,2.224850e-02,24.141168,4.31327E+11,23.480500,1.975910,vbe_high
nx8_wcs_-40c_vce1.4v,wcs,hbt_wcs,-40,8,1.4,1.03,2.682020e-02,29.101780,4.19294E+11,23.745700,2.064720,ic_high;vbe_high
nx8_wcs_-40c_vce1.4v,wcs,hbt_wcs,-40,8,1.4,1.05,3.165660e-02,34.349609,4.02115E+11,23.942900,2.191750,ic_high;vbe_high
nx8_wcs_27c_vce0.6v,wcs,hbt_wcs,27,8,0.6,0.55,7.574210e-08,0.000082,1.2716E+07,-32.305900,38.322000,vbe_low
nx8_wcs_27c_vce0.6v,wcs,hbt_wcs,27,8,0.6,0.57,1.612570e-07,0.000175,2.6989E+07,-32.278500,38.295000,vbe_low
nx8_wcs_27c_vce0.6v,wcs,hbt_wcs,27,8,0.6,0.59,3.433100e-07,0.000373,5.70234E+07,-32.242000,38.259300,vbe_low
nx8_wcs_27c_vce0.6v,wcs,hbt_wcs,27,8,0.6,0.61,7.308620e-07,0.000793,1.2091E+08,-32.169900,38.188800,vbe_low
nx8_wcs_27c_vce0.6v,wcs,hbt_wcs,27,8,0.6,0.63,1.555770e-06,0.001688,2.55277E+08,-31.949800,37.972200,vbe_low
nx8_wcs_27c_vce0.6v,wcs,hbt_wcs,27,8,0.6,0.65,3.311170e-06,0.003593,5.40291E+08,-31.160100,37.189900,
nx8_wcs_27c_vce0.6v,wcs,hbt_wcs,27,8,0.6,0.67,7.044680e-06,0.007644,1.13865E+09,-28.787900,34.834200,
nx8_wcs_27c_vce0.6v,wcs,hbt_wcs,27,8,0.6,0.69,1.497670e-05,0.016251,2.39825E+09,-24.202200,30.285300,
nx8_wcs_27c_vce0.6v,wcs,hbt_wcs,27,8,0.6,0.71,3.178910e-05,0.034493,5.02088E+09,-18.292100,24.461600,
nx8_wcs_27c_vce0.6v,wcs,hbt_wcs,27,8,0.6,0.73,6.724840e-05,0.072969,1.03902E+10,-12.002800,18.387500,
nx8_wcs_27c_vce0.6v,wcs,hbt_wcs,27,8,0.6,0.75,1.412670e-04,0.153285,2.11682E+10,-5.736270,12.679500,
nx8_wcs_27c_vce0.6v,wcs,hbt_wcs,27,8,0.6,0.77,2.925770e-04,0.317466,4.15512E+10,0.291028,8.005230,
nx8_wcs_27c_vce0.6v,wcs,hbt_wcs,27,8,0.6,0.79,5.898180e-04,0.639993,7.677E+10,5.841780,4.989490,
nx8_wcs_27c_vce0.6v,wcs,hbt_wcs,27,8,0.6,0.81,1.135420e-03,1.232010,1.2812E+11,10.629600,3.493610,
nx8_wcs_27c_vce0.6v,wcs,hbt_wcs,27,8,0.6,0.83,2.043600e-03,2.217448,1.879E+11,14.427600,2.839390,
nx8_wcs_27c_vce0.6v,wcs,hbt_wcs,27,8,0.6,0.85,3.392660e-03,3.681272,2.43913E+11,17.211400,2.543150,
nx8_wcs_27c_vce0.6v,wcs,hbt_wcs,27,8,0.6,0.87,5.194170e-03,5.636035,2.86314E+11,19.156200,2.395320,
nx8_wcs_27c_vce0.6v,wcs,hbt_wcs,27,8,0.6,0.89,7.407280e-03,8.037413,3.14168E+11,20.499700,2.317410,
nx8_wcs_27c_vce0.6v,wcs,hbt_wcs,27,8,0.6,0.91,9.971500e-03,10.819770,3.28466E+11,21.439000,2.280180,
nx8_wcs_27c_vce0.6v,wcs,hbt_wcs,27,8,0.6,0.93,1.282850e-02,13.919813,3.32882E+11,22.108700,2.272230,
nx8_wcs_27c_vce0.6v,wcs,hbt_wcs,27,8,0.6,0.95,1.592930e-02,17.284397,3.30832E+11,22.591500,2.288950,
nx8_wcs_27c_vce0.6v,wcs,hbt_wcs,27,8,0.6,0.97,1.923360e-02,20.869792,3.22236E+11,22.899000,2.329090,vbe_high
nx8_wcs_27c_vce0.6v,wcs,hbt_wcs,27,8,0.6,0.99,2.268630e-02,24.616211,2.84391E+11,22.554000,2.401250,vbe_high
nx8_wcs_27c_vce0.6v,wcs,hbt_wcs,27,8,0.6,1.01,2.605220e-02,28.268446,1.52638E+11,19.025800,2.574940,ic_high;vbe_high
nx8_wcs_27c_vce0.6v,wcs,hbt_wcs,27,8,0.6,1.03,2.891050e-02,31.369900,6.55223E+10,14.183500,2.909610,ic_high;vbe_high
nx8_wcs_27c_vce0.6v,wcs,hbt_wcs,27,8,0.6,1.05,3.141470e-02,34.087131,3.7257E+10,11.355100,3.297070,ic_high;vbe_high
nx8_wcs_27c_vce0.8v,wcs,hbt_wcs,27,8,0.8,0.55,7.581310e-08,0.000082,1.2823E+07,-32.513600,38.530100,vbe_low
nx8_wcs_27c_vce0.8v,wcs,hbt_wcs,27,8,0.8,0.57,1.614080e-07,0.000175,2.72063E+07,-32.492400,38.509200,vbe_low
nx8_wcs_27c_vce0.8v,wcs,hbt_wcs,27,8,0.8,0.59,3.436320e-07,0.000373,5.75079E+07,-32.462200,38.479700,vbe_low
nx8_wcs_27c_vce0.8v,wcs,hbt_wcs,27,8,0.8,0.61,7.315530e-07,0.000794,1.21942E+08,-32.394800,38.414000,vbe_low
nx8_wcs_27c_vce0.8v,wcs,hbt_wcs,27,8,0.8,0.63,1.557270e-06,0.001690,2.57419E+08,-32.171700,38.194400,vbe_low
nx8_wcs_27c_vce0.8v,wcs,hbt_wcs,27,8,0.8,0.65,3.314450e-06,0.003596,5.45233E+08,-31.350700,37.380900,
nx8_wcs_27c_vce0.8v,wcs,hbt_wcs,27,8,0.8,0.67,7.052120e-06,0.007652,1.14875E+09,-28.898100,34.944800,
nx8_wcs_27c_vce0.8v,wcs,hbt_wcs,27,8,0.8,0.69,1.499440e-05,0.016270,2.42243E+09,-24.234900,30.318500,
nx8_wcs_27c_vce0.8v,wcs,hbt_wcs,27,8,0.8,0.71,3.183500e-05,0.034543,5.07142E+09,-18.291100,24.461200,
nx8_wcs_27c_vce0.8v,wcs,hbt_wcs,27,8,0.8,0.73,6.737990e-05,0.073112,1.0516E+10,-11.989000,18.375000,
nx8_wcs_27c_vce0.8v,wcs,hbt_wcs,27,8,0.8,0.75,1.416820e-04,0.153735,2.14496E+10,-5.712980,12.660100,
nx8_wcs_27c_vce0.8v,wcs,hbt_wcs,27,8,0.8,0.77,2.939630e-04,0.318970,4.22021E+10,0.327383,7.981800,
nx8_wcs_27c_vce0.8v,wcs,hbt_wcs,27,8,0.8,0.79,5.944170e-04,0.644984,7.81797E+10,5.896980,4.967940,
nx8_wcs_27c_vce0.8v,wcs,hbt_wcs,27,8,0.8,0.81,1.149460e-03,1.247244,1.3077E+11,10.706900,3.477820,
nx8_wcs_27c_vce0.8v,wcs,hbt_wcs,27,8,0.8,0.83,2.080570e-03,2.257563,1.93142E+11,14.522800,2.828710,
nx8_wcs_27c_vce0.8v,wcs,hbt_wcs,27,8,0.8,0.85,3.474180e-03,3.769727,2.5123E+11,17.314700,2.535950,
nx8_wcs_27c_vce0.8v,wcs,hbt_wcs,27,8,0.8,0.87,5.346640e-03,5.801476,2.9517E+11,19.258800,2.390860,
nx8_wcs_27c_vce0.8v,wcs,hbt_wcs,27,8,0.8,0.89,7.657430e-03,8.308843,3.25822E+11,20.597800,2.316080,
nx8_wcs_27c_vce0.8v,wcs,hbt_wcs,27,8,0.8,0.91,1.034400e-02,11.223958,3.44526E+11,21.533600,2.283350,
nx8_wcs_27c_vce0.8v,wcs,hbt_wcs,27,8,0.8,0.93,1.334550e-02,14.480794,3.54158E+11,22.202600,2.282150,
nx8_wcs_27c_vce0.8v,wcs,hbt_wcs,27,8,0.8,0.95,1.661140e-02,18.024523,3.5555E+11,22.689700,2.308560,
nx8_wcs_27c_vce0.8v,wcs,hbt_wcs,27,8,0.8,0.97,2.010180e-02,21.811849,3.49005E+11,23.046200,2.361230,vbe_high
nx8_wcs_27c_vce0.8v,wcs,hbt_wcs,27,8,0.8,0.99,2.378560e-02,25.809028,3.35867E+11,23.304100,2.439910,vbe_high
nx8_wcs_27c_vce0.8v,wcs,hbt_wcs,27,8,0.8,1.01,2.763740e-02,29.988498,3.17521E+11,23.457200,2.545190,ic_high;vbe_high
nx8_wcs_27c_vce0.8v,wcs,hbt_wcs,27,8,0.8,1.03,3.161810e-02,34.307834,2.75569E+11,23.121700,2.684190,ic_high;vbe_high
nx8_wcs_27c_vce0.8v,wcs,hbt_wcs,27,8,0.8,1.05,3.550750e-02,38.528103,1.48312E+11,19.807600,2.918110,ic_high;vbe_high
nx8_wcs_27c_vce1.0v,wcs,hbt_wcs,27,8,1.0,0.55,7.588560e-08,0.000082,1.29084E+07,-32.673700,38.690400,vbe_low
nx8_wcs_27c_vce1.0v,wcs,hbt_wcs,27,8,1.0,0.57,1.615600e-07,0.000175,2.73767E+07,-32.656200,38.673200,vbe_low
nx8_wcs_27c_vce1.0v,wcs,hbt_wcs,27,8,1.0,0.59,3.439560e-07,0.000373,5.79059E+07,-32.629400,38.647200,vbe_low
nx8_wcs_27c_vce1.0v,wcs,hbt_wcs,27,8,1.0,0.61,7.322410e-07,0.000795,1.22738E+08,-32.564200,38.583700,vbe_low
nx8_wcs_27c_vce1.0v,wcs,hbt_wcs,27,8,1.0,0.63,1.558750e-06,0.001691,2.59286E+08,-32.337100,38.360000,vbe_low
nx8_wcs_27c_vce1.0v,wcs,hbt_wcs,27,8,1.0,0.65,3.317690e-06,0.003600,5.48982E+08,-31.490000,37.520500,
nx8_wcs_27c_vce1.0v,wcs,hbt_wcs,27,8,1.0,0.67,7.059440e-06,0.007660,1.15649E+09,-28.975400,35.022400,
nx8_wcs_27c_vce1.0v,wcs,hbt_wcs,27,8,1.0,0.69,1.501190e-05,0.016289,2.44052E+09,-24.255200,30.339100,
nx8_wcs_27c_vce1.0v,wcs,hbt_wcs,27,8,1.0,0.71,3.188030e-05,0.034592,5.10914E+09,-18.286800,24.457500,
nx8_wcs_27c_vce1.0v,wcs,hbt_wcs,27,8,1.0,0.73,6.751000e-05,0.073253,1.06104E+10,-11.974700,18.361800,
nx8_wcs_27c_vce1.0v,wcs,hbt_wcs,27,8,1.0,0.75,1.420950e-04,0.154183,2.16615E+10,-5.689880,12.640700,
nx8_wcs_27c_vce1.0v,wcs,hbt_wcs,27,8,1.0,0.77,2.953560e-04,0.320482,4.27095E+10,0.363439,7.958470,
nx8_wcs_27c_vce1.0v,wcs,hbt_wcs,27,8,1.0,0.79,5.990890e-04,0.650053,7.92748E+10,5.952060,4.946430,
nx8_wcs_27c_vce1.0v,wcs,hbt_wcs,27,8,1.0,0.81,1.163920e-03,1.262934,1.32956E+11,10.784500,3.462010,
nx8_wcs_27c_vce1.0v,wcs,hbt_wcs,27,8,1.0,0.83,2.119190e-03,2.299468,1.97127E+11,14.618600,2.817980,
nx8_wcs_27c_vce1.0v,wcs,hbt_wcs,27,8,1.0,0.85,3.560570e-03,3.863466,2.56525E+11,17.418300,2.528730,
nx8_wcs_27c_vce1.0v,wcs,hbt_wcs,27,8,1.0,0.87,5.510130e-03,5.978874,3.02008E+11,19.360500,2.386520,
nx8_wcs_27c_vce1.0v,wcs,hbt_wcs,27,8,1.0,0.89,7.928100e-03,8.602539,3.32727E+11,20.692700,2.315230,
nx8_wcs_27c_vce1.0v,wcs,hbt_wcs,27,8,1.0,0.91,1.075000e-02,11.664497,3.53037E+11,21.620200,2.287790,
nx8_wcs_27c_vce1.0v,wcs,hbt_wcs,27,8,1.0,0.93,1.391260e-02,15.096137,3.63329E+11,22.281400,2.294710,
nx8_wcs_27c_vce1.0v,wcs,hbt_wcs,27,8,1.0,0.95,1.736370e-02,18.840820,3.66604E+11,22.762300,2.332990,
nx8_wcs_27c_vce1.0v,wcs,hbt_wcs,27,8,1.0,0.97,2.106150e-02,22.853190,3.63819E+11,23.115200,2.402170,vbe_high
nx8_wcs_27c_vce1.0v,wcs,hbt_wcs,27,8,1.0,0.99,2.497370e-02,27.098199,3.54139E+11,23.371400,2.502760,ic_high;vbe_high
nx8_wcs_27c_vce1.0v,wcs,hbt_wcs,27,8,1.0,1.01,2.907680e-02,31.550347,3.35584E+11,23.548400,2.635550,ic_high;vbe_high
nx8_wcs_27c_vce1.0v,wcs,hbt_wcs,27,8,1.0,1.03,3.334850e-02,36.185438,3.13626E+11,23.658000,2.801220,ic_high;vbe_high
nx8_wcs_27c_vce1.0v,wcs,hbt_wcs,27,8,1.0,1.05,3.776950e-02,40.982530,2.83139E+11,23.640700,3.001160,ic_high;vbe_high
nx8_wcs_27c_vce1.2v,wcs,hbt_wcs,27,8,1.2,0.55,7.597240e-08,0.000082,1.29818E+07,-32.803700,38.820600,vbe_low
nx8_wcs_27c_vce1.2v,wcs,hbt_wcs,27,8,1.2,0.57,1.617400e-07,0.000175,2.75218E+07,-32.788600,38.805900,vbe_low
nx8_wcs_27c_vce1.2v,wcs,hbt_wcs,27,8,1.2,0.59,3.443270e-07,0.000374,5.82417E+07,-32.764100,38.782100,vbe_low
nx8_wcs_27c_vce1.2v,wcs,hbt_wcs,27,8,1.2,0.61,7.330170e-07,0.000795,1.23405E+08,-32.700000,38.719600,vbe_low
nx8_wcs_27c_vce1.2v,wcs,hbt_wcs,27,8,1.2,0.63,1.560380e-06,0.001693,2.60834E+08,-32.468500,38.491600,vbe_low
nx8_wcs_27c_vce1.2v,wcs,hbt_wcs,27,8,1.2,0.65,3.321210e-06,0.003604,5.52073E+08,-31.599000,37.629700,
nx8_wcs_27c_vce1.2v,wcs,hbt_wcs,27,8,1.2,0.67,7.067250e-06,0.007668,1.16375E+09,-29.033600,35.080800,
nx8_wcs_27c_vce1.2v,wcs,hbt_wcs,27,8,1.2,0.69,1.503020e-05,0.016309,2.45527E+09,-24.268200,30.352300,
nx8_wcs_27c_vce1.2v,wcs,hbt_wcs,27,8,1.2,0.71,3.192700e-05,0.034643,5.13991E+09,-18.280500,24.451600,
nx8_wcs_27c_vce1.2v,wcs,hbt_wcs,27,8,1.2,0.73,6.764280e-05,0.073397,1.06876E+10,-11.959800,18.348100,
nx8_wcs_27c_vce1.2v,wcs,hbt_wcs,27,8,1.2,0.75,1.425140e-04,0.154638,2.18368E+10,-5.666570,12.621100,
nx8_wcs_27c_vce1.2v,wcs,hbt_wcs,27,8,1.2,0.77,2.967700e-04,0.322016,4.31361E+10,0.399703,7.934890,
nx8_wcs_27c_vce1.2v,wcs,hbt_wcs,27,8,1.2,0.79,6.038660e-04,0.655237,8.02125E+10,6.007560,4.924720,
nx8_wcs_27c_vce1.2v,wcs,hbt_wcs,27,8,1.2,0.81,1.178860e-03,1.279145,1.35106E+11,10.862800,3.446070,
nx8_wcs_27c_vce1.2v,wcs,hbt_wcs,27,8,1.2,0.83,2.159700e-03,2.343424,2.00534E+11,14.715400,2.807160,
nx8_wcs_27c_vce1.2v,wcs,hbt_wcs,27,8,1.2,0.85,3.652460e-03,3.963173,2.60933E+11,17.522600,2.521480,
nx8_wcs_27c_vce1.2v,wcs,hbt_wcs,27,8,1.2,0.87,5.686110e-03,6.169824,3.07796E+11,19.462400,2.382320,
nx8_wcs_27c_vce1.2v,wcs,hbt_wcs,27,8,1.2,0.89,8.222240e-03,8.921701,3.38891E+11,20.787200,2.314980,
nx8_wcs_27c_vce1.2v,wcs,hbt_wcs,27,8,1.2,0.91,1.119470e-02,12.147027,3.58869E+11,21.705700,2.293770,
nx8_wcs_27c_vce1.2v,wcs,hbt_wcs,27,8,1.2,0.93,1.453870e-02,15.775499,3.68882E+11,22.357000,2.310450,
nx8_wcs_27c_vce1.2v,wcs,hbt_wcs,27,8,1.2,0.95,1.819770e-02,19.745768,3.72061E+11,22.827400,2.363320,
nx8_wcs_27c_vce1.2v,wcs,hbt_wcs,27,8,1.2,0.97,2.213370e-02,24.016602,3.69462E+11,23.169100,2.452960,vbe_high
nx8_wcs_27c_vce1.2v,wcs,hbt_wcs,27,8,1.2,0.99,2.630890e-02,28.546984,3.61002E+11,23.413900,2.580850,ic_high;vbe_high
nx8_wcs_27c_vce1.2v,wcs,hbt_wcs,27,8,1.2,1.01,3.069820e-02,33.309679,3.45558E+11,23.580900,2.748530,ic_high;vbe_high
nx8_wcs_27c_vce1.2v,wcs,hbt_wcs,27,8,1.2,1.03,3.527990e-02,38.281141,3.21748E+11,23.677900,2.957100,ic_high;vbe_high
nx8_wcs_27c_vce1.2v,wcs,hbt_wcs,27,8,1.2,1.05,4.003540e-02,43.441189,2.92311E+11,23.711700,3.206930,ic_high;vbe_high
nx8_wcs_27c_vce1.4v,wcs,hbt_wcs,27,8,1.4,0.55,7.610190e-08,0.000083,1.30522E+07,-32.913100,38.930200,vbe_low
nx8_wcs_27c_vce1.4v,wcs,hbt_wcs,27,8,1.4,0.57,1.620020e-07,0.000176,2.76594E+07,-32.899700,38.917200,vbe_low
nx8_wcs_27c_vce1.4v,wcs,hbt_wcs,27,8,1.4,0.59,3.448610e-07,0.000374,5.85558E+07,-32.876700,38.894900,vbe_low
nx8_wcs_27c_vce1.4v,wcs,hbt_wcs,27,8,1.4,0.61,7.341060e-07,0.000797,1.24022E+08,-32.812900,38.832800,vbe_low
nx8_wcs_27c_vce1.4v,wcs,hbt_wcs,27,8,1.4,0.63,1.562620e-06,0.001696,2.6225E+08,-32.577200,38.600500,vbe_low
nx8_wcs_27c_vce1.4v,wcs,hbt_wcs,27,8,1.4,0.65,3.325880e-06,0.003609,5.54871E+08,-31.687600,37.718500,
nx8_wcs_27c_vce1.4v,wcs,hbt_wcs,27,8,1.4,0.67,7.077260e-06,0.007679,1.17025E+09,-29.078200,35.125600,
nx8_wcs_27c_vce1.4v,wcs,hbt_wcs,27,8,1.4,0.69,1.505270e-05,0.016333,2.46839E+09,-24.274900,30.359300,
nx8_wcs_27c_vce1.4v,wcs,hbt_wcs,27,8,1.4,0.71,3.198180e-05,0.034702,5.16716E+09,-18.271200,24.442700,
nx8_wcs_27c_vce1.4v,wcs,hbt_wcs,27,8,1.4,0.73,6.779130e-05,0.073558,1.07559E+10,-11.942800,18.332200,
nx8_wcs_27c_vce1.4v,wcs,hbt_wcs,27,8,1.4,0.75,1.429650e-04,0.155127,2.19928E+10,-5.641360,12.599500,
nx8_wcs_27c_vce1.4v,wcs,hbt_wcs,27,8,1.4,0.77,2.982590e-04,0.323632,4.35201E+10,0.438008,7.909630,
nx8_wcs_27c_vce1.4v,wcs,hbt_wcs,27,8,1.4,0.79,6.088550e-04,0.660650,8.10673E+10,6.065390,4.901720,
nx8_wcs_27c_vce1.4v,wcs,hbt_wcs,27,8,1.4,0.81,1.194540e-03,1.296159,1.37074E+11,10.943300,3.429330,
nx8_wcs_27c_vce1.4v,wcs,hbt_wcs,27,8,1.4,0.83,2.202630e-03,2.390007,2.03632E+11,14.812800,2.795920,
nx8_wcs_27c_vce1.4v,wcs,hbt_wcs,27,8,1.4,0.85,3.751010e-03,4.070106,2.64911E+11,17.624300,2.514110,
nx8_wcs_27c_vce1.4v,wcs,hbt_wcs,27,8,1.4,0.87,5.876820e-03,6.376758,3.12784E+11,19.558200,2.378370,
nx8_wcs_27c_vce1.4v,wcs,hbt_wcs,27,8,1.4,0.89,8.543800e-03,9.270616,3.44109E+11,20.874200,2.315600,
nx8_wcs_27c_vce1.4v,wcs,hbt_wcs,27,8,1.4,0.91,1.168500e-02,12.679036,3.63367E+11,21.784500,2.301750,
nx8_wcs_27c_vce1.4v,wcs,hbt_wcs,27,8,1.4,0.93,1.523300e-02,16.528863,3.72768E+11,22.428000,2.330340,
nx8_wcs_27c_vce1.4v,wcs,hbt_wcs,27,8,1.4,0.95,1.913330e-02,20.760959,3.75484E+11,22.888000,2.401170,
nx8_wcs_27c_vce1.4v,wcs,hbt_wcs,27,8,1.4,0.97,2.334130e-02,25.326931,3.71842E+11,23.215400,2.516310,vbe_high
nx8_wcs_27c_vce1.4v,wcs,hbt_wcs,27,8,1.4,0.99,2.782040e-02,30.187066,3.62292E+11,23.442000,2.678460,ic_high;vbe_high
nx8_wcs_27c_vce1.4v,wcs,hbt_wcs,27,8,1.4,1.01,3.254350e-02,35.311957,3.45831E+11,23.587700,2.889940,ic_high;vbe_high
nx8_wcs_27c_vce1.4v,wcs,hbt_wcs,27,8,1.4,1.03,3.748670e-02,40.675673,3.23074E+11,23.663500,3.152110,ic_high;vbe_high
nx8_wcs_27c_vce1.4v,wcs,hbt_wcs,27,8,1.4,1.05,4.262860e-02,46.254991,2.92248E+11,23.670000,3.464920,ic_high;vbe_high
nx8_wcs_125c_vce0.6v,wcs,hbt_wcs,125,8,0.6,0.55,1.290680e-05,0.014005,1.5595E+09,-27.120300,34.404700,vbe_low
nx8_wcs_125c_vce0.6v,wcs,hbt_wcs,125,8,0.6,0.57,2.257590e-05,0.024496,2.70099E+09,-23.360600,30.678600,vbe_low
nx8_wcs_125c_vce0.6v,wcs,hbt_wcs,125,8,0.6,0.59,3.945090e-05,0.042807,4.65457E+09,-18.967500,26.348200,vbe_low
nx8_wcs_125c_vce0.6v,wcs,hbt_wcs,125,8,0.6,0.61,6.882480e-05,0.074680,7.99841E+09,-14.332300,21.833000,vbe_low
nx8_wcs_125c_vce0.6v,wcs,hbt_wcs,125,8,0.6,0.63,1.197250e-04,0.129910,1.3602E+10,-9.653220,17.390500,vbe_low
nx8_wcs_125c_vce0.6v,wcs,hbt_wcs,125,8,0.6,0.65,2.072460e-04,0.224876,2.27734E+10,-5.034270,13.241800,
nx8_wcs_125c_vce0.6v,wcs,hbt_wcs,125,8,0.6,0.67,3.558000e-04,0.386068,3.71929E+10,-0.558947,9.660060,
nx8_wcs_125c_vce0.6v,wcs,hbt_wcs,125,8,0.6,0.69,6.027440e-04,0.654019,5.86631E+10,3.677150,6.924890,
nx8_wcs_125c_vce0.6v,wcs,hbt_wcs,125,8,0.6,0.71,1.000420e-03,1.085525,8.81572E+10,7.559770,5.126610,
nx8_wcs_125c_vce0.6v,wcs,hbt_wcs,125,8,0.6,0.73,1.612970e-03,1.750184,1.23887E+11,10.973300,4.080850,
nx8_wcs_125c_vce0.6v,wcs,hbt_wcs,125,8,0.6,0.75,2.505190e-03,2.718305,1.61724E+11,13.836800,3.505160,
nx8_wcs_125c_vce0.6v,wcs,hbt_wcs,125,8,0.6,0.77,3.726540e-03,4.043555,1.96622E+11,16.135600,3.186900,
nx8_wcs_125c_vce0.6v,wcs,hbt_wcs,125,8,0.6,0.79,5.299910e-03,5.750770,2.23863E+11,17.919800,3.007150,
nx8_wcs_125c_vce0.6v,wcs,hbt_wcs,125,8,0.6,0.81,7.221540e-03,7.835872,2.40918E+11,19.275700,2.907380,
nx8_wcs_125c_vce0.6v,wcs,hbt_wcs,125,8,0.6,0.83,9.469300e-03,10.274848,2.50012E+11,20.295900,2.860160,
nx8_wcs_125c_vce0.6v,wcs,hbt_wcs,125,8,0.6,0.85,1.201220e-02,13.034071,2.52276E+11,21.057300,2.852910,
nx8_wcs_125c_vce0.6v,wcs,hbt_wcs,125,8,0.6,0.87,1.481630e-02,16.076714,2.49127E+11,21.603300,2.880150,
nx8_wcs_125c_vce0.6v,wcs,hbt_wcs,125,8,0.6,0.89,1.784410e-02,19.362088,2.39082E+11,21.875400,2.941310,
nx8_wcs_125c_vce0.6v,wcs,hbt_wcs,125,8,0.6,0.91,2.102940e-02,22.818359,2.12951E+11,21.369400,3.047380,
nx8_wcs_125c_vce0.6v,wcs,hbt_wcs,125,8,0.6,0.93,2.419000e-02,26.247830,1.54335E+11,18.944000,3.238580,ic_high
nx8_wcs_125c_vce0.6v,wcs,hbt_wcs,125,8,0.6,0.95,2.708800e-02,29.392361,9.70095E+10,15.670700,3.532990,ic_high
nx8_wcs_125c_vce0.6v,wcs,hbt_wcs,125,8,0.6,0.97,2.973700e-02,32.266710,6.40679E+10,13.157000,3.894090,ic_high;vbe_high
nx8_wcs_125c_vce0.6v,wcs,hbt_wcs,125,8,0.6,0.99,3.224800e-02,34.991319,4.39532E+10,10.920100,4.346560,ic_high;vbe_high
nx8_wcs_125c_vce0.6v,wcs,hbt_wcs,125,8,0.6,1.01,3.463090e-02,37.576931,2.88840E+10,8.052390,5.002310,ic_high;vbe_high
nx8_wcs_125c_vce0.6v,wcs,hbt_wcs,125,8,0.6,1.03,3.679520e-02,39.925347,1.73021E+10,4.085230,6.076290,ic_high;vbe_high
nx8_wcs_125c_vce0.6v,wcs,hbt_wcs,125,8,0.6,1.05,3.862830e-02,41.914388,9.32868E+09,-0.828364,7.916080,ic_high;vbe_high
nx8_wcs_125c_vce0.8v,wcs,hbt_wcs,125,8,0.8,0.55,1.292090e-05,0.014020,1.57675E+09,-27.210500,34.495400,vbe_low
nx8_wcs_125c_vce0.8v,wcs,hbt_wcs,125,8,0.8,0.57,2.260320e-05,0.024526,2.73360E+09,-23.393800,30.712500,vbe_low
nx8_wcs_125c_vce0.8v,wcs,hbt_wcs,125,8,0.8,0.59,3.950640e-05,0.042867,4.717E+09,-18.971900,26.353300,vbe_low
nx8_wcs_125c_vce0.8v,wcs,hbt_wcs,125,8,0.8,0.61,6.894440e-05,0.074809,8.10163E+09,-14.323300,21.825100,vbe_low
nx8_wcs_125c_vce0.8v,wcs,hbt_wcs,125,8,0.8,0.63,1.199970e-04,0.130205,1.3805E+10,-9.636060,17.375400,vbe_low
nx8_wcs_125c_vce0.8v,wcs,hbt_wcs,125,8,0.8,0.65,2.078950e-04,0.225581,2.31231E+10,-5.009290,13.221200,
nx8_wcs_125c_vce0.8v,wcs,hbt_wcs,125,8,0.8,0.67,3.573940e-04,0.387797,3.79219E+10,-0.523975,9.635650,
nx8_wcs_125c_vce0.8v,wcs,hbt_wcs,125,8,0.8,0.69,6.066630e-04,0.658271,5.99646E+10,3.725360,6.899740,
nx8_wcs_125c_vce0.8v,wcs,hbt_wcs,125,8,0.8,0.71,1.009780e-03,1.095681,9.03123E+10,7.624170,5.104380,
nx8_wcs_125c_vce0.8v,wcs,hbt_wcs,125,8,0.8,0.73,1.634030e-03,1.773036,1.27496E+11,11.054800,4.063320,
nx8_wcs_125c_vce0.8v,wcs,hbt_wcs,125,8,0.8,0.75,2.548760e-03,2.765582,1.6706E+11,13.933100,3.492210,
nx8_wcs_125c_vce0.8v,wcs,hbt_wcs,125,8,0.8,0.77,3.808470e-03,4.132454,2.04817E+11,16.242100,3.177950,
nx8_wcs_125c_vce0.8v,wcs,hbt_wcs,125,8,0.8,0.79,5.439960e-03,5.902734,2.35582E+11,18.032800,3.002050,
nx8_wcs_125c_vce0.8v,wcs,hbt_wcs,125,8,0.8,0.81,7.441400e-03,8.074436,2.5945E+11,19.395200,2.906780,
nx8_wcs_125c_vce0.8v,wcs,hbt_wcs,125,8,0.8,0.83,9.790760e-03,10.623655,2.75459E+11,20.423800,2.865610,
nx8_wcs_125c_vce0.8v,wcs,hbt_wcs,125,8,0.8,0.85,1.245610e-02,13.515734,2.8328E+11,21.196800,2.866760,
nx8_wcs_125c_vce0.8v,wcs,hbt_wcs,125,8,0.8,0.87,1.540280e-02,16.713108,2.82019E+11,21.770900,2.905160,
nx8_wcs_125c_vce0.8v,wcs,hbt_wcs,125,8,0.8,0.89,1.859820e-02,20.180339,2.73045E+11,22.186800,2.978690,
nx8_wcs_125c_vce0.8v,wcs,hbt_wcs,125,8,0.8,0.91,2.201200e-02,23.884549,2.58966E+11,22.468800,3.086530,
nx8_wcs_125c_vce0.8v,wcs,hbt_wcs,125,8,0.8,0.93,2.561450e-02,27.793511,2.40654E+11,22.584500,3.229230,ic_high
nx8_wcs_125c_vce0.8v,wcs,hbt_wcs,125,8,0.8,0.95,2.935620e-02,31.853516,2.10933E+11,22.164500,3.414130,ic_high
nx8_wcs_125c_vce0.8v,wcs,hbt_wcs,125,8,0.8,0.97,3.307650e-02,35.890299,1.54316E+11,19.991300,3.675290,ic_high;vbe_high
nx8_wcs_125c_vce0.8v,wcs,hbt_wcs,125,8,0.8,0.99,3.651260e-02,39.618707,9.74138E+10,16.702100,4.037610,ic_high;vbe_high
nx8_wcs_125c_vce0.8v,wcs,hbt_wcs,125,8,0.8,1.01,3.965870e-02,43.032444,6.5179E+10,14.166600,4.464760,ic_high;vbe_high
nx8_wcs_125c_vce0.8v,wcs,hbt_wcs,125,8,0.8,1.03,4.265130e-02,46.279622,4.66964E+10,12.183000,4.950200,ic_high;vbe_high
nx8_wcs_125c_vce0.8v,wcs,hbt_wcs,125,8,0.8,1.05,4.554150e-02,49.415690,3.35583E+10,9.957600,5.540900,ic_high;vbe_high
nx8_wcs_125c_vce1.0v,wcs,hbt_wcs,125,8,1.0,0.55,1.293500e-05,0.014035,1.5891E+09,-27.268700,34.554000,vbe_low
nx8_wcs_125c_vce1.0v,wcs,hbt_wcs,125,8,1.0,0.57,2.263040e-05,0.024556,2.75669E+09,-23.412500,30.731600,vbe_low
nx8_wcs_125c_vce1.0v,wcs,hbt_wcs,125,8,1.0,0.59,3.956150e-05,0.042927,4.7607E+09,-18.970800,26.352700,vbe_low
nx8_wcs_125c_vce1.0v,wcs,hbt_wcs,125,8,1.0,0.61,6.906270e-05,0.074938,8.17359E+09,-14.312500,21.815200,vbe_low
nx8_wcs_125c_vce1.0v,wcs,hbt_wcs,125,8,1.0,0.63,1.202670e-04,0.130498,1.39456E+10,-9.618680,17.359700,vbe_low
nx8_wcs_125c_vce1.0v,wcs,hbt_wcs,125,8,1.0,0.65,2.085420e-04,0.226283,2.3368E+10,-4.984650,13.200700,
nx8_wcs_125c_vce1.0v,wcs,hbt_wcs,125,8,1.0,0.67,3.589930e-04,0.389532,3.84253E+10,-0.489582,9.611420,
nx8_wcs_125c_vce1.0v,wcs,hbt_wcs,125,8,1.0,0.69,6.106240e-04,0.662569,6.08908E+10,3.772930,6.874750,
nx8_wcs_125c_vce1.0v,wcs,hbt_wcs,125,8,1.0,0.71,1.019320e-03,1.106033,9.17904E+10,7.687940,5.082240,
nx8_wcs_125c_vce1.0v,wcs,hbt_wcs,125,8,1.0,0.73,1.655730e-03,1.796582,1.29905E+11,11.135600,4.045830,
nx8_wcs_125c_vce1.0v,wcs,hbt_wcs,125,8,1.0,0.75,2.594190e-03,2.814876,1.71097E+11,14.028200,3.479310,
nx8_wcs_125c_vce1.0v,wcs,hbt_wcs,125,8,1.0,0.77,3.894820e-03,4.226150,2.09508E+11,16.345700,3.169120,
nx8_wcs_125c_vce1.0v,wcs,hbt_wcs,125,8,1.0,0.79,5.589030e-03,6.064486,2.42412E+11,18.138600,2.997280,
nx8_wcs_125c_vce1.0v,wcs,hbt_wcs,125,8,1.0,0.81,7.677380e-03,8.330490,2.66942E+11,19.497900,2.907000,
nx8_wcs_125c_vce1.0v,wcs,hbt_wcs,125,8,1.0,0.83,1.013810e-02,11.000543,2.8504E+11,20.520400,2.872770,
nx8_wcs_125c_vce1.0v,wcs,hbt_wcs,125,8,1.0,0.85,1.293820e-02,14.038845,2.95524E+11,21.287700,2.883790,
nx8_wcs_125c_vce1.0v,wcs,hbt_wcs,125,8,1.0,0.87,1.604160e-02,17.406250,3.00869E+11,21.861400,2.935920,
nx8_wcs_125c_vce1.0v,wcs,hbt_wcs,125,8,1.0,0.89,1.941360e-02,21.065104,2.99482E+11,22.284100,3.027840,
nx8_wcs_125c_vce1.0v,wcs,hbt_wcs,125,8,1.0,0.91,2.302240e-02,24.980903,2.88741E+11,22.578900,3.159270,
nx8_wcs_125c_vce1.0v,wcs,hbt_wcs,125,8,1.0,0.93,2.683980e-02,29.123047,2.70828E+11,22.766900,3.330040,ic_high
nx8_wcs_125c_vce1.0v,wcs,hbt_wcs,125,8,1.0,0.95,3.084040e-02,33.463976,2.45561E+11,22.840400,3.539820,ic_high
nx8_wcs_125c_vce1.0v,wcs,hbt_wcs,125,8,1.0,0.97,3.499650e-02,37.973633,2.15908E+11,22.732500,3.788990,ic_high;vbe_high
nx8_wcs_125c_vce1.0v,wcs,hbt_wcs,125,8,1.0,0.99,3.924490e-02,42.583442,1.76451E+11,21.885700,4.087370,ic_high;vbe_high
nx8_wcs_125c_vce1.0v,wcs,hbt_wcs,125,8,1.0,1.01,4.336940e-02,47.058811,1.20811E+11,19.165300,4.471100,ic_high;vbe_high
nx8_wcs_125c_vce1.0v,wcs,hbt_wcs,125,8,1.0,1.03,4.714570e-02,51.156359,7.88638E+10,16.073700,4.940120,ic_high;vbe_high
nx8_wcs_125c_vce1.0v,wcs,hbt_wcs,125,8,1.0,1.05,5.064880e-02,54.957465,5.57128E+10,13.806800,5.457340,ic_high;vbe_high
nx8_wcs_125c_vce1.2v,wcs,hbt_wcs,125,8,1.2,0.55,1.295230e-05,0.014054,1.59913E+09,-27.309200,34.594900,vbe_low
nx8_wcs_125c_vce1.2v,wcs,hbt_wcs,125,8,1.2,0.57,2.266230e-05,0.024590,2.77524E+09,-23.422600,30.742000,vbe_low
nx8_wcs_125c_vce1.2v,wcs,hbt_wcs,125,8,1.2,0.59,3.962350e-05,0.042994,4.79552E+09,-18.965800,26.348300,vbe_low
nx8_wcs_125c_vce1.2v,wcs,hbt_wcs,125,8,1.2,0.61,6.919120e-05,0.075077,8.23078E+09,-14.300000,21.803400,vbe_low
nx8_wcs_125c_vce1.2v,wcs,hbt_wcs,125,8,1.2,0.63,1.205520e-04,0.130807,1.40572E+10,-9.600380,17.343000,vbe_low
nx8_wcs_125c_vce1.2v,wcs,hbt_wcs,125,8,1.2,0.65,2.092130e-04,0.227011,2.35942E+10,-4.959490,13.179500,
nx8_wcs_125c_vce1.2v,wcs,hbt_wcs,125,8,1.2,0.67,3.606360e-04,0.391315,3.88294E+10,-0.454854,9.586620,
nx8_wcs_125c_vce1.2v,wcs,hbt_wcs,125,8,1.2,0.69,6.146870e-04,0.666978,6.16399E+10,3.820690,6.849340,
nx8_wcs_125c_vce1.2v,wcs,hbt_wcs,125,8,1.2,0.71,1.029150e-03,1.116699,9.29945E+10,7.751720,5.059860,
nx8_wcs_125c_vce1.2v,wcs,hbt_wcs,125,8,1.2,0.73,1.678240e-03,1.821007,1.31859E+11,11.216100,4.028240,
nx8_wcs_125c_vce1.2v,wcs,hbt_wcs,125,8,1.2,0.75,2.641760e-03,2.866493,1.74304E+11,14.122500,3.466400,
nx8_wcs_125c_vce1.2v,wcs,hbt_wcs,125,8,1.2,0.77,3.986210e-03,4.325315,2.13796E+11,16.448200,3.160380,
nx8_wcs_125c_vce1.2v,wcs,hbt_wcs,125,8,1.2,0.79,5.748360e-03,6.237370,2.47409E+11,18.242700,2.992830,
nx8_wcs_125c_vce1.2v,wcs,hbt_wcs,125,8,1.2,0.81,7.931840e-03,8.606597,2.72754E+11,19.598300,2.908020,
nx8_wcs_125c_vce1.2v,wcs,hbt_wcs,125,8,1.2,0.83,1.051560e-02,11.410156,2.90737E+11,20.612500,2.881660,
nx8_wcs_125c_vce1.2v,wcs,hbt_wcs,125,8,1.2,0.85,1.346560e-02,14.611111,3.02319E+11,21.368100,2.904200,
nx8_wcs_125c_vce1.2v,wcs,hbt_wcs,125,8,1.2,0.87,1.674400e-02,18.168403,3.08702E+11,21.927800,2.972620,
nx8_wcs_125c_vce1.2v,wcs,hbt_wcs,125,8,1.2,0.89,2.031400e-02,22.042101,3.09472E+11,22.336200,3.086560,
nx8_wcs_125c_vce1.2v,wcs,hbt_wcs,125,8,1.2,0.91,2.414180e-02,26.195530,3.04428E+11,22.624000,3.246450,ic_high
nx8_wcs_125c_vce1.2v,wcs,hbt_wcs,125,8,1.2,0.93,2.819670e-02,30.595378,2.91919E+11,22.808700,3.452520,ic_high
nx8_wcs_125c_vce1.2v,wcs,hbt_wcs,125,8,1.2,0.95,3.245090e-02,35.211480,2.66689E+11,22.889100,3.704320,ic_high
nx8_wcs_125c_vce1.2v,wcs,hbt_wcs,125,8,1.2,0.97,3.687900e-02,40.016276,2.36841E+11,22.876000,4.000290,ic_high;vbe_high
nx8_wcs_125c_vce1.2v,wcs,hbt_wcs,125,8,1.2,0.99,4.145560e-02,44.982205,2.00417E+11,22.707700,4.338460,ic_high;vbe_high
nx8_wcs_125c_vce1.2v,wcs,hbt_wcs,125,8,1.2,1.01,4.613910e-02,50.064128,1.59892E+11,22.103700,4.720140,ic_high;vbe_high
nx8_wcs_125c_vce1.2v,wcs,hbt_wcs,125,8,1.2,1.03,5.077800e-02,55.097656,1.14776E+11,20.018000,5.166880,ic_high;vbe_high
nx8_wcs_125c_vce1.2v,wcs,hbt_wcs,125,8,1.2,1.05,5.509080e-02,59.777344,7.68975E+10,16.868900,5.694000,ic_high;vbe_high
nx8_wcs_125c_vce1.4v,wcs,hbt_wcs,125,8,1.4,0.55,1.298110e-05,0.014085,1.60866E+09,-27.334900,34.620800,vbe_low
nx8_wcs_125c_vce1.4v,wcs,hbt_wcs,125,8,1.4,0.57,2.271240e-05,0.024645,2.79256E+09,-23.423100,30.742700,vbe_low
nx8_wcs_125c_vce1.4v,wcs,hbt_wcs,125,8,1.4,0.59,3.971440e-05,0.043093,4.82752E+09,-18.954100,26.336900,vbe_low
nx8_wcs_125c_vce1.4v,wcs,hbt_wcs,125,8,1.4,0.61,6.936560e-05,0.075266,8.28836E+09,-14.282000,21.786100,vbe_low
nx8_wcs_125c_vce1.4v,wcs,hbt_wcs,125,8,1.4,0.63,1.209110e-04,0.131197,1.41578E+10,-9.577230,17.321400,vbe_low
nx8_wcs_125c_vce1.4v,wcs,hbt_wcs,125,8,1.4,0.65,2.100040e-04,0.227869,2.37968E+10,-4.929750,13.153700,
nx8_wcs_125c_vce1.4v,wcs,hbt_wcs,125,8,1.4,0.67,3.624800e-04,0.393316,3.91916E+10,-0.415724,9.557690,
nx8_wcs_125c_vce1.4v,wcs,hbt_wcs,125,8,1.4,0.69,6.191110e-04,0.671778,6.23118E+10,3.872520,6.820550,
nx8_wcs_125c_vce1.4v,wcs,hbt_wcs,125,8,1.4,0.71,1.039680e-03,1.128125,9.41864E+10,7.818550,5.035060,
nx8_wcs_125c_vce1.4v,wcs,hbt_wcs,125,8,1.4,0.73,1.702250e-03,1.847059,1.33875E+11,11.297100,4.009200,
nx8_wcs_125c_vce1.4v,wcs,hbt_wcs,125,8,1.4,0.75,2.692590e-03,2.921647,1.77122E+11,14.212800,3.452850,
nx8_wcs_125c_vce1.4v,wcs,hbt_wcs,125,8,1.4,0.77,4.084270e-03,4.431717,2.17572E+11,16.540600,3.151650,
nx8_wcs_125c_vce1.4v,wcs,hbt_wcs,125,8,1.4,0.79,5.920340e-03,6.423980,2.51555E+11,18.332100,2.988960,
nx8_wcs_125c_vce1.4v,wcs,hbt_wcs,125,8,1.4,0.81,8.208240e-03,8.906510,2.77358E+11,19.682900,2.910280,
nx8_wcs_125c_vce1.4v,wcs,hbt_wcs,125,8,1.4,0.83,1.092820e-02,11.857856,2.94983E+11,20.692000,2.892880,
nx8_wcs_125c_vce1.4v,wcs,hbt_wcs,125,8,1.4,0.85,1.404570e-02,15.240560,3.07154E+11,21.439800,2.928800,
nx8_wcs_125c_vce1.4v,wcs,hbt_wcs,125,8,1.4,0.87,1.752120e-02,19.011719,3.13254E+11,21.986000,3.016520,
nx8_wcs_125c_vce1.4v,wcs,hbt_wcs,125,8,1.4,0.89,2.131550e-02,23.128798,3.13827E+11,22.374600,3.156900,
nx8_wcs_125c_vce1.4v,wcs,hbt_wcs,125,8,1.4,0.91,2.539170e-02,27.551758,3.08927E+11,22.638300,3.351140,ic_high
nx8_wcs_125c_vce1.4v,wcs,hbt_wcs,125,8,1.4,0.93,2.971620e-02,32.244141,2.97856E+11,22.799500,3.599750,ic_high
nx8_wcs_125c_vce1.4v,wcs,hbt_wcs,125,8,1.4,0.95,3.425780e-02,37.172092,2.81623E+11,22.870900,3.901890,ic_high
nx8_wcs_125c_vce1.4v,wcs,hbt_wcs,125,8,1.4,0.97,3.898720e-02,42.303819,2.49076E+11,22.834500,4.255230,ic_high;vbe_high
nx8_wcs_125c_vce1.4v,wcs,hbt_wcs,125,8,1.4,0.99,4.387550e-02,47.607964,2.08432E+11,22.682300,4.655740,ic_high;vbe_high
nx8_wcs_125c_vce1.4v,wcs,hbt_wcs,125,8,1.4,1.01,4.889330e-02,53.052626,1.66833E+11,22.363800,5.098420,ic_high;vbe_high
nx8_wcs_125c_vce1.4v,wcs,hbt_wcs,125,8,1.4,1.03,5.399630e-02,58.589735,1.21184E+11,21.474500,5.581100,ic_high;vbe_high
nx8_wcs_125c_vce1.4v,wcs,hbt_wcs,125,8,1.4,1.05,5.903820e-02,64.060547,8.30099E+10,19.222000,6.117280,ic_high;vbe_high
nx8_sf_-40c_vce0.6v,sf,hbt_typ,-40,8,0.6,0.55,3.038460e-10,0.000000,,-33.187300,38.107300,vbe_low
nx8_sf_-40c_vce0.6v,sf,hbt_typ,-40,8,0.6,0.57,8.126550e-10,0.000001,,-33.168200,38.088300,vbe_low
nx8_sf_-40c_vce0.6v,sf,hbt_typ,-40,8,0.6,0.59,2.173690e-09,0.000002,,-33.148600,38.068700,vbe_low
nx8_sf_-40c_vce0.6v,sf,hbt_typ,-40,8,0.6,0.61,5.814250e-09,0.000006,1.44581E+06,-33.128400,38.048500,vbe_low
nx8_sf_-40c_vce0.6v,sf,hbt_typ,-40,8,0.6,0.63,1.555210e-08,0.000017,3.84967E+06,-33.107500,38.027600,vbe_low
nx8_sf_-40c_vce0.6v,sf,hbt_typ,-40,8,0.6,0.65,4.159850e-08,0.000045,1.02283E+07,-33.085500,38.005800,
nx8_sf_-40c_vce0.6v,sf,hbt_typ,-40,8,0.6,0.67,1.112650e-07,0.000121,2.72325E+07,-33.060500,37.981100,
nx8_sf_-40c_vce0.6v,sf,hbt_typ,-40,8,0.6,0.69,2.975920e-07,0.000323,7.22296E+07,-33.020000,37.941600,
nx8_sf_-40c_vce0.6v,sf,hbt_typ,-40,8,0.6,0.71,7.958940e-07,0.000864,1.92248E+08,-32.879800,37.804100,
nx8_sf_-40c_vce0.6v,sf,hbt_typ,-40,8,0.6,0.73,2.128220e-06,0.002309,5.09358E+08,-32.122800,37.054400,
nx8_sf_-40c_vce0.6v,sf,hbt_typ,-40,8,0.6,0.75,5.688490e-06,0.006172,1.35099E+09,-28.895800,33.847800,
nx8_sf_-40c_vce0.6v,sf,hbt_typ,-40,8,0.6,0.77,1.518790e-05,0.016480,3.56382E+09,-22.184100,27.195500,
nx8_sf_-40c_vce0.6v,sf,hbt_typ,-40,8,0.6,0.79,4.043140e-05,0.043871,9.31011E+09,-14.066600,19.269100,
nx8_sf_-40c_vce0.6v,sf,hbt_typ,-40,8,0.6,0.81,1.067920e-04,0.115877,2.38863E+10,-5.824000,11.705000,
nx8_sf_-40c_vce0.6v,sf,hbt_typ,-40,8,0.6,0.83,2.764810e-04,0.300001,5.81921E+10,2.077750,5.967400,
nx8_sf_-40c_vce0.6v,sf,hbt_typ,-40,8,0.6,0.85,6.831740e-04,0.741291,1.27344E+11,9.146640,3.137020,
nx8_sf_-40c_vce0.6v,sf,hbt_typ,-40,8,0.6,0.87,1.542850e-03,1.674099,2.30825E+11,14.774000,2.173150,
nx8_sf_-40c_vce0.6v,sf,hbt_typ,-40,8,0.6,0.89,3.059430e-03,3.319694,3.36004E+11,18.666400,1.844050,
nx8_sf_-40c_vce0.6v,sf,hbt_typ,-40,8,0.6,0.91,5.286910e-03,5.736664,4.13E+11,21.119800,1.701670,
nx8_sf_-40c_vce0.6v,sf,hbt_typ,-40,8,0.6,0.93,8.139350e-03,8.831760,4.58514E+11,22.650600,1.624370,
nx8_sf_-40c_vce0.6v,sf,hbt_typ,-40,8,0.6,0.95,1.149310e-02,12.470812,4.80273E+11,23.646400,1.578300,
nx8_sf_-40c_vce0.6v,sf,hbt_typ,-40,8,0.6,0.97,1.524410e-02,16.540907,4.8578E+11,24.328700,1.552900,vbe_high
nx8_sf_-40c_vce0.6v,sf,hbt_typ,-40,8,0.6,0.99,1.931640e-02,20.959635,4.78279E+11,24.816900,1.544410,vbe_high
nx8_sf_-40c_vce0.6v,sf,hbt_typ,-40,8,0.6,1.01,2.365670e-02,25.669162,4.58671E+11,25.143200,1.551740,vbe_high
nx8_sf_-40c_vce0.6v,sf,hbt_typ,-40,8,0.6,1.03,2.817230e-02,30.568902,3.25729E+11,24.138700,1.586530,ic_high;vbe_high
nx8_sf_-40c_vce0.6v,sf,hbt_typ,-40,8,0.6,1.05,3.209820e-02,34.828776,6.22829E+10,15.489900,1.804230,ic_high;vbe_high
nx8_sf_-40c_vce0.8v,sf,hbt_typ,-40,8,0.8,0.55,3.043320e-10,0.000000,,-33.352700,38.273000,vbe_low
nx8_sf_-40c_vce0.8v,sf,hbt_typ,-40,8,0.8,0.57,8.136180e-10,0.000001,,-33.337900,38.258100,vbe_low
nx8_sf_-40c_vce0.8v,sf,hbt_typ,-40,8,0.8,0.59,2.175920e-09,0.000002,,-33.322700,38.243000,vbe_low
nx8_sf_-40c_vce0.8v,sf,hbt_typ,-40,8,0.8,0.61,5.819890e-09,0.000006,1.45646E+06,-33.307200,38.227400,vbe_low
nx8_sf_-40c_vce0.8v,sf,hbt_typ,-40,8,0.8,0.63,1.556680e-08,0.000017,3.87657E+06,-33.291100,38.211500,vbe_low
nx8_sf_-40c_vce0.8v,sf,hbt_typ,-40,8,0.8,0.65,4.163750e-08,0.000045,1.03079E+07,-33.274300,38.194800,
nx8_sf_-40c_vce0.8v,sf,hbt_typ,-40,8,0.8,0.67,1.113690e-07,0.000121,2.74339E+07,-33.254600,38.175500,
nx8_sf_-40c_vce0.8v,sf,hbt_typ,-40,8,0.8,0.69,2.978720e-07,0.000323,7.28284E+07,-33.219100,38.140900,
nx8_sf_-40c_vce0.8v,sf,hbt_typ,-40,8,0.8,0.71,7.966510e-07,0.000864,1.93766E+08,-33.079300,38.003800,
nx8_sf_-40c_vce0.8v,sf,hbt_typ,-40,8,0.8,0.73,2.130310e-06,0.002312,5.13241E+08,-32.294800,37.226600,
nx8_sf_-40c_vce0.8v,sf,hbt_typ,-40,8,0.8,0.75,5.694550e-06,0.006179,1.3626E+09,-28.975000,33.927300,
nx8_sf_-40c_vce0.8v,sf,hbt_typ,-40,8,0.8,0.77,1.520720e-05,0.016501,3.59414E+09,-22.192700,27.204400,
nx8_sf_-40c_vce0.8v,sf,hbt_typ,-40,8,0.8,0.79,4.050280e-05,0.043948,9.4058E+09,-14.054700,19.258100,
nx8_sf_-40c_vce0.8v,sf,hbt_typ,-40,8,0.8,0.81,1.071090e-04,0.116221,2.41610E+10,-5.800370,11.685400,
nx8_sf_-40c_vce0.8v,sf,hbt_typ,-40,8,0.8,0.83,2.780460e-04,0.301699,5.89441E+10,2.120680,5.943910,
nx8_sf_-40c_vce0.8v,sf,hbt_typ,-40,8,0.8,0.85,6.907060e-04,0.749464,1.29557E+11,9.221140,3.119430,
nx8_sf_-40c_vce0.8v,sf,hbt_typ,-40,8,0.8,0.87,1.572900e-03,1.706706,2.35746E+11,14.882500,2.162430,
nx8_sf_-40c_vce0.8v,sf,hbt_typ,-40,8,0.8,0.89,3.149090e-03,3.416981,3.45413E+11,18.792300,1.836890,
nx8_sf_-40c_vce0.8v,sf,hbt_typ,-40,8,0.8,0.91,5.488280e-03,5.955165,4.23791E+11,21.245100,1.696080,
nx8_sf_-40c_vce0.8v,sf,hbt_typ,-40,8,0.8,0.93,8.505760e-03,9.229340,4.70292E+11,22.769500,1.620020,
nx8_sf_-40c_vce0.8v,sf,hbt_typ,-40,8,0.8,0.95,1.207400e-02,13.101128,4.95376E+11,23.760600,1.576130,
nx8_sf_-40c_vce0.8v,sf,hbt_typ,-40,8,0.8,0.97,1.608370e-02,17.451931,5.03424E+11,24.443500,1.554770,vbe_high
nx8_sf_-40c_vce0.8v,sf,hbt_typ,-40,8,0.8,0.99,2.045870e-02,22.199110,4.98799E+11,24.937000,1.552990,vbe_high
nx8_sf_-40c_vce0.8v,sf,hbt_typ,-40,8,0.8,1.01,2.514370e-02,27.282661,4.80848E+11,25.304100,1.570190,ic_high;vbe_high
nx8_sf_-40c_vce0.8v,sf,hbt_typ,-40,8,0.8,1.03,3.010150e-02,32.662218,4.53848E+11,25.579700,1.606840,ic_high;vbe_high
nx8_sf_-40c_vce0.8v,sf,hbt_typ,-40,8,0.8,1.05,3.530100e-02,38.304036,4.07344E+11,25.683200,1.664860,ic_high;vbe_high
nx8_sf_-40c_vce1.0v,sf,hbt_typ,-40,8,1.0,0.55,3.048250e-10,0.000000,,-33.485300,38.405700,vbe_low
nx8_sf_-40c_vce1.0v,sf,hbt_typ,-40,8,1.0,0.57,8.145940e-10,0.000001,,-33.473200,38.393600,vbe_low
nx8_sf_-40c_vce1.0v,sf,hbt_typ,-40,8,1.0,0.59,2.178180e-09,0.000002,,-33.460800,38.381200,vbe_low
nx8_sf_-40c_vce1.0v,sf,hbt_typ,-40,8,1.0,0.61,5.825550e-09,0.000006,1.46506E+06,-33.448200,38.368600,vbe_low
nx8_sf_-40c_vce1.0v,sf,hbt_typ,-40,8,1.0,0.63,1.558150e-08,0.000017,3.89822E+06,-33.435200,38.355700,vbe_low
nx8_sf_-40c_vce1.0v,sf,hbt_typ,-40,8,1.0,0.65,4.167630e-08,0.000045,1.03715E+07,-33.421600,38.342200,
nx8_sf_-40c_vce1.0v,sf,hbt_typ,-40,8,1.0,0.67,1.114720e-07,0.000121,2.7594E+07,-33.405100,38.326100,
nx8_sf_-40c_vce1.0v,sf,hbt_typ,-40,8,1.0,0.69,2.981470e-07,0.000324,7.32997E+07,-33.372300,38.294300,
nx8_sf_-40c_vce1.0v,sf,hbt_typ,-40,8,1.0,0.71,7.973940e-07,0.000865,1.94954E+08,-33.231600,38.156300,
nx8_sf_-40c_vce1.0v,sf,hbt_typ,-40,8,1.0,0.73,2.132360e-06,0.002314,5.16564E+08,-32.423900,37.355900,
nx8_sf_-40c_vce1.0v,sf,hbt_typ,-40,8,1.0,0.75,5.700480e-06,0.006185,1.37158E+09,-29.031600,33.984000,
nx8_sf_-40c_vce1.0v,sf,hbt_typ,-40,8,1.0,0.77,1.522610e-05,0.016521,3.61757E+09,-22.196100,27.208200,
nx8_sf_-40c_vce1.0v,sf,hbt_typ,-40,8,1.0,0.79,4.057350e-05,0.044025,9.47994E+09,-14.042300,19.246500,
nx8_sf_-40c_vce1.0v,sf,hbt_typ,-40,8,1.0,0.81,1.074240e-04,0.116562,2.43777E+10,-5.776900,11.665700,
nx8_sf_-40c_vce1.0v,sf,hbt_typ,-40,8,1.0,0.83,2.796260e-04,0.303414,5.96574E+10,2.163550,5.920460,
nx8_sf_-40c_vce1.0v,sf,hbt_typ,-40,8,1.0,0.85,6.984370e-04,0.757853,1.31411E+11,9.296290,3.101790,
nx8_sf_-40c_vce1.0v,sf,hbt_typ,-40,8,1.0,0.87,1.604470e-03,1.740961,2.40801E+11,14.993000,2.151610,
nx8_sf_-40c_vce1.0v,sf,hbt_typ,-40,8,1.0,0.89,3.245460e-03,3.521549,3.53044E+11,18.921100,1.829580,
nx8_sf_-40c_vce1.0v,sf,hbt_typ,-40,8,1.0,0.91,5.708650e-03,6.194282,4.33327E+11,21.373000,1.690370,
nx8_sf_-40c_vce1.0v,sf,hbt_typ,-40,8,1.0,0.93,8.913270e-03,9.671517,4.80011E+11,22.890200,1.615770,
nx8_sf_-40c_vce1.0v,sf,hbt_typ,-40,8,1.0,0.95,1.272740e-02,13.810113,5.04386E+11,23.875500,1.574710,
nx8_sf_-40c_vce1.0v,sf,hbt_typ,-40,8,1.0,0.97,1.703910e-02,18.488607,5.11825E+11,24.555800,1.558750,vbe_high
nx8_sf_-40c_vce1.0v,sf,hbt_typ,-40,8,1.0,0.99,2.177090e-02,23.622938,5.06959E+11,25.049500,1.566090,vbe_high
nx8_sf_-40c_vce1.0v,sf,hbt_typ,-40,8,1.0,1.01,2.686890e-02,29.154622,4.8995E+11,25.419700,1.597340,ic_high;vbe_high
nx8_sf_-40c_vce1.0v,sf,hbt_typ,-40,8,1.0,1.03,3.229530e-02,35.042643,4.60248E+11,25.699300,1.654250,ic_high;vbe_high
nx8_sf_-40c_vce1.0v,sf,hbt_typ,-40,8,1.0,1.05,3.802530e-02,41.260091,4.18464E+11,25.904700,1.739260,ic_high;vbe_high
nx8_sf_-40c_vce1.2v,sf,hbt_typ,-40,8,1.2,0.55,3.053650e-10,0.000000,,-33.595800,38.516300,vbe_low
nx8_sf_-40c_vce1.2v,sf,hbt_typ,-40,8,1.2,0.57,8.156810e-10,0.000001,,-33.585500,38.506100,vbe_low
nx8_sf_-40c_vce1.2v,sf,hbt_typ,-40,8,1.2,0.59,2.180690e-09,0.000002,,-33.575100,38.495600,vbe_low
nx8_sf_-40c_vce1.2v,sf,hbt_typ,-40,8,1.2,0.61,5.831810e-09,0.000006,1.47249E+06,-33.564500,38.485000,vbe_low
nx8_sf_-40c_vce1.2v,sf,hbt_typ,-40,8,1.2,0.63,1.559760e-08,0.000017,3.91679E+06,-33.553600,38.474200,vbe_low
nx8_sf_-40c_vce1.2v,sf,hbt_typ,-40,8,1.2,0.65,4.171820e-08,0.000045,1.04257E+07,-33.542100,38.462800,
nx8_sf_-40c_vce1.2v,sf,hbt_typ,-40,8,1.2,0.67,1.115820e-07,0.000121,2.77293E+07,-33.527800,38.448900,
nx8_sf_-40c_vce1.2v,sf,hbt_typ,-40,8,1.2,0.69,2.984380e-07,0.000324,7.36958E+07,-33.496800,38.418900,
nx8_sf_-40c_vce1.2v,sf,hbt_typ,-40,8,1.2,0.71,7.981710e-07,0.000866,1.95947E+08,-33.354500,38.279300,
nx8_sf_-40c_vce1.2v,sf,hbt_typ,-40,8,1.2,0.73,2.134490e-06,0.002316,5.1949E+08,-32.526700,37.458900,
nx8_sf_-40c_vce1.2v,sf,hbt_typ,-40,8,1.2,0.75,5.706560e-06,0.006192,1.37902E+09,-29.074500,34.027100,
nx8_sf_-40c_vce1.2v,sf,hbt_typ,-40,8,1.2,0.77,1.524530e-05,0.016542,3.63696E+09,-22.196400,27.208800,
nx8_sf_-40c_vce1.2v,sf,hbt_typ,-40,8,1.2,0.79,4.064480e-05,0.044102,9.54165E+09,-14.029300,19.234300,
nx8_sf_-40c_vce1.2v,sf,hbt_typ,-40,8,1.2,0.81,1.077430e-04,0.116909,2.45613E+10,-5.753290,11.645900,
nx8_sf_-40c_vce1.2v,sf,hbt_typ,-40,8,1.2,0.83,2.812300e-04,0.305154,6.02789E+10,2.206720,5.896840,
nx8_sf_-40c_vce1.2v,sf,hbt_typ,-40,8,1.2,0.85,7.064010e-04,0.766494,1.33234E+11,9.372490,3.084000,
nx8_sf_-40c_vce1.2v,sf,hbt_typ,-40,8,1.2,0.87,1.637710e-03,1.777029,2.45351E+11,15.105800,2.140650,
nx8_sf_-40c_vce1.2v,sf,hbt_typ,-40,8,1.2,0.89,3.349380e-03,3.634310,3.59781E+11,19.052700,1.822130,
nx8_sf_-40c_vce1.2v,sf,hbt_typ,-40,8,1.2,0.91,5.951720e-03,6.458030,4.41392E+11,21.503900,1.684530,
nx8_sf_-40c_vce1.2v,sf,hbt_typ,-40,8,1.2,0.93,9.369900e-03,10.166992,4.87967E+11,23.014300,1.611700,
nx8_sf_-40c_vce1.2v,sf,hbt_typ,-40,8,1.2,0.95,1.347120e-02,14.617188,5.10764E+11,23.994200,1.574360,
nx8_sf_-40c_vce1.2v,sf,hbt_typ,-40,8,1.2,0.97,1.813910e-02,19.682183,5.16596E+11,24.671500,1.565710,vbe_high
nx8_sf_-40c_vce1.2v,sf,hbt_typ,-40,8,1.2,0.99,2.330260e-02,25.284939,5.09514E+11,25.163400,1.585600,vbe_high
nx8_sf_-40c_vce1.2v,sf,hbt_typ,-40,8,1.2,1.01,2.890400e-02,31.362847,4.89159E+11,25.531300,1.636510,ic_high;vbe_high
nx8_sf_-40c_vce1.2v,sf,hbt_typ,-40,8,1.2,1.03,3.491180e-02,37.881727,4.56191E+11,25.807800,1.722230,ic_high;vbe_high
nx8_sf_-40c_vce1.2v,sf,hbt_typ,-40,8,1.2,1.05,4.130340e-02,44.817057,4.10798E+11,26.007400,1.847280,ic_high;vbe_high
nx8_sf_-40c_vce1.4v,sf,hbt_typ,-40,8,1.4,0.55,3.060350e-10,0.000000,,-33.690300,38.611000,vbe_low
nx8_sf_-40c_vce1.4v,sf,hbt_typ,-40,8,1.4,0.57,8.170870e-10,0.000001,,-33.681500,38.602100,vbe_low
nx8_sf_-40c_vce1.4v,sf,hbt_typ,-40,8,1.4,0.59,2.183990e-09,0.000002,,-33.672500,38.593100,vbe_low
nx8_sf_-40c_vce1.4v,sf,hbt_typ,-40,8,1.4,0.61,5.839980e-09,0.000006,1.47944E+06,-33.663300,38.584000,vbe_low
nx8_sf_-40c_vce1.4v,sf,hbt_typ,-40,8,1.4,0.63,1.561830e-08,0.000017,3.93402E+06,-33.654000,38.574700,vbe_low
nx8_sf_-40c_vce1.4v,sf,hbt_typ,-40,8,1.4,0.65,4.177150e-08,0.000045,1.04754E+07,-33.644000,38.564900,
nx8_sf_-40c_vce1.4v,sf,hbt_typ,-40,8,1.4,0.67,1.117190e-07,0.000121,2.78527E+07,-33.631200,38.552500,
nx8_sf_-40c_vce1.4v,sf,hbt_typ,-40,8,1.4,0.69,2.987950e-07,0.000324,7.40536E+07,-33.601300,38.523600,
nx8_sf_-40c_vce1.4v,sf,hbt_typ,-40,8,1.4,0.71,7.991070e-07,0.000867,1.96838E+08,-33.457300,38.382300,
nx8_sf_-40c_vce1.4v,sf,hbt_typ,-40,8,1.4,0.73,2.136990e-06,0.002319,5.22098E+08,-32.611500,37.543800,
nx8_sf_-40c_vce1.4v,sf,hbt_typ,-40,8,1.4,0.75,5.713540e-06,0.006200,1.3856E+09,-29.107600,34.060400,
nx8_sf_-40c_vce1.4v,sf,hbt_typ,-40,8,1.4,0.77,1.526670e-05,0.016565,3.65410E+09,-22.193700,27.206300,
nx8_sf_-40c_vce1.4v,sf,hbt_typ,-40,8,1.4,0.79,4.072130e-05,0.044185,9.59629E+09,-14.015000,19.220700,
nx8_sf_-40c_vce1.4v,sf,hbt_typ,-40,8,1.4,0.81,1.080750e-04,0.117269,2.4726E+10,-5.728530,11.625000,
nx8_sf_-40c_vce1.4v,sf,hbt_typ,-40,8,1.4,0.83,2.828870e-04,0.306952,6.08476E+10,2.251430,5.872220,
nx8_sf_-40c_vce1.4v,sf,hbt_typ,-40,8,1.4,0.85,7.146840e-04,0.775482,1.35095E+11,9.451160,3.065550,
nx8_sf_-40c_vce1.4v,sf,hbt_typ,-40,8,1.4,0.87,1.673020e-03,1.815343,2.49625E+11,15.221800,2.129260,
nx8_sf_-40c_vce1.4v,sf,hbt_typ,-40,8,1.4,0.89,3.462540e-03,3.757096,3.66027E+11,19.186000,1.814380,
nx8_sf_-40c_vce1.4v,sf,hbt_typ,-40,8,1.4,0.91,6.221870e-03,6.751161,4.48608E+11,21.633000,1.678550,
nx8_sf_-40c_vce1.4v,sf,hbt_typ,-40,8,1.4,0.93,9.886630e-03,10.727680,4.94665E+11,23.134800,1.607970,
nx8_sf_-40c_vce1.4v,sf,hbt_typ,-40,8,1.4,0.95,1.432270e-02,15.541124,5.1553E+11,24.111800,1.575610,
nx8_sf_-40c_vce1.4v,sf,hbt_typ,-40,8,1.4,0.97,1.942790e-02,21.080621,5.19092E+11,24.789400,1.576970,vbe_high
nx8_sf_-40c_vce1.4v,sf,hbt_typ,-40,8,1.4,0.99,2.511860e-02,27.255425,5.08423E+11,25.280400,1.614500,ic_high;vbe_high
nx8_sf_-40c_vce1.4v,sf,hbt_typ,-40,8,1.4,1.01,3.135340e-02,34.020616,4.82069E+11,25.643000,1.693600,ic_high;vbe_high
nx8_sf_-40c_vce1.4v,sf,hbt_typ,-40,8,1.4,1.03,3.810550e-02,41.347114,4.42622E+11,25.908100,1.821350,ic_high;vbe_high
nx8_sf_-40c_vce1.4v,sf,hbt_typ,-40,8,1.4,1.05,4.535830e-02,49.216905,3.91154E+11,26.089800,2.005570,ic_high;vbe_high
nx8_sf_27c_vce0.6v,sf,hbt_typ,27,8,0.6,0.55,1.023540e-07,0.000111,1.95586E+07,-33.038700,39.055900,vbe_low
nx8_sf_27c_vce0.6v,sf,hbt_typ,27,8,0.6,0.57,2.179140e-07,0.000236,4.14101E+07,-33.009700,39.027300,vbe_low
nx8_sf_27c_vce0.6v,sf,hbt_typ,27,8,0.6,0.59,4.639320e-07,0.000503,8.77154E+07,-32.962900,38.981600,vbe_low
nx8_sf_27c_vce0.6v,sf,hbt_typ,27,8,0.6,0.61,9.876470e-07,0.001072,1.85518E+08,-32.842700,38.863600,vbe_low
nx8_sf_27c_vce0.6v,sf,hbt_typ,27,8,0.6,0.63,2.102370e-06,0.002281,3.92644E+08,-32.421200,38.446800,vbe_low
nx8_sf_27c_vce0.6v,sf,hbt_typ,27,8,0.6,0.65,4.474440e-06,0.004855,8.28714E+08,-30.972300,37.008100,
nx8_sf_27c_vce0.6v,sf,hbt_typ,27,8,0.6,0.67,9.519290e-06,0.010329,1.75013E+09,-27.429100,33.487400,
nx8_sf_27c_vce0.6v,sf,hbt_typ,27,8,0.6,0.69,2.023600e-05,0.021957,3.67185E+09,-21.994200,28.103500,
nx8_sf_27c_vce0.6v,sf,hbt_typ,27,8,0.6,0.71,4.294460e-05,0.046598,7.69034E+09,-15.787700,22.019200,
nx8_sf_27c_vce0.6v,sf,hbt_typ,27,8,0.6,0.73,9.081050e-05,0.098536,1.58833E+10,-9.431760,15.973500,
nx8_sf_27c_vce0.6v,sf,hbt_typ,27,8,0.6,0.75,1.905940e-04,0.206808,3.20711E+10,-3.170320,10.514700,
nx8_sf_27c_vce0.6v,sf,hbt_typ,27,8,0.6,0.77,3.940120e-04,0.427530,6.21431E+10,2.815370,6.358630,
nx8_sf_27c_vce0.6v,sf,hbt_typ,27,8,0.6,0.79,7.915680e-04,0.858906,1.11819E+11,8.287780,3.942650,
nx8_sf_27c_vce0.6v,sf,hbt_typ,27,8,0.6,0.81,1.515390e-03,1.644303,1.80227E+11,12.962800,2.832160,
nx8_sf_27c_vce0.6v,sf,hbt_typ,27,8,0.6,0.83,2.708140e-03,2.938520,2.54827E+11,16.636800,2.350830,
nx8_sf_27c_vce0.6v,sf,hbt_typ,27,8,0.6,0.85,4.463580e-03,4.843294,3.19095E+11,19.319300,2.122960,
nx8_sf_27c_vce0.6v,sf,hbt_typ,27,8,0.6,0.87,6.793880e-03,7.371832,3.64543E+11,21.201700,2.000740,
nx8_sf_27c_vce0.6v,sf,hbt_typ,27,8,0.6,0.89,9.650720e-03,10.471701,3.92157E+11,22.516900,1.931010,
nx8_sf_27c_vce0.6v,sf,hbt_typ,27,8,0.6,0.91,1.296360e-02,14.066406,4.03754E+11,23.449100,1.894590,
nx8_sf_27c_vce0.6v,sf,hbt_typ,27,8,0.6,0.93,1.666400e-02,18.081597,4.03409E+11,24.121000,1.884350,
nx8_sf_27c_vce0.6v,sf,hbt_typ,27,8,0.6,0.95,2.069300e-02,22.453342,3.92971E+11,24.586400,1.897920,
nx8_sf_27c_vce0.6v,sf,hbt_typ,27,8,0.6,0.97,2.498230e-02,27.107530,3.50955E+11,24.489400,1.938980,ic_high;vbe_high
nx8_sf_27c_vce0.6v,sf,hbt_typ,27,8,0.6,0.99,2.924050e-02,31.727973,1.75439E+11,20.776000,2.056920,ic_high;vbe_high
nx8_sf_27c_vce0.6v,sf,hbt_typ,27,8,0.6,1.01,3.277760e-02,35.565972,6.32245E+10,14.926200,2.323860,ic_high;vbe_high
nx8_sf_27c_vce0.6v,sf,hbt_typ,27,8,0.6,1.03,3.581140e-02,38.857856,3.35504E+10,11.694300,2.647760,ic_high;vbe_high
nx8_sf_27c_vce0.6v,sf,hbt_typ,27,8,0.6,1.05,3.879900e-02,42.099609,2.19099E+10,9.472340,3.038460,ic_high;vbe_high
nx8_sf_27c_vce0.8v,sf,hbt_typ,27,8,0.8,0.55,1.024500e-07,0.000111,1.97056E+07,-33.238900,39.256200,vbe_low
nx8_sf_27c_vce0.8v,sf,hbt_typ,27,8,0.8,0.57,2.181190e-07,0.000237,4.17558E+07,-33.215700,39.233500,vbe_low
nx8_sf_27c_vce0.8v,sf,hbt_typ,27,8,0.8,0.59,4.643680e-07,0.000504,8.84116E+07,-33.174300,39.193200,vbe_low
nx8_sf_27c_vce0.8v,sf,hbt_typ,27,8,0.8,0.61,9.885860e-07,0.001073,1.87162E+08,-33.056100,39.077200,vbe_low
nx8_sf_27c_vce0.8v,sf,hbt_typ,27,8,0.8,0.63,2.104420e-06,0.002283,3.95966E+08,-32.621500,38.647400,vbe_low
nx8_sf_27c_vce0.8v,sf,hbt_typ,27,8,0.8,0.65,4.478980e-06,0.004860,8.36605E+08,-31.118300,37.154400,
nx8_sf_27c_vce0.8v,sf,hbt_typ,27,8,0.8,0.67,9.529780e-06,0.010340,1.76622E+09,-27.490400,33.549000,
nx8_sf_27c_vce0.8v,sf,hbt_typ,27,8,0.8,0.69,2.026180e-05,0.021985,3.71075E+09,-22.004100,28.113900,
nx8_sf_27c_vce0.8v,sf,hbt_typ,27,8,0.8,0.71,4.301460e-05,0.046674,7.77206E+09,-15.779000,22.011200,
nx8_sf_27c_vce0.8v,sf,hbt_typ,27,8,0.8,0.73,9.102110e-05,0.098764,1.60606E+10,-9.413670,15.957200,
nx8_sf_27c_vce0.8v,sf,hbt_typ,27,8,0.8,0.75,1.912880e-04,0.207561,3.24732E+10,-3.141480,10.492200,
nx8_sf_27c_vce0.8v,sf,hbt_typ,27,8,0.8,0.77,3.964000e-04,0.430122,6.31117E+10,2.861040,6.333620,
nx8_sf_27c_vce0.8v,sf,hbt_typ,27,8,0.8,0.79,7.995950e-04,0.867616,1.13923E+11,8.357800,3.921640,
nx8_sf_27c_vce0.8v,sf,hbt_typ,27,8,0.8,0.81,1.539870e-03,1.670866,1.84233E+11,13.060600,2.817370,
nx8_sf_27c_vce0.8v,sf,hbt_typ,27,8,0.8,0.83,2.772020e-03,3.007834,2.61353E+11,16.756400,2.340700,
nx8_sf_27c_vce0.8v,sf,hbt_typ,27,8,0.8,0.85,4.603070e-03,4.994651,3.28188E+11,19.448400,2.115840,
nx8_sf_27c_vce0.8v,sf,hbt_typ,27,8,0.8,0.87,7.053390e-03,7.653418,3.75860E+11,21.330600,1.996150,
nx8_sf_27c_vce0.8v,sf,hbt_typ,27,8,0.8,0.89,1.007510e-02,10.932183,4.06974E+11,22.641800,1.929740,
nx8_sf_27c_vce0.8v,sf,hbt_typ,27,8,0.8,0.91,1.359620e-02,14.752821,4.22196E+11,23.571900,1.898570,
nx8_sf_27c_vce0.8v,sf,hbt_typ,27,8,0.8,0.93,1.754520e-02,19.037760,4.26539E+11,24.246000,1.896560,
nx8_sf_27c_vce0.8v,sf,hbt_typ,27,8,0.8,0.95,2.186210e-02,23.721897,4.17825E+11,24.739900,1.922040,
nx8_sf_27c_vce0.8v,sf,hbt_typ,27,8,0.8,0.97,2.649810e-02,28.752279,4.00334E+11,25.100700,1.975100,ic_high;vbe_high
nx8_sf_27c_vce0.8v,sf,hbt_typ,27,8,0.8,0.99,3.141590e-02,34.088433,3.69958E+11,25.319100,2.057090,ic_high;vbe_high
nx8_sf_27c_vce0.8v,sf,hbt_typ,27,8,0.8,1.01,3.653960e-02,39.648003,2.92318E+11,24.663600,2.177210,ic_high;vbe_high
nx8_sf_27c_vce0.8v,sf,hbt_typ,27,8,0.8,1.03,4.137940e-02,44.899523,1.1389E+11,19.477200,2.407170,ic_high;vbe_high
nx8_sf_27c_vce0.8v,sf,hbt_typ,27,8,0.8,1.05,4.536780e-02,49.227214,4.84228E+10,14.465800,2.770890,ic_high;vbe_high
nx8_sf_27c_vce1.0v,sf,hbt_typ,27,8,1.0,0.55,1.025480e-07,0.000111,1.98218E+07,-33.392900,39.410500,vbe_low
nx8_sf_27c_vce1.0v,sf,hbt_typ,27,8,1.0,0.57,2.183250e-07,0.000237,4.20268E+07,-33.373200,39.391300,vbe_low
nx8_sf_27c_vce1.0v,sf,hbt_typ,27,8,1.0,0.59,4.648070e-07,0.000504,8.89536E+07,-33.334800,39.353900,vbe_low
nx8_sf_27c_vce1.0v,sf,hbt_typ,27,8,1.0,0.61,9.895220e-07,0.001074,1.88429E+08,-33.216600,39.237900,vbe_low
nx8_sf_27c_vce1.0v,sf,hbt_typ,27,8,1.0,0.63,2.106440e-06,0.002286,3.9851E+08,-32.770200,38.796200,vbe_low
nx8_sf_27c_vce1.0v,sf,hbt_typ,27,8,1.0,0.65,4.483460e-06,0.004865,8.4259E+08,-31.223700,37.260000,
nx8_sf_27c_vce1.0v,sf,hbt_typ,27,8,1.0,0.67,9.540100e-06,0.010352,1.77836E+09,-27.531800,33.590600,
nx8_sf_27c_vce1.0v,sf,hbt_typ,27,8,1.0,0.69,2.028730e-05,0.022013,3.73993E+09,-22.008100,28.118200,
nx8_sf_27c_vce1.0v,sf,hbt_typ,27,8,1.0,0.71,4.308360e-05,0.046749,7.83331E+09,-15.769000,22.001800,
nx8_sf_27c_vce1.0v,sf,hbt_typ,27,8,1.0,0.73,9.123010e-05,0.098991,1.61944E+10,-9.395560,15.940900,
nx8_sf_27c_vce1.0v,sf,hbt_typ,27,8,1.0,0.75,1.919820e-04,0.208314,3.2781E+10,-3.112870,10.469800,
nx8_sf_27c_vce1.0v,sf,hbt_typ,27,8,1.0,0.77,3.988130e-04,0.432740,6.38674E+10,2.906570,6.308670,
nx8_sf_27c_vce1.0v,sf,hbt_typ,27,8,1.0,0.79,8.078100e-04,0.876530,1.15595E+11,8.428170,3.900610,
nx8_sf_27c_vce1.0v,sf,hbt_typ,27,8,1.0,0.81,1.565360e-03,1.698524,1.87490E+11,13.159500,2.802510,
nx8_sf_27c_vce1.0v,sf,hbt_typ,27,8,1.0,0.83,2.839790e-03,3.081369,2.66813E+11,16.877900,2.330460,
nx8_sf_27c_vce1.0v,sf,hbt_typ,27,8,1.0,0.85,4.753750e-03,5.158149,3.35161E+11,19.579500,2.108640,
nx8_sf_27c_vce1.0v,sf,hbt_typ,27,8,1.0,0.87,7.337350e-03,7.961534,3.84899E+11,21.460000,1.991690,
nx8_sf_27c_vce1.0v,sf,hbt_typ,27,8,1.0,0.89,1.054580e-02,11.442925,4.15418E+11,22.764400,1.929180,
nx8_sf_27c_vce1.0v,sf,hbt_typ,27,8,1.0,0.91,1.430510e-02,15.522027,4.32472E+11,23.686300,1.904510,
nx8_sf_27c_vce1.0v,sf,hbt_typ,27,8,1.0,0.93,1.854130e-02,20.118598,4.37622E+11,24.352900,1.912970,
nx8_sf_27c_vce1.0v,sf,hbt_typ,27,8,1.0,0.95,2.319360e-02,25.166667,4.31513E+11,24.842400,1.954260,
nx8_sf_27c_vce1.0v,sf,hbt_typ,27,8,1.0,0.97,2.821150e-02,30.611437,4.13649E+11,25.200300,2.029860,ic_high;vbe_high
nx8_sf_27c_vce1.0v,sf,hbt_typ,27,8,1.0,0.99,3.355660e-02,36.411241,3.83352E+11,25.450500,2.142020,ic_high;vbe_high
nx8_sf_27c_vce1.0v,sf,hbt_typ,27,8,1.0,1.01,3.919850e-02,42.533095,3.45222E+11,25.601700,2.293170,ic_high;vbe_high
nx8_sf_27c_vce1.0v,sf,hbt_typ,27,8,1.0,1.03,4.509080e-02,48.926649,2.85418E+11,25.340800,2.488550,ic_high;vbe_high
nx8_sf_27c_vce1.0v,sf,hbt_typ,27,8,1.0,1.05,5.088160e-02,55.210069,1.34491E+11,21.400800,2.776080,ic_high;vbe_high
nx8_sf_27c_vce1.2v,sf,hbt_typ,27,8,1.2,0.55,1.026650e-07,0.000111,1.99218E+07,-33.518000,39.535800,vbe_low
nx8_sf_27c_vce1.2v,sf,hbt_typ,27,8,1.2,0.57,2.185680e-07,0.000237,4.22574E+07,-33.500500,39.518800,vbe_low
nx8_sf_27c_vce1.2v,sf,hbt_typ,27,8,1.2,0.59,4.653100e-07,0.000505,8.94114E+07,-33.463900,39.483100,vbe_low
nx8_sf_27c_vce1.2v,sf,hbt_typ,27,8,1.2,0.61,9.905760e-07,0.001075,1.89489E+08,-33.344900,39.366400,vbe_low
nx8_sf_27c_vce1.2v,sf,hbt_typ,27,8,1.2,0.63,2.108680e-06,0.002288,4.00623E+08,-32.887800,38.914000,vbe_low
nx8_sf_27c_vce1.2v,sf,hbt_typ,27,8,1.2,0.65,4.488320e-06,0.004870,8.47525E+08,-31.305000,37.341500,
nx8_sf_27c_vce1.2v,sf,hbt_typ,27,8,1.2,0.67,9.551080e-06,0.010364,1.78832E+09,-27.561500,33.620600,
nx8_sf_27c_vce1.2v,sf,hbt_typ,27,8,1.2,0.69,2.031390e-05,0.022042,3.76377E+09,-22.008400,28.118800,
nx8_sf_27c_vce1.2v,sf,hbt_typ,27,8,1.2,0.71,4.315470e-05,0.046826,7.88347E+09,-15.757900,21.991300,
nx8_sf_27c_vce1.2v,sf,hbt_typ,27,8,1.2,0.73,9.144300e-05,0.099222,1.63048E+10,-9.377070,15.924100,
nx8_sf_27c_vce1.2v,sf,hbt_typ,27,8,1.2,0.75,1.926870e-04,0.209079,3.30405E+10,-3.084020,10.447100,
nx8_sf_27c_vce1.2v,sf,hbt_typ,27,8,1.2,0.77,4.012710e-04,0.435407,6.45139E+10,2.952480,6.283430,
nx8_sf_27c_vce1.2v,sf,hbt_typ,27,8,1.2,0.79,8.162630e-04,0.885702,1.17052E+11,8.499350,3.879360,
nx8_sf_27c_vce1.2v,sf,hbt_typ,27,8,1.2,0.81,1.592000e-03,1.727431,1.9088E+11,13.260000,2.787480,
nx8_sf_27c_vce1.2v,sf,hbt_typ,27,8,1.2,0.83,2.911970e-03,3.159690,2.72196E+11,17.001300,2.320080,
nx8_sf_27c_vce1.2v,sf,hbt_typ,27,8,1.2,0.85,4.917220e-03,5.335525,3.42067E+11,19.712500,2.101380,
nx8_sf_27c_vce1.2v,sf,hbt_typ,27,8,1.2,0.87,7.650540e-03,8.301367,3.92109E+11,21.591400,1.987430,
nx8_sf_27c_vce1.2v,sf,hbt_typ,27,8,1.2,0.89,1.107150e-02,12.013346,4.21941E+11,22.888700,1.929560,
nx8_sf_27c_vce1.2v,sf,hbt_typ,27,8,1.2,0.91,1.510570e-02,16.390734,4.39031E+11,23.801300,1.913010,
nx8_sf_27c_vce1.2v,sf,hbt_typ,27,8,1.2,0.93,1.968050e-02,21.354709,4.43035E+11,24.457100,1.934940,
nx8_sf_27c_vce1.2v,sf,hbt_typ,27,8,1.2,0.95,2.473060e-02,26.834418,4.35467E+11,24.934200,1.996990,ic_high
nx8_sf_27c_vce1.2v,sf,hbt_typ,27,8,1.2,0.97,3.020720e-02,32.776910,4.16004E+11,25.279000,2.102600,ic_high;vbe_high
nx8_sf_27c_vce1.2v,sf,hbt_typ,27,8,1.2,0.99,3.606990e-02,39.138346,3.85604E+11,25.516600,2.255860,ic_high;vbe_high
nx8_sf_27c_vce1.2v,sf,hbt_typ,27,8,1.2,1.01,4.228700e-02,45.884332,3.41471E+11,25.652800,2.460670,ic_high;vbe_high
nx8_sf_27c_vce1.2v,sf,hbt_typ,27,8,1.2,1.03,4.883000e-02,52.983941,2.9296E+11,25.685900,2.720100,ic_high;vbe_high
nx8_sf_27c_vce1.2v,sf,hbt_typ,27,8,1.2,1.05,5.564240e-02,60.375868,2.28303E+11,25.154100,3.040010,ic_high;vbe_high
nx8_sf_27c_vce1.4v,sf,hbt_typ,27,8,1.4,0.55,1.028400e-07,0.000112,2.0018E+07,-33.623200,39.641100,vbe_low
nx8_sf_27c_vce1.4v,sf,hbt_typ,27,8,1.4,0.57,2.189220e-07,0.000238,4.24762E+07,-33.607300,39.625600,vbe_low
nx8_sf_27c_vce1.4v,sf,hbt_typ,27,8,1.4,0.59,4.660320e-07,0.000506,8.9841E+07,-33.571700,39.591000,vbe_low
nx8_sf_27c_vce1.4v,sf,hbt_typ,27,8,1.4,0.61,9.920520e-07,0.001076,1.90471E+08,-33.451600,39.473200,vbe_low
nx8_sf_27c_vce1.4v,sf,hbt_typ,27,8,1.4,0.63,2.111730e-06,0.002291,4.02562E+08,-32.984500,39.010800,vbe_low
nx8_sf_27c_vce1.4v,sf,hbt_typ,27,8,1.4,0.65,4.494730e-06,0.004877,8.51994E+08,-31.369800,37.406400,
nx8_sf_27c_vce1.4v,sf,hbt_typ,27,8,1.4,0.67,9.565050e-06,0.010379,1.79727E+09,-27.582300,33.641500,
nx8_sf_27c_vce1.4v,sf,hbt_typ,27,8,1.4,0.69,2.034620e-05,0.022077,3.78501E+09,-22.004500,28.115200,
nx8_sf_27c_vce1.4v,sf,hbt_typ,27,8,1.4,0.71,4.323680e-05,0.046915,7.92805E+09,-15.744400,21.978300,
nx8_sf_27c_vce1.4v,sf,hbt_typ,27,8,1.4,0.73,9.167760e-05,0.099477,1.64032E+10,-9.356560,15.905200,
nx8_sf_27c_vce1.4v,sf,hbt_typ,27,8,1.4,0.75,1.934380e-04,0.209894,3.33124E+10,-3.053130,10.422500,
nx8_sf_27c_vce1.4v,sf,hbt_typ,27,8,1.4,0.77,4.038470e-04,0.438202,6.51033E+10,3.000770,6.256510,
nx8_sf_27c_vce1.4v,sf,hbt_typ,27,8,1.4,0.79,8.251110e-04,0.895303,1.1851E+11,8.573260,3.856910,
nx8_sf_27c_vce1.4v,sf,hbt_typ,27,8,1.4,0.81,1.620160e-03,1.757986,1.9402E+11,13.363000,2.771690,
nx8_sf_27c_vce1.4v,sf,hbt_typ,27,8,1.4,0.83,2.989470e-03,3.243783,2.77135E+11,17.124900,2.309290,
nx8_sf_27c_vce1.4v,sf,hbt_typ,27,8,1.4,0.85,5.095800e-03,5.529297,3.48261E+11,19.841400,2.093990,
nx8_sf_27c_vce1.4v,sf,hbt_typ,27,8,1.4,0.87,7.998410e-03,8.678830,3.98332E+11,21.715400,1.983500,
nx8_sf_27c_vce1.4v,sf,hbt_typ,27,8,1.4,0.89,1.166360e-02,12.655816,4.28132E+11,23.006000,1.931300,
nx8_sf_27c_vce1.4v,sf,hbt_typ,27,8,1.4,0.91,1.602100e-02,17.383898,4.43704E+11,23.912600,1.925050,
nx8_sf_27c_vce1.4v,sf,hbt_typ,27,8,1.4,0.93,2.099690e-02,22.783095,4.45694E+11,24.559900,1.964600,
nx8_sf_27c_vce1.4v,sf,hbt_typ,27,8,1.4,0.95,2.653200e-02,28.789062,4.34936E+11,25.021900,2.054410,ic_high
nx8_sf_27c_vce1.4v,sf,hbt_typ,27,8,1.4,0.97,3.257030e-02,35.341037,4.11451E+11,25.344700,2.200800,ic_high;vbe_high
nx8_sf_27c_vce1.4v,sf,hbt_typ,27,8,1.4,0.99,3.907550e-02,42.399631,3.75696E+11,25.554400,2.410440,ic_high;vbe_high
nx8_sf_27c_vce1.4v,sf,hbt_typ,27,8,1.4,1.01,4.601400e-02,49.928385,3.29908E+11,25.659700,2.688980,ic_high;vbe_high
nx8_sf_27c_vce1.4v,sf,hbt_typ,27,8,1.4,1.03,5.335370e-02,57.892470,2.74924E+11,25.644400,3.039910,ic_high;vbe_high
nx8_sf_27c_vce1.4v,sf,hbt_typ,27,8,1.4,1.05,6.105730e-02,66.251411,2.20962E+11,25.444500,3.463990,ic_high;vbe_high
nx8_sf_125c_vce0.6v,sf,hbt_typ,125,8,0.6,0.55,1.743950e-05,0.018923,2.39138E+09,-25.358100,32.658900,vbe_low
nx8_sf_125c_vce0.6v,sf,hbt_typ,125,8,0.6,0.57,3.050100e-05,0.033096,4.13138E+09,-21.094100,28.441500,vbe_low
nx8_sf_125c_vce0.6v,sf,hbt_typ,125,8,0.6,0.59,5.328980e-05,0.057823,7.13025E+09,-16.486400,23.921400,vbe_low
nx8_sf_125c_vce0.6v,sf,hbt_typ,125,8,0.6,0.61,9.293630e-05,0.100842,1.22057E+10,-11.778500,19.383700,vbe_low
nx8_sf_125c_vce0.6v,sf,hbt_typ,125,8,0.6,0.63,1.615710e-04,0.175316,2.06199E+10,-7.085640,15.029000,vbe_low
nx8_sf_125c_vce0.6v,sf,hbt_typ,125,8,0.6,0.65,2.793900e-04,0.303158,3.43048E+10,-2.481530,11.089900,
nx8_sf_125c_vce0.6v,sf,hbt_typ,125,8,0.6,0.67,4.788200e-04,0.519553,5.5401E+10,1.957570,7.861340,
nx8_sf_125c_vce0.6v,sf,hbt_typ,125,8,0.6,0.69,8.088950e-04,0.877707,8.56951E+10,6.135330,5.566110,
nx8_sf_125c_vce0.6v,sf,hbt_typ,125,8,0.6,0.71,1.337120e-03,1.450868,1.25417E+11,9.937510,4.157200,
nx8_sf_125c_vce0.6v,sf,hbt_typ,125,8,0.6,0.73,2.144270e-03,2.326682,1.71038E+11,13.255200,3.368580,
nx8_sf_125c_vce0.6v,sf,hbt_typ,125,8,0.6,0.75,3.309760e-03,3.591319,2.16878E+11,16.022500,2.934080,
nx8_sf_125c_vce0.6v,sf,hbt_typ,125,8,0.6,0.77,4.892850e-03,5.309082,2.56422E+11,18.240900,2.685980,
nx8_sf_125c_vce0.6v,sf,hbt_typ,125,8,0.6,0.79,6.921130e-03,7.509907,2.85093E+11,19.969700,2.538260,
nx8_sf_125c_vce0.6v,sf,hbt_typ,125,8,0.6,0.81,9.391910e-03,10.190875,3.00974E+11,21.295000,2.450690,
nx8_sf_125c_vce0.6v,sf,hbt_typ,125,8,0.6,0.83,1.228180e-02,13.326606,3.07723E+11,22.302400,2.405300,
nx8_sf_125c_vce0.6v,sf,hbt_typ,125,8,0.6,0.85,1.555640e-02,16.879774,3.05884E+11,23.052600,2.394560,
nx8_sf_125c_vce0.6v,sf,hbt_typ,125,8,0.6,0.87,1.917420e-02,20.805339,2.94993E+11,23.524900,2.416410,
nx8_sf_125c_vce0.6v,sf,hbt_typ,125,8,0.6,0.89,2.306310e-02,25.025065,2.63902E+11,23.277500,2.476750,
nx8_sf_125c_vce0.6v,sf,hbt_typ,125,8,0.6,0.91,2.699580e-02,29.292318,1.82979E+11,20.788000,2.606870,ic_high
nx8_sf_125c_vce0.6v,sf,hbt_typ,125,8,0.6,0.93,3.058140e-02,33.182943,1.0246E+11,16.950000,2.832660,ic_high
nx8_sf_125c_vce0.6v,sf,hbt_typ,125,8,0.6,0.95,3.382000e-02,36.697049,6.30497E+10,14.254600,3.115070,ic_high
nx8_sf_125c_vce0.6v,sf,hbt_typ,125,8,0.6,0.97,3.693240e-02,40.074219,4.26508E+10,12.238900,3.460530,ic_high;vbe_high
nx8_sf_125c_vce0.6v,sf,hbt_typ,125,8,0.6,0.99,4.000350e-02,43.406576,2.90506E+10,9.849890,3.941910,ic_high;vbe_high
nx8_sf_125c_vce0.6v,sf,hbt_typ,125,8,0.6,1.01,4.295400e-02,46.608073,1.8461E+10,6.329640,4.710250,ic_high;vbe_high
nx8_sf_125c_vce0.6v,sf,hbt_typ,125,8,0.6,1.03,4.561210e-02,49.492296,1.06536E+10,1.596580,6.064670,ic_high;vbe_high
nx8_sf_125c_vce0.6v,sf,hbt_typ,125,8,0.6,1.05,4.782750e-02,51.896159,5.62999E+09,-3.877550,8.449230,ic_high;vbe_high
nx8_sf_125c_vce0.8v,sf,hbt_typ,125,8,0.8,0.55,1.745960e-05,0.018945,2.41896E+09,-25.401900,32.703200,vbe_low
nx8_sf_125c_vce0.8v,sf,hbt_typ,125,8,0.8,0.57,3.054110e-05,0.033139,4.18391E+09,-21.103800,28.451700,vbe_low
nx8_sf_125c_vce0.8v,sf,hbt_typ,125,8,0.8,0.59,5.337400e-05,0.057914,7.21623E+09,-16.480300,23.916100,vbe_low
nx8_sf_125c_vce0.8v,sf,hbt_typ,125,8,0.8,0.61,9.312450e-05,0.101047,1.23732E+10,-11.764000,19.370500,vbe_low
nx8_sf_125c_vce0.8v,sf,hbt_typ,125,8,0.8,0.63,1.620150e-04,0.175798,2.09231E+10,-7.063790,15.010100,vbe_low
nx8_sf_125c_vce0.8v,sf,hbt_typ,125,8,0.8,0.65,2.804820e-04,0.304342,3.48866E+10,-2.450550,11.065900,
nx8_sf_125c_vce0.8v,sf,hbt_typ,125,8,0.8,0.67,4.815540e-04,0.522520,5.64476E+10,2.001210,7.834480,
nx8_sf_125c_vce0.8v,sf,hbt_typ,125,8,0.8,0.69,8.156880e-04,0.885078,8.76499E+10,6.195940,5.540270,
nx8_sf_125c_vce0.8v,sf,hbt_typ,125,8,0.8,0.71,1.353370e-03,1.468500,1.28598E+11,10.018500,4.135550,
nx8_sf_125c_vce0.8v,sf,hbt_typ,125,8,0.8,0.73,2.180650e-03,2.366157,1.76426E+11,13.357300,3.351880,
nx8_sf_125c_vce0.8v,sf,hbt_typ,125,8,0.8,0.75,3.384410e-03,3.672320,2.24808E+11,16.142400,2.921670,
nx8_sf_125c_vce0.8v,sf,hbt_typ,125,8,0.8,0.77,5.031970e-03,5.460037,2.67206E+11,18.373300,2.677170,
nx8_sf_125c_vce0.8v,sf,hbt_typ,125,8,0.8,0.79,7.157420e-03,7.766298,3.01093E+11,20.111100,2.533080,
nx8_sf_125c_vce0.8v,sf,hbt_typ,125,8,0.8,0.81,9.761700e-03,10.592122,3.25204E+11,21.446100,2.450140,
nx8_sf_125c_vce0.8v,sf,hbt_typ,125,8,0.8,0.83,1.282250e-02,13.913303,3.38785E+11,22.466100,2.411470,
nx8_sf_125c_vce0.8v,sf,hbt_typ,125,8,0.8,0.85,1.630530e-02,17.692383,3.40681E+11,23.239000,2.410440,
nx8_sf_125c_vce0.8v,sf,hbt_typ,125,8,0.8,0.87,2.017180e-02,21.887804,3.31559E+11,23.815900,2.445010,
nx8_sf_125c_vce0.8v,sf,hbt_typ,125,8,0.8,0.89,2.438350e-02,26.457791,3.13287E+11,24.221000,2.515200,ic_high
nx8_sf_125c_vce0.8v,sf,hbt_typ,125,8,0.8,0.91,2.890060e-02,31.359158,2.86482E+11,24.417400,2.622500,ic_high
nx8_sf_125c_vce0.8v,sf,hbt_typ,125,8,0.8,0.93,3.364590e-02,36.508138,2.39269E+11,23.858000,2.775180,ic_high
nx8_sf_125c_vce0.8v,sf,hbt_typ,125,8,0.8,0.95,3.832500e-02,41.585286,1.50593E+11,20.828800,3.009010,ic_high
nx8_sf_125c_vce0.8v,sf,hbt_typ,125,8,0.8,0.97,4.253570e-02,46.154188,8.46278E+10,17.062500,3.338010,ic_high;vbe_high
nx8_sf_125c_vce0.8v,sf,hbt_typ,125,8,0.8,0.99,4.639910e-02,50.346246,5.45914E+10,14.540400,3.727220,ic_high;vbe_high
nx8_sf_125c_vce0.8v,sf,hbt_typ,125,8,0.8,1.01,5.015870e-02,54.425673,3.87978E+10,12.633300,4.180200,ic_high;vbe_high
nx8_sf_125c_vce0.8v,sf,hbt_typ,125,8,0.8,1.03,5.389470e-02,58.479492,2.81551E+10,10.495300,4.735300,ic_high;vbe_high
nx8_sf_125c_vce0.8v,sf,hbt_typ,125,8,0.8,1.05,5.751610e-02,62.408963,1.93518E+10,7.357570,5.485700,ic_high;vbe_high
nx8_sf_125c_vce1.0v,sf,hbt_typ,125,8,1.0,0.55,1.747970e-05,0.018967,2.43873E+09,-25.428300,32.729900,vbe_low
nx8_sf_125c_vce1.0v,sf,hbt_typ,125,8,1.0,0.57,3.058100e-05,0.033183,4.22116E+09,-21.106500,28.454800,vbe_low
nx8_sf_125c_vce1.0v,sf,hbt_typ,125,8,1.0,0.59,5.345770e-05,0.058005,7.27694E+09,-16.471900,23.908400,vbe_low
nx8_sf_125c_vce1.0v,sf,hbt_typ,125,8,1.0,0.61,9.331120e-05,0.101249,1.24908E+10,-11.748900,19.356600,vbe_low
nx8_sf_125c_vce1.0v,sf,hbt_typ,125,8,1.0,0.63,1.624570e-04,0.176277,2.11574E+10,-7.042110,14.991000,vbe_low
nx8_sf_125c_vce1.0v,sf,hbt_typ,125,8,1.0,0.65,2.815740e-04,0.305527,3.52952E+10,-2.420000,11.042100,
nx8_sf_125c_vce1.0v,sf,hbt_typ,125,8,1.0,0.67,4.843090e-04,0.525509,5.71862E+10,2.044400,7.807760,
nx8_sf_125c_vce1.0v,sf,hbt_typ,125,8,1.0,0.69,8.225980e-04,0.892576,8.90308E+10,6.256220,5.514480,
nx8_sf_125c_vce1.0v,sf,hbt_typ,125,8,1.0,0.71,1.370080e-03,1.486632,1.30831E+11,10.099500,4.113910,
nx8_sf_125c_vce1.0v,sf,hbt_typ,125,8,1.0,0.73,2.218570e-03,2.407303,1.8009E+11,13.459500,3.335150,
nx8_sf_125c_vce1.0v,sf,hbt_typ,125,8,1.0,0.75,3.463320e-03,3.757943,2.29878E+11,16.262200,2.909230,
nx8_sf_125c_vce1.0v,sf,hbt_typ,125,8,1.0,0.77,5.181100e-03,5.621853,2.74386E+11,18.503800,2.668420,
nx8_sf_125c_vce1.0v,sf,hbt_typ,125,8,1.0,0.79,7.413910e-03,8.044607,3.09705E+11,20.245100,2.528260,
nx8_sf_125c_vce1.0v,sf,hbt_typ,125,8,1.0,0.81,1.016750e-02,11.032444,3.34295E+11,21.578000,2.450640,
nx8_sf_125c_vce1.0v,sf,hbt_typ,125,8,1.0,0.83,1.342130e-02,14.563043,3.51372E+11,22.593300,2.420000,
nx8_sf_125c_vce1.0v,sf,hbt_typ,125,8,1.0,0.85,1.714070e-02,18.598850,3.58855E+11,23.364800,2.431060,
nx8_sf_125c_vce1.0v,sf,hbt_typ,125,8,1.0,0.87,2.128580e-02,23.096571,3.57119E+11,23.945900,2.483120,
nx8_sf_125c_vce1.0v,sf,hbt_typ,125,8,1.0,0.89,2.581670e-02,28.012912,3.4076E+11,24.365200,2.577420,ic_high
nx8_sf_125c_vce1.0v,sf,hbt_typ,125,8,1.0,0.91,3.069530e-02,33.306532,3.14177E+11,24.645100,2.715750,ic_high
nx8_sf_125c_vce1.0v,sf,hbt_typ,125,8,1.0,0.93,3.588560e-02,38.938368,2.76783E+11,24.765200,2.899940,ic_high
nx8_sf_125c_vce1.0v,sf,hbt_typ,125,8,1.0,0.95,4.133820e-02,44.854818,2.2949E+11,24.503100,3.133560,ic_high
nx8_sf_125c_vce1.0v,sf,hbt_typ,125,8,1.0,0.97,4.686130e-02,50.847765,1.58366E+11,22.440800,3.437820,ic_high;vbe_high
nx8_sf_125c_vce1.0v,sf,hbt_typ,125,8,1.0,0.99,5.196010e-02,56.380317,9.02484E+10,18.482100,3.844040,ic_high;vbe_high
nx8_sf_125c_vce1.0v,sf,hbt_typ,125,8,1.0,1.01,5.656750e-02,61.379666,5.71618E+10,15.513100,4.321730,ic_high;vbe_high
nx8_sf_125c_vce1.0v,sf,hbt_typ,125,8,1.0,1.03,6.096750e-02,66.153971,4.07761E+10,13.457000,4.852220,ic_high;vbe_high
nx8_sf_125c_vce1.0v,sf,hbt_typ,125,8,1.0,1.05,6.531610e-02,70.872504,3.08682E+10,11.632600,5.441380,ic_high;vbe_high
nx8_sf_125c_vce1.2v,sf,hbt_typ,125,8,1.2,0.55,1.750420e-05,0.018993,2.45479E+09,-25.444300,32.746200,vbe_low
nx8_sf_125c_vce1.2v,sf,hbt_typ,125,8,1.2,0.57,3.062730e-05,0.033233,4.25113E+09,-21.104500,28.453200,vbe_low
nx8_sf_125c_vce1.2v,sf,hbt_typ,125,8,1.2,0.59,5.355090e-05,0.058106,7.32568E+09,-16.461300,23.898300,vbe_low
nx8_sf_125c_vce1.2v,sf,hbt_typ,125,8,1.2,0.61,9.351210e-05,0.101467,1.25848E+10,-11.732600,19.341400,vbe_low
nx8_sf_125c_vce1.2v,sf,hbt_typ,125,8,1.2,0.63,1.629200e-04,0.176780,2.1345E+10,-7.019650,14.971100,vbe_low
nx8_sf_125c_vce1.2v,sf,hbt_typ,125,8,1.2,0.65,2.827030e-04,0.306752,3.56254E+10,-2.388890,11.017600,
nx8_sf_125c_vce1.2v,sf,hbt_typ,125,8,1.2,0.67,4.871430e-04,0.528584,5.77899E+10,2.088020,7.780430,
nx8_sf_125c_vce1.2v,sf,hbt_typ,125,8,1.2,0.69,8.297130e-04,0.900296,9.01699E+10,6.316850,5.488260,
nx8_sf_125c_vce1.2v,sf,hbt_typ,125,8,1.2,0.71,1.387410e-03,1.505436,1.32766E+11,10.180700,4.091990,
nx8_sf_125c_vce1.2v,sf,hbt_typ,125,8,1.2,0.73,2.258310e-03,2.450423,1.83112E+11,13.561800,3.318280,
nx8_sf_125c_vce1.2v,sf,hbt_typ,125,8,1.2,0.75,3.547130e-03,3.848882,2.3398E+11,16.381800,2.896720,
nx8_sf_125c_vce1.2v,sf,hbt_typ,125,8,1.2,0.77,5.341730e-03,5.796148,2.79962E+11,18.634200,2.659740,
nx8_sf_125c_vce1.2v,sf,hbt_typ,125,8,1.2,0.79,7.693920e-03,8.348438,3.15983E+11,20.379100,2.523820,
nx8_sf_125c_vce1.2v,sf,hbt_typ,125,8,1.2,0.81,1.061600e-02,11.519097,3.41499E+11,21.709300,2.452300,
nx8_sf_125c_vce1.2v,sf,hbt_typ,125,8,1.2,0.83,1.409040e-02,15.289062,3.58272E+11,22.716300,2.431270,
nx8_sf_125c_vce1.2v,sf,hbt_typ,125,8,1.2,0.85,1.808290e-02,19.621202,3.65741E+11,23.475000,2.457240,
nx8_sf_125c_vce1.2v,sf,hbt_typ,125,8,1.2,0.87,2.255270e-02,24.471246,3.64863E+11,24.041100,2.531310,
nx8_sf_125c_vce1.2v,sf,hbt_typ,125,8,1.2,0.89,2.745790e-02,29.793728,3.54662E+11,24.452400,2.656380,ic_high
nx8_sf_125c_vce1.2v,sf,hbt_typ,125,8,1.2,0.91,3.275790e-02,35.544596,3.29811E+11,24.725800,2.835690,ic_high
nx8_sf_125c_vce1.2v,sf,hbt_typ,125,8,1.2,0.93,3.841390e-02,41.681749,2.88394E+11,24.852600,3.071810,ic_high
nx8_sf_125c_vce1.2v,sf,hbt_typ,125,8,1.2,0.95,4.438760e-02,48.163628,2.4089E+11,24.821000,3.365930,ic_high
nx8_sf_125c_vce1.2v,sf,hbt_typ,125,8,1.2,0.97,5.062640e-02,54.933160,1.84612E+11,24.331900,3.719710,ic_high;vbe_high
nx8_sf_125c_vce1.2v,sf,hbt_typ,125,8,1.2,0.99,5.691600e-02,61.757813,1.21761E+11,21.998200,4.149950,ic_high;vbe_high
nx8_sf_125c_vce1.2v,sf,hbt_typ,125,8,1.2,1.01,6.270600e-02,68.040365,7.25591E+10,18.026200,4.677280,ic_high;vbe_high
nx8_sf_125c_vce1.2v,sf,hbt_typ,125,8,1.2,1.03,6.794880e-02,73.729167,4.79865E+10,15.033100,5.265300,ic_high;vbe_high
nx8_sf_125c_vce1.2v,sf,hbt_typ,125,8,1.2,1.05,7.294090e-02,79.145942,3.50473E+10,12.857800,5.892120,ic_high;vbe_high
nx8_sf_125c_vce1.4v,sf,hbt_typ,125,8,1.4,0.55,1.754420e-05,0.019037,2.47008E+09,-25.449400,32.751500,vbe_low
nx8_sf_125c_vce1.4v,sf,hbt_typ,125,8,1.4,0.57,3.069830e-05,0.033310,4.27916E+09,-21.094800,28.443700,vbe_low
nx8_sf_125c_vce1.4v,sf,hbt_typ,125,8,1.4,0.59,5.368330e-05,0.058250,7.37433E+09,-16.444600,23.881900,vbe_low
nx8_sf_125c_vce1.4v,sf,hbt_typ,125,8,1.4,0.61,9.377570e-05,0.101753,1.26706E+10,-11.711000,19.320700,vbe_low
nx8_sf_125c_vce1.4v,sf,hbt_typ,125,8,1.4,0.63,1.634850e-04,0.177393,2.15149E+10,-6.992190,14.946100,vbe_low
nx8_sf_125c_vce1.4v,sf,hbt_typ,125,8,1.4,0.65,2.840010e-04,0.308161,3.59242E+10,-2.352920,10.988300,
nx8_sf_125c_vce1.4v,sf,hbt_typ,125,8,1.4,0.67,4.902720e-04,0.531979,5.83372E+10,2.136390,7.748930,
nx8_sf_125c_vce1.4v,sf,hbt_typ,125,8,1.4,0.69,8.373980e-04,0.908635,9.12052E+10,6.381740,5.458770,
nx8_sf_125c_vce1.4v,sf,hbt_typ,125,8,1.4,0.71,1.405970e-03,1.525575,1.34781E+11,10.264500,4.067860,
nx8_sf_125c_vce1.4v,sf,hbt_typ,125,8,1.4,0.73,2.300930e-03,2.496669,1.85843E+11,13.662800,3.300100,
nx8_sf_125c_vce1.4v,sf,hbt_typ,125,8,1.4,0.75,3.637650e-03,3.947103,2.38035E+11,16.493700,2.883650,
nx8_sf_125c_vce1.4v,sf,hbt_typ,125,8,1.4,0.77,5.516910e-03,5.986230,2.84796E+11,18.749400,2.651100,
nx8_sf_125c_vce1.4v,sf,hbt_typ,125,8,1.4,0.79,8.002630e-03,8.683409,3.21222E+11,20.494200,2.520080,
nx8_sf_125c_vce1.4v,sf,hbt_typ,125,8,1.4,0.81,1.111600e-02,12.061632,3.47163E+11,21.824400,2.455680,
nx8_sf_125c_vce1.4v,sf,hbt_typ,125,8,1.4,0.83,1.484470e-02,16.107530,3.63183E+11,22.830000,2.446230,
nx8_sf_125c_vce1.4v,sf,hbt_typ,125,8,1.4,0.85,1.915670e-02,20.786350,3.69729E+11,23.580000,2.490730,
nx8_sf_125c_vce1.4v,sf,hbt_typ,125,8,1.4,0.87,2.401070e-02,26.053277,3.67513E+11,24.126600,2.592810,ic_high
nx8_sf_125c_vce1.4v,sf,hbt_typ,125,8,1.4,0.89,2.936290e-02,31.860786,3.55579E+11,24.510300,2.757670,ic_high
nx8_sf_125c_vce1.4v,sf,hbt_typ,125,8,1.4,0.91,3.516950e-02,38.161350,3.31921E+11,24.757700,2.990240,ic_high
nx8_sf_125c_vce1.4v,sf,hbt_typ,125,8,1.4,0.93,4.138710e-02,44.907878,2.94646E+11,24.869900,3.293860,ic_high
nx8_sf_125c_vce1.4v,sf,hbt_typ,125,8,1.4,0.95,4.797010e-02,52.050890,2.33536E+11,24.771100,3.669380,ic_high
nx8_sf_125c_vce1.4v,sf,hbt_typ,125,8,1.4,0.97,5.486810e-02,59.535699,1.72872E+11,24.369400,4.114490,ic_high;vbe_high
nx8_sf_125c_vce1.4v,sf,hbt_typ,125,8,1.4,0.99,6.198780e-02,67.261068,1.15257E+11,22.981400,4.628310,ic_high;vbe_high
nx8_sf_125c_vce1.4v,sf,hbt_typ,125,8,1.4,1.01,6.892580e-02,74.789280,6.95836E+10,19.227100,5.227640,ic_high;vbe_high
nx8_sf_125c_vce1.4v,sf,hbt_typ,125,8,1.4,1.03,7.515820e-02,81.551866,4.46345E+10,15.398700,5.897010,ic_high;vbe_high
nx8_sf_125c_vce1.4v,sf,hbt_typ,125,8,1.4,1.05,8.087510e-02,87.755100,3.10818E+10,12.467500,6.598090,ic_high;vbe_high
nx8_fs_-40c_vce0.6v,fs,hbt_typ,-40,8,0.6,0.55,3.038460e-10,0.000000,,-33.187300,38.107300,vbe_low
nx8_fs_-40c_vce0.6v,fs,hbt_typ,-40,8,0.6,0.57,8.126550e-10,0.000001,,-33.168200,38.088300,vbe_low
nx8_fs_-40c_vce0.6v,fs,hbt_typ,-40,8,0.6,0.59,2.173690e-09,0.000002,,-33.148600,38.068700,vbe_low
nx8_fs_-40c_vce0.6v,fs,hbt_typ,-40,8,0.6,0.61,5.814250e-09,0.000006,1.44581E+06,-33.128400,38.048500,vbe_low
nx8_fs_-40c_vce0.6v,fs,hbt_typ,-40,8,0.6,0.63,1.555210e-08,0.000017,3.84967E+06,-33.107500,38.027600,vbe_low
nx8_fs_-40c_vce0.6v,fs,hbt_typ,-40,8,0.6,0.65,4.159850e-08,0.000045,1.02283E+07,-33.085500,38.005800,
nx8_fs_-40c_vce0.6v,fs,hbt_typ,-40,8,0.6,0.67,1.112650e-07,0.000121,2.72325E+07,-33.060500,37.981100,
nx8_fs_-40c_vce0.6v,fs,hbt_typ,-40,8,0.6,0.69,2.975920e-07,0.000323,7.22296E+07,-33.020000,37.941600,
nx8_fs_-40c_vce0.6v,fs,hbt_typ,-40,8,0.6,0.71,7.958940e-07,0.000864,1.92248E+08,-32.879800,37.804100,
nx8_fs_-40c_vce0.6v,fs,hbt_typ,-40,8,0.6,0.73,2.128220e-06,0.002309,5.09358E+08,-32.122800,37.054400,
nx8_fs_-40c_vce0.6v,fs,hbt_typ,-40,8,0.6,0.75,5.688490e-06,0.006172,1.35099E+09,-28.895800,33.847800,
nx8_fs_-40c_vce0.6v,fs,hbt_typ,-40,8,0.6,0.77,1.518790e-05,0.016480,3.56382E+09,-22.184100,27.195500,
nx8_fs_-40c_vce0.6v,fs,hbt_typ,-40,8,0.6,0.79,4.043140e-05,0.043871,9.31011E+09,-14.066600,19.269100,
nx8_fs_-40c_vce0.6v,fs,hbt_typ,-40,8,0.6,0.81,1.067920e-04,0.115877,2.38863E+10,-5.824000,11.705000,
nx8_fs_-40c_vce0.6v,fs,hbt_typ,-40,8,0.6,0.83,2.764810e-04,0.300001,5.81921E+10,2.077750,5.967400,
nx8_fs_-40c_vce0.6v,fs,hbt_typ,-40,8,0.6,0.85,6.831740e-04,0.741291,1.27344E+11,9.146640,3.137020,
nx8_fs_-40c_vce0.6v,fs,hbt_typ,-40,8,0.6,0.87,1.542850e-03,1.674099,2.30825E+11,14.774000,2.173150,
nx8_fs_-40c_vce0.6v,fs,hbt_typ,-40,8,0.6,0.89,3.059430e-03,3.319694,3.36004E+11,18.666400,1.844050,
nx8_fs_-40c_vce0.6v,fs,hbt_typ,-40,8,0.6,0.91,5.286910e-03,5.736664,4.13E+11,21.119800,1.701670,
nx8_fs_-40c_vce0.6v,fs,hbt_typ,-40,8,0.6,0.93,8.139350e-03,8.831760,4.58514E+11,22.650600,1.624370,
nx8_fs_-40c_vce0.6v,fs,hbt_typ,-40,8,0.6,0.95,1.149310e-02,12.470812,4.80273E+11,23.646400,1.578300,
nx8_fs_-40c_vce0.6v,fs,hbt_typ,-40,8,0.6,0.97,1.524410e-02,16.540907,4.8578E+11,24.328700,1.552900,vbe_high
nx8_fs_-40c_vce0.6v,fs,hbt_typ,-40,8,0.6,0.99,1.931640e-02,20.959635,4.78279E+11,24.816900,1.544410,vbe_high
nx8_fs_-40c_vce0.6v,fs,hbt_typ,-40,8,0.6,1.01,2.365670e-02,25.669162,4.58671E+11,25.143200,1.551740,vbe_high
nx8_fs_-40c_vce0.6v,fs,hbt_typ,-40,8,0.6,1.03,2.817230e-02,30.568902,3.25729E+11,24.138700,1.586530,ic_high;vbe_high
nx8_fs_-40c_vce0.6v,fs,hbt_typ,-40,8,0.6,1.05,3.209820e-02,34.828776,6.22829E+10,15.489900,1.804230,ic_high;vbe_high
nx8_fs_-40c_vce0.8v,fs,hbt_typ,-40,8,0.8,0.55,3.043320e-10,0.000000,,-33.352700,38.273000,vbe_low
nx8_fs_-40c_vce0.8v,fs,hbt_typ,-40,8,0.8,0.57,8.136180e-10,0.000001,,-33.337900,38.258100,vbe_low
nx8_fs_-40c_vce0.8v,fs,hbt_typ,-40,8,0.8,0.59,2.175920e-09,0.000002,,-33.322700,38.243000,vbe_low
nx8_fs_-40c_vce0.8v,fs,hbt_typ,-40,8,0.8,0.61,5.819890e-09,0.000006,1.45646E+06,-33.307200,38.227400,vbe_low
nx8_fs_-40c_vce0.8v,fs,hbt_typ,-40,8,0.8,0.63,1.556680e-08,0.000017,3.87657E+06,-33.291100,38.211500,vbe_low
nx8_fs_-40c_vce0.8v,fs,hbt_typ,-40,8,0.8,0.65,4.163750e-08,0.000045,1.03079E+07,-33.274300,38.194800,
nx8_fs_-40c_vce0.8v,fs,hbt_typ,-40,8,0.8,0.67,1.113690e-07,0.000121,2.74339E+07,-33.254600,38.175500,
nx8_fs_-40c_vce0.8v,fs,hbt_typ,-40,8,0.8,0.69,2.978720e-07,0.000323,7.28284E+07,-33.219100,38.140900,
nx8_fs_-40c_vce0.8v,fs,hbt_typ,-40,8,0.8,0.71,7.966510e-07,0.000864,1.93766E+08,-33.079300,38.003800,
nx8_fs_-40c_vce0.8v,fs,hbt_typ,-40,8,0.8,0.73,2.130310e-06,0.002312,5.13241E+08,-32.294800,37.226600,
nx8_fs_-40c_vce0.8v,fs,hbt_typ,-40,8,0.8,0.75,5.694550e-06,0.006179,1.3626E+09,-28.975000,33.927300,
nx8_fs_-40c_vce0.8v,fs,hbt_typ,-40,8,0.8,0.77,1.520720e-05,0.016501,3.59414E+09,-22.192700,27.204400,
nx8_fs_-40c_vce0.8v,fs,hbt_typ,-40,8,0.8,0.79,4.050280e-05,0.043948,9.4058E+09,-14.054700,19.258100,
nx8_fs_-40c_vce0.8v,fs,hbt_typ,-40,8,0.8,0.81,1.071090e-04,0.116221,2.41610E+10,-5.800370,11.685400,
nx8_fs_-40c_vce0.8v,fs,hbt_typ,-40,8,0.8,0.83,2.780460e-04,0.301699,5.89441E+10,2.120680,5.943910,
nx8_fs_-40c_vce0.8v,fs,hbt_typ,-40,8,0.8,0.85,6.907060e-04,0.749464,1.29557E+11,9.221140,3.119430,
nx8_fs_-40c_vce0.8v,fs,hbt_typ,-40,8,0.8,0.87,1.572900e-03,1.706706,2.35746E+11,14.882500,2.162430,
nx8_fs_-40c_vce0.8v,fs,hbt_typ,-40,8,0.8,0.89,3.149090e-03,3.416981,3.45413E+11,18.792300,1.836890,
nx8_fs_-40c_vce0.8v,fs,hbt_typ,-40,8,0.8,0.91,5.488280e-03,5.955165,4.23791E+11,21.245100,1.696080,
nx8_fs_-40c_vce0.8v,fs,hbt_typ,-40,8,0.8,0.93,8.505760e-03,9.229340,4.70292E+11,22.769500,1.620020,
nx8_fs_-40c_vce0.8v,fs,hbt_typ,-40,8,0.8,0.95,1.207400e-02,13.101128,4.95376E+11,23.760600,1.576130,
nx8_fs_-40c_vce0.8v,fs,hbt_typ,-40,8,0.8,0.97,1.608370e-02,17.451931,5.03424E+11,24.443500,1.554770,vbe_high
nx8_fs_-40c_vce0.8v,fs,hbt_typ,-40,8,0.8,0.99,2.045870e-02,22.199110,4.98799E+11,24.937000,1.552990,vbe_high
nx8_fs_-40c_vce0.8v,fs,hbt_typ,-40,8,0.8,1.01,2.514370e-02,27.282661,4.80848E+11,25.304100,1.570190,ic_high;vbe_high
nx8_fs_-40c_vce0.8v,fs,hbt_typ,-40,8,0.8,1.03,3.010150e-02,32.662218,4.53848E+11,25.579700,1.606840,ic_high;vbe_high
nx8_fs_-40c_vce0.8v,fs,hbt_typ,-40,8,0.8,1.05,3.530100e-02,38.304036,4.07344E+11,25.683200,1.664860,ic_high;vbe_high
nx8_fs_-40c_vce1.0v,fs,hbt_typ,-40,8,1.0,0.55,3.048250e-10,0.000000,,-33.485300,38.405700,vbe_low
nx8_fs_-40c_vce1.0v,fs,hbt_typ,-40,8,1.0,0.57,8.145940e-10,0.000001,,-33.473200,38.393600,vbe_low
nx8_fs_-40c_vce1.0v,fs,hbt_typ,-40,8,1.0,0.59,2.178180e-09,0.000002,,-33.460800,38.381200,vbe_low
nx8_fs_-40c_vce1.0v,fs,hbt_typ,-40,8,1.0,0.61,5.825550e-09,0.000006,1.46506E+06,-33.448200,38.368600,vbe_low
nx8_fs_-40c_vce1.0v,fs,hbt_typ,-40,8,1.0,0.63,1.558150e-08,0.000017,3.89822E+06,-33.435200,38.355700,vbe_low
nx8_fs_-40c_vce1.0v,fs,hbt_typ,-40,8,1.0,0.65,4.167630e-08,0.000045,1.03715E+07,-33.421600,38.342200,
nx8_fs_-40c_vce1.0v,fs,hbt_typ,-40,8,1.0,0.67,1.114720e-07,0.000121,2.7594E+07,-33.405100,38.326100,
nx8_fs_-40c_vce1.0v,fs,hbt_typ,-40,8,1.0,0.69,2.981470e-07,0.000324,7.32997E+07,-33.372300,38.294300,
nx8_fs_-40c_vce1.0v,fs,hbt_typ,-40,8,1.0,0.71,7.973940e-07,0.000865,1.94954E+08,-33.231600,38.156300,
nx8_fs_-40c_vce1.0v,fs,hbt_typ,-40,8,1.0,0.73,2.132360e-06,0.002314,5.16564E+08,-32.423900,37.355900,
nx8_fs_-40c_vce1.0v,fs,hbt_typ,-40,8,1.0,0.75,5.700480e-06,0.006185,1.37158E+09,-29.031600,33.984000,
nx8_fs_-40c_vce1.0v,fs,hbt_typ,-40,8,1.0,0.77,1.522610e-05,0.016521,3.61757E+09,-22.196100,27.208200,
nx8_fs_-40c_vce1.0v,fs,hbt_typ,-40,8,1.0,0.79,4.057350e-05,0.044025,9.47994E+09,-14.042300,19.246500,
nx8_fs_-40c_vce1.0v,fs,hbt_typ,-40,8,1.0,0.81,1.074240e-04,0.116562,2.43777E+10,-5.776900,11.665700,
nx8_fs_-40c_vce1.0v,fs,hbt_typ,-40,8,1.0,0.83,2.796260e-04,0.303414,5.96574E+10,2.163550,5.920460,
nx8_fs_-40c_vce1.0v,fs,hbt_typ,-40,8,1.0,0.85,6.984370e-04,0.757853,1.31411E+11,9.296290,3.101790,
nx8_fs_-40c_vce1.0v,fs,hbt_typ,-40,8,1.0,0.87,1.604470e-03,1.740961,2.40801E+11,14.993000,2.151610,
nx8_fs_-40c_vce1.0v,fs,hbt_typ,-40,8,1.0,0.89,3.245460e-03,3.521549,3.53044E+11,18.921100,1.829580,
nx8_fs_-40c_vce1.0v,fs,hbt_typ,-40,8,1.0,0.91,5.708650e-03,6.194282,4.33327E+11,21.373000,1.690370,
nx8_fs_-40c_vce1.0v,fs,hbt_typ,-40,8,1.0,0.93,8.913270e-03,9.671517,4.80011E+11,22.890200,1.615770,
nx8_fs_-40c_vce1.0v,fs,hbt_typ,-40,8,1.0,0.95,1.272740e-02,13.810113,5.04386E+11,23.875500,1.574710,
nx8_fs_-40c_vce1.0v,fs,hbt_typ,-40,8,1.0,0.97,1.703910e-02,18.488607,5.11825E+11,24.555800,1.558750,vbe_high
nx8_fs_-40c_vce1.0v,fs,hbt_typ,-40,8,1.0,0.99,2.177090e-02,23.622938,5.06959E+11,25.049500,1.566090,vbe_high
nx8_fs_-40c_vce1.0v,fs,hbt_typ,-40,8,1.0,1.01,2.686890e-02,29.154622,4.8995E+11,25.419700,1.597340,ic_high;vbe_high
nx8_fs_-40c_vce1.0v,fs,hbt_typ,-40,8,1.0,1.03,3.229530e-02,35.042643,4.60248E+11,25.699300,1.654250,ic_high;vbe_high
nx8_fs_-40c_vce1.0v,fs,hbt_typ,-40,8,1.0,1.05,3.802530e-02,41.260091,4.18464E+11,25.904700,1.739260,ic_high;vbe_high
nx8_fs_-40c_vce1.2v,fs,hbt_typ,-40,8,1.2,0.55,3.053650e-10,0.000000,,-33.595800,38.516300,vbe_low
nx8_fs_-40c_vce1.2v,fs,hbt_typ,-40,8,1.2,0.57,8.156810e-10,0.000001,,-33.585500,38.506100,vbe_low
nx8_fs_-40c_vce1.2v,fs,hbt_typ,-40,8,1.2,0.59,2.180690e-09,0.000002,,-33.575100,38.495600,vbe_low
nx8_fs_-40c_vce1.2v,fs,hbt_typ,-40,8,1.2,0.61,5.831810e-09,0.000006,1.47249E+06,-33.564500,38.485000,vbe_low
nx8_fs_-40c_vce1.2v,fs,hbt_typ,-40,8,1.2,0.63,1.559760e-08,0.000017,3.91679E+06,-33.553600,38.474200,vbe_low
nx8_fs_-40c_vce1.2v,fs,hbt_typ,-40,8,1.2,0.65,4.171820e-08,0.000045,1.04257E+07,-33.542100,38.462800,
nx8_fs_-40c_vce1.2v,fs,hbt_typ,-40,8,1.2,0.67,1.115820e-07,0.000121,2.77293E+07,-33.527800,38.448900,
nx8_fs_-40c_vce1.2v,fs,hbt_typ,-40,8,1.2,0.69,2.984380e-07,0.000324,7.36958E+07,-33.496800,38.418900,
nx8_fs_-40c_vce1.2v,fs,hbt_typ,-40,8,1.2,0.71,7.981710e-07,0.000866,1.95947E+08,-33.354500,38.279300,
nx8_fs_-40c_vce1.2v,fs,hbt_typ,-40,8,1.2,0.73,2.134490e-06,0.002316,5.1949E+08,-32.526700,37.458900,
nx8_fs_-40c_vce1.2v,fs,hbt_typ,-40,8,1.2,0.75,5.706560e-06,0.006192,1.37902E+09,-29.074500,34.027100,
nx8_fs_-40c_vce1.2v,fs,hbt_typ,-40,8,1.2,0.77,1.524530e-05,0.016542,3.63696E+09,-22.196400,27.208800,
nx8_fs_-40c_vce1.2v,fs,hbt_typ,-40,8,1.2,0.79,4.064480e-05,0.044102,9.54165E+09,-14.029300,19.234300,
nx8_fs_-40c_vce1.2v,fs,hbt_typ,-40,8,1.2,0.81,1.077430e-04,0.116909,2.45613E+10,-5.753290,11.645900,
nx8_fs_-40c_vce1.2v,fs,hbt_typ,-40,8,1.2,0.83,2.812300e-04,0.305154,6.02789E+10,2.206720,5.896840,
nx8_fs_-40c_vce1.2v,fs,hbt_typ,-40,8,1.2,0.85,7.064010e-04,0.766494,1.33234E+11,9.372490,3.084000,
nx8_fs_-40c_vce1.2v,fs,hbt_typ,-40,8,1.2,0.87,1.637710e-03,1.777029,2.45351E+11,15.105800,2.140650,
nx8_fs_-40c_vce1.2v,fs,hbt_typ,-40,8,1.2,0.89,3.349380e-03,3.634310,3.59781E+11,19.052700,1.822130,
nx8_fs_-40c_vce1.2v,fs,hbt_typ,-40,8,1.2,0.91,5.951720e-03,6.458030,4.41392E+11,21.503900,1.684530,
nx8_fs_-40c_vce1.2v,fs,hbt_typ,-40,8,1.2,0.93,9.369900e-03,10.166992,4.87967E+11,23.014300,1.611700,
nx8_fs_-40c_vce1.2v,fs,hbt_typ,-40,8,1.2,0.95,1.347120e-02,14.617188,5.10764E+11,23.994200,1.574360,
nx8_fs_-40c_vce1.2v,fs,hbt_typ,-40,8,1.2,0.97,1.813910e-02,19.682183,5.16596E+11,24.671500,1.565710,vbe_high
nx8_fs_-40c_vce1.2v,fs,hbt_typ,-40,8,1.2,0.99,2.330260e-02,25.284939,5.09514E+11,25.163400,1.585600,vbe_high
nx8_fs_-40c_vce1.2v,fs,hbt_typ,-40,8,1.2,1.01,2.890400e-02,31.362847,4.89159E+11,25.531300,1.636510,ic_high;vbe_high
nx8_fs_-40c_vce1.2v,fs,hbt_typ,-40,8,1.2,1.03,3.491180e-02,37.881727,4.56191E+11,25.807800,1.722230,ic_high;vbe_high
nx8_fs_-40c_vce1.2v,fs,hbt_typ,-40,8,1.2,1.05,4.130340e-02,44.817057,4.10798E+11,26.007400,1.847280,ic_high;vbe_high
nx8_fs_-40c_vce1.4v,fs,hbt_typ,-40,8,1.4,0.55,3.060350e-10,0.000000,,-33.690300,38.611000,vbe_low
nx8_fs_-40c_vce1.4v,fs,hbt_typ,-40,8,1.4,0.57,8.170870e-10,0.000001,,-33.681500,38.602100,vbe_low
nx8_fs_-40c_vce1.4v,fs,hbt_typ,-40,8,1.4,0.59,2.183990e-09,0.000002,,-33.672500,38.593100,vbe_low
nx8_fs_-40c_vce1.4v,fs,hbt_typ,-40,8,1.4,0.61,5.839980e-09,0.000006,1.47944E+06,-33.663300,38.584000,vbe_low
nx8_fs_-40c_vce1.4v,fs,hbt_typ,-40,8,1.4,0.63,1.561830e-08,0.000017,3.93402E+06,-33.654000,38.574700,vbe_low
nx8_fs_-40c_vce1.4v,fs,hbt_typ,-40,8,1.4,0.65,4.177150e-08,0.000045,1.04754E+07,-33.644000,38.564900,
nx8_fs_-40c_vce1.4v,fs,hbt_typ,-40,8,1.4,0.67,1.117190e-07,0.000121,2.78527E+07,-33.631200,38.552500,
nx8_fs_-40c_vce1.4v,fs,hbt_typ,-40,8,1.4,0.69,2.987950e-07,0.000324,7.40536E+07,-33.601300,38.523600,
nx8_fs_-40c_vce1.4v,fs,hbt_typ,-40,8,1.4,0.71,7.991070e-07,0.000867,1.96838E+08,-33.457300,38.382300,
nx8_fs_-40c_vce1.4v,fs,hbt_typ,-40,8,1.4,0.73,2.136990e-06,0.002319,5.22098E+08,-32.611500,37.543800,
nx8_fs_-40c_vce1.4v,fs,hbt_typ,-40,8,1.4,0.75,5.713540e-06,0.006200,1.3856E+09,-29.107600,34.060400,
nx8_fs_-40c_vce1.4v,fs,hbt_typ,-40,8,1.4,0.77,1.526670e-05,0.016565,3.65410E+09,-22.193700,27.206300,
nx8_fs_-40c_vce1.4v,fs,hbt_typ,-40,8,1.4,0.79,4.072130e-05,0.044185,9.59629E+09,-14.015000,19.220700,
nx8_fs_-40c_vce1.4v,fs,hbt_typ,-40,8,1.4,0.81,1.080750e-04,0.117269,2.4726E+10,-5.728530,11.625000,
nx8_fs_-40c_vce1.4v,fs,hbt_typ,-40,8,1.4,0.83,2.828870e-04,0.306952,6.08476E+10,2.251430,5.872220,
nx8_fs_-40c_vce1.4v,fs,hbt_typ,-40,8,1.4,0.85,7.146840e-04,0.775482,1.35095E+11,9.451160,3.065550,
nx8_fs_-40c_vce1.4v,fs,hbt_typ,-40,8,1.4,0.87,1.673020e-03,1.815343,2.49625E+11,15.221800,2.129260,
nx8_fs_-40c_vce1.4v,fs,hbt_typ,-40,8,1.4,0.89,3.462540e-03,3.757096,3.66027E+11,19.186000,1.814380,
nx8_fs_-40c_vce1.4v,fs,hbt_typ,-40,8,1.4,0.91,6.221870e-03,6.751161,4.48608E+11,21.633000,1.678550,
nx8_fs_-40c_vce1.4v,fs,hbt_typ,-40,8,1.4,0.93,9.886630e-03,10.727680,4.94665E+11,23.134800,1.607970,
nx8_fs_-40c_vce1.4v,fs,hbt_typ,-40,8,1.4,0.95,1.432270e-02,15.541124,5.1553E+11,24.111800,1.575610,
nx8_fs_-40c_vce1.4v,fs,hbt_typ,-40,8,1.4,0.97,1.942790e-02,21.080621,5.19092E+11,24.789400,1.576970,vbe_high
nx8_fs_-40c_vce1.4v,fs,hbt_typ,-40,8,1.4,0.99,2.511860e-02,27.255425,5.08423E+11,25.280400,1.614500,ic_high;vbe_high
nx8_fs_-40c_vce1.4v,fs,hbt_typ,-40,8,1.4,1.01,3.135340e-02,34.020616,4.82069E+11,25.643000,1.693600,ic_high;vbe_high
nx8_fs_-40c_vce1.4v,fs,hbt_typ,-40,8,1.4,1.03,3.810550e-02,41.347114,4.42622E+11,25.908100,1.821350,ic_high;vbe_high
nx8_fs_-40c_vce1.4v,fs,hbt_typ,-40,8,1.4,1.05,4.535830e-02,49.216905,3.91154E+11,26.089800,2.005570,ic_high;vbe_high
nx8_fs_27c_vce0.6v,fs,hbt_typ,27,8,0.6,0.55,1.023540e-07,0.000111,1.95586E+07,-33.038700,39.055900,vbe_low
nx8_fs_27c_vce0.6v,fs,hbt_typ,27,8,0.6,0.57,2.179140e-07,0.000236,4.14101E+07,-33.009700,39.027300,vbe_low
nx8_fs_27c_vce0.6v,fs,hbt_typ,27,8,0.6,0.59,4.639320e-07,0.000503,8.77154E+07,-32.962900,38.981600,vbe_low
nx8_fs_27c_vce0.6v,fs,hbt_typ,27,8,0.6,0.61,9.876470e-07,0.001072,1.85518E+08,-32.842700,38.863600,vbe_low
nx8_fs_27c_vce0.6v,fs,hbt_typ,27,8,0.6,0.63,2.102370e-06,0.002281,3.92644E+08,-32.421200,38.446800,vbe_low
nx8_fs_27c_vce0.6v,fs,hbt_typ,27,8,0.6,0.65,4.474440e-06,0.004855,8.28714E+08,-30.972300,37.008100,
nx8_fs_27c_vce0.6v,fs,hbt_typ,27,8,0.6,0.67,9.519290e-06,0.010329,1.75013E+09,-27.429100,33.487400,
nx8_fs_27c_vce0.6v,fs,hbt_typ,27,8,0.6,0.69,2.023600e-05,0.021957,3.67185E+09,-21.994200,28.103500,
nx8_fs_27c_vce0.6v,fs,hbt_typ,27,8,0.6,0.71,4.294460e-05,0.046598,7.69034E+09,-15.787700,22.019200,
nx8_fs_27c_vce0.6v,fs,hbt_typ,27,8,0.6,0.73,9.081050e-05,0.098536,1.58833E+10,-9.431760,15.973500,
nx8_fs_27c_vce0.6v,fs,hbt_typ,27,8,0.6,0.75,1.905940e-04,0.206808,3.20711E+10,-3.170320,10.514700,
nx8_fs_27c_vce0.6v,fs,hbt_typ,27,8,0.6,0.77,3.940120e-04,0.427530,6.21431E+10,2.815370,6.358630,
nx8_fs_27c_vce0.6v,fs,hbt_typ,27,8,0.6,0.79,7.915680e-04,0.858906,1.11819E+11,8.287780,3.942650,
nx8_fs_27c_vce0.6v,fs,hbt_typ,27,8,0.6,0.81,1.515390e-03,1.644303,1.80227E+11,12.962800,2.832160,
nx8_fs_27c_vce0.6v,fs,hbt_typ,27,8,0.6,0.83,2.708140e-03,2.938520,2.54827E+11,16.636800,2.350830,
nx8_fs_27c_vce0.6v,fs,hbt_typ,27,8,0.6,0.85,4.463580e-03,4.843294,3.19095E+11,19.319300,2.122960,
nx8_fs_27c_vce0.6v,fs,hbt_typ,27,8,0.6,0.87,6.793880e-03,7.371832,3.64543E+11,21.201700,2.000740,
nx8_fs_27c_vce0.6v,fs,hbt_typ,27,8,0.6,0.89,9.650720e-03,10.471701,3.92157E+11,22.516900,1.931010,
nx8_fs_27c_vce0.6v,fs,hbt_typ,27,8,0.6,0.91,1.296360e-02,14.066406,4.03754E+11,23.449100,1.894590,
nx8_fs_27c_vce0.6v,fs,hbt_typ,27,8,0.6,0.93,1.666400e-02,18.081597,4.03409E+11,24.121000,1.884350,
nx8_fs_27c_vce0.6v,fs,hbt_typ,27,8,0.6,0.95,2.069300e-02,22.453342,3.92971E+11,24.586400,1.897920,
nx8_fs_27c_vce0.6v,fs,hbt_typ,27,8,0.6,0.97,2.498230e-02,27.107530,3.50955E+11,24.489400,1.938980,ic_high;vbe_high
nx8_fs_27c_vce0.6v,fs,hbt_typ,27,8,0.6,0.99,2.924050e-02,31.727973,1.75439E+11,20.776000,2.056920,ic_high;vbe_high
nx8_fs_27c_vce0.6v,fs,hbt_typ,27,8,0.6,1.01,3.277760e-02,35.565972,6.32245E+10,14.926200,2.323860,ic_high;vbe_high
nx8_fs_27c_vce0.6v,fs,hbt_typ,27,8,0.6,1.03,3.581140e-02,38.857856,3.35504E+10,11.694300,2.647760,ic_high;vbe_high
nx8_fs_27c_vce0.6v,fs,hbt_typ,27,8,0.6,1.05,3.879900e-02,42.099609,2.19099E+10,9.472340,3.038460,ic_high;vbe_high
nx8_fs_27c_vce0.8v,fs,hbt_typ,27,8,0.8,0.55,1.024500e-07,0.000111,1.97056E+07,-33.238900,39.256200,vbe_low
nx8_fs_27c_vce0.8v,fs,hbt_typ,27,8,0.8,0.57,2.181190e-07,0.000237,4.17558E+07,-33.215700,39.233500,vbe_low
nx8_fs_27c_vce0.8v,fs,hbt_typ,27,8,0.8,0.59,4.643680e-07,0.000504,8.84116E+07,-33.174300,39.193200,vbe_low
nx8_fs_27c_vce0.8v,fs,hbt_typ,27,8,0.8,0.61,9.885860e-07,0.001073,1.87162E+08,-33.056100,39.077200,vbe_low
nx8_fs_27c_vce0.8v,fs,hbt_typ,27,8,0.8,0.63,2.104420e-06,0.002283,3.95966E+08,-32.621500,38.647400,vbe_low
nx8_fs_27c_vce0.8v,fs,hbt_typ,27,8,0.8,0.65,4.478980e-06,0.004860,8.36605E+08,-31.118300,37.154400,
nx8_fs_27c_vce0.8v,fs,hbt_typ,27,8,0.8,0.67,9.529780e-06,0.010340,1.76622E+09,-27.490400,33.549000,
nx8_fs_27c_vce0.8v,fs,hbt_typ,27,8,0.8,0.69,2.026180e-05,0.021985,3.71075E+09,-22.004100,28.113900,
nx8_fs_27c_vce0.8v,fs,hbt_typ,27,8,0.8,0.71,4.301460e-05,0.046674,7.77206E+09,-15.779000,22.011200,
nx8_fs_27c_vce0.8v,fs,hbt_typ,27,8,0.8,0.73,9.102110e-05,0.098764,1.60606E+10,-9.413670,15.957200,
nx8_fs_27c_vce0.8v,fs,hbt_typ,27,8,0.8,0.75,1.912880e-04,0.207561,3.24732E+10,-3.141480,10.492200,
nx8_fs_27c_vce0.8v,fs,hbt_typ,27,8,0.8,0.77,3.964000e-04,0.430122,6.31117E+10,2.861040,6.333620,
nx8_fs_27c_vce0.8v,fs,hbt_typ,27,8,0.8,0.79,7.995950e-04,0.867616,1.13923E+11,8.357800,3.921640,
nx8_fs_27c_vce0.8v,fs,hbt_typ,27,8,0.8,0.81,1.539870e-03,1.670866,1.84233E+11,13.060600,2.817370,
nx8_fs_27c_vce0.8v,fs,hbt_typ,27,8,0.8,0.83,2.772020e-03,3.007834,2.61353E+11,16.756400,2.340700,
nx8_fs_27c_vce0.8v,fs,hbt_typ,27,8,0.8,0.85,4.603070e-03,4.994651,3.28188E+11,19.448400,2.115840,
nx8_fs_27c_vce0.8v,fs,hbt_typ,27,8,0.8,0.87,7.053390e-03,7.653418,3.75860E+11,21.330600,1.996150,
nx8_fs_27c_vce0.8v,fs,hbt_typ,27,8,0.8,0.89,1.007510e-02,10.932183,4.06974E+11,22.641800,1.929740,
nx8_fs_27c_vce0.8v,fs,hbt_typ,27,8,0.8,0.91,1.359620e-02,14.752821,4.22196E+11,23.571900,1.898570,
nx8_fs_27c_vce0.8v,fs,hbt_typ,27,8,0.8,0.93,1.754520e-02,19.037760,4.26539E+11,24.246000,1.896560,
nx8_fs_27c_vce0.8v,fs,hbt_typ,27,8,0.8,0.95,2.186210e-02,23.721897,4.17825E+11,24.739900,1.922040,
nx8_fs_27c_vce0.8v,fs,hbt_typ,27,8,0.8,0.97,2.649810e-02,28.752279,4.00334E+11,25.100700,1.975100,ic_high;vbe_high
nx8_fs_27c_vce0.8v,fs,hbt_typ,27,8,0.8,0.99,3.141590e-02,34.088433,3.69958E+11,25.319100,2.057090,ic_high;vbe_high
nx8_fs_27c_vce0.8v,fs,hbt_typ,27,8,0.8,1.01,3.653960e-02,39.648003,2.92318E+11,24.663600,2.177210,ic_high;vbe_high
nx8_fs_27c_vce0.8v,fs,hbt_typ,27,8,0.8,1.03,4.137940e-02,44.899523,1.1389E+11,19.477200,2.407170,ic_high;vbe_high
nx8_fs_27c_vce0.8v,fs,hbt_typ,27,8,0.8,1.05,4.536780e-02,49.227214,4.84228E+10,14.465800,2.770890,ic_high;vbe_high
nx8_fs_27c_vce1.0v,fs,hbt_typ,27,8,1.0,0.55,1.025480e-07,0.000111,1.98218E+07,-33.392900,39.410500,vbe_low
nx8_fs_27c_vce1.0v,fs,hbt_typ,27,8,1.0,0.57,2.183250e-07,0.000237,4.20268E+07,-33.373200,39.391300,vbe_low
nx8_fs_27c_vce1.0v,fs,hbt_typ,27,8,1.0,0.59,4.648070e-07,0.000504,8.89536E+07,-33.334800,39.353900,vbe_low
nx8_fs_27c_vce1.0v,fs,hbt_typ,27,8,1.0,0.61,9.895220e-07,0.001074,1.88429E+08,-33.216600,39.237900,vbe_low
nx8_fs_27c_vce1.0v,fs,hbt_typ,27,8,1.0,0.63,2.106440e-06,0.002286,3.9851E+08,-32.770200,38.796200,vbe_low
nx8_fs_27c_vce1.0v,fs,hbt_typ,27,8,1.0,0.65,4.483460e-06,0.004865,8.4259E+08,-31.223700,37.260000,
nx8_fs_27c_vce1.0v,fs,hbt_typ,27,8,1.0,0.67,9.540100e-06,0.010352,1.77836E+09,-27.531800,33.590600,
nx8_fs_27c_vce1.0v,fs,hbt_typ,27,8,1.0,0.69,2.028730e-05,0.022013,3.73993E+09,-22.008100,28.118200,
nx8_fs_27c_vce1.0v,fs,hbt_typ,27,8,1.0,0.71,4.308360e-05,0.046749,7.83331E+09,-15.769000,22.001800,
nx8_fs_27c_vce1.0v,fs,hbt_typ,27,8,1.0,0.73,9.123010e-05,0.098991,1.61944E+10,-9.395560,15.940900,
nx8_fs_27c_vce1.0v,fs,hbt_typ,27,8,1.0,0.75,1.919820e-04,0.208314,3.2781E+10,-3.112870,10.469800,
nx8_fs_27c_vce1.0v,fs,hbt_typ,27,8,1.0,0.77,3.988130e-04,0.432740,6.38674E+10,2.906570,6.308670,
nx8_fs_27c_vce1.0v,fs,hbt_typ,27,8,1.0,0.79,8.078100e-04,0.876530,1.15595E+11,8.428170,3.900610,
nx8_fs_27c_vce1.0v,fs,hbt_typ,27,8,1.0,0.81,1.565360e-03,1.698524,1.87490E+11,13.159500,2.802510,
nx8_fs_27c_vce1.0v,fs,hbt_typ,27,8,1.0,0.83,2.839790e-03,3.081369,2.66813E+11,16.877900,2.330460,
nx8_fs_27c_vce1.0v,fs,hbt_typ,27,8,1.0,0.85,4.753750e-03,5.158149,3.35161E+11,19.579500,2.108640,
nx8_fs_27c_vce1.0v,fs,hbt_typ,27,8,1.0,0.87,7.337350e-03,7.961534,3.84899E+11,21.460000,1.991690,
nx8_fs_27c_vce1.0v,fs,hbt_typ,27,8,1.0,0.89,1.054580e-02,11.442925,4.15418E+11,22.764400,1.929180,
nx8_fs_27c_vce1.0v,fs,hbt_typ,27,8,1.0,0.91,1.430510e-02,15.522027,4.32472E+11,23.686300,1.904510,
nx8_fs_27c_vce1.0v,fs,hbt_typ,27,8,1.0,0.93,1.854130e-02,20.118598,4.37622E+11,24.352900,1.912970,
nx8_fs_27c_vce1.0v,fs,hbt_typ,27,8,1.0,0.95,2.319360e-02,25.166667,4.31513E+11,24.842400,1.954260,
nx8_fs_27c_vce1.0v,fs,hbt_typ,27,8,1.0,0.97,2.821150e-02,30.611437,4.13649E+11,25.200300,2.029860,ic_high;vbe_high
nx8_fs_27c_vce1.0v,fs,hbt_typ,27,8,1.0,0.99,3.355660e-02,36.411241,3.83352E+11,25.450500,2.142020,ic_high;vbe_high
nx8_fs_27c_vce1.0v,fs,hbt_typ,27,8,1.0,1.01,3.919850e-02,42.533095,3.45222E+11,25.601700,2.293170,ic_high;vbe_high
nx8_fs_27c_vce1.0v,fs,hbt_typ,27,8,1.0,1.03,4.509080e-02,48.926649,2.85418E+11,25.340800,2.488550,ic_high;vbe_high
nx8_fs_27c_vce1.0v,fs,hbt_typ,27,8,1.0,1.05,5.088160e-02,55.210069,1.34491E+11,21.400800,2.776080,ic_high;vbe_high
nx8_fs_27c_vce1.2v,fs,hbt_typ,27,8,1.2,0.55,1.026650e-07,0.000111,1.99218E+07,-33.518000,39.535800,vbe_low
nx8_fs_27c_vce1.2v,fs,hbt_typ,27,8,1.2,0.57,2.185680e-07,0.000237,4.22574E+07,-33.500500,39.518800,vbe_low
nx8_fs_27c_vce1.2v,fs,hbt_typ,27,8,1.2,0.59,4.653100e-07,0.000505,8.94114E+07,-33.463900,39.483100,vbe_low
nx8_fs_27c_vce1.2v,fs,hbt_typ,27,8,1.2,0.61,9.905760e-07,0.001075,1.89489E+08,-33.344900,39.366400,vbe_low
nx8_fs_27c_vce1.2v,fs,hbt_typ,27,8,1.2,0.63,2.108680e-06,0.002288,4.00623E+08,-32.887800,38.914000,vbe_low
nx8_fs_27c_vce1.2v,fs,hbt_typ,27,8,1.2,0.65,4.488320e-06,0.004870,8.47525E+08,-31.305000,37.341500,
nx8_fs_27c_vce1.2v,fs,hbt_typ,27,8,1.2,0.67,9.551080e-06,0.010364,1.78832E+09,-27.561500,33.620600,
nx8_fs_27c_vce1.2v,fs,hbt_typ,27,8,1.2,0.69,2.031390e-05,0.022042,3.76377E+09,-22.008400,28.118800,
nx8_fs_27c_vce1.2v,fs,hbt_typ,27,8,1.2,0.71,4.315470e-05,0.046826,7.88347E+09,-15.757900,21.991300,
nx8_fs_27c_vce1.2v,fs,hbt_typ,27,8,1.2,0.73,9.144300e-05,0.099222,1.63048E+10,-9.377070,15.924100,
nx8_fs_27c_vce1.2v,fs,hbt_typ,27,8,1.2,0.75,1.926870e-04,0.209079,3.30405E+10,-3.084020,10.447100,
nx8_fs_27c_vce1.2v,fs,hbt_typ,27,8,1.2,0.77,4.012710e-04,0.435407,6.45139E+10,2.952480,6.283430,
nx8_fs_27c_vce1.2v,fs,hbt_typ,27,8,1.2,0.79,8.162630e-04,0.885702,1.17052E+11,8.499350,3.879360,
nx8_fs_27c_vce1.2v,fs,hbt_typ,27,8,1.2,0.81,1.592000e-03,1.727431,1.9088E+11,13.260000,2.787480,
nx8_fs_27c_vce1.2v,fs,hbt_typ,27,8,1.2,0.83,2.911970e-03,3.159690,2.72196E+11,17.001300,2.320080,
nx8_fs_27c_vce1.2v,fs,hbt_typ,27,8,1.2,0.85,4.917220e-03,5.335525,3.42067E+11,19.712500,2.101380,
nx8_fs_27c_vce1.2v,fs,hbt_typ,27,8,1.2,0.87,7.650540e-03,8.301367,3.92109E+11,21.591400,1.987430,
nx8_fs_27c_vce1.2v,fs,hbt_typ,27,8,1.2,0.89,1.107150e-02,12.013346,4.21941E+11,22.888700,1.929560,
nx8_fs_27c_vce1.2v,fs,hbt_typ,27,8,1.2,0.91,1.510570e-02,16.390734,4.39031E+11,23.801300,1.913010,
nx8_fs_27c_vce1.2v,fs,hbt_typ,27,8,1.2,0.93,1.968050e-02,21.354709,4.43035E+11,24.457100,1.934940,
nx8_fs_27c_vce1.2v,fs,hbt_typ,27,8,1.2,0.95,2.473060e-02,26.834418,4.35467E+11,24.934200,1.996990,ic_high
nx8_fs_27c_vce1.2v,fs,hbt_typ,27,8,1.2,0.97,3.020720e-02,32.776910,4.16004E+11,25.279000,2.102600,ic_high;vbe_high
nx8_fs_27c_vce1.2v,fs,hbt_typ,27,8,1.2,0.99,3.606990e-02,39.138346,3.85604E+11,25.516600,2.255860,ic_high;vbe_high
nx8_fs_27c_vce1.2v,fs,hbt_typ,27,8,1.2,1.01,4.228700e-02,45.884332,3.41471E+11,25.652800,2.460670,ic_high;vbe_high
nx8_fs_27c_vce1.2v,fs,hbt_typ,27,8,1.2,1.03,4.883000e-02,52.983941,2.9296E+11,25.685900,2.720100,ic_high;vbe_high
nx8_fs_27c_vce1.2v,fs,hbt_typ,27,8,1.2,1.05,5.564240e-02,60.375868,2.28303E+11,25.154100,3.040010,ic_high;vbe_high
nx8_fs_27c_vce1.4v,fs,hbt_typ,27,8,1.4,0.55,1.028400e-07,0.000112,2.0018E+07,-33.623200,39.641100,vbe_low
nx8_fs_27c_vce1.4v,fs,hbt_typ,27,8,1.4,0.57,2.189220e-07,0.000238,4.24762E+07,-33.607300,39.625600,vbe_low
nx8_fs_27c_vce1.4v,fs,hbt_typ,27,8,1.4,0.59,4.660320e-07,0.000506,8.9841E+07,-33.571700,39.591000,vbe_low
nx8_fs_27c_vce1.4v,fs,hbt_typ,27,8,1.4,0.61,9.920520e-07,0.001076,1.90471E+08,-33.451600,39.473200,vbe_low
nx8_fs_27c_vce1.4v,fs,hbt_typ,27,8,1.4,0.63,2.111730e-06,0.002291,4.02562E+08,-32.984500,39.010800,vbe_low
nx8_fs_27c_vce1.4v,fs,hbt_typ,27,8,1.4,0.65,4.494730e-06,0.004877,8.51994E+08,-31.369800,37.406400,
nx8_fs_27c_vce1.4v,fs,hbt_typ,27,8,1.4,0.67,9.565050e-06,0.010379,1.79727E+09,-27.582300,33.641500,
nx8_fs_27c_vce1.4v,fs,hbt_typ,27,8,1.4,0.69,2.034620e-05,0.022077,3.78501E+09,-22.004500,28.115200,
nx8_fs_27c_vce1.4v,fs,hbt_typ,27,8,1.4,0.71,4.323680e-05,0.046915,7.92805E+09,-15.744400,21.978300,
nx8_fs_27c_vce1.4v,fs,hbt_typ,27,8,1.4,0.73,9.167760e-05,0.099477,1.64032E+10,-9.356560,15.905200,
nx8_fs_27c_vce1.4v,fs,hbt_typ,27,8,1.4,0.75,1.934380e-04,0.209894,3.33124E+10,-3.053130,10.422500,
nx8_fs_27c_vce1.4v,fs,hbt_typ,27,8,1.4,0.77,4.038470e-04,0.438202,6.51033E+10,3.000770,6.256510,
nx8_fs_27c_vce1.4v,fs,hbt_typ,27,8,1.4,0.79,8.251110e-04,0.895303,1.1851E+11,8.573260,3.856910,
nx8_fs_27c_vce1.4v,fs,hbt_typ,27,8,1.4,0.81,1.620160e-03,1.757986,1.9402E+11,13.363000,2.771690,
nx8_fs_27c_vce1.4v,fs,hbt_typ,27,8,1.4,0.83,2.989470e-03,3.243783,2.77135E+11,17.124900,2.309290,
nx8_fs_27c_vce1.4v,fs,hbt_typ,27,8,1.4,0.85,5.095800e-03,5.529297,3.48261E+11,19.841400,2.093990,
nx8_fs_27c_vce1.4v,fs,hbt_typ,27,8,1.4,0.87,7.998410e-03,8.678830,3.98332E+11,21.715400,1.983500,
nx8_fs_27c_vce1.4v,fs,hbt_typ,27,8,1.4,0.89,1.166360e-02,12.655816,4.28132E+11,23.006000,1.931300,
nx8_fs_27c_vce1.4v,fs,hbt_typ,27,8,1.4,0.91,1.602100e-02,17.383898,4.43704E+11,23.912600,1.925050,
nx8_fs_27c_vce1.4v,fs,hbt_typ,27,8,1.4,0.93,2.099690e-02,22.783095,4.45694E+11,24.559900,1.964600,
nx8_fs_27c_vce1.4v,fs,hbt_typ,27,8,1.4,0.95,2.653200e-02,28.789062,4.34936E+11,25.021900,2.054410,ic_high
nx8_fs_27c_vce1.4v,fs,hbt_typ,27,8,1.4,0.97,3.257030e-02,35.341037,4.11451E+11,25.344700,2.200800,ic_high;vbe_high
nx8_fs_27c_vce1.4v,fs,hbt_typ,27,8,1.4,0.99,3.907550e-02,42.399631,3.75696E+11,25.554400,2.410440,ic_high;vbe_high
nx8_fs_27c_vce1.4v,fs,hbt_typ,27,8,1.4,1.01,4.601400e-02,49.928385,3.29908E+11,25.659700,2.688980,ic_high;vbe_high
nx8_fs_27c_vce1.4v,fs,hbt_typ,27,8,1.4,1.03,5.335370e-02,57.892470,2.74924E+11,25.644400,3.039910,ic_high;vbe_high
nx8_fs_27c_vce1.4v,fs,hbt_typ,27,8,1.4,1.05,6.105730e-02,66.251411,2.20962E+11,25.444500,3.463990,ic_high;vbe_high
nx8_fs_125c_vce0.6v,fs,hbt_typ,125,8,0.6,0.55,1.743950e-05,0.018923,2.39138E+09,-25.358100,32.658900,vbe_low
nx8_fs_125c_vce0.6v,fs,hbt_typ,125,8,0.6,0.57,3.050100e-05,0.033096,4.13138E+09,-21.094100,28.441500,vbe_low
nx8_fs_125c_vce0.6v,fs,hbt_typ,125,8,0.6,0.59,5.328980e-05,0.057823,7.13025E+09,-16.486400,23.921400,vbe_low
nx8_fs_125c_vce0.6v,fs,hbt_typ,125,8,0.6,0.61,9.293630e-05,0.100842,1.22057E+10,-11.778500,19.383700,vbe_low
nx8_fs_125c_vce0.6v,fs,hbt_typ,125,8,0.6,0.63,1.615710e-04,0.175316,2.06199E+10,-7.085640,15.029000,vbe_low
nx8_fs_125c_vce0.6v,fs,hbt_typ,125,8,0.6,0.65,2.793900e-04,0.303158,3.43048E+10,-2.481530,11.089900,
nx8_fs_125c_vce0.6v,fs,hbt_typ,125,8,0.6,0.67,4.788200e-04,0.519553,5.5401E+10,1.957570,7.861340,
nx8_fs_125c_vce0.6v,fs,hbt_typ,125,8,0.6,0.69,8.088950e-04,0.877707,8.56951E+10,6.135330,5.566110,
nx8_fs_125c_vce0.6v,fs,hbt_typ,125,8,0.6,0.71,1.337120e-03,1.450868,1.25417E+11,9.937510,4.157200,
nx8_fs_125c_vce0.6v,fs,hbt_typ,125,8,0.6,0.73,2.144270e-03,2.326682,1.71038E+11,13.255200,3.368580,
nx8_fs_125c_vce0.6v,fs,hbt_typ,125,8,0.6,0.75,3.309760e-03,3.591319,2.16878E+11,16.022500,2.934080,
nx8_fs_125c_vce0.6v,fs,hbt_typ,125,8,0.6,0.77,4.892850e-03,5.309082,2.56422E+11,18.240900,2.685980,
nx8_fs_125c_vce0.6v,fs,hbt_typ,125,8,0.6,0.79,6.921130e-03,7.509907,2.85093E+11,19.969700,2.538260,
nx8_fs_125c_vce0.6v,fs,hbt_typ,125,8,0.6,0.81,9.391910e-03,10.190875,3.00974E+11,21.295000,2.450690,
nx8_fs_125c_vce0.6v,fs,hbt_typ,125,8,0.6,0.83,1.228180e-02,13.326606,3.07723E+11,22.302400,2.405300,
nx8_fs_125c_vce0.6v,fs,hbt_typ,125,8,0.6,0.85,1.555640e-02,16.879774,3.05884E+11,23.052600,2.394560,
nx8_fs_125c_vce0.6v,fs,hbt_typ,125,8,0.6,0.87,1.917420e-02,20.805339,2.94993E+11,23.524900,2.416410,
nx8_fs_125c_vce0.6v,fs,hbt_typ,125,8,0.6,0.89,2.306310e-02,25.025065,2.63902E+11,23.277500,2.476750,
nx8_fs_125c_vce0.6v,fs,hbt_typ,125,8,0.6,0.91,2.699580e-02,29.292318,1.82979E+11,20.788000,2.606870,ic_high
nx8_fs_125c_vce0.6v,fs,hbt_typ,125,8,0.6,0.93,3.058140e-02,33.182943,1.0246E+11,16.950000,2.832660,ic_high
nx8_fs_125c_vce0.6v,fs,hbt_typ,125,8,0.6,0.95,3.382000e-02,36.697049,6.30497E+10,14.254600,3.115070,ic_high
nx8_fs_125c_vce0.6v,fs,hbt_typ,125,8,0.6,0.97,3.693240e-02,40.074219,4.26508E+10,12.238900,3.460530,ic_high;vbe_high
nx8_fs_125c_vce0.6v,fs,hbt_typ,125,8,0.6,0.99,4.000350e-02,43.406576,2.90506E+10,9.849890,3.941910,ic_high;vbe_high
nx8_fs_125c_vce0.6v,fs,hbt_typ,125,8,0.6,1.01,4.295400e-02,46.608073,1.8461E+10,6.329640,4.710250,ic_high;vbe_high
nx8_fs_125c_vce0.6v,fs,hbt_typ,125,8,0.6,1.03,4.561210e-02,49.492296,1.06536E+10,1.596580,6.064670,ic_high;vbe_high
nx8_fs_125c_vce0.6v,fs,hbt_typ,125,8,0.6,1.05,4.782750e-02,51.896159,5.62999E+09,-3.877550,8.449230,ic_high;vbe_high
nx8_fs_125c_vce0.8v,fs,hbt_typ,125,8,0.8,0.55,1.745960e-05,0.018945,2.41896E+09,-25.401900,32.703200,vbe_low
nx8_fs_125c_vce0.8v,fs,hbt_typ,125,8,0.8,0.57,3.054110e-05,0.033139,4.18391E+09,-21.103800,28.451700,vbe_low
nx8_fs_125c_vce0.8v,fs,hbt_typ,125,8,0.8,0.59,5.337400e-05,0.057914,7.21623E+09,-16.480300,23.916100,vbe_low
nx8_fs_125c_vce0.8v,fs,hbt_typ,125,8,0.8,0.61,9.312450e-05,0.101047,1.23732E+10,-11.764000,19.370500,vbe_low
nx8_fs_125c_vce0.8v,fs,hbt_typ,125,8,0.8,0.63,1.620150e-04,0.175798,2.09231E+10,-7.063790,15.010100,vbe_low
nx8_fs_125c_vce0.8v,fs,hbt_typ,125,8,0.8,0.65,2.804820e-04,0.304342,3.48866E+10,-2.450550,11.065900,
nx8_fs_125c_vce0.8v,fs,hbt_typ,125,8,0.8,0.67,4.815540e-04,0.522520,5.64476E+10,2.001210,7.834480,
nx8_fs_125c_vce0.8v,fs,hbt_typ,125,8,0.8,0.69,8.156880e-04,0.885078,8.76499E+10,6.195940,5.540270,
nx8_fs_125c_vce0.8v,fs,hbt_typ,125,8,0.8,0.71,1.353370e-03,1.468500,1.28598E+11,10.018500,4.135550,
nx8_fs_125c_vce0.8v,fs,hbt_typ,125,8,0.8,0.73,2.180650e-03,2.366157,1.76426E+11,13.357300,3.351880,
nx8_fs_125c_vce0.8v,fs,hbt_typ,125,8,0.8,0.75,3.384410e-03,3.672320,2.24808E+11,16.142400,2.921670,
nx8_fs_125c_vce0.8v,fs,hbt_typ,125,8,0.8,0.77,5.031970e-03,5.460037,2.67206E+11,18.373300,2.677170,
nx8_fs_125c_vce0.8v,fs,hbt_typ,125,8,0.8,0.79,7.157420e-03,7.766298,3.01093E+11,20.111100,2.533080,
nx8_fs_125c_vce0.8v,fs,hbt_typ,125,8,0.8,0.81,9.761700e-03,10.592122,3.25204E+11,21.446100,2.450140,
nx8_fs_125c_vce0.8v,fs,hbt_typ,125,8,0.8,0.83,1.282250e-02,13.913303,3.38785E+11,22.466100,2.411470,
nx8_fs_125c_vce0.8v,fs,hbt_typ,125,8,0.8,0.85,1.630530e-02,17.692383,3.40681E+11,23.239000,2.410440,
nx8_fs_125c_vce0.8v,fs,hbt_typ,125,8,0.8,0.87,2.017180e-02,21.887804,3.31559E+11,23.815900,2.445010,
nx8_fs_125c_vce0.8v,fs,hbt_typ,125,8,0.8,0.89,2.438350e-02,26.457791,3.13287E+11,24.221000,2.515200,ic_high
nx8_fs_125c_vce0.8v,fs,hbt_typ,125,8,0.8,0.91,2.890060e-02,31.359158,2.86482E+11,24.417400,2.622500,ic_high
nx8_fs_125c_vce0.8v,fs,hbt_typ,125,8,0.8,0.93,3.364590e-02,36.508138,2.39269E+11,23.858000,2.775180,ic_high
nx8_fs_125c_vce0.8v,fs,hbt_typ,125,8,0.8,0.95,3.832500e-02,41.585286,1.50593E+11,20.828800,3.009010,ic_high
nx8_fs_125c_vce0.8v,fs,hbt_typ,125,8,0.8,0.97,4.253570e-02,46.154188,8.46278E+10,17.062500,3.338010,ic_high;vbe_high
nx8_fs_125c_vce0.8v,fs,hbt_typ,125,8,0.8,0.99,4.639910e-02,50.346246,5.45914E+10,14.540400,3.727220,ic_high;vbe_high
nx8_fs_125c_vce0.8v,fs,hbt_typ,125,8,0.8,1.01,5.015870e-02,54.425673,3.87978E+10,12.633300,4.180200,ic_high;vbe_high
nx8_fs_125c_vce0.8v,fs,hbt_typ,125,8,0.8,1.03,5.389470e-02,58.479492,2.81551E+10,10.495300,4.735300,ic_high;vbe_high
nx8_fs_125c_vce0.8v,fs,hbt_typ,125,8,0.8,1.05,5.751610e-02,62.408963,1.93518E+10,7.357570,5.485700,ic_high;vbe_high
nx8_fs_125c_vce1.0v,fs,hbt_typ,125,8,1.0,0.55,1.747970e-05,0.018967,2.43873E+09,-25.428300,32.729900,vbe_low
nx8_fs_125c_vce1.0v,fs,hbt_typ,125,8,1.0,0.57,3.058100e-05,0.033183,4.22116E+09,-21.106500,28.454800,vbe_low
nx8_fs_125c_vce1.0v,fs,hbt_typ,125,8,1.0,0.59,5.345770e-05,0.058005,7.27694E+09,-16.471900,23.908400,vbe_low
nx8_fs_125c_vce1.0v,fs,hbt_typ,125,8,1.0,0.61,9.331120e-05,0.101249,1.24908E+10,-11.748900,19.356600,vbe_low
nx8_fs_125c_vce1.0v,fs,hbt_typ,125,8,1.0,0.63,1.624570e-04,0.176277,2.11574E+10,-7.042110,14.991000,vbe_low
nx8_fs_125c_vce1.0v,fs,hbt_typ,125,8,1.0,0.65,2.815740e-04,0.305527,3.52952E+10,-2.420000,11.042100,
nx8_fs_125c_vce1.0v,fs,hbt_typ,125,8,1.0,0.67,4.843090e-04,0.525509,5.71862E+10,2.044400,7.807760,
nx8_fs_125c_vce1.0v,fs,hbt_typ,125,8,1.0,0.69,8.225980e-04,0.892576,8.90308E+10,6.256220,5.514480,
nx8_fs_125c_vce1.0v,fs,hbt_typ,125,8,1.0,0.71,1.370080e-03,1.486632,1.30831E+11,10.099500,4.113910,
nx8_fs_125c_vce1.0v,fs,hbt_typ,125,8,1.0,0.73,2.218570e-03,2.407303,1.8009E+11,13.459500,3.335150,
nx8_fs_125c_vce1.0v,fs,hbt_typ,125,8,1.0,0.75,3.463320e-03,3.757943,2.29878E+11,16.262200,2.909230,
nx8_fs_125c_vce1.0v,fs,hbt_typ,125,8,1.0,0.77,5.181100e-03,5.621853,2.74386E+11,18.503800,2.668420,
nx8_fs_125c_vce1.0v,fs,hbt_typ,125,8,1.0,0.79,7.413910e-03,8.044607,3.09705E+11,20.245100,2.528260,
nx8_fs_125c_vce1.0v,fs,hbt_typ,125,8,1.0,0.81,1.016750e-02,11.032444,3.34295E+11,21.578000,2.450640,
nx8_fs_125c_vce1.0v,fs,hbt_typ,125,8,1.0,0.83,1.342130e-02,14.563043,3.51372E+11,22.593300,2.420000,
nx8_fs_125c_vce1.0v,fs,hbt_typ,125,8,1.0,0.85,1.714070e-02,18.598850,3.58855E+11,23.364800,2.431060,
nx8_fs_125c_vce1.0v,fs,hbt_typ,125,8,1.0,0.87,2.128580e-02,23.096571,3.57119E+11,23.945900,2.483120,
nx8_fs_125c_vce1.0v,fs,hbt_typ,125,8,1.0,0.89,2.581670e-02,28.012912,3.4076E+11,24.365200,2.577420,ic_high
nx8_fs_125c_vce1.0v,fs,hbt_typ,125,8,1.0,0.91,3.069530e-02,33.306532,3.14177E+11,24.645100,2.715750,ic_high
nx8_fs_125c_vce1.0v,fs,hbt_typ,125,8,1.0,0.93,3.588560e-02,38.938368,2.76783E+11,24.765200,2.899940,ic_high
nx8_fs_125c_vce1.0v,fs,hbt_typ,125,8,1.0,0.95,4.133820e-02,44.854818,2.2949E+11,24.503100,3.133560,ic_high
nx8_fs_125c_vce1.0v,fs,hbt_typ,125,8,1.0,0.97,4.686130e-02,50.847765,1.58366E+11,22.440800,3.437820,ic_high;vbe_high
nx8_fs_125c_vce1.0v,fs,hbt_typ,125,8,1.0,0.99,5.196010e-02,56.380317,9.02484E+10,18.482100,3.844040,ic_high;vbe_high
nx8_fs_125c_vce1.0v,fs,hbt_typ,125,8,1.0,1.01,5.656750e-02,61.379666,5.71618E+10,15.513100,4.321730,ic_high;vbe_high
nx8_fs_125c_vce1.0v,fs,hbt_typ,125,8,1.0,1.03,6.096750e-02,66.153971,4.07761E+10,13.457000,4.852220,ic_high;vbe_high
nx8_fs_125c_vce1.0v,fs,hbt_typ,125,8,1.0,1.05,6.531610e-02,70.872504,3.08682E+10,11.632600,5.441380,ic_high;vbe_high
nx8_fs_125c_vce1.2v,fs,hbt_typ,125,8,1.2,0.55,1.750420e-05,0.018993,2.45479E+09,-25.444300,32.746200,vbe_low
nx8_fs_125c_vce1.2v,fs,hbt_typ,125,8,1.2,0.57,3.062730e-05,0.033233,4.25113E+09,-21.104500,28.453200,vbe_low
nx8_fs_125c_vce1.2v,fs,hbt_typ,125,8,1.2,0.59,5.355090e-05,0.058106,7.32568E+09,-16.461300,23.898300,vbe_low
nx8_fs_125c_vce1.2v,fs,hbt_typ,125,8,1.2,0.61,9.351210e-05,0.101467,1.25848E+10,-11.732600,19.341400,vbe_low
nx8_fs_125c_vce1.2v,fs,hbt_typ,125,8,1.2,0.63,1.629200e-04,0.176780,2.1345E+10,-7.019650,14.971100,vbe_low
nx8_fs_125c_vce1.2v,fs,hbt_typ,125,8,1.2,0.65,2.827030e-04,0.306752,3.56254E+10,-2.388890,11.017600,
nx8_fs_125c_vce1.2v,fs,hbt_typ,125,8,1.2,0.67,4.871430e-04,0.528584,5.77899E+10,2.088020,7.780430,
nx8_fs_125c_vce1.2v,fs,hbt_typ,125,8,1.2,0.69,8.297130e-04,0.900296,9.01699E+10,6.316850,5.488260,
nx8_fs_125c_vce1.2v,fs,hbt_typ,125,8,1.2,0.71,1.387410e-03,1.505436,1.32766E+11,10.180700,4.091990,
nx8_fs_125c_vce1.2v,fs,hbt_typ,125,8,1.2,0.73,2.258310e-03,2.450423,1.83112E+11,13.561800,3.318280,
nx8_fs_125c_vce1.2v,fs,hbt_typ,125,8,1.2,0.75,3.547130e-03,3.848882,2.3398E+11,16.381800,2.896720,
nx8_fs_125c_vce1.2v,fs,hbt_typ,125,8,1.2,0.77,5.341730e-03,5.796148,2.79962E+11,18.634200,2.659740,
nx8_fs_125c_vce1.2v,fs,hbt_typ,125,8,1.2,0.79,7.693920e-03,8.348438,3.15983E+11,20.379100,2.523820,
nx8_fs_125c_vce1.2v,fs,hbt_typ,125,8,1.2,0.81,1.061600e-02,11.519097,3.41499E+11,21.709300,2.452300,
nx8_fs_125c_vce1.2v,fs,hbt_typ,125,8,1.2,0.83,1.409040e-02,15.289062,3.58272E+11,22.716300,2.431270,
nx8_fs_125c_vce1.2v,fs,hbt_typ,125,8,1.2,0.85,1.808290e-02,19.621202,3.65741E+11,23.475000,2.457240,
nx8_fs_125c_vce1.2v,fs,hbt_typ,125,8,1.2,0.87,2.255270e-02,24.471246,3.64863E+11,24.041100,2.531310,
nx8_fs_125c_vce1.2v,fs,hbt_typ,125,8,1.2,0.89,2.745790e-02,29.793728,3.54662E+11,24.452400,2.656380,ic_high
nx8_fs_125c_vce1.2v,fs,hbt_typ,125,8,1.2,0.91,3.275790e-02,35.544596,3.29811E+11,24.725800,2.835690,ic_high
nx8_fs_125c_vce1.2v,fs,hbt_typ,125,8,1.2,0.93,3.841390e-02,41.681749,2.88394E+11,24.852600,3.071810,ic_high
nx8_fs_125c_vce1.2v,fs,hbt_typ,125,8,1.2,0.95,4.438760e-02,48.163628,2.4089E+11,24.821000,3.365930,ic_high
nx8_fs_125c_vce1.2v,fs,hbt_typ,125,8,1.2,0.97,5.062640e-02,54.933160,1.84612E+11,24.331900,3.719710,ic_high;vbe_high
nx8_fs_125c_vce1.2v,fs,hbt_typ,125,8,1.2,0.99,5.691600e-02,61.757813,1.21761E+11,21.998200,4.149950,ic_high;vbe_high
nx8_fs_125c_vce1.2v,fs,hbt_typ,125,8,1.2,1.01,6.270600e-02,68.040365,7.25591E+10,18.026200,4.677280,ic_high;vbe_high
nx8_fs_125c_vce1.2v,fs,hbt_typ,125,8,1.2,1.03,6.794880e-02,73.729167,4.79865E+10,15.033100,5.265300,ic_high;vbe_high
nx8_fs_125c_vce1.2v,fs,hbt_typ,125,8,1.2,1.05,7.294090e-02,79.145942,3.50473E+10,12.857800,5.892120,ic_high;vbe_high
nx8_fs_125c_vce1.4v,fs,hbt_typ,125,8,1.4,0.55,1.754420e-05,0.019037,2.47008E+09,-25.449400,32.751500,vbe_low
nx8_fs_125c_vce1.4v,fs,hbt_typ,125,8,1.4,0.57,3.069830e-05,0.033310,4.27916E+09,-21.094800,28.443700,vbe_low
nx8_fs_125c_vce1.4v,fs,hbt_typ,125,8,1.4,0.59,5.368330e-05,0.058250,7.37433E+09,-16.444600,23.881900,vbe_low
nx8_fs_125c_vce1.4v,fs,hbt_typ,125,8,1.4,0.61,9.377570e-05,0.101753,1.26706E+10,-11.711000,19.320700,vbe_low
nx8_fs_125c_vce1.4v,fs,hbt_typ,125,8,1.4,0.63,1.634850e-04,0.177393,2.15149E+10,-6.992190,14.946100,vbe_low
nx8_fs_125c_vce1.4v,fs,hbt_typ,125,8,1.4,0.65,2.840010e-04,0.308161,3.59242E+10,-2.352920,10.988300,
nx8_fs_125c_vce1.4v,fs,hbt_typ,125,8,1.4,0.67,4.902720e-04,0.531979,5.83372E+10,2.136390,7.748930,
nx8_fs_125c_vce1.4v,fs,hbt_typ,125,8,1.4,0.69,8.373980e-04,0.908635,9.12052E+10,6.381740,5.458770,
nx8_fs_125c_vce1.4v,fs,hbt_typ,125,8,1.4,0.71,1.405970e-03,1.525575,1.34781E+11,10.264500,4.067860,
nx8_fs_125c_vce1.4v,fs,hbt_typ,125,8,1.4,0.73,2.300930e-03,2.496669,1.85843E+11,13.662800,3.300100,
nx8_fs_125c_vce1.4v,fs,hbt_typ,125,8,1.4,0.75,3.637650e-03,3.947103,2.38035E+11,16.493700,2.883650,
nx8_fs_125c_vce1.4v,fs,hbt_typ,125,8,1.4,0.77,5.516910e-03,5.986230,2.84796E+11,18.749400,2.651100,
nx8_fs_125c_vce1.4v,fs,hbt_typ,125,8,1.4,0.79,8.002630e-03,8.683409,3.21222E+11,20.494200,2.520080,
nx8_fs_125c_vce1.4v,fs,hbt_typ,125,8,1.4,0.81,1.111600e-02,12.061632,3.47163E+11,21.824400,2.455680,
nx8_fs_125c_vce1.4v,fs,hbt_typ,125,8,1.4,0.83,1.484470e-02,16.107530,3.63183E+11,22.830000,2.446230,
nx8_fs_125c_vce1.4v,fs,hbt_typ,125,8,1.4,0.85,1.915670e-02,20.786350,3.69729E+11,23.580000,2.490730,
nx8_fs_125c_vce1.4v,fs,hbt_typ,125,8,1.4,0.87,2.401070e-02,26.053277,3.67513E+11,24.126600,2.592810,ic_high
nx8_fs_125c_vce1.4v,fs,hbt_typ,125,8,1.4,0.89,2.936290e-02,31.860786,3.55579E+11,24.510300,2.757670,ic_high
nx8_fs_125c_vce1.4v,fs,hbt_typ,125,8,1.4,0.91,3.516950e-02,38.161350,3.31921E+11,24.757700,2.990240,ic_high
nx8_fs_125c_vce1.4v,fs,hbt_typ,125,8,1.4,0.93,4.138710e-02,44.907878,2.94646E+11,24.869900,3.293860,ic_high
nx8_fs_125c_vce1.4v,fs,hbt_typ,125,8,1.4,0.95,4.797010e-02,52.050890,2.33536E+11,24.771100,3.669380,ic_high
nx8_fs_125c_vce1.4v,fs,hbt_typ,125,8,1.4,0.97,5.486810e-02,59.535699,1.72872E+11,24.369400,4.114490,ic_high;vbe_high
nx8_fs_125c_vce1.4v,fs,hbt_typ,125,8,1.4,0.99,6.198780e-02,67.261068,1.15257E+11,22.981400,4.628310,ic_high;vbe_high
nx8_fs_125c_vce1.4v,fs,hbt_typ,125,8,1.4,1.01,6.892580e-02,74.789280,6.95836E+10,19.227100,5.227640,ic_high;vbe_high
nx8_fs_125c_vce1.4v,fs,hbt_typ,125,8,1.4,1.03,7.515820e-02,81.551866,4.46345E+10,15.398700,5.897010,ic_high;vbe_high
nx8_fs_125c_vce1.4v,fs,hbt_typ,125,8,1.4,1.05,8.087510e-02,87.755100,3.10818E+10,12.467500,6.598090,ic_high;vbe_high
