source_record,point_id,corner_label,hbt_section,temp_c,nx,vce_v,vbe_v,ic_a,jc_ma_um2,ft_hz,gain_db,nf_db_committed_ambient_source,nf_db_corrected_fixed_t0,nf_delta_db,validity_flags
20260910-200059-7da7038,nx1_typ_-40c_vce0.8v,typ,hbt_typ,-40,1,0.8,0.55,3.826030e-11,0.000000,,-51.404800,56.328200,56.328202,0.000002,vbe_low
20260910-200059-7da7038,nx1_typ_-40c_vce0.8v,typ,hbt_typ,-40,1,0.8,0.57,1.019030e-10,0.000001,,-51.389900,56.313400,56.313402,0.000002,vbe_low
20260910-200059-7da7038,nx1_typ_-40c_vce0.8v,typ,hbt_typ,-40,1,0.8,0.59,2.721740e-10,0.000002,,-51.374700,56.298100,56.298102,0.000002,vbe_low
20260910-200059-7da7038,nx1_typ_-40c_vce0.8v,typ,hbt_typ,-40,1,0.8,0.61,7.276520e-10,0.000006,,-51.359100,56.282600,56.282602,0.000002,vbe_low
20260910-200059-7da7038,nx1_typ_-40c_vce0.8v,typ,hbt_typ,-40,1,0.8,0.63,1.946000e-09,0.000017,3.73717E+06,-51.343000,56.266500,56.266502,0.000002,vbe_low
20260910-200059-7da7038,nx1_typ_-40c_vce0.8v,typ,hbt_typ,-40,1,0.8,0.65,5.204820e-09,0.000045,9.93206E+06,-51.326100,56.249600,56.249602,0.000002,
20260910-200059-7da7038,nx1_typ_-40c_vce0.8v,typ,hbt_typ,-40,1,0.8,0.67,1.392120e-08,0.000121,2.64348E+07,-51.306400,56.230000,56.230002,0.000002,
20260910-200059-7da7038,nx1_typ_-40c_vce0.8v,typ,hbt_typ,-40,1,0.8,0.69,3.723380e-08,0.000323,7.02402E+07,-51.270800,56.194500,56.194502,0.000002,
20260910-200059-7da7038,nx1_typ_-40c_vce0.8v,typ,hbt_typ,-40,1,0.8,0.71,9.957980e-08,0.000864,1.86592E+08,-51.131000,56.055000,56.055002,0.000002,
20260910-200059-7da7038,nx1_typ_-40c_vce0.8v,typ,hbt_typ,-40,1,0.8,0.73,2.662780e-07,0.002311,4.95412E+08,-50.346600,55.271600,55.271603,0.000003,
20260910-200059-7da7038,nx1_typ_-40c_vce0.8v,typ,hbt_typ,-40,1,0.8,0.75,7.117450e-07,0.006178,1.31092E+09,-47.027200,51.954600,51.954606,0.000006,
20260910-200059-7da7038,nx1_typ_-40c_vce0.8v,typ,hbt_typ,-40,1,0.8,0.77,1.900410e-06,0.016497,3.46541E+09,-40.245700,45.179800,45.179829,0.000029,
20260910-200059-7da7038,nx1_typ_-40c_vce0.8v,typ,hbt_typ,-40,1,0.8,0.79,5.059640e-06,0.043920,9.06312E+09,-32.109900,37.063300,37.063491,0.000191,
20260910-200059-7da7038,nx1_typ_-40c_vce0.8v,typ,hbt_typ,-40,1,0.8,0.81,1.336800e-05,0.116042,2.32214E+10,-23.860400,28.873500,28.874756,0.001256,
20260910-200059-7da7038,nx1_typ_-40c_vce0.8v,typ,hbt_typ,-40,1,0.8,0.83,3.463150e-05,0.300621,5.67251E+10,-15.948900,21.162100,21.169512,0.007412,
20260910-200059-7da7038,nx1_typ_-40c_vce0.8v,typ,hbt_typ,-40,1,0.8,0.85,8.568160e-05,0.743764,1.23914E+11,-8.861440,14.708100,14.740765,0.032665,
20260910-200059-7da7038,nx1_typ_-40c_vce0.8v,typ,hbt_typ,-40,1,0.8,0.87,1.938800e-04,1.682986,2.23844E+11,-3.204450,10.442800,10.529476,0.086676,
20260910-200059-7da7038,nx1_typ_-40c_vce0.8v,typ,hbt_typ,-40,1,0.8,0.89,3.853270e-04,3.344852,3.24065E+11,0.724375,8.276580,8.418405,0.141825,
20260910-200059-7da7038,nx1_typ_-40c_vce0.8v,typ,hbt_typ,-40,1,0.8,0.91,6.671700e-04,5.791406,3.97039E+11,3.215860,7.253430,7.432165,0.178735,
20260910-200059-7da7038,nx1_typ_-40c_vce0.8v,typ,hbt_typ,-40,1,0.8,0.93,1.028690e-03,8.929601,4.41028E+11,4.785240,6.708510,6.910591,0.202081,
20260910-200059-7da7038,nx1_typ_-40c_vce0.8v,typ,hbt_typ,-40,1,0.8,0.95,1.454350e-03,12.624566,4.64257E+11,5.821400,6.368490,6.586622,0.218132,
20260910-200059-7da7038,nx1_typ_-40c_vce0.8v,typ,hbt_typ,-40,1,0.8,0.97,1.930950e-03,16.761719,4.73843E+11,6.548590,6.129960,6.360087,0.230127,vbe_high
20260910-200059-7da7038,nx1_typ_-40c_vce0.8v,typ,hbt_typ,-40,1,0.8,0.99,2.449010e-03,21.258767,4.73063E+11,7.088520,5.950130,6.189722,0.239592,vbe_high
20260910-200059-7da7038,nx1_typ_-40c_vce0.8v,typ,hbt_typ,-40,1,0.8,1.01,3.001790e-03,26.057205,4.62575E+11,7.508540,5.808890,6.056181,0.247291,ic_high;vbe_high
20260910-200059-7da7038,nx1_typ_-40c_vce0.8v,typ,hbt_typ,-40,1,0.8,1.03,3.584590e-03,31.116233,4.42621E+11,7.847570,5.695580,5.949221,0.253641,ic_high;vbe_high
20260910-200059-7da7038,nx1_typ_-40c_vce0.8v,typ,hbt_typ,-40,1,0.8,1.05,4.193950e-03,36.405816,4.12581E+11,8.123560,5.604910,5.863745,0.258835,ic_high;vbe_high
20260910-200059-7da7038,nx1_typ_-40c_vce1.0v,typ,hbt_typ,-40,1,1.0,0.55,3.849690e-11,0.000000,,-51.537700,56.461200,56.461202,0.000002,vbe_low
20260910-200059-7da7038,nx1_typ_-40c_vce1.0v,typ,hbt_typ,-40,1,1.0,0.57,1.022000e-10,0.000001,,-51.525500,56.449000,56.449002,0.000002,vbe_low
20260910-200059-7da7038,nx1_typ_-40c_vce1.0v,typ,hbt_typ,-40,1,1.0,0.59,2.726310e-10,0.000002,,-51.513100,56.436600,56.436602,0.000002,vbe_low
20260910-200059-7da7038,nx1_typ_-40c_vce1.0v,typ,hbt_typ,-40,1,1.0,0.61,7.285340e-10,0.000006,,-51.500400,56.423900,56.423902,0.000002,vbe_low
20260910-200059-7da7038,nx1_typ_-40c_vce1.0v,typ,hbt_typ,-40,1,1.0,0.63,1.948010e-09,0.000017,3.75869E+06,-51.487400,56.410900,56.410902,0.000002,vbe_low
20260910-200059-7da7038,nx1_typ_-40c_vce1.0v,typ,hbt_typ,-40,1,1.0,0.65,5.209840e-09,0.000045,9.98631E+06,-51.473700,56.397300,56.397302,0.000002,
20260910-200059-7da7038,nx1_typ_-40c_vce1.0v,typ,hbt_typ,-40,1,1.0,0.67,1.393420e-08,0.000121,2.65938E+07,-51.457300,56.380800,56.380802,0.000002,
20260910-200059-7da7038,nx1_typ_-40c_vce1.0v,typ,hbt_typ,-40,1,1.0,0.69,3.726840e-08,0.000324,7.06416E+07,-51.424500,56.348200,56.348202,0.000002,
20260910-200059-7da7038,nx1_typ_-40c_vce1.0v,typ,hbt_typ,-40,1,1.0,0.71,9.967250e-08,0.000865,1.87772E+08,-51.283700,56.207700,56.207702,0.000002,
20260910-200059-7da7038,nx1_typ_-40c_vce1.0v,typ,hbt_typ,-40,1,1.0,0.73,2.665320e-07,0.002314,4.98403E+08,-50.476100,55.401100,55.401103,0.000003,
20260910-200059-7da7038,nx1_typ_-40c_vce1.0v,typ,hbt_typ,-40,1,1.0,0.75,7.124690e-07,0.006185,1.31982E+09,-47.084300,52.011700,52.011706,0.000006,
20260910-200059-7da7038,nx1_typ_-40c_vce1.0v,typ,hbt_typ,-40,1,1.0,0.77,1.902650e-06,0.016516,3.48843E+09,-40.250000,45.184200,45.184229,0.000029,
20260910-200059-7da7038,nx1_typ_-40c_vce1.0v,typ,hbt_typ,-40,1,1.0,0.79,5.067650e-06,0.043990,9.12499E+09,-32.099100,37.052600,37.052791,0.000191,
20260910-200059-7da7038,nx1_typ_-40c_vce1.0v,typ,hbt_typ,-40,1,1.0,0.81,1.340210e-05,0.116338,2.34074E+10,-23.840400,28.853800,28.855062,0.001262,
20260910-200059-7da7038,nx1_typ_-40c_vce1.0v,typ,hbt_typ,-40,1,1.0,0.83,3.479570e-05,0.302046,5.72907E+10,-15.913500,21.128400,21.135870,0.007470,
20260910-200059-7da7038,nx1_typ_-40c_vce1.0v,typ,hbt_typ,-40,1,1.0,0.85,8.646120e-05,0.750531,1.25629E+11,-8.800660,14.657100,14.690149,0.033049,
20260910-200059-7da7038,nx1_typ_-40c_vce1.0v,typ,hbt_typ,-40,1,1.0,0.87,1.969790e-04,1.709887,2.27706E+11,-3.116480,10.387300,10.475080,0.087780,
20260910-200059-7da7038,nx1_typ_-40c_vce1.0v,typ,hbt_typ,-40,1,1.0,0.89,3.945730e-04,3.425113,3.30041E+11,0.826029,8.230880,8.374181,0.143301,
20260910-200059-7da7038,nx1_typ_-40c_vce1.0v,typ,hbt_typ,-40,1,1.0,0.91,6.879500e-04,5.971788,4.04729E+11,3.316430,7.217010,7.397220,0.180210,
20260910-200059-7da7038,nx1_typ_-40c_vce1.0v,typ,hbt_typ,-40,1,1.0,0.93,1.066570e-03,9.258420,4.49466E+11,4.880110,6.676380,6.879927,0.203547,
20260910-200059-7da7038,nx1_typ_-40c_vce1.0v,typ,hbt_typ,-40,1,1.0,0.95,1.514380e-03,13.145660,4.72328E+11,5.912300,6.337460,6.557117,0.219657,
20260910-200059-7da7038,nx1_typ_-40c_vce1.0v,typ,hbt_typ,-40,1,1.0,0.97,2.017940e-03,17.516840,4.83237E+11,6.639230,6.098600,6.330351,0.231751,vbe_high
20260910-200059-7da7038,nx1_typ_-40c_vce1.0v,typ,hbt_typ,-40,1,1.0,0.99,2.567460e-03,22.286979,4.82612E+11,7.182040,5.918280,6.159588,0.241308,vbe_high
20260910-200059-7da7038,nx1_typ_-40c_vce1.0v,typ,hbt_typ,-40,1,1.0,1.01,3.156150e-03,27.397135,4.7159E+11,7.607450,5.777070,6.026128,0.249058,ic_high;vbe_high
20260910-200059-7da7038,nx1_typ_-40c_vce1.0v,typ,hbt_typ,-40,1,1.0,1.03,3.779370e-03,32.807031,4.52633E+11,7.953740,5.664800,5.920193,0.255393,ic_high;vbe_high
20260910-200059-7da7038,nx1_typ_-40c_vce1.0v,typ,hbt_typ,-40,1,1.0,1.05,4.433790e-03,38.487760,4.21224E+11,8.243960,5.575710,5.836240,0.260530,ic_high;vbe_high
20260910-200059-7da7038,nx1_typ_-40c_vce1.2v,typ,hbt_typ,-40,1,1.2,0.55,3.873940e-11,0.000000,,-51.648400,56.571900,56.571902,0.000002,vbe_low
20260910-200059-7da7038,nx1_typ_-40c_vce1.2v,typ,hbt_typ,-40,1,1.2,0.57,1.025110e-10,0.000001,,-51.638100,56.561600,56.561602,0.000002,vbe_low
20260910-200059-7da7038,nx1_typ_-40c_vce1.2v,typ,hbt_typ,-40,1,1.2,0.59,2.731200e-10,0.000002,,-51.627700,56.551200,56.551202,0.000002,vbe_low
20260910-200059-7da7038,nx1_typ_-40c_vce1.2v,typ,hbt_typ,-40,1,1.2,0.61,7.294920e-10,0.000006,,-51.617000,56.540500,56.540502,0.000002,vbe_low
20260910-200059-7da7038,nx1_typ_-40c_vce1.2v,typ,hbt_typ,-40,1,1.2,0.63,1.950200e-09,0.000017,3.77712E+06,-51.606100,56.529600,56.529602,0.000002,vbe_low
20260910-200059-7da7038,nx1_typ_-40c_vce1.2v,typ,hbt_typ,-40,1,1.2,0.65,5.215250e-09,0.000045,1.00326E+07,-51.594600,56.518100,56.518102,0.000002,
20260910-200059-7da7038,nx1_typ_-40c_vce1.2v,typ,hbt_typ,-40,1,1.2,0.67,1.394820e-08,0.000121,2.67282E+07,-51.580300,56.503800,56.503802,0.000002,
20260910-200059-7da7038,nx1_typ_-40c_vce1.2v,typ,hbt_typ,-40,1,1.2,0.69,3.730490e-08,0.000324,7.09795E+07,-51.549200,56.472900,56.472902,0.000002,
20260910-200059-7da7038,nx1_typ_-40c_vce1.2v,typ,hbt_typ,-40,1,1.2,0.71,9.976940e-08,0.000866,1.88759E+08,-51.407000,56.331000,56.331002,0.000002,
20260910-200059-7da7038,nx1_typ_-40c_vce1.2v,typ,hbt_typ,-40,1,1.2,0.73,2.667950e-07,0.002316,5.00893E+08,-50.579300,55.504200,55.504203,0.000003,
20260910-200059-7da7038,nx1_typ_-40c_vce1.2v,typ,hbt_typ,-40,1,1.2,0.75,7.132100e-07,0.006191,1.32718E+09,-47.127600,52.055000,52.055006,0.000006,
20260910-200059-7da7038,nx1_typ_-40c_vce1.2v,typ,hbt_typ,-40,1,1.2,0.77,1.904930e-06,0.016536,3.50748E+09,-40.251200,45.185300,45.185329,0.000029,
20260910-200059-7da7038,nx1_typ_-40c_vce1.2v,typ,hbt_typ,-40,1,1.2,0.79,5.075730e-06,0.044060,9.17643E+09,-32.087800,37.041300,37.041492,0.000192,
20260910-200059-7da7038,nx1_typ_-40c_vce1.2v,typ,hbt_typ,-40,1,1.2,0.81,1.343650e-05,0.116636,2.35823E+10,-23.820300,28.833900,28.835168,0.001268,
20260910-200059-7da7038,nx1_typ_-40c_vce1.2v,typ,hbt_typ,-40,1,1.2,0.83,3.496190e-05,0.303489,5.77791E+10,-15.877800,21.094400,21.101928,0.007528,
20260910-200059-7da7038,nx1_typ_-40c_vce1.2v,typ,hbt_typ,-40,1,1.2,0.85,8.725960e-05,0.757462,1.27142E+11,-8.739070,14.605500,14.638942,0.033442,
20260910-200059-7da7038,nx1_typ_-40c_vce1.2v,typ,hbt_typ,-40,1,1.2,0.87,2.002060e-04,1.737899,2.31128E+11,-3.026670,10.330900,10.419815,0.088915,
20260910-200059-7da7038,nx1_typ_-40c_vce1.2v,typ,hbt_typ,-40,1,1.2,0.89,4.043830e-04,3.510269,3.35613E+11,0.930343,8.184390,8.329207,0.144817,
20260910-200059-7da7038,nx1_typ_-40c_vce1.2v,typ,hbt_typ,-40,1,1.2,0.91,7.103200e-04,6.165972,4.11171E+11,3.419990,7.179720,7.361452,0.181732,
20260910-200059-7da7038,nx1_typ_-40c_vce1.2v,typ,hbt_typ,-40,1,1.2,0.93,1.107870e-03,9.616927,4.5617E+11,4.978530,6.643140,6.848215,0.205075,
20260910-200059-7da7038,nx1_typ_-40c_vce1.2v,typ,hbt_typ,-40,1,1.2,0.95,1.580550e-03,13.720052,4.79411E+11,6.007630,6.305120,6.526378,0.221258,
20260910-200059-7da7038,nx1_typ_-40c_vce1.2v,typ,hbt_typ,-40,1,1.2,0.97,2.114630e-03,18.356163,4.89354E+11,6.734850,6.066120,6.299565,0.233445,vbe_high
20260910-200059-7da7038,nx1_typ_-40c_vce1.2v,typ,hbt_typ,-40,1,1.2,0.99,2.700070e-03,23.438108,4.87539E+11,7.281360,5.885740,6.128813,0.243073,vbe_high
20260910-200059-7da7038,nx1_typ_-40c_vce1.2v,typ,hbt_typ,-40,1,1.2,1.01,3.330530e-03,28.910851,4.74778E+11,7.712740,5.745470,5.996296,0.250826,ic_high;vbe_high
20260910-200059-7da7038,nx1_typ_-40c_vce1.2v,typ,hbt_typ,-40,1,1.2,1.03,4.001040e-03,34.731250,4.53552E+11,8.066530,5.635740,5.892798,0.257058,ic_high;vbe_high
20260910-200059-7da7038,nx1_typ_-40c_vce1.2v,typ,hbt_typ,-40,1,1.2,1.05,4.708550e-03,40.872830,4.21047E+11,8.365160,5.551360,5.813312,0.261952,ic_high;vbe_high
20260910-200059-7da7038,nx1_typ_-40c_vce1.4v,typ,hbt_typ,-40,1,1.4,0.55,3.899820e-11,0.000000,,-51.743300,56.666800,56.666802,0.000002,vbe_low
20260910-200059-7da7038,nx1_typ_-40c_vce1.4v,typ,hbt_typ,-40,1,1.4,0.57,1.028620e-10,0.000001,,-51.734400,56.657900,56.657902,0.000002,vbe_low
20260910-200059-7da7038,nx1_typ_-40c_vce1.4v,typ,hbt_typ,-40,1,1.4,0.59,2.737080e-10,0.000002,,-51.725300,56.648800,56.648802,0.000002,vbe_low
20260910-200059-7da7038,nx1_typ_-40c_vce1.4v,typ,hbt_typ,-40,1,1.4,0.61,7.306890e-10,0.000006,,-51.716200,56.639700,56.639702,0.000002,vbe_low
20260910-200059-7da7038,nx1_typ_-40c_vce1.4v,typ,hbt_typ,-40,1,1.4,0.63,1.952970e-09,0.000017,3.79426E+06,-51.706700,56.630300,56.630302,0.000002,vbe_low
20260910-200059-7da7038,nx1_typ_-40c_vce1.4v,typ,hbt_typ,-40,1,1.4,0.65,5.222080e-09,0.000045,1.00752E+07,-51.696700,56.620300,56.620302,0.000002,
20260910-200059-7da7038,nx1_typ_-40c_vce1.4v,typ,hbt_typ,-40,1,1.4,0.67,1.396550e-08,0.000121,2.68511E+07,-51.684000,56.607500,56.607502,0.000002,
20260910-200059-7da7038,nx1_typ_-40c_vce1.4v,typ,hbt_typ,-40,1,1.4,0.69,3.734960e-08,0.000324,7.12856E+07,-51.654000,56.577700,56.577702,0.000002,
20260910-200059-7da7038,nx1_typ_-40c_vce1.4v,typ,hbt_typ,-40,1,1.4,0.71,9.988610e-08,0.000867,1.89644E+08,-51.510100,56.434100,56.434102,0.000002,
20260910-200059-7da7038,nx1_typ_-40c_vce1.4v,typ,hbt_typ,-40,1,1.4,0.73,2.671050e-07,0.002319,5.0311E+08,-50.664400,55.589300,55.589303,0.000003,
20260910-200059-7da7038,nx1_typ_-40c_vce1.4v,typ,hbt_typ,-40,1,1.4,0.75,7.140640e-07,0.006198,1.3337E+09,-47.161200,52.088600,52.088606,0.000006,
20260910-200059-7da7038,nx1_typ_-40c_vce1.4v,typ,hbt_typ,-40,1,1.4,0.77,1.907470e-06,0.016558,3.5243E+09,-40.249300,45.183400,45.183429,0.000029,
20260910-200059-7da7038,nx1_typ_-40c_vce1.4v,typ,hbt_typ,-40,1,1.4,0.79,5.084460e-06,0.044136,9.22192E+09,-32.075100,37.028700,37.028892,0.000192,
20260910-200059-7da7038,nx1_typ_-40c_vce1.4v,typ,hbt_typ,-40,1,1.4,0.81,1.347250e-05,0.116949,2.37382E+10,-23.799200,28.813100,28.814374,0.001274,
20260910-200059-7da7038,nx1_typ_-40c_vce1.4v,typ,hbt_typ,-40,1,1.4,0.83,3.513380e-05,0.304981,5.82232E+10,-15.840900,21.059300,21.066889,0.007589,
20260910-200059-7da7038,nx1_typ_-40c_vce1.4v,typ,hbt_typ,-40,1,1.4,0.85,8.808630e-05,0.764638,1.2854E+11,-8.675680,14.552400,14.586252,0.033852,
20260910-200059-7da7038,nx1_typ_-40c_vce1.4v,typ,hbt_typ,-40,1,1.4,0.87,2.035970e-04,1.767335,2.34302E+11,-2.934020,10.273000,10.363097,0.090097,
20260910-200059-7da7038,nx1_typ_-40c_vce1.4v,typ,hbt_typ,-40,1,1.4,0.89,4.148550e-04,3.601172,3.41378E+11,1.037970,8.136770,8.283157,0.146387,
20260910-200059-7da7038,nx1_typ_-40c_vce1.4v,typ,hbt_typ,-40,1,1.4,0.91,7.345960e-04,6.376701,4.16881E+11,3.526940,7.141360,7.324670,0.183310,
20260910-200059-7da7038,nx1_typ_-40c_vce1.4v,typ,hbt_typ,-40,1,1.4,0.93,1.153120e-03,10.009722,4.61839E+11,5.080170,6.608820,6.815484,0.206664,
20260910-200059-7da7038,nx1_typ_-40c_vce1.4v,typ,hbt_typ,-40,1,1.4,0.95,1.653940e-03,14.357118,4.84995E+11,6.107120,6.271550,6.494482,0.222932,
20260910-200059-7da7038,nx1_typ_-40c_vce1.4v,typ,hbt_typ,-40,1,1.4,0.97,2.223060e-03,19.297396,4.9358E+11,6.836000,6.032490,6.267701,0.235211,vbe_high
20260910-200059-7da7038,nx1_typ_-40c_vce1.4v,typ,hbt_typ,-40,1,1.4,0.99,2.850410e-03,24.743142,4.89834E+11,7.387260,5.852680,6.097559,0.244879,vbe_high
20260910-200059-7da7038,nx1_typ_-40c_vce1.4v,typ,hbt_typ,-40,1,1.4,1.01,3.529610e-03,30.638976,4.74082E+11,7.825480,5.714580,5.967145,0.252565,ic_high;vbe_high
20260910-200059-7da7038,nx1_typ_-40c_vce1.4v,typ,hbt_typ,-40,1,1.4,1.03,4.256330e-03,36.947309,4.49187E+11,8.187260,5.609460,5.868032,0.258572,ic_high;vbe_high
20260910-200059-7da7038,nx1_typ_-40c_vce1.4v,typ,hbt_typ,-40,1,1.4,1.05,5.027610e-03,43.642448,4.12937E+11,8.494280,5.532920,5.795953,0.263033,ic_high;vbe_high
20260910-200059-7da7038,nx1_typ_125c_vce0.8v,typ,hbt_typ,125,1,0.8,0.55,2.182060e-06,0.018941,2.32758E+09,-43.453300,50.708000,50.707988,-0.000012,vbe_low
20260910-200059-7da7038,nx1_typ_125c_vce0.8v,typ,hbt_typ,125,1,0.8,0.57,3.816500e-06,0.033129,4.03417E+09,-39.155600,46.415700,46.415668,-0.000032,vbe_low
20260910-200059-7da7038,nx1_typ_125c_vce0.8v,typ,hbt_typ,125,1,0.8,0.59,6.668430e-06,0.057886,6.96284E+09,-34.532900,41.802800,41.802706,-0.000094,vbe_low
20260910-200059-7da7038,nx1_typ_125c_vce0.8v,typ,hbt_typ,125,1,0.8,0.61,1.163090e-05,0.100963,1.19146E+10,-29.817700,37.105800,37.105524,-0.000276,vbe_low
20260910-200059-7da7038,nx1_typ_125c_vce0.8v,typ,hbt_typ,125,1,0.8,0.63,2.022400e-05,0.175556,2.01872E+10,-25.119300,32.441800,32.440992,-0.000808,vbe_low
20260910-200059-7da7038,nx1_typ_125c_vce0.8v,typ,hbt_typ,125,1,0.8,0.65,3.498160e-05,0.303660,3.35499E+10,-20.508400,27.897700,27.895398,-0.002302,
20260910-200059-7da7038,nx1_typ_125c_vce0.8v,typ,hbt_typ,125,1,0.8,0.67,5.997790e-05,0.520641,5.42747E+10,-16.059300,23.580300,23.574078,-0.006222,
20260910-200059-7da7038,nx1_typ_125c_vce0.8v,typ,hbt_typ,125,1,0.8,0.69,1.013900e-04,0.880122,8.39811E+10,-11.866300,19.641200,19.625772,-0.015428,
20260910-200059-7da7038,nx1_typ_125c_vce0.8v,typ,hbt_typ,125,1,0.8,0.71,1.677500e-04,1.456163,1.23117E+11,-8.041760,16.269000,16.235391,-0.033609,
20260910-200059-7da7038,nx1_typ_125c_vce0.8v,typ,hbt_typ,125,1,0.8,0.73,2.693220e-04,2.337865,1.678E+11,-4.692800,13.618400,13.556323,-0.062077,
20260910-200059-7da7038,nx1_typ_125c_vce0.8v,typ,hbt_typ,125,1,0.8,0.75,4.162590e-04,3.613359,2.13082E+11,-1.884390,11.709200,11.612466,-0.096734,
20260910-200059-7da7038,nx1_typ_125c_vce0.8v,typ,hbt_typ,125,1,0.8,0.77,6.162120e-04,5.349062,2.53365E+11,0.385886,10.411700,10.280772,-0.130928,
20260910-200059-7da7038,nx1_typ_125c_vce0.8v,typ,hbt_typ,125,1,0.8,0.79,8.728290e-04,7.576641,2.85076E+11,2.179550,9.540710,9.380162,-0.160548,
20260910-200059-7da7038,nx1_typ_125c_vce0.8v,typ,hbt_typ,125,1,0.8,0.81,1.185890e-03,10.294184,3.07852E+11,3.585750,8.941600,8.756792,-0.184808,
20260910-200059-7da7038,nx1_typ_125c_vce0.8v,typ,hbt_typ,125,1,0.8,0.83,1.552530e-03,13.476823,3.22055E+11,4.692350,8.513030,8.308597,-0.204433,
20260910-200059-7da7038,nx1_typ_125c_vce0.8v,typ,hbt_typ,125,1,0.8,0.85,1.968530e-03,17.087934,3.26277E+11,5.571890,8.194990,7.974624,-0.220366,
20260910-200059-7da7038,nx1_typ_125c_vce0.8v,typ,hbt_typ,125,1,0.8,0.87,2.429260e-03,21.087326,3.21735E+11,6.279530,7.952750,7.719398,-0.233352,
20260910-200059-7da7038,nx1_typ_125c_vce0.8v,typ,hbt_typ,125,1,0.8,0.89,2.930180e-03,25.435590,3.0835E+11,6.854730,7.766030,7.522133,-0.243897,
20260910-200059-7da7038,nx1_typ_125c_vce0.8v,typ,hbt_typ,125,1,0.8,0.91,3.466880e-03,30.094444,2.88264E+11,7.316870,7.624120,7.371882,-0.252238,ic_high
20260910-200059-7da7038,nx1_typ_125c_vce0.8v,typ,hbt_typ,125,1,0.8,0.93,4.033180e-03,35.010243,2.56067E+11,7.600910,7.533660,7.275952,-0.257708,ic_high
20260910-200059-7da7038,nx1_typ_125c_vce0.8v,typ,hbt_typ,125,1,0.8,0.95,4.608180e-03,40.001562,1.8401E+11,7.232520,7.574220,7.318980,-0.255240,ic_high
20260910-200059-7da7038,nx1_typ_125c_vce0.8v,typ,hbt_typ,125,1,0.8,0.97,5.141160e-03,44.628125,1.02434E+11,5.972840,7.810030,7.568661,-0.241369,ic_high;vbe_high
20260910-200059-7da7038,nx1_typ_125c_vce0.8v,typ,hbt_typ,125,1,0.8,0.99,5.621370e-03,48.796615,6.20068E+10,5.008600,8.021270,7.791669,-0.229601,ic_high;vbe_high
20260910-200059-7da7038,nx1_typ_125c_vce0.8v,typ,hbt_typ,125,1,0.8,1.01,6.079400e-03,52.772569,4.258E+10,4.556360,8.136930,7.913521,-0.223409,ic_high;vbe_high
20260910-200059-7da7038,nx1_typ_125c_vce0.8v,typ,hbt_typ,125,1,0.8,1.03,6.534350e-03,56.721788,3.10883E+10,4.252560,8.244940,8.027158,-0.217782,ic_high;vbe_high
20260910-200059-7da7038,nx1_typ_125c_vce0.8v,typ,hbt_typ,125,1,0.8,1.05,6.986560e-03,60.647222,2.24039E+10,3.653690,8.476930,8.270750,-0.206180,ic_high;vbe_high
20260910-200059-7da7038,nx1_typ_125c_vce1.0v,typ,hbt_typ,125,1,1.0,0.55,2.184480e-06,0.018963,2.34716E+09,-43.480600,50.735200,50.735188,-0.000012,vbe_low
20260910-200059-7da7038,nx1_typ_125c_vce1.0v,typ,hbt_typ,125,1,1.0,0.57,3.821200e-06,0.033170,4.06558E+09,-39.159500,46.419600,46.419568,-0.000032,vbe_low
20260910-200059-7da7038,nx1_typ_125c_vce1.0v,typ,hbt_typ,125,1,1.0,0.59,6.678030e-06,0.057969,7.02224E+09,-34.526100,41.796100,41.796006,-0.000094,vbe_low
20260910-200059-7da7038,nx1_typ_125c_vce1.0v,typ,hbt_typ,125,1,1.0,0.61,1.165170e-05,0.101143,1.2029E+10,-29.804900,37.093100,37.092823,-0.000277,vbe_low
20260910-200059-7da7038,nx1_typ_125c_vce1.0v,typ,hbt_typ,125,1,1.0,0.63,2.027200e-05,0.175972,2.03802E+10,-25.101000,32.423700,32.422888,-0.000812,vbe_low
20260910-200059-7da7038,nx1_typ_125c_vce1.0v,typ,hbt_typ,125,1,1.0,0.65,3.509730e-05,0.304664,3.39419E+10,-20.483000,27.872900,27.870585,-0.002315,
20260910-200059-7da7038,nx1_typ_125c_vce1.0v,typ,hbt_typ,125,1,1.0,0.67,6.026390e-05,0.523124,5.49774E+10,-16.023800,23.546400,23.540129,-0.006271,
20260910-200059-7da7038,nx1_typ_125c_vce1.0v,typ,hbt_typ,125,1,1.0,0.69,1.020940e-04,0.886233,8.52894E+10,-11.817400,19.596700,19.581112,-0.015588,
20260910-200059-7da7038,nx1_typ_125c_vce1.0v,typ,hbt_typ,125,1,1.0,0.71,1.694280e-04,1.470729,1.2523E+11,-7.976690,16.214900,16.180868,-0.034032,
20260910-200059-7da7038,nx1_typ_125c_vce1.0v,typ,hbt_typ,125,1,1.0,0.73,2.730700e-04,2.370399,1.71294E+11,-4.611280,13.559700,13.496772,-0.062928,
20260910-200059-7da7038,nx1_typ_125c_vce1.0v,typ,hbt_typ,125,1,1.0,0.75,4.239450e-04,3.680078,2.17975E+11,-1.789340,11.652100,11.554071,-0.098029,
20260910-200059-7da7038,nx1_typ_125c_vce1.0v,typ,hbt_typ,125,1,1.0,0.77,6.305430e-04,5.473464,2.59159E+11,0.489308,10.360300,10.227789,-0.132511,
20260910-200059-7da7038,nx1_typ_125c_vce1.0v,typ,hbt_typ,125,1,1.0,0.79,8.971890e-04,7.788099,2.92118E+11,2.286060,9.495990,9.333749,-0.162241,
20260910-200059-7da7038,nx1_typ_125c_vce1.0v,typ,hbt_typ,125,1,1.0,0.81,1.224050e-03,10.625434,3.16781E+11,3.691410,8.902970,8.716475,-0.186495,
20260910-200059-7da7038,nx1_typ_125c_vce1.0v,typ,hbt_typ,125,1,1.0,0.83,1.608360e-03,13.961458,3.32279E+11,4.794870,8.479760,8.273717,-0.206043,
20260910-200059-7da7038,nx1_typ_125c_vce1.0v,typ,hbt_typ,125,1,1.0,0.85,2.045840e-03,17.759028,3.41583E+11,5.670350,8.166810,7.944972,-0.221838,
20260910-200059-7da7038,nx1_typ_125c_vce1.0v,typ,hbt_typ,125,1,1.0,0.87,2.531720e-03,21.976736,3.43086E+11,6.373770,7.930020,7.695409,-0.234611,
20260910-200059-7da7038,nx1_typ_125c_vce1.0v,typ,hbt_typ,125,1,1.0,0.89,3.061280e-03,26.573611,3.34094E+11,6.945670,7.749530,7.504678,-0.244852,ic_high
20260910-200059-7da7038,nx1_typ_125c_vce1.0v,typ,hbt_typ,125,1,1.0,0.91,3.630140e-03,31.511632,3.15705E+11,7.415250,7.613340,7.360456,-0.252884,ic_high
20260910-200059-7da7038,nx1_typ_125c_vce1.0v,typ,hbt_typ,125,1,1.0,0.93,4.234260e-03,36.755729,2.89284E+11,7.802610,7.514140,7.255236,-0.258904,ic_high
20260910-200059-7da7038,nx1_typ_125c_vce1.0v,typ,hbt_typ,125,1,1.0,0.95,4.869580e-03,42.270660,2.54404E+11,8.106050,7.449810,7.186923,-0.262887,ic_high
20260910-200059-7da7038,nx1_typ_125c_vce1.0v,typ,hbt_typ,125,1,1.0,0.97,5.527430e-03,47.981163,2.04906E+11,8.169240,7.443110,7.179805,-0.263305,ic_high;vbe_high
20260910-200059-7da7038,nx1_typ_125c_vce1.0v,typ,hbt_typ,125,1,1.0,0.99,6.171100e-03,53.568576,1.26824E+11,7.384960,7.593070,7.338968,-0.254102,ic_high;vbe_high
20260910-200059-7da7038,nx1_typ_125c_vce1.0v,typ,hbt_typ,125,1,1.0,1.01,6.753440e-03,58.623611,7.2955E+10,6.228970,7.839200,7.599492,-0.239708,ic_high;vbe_high
20260910-200059-7da7038,nx1_typ_125c_vce1.0v,typ,hbt_typ,125,1,1.0,1.03,7.291630e-03,63.295399,4.8317E+10,5.526330,8.027250,7.797973,-0.229277,ic_high;vbe_high
20260910-200059-7da7038,nx1_typ_125c_vce1.0v,typ,hbt_typ,125,1,1.0,1.05,7.815240e-03,67.840625,3.54414E+10,5.152390,8.173400,7.951907,-0.221493,ic_high;vbe_high
20260910-200059-7da7038,nx1_typ_125c_vce1.2v,typ,hbt_typ,125,1,1.2,0.55,2.187440e-06,0.018988,2.36305E+09,-43.497400,50.752100,50.752088,-0.000012,vbe_low
20260910-200059-7da7038,nx1_typ_125c_vce1.2v,typ,hbt_typ,125,1,1.2,0.57,3.826690e-06,0.033218,4.09088E+09,-39.158600,46.418700,46.418668,-0.000032,vbe_low
20260910-200059-7da7038,nx1_typ_125c_vce1.2v,typ,hbt_typ,125,1,1.2,0.59,6.688810e-06,0.058063,7.06969E+09,-34.517000,41.787000,41.786906,-0.000094,vbe_low
20260910-200059-7da7038,nx1_typ_125c_vce1.2v,typ,hbt_typ,125,1,1.2,0.61,1.167430e-05,0.101339,1.21201E+10,-29.790800,37.079100,37.078822,-0.000278,vbe_low
20260910-200059-7da7038,nx1_typ_125c_vce1.2v,typ,hbt_typ,125,1,1.2,0.63,2.032260e-05,0.176411,2.05341E+10,-25.081800,32.404700,32.403885,-0.000815,vbe_low
20260910-200059-7da7038,nx1_typ_125c_vce1.2v,typ,hbt_typ,125,1,1.2,0.65,3.521730e-05,0.305706,3.42553E+10,-20.456900,27.847300,27.844972,-0.002328,
20260910-200059-7da7038,nx1_typ_125c_vce1.2v,typ,hbt_typ,125,1,1.2,0.67,6.055800e-05,0.525677,5.55435E+10,-15.987800,23.511900,23.505579,-0.006321,
20260910-200059-7da7038,nx1_typ_125c_vce1.2v,typ,hbt_typ,125,1,1.2,0.69,1.028180e-04,0.892517,8.63499E+10,-11.767800,19.551500,19.535749,-0.015751,
20260910-200059-7da7038,nx1_typ_125c_vce1.2v,typ,hbt_typ,125,1,1.2,0.71,1.711570e-04,1.485738,1.26948E+11,-7.910650,16.160100,16.125635,-0.034465,
20260910-200059-7da7038,nx1_typ_125c_vce1.2v,typ,hbt_typ,125,1,1.2,0.73,2.769620e-04,2.404184,1.74112E+11,-4.528380,13.500100,13.436296,-0.063804,
20260910-200059-7da7038,nx1_typ_125c_vce1.2v,typ,hbt_typ,125,1,1.2,0.75,4.320040e-04,3.750035,2.21843E+11,-1.692440,11.594200,11.494840,-0.099360,
20260910-200059-7da7038,nx1_typ_125c_vce1.2v,typ,hbt_typ,125,1,1.2,0.77,6.457270e-04,5.605269,2.63587E+11,0.595046,10.308200,10.174065,-0.134135,
20260910-200059-7da7038,nx1_typ_125c_vce1.2v,typ,hbt_typ,125,1,1.2,0.79,9.232530e-04,8.014349,2.97237E+11,2.395340,9.450540,9.286560,-0.163980,
20260910-200059-7da7038,nx1_typ_125c_vce1.2v,typ,hbt_typ,125,1,1.2,0.81,1.265240e-03,10.982986,3.2272E+11,3.800220,8.863610,8.675380,-0.188230,
20260910-200059-7da7038,nx1_typ_125c_vce1.2v,typ,hbt_typ,125,1,1.2,0.83,1.669100e-03,14.488715,3.39101E+11,4.900710,8.445920,8.238226,-0.207694,
20260910-200059-7da7038,nx1_typ_125c_vce1.2v,typ,hbt_typ,125,1,1.2,0.85,2.130530e-03,18.494184,3.48807E+11,5.771870,8.138520,7.915194,-0.223326,
20260910-200059-7da7038,nx1_typ_125c_vce1.2v,typ,hbt_typ,125,1,1.2,0.87,2.644620e-03,22.956771,3.51010E+11,6.470330,7.907990,7.672153,-0.235837,
20260910-200059-7da7038,nx1_typ_125c_vce1.2v,typ,hbt_typ,125,1,1.2,0.89,3.206460e-03,27.833854,3.4558E+11,7.037160,7.735100,7.489409,-0.245691,ic_high
20260910-200059-7da7038,nx1_typ_125c_vce1.2v,typ,hbt_typ,125,1,1.2,0.91,3.811450e-03,33.085503,3.31241E+11,7.501740,7.608430,7.355252,-0.253178,ic_high
20260910-200059-7da7038,nx1_typ_125c_vce1.2v,typ,hbt_typ,125,1,1.2,0.93,4.455330e-03,38.674740,3.04279E+11,7.884550,7.521150,7.262676,-0.258474,ic_high
20260910-200059-7da7038,nx1_typ_125c_vce1.2v,typ,hbt_typ,125,1,1.2,0.95,5.134210e-03,44.567795,2.69022E+11,8.200590,7.468970,7.207276,-0.261694,ic_high
20260910-200059-7da7038,nx1_typ_125c_vce1.2v,typ,hbt_typ,125,1,1.2,0.97,5.844280e-03,50.731597,2.30318E+11,8.454300,7.450260,7.187401,-0.262859,ic_high;vbe_high
20260910-200059-7da7038,nx1_typ_125c_vce1.2v,typ,hbt_typ,125,1,1.2,0.99,6.579260e-03,57.111632,1.82777E+11,8.568450,7.475670,7.214392,-0.261278,ic_high;vbe_high
20260910-200059-7da7038,nx1_typ_125c_vce1.2v,typ,hbt_typ,125,1,1.2,1.01,7.310620e-03,63.460243,1.20335E+11,8.044770,7.617760,7.365141,-0.252619,ic_high;vbe_high
20260910-200059-7da7038,nx1_typ_125c_vce1.2v,typ,hbt_typ,125,1,1.2,1.03,7.981600e-03,69.284722,7.13707E+10,6.943240,7.877420,7.639871,-0.237549,ic_high;vbe_high
20260910-200059-7da7038,nx1_typ_125c_vce1.2v,typ,hbt_typ,125,1,1.2,1.05,8.596440e-03,74.621875,4.75187E+10,6.147670,8.116070,7.891557,-0.224513,ic_high;vbe_high
20260910-200059-7da7038,nx1_typ_125c_vce1.4v,typ,hbt_typ,125,1,1.4,0.55,2.192330e-06,0.019031,2.37819E+09,-43.503300,50.757900,50.757888,-0.000012,vbe_low
20260910-200059-7da7038,nx1_typ_125c_vce1.4v,typ,hbt_typ,125,1,1.4,0.57,3.835260e-06,0.033292,4.11462E+09,-39.150000,46.410100,46.410068,-0.000032,vbe_low
20260910-200059-7da7038,nx1_typ_125c_vce1.4v,typ,hbt_typ,125,1,1.4,0.59,6.704470e-06,0.058199,7.11352E+09,-34.501900,41.772000,41.771906,-0.000094,vbe_low
20260910-200059-7da7038,nx1_typ_125c_vce1.4v,typ,hbt_typ,125,1,1.4,0.61,1.170470e-05,0.101603,1.22031E+10,-29.771700,37.060000,37.059721,-0.000279,vbe_low
20260910-200059-7da7038,nx1_typ_125c_vce1.4v,typ,hbt_typ,125,1,1.4,0.63,2.038570e-05,0.176959,2.06733E+10,-25.058200,32.381300,32.380480,-0.000820,vbe_low
20260910-200059-7da7038,nx1_typ_125c_vce1.4v,typ,hbt_typ,125,1,1.4,0.65,3.535750e-05,0.306923,3.45371E+10,-20.426600,27.817500,27.815156,-0.002344,
20260910-200059-7da7038,nx1_typ_125c_vce1.4v,typ,hbt_typ,125,1,1.4,0.67,6.088640e-05,0.528528,5.6052E+10,-15.947600,23.473400,23.467022,-0.006378,
20260910-200059-7da7038,nx1_typ_125c_vce1.4v,typ,hbt_typ,125,1,1.4,0.69,1.036030e-04,0.899332,8.73014E+10,-11.714100,19.502500,19.486570,-0.015930,
20260910-200059-7da7038,nx1_typ_125c_vce1.4v,typ,hbt_typ,125,1,1.4,0.71,1.730080e-04,1.501806,1.28487E+11,-7.840620,16.101700,16.066766,-0.034934,
20260910-200059-7da7038,nx1_typ_125c_vce1.4v,typ,hbt_typ,125,1,1.4,0.73,2.811110e-04,2.440200,1.76611E+11,-4.441800,13.437600,13.372864,-0.064736,
20260910-200059-7da7038,nx1_typ_125c_vce1.4v,typ,hbt_typ,125,1,1.4,0.75,4.406120e-04,3.824757,2.2522E+11,-1.592620,11.534500,11.433749,-0.100751,
20260910-200059-7da7038,nx1_typ_125c_vce1.4v,typ,hbt_typ,125,1,1.4,0.77,6.620180e-04,5.746684,2.67906E+11,0.702716,10.255100,10.119289,-0.135811,
20260910-200059-7da7038,nx1_typ_125c_vce1.4v,typ,hbt_typ,125,1,1.4,0.79,9.513860e-04,8.258559,3.02279E+11,2.505900,9.404650,9.238894,-0.165756,
20260910-200059-7da7038,nx1_typ_125c_vce1.4v,typ,hbt_typ,125,1,1.4,0.81,1.310000e-03,11.371528,3.27389E+11,3.910500,8.823950,8.633955,-0.189995,
20260910-200059-7da7038,nx1_typ_125c_vce1.4v,typ,hbt_typ,125,1,1.4,0.83,1.735580e-03,15.065799,3.44269E+11,5.008950,8.411810,8.202439,-0.209371,
20260910-200059-7da7038,nx1_typ_125c_vce1.4v,typ,hbt_typ,125,1,1.4,0.85,2.223890e-03,19.304601,3.53477E+11,5.876760,8.110250,7.885428,-0.224822,
20260910-200059-7da7038,nx1_typ_125c_vce1.4v,typ,hbt_typ,125,1,1.4,0.87,2.769910e-03,24.044358,3.55007E+11,6.570560,7.886820,7.649799,-0.237021,
20260910-200059-7da7038,nx1_typ_125c_vce1.4v,typ,hbt_typ,125,1,1.4,0.89,3.368530e-03,29.240712,3.48693E+11,7.131660,7.723050,7.476657,-0.246393,ic_high
20260910-200059-7da7038,nx1_typ_125c_vce1.4v,typ,hbt_typ,125,1,1.4,0.91,4.014870e-03,34.851302,3.33478E+11,7.589690,7.608220,7.355029,-0.253191,ic_high
20260910-200059-7da7038,nx1_typ_125c_vce1.4v,typ,hbt_typ,125,1,1.4,0.93,4.704420e-03,40.836979,3.11455E+11,7.965610,7.536100,7.278541,-0.257559,ic_high
20260910-200059-7da7038,nx1_typ_125c_vce1.4v,typ,hbt_typ,125,1,1.4,0.95,5.432900e-03,47.160590,2.7619E+11,8.273510,7.503240,7.243665,-0.259575,ic_high
20260910-200059-7da7038,nx1_typ_125c_vce1.4v,typ,hbt_typ,125,1,1.4,0.97,6.196190e-03,53.786372,2.30588E+11,8.522760,7.507810,7.248517,-0.259293,ic_high;vbe_high
20260910-200059-7da7038,nx1_typ_125c_vce1.4v,typ,hbt_typ,125,1,1.4,0.99,6.990050e-03,60.677517,1.85644E+11,8.715050,7.549640,7.292907,-0.256733,ic_high;vbe_high
20260910-200059-7da7038,nx1_typ_125c_vce1.4v,typ,hbt_typ,125,1,1.4,1.01,7.807150e-03,67.770399,1.3987E+11,8.768800,7.639770,7.388466,-0.251304,ic_high;vbe_high
20260910-200059-7da7038,nx1_typ_125c_vce1.4v,typ,hbt_typ,125,1,1.4,1.03,8.613940e-03,74.773785,9.01414E+10,8.196790,7.843320,7.603846,-0.239474,ic_high;vbe_high
20260910-200059-7da7038,nx1_typ_125c_vce1.4v,typ,hbt_typ,125,1,1.4,1.05,9.352150e-03,81.181858,5.68289E+10,7.156610,8.142690,7.919584,-0.223106,ic_high;vbe_high
20260910-200059-7da7038,nx1_bcs_-40c_vce0.8v,bcs,hbt_bcs,-40,1,0.8,0.55,4.814290e-11,0.000000,,-52.195300,57.118800,57.118802,0.000002,vbe_low
20260910-200059-7da7038,nx1_bcs_-40c_vce0.8v,bcs,hbt_bcs,-40,1,0.8,0.57,1.283390e-10,0.000001,,-52.181100,57.104600,57.104602,0.000002,vbe_low
20260910-200059-7da7038,nx1_bcs_-40c_vce0.8v,bcs,hbt_bcs,-40,1,0.8,0.59,3.428840e-10,0.000003,,-52.166600,57.090100,57.090102,0.000002,vbe_low
20260910-200059-7da7038,nx1_bcs_-40c_vce0.8v,bcs,hbt_bcs,-40,1,0.8,0.61,9.167930e-10,0.000008,,-52.151700,57.075200,57.075202,0.000002,vbe_low
20260910-200059-7da7038,nx1_bcs_-40c_vce0.8v,bcs,hbt_bcs,-40,1,0.8,0.63,2.451920e-09,0.000021,5.45619E+06,-52.136300,57.059900,57.059902,0.000002,vbe_low
20260910-200059-7da7038,nx1_bcs_-40c_vce0.8v,bcs,hbt_bcs,-40,1,0.8,0.65,6.558040e-09,0.000057,1.45036E+07,-52.119900,57.043500,57.043502,0.000002,
20260910-200059-7da7038,nx1_bcs_-40c_vce0.8v,bcs,hbt_bcs,-40,1,0.8,0.67,1.754070e-08,0.000152,3.862E+07,-52.098900,57.022500,57.022502,0.000002,
20260910-200059-7da7038,nx1_bcs_-40c_vce0.8v,bcs,hbt_bcs,-40,1,0.8,0.69,4.691500e-08,0.000407,1.0249E+08,-52.048900,56.972700,56.972702,0.000002,
20260910-200059-7da7038,nx1_bcs_-40c_vce0.8v,bcs,hbt_bcs,-40,1,0.8,0.71,1.254730e-07,0.001089,2.72814E+08,-51.806700,56.730900,56.730902,0.000002,
20260910-200059-7da7038,nx1_bcs_-40c_vce0.8v,bcs,hbt_bcs,-40,1,0.8,0.73,3.355290e-07,0.002913,7.22853E+08,-50.467900,55.393200,55.393203,0.000003,
20260910-200059-7da7038,nx1_bcs_-40c_vce0.8v,bcs,hbt_bcs,-40,1,0.8,0.75,8.969200e-07,0.007786,1.91816E+09,-45.894400,50.822800,50.822808,0.000008,
20260910-200059-7da7038,nx1_bcs_-40c_vce0.8v,bcs,hbt_bcs,-40,1,0.8,0.77,2.395330e-06,0.020793,5.05858E+09,-38.409000,43.345900,43.345945,0.000045,
20260910-200059-7da7038,nx1_bcs_-40c_vce0.8v,bcs,hbt_bcs,-40,1,0.8,0.79,6.380590e-06,0.055387,1.32094E+10,-30.122000,35.083500,35.083801,0.000301,
20260910-200059-7da7038,nx1_bcs_-40c_vce0.8v,bcs,hbt_bcs,-40,1,0.8,0.81,1.687920e-05,0.146521,3.37746E+10,-21.837500,26.875400,26.877390,0.001990,
20260910-200059-7da7038,nx1_bcs_-40c_vce0.8v,bcs,hbt_bcs,-40,1,0.8,0.83,4.385480e-05,0.380684,8.15956E+10,-13.895600,19.191900,19.203561,0.011661,
20260910-200059-7da7038,nx1_bcs_-40c_vce0.8v,bcs,hbt_bcs,-40,1,0.8,0.85,1.091550e-04,0.947526,1.74996E+11,-6.756000,12.865600,12.915427,0.049827,
20260910-200059-7da7038,nx1_bcs_-40c_vce0.8v,bcs,hbt_bcs,-40,1,0.8,0.87,2.495170e-04,2.165946,3.07127E+11,-1.022360,8.854420,8.978827,0.124407,
20260910-200059-7da7038,nx1_bcs_-40c_vce0.8v,bcs,hbt_bcs,-40,1,0.8,0.89,5.024760e-04,4.361771,4.31811E+11,2.992290,6.911470,7.104527,0.193057,
20260910-200059-7da7038,nx1_bcs_-40c_vce0.8v,bcs,hbt_bcs,-40,1,0.8,0.91,8.819600e-04,7.655903,5.16116E+11,5.565710,6.002400,6.239203,0.236803,
20260910-200059-7da7038,nx1_bcs_-40c_vce0.8v,bcs,hbt_bcs,-40,1,0.8,0.93,1.377080e-03,11.953819,5.62982E+11,7.210130,5.503970,5.768710,0.264740,
20260910-200059-7da7038,nx1_bcs_-40c_vce0.8v,bcs,hbt_bcs,-40,1,0.8,0.95,1.968790e-03,17.090191,5.81921E+11,8.313550,5.181940,5.466403,0.284463,
20260910-200059-7da7038,nx1_bcs_-40c_vce0.8v,bcs,hbt_bcs,-40,1,0.8,0.97,2.639930e-03,22.916059,5.80604E+11,9.100390,4.951360,5.250811,0.299451,vbe_high
20260910-200059-7da7038,nx1_bcs_-40c_vce0.8v,bcs,hbt_bcs,-40,1,0.8,0.99,3.377800e-03,29.321181,5.59466E+11,9.693010,4.777080,5.088363,0.311283,ic_high;vbe_high
20260910-200059-7da7038,nx1_bcs_-40c_vce0.8v,bcs,hbt_bcs,-40,1,0.8,1.01,4.173370e-03,36.227170,5.18045E+11,10.159500,4.642010,4.962772,0.320762,ic_high;vbe_high
20260910-200059-7da7038,nx1_bcs_-40c_vce0.8v,bcs,hbt_bcs,-40,1,0.8,1.03,5.019730e-03,43.574045,4.54116E+11,10.515000,4.539350,4.867502,0.328152,ic_high;vbe_high
20260910-200059-7da7038,nx1_bcs_-40c_vce0.8v,bcs,hbt_bcs,-40,1,0.8,1.05,5.868970e-03,50.945920,1.34065E+11,9.092820,4.661350,4.980738,0.319388,ic_high;vbe_high
20260910-200059-7da7038,nx1_bcs_-40c_vce1.0v,bcs,hbt_bcs,-40,1,1.0,0.55,4.838910e-11,0.000000,,-52.321900,57.245400,57.245402,0.000002,vbe_low
20260910-200059-7da7038,nx1_bcs_-40c_vce1.0v,bcs,hbt_bcs,-40,1,1.0,0.57,1.286610e-10,0.000001,,-52.310300,57.233800,57.233802,0.000002,vbe_low
20260910-200059-7da7038,nx1_bcs_-40c_vce1.0v,bcs,hbt_bcs,-40,1,1.0,0.59,3.434080e-10,0.000003,,-52.298500,57.222000,57.222002,0.000002,vbe_low
20260910-200059-7da7038,nx1_bcs_-40c_vce1.0v,bcs,hbt_bcs,-40,1,1.0,0.61,9.178520e-10,0.000008,,-52.286400,57.209900,57.209902,0.000002,vbe_low
20260910-200059-7da7038,nx1_bcs_-40c_vce1.0v,bcs,hbt_bcs,-40,1,1.0,0.63,2.454400e-09,0.000021,5.48596E+06,-52.274000,57.197500,57.197502,0.000002,vbe_low
20260910-200059-7da7038,nx1_bcs_-40c_vce1.0v,bcs,hbt_bcs,-40,1,1.0,0.65,6.564310e-09,0.000057,1.45911E+07,-52.260600,57.184100,57.184102,0.000002,
20260910-200059-7da7038,nx1_bcs_-40c_vce1.0v,bcs,hbt_bcs,-40,1,1.0,0.67,1.755710e-08,0.000152,3.88401E+07,-52.242500,57.166200,57.166202,0.000002,
20260910-200059-7da7038,nx1_bcs_-40c_vce1.0v,bcs,hbt_bcs,-40,1,1.0,0.69,4.695850e-08,0.000408,1.03139E+08,-52.194700,57.118500,57.118502,0.000002,
20260910-200059-7da7038,nx1_bcs_-40c_vce1.0v,bcs,hbt_bcs,-40,1,1.0,0.71,1.255900e-07,0.001090,2.74446E+08,-51.948000,56.872200,56.872202,0.000002,
20260910-200059-7da7038,nx1_bcs_-40c_vce1.0v,bcs,hbt_bcs,-40,1,1.0,0.73,3.358520e-07,0.002915,7.27004E+08,-50.572100,55.497400,55.497403,0.000003,
20260910-200059-7da7038,nx1_bcs_-40c_vce1.0v,bcs,hbt_bcs,-40,1,1.0,0.75,8.978580e-07,0.007794,1.93051E+09,-45.925700,50.854100,50.854108,0.000008,
20260910-200059-7da7038,nx1_bcs_-40c_vce1.0v,bcs,hbt_bcs,-40,1,1.0,0.77,2.398330e-06,0.020819,5.09082E+09,-38.405900,43.342800,43.342845,0.000045,
20260910-200059-7da7038,nx1_bcs_-40c_vce1.0v,bcs,hbt_bcs,-40,1,1.0,0.79,6.391850e-06,0.055485,1.33118E+10,-30.108600,35.070200,35.070502,0.000302,
20260910-200059-7da7038,nx1_bcs_-40c_vce1.0v,bcs,hbt_bcs,-40,1,1.0,0.81,1.692970e-05,0.146959,3.40758E+10,-21.813900,26.852200,26.854201,0.002001,
20260910-200059-7da7038,nx1_bcs_-40c_vce1.0v,bcs,hbt_bcs,-40,1,1.0,0.83,4.410930e-05,0.382893,8.24427E+10,-13.852300,19.151300,19.163071,0.011771,
20260910-200059-7da7038,nx1_bcs_-40c_vce1.0v,bcs,hbt_bcs,-40,1,1.0,0.85,1.104090e-04,0.958411,1.77637E+11,-6.679440,12.804500,12.855029,0.050529,
20260910-200059-7da7038,nx1_bcs_-40c_vce1.0v,bcs,hbt_bcs,-40,1,1.0,0.87,2.546900e-04,2.210851,3.13129E+11,-0.908752,8.790660,8.916880,0.126220,
20260910-200059-7da7038,nx1_bcs_-40c_vce1.0v,bcs,hbt_bcs,-40,1,1.0,0.89,5.184800e-04,4.500694,4.40966E+11,3.126500,6.860470,7.055757,0.195287,
20260910-200059-7da7038,nx1_bcs_-40c_vce1.0v,bcs,hbt_bcs,-40,1,1.0,0.91,9.191780e-04,7.978976,5.25531E+11,5.701500,5.961390,6.200379,0.238989,
20260910-200059-7da7038,nx1_bcs_-40c_vce1.0v,bcs,hbt_bcs,-40,1,1.0,0.93,1.446860e-03,12.559549,5.72795E+11,7.341040,5.467290,5.734208,0.266918,
20260910-200059-7da7038,nx1_bcs_-40c_vce1.0v,bcs,hbt_bcs,-40,1,1.0,0.95,2.082300e-03,18.075521,5.90335E+11,8.441550,5.146910,5.433602,0.286692,
20260910-200059-7da7038,nx1_bcs_-40c_vce1.0v,bcs,hbt_bcs,-40,1,1.0,0.97,2.807870e-03,24.373872,5.87208E+11,9.229810,4.917600,5.219309,0.301709,vbe_high
20260910-200059-7da7038,nx1_bcs_-40c_vce1.0v,bcs,hbt_bcs,-40,1,1.0,0.99,3.610950e-03,31.345052,5.63832E+11,9.827890,4.745490,5.058966,0.313476,ic_high;vbe_high
20260910-200059-7da7038,nx1_bcs_-40c_vce1.0v,bcs,hbt_bcs,-40,1,1.0,1.01,4.482720e-03,38.912500,5.18125E+11,10.303100,4.614310,4.937050,0.322740,ic_high;vbe_high
20260910-200059-7da7038,nx1_bcs_-40c_vce1.0v,bcs,hbt_bcs,-40,1,1.0,1.03,5.417120e-03,47.023611,4.54857E+11,10.694300,4.515300,4.845207,0.329907,ic_high;vbe_high
20260910-200059-7da7038,nx1_bcs_-40c_vce1.0v,bcs,hbt_bcs,-40,1,1.0,1.05,6.409440e-03,55.637500,3.77504E+11,11.004700,4.445540,4.780588,0.335048,ic_high;vbe_high
20260910-200059-7da7038,nx1_bcs_-40c_vce1.2v,bcs,hbt_bcs,-40,1,1.2,0.55,4.864270e-11,0.000000,,-52.427300,57.350800,57.350802,0.000002,vbe_low
20260910-200059-7da7038,nx1_bcs_-40c_vce1.2v,bcs,hbt_bcs,-40,1,1.2,0.57,1.290010e-10,0.000001,,-52.417500,57.341000,57.341002,0.000002,vbe_low
20260910-200059-7da7038,nx1_bcs_-40c_vce1.2v,bcs,hbt_bcs,-40,1,1.2,0.59,3.439730e-10,0.000003,,-52.407600,57.331100,57.331102,0.000002,vbe_low
20260910-200059-7da7038,nx1_bcs_-40c_vce1.2v,bcs,hbt_bcs,-40,1,1.2,0.61,9.190070e-10,0.000008,,-52.397400,57.320900,57.320902,0.000002,vbe_low
20260910-200059-7da7038,nx1_bcs_-40c_vce1.2v,bcs,hbt_bcs,-40,1,1.2,0.63,2.457100e-09,0.000021,5.51147E+06,-52.387000,57.310500,57.310502,0.000002,vbe_low
20260910-200059-7da7038,nx1_bcs_-40c_vce1.2v,bcs,hbt_bcs,-40,1,1.2,0.65,6.571080e-09,0.000057,1.46656E+07,-52.375600,57.299200,57.299202,0.000002,
20260910-200059-7da7038,nx1_bcs_-40c_vce1.2v,bcs,hbt_bcs,-40,1,1.2,0.67,1.757460e-08,0.000153,3.90261E+07,-52.359600,57.283200,57.283202,0.000002,
20260910-200059-7da7038,nx1_bcs_-40c_vce1.2v,bcs,hbt_bcs,-40,1,1.2,0.69,4.700450e-08,0.000408,1.03684E+08,-52.313000,57.236700,57.236702,0.000002,
20260910-200059-7da7038,nx1_bcs_-40c_vce1.2v,bcs,hbt_bcs,-40,1,1.2,0.71,1.257130e-07,0.001091,2.75812E+08,-52.061700,56.985900,56.985902,0.000002,
20260910-200059-7da7038,nx1_bcs_-40c_vce1.2v,bcs,hbt_bcs,-40,1,1.2,0.73,3.361870e-07,0.002918,7.30911E+08,-50.654300,55.579600,55.579603,0.000003,
20260910-200059-7da7038,nx1_bcs_-40c_vce1.2v,bcs,hbt_bcs,-40,1,1.2,0.75,8.988180e-07,0.007802,1.94075E+09,-45.948500,50.876900,50.876908,0.000008,
20260910-200059-7da7038,nx1_bcs_-40c_vce1.2v,bcs,hbt_bcs,-40,1,1.2,0.77,2.401380e-06,0.020845,5.11753E+09,-38.401000,43.338000,43.338045,0.000045,
20260910-200059-7da7038,nx1_bcs_-40c_vce1.2v,bcs,hbt_bcs,-40,1,1.2,0.79,6.403210e-06,0.055583,1.33971E+10,-30.094900,35.056500,35.056803,0.000303,
20260910-200059-7da7038,nx1_bcs_-40c_vce1.2v,bcs,hbt_bcs,-40,1,1.2,0.81,1.698080e-05,0.147403,3.43314E+10,-21.790200,26.828800,26.830812,0.002012,
20260910-200059-7da7038,nx1_bcs_-40c_vce1.2v,bcs,hbt_bcs,-40,1,1.2,0.83,4.436790e-05,0.385138,8.31835E+10,-13.808600,19.110300,19.122182,0.011882,
20260910-200059-7da7038,nx1_bcs_-40c_vce1.2v,bcs,hbt_bcs,-40,1,1.2,0.85,1.117030e-04,0.969644,1.8E+11,-6.601550,12.742600,12.793850,0.051250,
20260910-200059-7da7038,nx1_bcs_-40c_vce1.2v,bcs,hbt_bcs,-40,1,1.2,0.87,2.601490e-04,2.258238,3.18529E+11,-0.791913,8.725680,8.853775,0.128095,
20260910-200059-7da7038,nx1_bcs_-40c_vce1.2v,bcs,hbt_bcs,-40,1,1.2,0.89,5.358150e-04,4.651172,4.4905E+11,3.265600,6.808270,7.005865,0.197595,
20260910-200059-7da7038,nx1_bcs_-40c_vce1.2v,bcs,hbt_bcs,-40,1,1.2,0.91,9.603410e-04,8.336293,5.34317E+11,5.843140,5.918970,6.160241,0.241271,
20260910-200059-7da7038,nx1_bcs_-40c_vce1.2v,bcs,hbt_bcs,-40,1,1.2,0.93,1.525580e-03,13.242882,5.80454E+11,7.479290,5.428810,5.698031,0.269221,
20260910-200059-7da7038,nx1_bcs_-40c_vce1.2v,bcs,hbt_bcs,-40,1,1.2,0.95,2.212430e-03,19.205122,5.96037E+11,8.578620,5.110080,5.399135,0.289055,
20260910-200059-7da7038,nx1_bcs_-40c_vce1.2v,bcs,hbt_bcs,-40,1,1.2,0.97,3.003320e-03,26.070486,5.89095E+11,9.370190,4.882640,5.186704,0.304064,ic_high;vbe_high
20260910-200059-7da7038,nx1_bcs_-40c_vce1.2v,bcs,hbt_bcs,-40,1,1.2,0.99,3.886150e-03,33.733941,5.59428E+11,9.975560,4.714150,5.029815,0.315665,ic_high;vbe_high
20260910-200059-7da7038,nx1_bcs_-40c_vce1.2v,bcs,hbt_bcs,-40,1,1.2,1.01,4.852860e-03,42.125521,5.06253E+11,10.460900,4.589460,4.913985,0.324525,ic_high;vbe_high
20260910-200059-7da7038,nx1_bcs_-40c_vce1.2v,bcs,hbt_bcs,-40,1,1.2,1.03,5.898290e-03,51.200434,4.35717E+11,10.863900,4.500870,4.831834,0.330964,ic_high;vbe_high
20260910-200059-7da7038,nx1_bcs_-40c_vce1.2v,bcs,hbt_bcs,-40,1,1.2,1.05,7.019100e-03,60.929688,3.57543E+11,11.206200,4.444730,4.779838,0.335108,ic_high;vbe_high
20260910-200059-7da7038,nx1_bcs_-40c_vce1.4v,bcs,hbt_bcs,-40,1,1.4,0.55,4.891670e-11,0.000000,,-52.517500,57.441000,57.441002,0.000002,vbe_low
20260910-200059-7da7038,nx1_bcs_-40c_vce1.4v,bcs,hbt_bcs,-40,1,1.4,0.57,1.293910e-10,0.000001,,-52.509100,57.432600,57.432602,0.000002,vbe_low
20260910-200059-7da7038,nx1_bcs_-40c_vce1.4v,bcs,hbt_bcs,-40,1,1.4,0.59,3.446620e-10,0.000003,,-52.500500,57.424000,57.424002,0.000002,vbe_low
20260910-200059-7da7038,nx1_bcs_-40c_vce1.4v,bcs,hbt_bcs,-40,1,1.4,0.61,9.204630e-10,0.000008,,-52.491700,57.415300,57.415302,0.000002,vbe_low
20260910-200059-7da7038,nx1_bcs_-40c_vce1.4v,bcs,hbt_bcs,-40,1,1.4,0.63,2.460540e-09,0.000021,5.53525E+06,-52.482700,57.406300,57.406302,0.000002,vbe_low
20260910-200059-7da7038,nx1_bcs_-40c_vce1.4v,bcs,hbt_bcs,-40,1,1.4,0.65,6.579640e-09,0.000057,1.47342E+07,-52.472900,57.396400,57.396402,0.000002,
20260910-200059-7da7038,nx1_bcs_-40c_vce1.4v,bcs,hbt_bcs,-40,1,1.4,0.67,1.759640e-08,0.000153,3.91961E+07,-52.458200,57.381800,57.381802,0.000002,
20260910-200059-7da7038,nx1_bcs_-40c_vce1.4v,bcs,hbt_bcs,-40,1,1.4,0.69,4.706090e-08,0.000409,1.04178E+08,-52.412300,57.336000,57.336002,0.000002,
20260910-200059-7da7038,nx1_bcs_-40c_vce1.4v,bcs,hbt_bcs,-40,1,1.4,0.71,1.258610e-07,0.001093,2.77040E+08,-52.156700,57.080900,57.080902,0.000002,
20260910-200059-7da7038,nx1_bcs_-40c_vce1.4v,bcs,hbt_bcs,-40,1,1.4,0.73,3.365810e-07,0.002922,7.34508E+08,-50.721400,55.646800,55.646803,0.000003,
20260910-200059-7da7038,nx1_bcs_-40c_vce1.4v,bcs,hbt_bcs,-40,1,1.4,0.75,8.999200e-07,0.007812,1.94983E+09,-45.964700,50.893200,50.893208,0.000008,
20260910-200059-7da7038,nx1_bcs_-40c_vce1.4v,bcs,hbt_bcs,-40,1,1.4,0.77,2.404760e-06,0.020875,5.14117E+09,-38.394100,43.331200,43.331245,0.000045,
20260910-200059-7da7038,nx1_bcs_-40c_vce1.4v,bcs,hbt_bcs,-40,1,1.4,0.79,6.415400e-06,0.055689,1.34728E+10,-30.080100,35.041800,35.042104,0.000304,
20260910-200059-7da7038,nx1_bcs_-40c_vce1.4v,bcs,hbt_bcs,-40,1,1.4,0.81,1.703410e-05,0.147865,3.45611E+10,-21.765400,26.804400,26.806423,0.002023,
20260910-200059-7da7038,nx1_bcs_-40c_vce1.4v,bcs,hbt_bcs,-40,1,1.4,0.83,4.463500e-05,0.387457,8.39664E+10,-13.763600,19.068100,19.080098,0.011998,
20260910-200059-7da7038,nx1_bcs_-40c_vce1.4v,bcs,hbt_bcs,-40,1,1.4,0.85,1.130490e-04,0.981328,1.8221E+11,-6.521270,12.678800,12.730804,0.052004,
20260910-200059-7da7038,nx1_bcs_-40c_vce1.4v,bcs,hbt_bcs,-40,1,1.4,0.87,2.659470e-04,2.308568,3.23596E+11,-0.670904,8.658920,8.788970,0.130050,
20260910-200059-7da7038,nx1_bcs_-40c_vce1.4v,bcs,hbt_bcs,-40,1,1.4,0.89,5.547010e-04,4.815113,4.56516E+11,3.410250,6.754570,6.954568,0.199998,
20260910-200059-7da7038,nx1_bcs_-40c_vce1.4v,bcs,hbt_bcs,-40,1,1.4,0.91,1.006390e-03,8.736024,5.42935E+11,5.991410,5.874800,6.118469,0.243669,
20260910-200059-7da7038,nx1_bcs_-40c_vce1.4v,bcs,hbt_bcs,-40,1,1.4,0.93,1.615330e-03,14.021962,5.86775E+11,7.625370,5.388360,5.660023,0.271663,
20260910-200059-7da7038,nx1_bcs_-40c_vce1.4v,bcs,hbt_bcs,-40,1,1.4,0.95,2.363680e-03,20.518056,6.00167E+11,8.725970,5.071360,5.362918,0.291558,
20260910-200059-7da7038,nx1_bcs_-40c_vce1.4v,bcs,hbt_bcs,-40,1,1.4,0.97,3.234630e-03,28.078385,5.87377E+11,9.523820,4.846680,5.153185,0.306505,ic_high;vbe_high
20260910-200059-7da7038,nx1_bcs_-40c_vce1.4v,bcs,hbt_bcs,-40,1,1.4,0.99,4.217670e-03,36.611719,5.48048E+11,10.139200,4.684030,5.001814,0.317784,ic_high;vbe_high
20260910-200059-7da7038,nx1_bcs_-40c_vce1.4v,bcs,hbt_bcs,-40,1,1.4,1.01,5.306610e-03,46.064323,4.83154E+11,10.636800,4.569880,4.895817,0.325937,ic_high;vbe_high
20260910-200059-7da7038,nx1_bcs_-40c_vce1.4v,bcs,hbt_bcs,-40,1,1.4,1.03,6.498370e-03,56.409462,4.03682E+11,11.052800,4.498390,4.829536,0.331146,ic_high;vbe_high
20260910-200059-7da7038,nx1_bcs_-40c_vce1.4v,bcs,hbt_bcs,-40,1,1.4,1.05,7.791700e-03,67.636285,3.19978E+11,4.123780,6.489800,6.702068,0.212268,ic_high;vbe_high
20260910-200059-7da7038,nx1_bcs_125c_vce0.8v,bcs,hbt_bcs,125,1,0.8,0.55,2.749680e-06,0.023869,3.40112E+09,-41.827200,49.083700,49.083682,-0.000018,vbe_low
20260910-200059-7da7038,nx1_bcs_125c_vce0.8v,bcs,hbt_bcs,125,1,0.8,0.57,4.809620e-06,0.041750,5.87643E+09,-37.289000,44.552300,44.552250,-0.000050,vbe_low
20260910-200059-7da7038,nx1_bcs_125c_vce0.8v,bcs,hbt_bcs,125,1,0.8,0.59,8.404570e-06,0.072956,1.01301E+10,-32.575200,39.851100,39.850953,-0.000147,vbe_low
20260910-200059-7da7038,nx1_bcs_125c_vce0.8v,bcs,hbt_bcs,125,1,0.8,0.61,1.466150e-05,0.127270,1.73182E+10,-27.828400,35.127300,35.126865,-0.000435,vbe_low
20260910-200059-7da7038,nx1_bcs_125c_vce0.8v,bcs,hbt_bcs,125,1,0.8,0.63,2.550080e-05,0.221361,2.91621E+10,-23.119700,30.462600,30.461325,-0.001275,vbe_low
20260910-200059-7da7038,nx1_bcs_125c_vce0.8v,bcs,hbt_bcs,125,1,0.8,0.65,4.412770e-05,0.383053,4.82271E+10,-18.506400,25.934900,25.931283,-0.003617,
20260910-200059-7da7038,nx1_bcs_125c_vce0.8v,bcs,hbt_bcs,125,1,0.8,0.67,7.571000e-05,0.657205,7.716E+10,-14.058100,21.655300,21.645603,-0.009697,
20260910-200059-7da7038,nx1_bcs_125c_vce0.8v,bcs,hbt_bcs,125,1,0.8,0.69,1.281160e-04,1.112118,1.17574E+11,-9.866920,17.787300,17.763634,-0.023666,
20260910-200059-7da7038,nx1_bcs_125c_vce0.8v,bcs,hbt_bcs,125,1,0.8,0.71,2.123030e-04,1.842908,1.69062E+11,-6.042250,14.528600,14.478328,-0.050272,
20260910-200059-7da7038,nx1_bcs_125c_vce0.8v,bcs,hbt_bcs,125,1,0.8,0.73,3.416590e-04,2.965790,2.26462E+11,-2.686360,12.022500,11.932569,-0.089931,
20260910-200059-7da7038,nx1_bcs_125c_vce0.8v,bcs,hbt_bcs,125,1,0.8,0.75,5.298700e-04,4.599566,2.81849E+11,0.141847,10.255000,10.119186,-0.135814,
20260910-200059-7da7038,nx1_bcs_125c_vce0.8v,bcs,hbt_bcs,125,1,0.8,0.77,7.880580e-04,6.840781,3.28473E+11,2.448800,9.066570,8.887114,-0.179456,
20260910-200059-7da7038,nx1_bcs_125c_vce0.8v,bcs,hbt_bcs,125,1,0.8,0.79,1.122810e-03,9.746615,3.64474E+11,4.295310,8.265660,8.048941,-0.216719,
20260910-200059-7da7038,nx1_bcs_125c_vce0.8v,bcs,hbt_bcs,125,1,0.8,0.81,1.536050e-03,13.333767,3.88533E+11,5.765670,7.706470,7.459107,-0.247363,
20260910-200059-7da7038,nx1_bcs_125c_vce0.8v,bcs,hbt_bcs,125,1,0.8,0.83,2.026130e-03,17.587934,3.99991E+11,6.941430,7.299030,7.026558,-0.272472,
20260910-200059-7da7038,nx1_bcs_125c_vce0.8v,bcs,hbt_bcs,125,1,0.8,0.85,2.589200e-03,22.475694,3.95946E+11,7.889640,6.992060,6.698944,-0.293116,
20260910-200059-7da7038,nx1_bcs_125c_vce0.8v,bcs,hbt_bcs,125,1,0.8,0.87,3.220340e-03,27.954340,3.78256E+11,8.661390,6.756480,6.446428,-0.310052,ic_high
20260910-200059-7da7038,nx1_bcs_125c_vce0.8v,bcs,hbt_bcs,125,1,0.8,0.89,3.913950e-03,33.975260,3.47628E+11,9.285360,6.576450,6.252774,-0.323676,ic_high
20260910-200059-7da7038,nx1_bcs_125c_vce0.8v,bcs,hbt_bcs,125,1,0.8,0.91,4.661010e-03,40.460156,2.94798E+11,9.675590,6.455640,6.122475,-0.333165,ic_high
20260910-200059-7da7038,nx1_bcs_125c_vce0.8v,bcs,hbt_bcs,125,1,0.8,0.93,5.421350e-03,47.060330,1.80005E+11,9.088470,6.485350,6.154545,-0.330805,ic_high
20260910-200059-7da7038,nx1_bcs_125c_vce0.8v,bcs,hbt_bcs,125,1,0.8,0.95,6.105100e-03,52.995660,8.66051E+10,7.572780,6.680730,6.365020,-0.315710,ic_high
20260910-200059-7da7038,nx1_bcs_125c_vce0.8v,bcs,hbt_bcs,125,1,0.8,0.97,6.722170e-03,58.352170,5.09205E+10,6.755080,6.790690,6.483159,-0.307531,ic_high;vbe_high
20260910-200059-7da7038,nx1_bcs_125c_vce0.8v,bcs,hbt_bcs,125,1,0.8,0.99,7.328080e-03,63.611806,3.49762E+10,6.509990,6.817220,6.511629,-0.305591,ic_high;vbe_high
20260910-200059-7da7038,nx1_bcs_125c_vce0.8v,bcs,hbt_bcs,125,1,0.8,1.01,7.949280e-03,69.004167,2.58423E+10,6.378060,6.856270,6.553512,-0.302758,ic_high;vbe_high
20260910-200059-7da7038,nx1_bcs_125c_vce0.8v,bcs,hbt_bcs,125,1,0.8,1.03,8.586320e-03,74.534028,1.9272E+10,5.915880,7.008630,6.716669,-0.291961,ic_high;vbe_high
20260910-200059-7da7038,nx1_bcs_125c_vce0.8v,bcs,hbt_bcs,125,1,0.8,1.05,9.213660e-03,79.979688,1.34521E+10,4.577600,7.426600,7.162261,-0.264339,ic_high;vbe_high
20260910-200059-7da7038,nx1_bcs_125c_vce1.0v,bcs,hbt_bcs,125,1,1.0,0.55,2.752880e-06,0.023897,3.4283E+09,-41.837400,49.093900,49.093883,-0.000017,vbe_low
20260910-200059-7da7038,nx1_bcs_125c_vce1.0v,bcs,hbt_bcs,125,1,1.0,0.57,4.815950e-06,0.041805,5.92767E+09,-37.285300,44.548700,44.548650,-0.000050,vbe_low
20260910-200059-7da7038,nx1_bcs_125c_vce1.0v,bcs,hbt_bcs,125,1,1.0,0.59,8.417870e-06,0.073072,1.02135E+10,-32.564800,39.840700,39.840553,-0.000147,vbe_low
20260910-200059-7da7038,nx1_bcs_125c_vce1.0v,bcs,hbt_bcs,125,1,1.0,0.61,1.469130e-05,0.127529,1.748E+10,-27.812800,35.111900,35.111463,-0.000437,vbe_low
20260910-200059-7da7038,nx1_bcs_125c_vce1.0v,bcs,hbt_bcs,125,1,1.0,0.63,2.557130e-05,0.221973,2.94406E+10,-23.098000,30.441200,30.439919,-0.001281,vbe_low
20260910-200059-7da7038,nx1_bcs_125c_vce1.0v,bcs,hbt_bcs,125,1,1.0,0.65,4.430220e-05,0.384568,4.87947E+10,-18.476000,25.905400,25.901758,-0.003642,
20260910-200059-7da7038,nx1_bcs_125c_vce1.0v,bcs,hbt_bcs,125,1,1.0,0.67,7.615010e-05,0.661025,7.81918E+10,-14.015100,21.614800,21.605012,-0.009788,
20260910-200059-7da7038,nx1_bcs_125c_vce1.0v,bcs,hbt_bcs,125,1,1.0,0.69,1.292180e-04,1.121684,1.19474E+11,-9.806840,17.734100,17.710142,-0.023958,
20260910-200059-7da7038,nx1_bcs_125c_vce1.0v,bcs,hbt_bcs,125,1,1.0,0.71,2.149610e-04,1.865981,1.7223E+11,-5.961480,14.464700,14.413679,-0.051021,
20260910-200059-7da7038,nx1_bcs_125c_vce1.0v,bcs,hbt_bcs,125,1,1.0,0.73,3.476710e-04,3.017977,2.30836E+11,-2.584150,11.954400,11.863032,-0.091368,
20260910-200059-7da7038,nx1_bcs_125c_vce1.0v,bcs,hbt_bcs,125,1,1.0,0.75,5.423700e-04,4.708073,2.87933E+11,0.262490,10.189900,10.052002,-0.137898,
20260910-200059-7da7038,nx1_bcs_125c_vce1.0v,bcs,hbt_bcs,125,1,1.0,0.77,8.117320e-04,7.046285,3.36053E+11,2.582220,9.008300,8.826369,-0.181931,
20260910-200059-7da7038,nx1_bcs_125c_vce1.0v,bcs,hbt_bcs,125,1,1.0,0.79,1.163770e-03,10.102170,3.73089E+11,4.435540,8.214600,7.995252,-0.219348,
20260910-200059-7da7038,nx1_bcs_125c_vce1.0v,bcs,hbt_bcs,125,1,1.0,0.81,1.601450e-03,13.901476,3.99411E+11,5.908000,7.661870,7.411879,-0.249991,
20260910-200059-7da7038,nx1_bcs_125c_vce1.0v,bcs,hbt_bcs,125,1,1.0,0.83,2.123730e-03,18.435156,4.12921E+11,7.082820,7.260490,6.985511,-0.274979,
20260910-200059-7da7038,nx1_bcs_125c_vce1.0v,bcs,hbt_bcs,125,1,1.0,0.85,2.727060e-03,23.672396,4.14704E+11,8.028570,6.960020,6.664658,-0.295362,
20260910-200059-7da7038,nx1_bcs_125c_vce1.0v,bcs,hbt_bcs,125,1,1.0,0.87,3.406550e-03,29.570747,4.01832E+11,8.797450,6.732190,6.420335,-0.311855,ic_high
20260910-200059-7da7038,nx1_bcs_125c_vce1.0v,bcs,hbt_bcs,125,1,1.0,0.89,4.156770e-03,36.083073,3.68457E+11,9.427710,6.560660,6.235760,-0.324900,ic_high
20260910-200059-7da7038,nx1_bcs_125c_vce1.0v,bcs,hbt_bcs,125,1,1.0,0.91,4.972130e-03,43.160851,3.24398E+11,9.945550,6.435800,6.101049,-0.334751,ic_high
20260910-200059-7da7038,nx1_bcs_125c_vce1.0v,bcs,hbt_bcs,125,1,1.0,0.93,5.845540e-03,50.742535,2.66196E+11,10.323500,6.357010,6.015883,-0.341127,ic_high
20260910-200059-7da7038,nx1_bcs_125c_vce1.0v,bcs,hbt_bcs,125,1,1.0,0.95,6.747020e-03,58.567882,1.72752E+11,10.040700,6.380540,6.041330,-0.339210,ic_high
20260910-200059-7da7038,nx1_bcs_125c_vce1.0v,bcs,hbt_bcs,125,1,1.0,0.97,7.574690e-03,65.752517,8.43683E+10,8.642720,6.567760,6.243411,-0.324349,ic_high;vbe_high
20260910-200059-7da7038,nx1_bcs_125c_vce1.0v,bcs,hbt_bcs,125,1,1.0,0.99,8.314930e-03,72.178212,4.96132E+10,7.711510,6.719650,6.406860,-0.312790,ic_high;vbe_high
20260910-200059-7da7038,nx1_bcs_125c_vce1.0v,bcs,hbt_bcs,125,1,1.0,1.01,9.031820e-03,78.401215,3.4488E+10,7.328610,6.815620,6.509913,-0.305707,ic_high;vbe_high
20260910-200059-7da7038,nx1_bcs_125c_vce1.0v,bcs,hbt_bcs,125,1,1.0,1.03,9.759630e-03,84.719010,2.62183E+10,7.125050,6.920570,6.622418,-0.298152,ic_high;vbe_high
20260910-200059-7da7038,nx1_bcs_125c_vce1.0v,bcs,hbt_bcs,125,1,1.0,1.05,1.050590e-02,91.197049,2.0698E+10,6.786330,7.094530,6.808479,-0.286051,ic_high;vbe_high
20260910-200059-7da7038,nx1_bcs_125c_vce1.2v,bcs,hbt_bcs,125,1,1.2,0.55,2.756750e-06,0.023930,3.45042E+09,-41.841300,49.097800,49.097783,-0.000017,vbe_low
20260910-200059-7da7038,nx1_bcs_125c_vce1.2v,bcs,hbt_bcs,125,1,1.2,0.57,4.823280e-06,0.041869,5.96899E+09,-37.278600,44.542000,44.541950,-0.000050,vbe_low
20260910-200059-7da7038,nx1_bcs_125c_vce1.2v,bcs,hbt_bcs,125,1,1.2,0.59,8.432660e-06,0.073200,1.02805E+10,-32.552600,39.828600,39.828452,-0.000148,vbe_low
20260910-200059-7da7038,nx1_bcs_125c_vce1.2v,bcs,hbt_bcs,125,1,1.2,0.61,1.472330e-05,0.127806,1.76096E+10,-27.796200,35.095400,35.094961,-0.000439,vbe_low
20260910-200059-7da7038,nx1_bcs_125c_vce1.2v,bcs,hbt_bcs,125,1,1.2,0.63,2.564530e-05,0.222615,2.97006E+10,-23.075600,30.419100,30.417812,-0.001288,vbe_low
20260910-200059-7da7038,nx1_bcs_125c_vce1.2v,bcs,hbt_bcs,125,1,1.2,0.65,4.448260e-05,0.386134,4.92537E+10,-18.445000,25.875100,25.871433,-0.003667,
20260910-200059-7da7038,nx1_bcs_125c_vce1.2v,bcs,hbt_bcs,125,1,1.2,0.67,7.660250e-05,0.664952,7.90347E+10,-13.971400,21.573500,21.563619,-0.009881,
20260910-200059-7da7038,nx1_bcs_125c_vce1.2v,bcs,hbt_bcs,125,1,1.2,0.69,1.303520e-04,1.131528,1.21077E+11,-9.745770,17.680000,17.655740,-0.024260,
20260910-200059-7da7038,nx1_bcs_125c_vce1.2v,bcs,hbt_bcs,125,1,1.2,0.71,2.177160e-04,1.889896,1.74849E+11,-5.879220,14.399700,14.347905,-0.051795,
20260910-200059-7da7038,nx1_bcs_125c_vce1.2v,bcs,hbt_bcs,125,1,1.2,0.73,3.539740e-04,3.072691,2.34434E+11,-2.479650,11.885200,11.792349,-0.092851,
20260910-200059-7da7038,nx1_bcs_125c_vce1.2v,bcs,hbt_bcs,125,1,1.2,0.75,5.556530e-04,4.823377,2.92837E+11,0.386390,10.123700,9.983649,-0.140051,
20260910-200059-7da7038,nx1_bcs_125c_vce1.2v,bcs,hbt_bcs,125,1,1.2,0.77,8.372590e-04,7.267873,3.42719E+11,2.719990,8.948810,8.764316,-0.184494,
20260910-200059-7da7038,nx1_bcs_125c_vce1.2v,bcs,hbt_bcs,125,1,1.2,0.79,1.208570e-03,10.491059,3.80353E+11,4.581230,8.162250,7.940173,-0.222077,
20260910-200059-7da7038,nx1_bcs_125c_vce1.2v,bcs,hbt_bcs,125,1,1.2,0.81,1.673940e-03,14.530729,4.06458E+11,6.056780,7.616010,7.363286,-0.252724,
20260910-200059-7da7038,nx1_bcs_125c_vce1.2v,bcs,hbt_bcs,125,1,1.2,0.83,2.233240e-03,19.385764,4.19438E+11,7.231260,7.221060,6.943491,-0.277569,
20260910-200059-7da7038,nx1_bcs_125c_vce1.2v,bcs,hbt_bcs,125,1,1.2,0.85,2.883420e-03,25.029687,4.20584E+11,8.174410,6.928000,6.630376,-0.297624,
20260910-200059-7da7038,nx1_bcs_125c_vce1.2v,bcs,hbt_bcs,125,1,1.2,0.87,3.619840e-03,31.422222,4.08234E+11,8.939350,6.709600,6.396059,-0.313541,ic_high
20260910-200059-7da7038,nx1_bcs_125c_vce1.2v,bcs,hbt_bcs,125,1,1.2,0.89,4.437090e-03,38.516406,3.78276E+11,9.565070,6.550480,6.224788,-0.325692,ic_high
20260910-200059-7da7038,nx1_bcs_125c_vce1.2v,bcs,hbt_bcs,125,1,1.2,0.91,5.329510e-03,46.263108,3.26721E+11,10.078800,6.441850,6.107583,-0.334267,ic_high
20260910-200059-7da7038,nx1_bcs_125c_vce1.2v,bcs,hbt_bcs,125,1,1.2,0.93,6.291240e-03,54.611458,2.67286E+11,10.498900,6.378860,6.039514,-0.339346,ic_high
20260910-200059-7da7038,nx1_bcs_125c_vce1.2v,bcs,hbt_bcs,125,1,1.2,0.95,7.314150e-03,63.490885,2.05162E+11,10.783300,6.364740,6.024244,-0.340496,ic_high
20260910-200059-7da7038,nx1_bcs_125c_vce1.2v,bcs,hbt_bcs,125,1,1.2,0.97,8.354180e-03,72.518924,1.22718E+11,10.302100,6.463400,6.130853,-0.332547,ic_high;vbe_high
20260910-200059-7da7038,nx1_bcs_125c_vce1.2v,bcs,hbt_bcs,125,1,1.2,0.99,9.292490e-03,80.663976,6.45092E+10,8.984770,6.683970,6.368504,-0.315466,ic_high;vbe_high
20260910-200059-7da7038,nx1_bcs_125c_vce1.2v,bcs,hbt_bcs,125,1,1.2,1.01,1.014480e-02,88.062500,4.11802E+10,8.179900,6.871600,6.569947,-0.301653,ic_high;vbe_high
20260910-200059-7da7038,nx1_bcs_125c_vce1.2v,bcs,hbt_bcs,125,1,1.2,1.03,1.097730e-02,95.289063,3.01657E+10,7.764700,7.043840,6.754317,-0.289523,ic_high;vbe_high
20260910-200059-7da7038,nx1_bcs_125c_vce1.2v,bcs,hbt_bcs,125,1,1.2,1.05,1.181950e-02,102.599826,2.3743E+10,7.450430,7.246460,6.970562,-0.275898,ic_high;vbe_high
20260910-200059-7da7038,nx1_bcs_125c_vce1.4v,bcs,hbt_bcs,125,1,1.4,0.55,2.763050e-06,0.023985,4.4712E+09,-41.836300,49.092800,49.092783,-0.000017,vbe_low
20260910-200059-7da7038,nx1_bcs_125c_vce1.4v,bcs,hbt_bcs,125,1,1.4,0.57,4.834500e-06,0.041966,,-37.265200,44.528600,44.528550,-0.000050,vbe_low
20260910-200059-7da7038,nx1_bcs_125c_vce1.4v,bcs,hbt_bcs,125,1,1.4,0.59,8.453630e-06,0.073382,,-32.534900,39.810900,39.810752,-0.000148,vbe_low
20260910-200059-7da7038,nx1_bcs_125c_vce1.4v,bcs,hbt_bcs,125,1,1.4,0.61,1.476510e-05,0.128169,1.77283E+10,-27.774600,35.073900,35.073459,-0.000441,vbe_low
20260910-200059-7da7038,nx1_bcs_125c_vce1.4v,bcs,hbt_bcs,125,1,1.4,0.63,2.573520e-05,0.223396,2.99369E+10,-23.048600,30.392400,30.391104,-0.001296,vbe_low
20260910-200059-7da7038,nx1_bcs_125c_vce1.4v,bcs,hbt_bcs,125,1,1.4,0.65,4.468940e-05,0.387929,4.96699E+10,-18.409600,25.840600,25.836903,-0.003697,
20260910-200059-7da7038,nx1_bcs_125c_vce1.4v,bcs,hbt_bcs,125,1,1.4,0.67,7.710140e-05,0.669283,7.97994E+10,-13.923400,21.528000,21.518014,-0.009986,
20260910-200059-7da7038,nx1_bcs_125c_vce1.4v,bcs,hbt_bcs,125,1,1.4,0.69,1.315760e-04,1.142153,1.22532E+11,-9.680280,17.621700,17.597112,-0.024588,
20260910-200059-7da7038,nx1_bcs_125c_vce1.4v,bcs,hbt_bcs,125,1,1.4,0.71,2.206650e-04,1.915495,1.77221E+11,-5.792400,14.330800,14.278172,-0.052628,
20260910-200059-7da7038,nx1_bcs_125c_vce1.4v,bcs,hbt_bcs,125,1,1.4,0.73,3.607290e-04,3.131328,2.38049E+11,-2.370670,11.812800,11.718371,-0.094429,
20260910-200059-7da7038,nx1_bcs_125c_vce1.4v,bcs,hbt_bcs,125,1,1.4,0.75,5.699930e-04,4.947856,2.972E+11,0.514359,10.055300,9.912989,-0.142311,
20260910-200059-7da7038,nx1_bcs_125c_vce1.4v,bcs,hbt_bcs,125,1,1.4,0.77,8.651030e-04,7.509575,3.48472E+11,2.861340,8.888000,8.700847,-0.187153,
20260910-200059-7da7038,nx1_bcs_125c_vce1.4v,bcs,hbt_bcs,125,1,1.4,0.79,1.258030e-03,10.920399,3.86594E+11,4.730760,8.108860,7.883964,-0.224896,
20260910-200059-7da7038,nx1_bcs_125c_vce1.4v,bcs,hbt_bcs,125,1,1.4,0.81,1.754990e-03,15.234288,4.11909E+11,6.210880,7.569130,7.313581,-0.255549,
20260910-200059-7da7038,nx1_bcs_125c_vce1.4v,bcs,hbt_bcs,125,1,1.4,0.83,2.357290e-03,20.462587,4.24389E+11,7.387110,7.180860,6.900625,-0.280235,
20260910-200059-7da7038,nx1_bcs_125c_vce1.4v,bcs,hbt_bcs,125,1,1.4,0.85,3.062840e-03,26.587153,4.23178E+11,8.329100,6.896240,6.596354,-0.299886,ic_high
20260910-200059-7da7038,nx1_bcs_125c_vce1.4v,bcs,hbt_bcs,125,1,1.4,0.87,3.867510e-03,33.572135,4.0672E+11,9.090180,6.689460,6.374407,-0.315053,ic_high
20260910-200059-7da7038,nx1_bcs_125c_vce1.4v,bcs,hbt_bcs,125,1,1.4,0.89,4.766150e-03,41.372830,3.72237E+11,9.709920,6.546430,6.220423,-0.326007,ic_high
20260910-200059-7da7038,nx1_bcs_125c_vce1.4v,bcs,hbt_bcs,125,1,1.4,0.91,5.753110e-03,49.940191,3.23695E+11,10.216400,6.459730,6.126891,-0.332839,ic_high
20260910-200059-7da7038,nx1_bcs_125c_vce1.4v,bcs,hbt_bcs,125,1,1.4,0.93,6.822240e-03,59.220833,2.53756E+11,10.625900,6.426260,6.090744,-0.335516,ic_high
20260910-200059-7da7038,nx1_bcs_125c_vce1.4v,bcs,hbt_bcs,125,1,1.4,0.95,7.966290e-03,69.151823,1.85539E+11,10.942900,6.445890,6.111946,-0.333944,ic_high
20260910-200059-7da7038,nx1_bcs_125c_vce1.4v,bcs,hbt_bcs,125,1,1.4,0.97,9.167100e-03,79.575521,1.23264E+11,10.981500,6.537170,6.210440,-0.326730,ic_high;vbe_high
20260910-200059-7da7038,nx1_bcs_125c_vce1.4v,bcs,hbt_bcs,125,1,1.4,0.99,1.031800e-02,89.565972,6.85879E+10,9.924210,6.774730,6.466026,-0.308704,ic_high;vbe_high
20260910-200059-7da7038,nx1_bcs_125c_vce1.4v,bcs,hbt_bcs,125,1,1.4,1.01,1.133620e-02,98.404514,4.21031E+10,8.831820,7.047240,6.757951,-0.289289,ic_high;vbe_high
20260910-200059-7da7038,nx1_bcs_125c_vce1.4v,bcs,hbt_bcs,125,1,1.4,1.03,1.229620e-02,106.737847,2.97079E+10,8.165050,7.309290,7.037482,-0.271808,ic_high;vbe_high
20260910-200059-7da7038,nx1_bcs_125c_vce1.4v,bcs,hbt_bcs,125,1,1.4,1.05,1.324850e-02,115.004340,2.25492E+10,7.635640,7.600470,7.346813,-0.253657,ic_high;vbe_high
20260910-200059-7da7038,nx1_wcs_-40c_vce0.8v,wcs,hbt_wcs,-40,1,0.8,0.55,2.837760e-11,0.000000,,-50.680300,55.603800,55.603803,0.000003,vbe_low
20260910-200059-7da7038,nx1_wcs_-40c_vce0.8v,wcs,hbt_wcs,-40,1,0.8,0.57,7.546840e-11,0.000001,,-50.664800,55.588300,55.588303,0.000003,vbe_low
20260910-200059-7da7038,nx1_wcs_-40c_vce0.8v,wcs,hbt_wcs,-40,1,0.8,0.59,2.014630e-10,0.000002,,-50.649000,55.572500,55.572503,0.000003,vbe_low
20260910-200059-7da7038,nx1_wcs_-40c_vce0.8v,wcs,hbt_wcs,-40,1,0.8,0.61,5.385120e-10,0.000005,,-50.632800,55.556300,55.556303,0.000003,vbe_low
20260910-200059-7da7038,nx1_wcs_-40c_vce0.8v,wcs,hbt_wcs,-40,1,0.8,0.63,1.440080e-09,0.000013,2.43236E+06,-50.616200,55.539700,55.539703,0.000003,vbe_low
20260910-200059-7da7038,nx1_wcs_-40c_vce0.8v,wcs,hbt_wcs,-40,1,0.8,0.65,3.851600e-09,0.000033,6.46499E+06,-50.598900,55.522400,55.522403,0.000003,
20260910-200059-7da7038,nx1_wcs_-40c_vce0.8v,wcs,hbt_wcs,-40,1,0.8,0.67,1.030170e-08,0.000089,1.72082E+07,-50.579800,55.503400,55.503403,0.000003,
20260910-200059-7da7038,nx1_wcs_-40c_vce0.8v,wcs,hbt_wcs,-40,1,0.8,0.69,2.755310e-08,0.000239,4.56611E+07,-50.552700,55.476300,55.476303,0.000003,
20260910-200059-7da7038,nx1_wcs_-40c_vce0.8v,wcs,hbt_wcs,-40,1,0.8,0.71,7.368910e-08,0.000640,1.21498E+08,-50.475400,55.399200,55.399203,0.000003,
20260910-200059-7da7038,nx1_wcs_-40c_vce0.8v,wcs,hbt_wcs,-40,1,0.8,0.73,1.970470e-07,0.001710,3.21896E+08,-50.074100,54.998700,54.998703,0.000003,
20260910-200059-7da7038,nx1_wcs_-40c_vce0.8v,wcs,hbt_wcs,-40,1,0.8,0.75,5.267020e-07,0.004572,8.54303E+08,-48.045000,52.971400,52.971405,0.000005,
20260910-200059-7da7038,nx1_wcs_-40c_vce0.8v,wcs,hbt_wcs,-40,1,0.8,0.77,1.406410e-06,0.012208,2.25525E+09,-42.463000,47.394300,47.394318,0.000018,
20260910-200059-7da7038,nx1_wcs_-40c_vce0.8v,wcs,hbt_wcs,-40,1,0.8,0.79,3.745050e-06,0.032509,5.91187E+09,-34.649000,39.594400,39.594506,0.000106,
20260910-200059-7da7038,nx1_wcs_-40c_vce0.8v,wcs,hbt_wcs,-40,1,0.8,0.81,9.899880e-06,0.085936,1.52612E+10,-26.436000,31.424500,31.425198,0.000698,
20260910-200059-7da7038,nx1_wcs_-40c_vce0.8v,wcs,hbt_wcs,-40,1,0.8,0.83,2.568430e-05,0.222954,3.76968E+10,-18.488300,23.620000,23.624210,0.004210,
20260910-200059-7da7038,nx1_wcs_-40c_vce0.8v,wcs,hbt_wcs,-40,1,0.8,0.85,6.376710e-05,0.553534,8.47057E+10,-11.308700,16.905700,16.925423,0.019723,
20260910-200059-7da7038,nx1_wcs_-40c_vce0.8v,wcs,hbt_wcs,-40,1,0.8,0.87,1.452080e-04,1.260486,1.60134E+11,-5.509100,12.213600,12.271445,0.057845,
20260910-200059-7da7038,nx1_wcs_-40c_vce0.8v,wcs,hbt_wcs,-40,1,0.8,0.89,2.908730e-04,2.524939,2.42828E+11,-1.438280,9.690430,9.793308,0.102878,
20260910-200059-7da7038,nx1_wcs_-40c_vce0.8v,wcs,hbt_wcs,-40,1,0.8,0.91,5.070480e-04,4.401458,3.07769E+11,1.145360,8.484890,8.620175,0.135285,
20260910-200059-7da7038,nx1_wcs_-40c_vce0.8v,wcs,hbt_wcs,-40,1,0.8,0.93,7.851630e-04,6.815651,3.49852E+11,2.755480,7.862860,8.018609,0.155749,
20260910-200059-7da7038,nx1_wcs_-40c_vce0.8v,wcs,hbt_wcs,-40,1,0.8,0.95,1.112330e-03,9.655642,3.73827E+11,3.800320,7.491530,7.660913,0.169383,
20260910-200059-7da7038,nx1_wcs_-40c_vce0.8v,wcs,hbt_wcs,-40,1,0.8,0.97,1.477580e-03,12.826215,3.88164E+11,4.519900,7.240410,7.419671,0.179261,vbe_high
20260910-200059-7da7038,nx1_wcs_-40c_vce0.8v,wcs,hbt_wcs,-40,1,0.8,0.99,1.873000e-03,16.258681,3.93896E+11,5.044670,7.055510,7.242402,0.186892,vbe_high
20260910-200059-7da7038,nx1_wcs_-40c_vce0.8v,wcs,hbt_wcs,-40,1,0.8,1.01,2.293130e-03,19.905642,3.93069E+11,5.446300,6.912010,7.105043,0.193033,vbe_high
20260910-200059-7da7038,nx1_wcs_-40c_vce0.8v,wcs,hbt_wcs,-40,1,0.8,1.03,2.734090e-03,23.733420,3.85715E+11,5.765900,6.797150,6.995240,0.198090,vbe_high
20260910-200059-7da7038,nx1_wcs_-40c_vce0.8v,wcs,hbt_wcs,-40,1,0.8,1.05,3.193120e-03,27.718056,3.72924E+11,6.028200,6.703770,6.906067,0.202297,ic_high;vbe_high
20260910-200059-7da7038,nx1_wcs_-40c_vce1.0v,wcs,hbt_wcs,-40,1,1.0,0.55,2.860470e-11,0.000000,,-50.818500,55.742000,55.742003,0.000003,vbe_low
20260910-200059-7da7038,nx1_wcs_-40c_vce1.0v,wcs,hbt_wcs,-40,1,1.0,0.57,7.574010e-11,0.000001,,-50.805900,55.729300,55.729303,0.000003,vbe_low
20260910-200059-7da7038,nx1_wcs_-40c_vce1.0v,wcs,hbt_wcs,-40,1,1.0,0.59,2.018530e-10,0.000002,,-50.793000,55.716400,55.716403,0.000003,vbe_low
20260910-200059-7da7038,nx1_wcs_-40c_vce1.0v,wcs,hbt_wcs,-40,1,1.0,0.61,5.392170e-10,0.000005,,-50.779800,55.703300,55.703303,0.000003,vbe_low
20260910-200059-7da7038,nx1_wcs_-40c_vce1.0v,wcs,hbt_wcs,-40,1,1.0,0.63,1.441620e-09,0.000013,2.44591E+06,-50.766300,55.689800,55.689803,0.000003,vbe_low
20260910-200059-7da7038,nx1_wcs_-40c_vce1.0v,wcs,hbt_wcs,-40,1,1.0,0.65,3.855370e-09,0.000033,6.5047E+06,-50.752300,55.675800,55.675803,0.000003,
20260910-200059-7da7038,nx1_wcs_-40c_vce1.0v,wcs,hbt_wcs,-40,1,1.0,0.67,1.031140e-08,0.000090,1.73082E+07,-50.736700,55.660200,55.660203,0.000003,
20260910-200059-7da7038,nx1_wcs_-40c_vce1.0v,wcs,hbt_wcs,-40,1,1.0,0.69,2.757860e-08,0.000239,4.59552E+07,-50.712800,55.636500,55.636503,0.000003,
20260910-200059-7da7038,nx1_wcs_-40c_vce1.0v,wcs,hbt_wcs,-40,1,1.0,0.71,7.375750e-08,0.000640,1.2224E+08,-50.637000,55.560800,55.560803,0.000003,
20260910-200059-7da7038,nx1_wcs_-40c_vce1.0v,wcs,hbt_wcs,-40,1,1.0,0.73,1.972330e-07,0.001712,3.23783E+08,-50.224900,55.149500,55.149503,0.000003,
20260910-200059-7da7038,nx1_wcs_-40c_vce1.0v,wcs,hbt_wcs,-40,1,1.0,0.75,5.272220e-07,0.004577,8.59864E+08,-48.138700,53.065100,53.065105,0.000005,
20260910-200059-7da7038,nx1_wcs_-40c_vce1.0v,wcs,hbt_wcs,-40,1,1.0,0.77,1.407960e-06,0.012222,2.2696E+09,-42.482800,47.414100,47.414118,0.000018,
20260910-200059-7da7038,nx1_wcs_-40c_vce1.0v,wcs,hbt_wcs,-40,1,1.0,0.79,3.750310e-06,0.032555,5.95604E+09,-34.642400,39.587800,39.587907,0.000107,
20260910-200059-7da7038,nx1_wcs_-40c_vce1.0v,wcs,hbt_wcs,-40,1,1.0,0.81,9.920860e-06,0.086119,1.53848E+10,-26.419800,31.408400,31.409101,0.000701,
20260910-200059-7da7038,nx1_wcs_-40c_vce1.0v,wcs,hbt_wcs,-40,1,1.0,0.83,2.578040e-05,0.223788,3.80776E+10,-18.460100,23.592800,23.597037,0.004237,
20260910-200059-7da7038,nx1_wcs_-40c_vce1.0v,wcs,hbt_wcs,-40,1,1.0,0.85,6.421310e-05,0.557405,8.58258E+10,-11.261100,16.863800,16.883713,0.019913,
20260910-200059-7da7038,nx1_wcs_-40c_vce1.0v,wcs,hbt_wcs,-40,1,1.0,0.87,1.469790e-04,1.275859,1.62627E+11,-5.439990,12.165000,12.223492,0.058492,
20260910-200059-7da7038,nx1_wcs_-40c_vce1.0v,wcs,hbt_wcs,-40,1,1.0,0.89,2.962060e-04,2.571233,2.47539E+11,-1.357840,9.648790,9.752648,0.103858,
20260910-200059-7da7038,nx1_wcs_-40c_vce1.0v,wcs,hbt_wcs,-40,1,1.0,0.91,5.191360e-04,4.506389,3.13943E+11,1.224850,8.451810,8.588113,0.136303,
20260910-200059-7da7038,nx1_wcs_-40c_vce1.0v,wcs,hbt_wcs,-40,1,1.0,0.93,8.072250e-04,7.007161,3.56757E+11,2.829430,7.834330,7.991087,0.156757,
20260910-200059-7da7038,nx1_wcs_-40c_vce1.0v,wcs,hbt_wcs,-40,1,1.0,0.95,1.147300e-03,9.959201,3.81772E+11,3.870130,7.464180,7.634613,0.170433,
20260910-200059-7da7038,nx1_wcs_-40c_vce1.0v,wcs,hbt_wcs,-40,1,1.0,0.97,1.528010e-03,13.263976,3.96289E+11,4.588340,7.212530,7.392922,0.180392,vbe_high
20260910-200059-7da7038,nx1_wcs_-40c_vce1.0v,wcs,hbt_wcs,-40,1,1.0,0.99,1.941290e-03,16.851476,4.02457E+11,5.114440,7.026450,7.214570,0.188120,vbe_high
20260910-200059-7da7038,nx1_wcs_-40c_vce1.0v,wcs,hbt_wcs,-40,1,1.0,1.01,2.381600e-03,20.673611,4.02629E+11,5.519420,6.881810,7.076161,0.194351,vbe_high
20260910-200059-7da7038,nx1_wcs_-40c_vce1.0v,wcs,hbt_wcs,-40,1,1.0,1.03,2.844900e-03,24.695312,3.97508E+11,5.844010,6.766250,6.965723,0.199473,vbe_high
20260910-200059-7da7038,nx1_wcs_-40c_vce1.0v,wcs,hbt_wcs,-40,1,1.0,1.05,3.328790e-03,28.895747,3.86762E+11,6.112320,6.673000,6.876702,0.203702,ic_high;vbe_high
20260910-200059-7da7038,nx1_wcs_-40c_vce1.2v,wcs,hbt_wcs,-40,1,1.2,0.55,2.883620e-11,0.000000,,-50.933700,55.857200,55.857203,0.000003,vbe_low
20260910-200059-7da7038,nx1_wcs_-40c_vce1.2v,wcs,hbt_wcs,-40,1,1.2,0.57,7.602220e-11,0.000001,,-50.923100,55.846500,55.846503,0.000003,vbe_low
20260910-200059-7da7038,nx1_wcs_-40c_vce1.2v,wcs,hbt_wcs,-40,1,1.2,0.59,2.022680e-10,0.000002,,-50.912200,55.835700,55.835703,0.000003,vbe_low
20260910-200059-7da7038,nx1_wcs_-40c_vce1.2v,wcs,hbt_wcs,-40,1,1.2,0.61,5.399770e-10,0.000005,,-50.901100,55.824600,55.824603,0.000003,vbe_low
20260910-200059-7da7038,nx1_wcs_-40c_vce1.2v,wcs,hbt_wcs,-40,1,1.2,0.63,1.443290e-09,0.000013,2.45753E+06,-50.889800,55.813300,55.813303,0.000003,vbe_low
20260910-200059-7da7038,nx1_wcs_-40c_vce1.2v,wcs,hbt_wcs,-40,1,1.2,0.65,3.859420e-09,0.000034,6.5385E+06,-50.878000,55.801500,55.801503,0.000003,
20260910-200059-7da7038,nx1_wcs_-40c_vce1.2v,wcs,hbt_wcs,-40,1,1.2,0.67,1.032180e-08,0.000090,1.73929E+07,-50.864700,55.788200,55.788203,0.000003,
20260910-200059-7da7038,nx1_wcs_-40c_vce1.2v,wcs,hbt_wcs,-40,1,1.2,0.69,2.760560e-08,0.000240,4.62023E+07,-50.842900,55.766600,55.766603,0.000003,
20260910-200059-7da7038,nx1_wcs_-40c_vce1.2v,wcs,hbt_wcs,-40,1,1.2,0.71,7.382890e-08,0.000641,1.2286E+08,-50.767600,55.691500,55.691503,0.000003,
20260910-200059-7da7038,nx1_wcs_-40c_vce1.2v,wcs,hbt_wcs,-40,1,1.2,0.73,1.974250e-07,0.001714,3.25571E+08,-50.345700,55.270300,55.270303,0.000003,
20260910-200059-7da7038,nx1_wcs_-40c_vce1.2v,wcs,hbt_wcs,-40,1,1.2,0.75,5.277560e-07,0.004581,8.64466E+08,-48.211700,53.138100,53.138105,0.000005,
20260910-200059-7da7038,nx1_wcs_-40c_vce1.2v,wcs,hbt_wcs,-40,1,1.2,0.77,1.409550e-06,0.012236,2.28146E+09,-42.496100,47.427500,47.427518,0.000018,
20260910-200059-7da7038,nx1_wcs_-40c_vce1.2v,wcs,hbt_wcs,-40,1,1.2,0.79,3.755620e-06,0.032601,5.99254E+09,-34.634600,39.580100,39.580207,0.000107,
20260910-200059-7da7038,nx1_wcs_-40c_vce1.2v,wcs,hbt_wcs,-40,1,1.2,0.81,9.941990e-06,0.086302,1.54879E+10,-26.403400,31.392100,31.392804,0.000704,
20260910-200059-7da7038,nx1_wcs_-40c_vce1.2v,wcs,hbt_wcs,-40,1,1.2,0.83,2.587740e-05,0.224630,3.84017E+10,-18.431700,23.565400,23.569664,0.004264,
20260910-200059-7da7038,nx1_wcs_-40c_vce1.2v,wcs,hbt_wcs,-40,1,1.2,0.85,6.466720e-05,0.561347,8.67984E+10,-11.213100,16.821500,16.841608,0.020108,
20260910-200059-7da7038,nx1_wcs_-40c_vce1.2v,wcs,hbt_wcs,-40,1,1.2,0.87,1.488070e-04,1.291727,1.64807E+11,-5.369800,12.115900,12.175052,0.059152,
20260910-200059-7da7038,nx1_wcs_-40c_vce1.2v,wcs,hbt_wcs,-40,1,1.2,0.89,3.017870e-04,2.619679,2.51591E+11,-1.275800,9.606570,9.711430,0.104860,
20260910-200059-7da7038,nx1_wcs_-40c_vce1.2v,wcs,hbt_wcs,-40,1,1.2,0.91,5.319300e-04,4.617448,3.19083E+11,1.306110,8.418150,8.555497,0.137347,
20260910-200059-7da7038,nx1_wcs_-40c_vce1.2v,wcs,hbt_wcs,-40,1,1.2,0.93,8.308100e-04,7.211892,3.62264E+11,2.905420,7.805050,7.962848,0.157798,
20260910-200059-7da7038,nx1_wcs_-40c_vce1.2v,wcs,hbt_wcs,-40,1,1.2,0.95,1.184880e-03,10.285417,3.87856E+11,3.942160,7.436020,7.607540,0.171520,
20260910-200059-7da7038,nx1_wcs_-40c_vce1.2v,wcs,hbt_wcs,-40,1,1.2,0.97,1.582540e-03,13.737326,4.02019E+11,4.659460,7.183810,7.365374,0.181564,vbe_high
20260910-200059-7da7038,nx1_wcs_-40c_vce1.2v,wcs,hbt_wcs,-40,1,1.2,0.99,2.015640e-03,17.496875,4.07964E+11,5.187240,6.996710,7.186095,0.189385,vbe_high
20260910-200059-7da7038,nx1_wcs_-40c_vce1.2v,wcs,hbt_wcs,-40,1,1.2,1.01,2.478440e-03,21.514236,4.07968E+11,5.595940,6.851330,7.047019,0.195689,vbe_high
20260910-200059-7da7038,nx1_wcs_-40c_vce1.2v,wcs,hbt_wcs,-40,1,1.2,1.03,2.967030e-03,25.755469,4.02729E+11,5.925470,6.735860,6.936702,0.200842,vbe_high
20260910-200059-7da7038,nx1_wcs_-40c_vce1.2v,wcs,hbt_wcs,-40,1,1.2,1.05,3.478690e-03,30.196962,3.92139E+11,6.199600,6.643900,6.848940,0.205040,ic_high;vbe_high
20260910-200059-7da7038,nx1_wcs_-40c_vce1.4v,wcs,hbt_wcs,-40,1,1.4,0.55,2.907960e-11,0.000000,,-51.032500,55.955900,55.955902,0.000002,vbe_low
20260910-200059-7da7038,nx1_wcs_-40c_vce1.4v,wcs,hbt_wcs,-40,1,1.4,0.57,7.633380e-11,0.000001,,-51.023200,55.946700,55.946702,0.000002,vbe_low
20260910-200059-7da7038,nx1_wcs_-40c_vce1.4v,wcs,hbt_wcs,-40,1,1.4,0.59,2.027550e-10,0.000002,,-51.013800,55.937300,55.937302,0.000002,vbe_low
20260910-200059-7da7038,nx1_wcs_-40c_vce1.4v,wcs,hbt_wcs,-40,1,1.4,0.61,5.409150e-10,0.000005,,-51.004300,55.927700,55.927702,0.000002,vbe_low
20260910-200059-7da7038,nx1_wcs_-40c_vce1.4v,wcs,hbt_wcs,-40,1,1.4,0.63,1.445390e-09,0.000013,2.46833E+06,-50.994500,55.918000,55.918002,0.000002,vbe_low
20260910-200059-7da7038,nx1_wcs_-40c_vce1.4v,wcs,hbt_wcs,-40,1,1.4,0.65,3.864530e-09,0.000034,6.56959E+06,-50.984300,55.907800,55.907802,0.000002,
20260910-200059-7da7038,nx1_wcs_-40c_vce1.4v,wcs,hbt_wcs,-40,1,1.4,0.67,1.033460e-08,0.000090,1.74701E+07,-50.972600,55.896100,55.896102,0.000002,
20260910-200059-7da7038,nx1_wcs_-40c_vce1.4v,wcs,hbt_wcs,-40,1,1.4,0.69,2.763870e-08,0.000240,4.64256E+07,-50.952400,55.876000,55.876003,0.000003,
20260910-200059-7da7038,nx1_wcs_-40c_vce1.4v,wcs,hbt_wcs,-40,1,1.4,0.71,7.391490e-08,0.000642,1.23416E+08,-50.877100,55.801000,55.801003,0.000003,
20260910-200059-7da7038,nx1_wcs_-40c_vce1.4v,wcs,hbt_wcs,-40,1,1.4,0.73,1.976520e-07,0.001716,3.27189E+08,-50.446100,55.370700,55.370703,0.000003,
20260910-200059-7da7038,nx1_wcs_-40c_vce1.4v,wcs,hbt_wcs,-40,1,1.4,0.75,5.283720e-07,0.004587,8.68537E+08,-48.270400,53.196800,53.196805,0.000005,
20260910-200059-7da7038,nx1_wcs_-40c_vce1.4v,wcs,hbt_wcs,-40,1,1.4,0.77,1.411320e-06,0.012251,2.29192E+09,-42.504400,47.435800,47.435817,0.000017,
20260910-200059-7da7038,nx1_wcs_-40c_vce1.4v,wcs,hbt_wcs,-40,1,1.4,0.79,3.761400e-06,0.032651,6.02464E+09,-34.625100,39.570600,39.570707,0.000107,
20260910-200059-7da7038,nx1_wcs_-40c_vce1.4v,wcs,hbt_wcs,-40,1,1.4,0.81,9.964300e-06,0.086496,1.55793E+10,-26.385900,31.374800,31.375506,0.000706,
20260910-200059-7da7038,nx1_wcs_-40c_vce1.4v,wcs,hbt_wcs,-40,1,1.4,0.83,2.597800e-05,0.225503,3.86929E+10,-18.402300,23.537000,23.541291,0.004291,
20260910-200059-7da7038,nx1_wcs_-40c_vce1.4v,wcs,hbt_wcs,-40,1,1.4,0.85,6.513600e-05,0.565417,8.76861E+10,-11.163600,16.778000,16.798310,0.020310,
20260910-200059-7da7038,nx1_wcs_-40c_vce1.4v,wcs,hbt_wcs,-40,1,1.4,0.87,1.507090e-04,1.308238,1.66834E+11,-5.297590,12.065600,12.125436,0.059836,
20260910-200059-7da7038,nx1_wcs_-40c_vce1.4v,wcs,hbt_wcs,-40,1,1.4,0.89,3.076630e-04,2.670686,2.55254E+11,-1.191470,9.563390,9.669285,0.105895,
20260910-200059-7da7038,nx1_wcs_-40c_vce1.4v,wcs,hbt_wcs,-40,1,1.4,0.91,5.455390e-04,4.735582,3.23607E+11,1.389350,8.383770,8.522192,0.138422,
20260910-200059-7da7038,nx1_wcs_-40c_vce1.4v,wcs,hbt_wcs,-40,1,1.4,0.93,8.560740e-04,7.431198,3.66936E+11,2.983180,7.775080,7.933951,0.158871,
20260910-200059-7da7038,nx1_wcs_-40c_vce1.4v,wcs,hbt_wcs,-40,1,1.4,0.95,1.225530e-03,10.638281,3.92809E+11,4.016200,7.407080,7.579724,0.172644,
20260910-200059-7da7038,nx1_wcs_-40c_vce1.4v,wcs,hbt_wcs,-40,1,1.4,0.97,1.641920e-03,14.252778,4.0643E+11,4.733050,7.154320,7.337095,0.182775,vbe_high
20260910-200059-7da7038,nx1_wcs_-40c_vce1.4v,wcs,hbt_wcs,-40,1,1.4,0.99,2.097000e-03,18.203125,4.11864E+11,5.263130,6.966420,7.157102,0.190682,vbe_high
20260910-200059-7da7038,nx1_wcs_-40c_vce1.4v,wcs,hbt_wcs,-40,1,1.4,1.01,2.585030e-03,22.439497,4.11248E+11,5.675970,6.820810,7.017848,0.197038,vbe_high
20260910-200059-7da7038,nx1_wcs_-40c_vce1.4v,wcs,hbt_wcs,-40,1,1.4,1.03,3.102080e-03,26.927778,4.05174E+11,6.010730,6.706350,6.908530,0.202180,ic_high;vbe_high
20260910-200059-7da7038,nx1_wcs_-40c_vce1.4v,wcs,hbt_wcs,-40,1,1.4,1.05,3.645450e-03,31.644531,3.93448E+11,6.290610,6.617130,6.823408,0.206278,ic_high;vbe_high
20260910-200059-7da7038,nx1_wcs_125c_vce0.8v,wcs,hbt_wcs,125,1,0.8,0.55,1.614900e-06,0.014018,1.51930E+09,-45.258400,52.511200,52.511192,-0.000008,vbe_low
20260910-200059-7da7038,nx1_wcs_125c_vce0.8v,wcs,hbt_wcs,125,1,0.8,0.57,2.824780e-06,0.024521,2.63026E+09,-41.441800,48.698600,48.698581,-0.000019,vbe_low
20260910-200059-7da7038,nx1_wcs_125c_vce0.8v,wcs,hbt_wcs,125,1,0.8,0.59,4.936490e-06,0.042851,4.54475E+09,-37.020000,44.284000,44.283947,-0.000053,vbe_low
20260910-200059-7da7038,nx1_wcs_125c_vce0.8v,wcs,hbt_wcs,125,1,0.8,0.61,8.612780e-06,0.074764,7.81481E+09,-32.371600,39.648800,39.648646,-0.000154,vbe_low
20260910-200059-7da7038,nx1_wcs_125c_vce0.8v,wcs,hbt_wcs,125,1,0.8,0.63,1.498450e-05,0.130074,1.32842E+10,-27.684500,34.986700,34.986250,-0.000450,vbe_low
20260910-200059-7da7038,nx1_wcs_125c_vce0.8v,wcs,hbt_wcs,125,1,0.8,0.65,2.594400e-05,0.225208,2.23015E+10,-23.057700,30.408000,30.406709,-0.001291,
20260910-200059-7da7038,nx1_wcs_125c_vce0.8v,wcs,hbt_wcs,125,1,0.8,0.67,4.455560e-05,0.386767,3.64752E+10,-18.571600,26.016500,26.012950,-0.003550,
20260910-200059-7da7038,nx1_wcs_125c_vce0.8v,wcs,hbt_wcs,125,1,0.8,0.69,7.551770e-05,0.655536,5.76129E+10,-14.319200,21.949100,21.940038,-0.009062,
20260910-200059-7da7038,nx1_wcs_125c_vce0.8v,wcs,hbt_wcs,125,1,0.8,0.71,1.254310e-04,1.088811,8.65251E+10,-10.412400,18.382700,18.362073,-0.020627,
20260910-200059-7da7038,nx1_wcs_125c_vce0.8v,wcs,hbt_wcs,125,1,0.8,0.73,2.024170e-04,1.757092,1.21651E+11,-6.964870,15.488400,15.448143,-0.040257,
20260910-200059-7da7038,nx1_wcs_125c_vce0.8v,wcs,hbt_wcs,125,1,0.8,0.75,3.147190e-04,2.731936,1.59135E+11,-4.056340,13.336400,13.270126,-0.066274,
20260910-200059-7da7038,nx1_wcs_125c_vce0.8v,wcs,hbt_wcs,125,1,0.8,0.77,4.686820e-04,4.068420,1.9397E+11,-1.701350,11.845400,11.751685,-0.093715,
20260910-200059-7da7038,nx1_wcs_125c_vce0.8v,wcs,hbt_wcs,125,1,0.8,0.79,6.672920e-04,5.792465,2.23099E+11,0.151264,10.843900,10.725545,-0.118355,
20260910-200059-7da7038,nx1_wcs_125c_vce0.8v,wcs,hbt_wcs,125,1,0.8,0.81,9.101510e-04,7.900616,2.45103E+11,1.589750,10.165600,10.026916,-0.138684,
20260910-200059-7da7038,nx1_wcs_125c_vce0.8v,wcs,hbt_wcs,125,1,0.8,0.83,1.194510e-03,10.369010,2.60112E+11,2.707140,9.691610,9.536644,-0.154966,
20260910-200059-7da7038,nx1_wcs_125c_vce0.8v,wcs,hbt_wcs,125,1,0.8,0.85,1.516480e-03,13.163889,2.68588E+11,3.582820,9.348340,9.180379,-0.167961,
20260910-200059-7da7038,nx1_wcs_125c_vce0.8v,wcs,hbt_wcs,125,1,0.8,0.87,1.871940e-03,16.249479,2.69536E+11,4.277590,9.092350,8.913979,-0.178371,
20260910-200059-7da7038,nx1_wcs_125c_vce0.8v,wcs,hbt_wcs,125,1,0.8,0.89,2.256950e-03,19.591580,2.63896E+11,4.836080,8.897940,8.711225,-0.186715,
20260910-200059-7da7038,nx1_wcs_125c_vce0.8v,wcs,hbt_wcs,125,1,0.8,0.91,2.667950e-03,23.159288,2.5392E+11,5.289040,8.749870,8.556533,-0.193337,
20260910-200059-7da7038,nx1_wcs_125c_vce0.8v,wcs,hbt_wcs,125,1,0.8,0.93,3.101610e-03,26.923698,2.39693E+11,5.649600,8.640540,8.442159,-0.198381,ic_high
20260910-200059-7da7038,nx1_wcs_125c_vce0.8v,wcs,hbt_wcs,125,1,0.8,0.95,3.553540e-03,30.846701,2.18635E+11,5.864090,8.578410,8.377104,-0.201306,ic_high
20260910-200059-7da7038,nx1_wcs_125c_vce0.8v,wcs,hbt_wcs,125,1,0.8,0.97,4.011080e-03,34.818403,1.73652E+11,5.600630,8.632900,8.434162,-0.198738,ic_high;vbe_high
20260910-200059-7da7038,nx1_wcs_125c_vce0.8v,wcs,hbt_wcs,125,1,0.8,0.99,4.443830e-03,38.574913,1.11922E+11,4.591690,8.879200,8.691659,-0.187541,ic_high;vbe_high
20260910-200059-7da7038,nx1_wcs_125c_vce0.8v,wcs,hbt_wcs,125,1,0.8,1.01,4.838160e-03,41.997917,7.22945E+10,3.620000,9.153790,8.977976,-0.175814,ic_high;vbe_high
20260910-200059-7da7038,nx1_wcs_125c_vce0.8v,wcs,hbt_wcs,125,1,0.8,1.03,5.209100e-03,45.217882,5.07951E+10,3.008850,9.360380,9.192893,-0.167487,ic_high;vbe_high
20260910-200059-7da7038,nx1_wcs_125c_vce0.8v,wcs,hbt_wcs,125,1,0.8,1.05,5.568470e-03,48.337413,3.68711E+10,2.486230,9.574930,9.415666,-0.159264,ic_high;vbe_high
20260910-200059-7da7038,nx1_wcs_125c_vce1.0v,wcs,hbt_wcs,125,1,1.0,0.55,1.616610e-06,0.014033,1.53151E+09,-45.317600,52.570300,52.570292,-0.000008,vbe_low
20260910-200059-7da7038,nx1_wcs_125c_vce1.0v,wcs,hbt_wcs,125,1,1.0,0.57,2.828030e-06,0.024549,2.65305E+09,-41.461600,48.718400,48.718381,-0.000019,vbe_low
20260910-200059-7da7038,nx1_wcs_125c_vce1.0v,wcs,hbt_wcs,125,1,1.0,0.59,4.942910e-06,0.042907,4.58159E+09,-37.020300,44.284300,44.284247,-0.000053,vbe_low
20260910-200059-7da7038,nx1_wcs_125c_vce1.0v,wcs,hbt_wcs,125,1,1.0,0.61,8.626210e-06,0.074880,7.88487E+09,-32.362800,39.640100,39.639946,-0.000154,vbe_low
20260910-200059-7da7038,nx1_wcs_125c_vce1.0v,wcs,hbt_wcs,125,1,1.0,0.63,1.501420e-05,0.130332,1.34206E+10,-27.670000,34.972200,34.971749,-0.000451,vbe_low
20260910-200059-7da7038,nx1_wcs_125c_vce1.0v,wcs,hbt_wcs,125,1,1.0,0.65,2.601350e-05,0.225812,2.25344E+10,-23.037300,30.387800,30.386503,-0.001297,
20260910-200059-7da7038,nx1_wcs_125c_vce1.0v,wcs,hbt_wcs,125,1,1.0,0.67,4.472370e-05,0.388227,3.68859E+10,-18.543300,25.989200,25.985628,-0.003572,
20260910-200059-7da7038,nx1_wcs_125c_vce1.0v,wcs,hbt_wcs,125,1,1.0,0.69,7.592610e-05,0.659081,5.83602E+10,-14.280500,21.913000,21.903862,-0.009138,
20260910-200059-7da7038,nx1_wcs_125c_vce1.0v,wcs,hbt_wcs,125,1,1.0,0.71,1.263990e-04,1.097214,8.79346E+10,-10.361000,18.337900,18.317059,-0.020841,
20260910-200059-7da7038,nx1_wcs_125c_vce1.0v,wcs,hbt_wcs,125,1,1.0,0.73,2.045880e-04,1.775937,1.23964E+11,-6.900240,15.438000,15.397271,-0.040729,
20260910-200059-7da7038,nx1_wcs_125c_vce1.0v,wcs,hbt_wcs,125,1,1.0,0.75,3.192050e-04,2.770877,1.62376E+11,-3.980610,13.285800,13.218744,-0.067056,
20260910-200059-7da7038,nx1_wcs_125c_vce1.0v,wcs,hbt_wcs,125,1,1.0,0.77,4.771130e-04,4.141606,1.98592E+11,-1.618840,11.799100,11.704369,-0.094731,
20260910-200059-7da7038,nx1_wcs_125c_vce1.0v,wcs,hbt_wcs,125,1,1.0,0.79,6.817070e-04,5.917595,2.28727E+11,0.235812,10.803600,10.684126,-0.119474,
20260910-200059-7da7038,nx1_wcs_125c_vce1.0v,wcs,hbt_wcs,125,1,1.0,0.81,9.327900e-04,8.097135,2.52206E+11,1.672680,10.131200,9.991395,-0.139805,
20260910-200059-7da7038,nx1_wcs_125c_vce1.0v,wcs,hbt_wcs,125,1,1.0,0.83,1.227620e-03,10.656424,2.68703E+11,2.786300,9.662370,9.506338,-0.156032,
20260910-200059-7da7038,nx1_wcs_125c_vce1.0v,wcs,hbt_wcs,125,1,1.0,0.85,1.562220e-03,13.560937,2.8028E+11,3.657280,9.323760,9.154827,-0.168933,
20260910-200059-7da7038,nx1_wcs_125c_vce1.0v,wcs,hbt_wcs,125,1,1.0,0.87,1.932280e-03,16.773264,2.86314E+11,4.347340,9.072330,8.893117,-0.179213,
20260910-200059-7da7038,nx1_wcs_125c_vce1.0v,wcs,hbt_wcs,125,1,1.0,0.89,2.333710e-03,20.257899,2.8729E+11,4.901340,8.882890,8.695512,-0.187378,
20260910-200059-7da7038,nx1_wcs_125c_vce1.0v,wcs,hbt_wcs,125,1,1.0,0.91,2.762820e-03,23.982813,2.81186E+11,5.351200,8.740340,8.546568,-0.193772,
20260910-200059-7da7038,nx1_wcs_125c_vce1.0v,wcs,hbt_wcs,125,1,1.0,0.93,3.216310e-03,27.919358,2.68201E+11,5.719920,8.635280,8.436653,-0.198627,ic_high
20260910-200059-7da7038,nx1_wcs_125c_vce1.0v,wcs,hbt_wcs,125,1,1.0,0.95,3.691330e-03,32.042795,2.50603E+11,6.023310,8.561820,8.359725,-0.202095,ic_high
20260910-200059-7da7038,nx1_wcs_125c_vce1.0v,wcs,hbt_wcs,125,1,1.0,0.97,4.185160e-03,36.329514,2.27459E+11,6.265030,8.517660,8.313450,-0.204210,ic_high;vbe_high
20260910-200059-7da7038,nx1_wcs_125c_vce1.0v,wcs,hbt_wcs,125,1,1.0,0.99,4.693810e-03,40.744878,1.98989E+11,6.385560,8.513460,8.309048,-0.204412,ic_high;vbe_high
20260910-200059-7da7038,nx1_wcs_125c_vce1.0v,wcs,hbt_wcs,125,1,1.0,1.01,5.203560e-03,45.169792,1.51552E+11,6.046510,8.615900,8.416364,-0.199536,ic_high;vbe_high
20260910-200059-7da7038,nx1_wcs_125c_vce1.0v,wcs,hbt_wcs,125,1,1.0,1.03,5.683050e-03,49.332031,9.78144E+10,5.078560,8.872660,8.684831,-0.187829,ic_high;vbe_high
20260910-200059-7da7038,nx1_wcs_125c_vce1.0v,wcs,hbt_wcs,125,1,1.0,1.05,6.122740e-03,53.148785,6.5187E+10,4.199300,9.142330,8.966042,-0.176288,ic_high;vbe_high
20260910-200059-7da7038,nx1_wcs_125c_vce1.2v,wcs,hbt_wcs,125,1,1.2,0.55,1.618720e-06,0.014051,1.54141E+09,-45.358900,52.611600,52.611592,-0.000008,vbe_low
20260910-200059-7da7038,nx1_wcs_125c_vce1.2v,wcs,hbt_wcs,125,1,1.2,0.57,2.831850e-06,0.024582,2.67132E+09,-41.472700,48.729500,48.729481,-0.000019,vbe_low
20260910-200059-7da7038,nx1_wcs_125c_vce1.2v,wcs,hbt_wcs,125,1,1.2,0.59,4.950190e-06,0.042970,4.61094E+09,-37.016700,44.280800,44.280747,-0.000053,vbe_low
20260910-200059-7da7038,nx1_wcs_125c_vce1.2v,wcs,hbt_wcs,125,1,1.2,0.61,8.640890e-06,0.075008,7.94037E+09,-32.352200,39.629500,39.629346,-0.000154,vbe_low
20260910-200059-7da7038,nx1_wcs_125c_vce1.2v,wcs,hbt_wcs,125,1,1.2,0.63,1.504590e-05,0.130607,1.35283E+10,-27.654400,34.956800,34.956347,-0.000453,vbe_low
20260910-200059-7da7038,nx1_wcs_125c_vce1.2v,wcs,hbt_wcs,125,1,1.2,0.65,2.608590e-05,0.226440,2.27187E+10,-23.016100,30.366900,30.365597,-0.001303,
20260910-200059-7da7038,nx1_wcs_125c_vce1.2v,wcs,hbt_wcs,125,1,1.2,0.67,4.489650e-05,0.389727,3.72354E+10,-18.514500,25.961200,25.957605,-0.003595,
20260910-200059-7da7038,nx1_wcs_125c_vce1.2v,wcs,hbt_wcs,125,1,1.2,0.69,7.634450e-05,0.662713,5.89716E+10,-14.241300,21.876300,21.867085,-0.009215,
20260910-200059-7da7038,nx1_wcs_125c_vce1.2v,wcs,hbt_wcs,125,1,1.2,0.71,1.273930e-04,1.105842,8.90616E+10,-10.309000,18.292400,18.271339,-0.021061,
20260910-200059-7da7038,nx1_wcs_125c_vce1.2v,wcs,hbt_wcs,125,1,1.2,0.73,2.068250e-04,1.795356,1.25802E+11,-6.834770,15.387000,15.345787,-0.041213,
20260910-200059-7da7038,nx1_wcs_125c_vce1.2v,wcs,hbt_wcs,125,1,1.2,0.75,3.238600e-04,2.811285,1.64909E+11,-3.903820,13.234700,13.166844,-0.067856,
20260910-200059-7da7038,nx1_wcs_125c_vce1.2v,wcs,hbt_wcs,125,1,1.2,0.77,4.859280e-04,4.218125,2.02089E+11,-1.535060,11.752300,11.656532,-0.095768,
20260910-200059-7da7038,nx1_wcs_125c_vce1.2v,wcs,hbt_wcs,125,1,1.2,0.79,6.968900e-04,6.049392,2.32793E+11,0.321821,10.762900,10.642286,-0.120614,
20260910-200059-7da7038,nx1_wcs_125c_vce1.2v,wcs,hbt_wcs,125,1,1.2,0.81,9.567930e-04,8.305495,2.56999E+11,1.757210,10.096400,9.955452,-0.140948,
20260910-200059-7da7038,nx1_wcs_125c_vce1.2v,wcs,hbt_wcs,125,1,1.2,0.83,1.262930e-03,10.962934,2.74486E+11,2.867100,9.632820,9.475703,-0.157117,
20260910-200059-7da7038,nx1_wcs_125c_vce1.2v,wcs,hbt_wcs,125,1,1.2,0.85,1.611220e-03,13.986285,2.86298E+11,3.733200,9.299110,9.129196,-0.169914,
20260910-200059-7da7038,nx1_wcs_125c_vce1.2v,wcs,hbt_wcs,125,1,1.2,0.87,1.997190e-03,17.336719,2.92902E+11,4.417900,9.052740,8.872700,-0.180040,
20260910-200059-7da7038,nx1_wcs_125c_vce1.2v,wcs,hbt_wcs,125,1,1.2,0.89,2.416560e-03,20.977083,2.95194E+11,4.966440,8.869040,8.681050,-0.187990,
20260910-200059-7da7038,nx1_wcs_125c_vce1.2v,wcs,hbt_wcs,125,1,1.2,0.91,2.865440e-03,24.873611,2.93316E+11,5.411020,8.733310,8.539217,-0.194093,
20260910-200059-7da7038,nx1_wcs_125c_vce1.2v,wcs,hbt_wcs,125,1,1.2,0.93,3.340390e-03,28.996441,2.86556E+11,5.774540,8.636590,8.438025,-0.198565,ic_high
20260910-200059-7da7038,nx1_wcs_125c_vce1.2v,wcs,hbt_wcs,125,1,1.2,0.95,3.838370e-03,33.319184,2.70793E+11,6.073030,8.573280,8.371730,-0.201550,ic_high
20260910-200059-7da7038,nx1_wcs_125c_vce1.2v,wcs,hbt_wcs,125,1,1.2,0.97,4.356640e-03,37.818056,2.49156E+11,6.318390,8.539700,8.336549,-0.203151,ic_high;vbe_high
20260910-200059-7da7038,nx1_wcs_125c_vce1.2v,wcs,hbt_wcs,125,1,1.2,0.99,4.892740e-03,42.471701,2.2389E+11,6.518000,8.533730,8.330292,-0.203438,ic_high;vbe_high
20260910-200059-7da7038,nx1_wcs_125c_vce1.2v,wcs,hbt_wcs,125,1,1.2,1.01,5.444040e-03,47.257292,1.92877E+11,6.661740,8.556780,8.354445,-0.202335,ic_high;vbe_high
20260910-200059-7da7038,nx1_wcs_125c_vce1.2v,wcs,hbt_wcs,125,1,1.2,1.03,6.004550e-03,52.122830,1.56724E+11,6.623570,8.631570,8.432770,-0.198800,ic_high;vbe_high
20260910-200059-7da7038,nx1_wcs_125c_vce1.2v,wcs,hbt_wcs,125,1,1.2,1.05,6.552160e-03,56.876389,1.10239E+11,6.010630,8.832920,8.643326,-0.189594,ic_high;vbe_high
20260910-200059-7da7038,nx1_wcs_125c_vce1.4v,wcs,hbt_wcs,125,1,1.4,0.55,1.622260e-06,0.014082,1.55084E+09,-45.385300,52.638100,52.638092,-0.000008,vbe_low
20260910-200059-7da7038,nx1_wcs_125c_vce1.4v,wcs,hbt_wcs,125,1,1.4,0.57,2.837950e-06,0.024635,2.68841E+09,-41.474200,48.731000,48.730981,-0.000019,vbe_low
20260910-200059-7da7038,nx1_wcs_125c_vce1.4v,wcs,hbt_wcs,125,1,1.4,0.59,4.961060e-06,0.043065,4.63969E+09,-37.006400,44.270500,44.270447,-0.000053,vbe_low
20260910-200059-7da7038,nx1_wcs_125c_vce1.4v,wcs,hbt_wcs,125,1,1.4,0.61,8.661270e-06,0.075185,7.9908E+09,-32.336200,39.613600,39.613445,-0.000155,vbe_low
20260910-200059-7da7038,nx1_wcs_125c_vce1.4v,wcs,hbt_wcs,125,1,1.4,0.63,1.508660e-05,0.130960,1.3625E+10,-27.634300,34.936700,34.936245,-0.000455,vbe_low
20260910-200059-7da7038,nx1_wcs_125c_vce1.4v,wcs,hbt_wcs,125,1,1.4,0.65,2.617290e-05,0.227195,2.28834E+10,-22.990800,30.342000,30.340689,-0.001311,
20260910-200059-7da7038,nx1_wcs_125c_vce1.4v,wcs,hbt_wcs,125,1,1.4,0.67,4.509330e-05,0.391435,3.7576E+10,-18.481800,25.929400,25.925778,-0.003622,
20260910-200059-7da7038,nx1_wcs_125c_vce1.4v,wcs,hbt_wcs,125,1,1.4,0.69,7.680390e-05,0.666701,5.95965E+10,-14.198300,21.836000,21.826699,-0.009301,
20260910-200059-7da7038,nx1_wcs_125c_vce1.4v,wcs,hbt_wcs,125,1,1.4,0.71,1.284610e-04,1.115113,9.00594E+10,-10.253400,18.243600,18.222300,-0.021300,
20260910-200059-7da7038,nx1_wcs_125c_vce1.4v,wcs,hbt_wcs,125,1,1.4,0.73,2.092070e-04,1.816033,1.27416E+11,-6.766060,15.333200,15.291471,-0.041729,
20260910-200059-7da7038,nx1_wcs_125c_vce1.4v,wcs,hbt_wcs,125,1,1.4,0.75,3.287990e-04,2.854158,1.67186E+11,-3.824520,13.181800,13.113105,-0.068695,
20260910-200059-7da7038,nx1_wcs_125c_vce1.4v,wcs,hbt_wcs,125,1,1.4,0.77,4.952870e-04,4.299366,2.05046E+11,-1.449850,11.704700,11.607864,-0.096836,
20260910-200059-7da7038,nx1_wcs_125c_vce1.4v,wcs,hbt_wcs,125,1,1.4,0.79,7.130460e-04,6.189635,2.362E+11,0.408270,10.722000,10.600228,-0.121772,
20260910-200059-7da7038,nx1_wcs_125c_vce1.4v,wcs,hbt_wcs,125,1,1.4,0.81,9.824150e-04,8.527908,2.60782E+11,1.841760,10.061600,9.919499,-0.142101,
20260910-200059-7da7038,nx1_wcs_125c_vce1.4v,wcs,hbt_wcs,125,1,1.4,0.83,1.300760e-03,11.291319,2.78822E+11,2.948190,9.603380,9.445175,-0.158205,
20260910-200059-7da7038,nx1_wcs_125c_vce1.4v,wcs,hbt_wcs,125,1,1.4,0.85,1.663930e-03,14.443837,2.9051E+11,3.810040,9.274630,9.103736,-0.170894,
20260910-200059-7da7038,nx1_wcs_125c_vce1.4v,wcs,hbt_wcs,125,1,1.4,0.87,2.067300e-03,17.945313,2.97048E+11,4.489810,9.033660,8.852811,-0.180849,
20260910-200059-7da7038,nx1_wcs_125c_vce1.4v,wcs,hbt_wcs,125,1,1.4,0.89,2.506380e-03,21.756771,2.99759E+11,5.032720,8.856420,8.667871,-0.188549,
20260910-200059-7da7038,nx1_wcs_125c_vce1.4v,wcs,hbt_wcs,125,1,1.4,0.91,2.977050e-03,25.842448,2.97723E+11,5.471100,8.728740,8.534438,-0.194302,
20260910-200059-7da7038,nx1_wcs_125c_vce1.4v,wcs,hbt_wcs,125,1,1.4,0.93,3.475660e-03,30.170660,2.91703E+11,5.827930,8.642070,8.443761,-0.198309,ic_high
20260910-200059-7da7038,nx1_wcs_125c_vce1.4v,wcs,hbt_wcs,125,1,1.4,0.95,3.998920e-03,34.712847,2.80941E+11,6.119550,8.591170,8.390468,-0.200702,ic_high
20260910-200059-7da7038,nx1_wcs_125c_vce1.4v,wcs,hbt_wcs,125,1,1.4,0.97,4.543870e-03,39.443316,2.6346E+11,6.357540,8.572780,8.371206,-0.201574,ic_high;vbe_high
20260910-200059-7da7038,nx1_wcs_125c_vce1.4v,wcs,hbt_wcs,125,1,1.4,0.99,5.107810e-03,44.338628,2.35327E+11,6.549390,8.585010,8.384017,-0.200993,ic_high;vbe_high
20260910-200059-7da7038,nx1_wcs_125c_vce1.4v,wcs,hbt_wcs,125,1,1.4,1.01,5.688160e-03,49.376389,2.05164E+11,6.701480,8.626440,8.427399,-0.199041,ic_high;vbe_high
20260910-200059-7da7038,nx1_wcs_125c_vce1.4v,wcs,hbt_wcs,125,1,1.4,1.03,6.282340e-03,54.534201,1.7374E+11,6.811610,8.697300,8.501554,-0.195746,ic_high;vbe_high
20260910-200059-7da7038,nx1_wcs_125c_vce1.4v,wcs,hbt_wcs,125,1,1.4,1.05,6.886130e-03,59.775434,1.37246E+11,6.819280,8.807600,8.616872,-0.190728,ic_high;vbe_high
20260910-200059-7da7038,nx1_sf_-40c_vce0.8v,sf,hbt_typ,-40,1,0.8,0.55,3.826030e-11,0.000000,,-51.404800,56.328200,56.328202,0.000002,vbe_low
20260910-200059-7da7038,nx1_sf_-40c_vce0.8v,sf,hbt_typ,-40,1,0.8,0.57,1.019030e-10,0.000001,,-51.389900,56.313400,56.313402,0.000002,vbe_low
20260910-200059-7da7038,nx1_sf_-40c_vce0.8v,sf,hbt_typ,-40,1,0.8,0.59,2.721740e-10,0.000002,,-51.374700,56.298100,56.298102,0.000002,vbe_low
20260910-200059-7da7038,nx1_sf_-40c_vce0.8v,sf,hbt_typ,-40,1,0.8,0.61,7.276520e-10,0.000006,,-51.359100,56.282600,56.282602,0.000002,vbe_low
20260910-200059-7da7038,nx1_sf_-40c_vce0.8v,sf,hbt_typ,-40,1,0.8,0.63,1.946000e-09,0.000017,3.73717E+06,-51.343000,56.266500,56.266502,0.000002,vbe_low
20260910-200059-7da7038,nx1_sf_-40c_vce0.8v,sf,hbt_typ,-40,1,0.8,0.65,5.204820e-09,0.000045,9.93206E+06,-51.326100,56.249600,56.249602,0.000002,
20260910-200059-7da7038,nx1_sf_-40c_vce0.8v,sf,hbt_typ,-40,1,0.8,0.67,1.392120e-08,0.000121,2.64348E+07,-51.306400,56.230000,56.230002,0.000002,
20260910-200059-7da7038,nx1_sf_-40c_vce0.8v,sf,hbt_typ,-40,1,0.8,0.69,3.723380e-08,0.000323,7.02402E+07,-51.270800,56.194500,56.194502,0.000002,
20260910-200059-7da7038,nx1_sf_-40c_vce0.8v,sf,hbt_typ,-40,1,0.8,0.71,9.957980e-08,0.000864,1.86592E+08,-51.131000,56.055000,56.055002,0.000002,
20260910-200059-7da7038,nx1_sf_-40c_vce0.8v,sf,hbt_typ,-40,1,0.8,0.73,2.662780e-07,0.002311,4.95412E+08,-50.346600,55.271600,55.271603,0.000003,
20260910-200059-7da7038,nx1_sf_-40c_vce0.8v,sf,hbt_typ,-40,1,0.8,0.75,7.117450e-07,0.006178,1.31092E+09,-47.027200,51.954600,51.954606,0.000006,
20260910-200059-7da7038,nx1_sf_-40c_vce0.8v,sf,hbt_typ,-40,1,0.8,0.77,1.900410e-06,0.016497,3.46541E+09,-40.245700,45.179800,45.179829,0.000029,
20260910-200059-7da7038,nx1_sf_-40c_vce0.8v,sf,hbt_typ,-40,1,0.8,0.79,5.059640e-06,0.043920,9.06312E+09,-32.109900,37.063300,37.063491,0.000191,
20260910-200059-7da7038,nx1_sf_-40c_vce0.8v,sf,hbt_typ,-40,1,0.8,0.81,1.336800e-05,0.116042,2.32214E+10,-23.860400,28.873500,28.874756,0.001256,
20260910-200059-7da7038,nx1_sf_-40c_vce0.8v,sf,hbt_typ,-40,1,0.8,0.83,3.463150e-05,0.300621,5.67251E+10,-15.948900,21.162100,21.169512,0.007412,
20260910-200059-7da7038,nx1_sf_-40c_vce0.8v,sf,hbt_typ,-40,1,0.8,0.85,8.568160e-05,0.743764,1.23914E+11,-8.861440,14.708100,14.740765,0.032665,
20260910-200059-7da7038,nx1_sf_-40c_vce0.8v,sf,hbt_typ,-40,1,0.8,0.87,1.938800e-04,1.682986,2.23844E+11,-3.204450,10.442800,10.529476,0.086676,
20260910-200059-7da7038,nx1_sf_-40c_vce0.8v,sf,hbt_typ,-40,1,0.8,0.89,3.853270e-04,3.344852,3.24065E+11,0.724375,8.276580,8.418405,0.141825,
20260910-200059-7da7038,nx1_sf_-40c_vce0.8v,sf,hbt_typ,-40,1,0.8,0.91,6.671700e-04,5.791406,3.97039E+11,3.215860,7.253430,7.432165,0.178735,
20260910-200059-7da7038,nx1_sf_-40c_vce0.8v,sf,hbt_typ,-40,1,0.8,0.93,1.028690e-03,8.929601,4.41028E+11,4.785240,6.708510,6.910591,0.202081,
20260910-200059-7da7038,nx1_sf_-40c_vce0.8v,sf,hbt_typ,-40,1,0.8,0.95,1.454350e-03,12.624566,4.64257E+11,5.821400,6.368490,6.586622,0.218132,
20260910-200059-7da7038,nx1_sf_-40c_vce0.8v,sf,hbt_typ,-40,1,0.8,0.97,1.930950e-03,16.761719,4.73843E+11,6.548590,6.129960,6.360087,0.230127,vbe_high
20260910-200059-7da7038,nx1_sf_-40c_vce0.8v,sf,hbt_typ,-40,1,0.8,0.99,2.449010e-03,21.258767,4.73063E+11,7.088520,5.950130,6.189722,0.239592,vbe_high
20260910-200059-7da7038,nx1_sf_-40c_vce0.8v,sf,hbt_typ,-40,1,0.8,1.01,3.001790e-03,26.057205,4.62575E+11,7.508540,5.808890,6.056181,0.247291,ic_high;vbe_high
20260910-200059-7da7038,nx1_sf_-40c_vce0.8v,sf,hbt_typ,-40,1,0.8,1.03,3.584590e-03,31.116233,4.42621E+11,7.847570,5.695580,5.949221,0.253641,ic_high;vbe_high
20260910-200059-7da7038,nx1_sf_-40c_vce0.8v,sf,hbt_typ,-40,1,0.8,1.05,4.193950e-03,36.405816,4.12581E+11,8.123560,5.604910,5.863745,0.258835,ic_high;vbe_high
20260910-200059-7da7038,nx1_sf_-40c_vce1.0v,sf,hbt_typ,-40,1,1.0,0.55,3.849690e-11,0.000000,,-51.537700,56.461200,56.461202,0.000002,vbe_low
20260910-200059-7da7038,nx1_sf_-40c_vce1.0v,sf,hbt_typ,-40,1,1.0,0.57,1.022000e-10,0.000001,,-51.525500,56.449000,56.449002,0.000002,vbe_low
20260910-200059-7da7038,nx1_sf_-40c_vce1.0v,sf,hbt_typ,-40,1,1.0,0.59,2.726310e-10,0.000002,,-51.513100,56.436600,56.436602,0.000002,vbe_low
20260910-200059-7da7038,nx1_sf_-40c_vce1.0v,sf,hbt_typ,-40,1,1.0,0.61,7.285340e-10,0.000006,,-51.500400,56.423900,56.423902,0.000002,vbe_low
20260910-200059-7da7038,nx1_sf_-40c_vce1.0v,sf,hbt_typ,-40,1,1.0,0.63,1.948010e-09,0.000017,3.75869E+06,-51.487400,56.410900,56.410902,0.000002,vbe_low
20260910-200059-7da7038,nx1_sf_-40c_vce1.0v,sf,hbt_typ,-40,1,1.0,0.65,5.209840e-09,0.000045,9.98631E+06,-51.473700,56.397300,56.397302,0.000002,
20260910-200059-7da7038,nx1_sf_-40c_vce1.0v,sf,hbt_typ,-40,1,1.0,0.67,1.393420e-08,0.000121,2.65938E+07,-51.457300,56.380800,56.380802,0.000002,
20260910-200059-7da7038,nx1_sf_-40c_vce1.0v,sf,hbt_typ,-40,1,1.0,0.69,3.726840e-08,0.000324,7.06416E+07,-51.424500,56.348200,56.348202,0.000002,
20260910-200059-7da7038,nx1_sf_-40c_vce1.0v,sf,hbt_typ,-40,1,1.0,0.71,9.967250e-08,0.000865,1.87772E+08,-51.283700,56.207700,56.207702,0.000002,
20260910-200059-7da7038,nx1_sf_-40c_vce1.0v,sf,hbt_typ,-40,1,1.0,0.73,2.665320e-07,0.002314,4.98403E+08,-50.476100,55.401100,55.401103,0.000003,
20260910-200059-7da7038,nx1_sf_-40c_vce1.0v,sf,hbt_typ,-40,1,1.0,0.75,7.124690e-07,0.006185,1.31982E+09,-47.084300,52.011700,52.011706,0.000006,
20260910-200059-7da7038,nx1_sf_-40c_vce1.0v,sf,hbt_typ,-40,1,1.0,0.77,1.902650e-06,0.016516,3.48843E+09,-40.250000,45.184200,45.184229,0.000029,
20260910-200059-7da7038,nx1_sf_-40c_vce1.0v,sf,hbt_typ,-40,1,1.0,0.79,5.067650e-06,0.043990,9.12499E+09,-32.099100,37.052600,37.052791,0.000191,
20260910-200059-7da7038,nx1_sf_-40c_vce1.0v,sf,hbt_typ,-40,1,1.0,0.81,1.340210e-05,0.116338,2.34074E+10,-23.840400,28.853800,28.855062,0.001262,
20260910-200059-7da7038,nx1_sf_-40c_vce1.0v,sf,hbt_typ,-40,1,1.0,0.83,3.479570e-05,0.302046,5.72907E+10,-15.913500,21.128400,21.135870,0.007470,
20260910-200059-7da7038,nx1_sf_-40c_vce1.0v,sf,hbt_typ,-40,1,1.0,0.85,8.646120e-05,0.750531,1.25629E+11,-8.800660,14.657100,14.690149,0.033049,
20260910-200059-7da7038,nx1_sf_-40c_vce1.0v,sf,hbt_typ,-40,1,1.0,0.87,1.969790e-04,1.709887,2.27706E+11,-3.116480,10.387300,10.475080,0.087780,
20260910-200059-7da7038,nx1_sf_-40c_vce1.0v,sf,hbt_typ,-40,1,1.0,0.89,3.945730e-04,3.425113,3.30041E+11,0.826029,8.230880,8.374181,0.143301,
20260910-200059-7da7038,nx1_sf_-40c_vce1.0v,sf,hbt_typ,-40,1,1.0,0.91,6.879500e-04,5.971788,4.04729E+11,3.316430,7.217010,7.397220,0.180210,
20260910-200059-7da7038,nx1_sf_-40c_vce1.0v,sf,hbt_typ,-40,1,1.0,0.93,1.066570e-03,9.258420,4.49466E+11,4.880110,6.676380,6.879927,0.203547,
20260910-200059-7da7038,nx1_sf_-40c_vce1.0v,sf,hbt_typ,-40,1,1.0,0.95,1.514380e-03,13.145660,4.72328E+11,5.912300,6.337460,6.557117,0.219657,
20260910-200059-7da7038,nx1_sf_-40c_vce1.0v,sf,hbt_typ,-40,1,1.0,0.97,2.017940e-03,17.516840,4.83237E+11,6.639230,6.098600,6.330351,0.231751,vbe_high
20260910-200059-7da7038,nx1_sf_-40c_vce1.0v,sf,hbt_typ,-40,1,1.0,0.99,2.567460e-03,22.286979,4.82612E+11,7.182040,5.918280,6.159588,0.241308,vbe_high
20260910-200059-7da7038,nx1_sf_-40c_vce1.0v,sf,hbt_typ,-40,1,1.0,1.01,3.156150e-03,27.397135,4.7159E+11,7.607450,5.777070,6.026128,0.249058,ic_high;vbe_high
20260910-200059-7da7038,nx1_sf_-40c_vce1.0v,sf,hbt_typ,-40,1,1.0,1.03,3.779370e-03,32.807031,4.52633E+11,7.953740,5.664800,5.920193,0.255393,ic_high;vbe_high
20260910-200059-7da7038,nx1_sf_-40c_vce1.0v,sf,hbt_typ,-40,1,1.0,1.05,4.433790e-03,38.487760,4.21224E+11,8.243960,5.575710,5.836240,0.260530,ic_high;vbe_high
20260910-200059-7da7038,nx1_sf_-40c_vce1.2v,sf,hbt_typ,-40,1,1.2,0.55,3.873940e-11,0.000000,,-51.648400,56.571900,56.571902,0.000002,vbe_low
20260910-200059-7da7038,nx1_sf_-40c_vce1.2v,sf,hbt_typ,-40,1,1.2,0.57,1.025110e-10,0.000001,,-51.638100,56.561600,56.561602,0.000002,vbe_low
20260910-200059-7da7038,nx1_sf_-40c_vce1.2v,sf,hbt_typ,-40,1,1.2,0.59,2.731200e-10,0.000002,,-51.627700,56.551200,56.551202,0.000002,vbe_low
20260910-200059-7da7038,nx1_sf_-40c_vce1.2v,sf,hbt_typ,-40,1,1.2,0.61,7.294920e-10,0.000006,,-51.617000,56.540500,56.540502,0.000002,vbe_low
20260910-200059-7da7038,nx1_sf_-40c_vce1.2v,sf,hbt_typ,-40,1,1.2,0.63,1.950200e-09,0.000017,3.77712E+06,-51.606100,56.529600,56.529602,0.000002,vbe_low
20260910-200059-7da7038,nx1_sf_-40c_vce1.2v,sf,hbt_typ,-40,1,1.2,0.65,5.215250e-09,0.000045,1.00326E+07,-51.594600,56.518100,56.518102,0.000002,
20260910-200059-7da7038,nx1_sf_-40c_vce1.2v,sf,hbt_typ,-40,1,1.2,0.67,1.394820e-08,0.000121,2.67282E+07,-51.580300,56.503800,56.503802,0.000002,
20260910-200059-7da7038,nx1_sf_-40c_vce1.2v,sf,hbt_typ,-40,1,1.2,0.69,3.730490e-08,0.000324,7.09795E+07,-51.549200,56.472900,56.472902,0.000002,
20260910-200059-7da7038,nx1_sf_-40c_vce1.2v,sf,hbt_typ,-40,1,1.2,0.71,9.976940e-08,0.000866,1.88759E+08,-51.407000,56.331000,56.331002,0.000002,
20260910-200059-7da7038,nx1_sf_-40c_vce1.2v,sf,hbt_typ,-40,1,1.2,0.73,2.667950e-07,0.002316,5.00893E+08,-50.579300,55.504200,55.504203,0.000003,
20260910-200059-7da7038,nx1_sf_-40c_vce1.2v,sf,hbt_typ,-40,1,1.2,0.75,7.132100e-07,0.006191,1.32718E+09,-47.127600,52.055000,52.055006,0.000006,
20260910-200059-7da7038,nx1_sf_-40c_vce1.2v,sf,hbt_typ,-40,1,1.2,0.77,1.904930e-06,0.016536,3.50748E+09,-40.251200,45.185300,45.185329,0.000029,
20260910-200059-7da7038,nx1_sf_-40c_vce1.2v,sf,hbt_typ,-40,1,1.2,0.79,5.075730e-06,0.044060,9.17643E+09,-32.087800,37.041300,37.041492,0.000192,
20260910-200059-7da7038,nx1_sf_-40c_vce1.2v,sf,hbt_typ,-40,1,1.2,0.81,1.343650e-05,0.116636,2.35823E+10,-23.820300,28.833900,28.835168,0.001268,
20260910-200059-7da7038,nx1_sf_-40c_vce1.2v,sf,hbt_typ,-40,1,1.2,0.83,3.496190e-05,0.303489,5.77791E+10,-15.877800,21.094400,21.101928,0.007528,
20260910-200059-7da7038,nx1_sf_-40c_vce1.2v,sf,hbt_typ,-40,1,1.2,0.85,8.725960e-05,0.757462,1.27142E+11,-8.739070,14.605500,14.638942,0.033442,
20260910-200059-7da7038,nx1_sf_-40c_vce1.2v,sf,hbt_typ,-40,1,1.2,0.87,2.002060e-04,1.737899,2.31128E+11,-3.026670,10.330900,10.419815,0.088915,
20260910-200059-7da7038,nx1_sf_-40c_vce1.2v,sf,hbt_typ,-40,1,1.2,0.89,4.043830e-04,3.510269,3.35613E+11,0.930343,8.184390,8.329207,0.144817,
20260910-200059-7da7038,nx1_sf_-40c_vce1.2v,sf,hbt_typ,-40,1,1.2,0.91,7.103200e-04,6.165972,4.11171E+11,3.419990,7.179720,7.361452,0.181732,
20260910-200059-7da7038,nx1_sf_-40c_vce1.2v,sf,hbt_typ,-40,1,1.2,0.93,1.107870e-03,9.616927,4.5617E+11,4.978530,6.643140,6.848215,0.205075,
20260910-200059-7da7038,nx1_sf_-40c_vce1.2v,sf,hbt_typ,-40,1,1.2,0.95,1.580550e-03,13.720052,4.79411E+11,6.007630,6.305120,6.526378,0.221258,
20260910-200059-7da7038,nx1_sf_-40c_vce1.2v,sf,hbt_typ,-40,1,1.2,0.97,2.114630e-03,18.356163,4.89354E+11,6.734850,6.066120,6.299565,0.233445,vbe_high
20260910-200059-7da7038,nx1_sf_-40c_vce1.2v,sf,hbt_typ,-40,1,1.2,0.99,2.700070e-03,23.438108,4.87539E+11,7.281360,5.885740,6.128813,0.243073,vbe_high
20260910-200059-7da7038,nx1_sf_-40c_vce1.2v,sf,hbt_typ,-40,1,1.2,1.01,3.330530e-03,28.910851,4.74778E+11,7.712740,5.745470,5.996296,0.250826,ic_high;vbe_high
20260910-200059-7da7038,nx1_sf_-40c_vce1.2v,sf,hbt_typ,-40,1,1.2,1.03,4.001040e-03,34.731250,4.53552E+11,8.066530,5.635740,5.892798,0.257058,ic_high;vbe_high
20260910-200059-7da7038,nx1_sf_-40c_vce1.2v,sf,hbt_typ,-40,1,1.2,1.05,4.708550e-03,40.872830,4.21047E+11,8.365160,5.551360,5.813312,0.261952,ic_high;vbe_high
20260910-200059-7da7038,nx1_sf_-40c_vce1.4v,sf,hbt_typ,-40,1,1.4,0.55,3.899820e-11,0.000000,,-51.743300,56.666800,56.666802,0.000002,vbe_low
20260910-200059-7da7038,nx1_sf_-40c_vce1.4v,sf,hbt_typ,-40,1,1.4,0.57,1.028620e-10,0.000001,,-51.734400,56.657900,56.657902,0.000002,vbe_low
20260910-200059-7da7038,nx1_sf_-40c_vce1.4v,sf,hbt_typ,-40,1,1.4,0.59,2.737080e-10,0.000002,,-51.725300,56.648800,56.648802,0.000002,vbe_low
20260910-200059-7da7038,nx1_sf_-40c_vce1.4v,sf,hbt_typ,-40,1,1.4,0.61,7.306890e-10,0.000006,,-51.716200,56.639700,56.639702,0.000002,vbe_low
20260910-200059-7da7038,nx1_sf_-40c_vce1.4v,sf,hbt_typ,-40,1,1.4,0.63,1.952970e-09,0.000017,3.79426E+06,-51.706700,56.630300,56.630302,0.000002,vbe_low
20260910-200059-7da7038,nx1_sf_-40c_vce1.4v,sf,hbt_typ,-40,1,1.4,0.65,5.222080e-09,0.000045,1.00752E+07,-51.696700,56.620300,56.620302,0.000002,
20260910-200059-7da7038,nx1_sf_-40c_vce1.4v,sf,hbt_typ,-40,1,1.4,0.67,1.396550e-08,0.000121,2.68511E+07,-51.684000,56.607500,56.607502,0.000002,
20260910-200059-7da7038,nx1_sf_-40c_vce1.4v,sf,hbt_typ,-40,1,1.4,0.69,3.734960e-08,0.000324,7.12856E+07,-51.654000,56.577700,56.577702,0.000002,
20260910-200059-7da7038,nx1_sf_-40c_vce1.4v,sf,hbt_typ,-40,1,1.4,0.71,9.988610e-08,0.000867,1.89644E+08,-51.510100,56.434100,56.434102,0.000002,
20260910-200059-7da7038,nx1_sf_-40c_vce1.4v,sf,hbt_typ,-40,1,1.4,0.73,2.671050e-07,0.002319,5.0311E+08,-50.664400,55.589300,55.589303,0.000003,
20260910-200059-7da7038,nx1_sf_-40c_vce1.4v,sf,hbt_typ,-40,1,1.4,0.75,7.140640e-07,0.006198,1.3337E+09,-47.161200,52.088600,52.088606,0.000006,
20260910-200059-7da7038,nx1_sf_-40c_vce1.4v,sf,hbt_typ,-40,1,1.4,0.77,1.907470e-06,0.016558,3.5243E+09,-40.249300,45.183400,45.183429,0.000029,
20260910-200059-7da7038,nx1_sf_-40c_vce1.4v,sf,hbt_typ,-40,1,1.4,0.79,5.084460e-06,0.044136,9.22192E+09,-32.075100,37.028700,37.028892,0.000192,
20260910-200059-7da7038,nx1_sf_-40c_vce1.4v,sf,hbt_typ,-40,1,1.4,0.81,1.347250e-05,0.116949,2.37382E+10,-23.799200,28.813100,28.814374,0.001274,
20260910-200059-7da7038,nx1_sf_-40c_vce1.4v,sf,hbt_typ,-40,1,1.4,0.83,3.513380e-05,0.304981,5.82232E+10,-15.840900,21.059300,21.066889,0.007589,
20260910-200059-7da7038,nx1_sf_-40c_vce1.4v,sf,hbt_typ,-40,1,1.4,0.85,8.808630e-05,0.764638,1.2854E+11,-8.675680,14.552400,14.586252,0.033852,
20260910-200059-7da7038,nx1_sf_-40c_vce1.4v,sf,hbt_typ,-40,1,1.4,0.87,2.035970e-04,1.767335,2.34302E+11,-2.934020,10.273000,10.363097,0.090097,
20260910-200059-7da7038,nx1_sf_-40c_vce1.4v,sf,hbt_typ,-40,1,1.4,0.89,4.148550e-04,3.601172,3.41378E+11,1.037970,8.136770,8.283157,0.146387,
20260910-200059-7da7038,nx1_sf_-40c_vce1.4v,sf,hbt_typ,-40,1,1.4,0.91,7.345960e-04,6.376701,4.16881E+11,3.526940,7.141360,7.324670,0.183310,
20260910-200059-7da7038,nx1_sf_-40c_vce1.4v,sf,hbt_typ,-40,1,1.4,0.93,1.153120e-03,10.009722,4.61839E+11,5.080170,6.608820,6.815484,0.206664,
20260910-200059-7da7038,nx1_sf_-40c_vce1.4v,sf,hbt_typ,-40,1,1.4,0.95,1.653940e-03,14.357118,4.84995E+11,6.107120,6.271550,6.494482,0.222932,
20260910-200059-7da7038,nx1_sf_-40c_vce1.4v,sf,hbt_typ,-40,1,1.4,0.97,2.223060e-03,19.297396,4.9358E+11,6.836000,6.032490,6.267701,0.235211,vbe_high
20260910-200059-7da7038,nx1_sf_-40c_vce1.4v,sf,hbt_typ,-40,1,1.4,0.99,2.850410e-03,24.743142,4.89834E+11,7.387260,5.852680,6.097559,0.244879,vbe_high
20260910-200059-7da7038,nx1_sf_-40c_vce1.4v,sf,hbt_typ,-40,1,1.4,1.01,3.529610e-03,30.638976,4.74082E+11,7.825480,5.714580,5.967145,0.252565,ic_high;vbe_high
20260910-200059-7da7038,nx1_sf_-40c_vce1.4v,sf,hbt_typ,-40,1,1.4,1.03,4.256330e-03,36.947309,4.49187E+11,8.187260,5.609460,5.868032,0.258572,ic_high;vbe_high
20260910-200059-7da7038,nx1_sf_-40c_vce1.4v,sf,hbt_typ,-40,1,1.4,1.05,5.027610e-03,43.642448,4.12937E+11,8.494280,5.532920,5.795953,0.263033,ic_high;vbe_high
20260910-200059-7da7038,nx1_sf_125c_vce0.8v,sf,hbt_typ,125,1,0.8,0.55,2.182060e-06,0.018941,2.32758E+09,-43.453300,50.708000,50.707988,-0.000012,vbe_low
20260910-200059-7da7038,nx1_sf_125c_vce0.8v,sf,hbt_typ,125,1,0.8,0.57,3.816500e-06,0.033129,4.03417E+09,-39.155600,46.415700,46.415668,-0.000032,vbe_low
20260910-200059-7da7038,nx1_sf_125c_vce0.8v,sf,hbt_typ,125,1,0.8,0.59,6.668430e-06,0.057886,6.96284E+09,-34.532900,41.802800,41.802706,-0.000094,vbe_low
20260910-200059-7da7038,nx1_sf_125c_vce0.8v,sf,hbt_typ,125,1,0.8,0.61,1.163090e-05,0.100963,1.19146E+10,-29.817700,37.105800,37.105524,-0.000276,vbe_low
20260910-200059-7da7038,nx1_sf_125c_vce0.8v,sf,hbt_typ,125,1,0.8,0.63,2.022400e-05,0.175556,2.01872E+10,-25.119300,32.441800,32.440992,-0.000808,vbe_low
20260910-200059-7da7038,nx1_sf_125c_vce0.8v,sf,hbt_typ,125,1,0.8,0.65,3.498160e-05,0.303660,3.35499E+10,-20.508400,27.897700,27.895398,-0.002302,
20260910-200059-7da7038,nx1_sf_125c_vce0.8v,sf,hbt_typ,125,1,0.8,0.67,5.997790e-05,0.520641,5.42747E+10,-16.059300,23.580300,23.574078,-0.006222,
20260910-200059-7da7038,nx1_sf_125c_vce0.8v,sf,hbt_typ,125,1,0.8,0.69,1.013900e-04,0.880122,8.39811E+10,-11.866300,19.641200,19.625772,-0.015428,
20260910-200059-7da7038,nx1_sf_125c_vce0.8v,sf,hbt_typ,125,1,0.8,0.71,1.677500e-04,1.456163,1.23117E+11,-8.041760,16.269000,16.235391,-0.033609,
20260910-200059-7da7038,nx1_sf_125c_vce0.8v,sf,hbt_typ,125,1,0.8,0.73,2.693220e-04,2.337865,1.678E+11,-4.692800,13.618400,13.556323,-0.062077,
20260910-200059-7da7038,nx1_sf_125c_vce0.8v,sf,hbt_typ,125,1,0.8,0.75,4.162590e-04,3.613359,2.13082E+11,-1.884390,11.709200,11.612466,-0.096734,
20260910-200059-7da7038,nx1_sf_125c_vce0.8v,sf,hbt_typ,125,1,0.8,0.77,6.162120e-04,5.349062,2.53365E+11,0.385886,10.411700,10.280772,-0.130928,
20260910-200059-7da7038,nx1_sf_125c_vce0.8v,sf,hbt_typ,125,1,0.8,0.79,8.728290e-04,7.576641,2.85076E+11,2.179550,9.540710,9.380162,-0.160548,
20260910-200059-7da7038,nx1_sf_125c_vce0.8v,sf,hbt_typ,125,1,0.8,0.81,1.185890e-03,10.294184,3.07852E+11,3.585750,8.941600,8.756792,-0.184808,
20260910-200059-7da7038,nx1_sf_125c_vce0.8v,sf,hbt_typ,125,1,0.8,0.83,1.552530e-03,13.476823,3.22055E+11,4.692350,8.513030,8.308597,-0.204433,
20260910-200059-7da7038,nx1_sf_125c_vce0.8v,sf,hbt_typ,125,1,0.8,0.85,1.968530e-03,17.087934,3.26277E+11,5.571890,8.194990,7.974624,-0.220366,
20260910-200059-7da7038,nx1_sf_125c_vce0.8v,sf,hbt_typ,125,1,0.8,0.87,2.429260e-03,21.087326,3.21735E+11,6.279530,7.952750,7.719398,-0.233352,
20260910-200059-7da7038,nx1_sf_125c_vce0.8v,sf,hbt_typ,125,1,0.8,0.89,2.930180e-03,25.435590,3.0835E+11,6.854730,7.766030,7.522133,-0.243897,
20260910-200059-7da7038,nx1_sf_125c_vce0.8v,sf,hbt_typ,125,1,0.8,0.91,3.466880e-03,30.094444,2.88264E+11,7.316870,7.624120,7.371882,-0.252238,ic_high
20260910-200059-7da7038,nx1_sf_125c_vce0.8v,sf,hbt_typ,125,1,0.8,0.93,4.033180e-03,35.010243,2.56067E+11,7.600910,7.533660,7.275952,-0.257708,ic_high
20260910-200059-7da7038,nx1_sf_125c_vce0.8v,sf,hbt_typ,125,1,0.8,0.95,4.608180e-03,40.001562,1.8401E+11,7.232520,7.574220,7.318980,-0.255240,ic_high
20260910-200059-7da7038,nx1_sf_125c_vce0.8v,sf,hbt_typ,125,1,0.8,0.97,5.141160e-03,44.628125,1.02434E+11,5.972840,7.810030,7.568661,-0.241369,ic_high;vbe_high
20260910-200059-7da7038,nx1_sf_125c_vce0.8v,sf,hbt_typ,125,1,0.8,0.99,5.621370e-03,48.796615,6.20068E+10,5.008600,8.021270,7.791669,-0.229601,ic_high;vbe_high
20260910-200059-7da7038,nx1_sf_125c_vce0.8v,sf,hbt_typ,125,1,0.8,1.01,6.079400e-03,52.772569,4.258E+10,4.556360,8.136930,7.913521,-0.223409,ic_high;vbe_high
20260910-200059-7da7038,nx1_sf_125c_vce0.8v,sf,hbt_typ,125,1,0.8,1.03,6.534350e-03,56.721788,3.10883E+10,4.252560,8.244940,8.027158,-0.217782,ic_high;vbe_high
20260910-200059-7da7038,nx1_sf_125c_vce0.8v,sf,hbt_typ,125,1,0.8,1.05,6.986560e-03,60.647222,2.24039E+10,3.653690,8.476930,8.270750,-0.206180,ic_high;vbe_high
20260910-200059-7da7038,nx1_sf_125c_vce1.0v,sf,hbt_typ,125,1,1.0,0.55,2.184480e-06,0.018963,2.34716E+09,-43.480600,50.735200,50.735188,-0.000012,vbe_low
20260910-200059-7da7038,nx1_sf_125c_vce1.0v,sf,hbt_typ,125,1,1.0,0.57,3.821200e-06,0.033170,4.06558E+09,-39.159500,46.419600,46.419568,-0.000032,vbe_low
20260910-200059-7da7038,nx1_sf_125c_vce1.0v,sf,hbt_typ,125,1,1.0,0.59,6.678030e-06,0.057969,7.02224E+09,-34.526100,41.796100,41.796006,-0.000094,vbe_low
20260910-200059-7da7038,nx1_sf_125c_vce1.0v,sf,hbt_typ,125,1,1.0,0.61,1.165170e-05,0.101143,1.2029E+10,-29.804900,37.093100,37.092823,-0.000277,vbe_low
20260910-200059-7da7038,nx1_sf_125c_vce1.0v,sf,hbt_typ,125,1,1.0,0.63,2.027200e-05,0.175972,2.03802E+10,-25.101000,32.423700,32.422888,-0.000812,vbe_low
20260910-200059-7da7038,nx1_sf_125c_vce1.0v,sf,hbt_typ,125,1,1.0,0.65,3.509730e-05,0.304664,3.39419E+10,-20.483000,27.872900,27.870585,-0.002315,
20260910-200059-7da7038,nx1_sf_125c_vce1.0v,sf,hbt_typ,125,1,1.0,0.67,6.026390e-05,0.523124,5.49774E+10,-16.023800,23.546400,23.540129,-0.006271,
20260910-200059-7da7038,nx1_sf_125c_vce1.0v,sf,hbt_typ,125,1,1.0,0.69,1.020940e-04,0.886233,8.52894E+10,-11.817400,19.596700,19.581112,-0.015588,
20260910-200059-7da7038,nx1_sf_125c_vce1.0v,sf,hbt_typ,125,1,1.0,0.71,1.694280e-04,1.470729,1.2523E+11,-7.976690,16.214900,16.180868,-0.034032,
20260910-200059-7da7038,nx1_sf_125c_vce1.0v,sf,hbt_typ,125,1,1.0,0.73,2.730700e-04,2.370399,1.71294E+11,-4.611280,13.559700,13.496772,-0.062928,
20260910-200059-7da7038,nx1_sf_125c_vce1.0v,sf,hbt_typ,125,1,1.0,0.75,4.239450e-04,3.680078,2.17975E+11,-1.789340,11.652100,11.554071,-0.098029,
20260910-200059-7da7038,nx1_sf_125c_vce1.0v,sf,hbt_typ,125,1,1.0,0.77,6.305430e-04,5.473464,2.59159E+11,0.489308,10.360300,10.227789,-0.132511,
20260910-200059-7da7038,nx1_sf_125c_vce1.0v,sf,hbt_typ,125,1,1.0,0.79,8.971890e-04,7.788099,2.92118E+11,2.286060,9.495990,9.333749,-0.162241,
20260910-200059-7da7038,nx1_sf_125c_vce1.0v,sf,hbt_typ,125,1,1.0,0.81,1.224050e-03,10.625434,3.16781E+11,3.691410,8.902970,8.716475,-0.186495,
20260910-200059-7da7038,nx1_sf_125c_vce1.0v,sf,hbt_typ,125,1,1.0,0.83,1.608360e-03,13.961458,3.32279E+11,4.794870,8.479760,8.273717,-0.206043,
20260910-200059-7da7038,nx1_sf_125c_vce1.0v,sf,hbt_typ,125,1,1.0,0.85,2.045840e-03,17.759028,3.41583E+11,5.670350,8.166810,7.944972,-0.221838,
20260910-200059-7da7038,nx1_sf_125c_vce1.0v,sf,hbt_typ,125,1,1.0,0.87,2.531720e-03,21.976736,3.43086E+11,6.373770,7.930020,7.695409,-0.234611,
20260910-200059-7da7038,nx1_sf_125c_vce1.0v,sf,hbt_typ,125,1,1.0,0.89,3.061280e-03,26.573611,3.34094E+11,6.945670,7.749530,7.504678,-0.244852,ic_high
20260910-200059-7da7038,nx1_sf_125c_vce1.0v,sf,hbt_typ,125,1,1.0,0.91,3.630140e-03,31.511632,3.15705E+11,7.415250,7.613340,7.360456,-0.252884,ic_high
20260910-200059-7da7038,nx1_sf_125c_vce1.0v,sf,hbt_typ,125,1,1.0,0.93,4.234260e-03,36.755729,2.89284E+11,7.802610,7.514140,7.255236,-0.258904,ic_high
20260910-200059-7da7038,nx1_sf_125c_vce1.0v,sf,hbt_typ,125,1,1.0,0.95,4.869580e-03,42.270660,2.54404E+11,8.106050,7.449810,7.186923,-0.262887,ic_high
20260910-200059-7da7038,nx1_sf_125c_vce1.0v,sf,hbt_typ,125,1,1.0,0.97,5.527430e-03,47.981163,2.04906E+11,8.169240,7.443110,7.179805,-0.263305,ic_high;vbe_high
20260910-200059-7da7038,nx1_sf_125c_vce1.0v,sf,hbt_typ,125,1,1.0,0.99,6.171100e-03,53.568576,1.26824E+11,7.384960,7.593070,7.338968,-0.254102,ic_high;vbe_high
20260910-200059-7da7038,nx1_sf_125c_vce1.0v,sf,hbt_typ,125,1,1.0,1.01,6.753440e-03,58.623611,7.2955E+10,6.228970,7.839200,7.599492,-0.239708,ic_high;vbe_high
20260910-200059-7da7038,nx1_sf_125c_vce1.0v,sf,hbt_typ,125,1,1.0,1.03,7.291630e-03,63.295399,4.8317E+10,5.526330,8.027250,7.797973,-0.229277,ic_high;vbe_high
20260910-200059-7da7038,nx1_sf_125c_vce1.0v,sf,hbt_typ,125,1,1.0,1.05,7.815240e-03,67.840625,3.54414E+10,5.152390,8.173400,7.951907,-0.221493,ic_high;vbe_high
20260910-200059-7da7038,nx1_sf_125c_vce1.2v,sf,hbt_typ,125,1,1.2,0.55,2.187440e-06,0.018988,2.36305E+09,-43.497400,50.752100,50.752088,-0.000012,vbe_low
20260910-200059-7da7038,nx1_sf_125c_vce1.2v,sf,hbt_typ,125,1,1.2,0.57,3.826690e-06,0.033218,4.09088E+09,-39.158600,46.418700,46.418668,-0.000032,vbe_low
20260910-200059-7da7038,nx1_sf_125c_vce1.2v,sf,hbt_typ,125,1,1.2,0.59,6.688810e-06,0.058063,7.06969E+09,-34.517000,41.787000,41.786906,-0.000094,vbe_low
20260910-200059-7da7038,nx1_sf_125c_vce1.2v,sf,hbt_typ,125,1,1.2,0.61,1.167430e-05,0.101339,1.21201E+10,-29.790800,37.079100,37.078822,-0.000278,vbe_low
20260910-200059-7da7038,nx1_sf_125c_vce1.2v,sf,hbt_typ,125,1,1.2,0.63,2.032260e-05,0.176411,2.05341E+10,-25.081800,32.404700,32.403885,-0.000815,vbe_low
20260910-200059-7da7038,nx1_sf_125c_vce1.2v,sf,hbt_typ,125,1,1.2,0.65,3.521730e-05,0.305706,3.42553E+10,-20.456900,27.847300,27.844972,-0.002328,
20260910-200059-7da7038,nx1_sf_125c_vce1.2v,sf,hbt_typ,125,1,1.2,0.67,6.055800e-05,0.525677,5.55435E+10,-15.987800,23.511900,23.505579,-0.006321,
20260910-200059-7da7038,nx1_sf_125c_vce1.2v,sf,hbt_typ,125,1,1.2,0.69,1.028180e-04,0.892517,8.63499E+10,-11.767800,19.551500,19.535749,-0.015751,
20260910-200059-7da7038,nx1_sf_125c_vce1.2v,sf,hbt_typ,125,1,1.2,0.71,1.711570e-04,1.485738,1.26948E+11,-7.910650,16.160100,16.125635,-0.034465,
20260910-200059-7da7038,nx1_sf_125c_vce1.2v,sf,hbt_typ,125,1,1.2,0.73,2.769620e-04,2.404184,1.74112E+11,-4.528380,13.500100,13.436296,-0.063804,
20260910-200059-7da7038,nx1_sf_125c_vce1.2v,sf,hbt_typ,125,1,1.2,0.75,4.320040e-04,3.750035,2.21843E+11,-1.692440,11.594200,11.494840,-0.099360,
20260910-200059-7da7038,nx1_sf_125c_vce1.2v,sf,hbt_typ,125,1,1.2,0.77,6.457270e-04,5.605269,2.63587E+11,0.595046,10.308200,10.174065,-0.134135,
20260910-200059-7da7038,nx1_sf_125c_vce1.2v,sf,hbt_typ,125,1,1.2,0.79,9.232530e-04,8.014349,2.97237E+11,2.395340,9.450540,9.286560,-0.163980,
20260910-200059-7da7038,nx1_sf_125c_vce1.2v,sf,hbt_typ,125,1,1.2,0.81,1.265240e-03,10.982986,3.2272E+11,3.800220,8.863610,8.675380,-0.188230,
20260910-200059-7da7038,nx1_sf_125c_vce1.2v,sf,hbt_typ,125,1,1.2,0.83,1.669100e-03,14.488715,3.39101E+11,4.900710,8.445920,8.238226,-0.207694,
20260910-200059-7da7038,nx1_sf_125c_vce1.2v,sf,hbt_typ,125,1,1.2,0.85,2.130530e-03,18.494184,3.48807E+11,5.771870,8.138520,7.915194,-0.223326,
20260910-200059-7da7038,nx1_sf_125c_vce1.2v,sf,hbt_typ,125,1,1.2,0.87,2.644620e-03,22.956771,3.51010E+11,6.470330,7.907990,7.672153,-0.235837,
20260910-200059-7da7038,nx1_sf_125c_vce1.2v,sf,hbt_typ,125,1,1.2,0.89,3.206460e-03,27.833854,3.4558E+11,7.037160,7.735100,7.489409,-0.245691,ic_high
20260910-200059-7da7038,nx1_sf_125c_vce1.2v,sf,hbt_typ,125,1,1.2,0.91,3.811450e-03,33.085503,3.31241E+11,7.501740,7.608430,7.355252,-0.253178,ic_high
20260910-200059-7da7038,nx1_sf_125c_vce1.2v,sf,hbt_typ,125,1,1.2,0.93,4.455330e-03,38.674740,3.04279E+11,7.884550,7.521150,7.262676,-0.258474,ic_high
20260910-200059-7da7038,nx1_sf_125c_vce1.2v,sf,hbt_typ,125,1,1.2,0.95,5.134210e-03,44.567795,2.69022E+11,8.200590,7.468970,7.207276,-0.261694,ic_high
20260910-200059-7da7038,nx1_sf_125c_vce1.2v,sf,hbt_typ,125,1,1.2,0.97,5.844280e-03,50.731597,2.30318E+11,8.454300,7.450260,7.187401,-0.262859,ic_high;vbe_high
20260910-200059-7da7038,nx1_sf_125c_vce1.2v,sf,hbt_typ,125,1,1.2,0.99,6.579260e-03,57.111632,1.82777E+11,8.568450,7.475670,7.214392,-0.261278,ic_high;vbe_high
20260910-200059-7da7038,nx1_sf_125c_vce1.2v,sf,hbt_typ,125,1,1.2,1.01,7.310620e-03,63.460243,1.20335E+11,8.044770,7.617760,7.365141,-0.252619,ic_high;vbe_high
20260910-200059-7da7038,nx1_sf_125c_vce1.2v,sf,hbt_typ,125,1,1.2,1.03,7.981600e-03,69.284722,7.13707E+10,6.943240,7.877420,7.639871,-0.237549,ic_high;vbe_high
20260910-200059-7da7038,nx1_sf_125c_vce1.2v,sf,hbt_typ,125,1,1.2,1.05,8.596440e-03,74.621875,4.75187E+10,6.147670,8.116070,7.891557,-0.224513,ic_high;vbe_high
20260910-200059-7da7038,nx1_sf_125c_vce1.4v,sf,hbt_typ,125,1,1.4,0.55,2.192330e-06,0.019031,2.37819E+09,-43.503300,50.757900,50.757888,-0.000012,vbe_low
20260910-200059-7da7038,nx1_sf_125c_vce1.4v,sf,hbt_typ,125,1,1.4,0.57,3.835260e-06,0.033292,4.11462E+09,-39.150000,46.410100,46.410068,-0.000032,vbe_low
20260910-200059-7da7038,nx1_sf_125c_vce1.4v,sf,hbt_typ,125,1,1.4,0.59,6.704470e-06,0.058199,7.11352E+09,-34.501900,41.772000,41.771906,-0.000094,vbe_low
20260910-200059-7da7038,nx1_sf_125c_vce1.4v,sf,hbt_typ,125,1,1.4,0.61,1.170470e-05,0.101603,1.22031E+10,-29.771700,37.060000,37.059721,-0.000279,vbe_low
20260910-200059-7da7038,nx1_sf_125c_vce1.4v,sf,hbt_typ,125,1,1.4,0.63,2.038570e-05,0.176959,2.06733E+10,-25.058200,32.381300,32.380480,-0.000820,vbe_low
20260910-200059-7da7038,nx1_sf_125c_vce1.4v,sf,hbt_typ,125,1,1.4,0.65,3.535750e-05,0.306923,3.45371E+10,-20.426600,27.817500,27.815156,-0.002344,
20260910-200059-7da7038,nx1_sf_125c_vce1.4v,sf,hbt_typ,125,1,1.4,0.67,6.088640e-05,0.528528,5.6052E+10,-15.947600,23.473400,23.467022,-0.006378,
20260910-200059-7da7038,nx1_sf_125c_vce1.4v,sf,hbt_typ,125,1,1.4,0.69,1.036030e-04,0.899332,8.73014E+10,-11.714100,19.502500,19.486570,-0.015930,
20260910-200059-7da7038,nx1_sf_125c_vce1.4v,sf,hbt_typ,125,1,1.4,0.71,1.730080e-04,1.501806,1.28487E+11,-7.840620,16.101700,16.066766,-0.034934,
20260910-200059-7da7038,nx1_sf_125c_vce1.4v,sf,hbt_typ,125,1,1.4,0.73,2.811110e-04,2.440200,1.76611E+11,-4.441800,13.437600,13.372864,-0.064736,
20260910-200059-7da7038,nx1_sf_125c_vce1.4v,sf,hbt_typ,125,1,1.4,0.75,4.406120e-04,3.824757,2.2522E+11,-1.592620,11.534500,11.433749,-0.100751,
20260910-200059-7da7038,nx1_sf_125c_vce1.4v,sf,hbt_typ,125,1,1.4,0.77,6.620180e-04,5.746684,2.67906E+11,0.702716,10.255100,10.119289,-0.135811,
20260910-200059-7da7038,nx1_sf_125c_vce1.4v,sf,hbt_typ,125,1,1.4,0.79,9.513860e-04,8.258559,3.02279E+11,2.505900,9.404650,9.238894,-0.165756,
20260910-200059-7da7038,nx1_sf_125c_vce1.4v,sf,hbt_typ,125,1,1.4,0.81,1.310000e-03,11.371528,3.27389E+11,3.910500,8.823950,8.633955,-0.189995,
20260910-200059-7da7038,nx1_sf_125c_vce1.4v,sf,hbt_typ,125,1,1.4,0.83,1.735580e-03,15.065799,3.44269E+11,5.008950,8.411810,8.202439,-0.209371,
20260910-200059-7da7038,nx1_sf_125c_vce1.4v,sf,hbt_typ,125,1,1.4,0.85,2.223890e-03,19.304601,3.53477E+11,5.876760,8.110250,7.885428,-0.224822,
20260910-200059-7da7038,nx1_sf_125c_vce1.4v,sf,hbt_typ,125,1,1.4,0.87,2.769910e-03,24.044358,3.55007E+11,6.570560,7.886820,7.649799,-0.237021,
20260910-200059-7da7038,nx1_sf_125c_vce1.4v,sf,hbt_typ,125,1,1.4,0.89,3.368530e-03,29.240712,3.48693E+11,7.131660,7.723050,7.476657,-0.246393,ic_high
20260910-200059-7da7038,nx1_sf_125c_vce1.4v,sf,hbt_typ,125,1,1.4,0.91,4.014870e-03,34.851302,3.33478E+11,7.589690,7.608220,7.355029,-0.253191,ic_high
20260910-200059-7da7038,nx1_sf_125c_vce1.4v,sf,hbt_typ,125,1,1.4,0.93,4.704420e-03,40.836979,3.11455E+11,7.965610,7.536100,7.278541,-0.257559,ic_high
20260910-200059-7da7038,nx1_sf_125c_vce1.4v,sf,hbt_typ,125,1,1.4,0.95,5.432900e-03,47.160590,2.7619E+11,8.273510,7.503240,7.243665,-0.259575,ic_high
20260910-200059-7da7038,nx1_sf_125c_vce1.4v,sf,hbt_typ,125,1,1.4,0.97,6.196190e-03,53.786372,2.30588E+11,8.522760,7.507810,7.248517,-0.259293,ic_high;vbe_high
20260910-200059-7da7038,nx1_sf_125c_vce1.4v,sf,hbt_typ,125,1,1.4,0.99,6.990050e-03,60.677517,1.85644E+11,8.715050,7.549640,7.292907,-0.256733,ic_high;vbe_high
20260910-200059-7da7038,nx1_sf_125c_vce1.4v,sf,hbt_typ,125,1,1.4,1.01,7.807150e-03,67.770399,1.3987E+11,8.768800,7.639770,7.388466,-0.251304,ic_high;vbe_high
20260910-200059-7da7038,nx1_sf_125c_vce1.4v,sf,hbt_typ,125,1,1.4,1.03,8.613940e-03,74.773785,9.01414E+10,8.196790,7.843320,7.603846,-0.239474,ic_high;vbe_high
20260910-200059-7da7038,nx1_sf_125c_vce1.4v,sf,hbt_typ,125,1,1.4,1.05,9.352150e-03,81.181858,5.68289E+10,7.156610,8.142690,7.919584,-0.223106,ic_high;vbe_high
20260910-200059-7da7038,nx1_fs_-40c_vce0.8v,fs,hbt_typ,-40,1,0.8,0.55,3.826030e-11,0.000000,,-51.404800,56.328200,56.328202,0.000002,vbe_low
20260910-200059-7da7038,nx1_fs_-40c_vce0.8v,fs,hbt_typ,-40,1,0.8,0.57,1.019030e-10,0.000001,,-51.389900,56.313400,56.313402,0.000002,vbe_low
20260910-200059-7da7038,nx1_fs_-40c_vce0.8v,fs,hbt_typ,-40,1,0.8,0.59,2.721740e-10,0.000002,,-51.374700,56.298100,56.298102,0.000002,vbe_low
20260910-200059-7da7038,nx1_fs_-40c_vce0.8v,fs,hbt_typ,-40,1,0.8,0.61,7.276520e-10,0.000006,,-51.359100,56.282600,56.282602,0.000002,vbe_low
20260910-200059-7da7038,nx1_fs_-40c_vce0.8v,fs,hbt_typ,-40,1,0.8,0.63,1.946000e-09,0.000017,3.73717E+06,-51.343000,56.266500,56.266502,0.000002,vbe_low
20260910-200059-7da7038,nx1_fs_-40c_vce0.8v,fs,hbt_typ,-40,1,0.8,0.65,5.204820e-09,0.000045,9.93206E+06,-51.326100,56.249600,56.249602,0.000002,
20260910-200059-7da7038,nx1_fs_-40c_vce0.8v,fs,hbt_typ,-40,1,0.8,0.67,1.392120e-08,0.000121,2.64348E+07,-51.306400,56.230000,56.230002,0.000002,
20260910-200059-7da7038,nx1_fs_-40c_vce0.8v,fs,hbt_typ,-40,1,0.8,0.69,3.723380e-08,0.000323,7.02402E+07,-51.270800,56.194500,56.194502,0.000002,
20260910-200059-7da7038,nx1_fs_-40c_vce0.8v,fs,hbt_typ,-40,1,0.8,0.71,9.957980e-08,0.000864,1.86592E+08,-51.131000,56.055000,56.055002,0.000002,
20260910-200059-7da7038,nx1_fs_-40c_vce0.8v,fs,hbt_typ,-40,1,0.8,0.73,2.662780e-07,0.002311,4.95412E+08,-50.346600,55.271600,55.271603,0.000003,
20260910-200059-7da7038,nx1_fs_-40c_vce0.8v,fs,hbt_typ,-40,1,0.8,0.75,7.117450e-07,0.006178,1.31092E+09,-47.027200,51.954600,51.954606,0.000006,
20260910-200059-7da7038,nx1_fs_-40c_vce0.8v,fs,hbt_typ,-40,1,0.8,0.77,1.900410e-06,0.016497,3.46541E+09,-40.245700,45.179800,45.179829,0.000029,
20260910-200059-7da7038,nx1_fs_-40c_vce0.8v,fs,hbt_typ,-40,1,0.8,0.79,5.059640e-06,0.043920,9.06312E+09,-32.109900,37.063300,37.063491,0.000191,
20260910-200059-7da7038,nx1_fs_-40c_vce0.8v,fs,hbt_typ,-40,1,0.8,0.81,1.336800e-05,0.116042,2.32214E+10,-23.860400,28.873500,28.874756,0.001256,
20260910-200059-7da7038,nx1_fs_-40c_vce0.8v,fs,hbt_typ,-40,1,0.8,0.83,3.463150e-05,0.300621,5.67251E+10,-15.948900,21.162100,21.169512,0.007412,
20260910-200059-7da7038,nx1_fs_-40c_vce0.8v,fs,hbt_typ,-40,1,0.8,0.85,8.568160e-05,0.743764,1.23914E+11,-8.861440,14.708100,14.740765,0.032665,
20260910-200059-7da7038,nx1_fs_-40c_vce0.8v,fs,hbt_typ,-40,1,0.8,0.87,1.938800e-04,1.682986,2.23844E+11,-3.204450,10.442800,10.529476,0.086676,
20260910-200059-7da7038,nx1_fs_-40c_vce0.8v,fs,hbt_typ,-40,1,0.8,0.89,3.853270e-04,3.344852,3.24065E+11,0.724375,8.276580,8.418405,0.141825,
20260910-200059-7da7038,nx1_fs_-40c_vce0.8v,fs,hbt_typ,-40,1,0.8,0.91,6.671700e-04,5.791406,3.97039E+11,3.215860,7.253430,7.432165,0.178735,
20260910-200059-7da7038,nx1_fs_-40c_vce0.8v,fs,hbt_typ,-40,1,0.8,0.93,1.028690e-03,8.929601,4.41028E+11,4.785240,6.708510,6.910591,0.202081,
20260910-200059-7da7038,nx1_fs_-40c_vce0.8v,fs,hbt_typ,-40,1,0.8,0.95,1.454350e-03,12.624566,4.64257E+11,5.821400,6.368490,6.586622,0.218132,
20260910-200059-7da7038,nx1_fs_-40c_vce0.8v,fs,hbt_typ,-40,1,0.8,0.97,1.930950e-03,16.761719,4.73843E+11,6.548590,6.129960,6.360087,0.230127,vbe_high
20260910-200059-7da7038,nx1_fs_-40c_vce0.8v,fs,hbt_typ,-40,1,0.8,0.99,2.449010e-03,21.258767,4.73063E+11,7.088520,5.950130,6.189722,0.239592,vbe_high
20260910-200059-7da7038,nx1_fs_-40c_vce0.8v,fs,hbt_typ,-40,1,0.8,1.01,3.001790e-03,26.057205,4.62575E+11,7.508540,5.808890,6.056181,0.247291,ic_high;vbe_high
20260910-200059-7da7038,nx1_fs_-40c_vce0.8v,fs,hbt_typ,-40,1,0.8,1.03,3.584590e-03,31.116233,4.42621E+11,7.847570,5.695580,5.949221,0.253641,ic_high;vbe_high
20260910-200059-7da7038,nx1_fs_-40c_vce0.8v,fs,hbt_typ,-40,1,0.8,1.05,4.193950e-03,36.405816,4.12581E+11,8.123560,5.604910,5.863745,0.258835,ic_high;vbe_high
20260910-200059-7da7038,nx1_fs_-40c_vce1.0v,fs,hbt_typ,-40,1,1.0,0.55,3.849690e-11,0.000000,,-51.537700,56.461200,56.461202,0.000002,vbe_low
20260910-200059-7da7038,nx1_fs_-40c_vce1.0v,fs,hbt_typ,-40,1,1.0,0.57,1.022000e-10,0.000001,,-51.525500,56.449000,56.449002,0.000002,vbe_low
20260910-200059-7da7038,nx1_fs_-40c_vce1.0v,fs,hbt_typ,-40,1,1.0,0.59,2.726310e-10,0.000002,,-51.513100,56.436600,56.436602,0.000002,vbe_low
20260910-200059-7da7038,nx1_fs_-40c_vce1.0v,fs,hbt_typ,-40,1,1.0,0.61,7.285340e-10,0.000006,,-51.500400,56.423900,56.423902,0.000002,vbe_low
20260910-200059-7da7038,nx1_fs_-40c_vce1.0v,fs,hbt_typ,-40,1,1.0,0.63,1.948010e-09,0.000017,3.75869E+06,-51.487400,56.410900,56.410902,0.000002,vbe_low
20260910-200059-7da7038,nx1_fs_-40c_vce1.0v,fs,hbt_typ,-40,1,1.0,0.65,5.209840e-09,0.000045,9.98631E+06,-51.473700,56.397300,56.397302,0.000002,
20260910-200059-7da7038,nx1_fs_-40c_vce1.0v,fs,hbt_typ,-40,1,1.0,0.67,1.393420e-08,0.000121,2.65938E+07,-51.457300,56.380800,56.380802,0.000002,
20260910-200059-7da7038,nx1_fs_-40c_vce1.0v,fs,hbt_typ,-40,1,1.0,0.69,3.726840e-08,0.000324,7.06416E+07,-51.424500,56.348200,56.348202,0.000002,
20260910-200059-7da7038,nx1_fs_-40c_vce1.0v,fs,hbt_typ,-40,1,1.0,0.71,9.967250e-08,0.000865,1.87772E+08,-51.283700,56.207700,56.207702,0.000002,
20260910-200059-7da7038,nx1_fs_-40c_vce1.0v,fs,hbt_typ,-40,1,1.0,0.73,2.665320e-07,0.002314,4.98403E+08,-50.476100,55.401100,55.401103,0.000003,
20260910-200059-7da7038,nx1_fs_-40c_vce1.0v,fs,hbt_typ,-40,1,1.0,0.75,7.124690e-07,0.006185,1.31982E+09,-47.084300,52.011700,52.011706,0.000006,
20260910-200059-7da7038,nx1_fs_-40c_vce1.0v,fs,hbt_typ,-40,1,1.0,0.77,1.902650e-06,0.016516,3.48843E+09,-40.250000,45.184200,45.184229,0.000029,
20260910-200059-7da7038,nx1_fs_-40c_vce1.0v,fs,hbt_typ,-40,1,1.0,0.79,5.067650e-06,0.043990,9.12499E+09,-32.099100,37.052600,37.052791,0.000191,
20260910-200059-7da7038,nx1_fs_-40c_vce1.0v,fs,hbt_typ,-40,1,1.0,0.81,1.340210e-05,0.116338,2.34074E+10,-23.840400,28.853800,28.855062,0.001262,
20260910-200059-7da7038,nx1_fs_-40c_vce1.0v,fs,hbt_typ,-40,1,1.0,0.83,3.479570e-05,0.302046,5.72907E+10,-15.913500,21.128400,21.135870,0.007470,
20260910-200059-7da7038,nx1_fs_-40c_vce1.0v,fs,hbt_typ,-40,1,1.0,0.85,8.646120e-05,0.750531,1.25629E+11,-8.800660,14.657100,14.690149,0.033049,
20260910-200059-7da7038,nx1_fs_-40c_vce1.0v,fs,hbt_typ,-40,1,1.0,0.87,1.969790e-04,1.709887,2.27706E+11,-3.116480,10.387300,10.475080,0.087780,
20260910-200059-7da7038,nx1_fs_-40c_vce1.0v,fs,hbt_typ,-40,1,1.0,0.89,3.945730e-04,3.425113,3.30041E+11,0.826029,8.230880,8.374181,0.143301,
20260910-200059-7da7038,nx1_fs_-40c_vce1.0v,fs,hbt_typ,-40,1,1.0,0.91,6.879500e-04,5.971788,4.04729E+11,3.316430,7.217010,7.397220,0.180210,
20260910-200059-7da7038,nx1_fs_-40c_vce1.0v,fs,hbt_typ,-40,1,1.0,0.93,1.066570e-03,9.258420,4.49466E+11,4.880110,6.676380,6.879927,0.203547,
20260910-200059-7da7038,nx1_fs_-40c_vce1.0v,fs,hbt_typ,-40,1,1.0,0.95,1.514380e-03,13.145660,4.72328E+11,5.912300,6.337460,6.557117,0.219657,
20260910-200059-7da7038,nx1_fs_-40c_vce1.0v,fs,hbt_typ,-40,1,1.0,0.97,2.017940e-03,17.516840,4.83237E+11,6.639230,6.098600,6.330351,0.231751,vbe_high
20260910-200059-7da7038,nx1_fs_-40c_vce1.0v,fs,hbt_typ,-40,1,1.0,0.99,2.567460e-03,22.286979,4.82612E+11,7.182040,5.918280,6.159588,0.241308,vbe_high
20260910-200059-7da7038,nx1_fs_-40c_vce1.0v,fs,hbt_typ,-40,1,1.0,1.01,3.156150e-03,27.397135,4.7159E+11,7.607450,5.777070,6.026128,0.249058,ic_high;vbe_high
20260910-200059-7da7038,nx1_fs_-40c_vce1.0v,fs,hbt_typ,-40,1,1.0,1.03,3.779370e-03,32.807031,4.52633E+11,7.953740,5.664800,5.920193,0.255393,ic_high;vbe_high
20260910-200059-7da7038,nx1_fs_-40c_vce1.0v,fs,hbt_typ,-40,1,1.0,1.05,4.433790e-03,38.487760,4.21224E+11,8.243960,5.575710,5.836240,0.260530,ic_high;vbe_high
20260910-200059-7da7038,nx1_fs_-40c_vce1.2v,fs,hbt_typ,-40,1,1.2,0.55,3.873940e-11,0.000000,,-51.648400,56.571900,56.571902,0.000002,vbe_low
20260910-200059-7da7038,nx1_fs_-40c_vce1.2v,fs,hbt_typ,-40,1,1.2,0.57,1.025110e-10,0.000001,,-51.638100,56.561600,56.561602,0.000002,vbe_low
20260910-200059-7da7038,nx1_fs_-40c_vce1.2v,fs,hbt_typ,-40,1,1.2,0.59,2.731200e-10,0.000002,,-51.627700,56.551200,56.551202,0.000002,vbe_low
20260910-200059-7da7038,nx1_fs_-40c_vce1.2v,fs,hbt_typ,-40,1,1.2,0.61,7.294920e-10,0.000006,,-51.617000,56.540500,56.540502,0.000002,vbe_low
20260910-200059-7da7038,nx1_fs_-40c_vce1.2v,fs,hbt_typ,-40,1,1.2,0.63,1.950200e-09,0.000017,3.77712E+06,-51.606100,56.529600,56.529602,0.000002,vbe_low
20260910-200059-7da7038,nx1_fs_-40c_vce1.2v,fs,hbt_typ,-40,1,1.2,0.65,5.215250e-09,0.000045,1.00326E+07,-51.594600,56.518100,56.518102,0.000002,
20260910-200059-7da7038,nx1_fs_-40c_vce1.2v,fs,hbt_typ,-40,1,1.2,0.67,1.394820e-08,0.000121,2.67282E+07,-51.580300,56.503800,56.503802,0.000002,
20260910-200059-7da7038,nx1_fs_-40c_vce1.2v,fs,hbt_typ,-40,1,1.2,0.69,3.730490e-08,0.000324,7.09795E+07,-51.549200,56.472900,56.472902,0.000002,
20260910-200059-7da7038,nx1_fs_-40c_vce1.2v,fs,hbt_typ,-40,1,1.2,0.71,9.976940e-08,0.000866,1.88759E+08,-51.407000,56.331000,56.331002,0.000002,
20260910-200059-7da7038,nx1_fs_-40c_vce1.2v,fs,hbt_typ,-40,1,1.2,0.73,2.667950e-07,0.002316,5.00893E+08,-50.579300,55.504200,55.504203,0.000003,
20260910-200059-7da7038,nx1_fs_-40c_vce1.2v,fs,hbt_typ,-40,1,1.2,0.75,7.132100e-07,0.006191,1.32718E+09,-47.127600,52.055000,52.055006,0.000006,
20260910-200059-7da7038,nx1_fs_-40c_vce1.2v,fs,hbt_typ,-40,1,1.2,0.77,1.904930e-06,0.016536,3.50748E+09,-40.251200,45.185300,45.185329,0.000029,
20260910-200059-7da7038,nx1_fs_-40c_vce1.2v,fs,hbt_typ,-40,1,1.2,0.79,5.075730e-06,0.044060,9.17643E+09,-32.087800,37.041300,37.041492,0.000192,
20260910-200059-7da7038,nx1_fs_-40c_vce1.2v,fs,hbt_typ,-40,1,1.2,0.81,1.343650e-05,0.116636,2.35823E+10,-23.820300,28.833900,28.835168,0.001268,
20260910-200059-7da7038,nx1_fs_-40c_vce1.2v,fs,hbt_typ,-40,1,1.2,0.83,3.496190e-05,0.303489,5.77791E+10,-15.877800,21.094400,21.101928,0.007528,
20260910-200059-7da7038,nx1_fs_-40c_vce1.2v,fs,hbt_typ,-40,1,1.2,0.85,8.725960e-05,0.757462,1.27142E+11,-8.739070,14.605500,14.638942,0.033442,
20260910-200059-7da7038,nx1_fs_-40c_vce1.2v,fs,hbt_typ,-40,1,1.2,0.87,2.002060e-04,1.737899,2.31128E+11,-3.026670,10.330900,10.419815,0.088915,
20260910-200059-7da7038,nx1_fs_-40c_vce1.2v,fs,hbt_typ,-40,1,1.2,0.89,4.043830e-04,3.510269,3.35613E+11,0.930343,8.184390,8.329207,0.144817,
20260910-200059-7da7038,nx1_fs_-40c_vce1.2v,fs,hbt_typ,-40,1,1.2,0.91,7.103200e-04,6.165972,4.11171E+11,3.419990,7.179720,7.361452,0.181732,
20260910-200059-7da7038,nx1_fs_-40c_vce1.2v,fs,hbt_typ,-40,1,1.2,0.93,1.107870e-03,9.616927,4.5617E+11,4.978530,6.643140,6.848215,0.205075,
20260910-200059-7da7038,nx1_fs_-40c_vce1.2v,fs,hbt_typ,-40,1,1.2,0.95,1.580550e-03,13.720052,4.79411E+11,6.007630,6.305120,6.526378,0.221258,
20260910-200059-7da7038,nx1_fs_-40c_vce1.2v,fs,hbt_typ,-40,1,1.2,0.97,2.114630e-03,18.356163,4.89354E+11,6.734850,6.066120,6.299565,0.233445,vbe_high
20260910-200059-7da7038,nx1_fs_-40c_vce1.2v,fs,hbt_typ,-40,1,1.2,0.99,2.700070e-03,23.438108,4.87539E+11,7.281360,5.885740,6.128813,0.243073,vbe_high
20260910-200059-7da7038,nx1_fs_-40c_vce1.2v,fs,hbt_typ,-40,1,1.2,1.01,3.330530e-03,28.910851,4.74778E+11,7.712740,5.745470,5.996296,0.250826,ic_high;vbe_high
20260910-200059-7da7038,nx1_fs_-40c_vce1.2v,fs,hbt_typ,-40,1,1.2,1.03,4.001040e-03,34.731250,4.53552E+11,8.066530,5.635740,5.892798,0.257058,ic_high;vbe_high
20260910-200059-7da7038,nx1_fs_-40c_vce1.2v,fs,hbt_typ,-40,1,1.2,1.05,4.708550e-03,40.872830,4.21047E+11,8.365160,5.551360,5.813312,0.261952,ic_high;vbe_high
20260910-200059-7da7038,nx1_fs_-40c_vce1.4v,fs,hbt_typ,-40,1,1.4,0.55,3.899820e-11,0.000000,,-51.743300,56.666800,56.666802,0.000002,vbe_low
20260910-200059-7da7038,nx1_fs_-40c_vce1.4v,fs,hbt_typ,-40,1,1.4,0.57,1.028620e-10,0.000001,,-51.734400,56.657900,56.657902,0.000002,vbe_low
20260910-200059-7da7038,nx1_fs_-40c_vce1.4v,fs,hbt_typ,-40,1,1.4,0.59,2.737080e-10,0.000002,,-51.725300,56.648800,56.648802,0.000002,vbe_low
20260910-200059-7da7038,nx1_fs_-40c_vce1.4v,fs,hbt_typ,-40,1,1.4,0.61,7.306890e-10,0.000006,,-51.716200,56.639700,56.639702,0.000002,vbe_low
20260910-200059-7da7038,nx1_fs_-40c_vce1.4v,fs,hbt_typ,-40,1,1.4,0.63,1.952970e-09,0.000017,3.79426E+06,-51.706700,56.630300,56.630302,0.000002,vbe_low
20260910-200059-7da7038,nx1_fs_-40c_vce1.4v,fs,hbt_typ,-40,1,1.4,0.65,5.222080e-09,0.000045,1.00752E+07,-51.696700,56.620300,56.620302,0.000002,
20260910-200059-7da7038,nx1_fs_-40c_vce1.4v,fs,hbt_typ,-40,1,1.4,0.67,1.396550e-08,0.000121,2.68511E+07,-51.684000,56.607500,56.607502,0.000002,
20260910-200059-7da7038,nx1_fs_-40c_vce1.4v,fs,hbt_typ,-40,1,1.4,0.69,3.734960e-08,0.000324,7.12856E+07,-51.654000,56.577700,56.577702,0.000002,
20260910-200059-7da7038,nx1_fs_-40c_vce1.4v,fs,hbt_typ,-40,1,1.4,0.71,9.988610e-08,0.000867,1.89644E+08,-51.510100,56.434100,56.434102,0.000002,
20260910-200059-7da7038,nx1_fs_-40c_vce1.4v,fs,hbt_typ,-40,1,1.4,0.73,2.671050e-07,0.002319,5.0311E+08,-50.664400,55.589300,55.589303,0.000003,
20260910-200059-7da7038,nx1_fs_-40c_vce1.4v,fs,hbt_typ,-40,1,1.4,0.75,7.140640e-07,0.006198,1.3337E+09,-47.161200,52.088600,52.088606,0.000006,
20260910-200059-7da7038,nx1_fs_-40c_vce1.4v,fs,hbt_typ,-40,1,1.4,0.77,1.907470e-06,0.016558,3.5243E+09,-40.249300,45.183400,45.183429,0.000029,
20260910-200059-7da7038,nx1_fs_-40c_vce1.4v,fs,hbt_typ,-40,1,1.4,0.79,5.084460e-06,0.044136,9.22192E+09,-32.075100,37.028700,37.028892,0.000192,
20260910-200059-7da7038,nx1_fs_-40c_vce1.4v,fs,hbt_typ,-40,1,1.4,0.81,1.347250e-05,0.116949,2.37382E+10,-23.799200,28.813100,28.814374,0.001274,
20260910-200059-7da7038,nx1_fs_-40c_vce1.4v,fs,hbt_typ,-40,1,1.4,0.83,3.513380e-05,0.304981,5.82232E+10,-15.840900,21.059300,21.066889,0.007589,
20260910-200059-7da7038,nx1_fs_-40c_vce1.4v,fs,hbt_typ,-40,1,1.4,0.85,8.808630e-05,0.764638,1.2854E+11,-8.675680,14.552400,14.586252,0.033852,
20260910-200059-7da7038,nx1_fs_-40c_vce1.4v,fs,hbt_typ,-40,1,1.4,0.87,2.035970e-04,1.767335,2.34302E+11,-2.934020,10.273000,10.363097,0.090097,
20260910-200059-7da7038,nx1_fs_-40c_vce1.4v,fs,hbt_typ,-40,1,1.4,0.89,4.148550e-04,3.601172,3.41378E+11,1.037970,8.136770,8.283157,0.146387,
20260910-200059-7da7038,nx1_fs_-40c_vce1.4v,fs,hbt_typ,-40,1,1.4,0.91,7.345960e-04,6.376701,4.16881E+11,3.526940,7.141360,7.324670,0.183310,
20260910-200059-7da7038,nx1_fs_-40c_vce1.4v,fs,hbt_typ,-40,1,1.4,0.93,1.153120e-03,10.009722,4.61839E+11,5.080170,6.608820,6.815484,0.206664,
20260910-200059-7da7038,nx1_fs_-40c_vce1.4v,fs,hbt_typ,-40,1,1.4,0.95,1.653940e-03,14.357118,4.84995E+11,6.107120,6.271550,6.494482,0.222932,
20260910-200059-7da7038,nx1_fs_-40c_vce1.4v,fs,hbt_typ,-40,1,1.4,0.97,2.223060e-03,19.297396,4.9358E+11,6.836000,6.032490,6.267701,0.235211,vbe_high
20260910-200059-7da7038,nx1_fs_-40c_vce1.4v,fs,hbt_typ,-40,1,1.4,0.99,2.850410e-03,24.743142,4.89834E+11,7.387260,5.852680,6.097559,0.244879,vbe_high
20260910-200059-7da7038,nx1_fs_-40c_vce1.4v,fs,hbt_typ,-40,1,1.4,1.01,3.529610e-03,30.638976,4.74082E+11,7.825480,5.714580,5.967145,0.252565,ic_high;vbe_high
20260910-200059-7da7038,nx1_fs_-40c_vce1.4v,fs,hbt_typ,-40,1,1.4,1.03,4.256330e-03,36.947309,4.49187E+11,8.187260,5.609460,5.868032,0.258572,ic_high;vbe_high
20260910-200059-7da7038,nx1_fs_-40c_vce1.4v,fs,hbt_typ,-40,1,1.4,1.05,5.027610e-03,43.642448,4.12937E+11,8.494280,5.532920,5.795953,0.263033,ic_high;vbe_high
20260910-200059-7da7038,nx1_fs_125c_vce0.8v,fs,hbt_typ,125,1,0.8,0.55,2.182060e-06,0.018941,2.32758E+09,-43.453300,50.708000,50.707988,-0.000012,vbe_low
20260910-200059-7da7038,nx1_fs_125c_vce0.8v,fs,hbt_typ,125,1,0.8,0.57,3.816500e-06,0.033129,4.03417E+09,-39.155600,46.415700,46.415668,-0.000032,vbe_low
20260910-200059-7da7038,nx1_fs_125c_vce0.8v,fs,hbt_typ,125,1,0.8,0.59,6.668430e-06,0.057886,6.96284E+09,-34.532900,41.802800,41.802706,-0.000094,vbe_low
20260910-200059-7da7038,nx1_fs_125c_vce0.8v,fs,hbt_typ,125,1,0.8,0.61,1.163090e-05,0.100963,1.19146E+10,-29.817700,37.105800,37.105524,-0.000276,vbe_low
20260910-200059-7da7038,nx1_fs_125c_vce0.8v,fs,hbt_typ,125,1,0.8,0.63,2.022400e-05,0.175556,2.01872E+10,-25.119300,32.441800,32.440992,-0.000808,vbe_low
20260910-200059-7da7038,nx1_fs_125c_vce0.8v,fs,hbt_typ,125,1,0.8,0.65,3.498160e-05,0.303660,3.35499E+10,-20.508400,27.897700,27.895398,-0.002302,
20260910-200059-7da7038,nx1_fs_125c_vce0.8v,fs,hbt_typ,125,1,0.8,0.67,5.997790e-05,0.520641,5.42747E+10,-16.059300,23.580300,23.574078,-0.006222,
20260910-200059-7da7038,nx1_fs_125c_vce0.8v,fs,hbt_typ,125,1,0.8,0.69,1.013900e-04,0.880122,8.39811E+10,-11.866300,19.641200,19.625772,-0.015428,
20260910-200059-7da7038,nx1_fs_125c_vce0.8v,fs,hbt_typ,125,1,0.8,0.71,1.677500e-04,1.456163,1.23117E+11,-8.041760,16.269000,16.235391,-0.033609,
20260910-200059-7da7038,nx1_fs_125c_vce0.8v,fs,hbt_typ,125,1,0.8,0.73,2.693220e-04,2.337865,1.678E+11,-4.692800,13.618400,13.556323,-0.062077,
20260910-200059-7da7038,nx1_fs_125c_vce0.8v,fs,hbt_typ,125,1,0.8,0.75,4.162590e-04,3.613359,2.13082E+11,-1.884390,11.709200,11.612466,-0.096734,
20260910-200059-7da7038,nx1_fs_125c_vce0.8v,fs,hbt_typ,125,1,0.8,0.77,6.162120e-04,5.349062,2.53365E+11,0.385886,10.411700,10.280772,-0.130928,
20260910-200059-7da7038,nx1_fs_125c_vce0.8v,fs,hbt_typ,125,1,0.8,0.79,8.728290e-04,7.576641,2.85076E+11,2.179550,9.540710,9.380162,-0.160548,
20260910-200059-7da7038,nx1_fs_125c_vce0.8v,fs,hbt_typ,125,1,0.8,0.81,1.185890e-03,10.294184,3.07852E+11,3.585750,8.941600,8.756792,-0.184808,
20260910-200059-7da7038,nx1_fs_125c_vce0.8v,fs,hbt_typ,125,1,0.8,0.83,1.552530e-03,13.476823,3.22055E+11,4.692350,8.513030,8.308597,-0.204433,
20260910-200059-7da7038,nx1_fs_125c_vce0.8v,fs,hbt_typ,125,1,0.8,0.85,1.968530e-03,17.087934,3.26277E+11,5.571890,8.194990,7.974624,-0.220366,
20260910-200059-7da7038,nx1_fs_125c_vce0.8v,fs,hbt_typ,125,1,0.8,0.87,2.429260e-03,21.087326,3.21735E+11,6.279530,7.952750,7.719398,-0.233352,
20260910-200059-7da7038,nx1_fs_125c_vce0.8v,fs,hbt_typ,125,1,0.8,0.89,2.930180e-03,25.435590,3.0835E+11,6.854730,7.766030,7.522133,-0.243897,
20260910-200059-7da7038,nx1_fs_125c_vce0.8v,fs,hbt_typ,125,1,0.8,0.91,3.466880e-03,30.094444,2.88264E+11,7.316870,7.624120,7.371882,-0.252238,ic_high
20260910-200059-7da7038,nx1_fs_125c_vce0.8v,fs,hbt_typ,125,1,0.8,0.93,4.033180e-03,35.010243,2.56067E+11,7.600910,7.533660,7.275952,-0.257708,ic_high
20260910-200059-7da7038,nx1_fs_125c_vce0.8v,fs,hbt_typ,125,1,0.8,0.95,4.608180e-03,40.001562,1.8401E+11,7.232520,7.574220,7.318980,-0.255240,ic_high
20260910-200059-7da7038,nx1_fs_125c_vce0.8v,fs,hbt_typ,125,1,0.8,0.97,5.141160e-03,44.628125,1.02434E+11,5.972840,7.810030,7.568661,-0.241369,ic_high;vbe_high
20260910-200059-7da7038,nx1_fs_125c_vce0.8v,fs,hbt_typ,125,1,0.8,0.99,5.621370e-03,48.796615,6.20068E+10,5.008600,8.021270,7.791669,-0.229601,ic_high;vbe_high
20260910-200059-7da7038,nx1_fs_125c_vce0.8v,fs,hbt_typ,125,1,0.8,1.01,6.079400e-03,52.772569,4.258E+10,4.556360,8.136930,7.913521,-0.223409,ic_high;vbe_high
20260910-200059-7da7038,nx1_fs_125c_vce0.8v,fs,hbt_typ,125,1,0.8,1.03,6.534350e-03,56.721788,3.10883E+10,4.252560,8.244940,8.027158,-0.217782,ic_high;vbe_high
20260910-200059-7da7038,nx1_fs_125c_vce0.8v,fs,hbt_typ,125,1,0.8,1.05,6.986560e-03,60.647222,2.24039E+10,3.653690,8.476930,8.270750,-0.206180,ic_high;vbe_high
20260910-200059-7da7038,nx1_fs_125c_vce1.0v,fs,hbt_typ,125,1,1.0,0.55,2.184480e-06,0.018963,2.34716E+09,-43.480600,50.735200,50.735188,-0.000012,vbe_low
20260910-200059-7da7038,nx1_fs_125c_vce1.0v,fs,hbt_typ,125,1,1.0,0.57,3.821200e-06,0.033170,4.06558E+09,-39.159500,46.419600,46.419568,-0.000032,vbe_low
20260910-200059-7da7038,nx1_fs_125c_vce1.0v,fs,hbt_typ,125,1,1.0,0.59,6.678030e-06,0.057969,7.02224E+09,-34.526100,41.796100,41.796006,-0.000094,vbe_low
20260910-200059-7da7038,nx1_fs_125c_vce1.0v,fs,hbt_typ,125,1,1.0,0.61,1.165170e-05,0.101143,1.2029E+10,-29.804900,37.093100,37.092823,-0.000277,vbe_low
20260910-200059-7da7038,nx1_fs_125c_vce1.0v,fs,hbt_typ,125,1,1.0,0.63,2.027200e-05,0.175972,2.03802E+10,-25.101000,32.423700,32.422888,-0.000812,vbe_low
20260910-200059-7da7038,nx1_fs_125c_vce1.0v,fs,hbt_typ,125,1,1.0,0.65,3.509730e-05,0.304664,3.39419E+10,-20.483000,27.872900,27.870585,-0.002315,
20260910-200059-7da7038,nx1_fs_125c_vce1.0v,fs,hbt_typ,125,1,1.0,0.67,6.026390e-05,0.523124,5.49774E+10,-16.023800,23.546400,23.540129,-0.006271,
20260910-200059-7da7038,nx1_fs_125c_vce1.0v,fs,hbt_typ,125,1,1.0,0.69,1.020940e-04,0.886233,8.52894E+10,-11.817400,19.596700,19.581112,-0.015588,
20260910-200059-7da7038,nx1_fs_125c_vce1.0v,fs,hbt_typ,125,1,1.0,0.71,1.694280e-04,1.470729,1.2523E+11,-7.976690,16.214900,16.180868,-0.034032,
20260910-200059-7da7038,nx1_fs_125c_vce1.0v,fs,hbt_typ,125,1,1.0,0.73,2.730700e-04,2.370399,1.71294E+11,-4.611280,13.559700,13.496772,-0.062928,
20260910-200059-7da7038,nx1_fs_125c_vce1.0v,fs,hbt_typ,125,1,1.0,0.75,4.239450e-04,3.680078,2.17975E+11,-1.789340,11.652100,11.554071,-0.098029,
20260910-200059-7da7038,nx1_fs_125c_vce1.0v,fs,hbt_typ,125,1,1.0,0.77,6.305430e-04,5.473464,2.59159E+11,0.489308,10.360300,10.227789,-0.132511,
20260910-200059-7da7038,nx1_fs_125c_vce1.0v,fs,hbt_typ,125,1,1.0,0.79,8.971890e-04,7.788099,2.92118E+11,2.286060,9.495990,9.333749,-0.162241,
20260910-200059-7da7038,nx1_fs_125c_vce1.0v,fs,hbt_typ,125,1,1.0,0.81,1.224050e-03,10.625434,3.16781E+11,3.691410,8.902970,8.716475,-0.186495,
20260910-200059-7da7038,nx1_fs_125c_vce1.0v,fs,hbt_typ,125,1,1.0,0.83,1.608360e-03,13.961458,3.32279E+11,4.794870,8.479760,8.273717,-0.206043,
20260910-200059-7da7038,nx1_fs_125c_vce1.0v,fs,hbt_typ,125,1,1.0,0.85,2.045840e-03,17.759028,3.41583E+11,5.670350,8.166810,7.944972,-0.221838,
20260910-200059-7da7038,nx1_fs_125c_vce1.0v,fs,hbt_typ,125,1,1.0,0.87,2.531720e-03,21.976736,3.43086E+11,6.373770,7.930020,7.695409,-0.234611,
20260910-200059-7da7038,nx1_fs_125c_vce1.0v,fs,hbt_typ,125,1,1.0,0.89,3.061280e-03,26.573611,3.34094E+11,6.945670,7.749530,7.504678,-0.244852,ic_high
20260910-200059-7da7038,nx1_fs_125c_vce1.0v,fs,hbt_typ,125,1,1.0,0.91,3.630140e-03,31.511632,3.15705E+11,7.415250,7.613340,7.360456,-0.252884,ic_high
20260910-200059-7da7038,nx1_fs_125c_vce1.0v,fs,hbt_typ,125,1,1.0,0.93,4.234260e-03,36.755729,2.89284E+11,7.802610,7.514140,7.255236,-0.258904,ic_high
20260910-200059-7da7038,nx1_fs_125c_vce1.0v,fs,hbt_typ,125,1,1.0,0.95,4.869580e-03,42.270660,2.54404E+11,8.106050,7.449810,7.186923,-0.262887,ic_high
20260910-200059-7da7038,nx1_fs_125c_vce1.0v,fs,hbt_typ,125,1,1.0,0.97,5.527430e-03,47.981163,2.04906E+11,8.169240,7.443110,7.179805,-0.263305,ic_high;vbe_high
20260910-200059-7da7038,nx1_fs_125c_vce1.0v,fs,hbt_typ,125,1,1.0,0.99,6.171100e-03,53.568576,1.26824E+11,7.384960,7.593070,7.338968,-0.254102,ic_high;vbe_high
20260910-200059-7da7038,nx1_fs_125c_vce1.0v,fs,hbt_typ,125,1,1.0,1.01,6.753440e-03,58.623611,7.2955E+10,6.228970,7.839200,7.599492,-0.239708,ic_high;vbe_high
20260910-200059-7da7038,nx1_fs_125c_vce1.0v,fs,hbt_typ,125,1,1.0,1.03,7.291630e-03,63.295399,4.8317E+10,5.526330,8.027250,7.797973,-0.229277,ic_high;vbe_high
20260910-200059-7da7038,nx1_fs_125c_vce1.0v,fs,hbt_typ,125,1,1.0,1.05,7.815240e-03,67.840625,3.54414E+10,5.152390,8.173400,7.951907,-0.221493,ic_high;vbe_high
20260910-200059-7da7038,nx1_fs_125c_vce1.2v,fs,hbt_typ,125,1,1.2,0.55,2.187440e-06,0.018988,2.36305E+09,-43.497400,50.752100,50.752088,-0.000012,vbe_low
20260910-200059-7da7038,nx1_fs_125c_vce1.2v,fs,hbt_typ,125,1,1.2,0.57,3.826690e-06,0.033218,4.09088E+09,-39.158600,46.418700,46.418668,-0.000032,vbe_low
20260910-200059-7da7038,nx1_fs_125c_vce1.2v,fs,hbt_typ,125,1,1.2,0.59,6.688810e-06,0.058063,7.06969E+09,-34.517000,41.787000,41.786906,-0.000094,vbe_low
20260910-200059-7da7038,nx1_fs_125c_vce1.2v,fs,hbt_typ,125,1,1.2,0.61,1.167430e-05,0.101339,1.21201E+10,-29.790800,37.079100,37.078822,-0.000278,vbe_low
20260910-200059-7da7038,nx1_fs_125c_vce1.2v,fs,hbt_typ,125,1,1.2,0.63,2.032260e-05,0.176411,2.05341E+10,-25.081800,32.404700,32.403885,-0.000815,vbe_low
20260910-200059-7da7038,nx1_fs_125c_vce1.2v,fs,hbt_typ,125,1,1.2,0.65,3.521730e-05,0.305706,3.42553E+10,-20.456900,27.847300,27.844972,-0.002328,
20260910-200059-7da7038,nx1_fs_125c_vce1.2v,fs,hbt_typ,125,1,1.2,0.67,6.055800e-05,0.525677,5.55435E+10,-15.987800,23.511900,23.505579,-0.006321,
20260910-200059-7da7038,nx1_fs_125c_vce1.2v,fs,hbt_typ,125,1,1.2,0.69,1.028180e-04,0.892517,8.63499E+10,-11.767800,19.551500,19.535749,-0.015751,
20260910-200059-7da7038,nx1_fs_125c_vce1.2v,fs,hbt_typ,125,1,1.2,0.71,1.711570e-04,1.485738,1.26948E+11,-7.910650,16.160100,16.125635,-0.034465,
20260910-200059-7da7038,nx1_fs_125c_vce1.2v,fs,hbt_typ,125,1,1.2,0.73,2.769620e-04,2.404184,1.74112E+11,-4.528380,13.500100,13.436296,-0.063804,
20260910-200059-7da7038,nx1_fs_125c_vce1.2v,fs,hbt_typ,125,1,1.2,0.75,4.320040e-04,3.750035,2.21843E+11,-1.692440,11.594200,11.494840,-0.099360,
20260910-200059-7da7038,nx1_fs_125c_vce1.2v,fs,hbt_typ,125,1,1.2,0.77,6.457270e-04,5.605269,2.63587E+11,0.595046,10.308200,10.174065,-0.134135,
20260910-200059-7da7038,nx1_fs_125c_vce1.2v,fs,hbt_typ,125,1,1.2,0.79,9.232530e-04,8.014349,2.97237E+11,2.395340,9.450540,9.286560,-0.163980,
20260910-200059-7da7038,nx1_fs_125c_vce1.2v,fs,hbt_typ,125,1,1.2,0.81,1.265240e-03,10.982986,3.2272E+11,3.800220,8.863610,8.675380,-0.188230,
20260910-200059-7da7038,nx1_fs_125c_vce1.2v,fs,hbt_typ,125,1,1.2,0.83,1.669100e-03,14.488715,3.39101E+11,4.900710,8.445920,8.238226,-0.207694,
20260910-200059-7da7038,nx1_fs_125c_vce1.2v,fs,hbt_typ,125,1,1.2,0.85,2.130530e-03,18.494184,3.48807E+11,5.771870,8.138520,7.915194,-0.223326,
20260910-200059-7da7038,nx1_fs_125c_vce1.2v,fs,hbt_typ,125,1,1.2,0.87,2.644620e-03,22.956771,3.51010E+11,6.470330,7.907990,7.672153,-0.235837,
20260910-200059-7da7038,nx1_fs_125c_vce1.2v,fs,hbt_typ,125,1,1.2,0.89,3.206460e-03,27.833854,3.4558E+11,7.037160,7.735100,7.489409,-0.245691,ic_high
20260910-200059-7da7038,nx1_fs_125c_vce1.2v,fs,hbt_typ,125,1,1.2,0.91,3.811450e-03,33.085503,3.31241E+11,7.501740,7.608430,7.355252,-0.253178,ic_high
20260910-200059-7da7038,nx1_fs_125c_vce1.2v,fs,hbt_typ,125,1,1.2,0.93,4.455330e-03,38.674740,3.04279E+11,7.884550,7.521150,7.262676,-0.258474,ic_high
20260910-200059-7da7038,nx1_fs_125c_vce1.2v,fs,hbt_typ,125,1,1.2,0.95,5.134210e-03,44.567795,2.69022E+11,8.200590,7.468970,7.207276,-0.261694,ic_high
20260910-200059-7da7038,nx1_fs_125c_vce1.2v,fs,hbt_typ,125,1,1.2,0.97,5.844280e-03,50.731597,2.30318E+11,8.454300,7.450260,7.187401,-0.262859,ic_high;vbe_high
20260910-200059-7da7038,nx1_fs_125c_vce1.2v,fs,hbt_typ,125,1,1.2,0.99,6.579260e-03,57.111632,1.82777E+11,8.568450,7.475670,7.214392,-0.261278,ic_high;vbe_high
20260910-200059-7da7038,nx1_fs_125c_vce1.2v,fs,hbt_typ,125,1,1.2,1.01,7.310620e-03,63.460243,1.20335E+11,8.044770,7.617760,7.365141,-0.252619,ic_high;vbe_high
20260910-200059-7da7038,nx1_fs_125c_vce1.2v,fs,hbt_typ,125,1,1.2,1.03,7.981600e-03,69.284722,7.13707E+10,6.943240,7.877420,7.639871,-0.237549,ic_high;vbe_high
20260910-200059-7da7038,nx1_fs_125c_vce1.2v,fs,hbt_typ,125,1,1.2,1.05,8.596440e-03,74.621875,4.75187E+10,6.147670,8.116070,7.891557,-0.224513,ic_high;vbe_high
20260910-200059-7da7038,nx1_fs_125c_vce1.4v,fs,hbt_typ,125,1,1.4,0.55,2.192330e-06,0.019031,2.37819E+09,-43.503300,50.757900,50.757888,-0.000012,vbe_low
20260910-200059-7da7038,nx1_fs_125c_vce1.4v,fs,hbt_typ,125,1,1.4,0.57,3.835260e-06,0.033292,4.11462E+09,-39.150000,46.410100,46.410068,-0.000032,vbe_low
20260910-200059-7da7038,nx1_fs_125c_vce1.4v,fs,hbt_typ,125,1,1.4,0.59,6.704470e-06,0.058199,7.11352E+09,-34.501900,41.772000,41.771906,-0.000094,vbe_low
20260910-200059-7da7038,nx1_fs_125c_vce1.4v,fs,hbt_typ,125,1,1.4,0.61,1.170470e-05,0.101603,1.22031E+10,-29.771700,37.060000,37.059721,-0.000279,vbe_low
20260910-200059-7da7038,nx1_fs_125c_vce1.4v,fs,hbt_typ,125,1,1.4,0.63,2.038570e-05,0.176959,2.06733E+10,-25.058200,32.381300,32.380480,-0.000820,vbe_low
20260910-200059-7da7038,nx1_fs_125c_vce1.4v,fs,hbt_typ,125,1,1.4,0.65,3.535750e-05,0.306923,3.45371E+10,-20.426600,27.817500,27.815156,-0.002344,
20260910-200059-7da7038,nx1_fs_125c_vce1.4v,fs,hbt_typ,125,1,1.4,0.67,6.088640e-05,0.528528,5.6052E+10,-15.947600,23.473400,23.467022,-0.006378,
20260910-200059-7da7038,nx1_fs_125c_vce1.4v,fs,hbt_typ,125,1,1.4,0.69,1.036030e-04,0.899332,8.73014E+10,-11.714100,19.502500,19.486570,-0.015930,
20260910-200059-7da7038,nx1_fs_125c_vce1.4v,fs,hbt_typ,125,1,1.4,0.71,1.730080e-04,1.501806,1.28487E+11,-7.840620,16.101700,16.066766,-0.034934,
20260910-200059-7da7038,nx1_fs_125c_vce1.4v,fs,hbt_typ,125,1,1.4,0.73,2.811110e-04,2.440200,1.76611E+11,-4.441800,13.437600,13.372864,-0.064736,
20260910-200059-7da7038,nx1_fs_125c_vce1.4v,fs,hbt_typ,125,1,1.4,0.75,4.406120e-04,3.824757,2.2522E+11,-1.592620,11.534500,11.433749,-0.100751,
20260910-200059-7da7038,nx1_fs_125c_vce1.4v,fs,hbt_typ,125,1,1.4,0.77,6.620180e-04,5.746684,2.67906E+11,0.702716,10.255100,10.119289,-0.135811,
20260910-200059-7da7038,nx1_fs_125c_vce1.4v,fs,hbt_typ,125,1,1.4,0.79,9.513860e-04,8.258559,3.02279E+11,2.505900,9.404650,9.238894,-0.165756,
20260910-200059-7da7038,nx1_fs_125c_vce1.4v,fs,hbt_typ,125,1,1.4,0.81,1.310000e-03,11.371528,3.27389E+11,3.910500,8.823950,8.633955,-0.189995,
20260910-200059-7da7038,nx1_fs_125c_vce1.4v,fs,hbt_typ,125,1,1.4,0.83,1.735580e-03,15.065799,3.44269E+11,5.008950,8.411810,8.202439,-0.209371,
20260910-200059-7da7038,nx1_fs_125c_vce1.4v,fs,hbt_typ,125,1,1.4,0.85,2.223890e-03,19.304601,3.53477E+11,5.876760,8.110250,7.885428,-0.224822,
20260910-200059-7da7038,nx1_fs_125c_vce1.4v,fs,hbt_typ,125,1,1.4,0.87,2.769910e-03,24.044358,3.55007E+11,6.570560,7.886820,7.649799,-0.237021,
20260910-200059-7da7038,nx1_fs_125c_vce1.4v,fs,hbt_typ,125,1,1.4,0.89,3.368530e-03,29.240712,3.48693E+11,7.131660,7.723050,7.476657,-0.246393,ic_high
20260910-200059-7da7038,nx1_fs_125c_vce1.4v,fs,hbt_typ,125,1,1.4,0.91,4.014870e-03,34.851302,3.33478E+11,7.589690,7.608220,7.355029,-0.253191,ic_high
20260910-200059-7da7038,nx1_fs_125c_vce1.4v,fs,hbt_typ,125,1,1.4,0.93,4.704420e-03,40.836979,3.11455E+11,7.965610,7.536100,7.278541,-0.257559,ic_high
20260910-200059-7da7038,nx1_fs_125c_vce1.4v,fs,hbt_typ,125,1,1.4,0.95,5.432900e-03,47.160590,2.7619E+11,8.273510,7.503240,7.243665,-0.259575,ic_high
20260910-200059-7da7038,nx1_fs_125c_vce1.4v,fs,hbt_typ,125,1,1.4,0.97,6.196190e-03,53.786372,2.30588E+11,8.522760,7.507810,7.248517,-0.259293,ic_high;vbe_high
20260910-200059-7da7038,nx1_fs_125c_vce1.4v,fs,hbt_typ,125,1,1.4,0.99,6.990050e-03,60.677517,1.85644E+11,8.715050,7.549640,7.292907,-0.256733,ic_high;vbe_high
20260910-200059-7da7038,nx1_fs_125c_vce1.4v,fs,hbt_typ,125,1,1.4,1.01,7.807150e-03,67.770399,1.3987E+11,8.768800,7.639770,7.388466,-0.251304,ic_high;vbe_high
20260910-200059-7da7038,nx1_fs_125c_vce1.4v,fs,hbt_typ,125,1,1.4,1.03,8.613940e-03,74.773785,9.01414E+10,8.196790,7.843320,7.603846,-0.239474,ic_high;vbe_high
20260910-200059-7da7038,nx1_fs_125c_vce1.4v,fs,hbt_typ,125,1,1.4,1.05,9.352150e-03,81.181858,5.68289E+10,7.156610,8.142690,7.919584,-0.223106,ic_high;vbe_high
20260918-203652-4293920,nx1_typ_-40c_vce0.6v,typ,hbt_typ,-40,1,0.6,0.55,3.802450e-11,0.000000,,-51.238800,56.162300,56.162302,0.000002,vbe_low
20260918-203652-4293920,nx1_typ_-40c_vce0.6v,typ,hbt_typ,-40,1,0.6,0.57,1.016080e-10,0.000001,,-51.219800,56.143200,56.143202,0.000002,vbe_low
20260918-203652-4293920,nx1_typ_-40c_vce0.6v,typ,hbt_typ,-40,1,0.6,0.59,2.717190e-10,0.000002,,-51.200100,56.123600,56.123602,0.000002,vbe_low
20260918-203652-4293920,nx1_typ_-40c_vce0.6v,typ,hbt_typ,-40,1,0.6,0.61,7.267730e-10,0.000006,,-51.179900,56.103400,56.103402,0.000002,vbe_low
20260918-203652-4293920,nx1_typ_-40c_vce0.6v,typ,hbt_typ,-40,1,0.6,0.63,1.943990e-09,0.000017,3.71047E+06,-51.158900,56.082400,56.082402,0.000002,vbe_low
20260918-203652-4293920,nx1_typ_-40c_vce0.6v,typ,hbt_typ,-40,1,0.6,0.65,5.199770e-09,0.000045,9.86427E+06,-51.136900,56.060400,56.060402,0.000002,
20260918-203652-4293920,nx1_typ_-40c_vce0.6v,typ,hbt_typ,-40,1,0.6,0.67,1.390800e-08,0.000121,2.62346E+07,-51.111800,56.035400,56.035402,0.000002,
20260918-203652-4293920,nx1_typ_-40c_vce0.6v,typ,hbt_typ,-40,1,0.6,0.69,3.719880e-08,0.000323,6.97318E+07,-51.071300,55.994900,55.994902,0.000002,
20260918-203652-4293920,nx1_typ_-40c_vce0.6v,typ,hbt_typ,-40,1,0.6,0.71,9.948540e-08,0.000864,1.85084E+08,-50.931000,55.855100,55.855103,0.000003,
20260918-203652-4293920,nx1_typ_-40c_vce0.6v,typ,hbt_typ,-40,1,0.6,0.73,2.660190e-07,0.002309,4.91568E+08,-50.174100,55.099100,55.099103,0.000003,
20260918-203652-4293920,nx1_typ_-40c_vce0.6v,typ,hbt_typ,-40,1,0.6,0.75,7.110070e-07,0.006172,1.2994E+09,-46.947400,51.874800,51.874806,0.000006,
20260918-203652-4293920,nx1_typ_-40c_vce0.6v,typ,hbt_typ,-40,1,0.6,0.77,1.898130e-06,0.016477,3.43554E+09,-40.236200,45.170300,45.170329,0.000029,
20260918-203652-4293920,nx1_typ_-40c_vce0.6v,typ,hbt_typ,-40,1,0.6,0.79,5.051520e-06,0.043850,8.98311E+09,-32.120000,37.073400,37.073590,0.000190,
20260918-203652-4293920,nx1_typ_-40c_vce0.6v,typ,hbt_typ,-40,1,0.6,0.81,1.333370e-05,0.115744,2.29945E+10,-23.880400,28.893200,28.894451,0.001251,
20260918-203652-4293920,nx1_typ_-40c_vce0.6v,typ,hbt_typ,-40,1,0.6,0.83,3.446830e-05,0.299204,5.60204E+10,-15.984300,21.195800,21.203155,0.007355,
20260918-203652-4293920,nx1_typ_-40c_vce0.6v,typ,hbt_typ,-40,1,0.6,0.85,8.491760e-05,0.737132,1.21825E+11,-8.921660,14.758700,14.790988,0.032288,
20260918-203652-4293920,nx1_typ_-40c_vce0.6v,typ,hbt_typ,-40,1,0.6,0.87,1.908980e-04,1.657101,2.19148E+11,-3.290870,10.497700,10.583298,0.085598,
20260918-203652-4293920,nx1_typ_-40c_vce0.6v,typ,hbt_typ,-40,1,0.6,0.89,3.765890e-04,3.269002,3.1659E+11,0.625167,8.321560,8.461947,0.140387,
20260918-203652-4293920,nx1_typ_-40c_vce0.6v,typ,hbt_typ,-40,1,0.6,0.91,6.478110e-04,5.623359,3.86867E+11,3.118170,7.289010,7.466316,0.177306,
20260918-203652-4293920,nx1_typ_-40c_vce0.6v,typ,hbt_typ,-40,1,0.6,0.93,9.938110e-04,8.626832,4.28956E+11,4.693690,6.739590,6.940263,0.200673,
20260918-203652-4293920,nx1_typ_-40c_vce0.6v,typ,hbt_typ,-40,1,0.6,0.95,1.399500e-03,12.148438,4.51494E+11,5.734170,6.398400,6.615072,0.216672,
20260918-203652-4293920,nx1_typ_-40c_vce0.6v,typ,hbt_typ,-40,1,0.6,0.97,1.852150e-03,16.077691,4.5861E+11,6.462280,6.160230,6.388800,0.228570,vbe_high
20260918-203652-4293920,nx1_typ_-40c_vce0.6v,typ,hbt_typ,-40,1,0.6,0.99,2.342500e-03,20.334201,4.55331E+11,6.999730,5.981250,6.219178,0.237928,vbe_high
20260918-203652-4293920,nx1_typ_-40c_vce0.6v,typ,hbt_typ,-40,1,0.6,1.01,2.863770e-03,24.859115,4.42065E+11,7.409820,5.841500,6.086993,0.245493,vbe_high
20260918-203652-4293920,nx1_typ_-40c_vce0.6v,typ,hbt_typ,-40,1,0.6,1.03,3.408820e-03,29.590451,3.71305E+11,7.555510,5.759400,6.009445,0.250045,ic_high;vbe_high
20260918-203652-4293920,nx1_typ_-40c_vce0.6v,typ,hbt_typ,-40,1,0.6,1.05,3.916920e-03,34.001042,8.93576E+10,5.008440,6.236880,6.461553,0.224673,ic_high;vbe_high
20260918-203652-4293920,nx1_typ_-40c_vce0.8v,typ,hbt_typ,-40,1,0.8,0.55,3.826030e-11,0.000000,,-51.404800,56.328200,56.328202,0.000002,vbe_low
20260918-203652-4293920,nx1_typ_-40c_vce0.8v,typ,hbt_typ,-40,1,0.8,0.57,1.019030e-10,0.000001,,-51.389900,56.313400,56.313402,0.000002,vbe_low
20260918-203652-4293920,nx1_typ_-40c_vce0.8v,typ,hbt_typ,-40,1,0.8,0.59,2.721740e-10,0.000002,,-51.374700,56.298100,56.298102,0.000002,vbe_low
20260918-203652-4293920,nx1_typ_-40c_vce0.8v,typ,hbt_typ,-40,1,0.8,0.61,7.276520e-10,0.000006,,-51.359100,56.282600,56.282602,0.000002,vbe_low
20260918-203652-4293920,nx1_typ_-40c_vce0.8v,typ,hbt_typ,-40,1,0.8,0.63,1.946000e-09,0.000017,3.73717E+06,-51.343000,56.266500,56.266502,0.000002,vbe_low
20260918-203652-4293920,nx1_typ_-40c_vce0.8v,typ,hbt_typ,-40,1,0.8,0.65,5.204820e-09,0.000045,9.93206E+06,-51.326100,56.249600,56.249602,0.000002,
20260918-203652-4293920,nx1_typ_-40c_vce0.8v,typ,hbt_typ,-40,1,0.8,0.67,1.392120e-08,0.000121,2.64348E+07,-51.306400,56.230000,56.230002,0.000002,
20260918-203652-4293920,nx1_typ_-40c_vce0.8v,typ,hbt_typ,-40,1,0.8,0.69,3.723380e-08,0.000323,7.02402E+07,-51.270800,56.194500,56.194502,0.000002,
20260918-203652-4293920,nx1_typ_-40c_vce0.8v,typ,hbt_typ,-40,1,0.8,0.71,9.957980e-08,0.000864,1.86592E+08,-51.131000,56.055000,56.055002,0.000002,
20260918-203652-4293920,nx1_typ_-40c_vce0.8v,typ,hbt_typ,-40,1,0.8,0.73,2.662780e-07,0.002311,4.95412E+08,-50.346600,55.271600,55.271603,0.000003,
20260918-203652-4293920,nx1_typ_-40c_vce0.8v,typ,hbt_typ,-40,1,0.8,0.75,7.117450e-07,0.006178,1.31092E+09,-47.027200,51.954600,51.954606,0.000006,
20260918-203652-4293920,nx1_typ_-40c_vce0.8v,typ,hbt_typ,-40,1,0.8,0.77,1.900410e-06,0.016497,3.46541E+09,-40.245700,45.179800,45.179829,0.000029,
20260918-203652-4293920,nx1_typ_-40c_vce0.8v,typ,hbt_typ,-40,1,0.8,0.79,5.059640e-06,0.043920,9.06312E+09,-32.109900,37.063300,37.063491,0.000191,
20260918-203652-4293920,nx1_typ_-40c_vce0.8v,typ,hbt_typ,-40,1,0.8,0.81,1.336800e-05,0.116042,2.32214E+10,-23.860400,28.873500,28.874756,0.001256,
20260918-203652-4293920,nx1_typ_-40c_vce0.8v,typ,hbt_typ,-40,1,0.8,0.83,3.463150e-05,0.300621,5.67251E+10,-15.948900,21.162100,21.169512,0.007412,
20260918-203652-4293920,nx1_typ_-40c_vce0.8v,typ,hbt_typ,-40,1,0.8,0.85,8.568160e-05,0.743764,1.23914E+11,-8.861440,14.708100,14.740765,0.032665,
20260918-203652-4293920,nx1_typ_-40c_vce0.8v,typ,hbt_typ,-40,1,0.8,0.87,1.938800e-04,1.682986,2.23844E+11,-3.204450,10.442800,10.529476,0.086676,
20260918-203652-4293920,nx1_typ_-40c_vce0.8v,typ,hbt_typ,-40,1,0.8,0.89,3.853270e-04,3.344852,3.24065E+11,0.724375,8.276580,8.418405,0.141825,
20260918-203652-4293920,nx1_typ_-40c_vce0.8v,typ,hbt_typ,-40,1,0.8,0.91,6.671700e-04,5.791406,3.97039E+11,3.215860,7.253430,7.432165,0.178735,
20260918-203652-4293920,nx1_typ_-40c_vce0.8v,typ,hbt_typ,-40,1,0.8,0.93,1.028690e-03,8.929601,4.41028E+11,4.785240,6.708510,6.910591,0.202081,
20260918-203652-4293920,nx1_typ_-40c_vce0.8v,typ,hbt_typ,-40,1,0.8,0.95,1.454350e-03,12.624566,4.64257E+11,5.821400,6.368490,6.586622,0.218132,
20260918-203652-4293920,nx1_typ_-40c_vce0.8v,typ,hbt_typ,-40,1,0.8,0.97,1.930950e-03,16.761719,4.73843E+11,6.548590,6.129960,6.360087,0.230127,vbe_high
20260918-203652-4293920,nx1_typ_-40c_vce0.8v,typ,hbt_typ,-40,1,0.8,0.99,2.449010e-03,21.258767,4.73063E+11,7.088520,5.950130,6.189722,0.239592,vbe_high
20260918-203652-4293920,nx1_typ_-40c_vce0.8v,typ,hbt_typ,-40,1,0.8,1.01,3.001790e-03,26.057205,4.62575E+11,7.508540,5.808890,6.056181,0.247291,ic_high;vbe_high
20260918-203652-4293920,nx1_typ_-40c_vce0.8v,typ,hbt_typ,-40,1,0.8,1.03,3.584590e-03,31.116233,4.42621E+11,7.847570,5.695580,5.949221,0.253641,ic_high;vbe_high
20260918-203652-4293920,nx1_typ_-40c_vce0.8v,typ,hbt_typ,-40,1,0.8,1.05,4.193950e-03,36.405816,4.12581E+11,8.123560,5.604910,5.863745,0.258835,ic_high;vbe_high
20260918-203652-4293920,nx1_typ_-40c_vce1.0v,typ,hbt_typ,-40,1,1.0,0.55,3.849690e-11,0.000000,,-51.537700,56.461200,56.461202,0.000002,vbe_low
20260918-203652-4293920,nx1_typ_-40c_vce1.0v,typ,hbt_typ,-40,1,1.0,0.57,1.022000e-10,0.000001,,-51.525500,56.449000,56.449002,0.000002,vbe_low
20260918-203652-4293920,nx1_typ_-40c_vce1.0v,typ,hbt_typ,-40,1,1.0,0.59,2.726310e-10,0.000002,,-51.513100,56.436600,56.436602,0.000002,vbe_low
20260918-203652-4293920,nx1_typ_-40c_vce1.0v,typ,hbt_typ,-40,1,1.0,0.61,7.285340e-10,0.000006,,-51.500400,56.423900,56.423902,0.000002,vbe_low
20260918-203652-4293920,nx1_typ_-40c_vce1.0v,typ,hbt_typ,-40,1,1.0,0.63,1.948010e-09,0.000017,3.75869E+06,-51.487400,56.410900,56.410902,0.000002,vbe_low
20260918-203652-4293920,nx1_typ_-40c_vce1.0v,typ,hbt_typ,-40,1,1.0,0.65,5.209840e-09,0.000045,9.98631E+06,-51.473700,56.397300,56.397302,0.000002,
20260918-203652-4293920,nx1_typ_-40c_vce1.0v,typ,hbt_typ,-40,1,1.0,0.67,1.393420e-08,0.000121,2.65938E+07,-51.457300,56.380800,56.380802,0.000002,
20260918-203652-4293920,nx1_typ_-40c_vce1.0v,typ,hbt_typ,-40,1,1.0,0.69,3.726840e-08,0.000324,7.06416E+07,-51.424500,56.348200,56.348202,0.000002,
20260918-203652-4293920,nx1_typ_-40c_vce1.0v,typ,hbt_typ,-40,1,1.0,0.71,9.967250e-08,0.000865,1.87772E+08,-51.283700,56.207700,56.207702,0.000002,
20260918-203652-4293920,nx1_typ_-40c_vce1.0v,typ,hbt_typ,-40,1,1.0,0.73,2.665320e-07,0.002314,4.98403E+08,-50.476100,55.401100,55.401103,0.000003,
20260918-203652-4293920,nx1_typ_-40c_vce1.0v,typ,hbt_typ,-40,1,1.0,0.75,7.124690e-07,0.006185,1.31982E+09,-47.084300,52.011700,52.011706,0.000006,
20260918-203652-4293920,nx1_typ_-40c_vce1.0v,typ,hbt_typ,-40,1,1.0,0.77,1.902650e-06,0.016516,3.48843E+09,-40.250000,45.184200,45.184229,0.000029,
20260918-203652-4293920,nx1_typ_-40c_vce1.0v,typ,hbt_typ,-40,1,1.0,0.79,5.067650e-06,0.043990,9.12499E+09,-32.099100,37.052600,37.052791,0.000191,
20260918-203652-4293920,nx1_typ_-40c_vce1.0v,typ,hbt_typ,-40,1,1.0,0.81,1.340210e-05,0.116338,2.34074E+10,-23.840400,28.853800,28.855062,0.001262,
20260918-203652-4293920,nx1_typ_-40c_vce1.0v,typ,hbt_typ,-40,1,1.0,0.83,3.479570e-05,0.302046,5.72907E+10,-15.913500,21.128400,21.135870,0.007470,
20260918-203652-4293920,nx1_typ_-40c_vce1.0v,typ,hbt_typ,-40,1,1.0,0.85,8.646120e-05,0.750531,1.25629E+11,-8.800660,14.657100,14.690149,0.033049,
20260918-203652-4293920,nx1_typ_-40c_vce1.0v,typ,hbt_typ,-40,1,1.0,0.87,1.969790e-04,1.709887,2.27706E+11,-3.116480,10.387300,10.475080,0.087780,
20260918-203652-4293920,nx1_typ_-40c_vce1.0v,typ,hbt_typ,-40,1,1.0,0.89,3.945730e-04,3.425113,3.30041E+11,0.826029,8.230880,8.374181,0.143301,
20260918-203652-4293920,nx1_typ_-40c_vce1.0v,typ,hbt_typ,-40,1,1.0,0.91,6.879500e-04,5.971788,4.04729E+11,3.316430,7.217010,7.397220,0.180210,
20260918-203652-4293920,nx1_typ_-40c_vce1.0v,typ,hbt_typ,-40,1,1.0,0.93,1.066570e-03,9.258420,4.49466E+11,4.880110,6.676380,6.879927,0.203547,
20260918-203652-4293920,nx1_typ_-40c_vce1.0v,typ,hbt_typ,-40,1,1.0,0.95,1.514380e-03,13.145660,4.72328E+11,5.912300,6.337460,6.557117,0.219657,
20260918-203652-4293920,nx1_typ_-40c_vce1.0v,typ,hbt_typ,-40,1,1.0,0.97,2.017940e-03,17.516840,4.83237E+11,6.639230,6.098600,6.330351,0.231751,vbe_high
20260918-203652-4293920,nx1_typ_-40c_vce1.0v,typ,hbt_typ,-40,1,1.0,0.99,2.567460e-03,22.286979,4.82612E+11,7.182040,5.918280,6.159588,0.241308,vbe_high
20260918-203652-4293920,nx1_typ_-40c_vce1.0v,typ,hbt_typ,-40,1,1.0,1.01,3.156150e-03,27.397135,4.7159E+11,7.607450,5.777070,6.026128,0.249058,ic_high;vbe_high
20260918-203652-4293920,nx1_typ_-40c_vce1.0v,typ,hbt_typ,-40,1,1.0,1.03,3.779370e-03,32.807031,4.52633E+11,7.953740,5.664800,5.920193,0.255393,ic_high;vbe_high
20260918-203652-4293920,nx1_typ_-40c_vce1.0v,typ,hbt_typ,-40,1,1.0,1.05,4.433790e-03,38.487760,4.21224E+11,8.243960,5.575710,5.836240,0.260530,ic_high;vbe_high
20260918-203652-4293920,nx1_typ_-40c_vce1.2v,typ,hbt_typ,-40,1,1.2,0.55,3.873940e-11,0.000000,,-51.648400,56.571900,56.571902,0.000002,vbe_low
20260918-203652-4293920,nx1_typ_-40c_vce1.2v,typ,hbt_typ,-40,1,1.2,0.57,1.025110e-10,0.000001,,-51.638100,56.561600,56.561602,0.000002,vbe_low
20260918-203652-4293920,nx1_typ_-40c_vce1.2v,typ,hbt_typ,-40,1,1.2,0.59,2.731200e-10,0.000002,,-51.627700,56.551200,56.551202,0.000002,vbe_low
20260918-203652-4293920,nx1_typ_-40c_vce1.2v,typ,hbt_typ,-40,1,1.2,0.61,7.294920e-10,0.000006,,-51.617000,56.540500,56.540502,0.000002,vbe_low
20260918-203652-4293920,nx1_typ_-40c_vce1.2v,typ,hbt_typ,-40,1,1.2,0.63,1.950200e-09,0.000017,3.77712E+06,-51.606100,56.529600,56.529602,0.000002,vbe_low
20260918-203652-4293920,nx1_typ_-40c_vce1.2v,typ,hbt_typ,-40,1,1.2,0.65,5.215250e-09,0.000045,1.00326E+07,-51.594600,56.518100,56.518102,0.000002,
20260918-203652-4293920,nx1_typ_-40c_vce1.2v,typ,hbt_typ,-40,1,1.2,0.67,1.394820e-08,0.000121,2.67282E+07,-51.580300,56.503800,56.503802,0.000002,
20260918-203652-4293920,nx1_typ_-40c_vce1.2v,typ,hbt_typ,-40,1,1.2,0.69,3.730490e-08,0.000324,7.09795E+07,-51.549200,56.472900,56.472902,0.000002,
20260918-203652-4293920,nx1_typ_-40c_vce1.2v,typ,hbt_typ,-40,1,1.2,0.71,9.976940e-08,0.000866,1.88759E+08,-51.407000,56.331000,56.331002,0.000002,
20260918-203652-4293920,nx1_typ_-40c_vce1.2v,typ,hbt_typ,-40,1,1.2,0.73,2.667950e-07,0.002316,5.00893E+08,-50.579300,55.504200,55.504203,0.000003,
20260918-203652-4293920,nx1_typ_-40c_vce1.2v,typ,hbt_typ,-40,1,1.2,0.75,7.132100e-07,0.006191,1.32718E+09,-47.127600,52.055000,52.055006,0.000006,
20260918-203652-4293920,nx1_typ_-40c_vce1.2v,typ,hbt_typ,-40,1,1.2,0.77,1.904930e-06,0.016536,3.50748E+09,-40.251200,45.185300,45.185329,0.000029,
20260918-203652-4293920,nx1_typ_-40c_vce1.2v,typ,hbt_typ,-40,1,1.2,0.79,5.075730e-06,0.044060,9.17643E+09,-32.087800,37.041300,37.041492,0.000192,
20260918-203652-4293920,nx1_typ_-40c_vce1.2v,typ,hbt_typ,-40,1,1.2,0.81,1.343650e-05,0.116636,2.35823E+10,-23.820300,28.833900,28.835168,0.001268,
20260918-203652-4293920,nx1_typ_-40c_vce1.2v,typ,hbt_typ,-40,1,1.2,0.83,3.496190e-05,0.303489,5.77791E+10,-15.877800,21.094400,21.101928,0.007528,
20260918-203652-4293920,nx1_typ_-40c_vce1.2v,typ,hbt_typ,-40,1,1.2,0.85,8.725960e-05,0.757462,1.27142E+11,-8.739070,14.605500,14.638942,0.033442,
20260918-203652-4293920,nx1_typ_-40c_vce1.2v,typ,hbt_typ,-40,1,1.2,0.87,2.002060e-04,1.737899,2.31128E+11,-3.026670,10.330900,10.419815,0.088915,
20260918-203652-4293920,nx1_typ_-40c_vce1.2v,typ,hbt_typ,-40,1,1.2,0.89,4.043830e-04,3.510269,3.35613E+11,0.930343,8.184390,8.329207,0.144817,
20260918-203652-4293920,nx1_typ_-40c_vce1.2v,typ,hbt_typ,-40,1,1.2,0.91,7.103200e-04,6.165972,4.11171E+11,3.419990,7.179720,7.361452,0.181732,
20260918-203652-4293920,nx1_typ_-40c_vce1.2v,typ,hbt_typ,-40,1,1.2,0.93,1.107870e-03,9.616927,4.5617E+11,4.978530,6.643140,6.848215,0.205075,
20260918-203652-4293920,nx1_typ_-40c_vce1.2v,typ,hbt_typ,-40,1,1.2,0.95,1.580550e-03,13.720052,4.79411E+11,6.007630,6.305120,6.526378,0.221258,
20260918-203652-4293920,nx1_typ_-40c_vce1.2v,typ,hbt_typ,-40,1,1.2,0.97,2.114630e-03,18.356163,4.89354E+11,6.734850,6.066120,6.299565,0.233445,vbe_high
20260918-203652-4293920,nx1_typ_-40c_vce1.2v,typ,hbt_typ,-40,1,1.2,0.99,2.700070e-03,23.438108,4.87539E+11,7.281360,5.885740,6.128813,0.243073,vbe_high
20260918-203652-4293920,nx1_typ_-40c_vce1.2v,typ,hbt_typ,-40,1,1.2,1.01,3.330530e-03,28.910851,4.74778E+11,7.712740,5.745470,5.996296,0.250826,ic_high;vbe_high
20260918-203652-4293920,nx1_typ_-40c_vce1.2v,typ,hbt_typ,-40,1,1.2,1.03,4.001040e-03,34.731250,4.53552E+11,8.066530,5.635740,5.892798,0.257058,ic_high;vbe_high
20260918-203652-4293920,nx1_typ_-40c_vce1.2v,typ,hbt_typ,-40,1,1.2,1.05,4.708550e-03,40.872830,4.21047E+11,8.365160,5.551360,5.813312,0.261952,ic_high;vbe_high
20260918-203652-4293920,nx1_typ_-40c_vce1.4v,typ,hbt_typ,-40,1,1.4,0.55,3.899820e-11,0.000000,,-51.743300,56.666800,56.666802,0.000002,vbe_low
20260918-203652-4293920,nx1_typ_-40c_vce1.4v,typ,hbt_typ,-40,1,1.4,0.57,1.028620e-10,0.000001,,-51.734400,56.657900,56.657902,0.000002,vbe_low
20260918-203652-4293920,nx1_typ_-40c_vce1.4v,typ,hbt_typ,-40,1,1.4,0.59,2.737080e-10,0.000002,,-51.725300,56.648800,56.648802,0.000002,vbe_low
20260918-203652-4293920,nx1_typ_-40c_vce1.4v,typ,hbt_typ,-40,1,1.4,0.61,7.306890e-10,0.000006,,-51.716200,56.639700,56.639702,0.000002,vbe_low
20260918-203652-4293920,nx1_typ_-40c_vce1.4v,typ,hbt_typ,-40,1,1.4,0.63,1.952970e-09,0.000017,3.79426E+06,-51.706700,56.630300,56.630302,0.000002,vbe_low
20260918-203652-4293920,nx1_typ_-40c_vce1.4v,typ,hbt_typ,-40,1,1.4,0.65,5.222080e-09,0.000045,1.00752E+07,-51.696700,56.620300,56.620302,0.000002,
20260918-203652-4293920,nx1_typ_-40c_vce1.4v,typ,hbt_typ,-40,1,1.4,0.67,1.396550e-08,0.000121,2.68511E+07,-51.684000,56.607500,56.607502,0.000002,
20260918-203652-4293920,nx1_typ_-40c_vce1.4v,typ,hbt_typ,-40,1,1.4,0.69,3.734960e-08,0.000324,7.12856E+07,-51.654000,56.577700,56.577702,0.000002,
20260918-203652-4293920,nx1_typ_-40c_vce1.4v,typ,hbt_typ,-40,1,1.4,0.71,9.988610e-08,0.000867,1.89644E+08,-51.510100,56.434100,56.434102,0.000002,
20260918-203652-4293920,nx1_typ_-40c_vce1.4v,typ,hbt_typ,-40,1,1.4,0.73,2.671050e-07,0.002319,5.0311E+08,-50.664400,55.589300,55.589303,0.000003,
20260918-203652-4293920,nx1_typ_-40c_vce1.4v,typ,hbt_typ,-40,1,1.4,0.75,7.140640e-07,0.006198,1.3337E+09,-47.161200,52.088600,52.088606,0.000006,
20260918-203652-4293920,nx1_typ_-40c_vce1.4v,typ,hbt_typ,-40,1,1.4,0.77,1.907470e-06,0.016558,3.5243E+09,-40.249300,45.183400,45.183429,0.000029,
20260918-203652-4293920,nx1_typ_-40c_vce1.4v,typ,hbt_typ,-40,1,1.4,0.79,5.084460e-06,0.044136,9.22192E+09,-32.075100,37.028700,37.028892,0.000192,
20260918-203652-4293920,nx1_typ_-40c_vce1.4v,typ,hbt_typ,-40,1,1.4,0.81,1.347250e-05,0.116949,2.37382E+10,-23.799200,28.813100,28.814374,0.001274,
20260918-203652-4293920,nx1_typ_-40c_vce1.4v,typ,hbt_typ,-40,1,1.4,0.83,3.513380e-05,0.304981,5.82232E+10,-15.840900,21.059300,21.066889,0.007589,
20260918-203652-4293920,nx1_typ_-40c_vce1.4v,typ,hbt_typ,-40,1,1.4,0.85,8.808630e-05,0.764638,1.2854E+11,-8.675680,14.552400,14.586252,0.033852,
20260918-203652-4293920,nx1_typ_-40c_vce1.4v,typ,hbt_typ,-40,1,1.4,0.87,2.035970e-04,1.767335,2.34302E+11,-2.934020,10.273000,10.363097,0.090097,
20260918-203652-4293920,nx1_typ_-40c_vce1.4v,typ,hbt_typ,-40,1,1.4,0.89,4.148550e-04,3.601172,3.41378E+11,1.037970,8.136770,8.283157,0.146387,
20260918-203652-4293920,nx1_typ_-40c_vce1.4v,typ,hbt_typ,-40,1,1.4,0.91,7.345960e-04,6.376701,4.16881E+11,3.526940,7.141360,7.324670,0.183310,
20260918-203652-4293920,nx1_typ_-40c_vce1.4v,typ,hbt_typ,-40,1,1.4,0.93,1.153120e-03,10.009722,4.61839E+11,5.080170,6.608820,6.815484,0.206664,
20260918-203652-4293920,nx1_typ_-40c_vce1.4v,typ,hbt_typ,-40,1,1.4,0.95,1.653940e-03,14.357118,4.84995E+11,6.107120,6.271550,6.494482,0.222932,
20260918-203652-4293920,nx1_typ_-40c_vce1.4v,typ,hbt_typ,-40,1,1.4,0.97,2.223060e-03,19.297396,4.9358E+11,6.836000,6.032490,6.267701,0.235211,vbe_high
20260918-203652-4293920,nx1_typ_-40c_vce1.4v,typ,hbt_typ,-40,1,1.4,0.99,2.850410e-03,24.743142,4.89834E+11,7.387260,5.852680,6.097559,0.244879,vbe_high
20260918-203652-4293920,nx1_typ_-40c_vce1.4v,typ,hbt_typ,-40,1,1.4,1.01,3.529610e-03,30.638976,4.74082E+11,7.825480,5.714580,5.967145,0.252565,ic_high;vbe_high
20260918-203652-4293920,nx1_typ_-40c_vce1.4v,typ,hbt_typ,-40,1,1.4,1.03,4.256330e-03,36.947309,4.49187E+11,8.187260,5.609460,5.868032,0.258572,ic_high;vbe_high
20260918-203652-4293920,nx1_typ_-40c_vce1.4v,typ,hbt_typ,-40,1,1.4,1.05,5.027610e-03,43.642448,4.12937E+11,8.494280,5.532920,5.795953,0.263033,ic_high;vbe_high
20260918-203652-4293920,nx1_typ_125c_vce0.6v,typ,hbt_typ,125,1,0.6,0.55,2.179640e-06,0.018920,2.30199E+09,-43.408500,50.663100,50.663088,-0.000012,vbe_low
20260918-203652-4293920,nx1_typ_125c_vce0.6v,typ,hbt_typ,125,1,0.6,0.57,3.811780e-06,0.033088,3.98994E+09,-39.144600,46.404700,46.404668,-0.000032,vbe_low
20260918-203652-4293920,nx1_typ_125c_vce0.6v,typ,hbt_typ,125,1,0.6,0.59,6.658740e-06,0.057802,6.87838E+09,-34.537100,41.807000,41.806906,-0.000094,vbe_low
20260918-203652-4293920,nx1_typ_125c_vce0.6v,typ,hbt_typ,125,1,0.6,0.61,1.160980e-05,0.100780,1.17503E+10,-29.829700,37.117700,37.117425,-0.000275,vbe_low
20260918-203652-4293920,nx1_typ_125c_vce0.6v,typ,hbt_typ,125,1,0.6,0.63,2.017570e-05,0.175136,1.99099E+10,-25.137400,32.459700,32.458895,-0.000805,vbe_low
20260918-203652-4293920,nx1_typ_125c_vce0.6v,typ,hbt_typ,125,1,0.6,0.65,3.486560e-05,0.302653,3.2991E+10,-20.533900,27.922700,27.920412,-0.002288,
20260918-203652-4293920,nx1_typ_125c_vce0.6v,typ,hbt_typ,125,1,0.6,0.67,5.969290e-05,0.518168,5.32616E+10,-16.094800,23.614200,23.608026,-0.006174,
20260918-203652-4293920,nx1_typ_125c_vce0.6v,typ,hbt_typ,125,1,0.6,0.69,1.006930e-04,0.874071,8.22774E+10,-11.915100,19.685600,19.670329,-0.015271,
20260918-203652-4293920,nx1_typ_125c_vce0.6v,typ,hbt_typ,125,1,0.6,0.71,1.661080e-04,1.441910,1.20028E+11,-8.106310,16.322800,16.289607,-0.033193,
20260918-203652-4293920,nx1_typ_125c_vce0.6v,typ,hbt_typ,125,1,0.6,0.73,2.656930e-04,2.306363,1.63218E+11,-4.773250,13.676600,13.615355,-0.061245,
20260918-203652-4293920,nx1_typ_125c_vce0.6v,typ,hbt_typ,125,1,0.6,0.75,4.088970e-04,3.549453,2.06063E+11,-1.977770,11.765700,11.670230,-0.095470,
20260918-203652-4293920,nx1_typ_125c_vce0.6v,typ,hbt_typ,125,1,0.6,0.77,6.026320e-04,5.231181,2.43122E+11,0.284577,10.462500,10.333118,-0.129382,
20260918-203652-4293920,nx1_typ_125c_vce0.6v,typ,hbt_typ,125,1,0.6,0.79,8.499670e-04,7.378186,2.7007E+11,2.075260,9.584830,9.425935,-0.158895,
20260918-203652-4293920,nx1_typ_125c_vce0.6v,typ,hbt_typ,125,1,0.6,0.81,1.150380e-03,9.985938,2.86535E+11,3.482050,8.979770,8.796614,-0.183156,
20260918-203652-4293920,nx1_typ_125c_vce0.6v,typ,hbt_typ,125,1,0.6,0.83,1.500910e-03,13.028733,2.93543E+11,4.590930,8.546160,8.343318,-0.202842,
20260918-203652-4293920,nx1_typ_125c_vce0.6v,typ,hbt_typ,125,1,0.6,0.85,1.897400e-03,16.470486,2.93828E+11,5.470690,8.224140,8.005286,-0.218854,
20260918-203652-4293920,nx1_typ_125c_vce0.6v,typ,hbt_typ,125,1,0.6,0.87,2.334970e-03,20.268837,2.87295E+11,6.158150,7.981990,7.750246,-0.231744,
20260918-203652-4293920,nx1_typ_125c_vce0.6v,typ,hbt_typ,125,1,0.6,0.89,2.806350e-03,24.360677,2.64792E+11,6.577890,7.820810,7.580056,-0.240754,
20260918-203652-4293920,nx1_typ_125c_vce0.6v,typ,hbt_typ,125,1,0.6,0.91,3.290430e-03,28.562760,1.9916E+11,6.238650,7.830180,7.589960,-0.240220,ic_high
20260918-203652-4293920,nx1_typ_125c_vce0.6v,typ,hbt_typ,125,1,0.6,0.93,3.740940e-03,32.473437,1.13722E+11,4.911810,8.087140,7.861086,-0.226054,ic_high
20260918-203652-4293920,nx1_typ_125c_vce0.6v,typ,hbt_typ,125,1,0.6,0.95,4.144810e-03,35.979253,6.7877E+10,3.863680,8.323870,8.110109,-0.213761,ic_high
20260918-203652-4293920,nx1_typ_125c_vce0.6v,typ,hbt_typ,125,1,0.6,0.97,4.528250e-03,39.307726,4.53256E+10,3.380700,8.430120,8.221651,-0.208469,ic_high;vbe_high
20260918-203652-4293920,nx1_typ_125c_vce0.6v,typ,hbt_typ,125,1,0.6,0.99,4.907160e-03,42.596875,3.12812E+10,2.974930,8.546710,8.343894,-0.202816,ic_high;vbe_high
20260918-203652-4293920,nx1_typ_125c_vce0.6v,typ,hbt_typ,125,1,0.6,1.01,5.277780e-03,45.814062,2.05227E+10,2.088730,8.880240,8.692745,-0.187495,ic_high;vbe_high
20260918-203652-4293920,nx1_typ_125c_vce0.6v,typ,hbt_typ,125,1,0.6,1.03,5.621830e-03,48.800608,1.22589E+10,0.282986,9.676740,9.521233,-0.155507,ic_high;vbe_high
20260918-203652-4293920,nx1_typ_125c_vce0.6v,typ,hbt_typ,125,1,0.6,1.05,5.918360e-03,51.374653,6.63108E+09,-2.620200,11.239300,11.131374,-0.107926,ic_high;vbe_high
20260918-203652-4293920,nx1_typ_125c_vce0.8v,typ,hbt_typ,125,1,0.8,0.55,2.182060e-06,0.018941,2.32758E+09,-43.453300,50.708000,50.707988,-0.000012,vbe_low
20260918-203652-4293920,nx1_typ_125c_vce0.8v,typ,hbt_typ,125,1,0.8,0.57,3.816500e-06,0.033129,4.03417E+09,-39.155600,46.415700,46.415668,-0.000032,vbe_low
20260918-203652-4293920,nx1_typ_125c_vce0.8v,typ,hbt_typ,125,1,0.8,0.59,6.668430e-06,0.057886,6.96284E+09,-34.532900,41.802800,41.802706,-0.000094,vbe_low
20260918-203652-4293920,nx1_typ_125c_vce0.8v,typ,hbt_typ,125,1,0.8,0.61,1.163090e-05,0.100963,1.19146E+10,-29.817700,37.105800,37.105524,-0.000276,vbe_low
20260918-203652-4293920,nx1_typ_125c_vce0.8v,typ,hbt_typ,125,1,0.8,0.63,2.022400e-05,0.175556,2.01872E+10,-25.119300,32.441800,32.440992,-0.000808,vbe_low
20260918-203652-4293920,nx1_typ_125c_vce0.8v,typ,hbt_typ,125,1,0.8,0.65,3.498160e-05,0.303660,3.35499E+10,-20.508400,27.897700,27.895398,-0.002302,
20260918-203652-4293920,nx1_typ_125c_vce0.8v,typ,hbt_typ,125,1,0.8,0.67,5.997790e-05,0.520641,5.42747E+10,-16.059300,23.580300,23.574078,-0.006222,
20260918-203652-4293920,nx1_typ_125c_vce0.8v,typ,hbt_typ,125,1,0.8,0.69,1.013900e-04,0.880122,8.39811E+10,-11.866300,19.641200,19.625772,-0.015428,
20260918-203652-4293920,nx1_typ_125c_vce0.8v,typ,hbt_typ,125,1,0.8,0.71,1.677500e-04,1.456163,1.23117E+11,-8.041760,16.269000,16.235391,-0.033609,
20260918-203652-4293920,nx1_typ_125c_vce0.8v,typ,hbt_typ,125,1,0.8,0.73,2.693220e-04,2.337865,1.678E+11,-4.692800,13.618400,13.556323,-0.062077,
20260918-203652-4293920,nx1_typ_125c_vce0.8v,typ,hbt_typ,125,1,0.8,0.75,4.162590e-04,3.613359,2.13082E+11,-1.884390,11.709200,11.612466,-0.096734,
20260918-203652-4293920,nx1_typ_125c_vce0.8v,typ,hbt_typ,125,1,0.8,0.77,6.162120e-04,5.349062,2.53365E+11,0.385886,10.411700,10.280772,-0.130928,
20260918-203652-4293920,nx1_typ_125c_vce0.8v,typ,hbt_typ,125,1,0.8,0.79,8.728290e-04,7.576641,2.85076E+11,2.179550,9.540710,9.380162,-0.160548,
20260918-203652-4293920,nx1_typ_125c_vce0.8v,typ,hbt_typ,125,1,0.8,0.81,1.185890e-03,10.294184,3.07852E+11,3.585750,8.941600,8.756792,-0.184808,
20260918-203652-4293920,nx1_typ_125c_vce0.8v,typ,hbt_typ,125,1,0.8,0.83,1.552530e-03,13.476823,3.22055E+11,4.692350,8.513030,8.308597,-0.204433,
20260918-203652-4293920,nx1_typ_125c_vce0.8v,typ,hbt_typ,125,1,0.8,0.85,1.968530e-03,17.087934,3.26277E+11,5.571890,8.194990,7.974624,-0.220366,
20260918-203652-4293920,nx1_typ_125c_vce0.8v,typ,hbt_typ,125,1,0.8,0.87,2.429260e-03,21.087326,3.21735E+11,6.279530,7.952750,7.719398,-0.233352,
20260918-203652-4293920,nx1_typ_125c_vce0.8v,typ,hbt_typ,125,1,0.8,0.89,2.930180e-03,25.435590,3.0835E+11,6.854730,7.766030,7.522133,-0.243897,
20260918-203652-4293920,nx1_typ_125c_vce0.8v,typ,hbt_typ,125,1,0.8,0.91,3.466880e-03,30.094444,2.88264E+11,7.316870,7.624120,7.371882,-0.252238,ic_high
20260918-203652-4293920,nx1_typ_125c_vce0.8v,typ,hbt_typ,125,1,0.8,0.93,4.033180e-03,35.010243,2.56067E+11,7.600910,7.533660,7.275952,-0.257708,ic_high
20260918-203652-4293920,nx1_typ_125c_vce0.8v,typ,hbt_typ,125,1,0.8,0.95,4.608180e-03,40.001562,1.8401E+11,7.232520,7.574220,7.318980,-0.255240,ic_high
20260918-203652-4293920,nx1_typ_125c_vce0.8v,typ,hbt_typ,125,1,0.8,0.97,5.141160e-03,44.628125,1.02434E+11,5.972840,7.810030,7.568661,-0.241369,ic_high;vbe_high
20260918-203652-4293920,nx1_typ_125c_vce0.8v,typ,hbt_typ,125,1,0.8,0.99,5.621370e-03,48.796615,6.20068E+10,5.008600,8.021270,7.791669,-0.229601,ic_high;vbe_high
20260918-203652-4293920,nx1_typ_125c_vce0.8v,typ,hbt_typ,125,1,0.8,1.01,6.079400e-03,52.772569,4.258E+10,4.556360,8.136930,7.913521,-0.223409,ic_high;vbe_high
20260918-203652-4293920,nx1_typ_125c_vce0.8v,typ,hbt_typ,125,1,0.8,1.03,6.534350e-03,56.721788,3.10883E+10,4.252560,8.244940,8.027158,-0.217782,ic_high;vbe_high
20260918-203652-4293920,nx1_typ_125c_vce0.8v,typ,hbt_typ,125,1,0.8,1.05,6.986560e-03,60.647222,2.24039E+10,3.653690,8.476930,8.270750,-0.206180,ic_high;vbe_high
20260918-203652-4293920,nx1_typ_125c_vce1.0v,typ,hbt_typ,125,1,1.0,0.55,2.184480e-06,0.018963,2.34716E+09,-43.480600,50.735200,50.735188,-0.000012,vbe_low
20260918-203652-4293920,nx1_typ_125c_vce1.0v,typ,hbt_typ,125,1,1.0,0.57,3.821200e-06,0.033170,4.06558E+09,-39.159500,46.419600,46.419568,-0.000032,vbe_low
20260918-203652-4293920,nx1_typ_125c_vce1.0v,typ,hbt_typ,125,1,1.0,0.59,6.678030e-06,0.057969,7.02224E+09,-34.526100,41.796100,41.796006,-0.000094,vbe_low
20260918-203652-4293920,nx1_typ_125c_vce1.0v,typ,hbt_typ,125,1,1.0,0.61,1.165170e-05,0.101143,1.2029E+10,-29.804900,37.093100,37.092823,-0.000277,vbe_low
20260918-203652-4293920,nx1_typ_125c_vce1.0v,typ,hbt_typ,125,1,1.0,0.63,2.027200e-05,0.175972,2.03802E+10,-25.101000,32.423700,32.422888,-0.000812,vbe_low
20260918-203652-4293920,nx1_typ_125c_vce1.0v,typ,hbt_typ,125,1,1.0,0.65,3.509730e-05,0.304664,3.39419E+10,-20.483000,27.872900,27.870585,-0.002315,
20260918-203652-4293920,nx1_typ_125c_vce1.0v,typ,hbt_typ,125,1,1.0,0.67,6.026390e-05,0.523124,5.49774E+10,-16.023800,23.546400,23.540129,-0.006271,
20260918-203652-4293920,nx1_typ_125c_vce1.0v,typ,hbt_typ,125,1,1.0,0.69,1.020940e-04,0.886233,8.52894E+10,-11.817400,19.596700,19.581112,-0.015588,
20260918-203652-4293920,nx1_typ_125c_vce1.0v,typ,hbt_typ,125,1,1.0,0.71,1.694280e-04,1.470729,1.2523E+11,-7.976690,16.214900,16.180868,-0.034032,
20260918-203652-4293920,nx1_typ_125c_vce1.0v,typ,hbt_typ,125,1,1.0,0.73,2.730700e-04,2.370399,1.71294E+11,-4.611280,13.559700,13.496772,-0.062928,
20260918-203652-4293920,nx1_typ_125c_vce1.0v,typ,hbt_typ,125,1,1.0,0.75,4.239450e-04,3.680078,2.17975E+11,-1.789340,11.652100,11.554071,-0.098029,
20260918-203652-4293920,nx1_typ_125c_vce1.0v,typ,hbt_typ,125,1,1.0,0.77,6.305430e-04,5.473464,2.59159E+11,0.489308,10.360300,10.227789,-0.132511,
20260918-203652-4293920,nx1_typ_125c_vce1.0v,typ,hbt_typ,125,1,1.0,0.79,8.971890e-04,7.788099,2.92118E+11,2.286060,9.495990,9.333749,-0.162241,
20260918-203652-4293920,nx1_typ_125c_vce1.0v,typ,hbt_typ,125,1,1.0,0.81,1.224050e-03,10.625434,3.16781E+11,3.691410,8.902970,8.716475,-0.186495,
20260918-203652-4293920,nx1_typ_125c_vce1.0v,typ,hbt_typ,125,1,1.0,0.83,1.608360e-03,13.961458,3.32279E+11,4.794870,8.479760,8.273717,-0.206043,
20260918-203652-4293920,nx1_typ_125c_vce1.0v,typ,hbt_typ,125,1,1.0,0.85,2.045840e-03,17.759028,3.41583E+11,5.670350,8.166810,7.944972,-0.221838,
20260918-203652-4293920,nx1_typ_125c_vce1.0v,typ,hbt_typ,125,1,1.0,0.87,2.531720e-03,21.976736,3.43086E+11,6.373770,7.930020,7.695409,-0.234611,
20260918-203652-4293920,nx1_typ_125c_vce1.0v,typ,hbt_typ,125,1,1.0,0.89,3.061280e-03,26.573611,3.34094E+11,6.945670,7.749530,7.504678,-0.244852,ic_high
20260918-203652-4293920,nx1_typ_125c_vce1.0v,typ,hbt_typ,125,1,1.0,0.91,3.630140e-03,31.511632,3.15705E+11,7.415250,7.613340,7.360456,-0.252884,ic_high
20260918-203652-4293920,nx1_typ_125c_vce1.0v,typ,hbt_typ,125,1,1.0,0.93,4.234260e-03,36.755729,2.89284E+11,7.802610,7.514140,7.255236,-0.258904,ic_high
20260918-203652-4293920,nx1_typ_125c_vce1.0v,typ,hbt_typ,125,1,1.0,0.95,4.869580e-03,42.270660,2.54404E+11,8.106050,7.449810,7.186923,-0.262887,ic_high
20260918-203652-4293920,nx1_typ_125c_vce1.0v,typ,hbt_typ,125,1,1.0,0.97,5.527430e-03,47.981163,2.04906E+11,8.169240,7.443110,7.179805,-0.263305,ic_high;vbe_high
20260918-203652-4293920,nx1_typ_125c_vce1.0v,typ,hbt_typ,125,1,1.0,0.99,6.171100e-03,53.568576,1.26824E+11,7.384960,7.593070,7.338968,-0.254102,ic_high;vbe_high
20260918-203652-4293920,nx1_typ_125c_vce1.0v,typ,hbt_typ,125,1,1.0,1.01,6.753440e-03,58.623611,7.2955E+10,6.228970,7.839200,7.599492,-0.239708,ic_high;vbe_high
20260918-203652-4293920,nx1_typ_125c_vce1.0v,typ,hbt_typ,125,1,1.0,1.03,7.291630e-03,63.295399,4.8317E+10,5.526330,8.027250,7.797973,-0.229277,ic_high;vbe_high
20260918-203652-4293920,nx1_typ_125c_vce1.0v,typ,hbt_typ,125,1,1.0,1.05,7.815240e-03,67.840625,3.54414E+10,5.152390,8.173400,7.951907,-0.221493,ic_high;vbe_high
20260918-203652-4293920,nx1_typ_125c_vce1.2v,typ,hbt_typ,125,1,1.2,0.55,2.187440e-06,0.018988,2.36305E+09,-43.497400,50.752100,50.752088,-0.000012,vbe_low
20260918-203652-4293920,nx1_typ_125c_vce1.2v,typ,hbt_typ,125,1,1.2,0.57,3.826690e-06,0.033218,4.09088E+09,-39.158600,46.418700,46.418668,-0.000032,vbe_low
20260918-203652-4293920,nx1_typ_125c_vce1.2v,typ,hbt_typ,125,1,1.2,0.59,6.688810e-06,0.058063,7.06969E+09,-34.517000,41.787000,41.786906,-0.000094,vbe_low
20260918-203652-4293920,nx1_typ_125c_vce1.2v,typ,hbt_typ,125,1,1.2,0.61,1.167430e-05,0.101339,1.21201E+10,-29.790800,37.079100,37.078822,-0.000278,vbe_low
20260918-203652-4293920,nx1_typ_125c_vce1.2v,typ,hbt_typ,125,1,1.2,0.63,2.032260e-05,0.176411,2.05341E+10,-25.081800,32.404700,32.403885,-0.000815,vbe_low
20260918-203652-4293920,nx1_typ_125c_vce1.2v,typ,hbt_typ,125,1,1.2,0.65,3.521730e-05,0.305706,3.42553E+10,-20.456900,27.847300,27.844972,-0.002328,
20260918-203652-4293920,nx1_typ_125c_vce1.2v,typ,hbt_typ,125,1,1.2,0.67,6.055800e-05,0.525677,5.55435E+10,-15.987800,23.511900,23.505579,-0.006321,
20260918-203652-4293920,nx1_typ_125c_vce1.2v,typ,hbt_typ,125,1,1.2,0.69,1.028180e-04,0.892517,8.63499E+10,-11.767800,19.551500,19.535749,-0.015751,
20260918-203652-4293920,nx1_typ_125c_vce1.2v,typ,hbt_typ,125,1,1.2,0.71,1.711570e-04,1.485738,1.26948E+11,-7.910650,16.160100,16.125635,-0.034465,
20260918-203652-4293920,nx1_typ_125c_vce1.2v,typ,hbt_typ,125,1,1.2,0.73,2.769620e-04,2.404184,1.74112E+11,-4.528380,13.500100,13.436296,-0.063804,
20260918-203652-4293920,nx1_typ_125c_vce1.2v,typ,hbt_typ,125,1,1.2,0.75,4.320040e-04,3.750035,2.21843E+11,-1.692440,11.594200,11.494840,-0.099360,
20260918-203652-4293920,nx1_typ_125c_vce1.2v,typ,hbt_typ,125,1,1.2,0.77,6.457270e-04,5.605269,2.63587E+11,0.595046,10.308200,10.174065,-0.134135,
20260918-203652-4293920,nx1_typ_125c_vce1.2v,typ,hbt_typ,125,1,1.2,0.79,9.232530e-04,8.014349,2.97237E+11,2.395340,9.450540,9.286560,-0.163980,
20260918-203652-4293920,nx1_typ_125c_vce1.2v,typ,hbt_typ,125,1,1.2,0.81,1.265240e-03,10.982986,3.2272E+11,3.800220,8.863610,8.675380,-0.188230,
20260918-203652-4293920,nx1_typ_125c_vce1.2v,typ,hbt_typ,125,1,1.2,0.83,1.669100e-03,14.488715,3.39101E+11,4.900710,8.445920,8.238226,-0.207694,
20260918-203652-4293920,nx1_typ_125c_vce1.2v,typ,hbt_typ,125,1,1.2,0.85,2.130530e-03,18.494184,3.48807E+11,5.771870,8.138520,7.915194,-0.223326,
20260918-203652-4293920,nx1_typ_125c_vce1.2v,typ,hbt_typ,125,1,1.2,0.87,2.644620e-03,22.956771,3.51010E+11,6.470330,7.907990,7.672153,-0.235837,
20260918-203652-4293920,nx1_typ_125c_vce1.2v,typ,hbt_typ,125,1,1.2,0.89,3.206460e-03,27.833854,3.4558E+11,7.037160,7.735100,7.489409,-0.245691,ic_high
20260918-203652-4293920,nx1_typ_125c_vce1.2v,typ,hbt_typ,125,1,1.2,0.91,3.811450e-03,33.085503,3.31241E+11,7.501740,7.608430,7.355252,-0.253178,ic_high
20260918-203652-4293920,nx1_typ_125c_vce1.2v,typ,hbt_typ,125,1,1.2,0.93,4.455330e-03,38.674740,3.04279E+11,7.884550,7.521150,7.262676,-0.258474,ic_high
20260918-203652-4293920,nx1_typ_125c_vce1.2v,typ,hbt_typ,125,1,1.2,0.95,5.134210e-03,44.567795,2.69022E+11,8.200590,7.468970,7.207276,-0.261694,ic_high
20260918-203652-4293920,nx1_typ_125c_vce1.2v,typ,hbt_typ,125,1,1.2,0.97,5.844280e-03,50.731597,2.30318E+11,8.454300,7.450260,7.187401,-0.262859,ic_high;vbe_high
20260918-203652-4293920,nx1_typ_125c_vce1.2v,typ,hbt_typ,125,1,1.2,0.99,6.579260e-03,57.111632,1.82777E+11,8.568450,7.475670,7.214392,-0.261278,ic_high;vbe_high
20260918-203652-4293920,nx1_typ_125c_vce1.2v,typ,hbt_typ,125,1,1.2,1.01,7.310620e-03,63.460243,1.20335E+11,8.044770,7.617760,7.365141,-0.252619,ic_high;vbe_high
20260918-203652-4293920,nx1_typ_125c_vce1.2v,typ,hbt_typ,125,1,1.2,1.03,7.981600e-03,69.284722,7.13707E+10,6.943240,7.877420,7.639871,-0.237549,ic_high;vbe_high
20260918-203652-4293920,nx1_typ_125c_vce1.2v,typ,hbt_typ,125,1,1.2,1.05,8.596440e-03,74.621875,4.75187E+10,6.147670,8.116070,7.891557,-0.224513,ic_high;vbe_high
20260918-203652-4293920,nx1_typ_125c_vce1.4v,typ,hbt_typ,125,1,1.4,0.55,2.192330e-06,0.019031,2.37819E+09,-43.503300,50.757900,50.757888,-0.000012,vbe_low
20260918-203652-4293920,nx1_typ_125c_vce1.4v,typ,hbt_typ,125,1,1.4,0.57,3.835260e-06,0.033292,4.11462E+09,-39.150000,46.410100,46.410068,-0.000032,vbe_low
20260918-203652-4293920,nx1_typ_125c_vce1.4v,typ,hbt_typ,125,1,1.4,0.59,6.704470e-06,0.058199,7.11352E+09,-34.501900,41.772000,41.771906,-0.000094,vbe_low
20260918-203652-4293920,nx1_typ_125c_vce1.4v,typ,hbt_typ,125,1,1.4,0.61,1.170470e-05,0.101603,1.22031E+10,-29.771700,37.060000,37.059721,-0.000279,vbe_low
20260918-203652-4293920,nx1_typ_125c_vce1.4v,typ,hbt_typ,125,1,1.4,0.63,2.038570e-05,0.176959,2.06733E+10,-25.058200,32.381300,32.380480,-0.000820,vbe_low
20260918-203652-4293920,nx1_typ_125c_vce1.4v,typ,hbt_typ,125,1,1.4,0.65,3.535750e-05,0.306923,3.45371E+10,-20.426600,27.817500,27.815156,-0.002344,
20260918-203652-4293920,nx1_typ_125c_vce1.4v,typ,hbt_typ,125,1,1.4,0.67,6.088640e-05,0.528528,5.6052E+10,-15.947600,23.473400,23.467022,-0.006378,
20260918-203652-4293920,nx1_typ_125c_vce1.4v,typ,hbt_typ,125,1,1.4,0.69,1.036030e-04,0.899332,8.73014E+10,-11.714100,19.502500,19.486570,-0.015930,
20260918-203652-4293920,nx1_typ_125c_vce1.4v,typ,hbt_typ,125,1,1.4,0.71,1.730080e-04,1.501806,1.28487E+11,-7.840620,16.101700,16.066766,-0.034934,
20260918-203652-4293920,nx1_typ_125c_vce1.4v,typ,hbt_typ,125,1,1.4,0.73,2.811110e-04,2.440200,1.76611E+11,-4.441800,13.437600,13.372864,-0.064736,
20260918-203652-4293920,nx1_typ_125c_vce1.4v,typ,hbt_typ,125,1,1.4,0.75,4.406120e-04,3.824757,2.2522E+11,-1.592620,11.534500,11.433749,-0.100751,
20260918-203652-4293920,nx1_typ_125c_vce1.4v,typ,hbt_typ,125,1,1.4,0.77,6.620180e-04,5.746684,2.67906E+11,0.702716,10.255100,10.119289,-0.135811,
20260918-203652-4293920,nx1_typ_125c_vce1.4v,typ,hbt_typ,125,1,1.4,0.79,9.513860e-04,8.258559,3.02279E+11,2.505900,9.404650,9.238894,-0.165756,
20260918-203652-4293920,nx1_typ_125c_vce1.4v,typ,hbt_typ,125,1,1.4,0.81,1.310000e-03,11.371528,3.27389E+11,3.910500,8.823950,8.633955,-0.189995,
20260918-203652-4293920,nx1_typ_125c_vce1.4v,typ,hbt_typ,125,1,1.4,0.83,1.735580e-03,15.065799,3.44269E+11,5.008950,8.411810,8.202439,-0.209371,
20260918-203652-4293920,nx1_typ_125c_vce1.4v,typ,hbt_typ,125,1,1.4,0.85,2.223890e-03,19.304601,3.53477E+11,5.876760,8.110250,7.885428,-0.224822,
20260918-203652-4293920,nx1_typ_125c_vce1.4v,typ,hbt_typ,125,1,1.4,0.87,2.769910e-03,24.044358,3.55007E+11,6.570560,7.886820,7.649799,-0.237021,
20260918-203652-4293920,nx1_typ_125c_vce1.4v,typ,hbt_typ,125,1,1.4,0.89,3.368530e-03,29.240712,3.48693E+11,7.131660,7.723050,7.476657,-0.246393,ic_high
20260918-203652-4293920,nx1_typ_125c_vce1.4v,typ,hbt_typ,125,1,1.4,0.91,4.014870e-03,34.851302,3.33478E+11,7.589690,7.608220,7.355029,-0.253191,ic_high
20260918-203652-4293920,nx1_typ_125c_vce1.4v,typ,hbt_typ,125,1,1.4,0.93,4.704420e-03,40.836979,3.11455E+11,7.965610,7.536100,7.278541,-0.257559,ic_high
20260918-203652-4293920,nx1_typ_125c_vce1.4v,typ,hbt_typ,125,1,1.4,0.95,5.432900e-03,47.160590,2.7619E+11,8.273510,7.503240,7.243665,-0.259575,ic_high
20260918-203652-4293920,nx1_typ_125c_vce1.4v,typ,hbt_typ,125,1,1.4,0.97,6.196190e-03,53.786372,2.30588E+11,8.522760,7.507810,7.248517,-0.259293,ic_high;vbe_high
20260918-203652-4293920,nx1_typ_125c_vce1.4v,typ,hbt_typ,125,1,1.4,0.99,6.990050e-03,60.677517,1.85644E+11,8.715050,7.549640,7.292907,-0.256733,ic_high;vbe_high
20260918-203652-4293920,nx1_typ_125c_vce1.4v,typ,hbt_typ,125,1,1.4,1.01,7.807150e-03,67.770399,1.3987E+11,8.768800,7.639770,7.388466,-0.251304,ic_high;vbe_high
20260918-203652-4293920,nx1_typ_125c_vce1.4v,typ,hbt_typ,125,1,1.4,1.03,8.613940e-03,74.773785,9.01414E+10,8.196790,7.843320,7.603846,-0.239474,ic_high;vbe_high
20260918-203652-4293920,nx1_typ_125c_vce1.4v,typ,hbt_typ,125,1,1.4,1.05,9.352150e-03,81.181858,5.68289E+10,7.156610,8.142690,7.919584,-0.223106,ic_high;vbe_high
20260918-203652-4293920,nx1_bcs_-40c_vce0.6v,bcs,hbt_bcs,-40,1,0.6,0.55,4.789790e-11,0.000000,,-52.037100,56.960600,56.960602,0.000002,vbe_low
20260918-203652-4293920,nx1_bcs_-40c_vce0.6v,bcs,hbt_bcs,-40,1,0.6,0.57,1.280180e-10,0.000001,,-52.018900,56.942400,56.942402,0.000002,vbe_low
20260918-203652-4293920,nx1_bcs_-40c_vce0.6v,bcs,hbt_bcs,-40,1,0.6,0.59,3.423640e-10,0.000003,,-52.000100,56.923600,56.923602,0.000002,vbe_low
20260918-203652-4293920,nx1_bcs_-40c_vce0.6v,bcs,hbt_bcs,-40,1,0.6,0.61,9.157370e-10,0.000008,,-51.980800,56.904300,56.904302,0.000002,vbe_low
20260918-203652-4293920,nx1_bcs_-40c_vce0.6v,bcs,hbt_bcs,-40,1,0.6,0.63,2.449430e-09,0.000021,5.41933E+06,-51.960800,56.884300,56.884302,0.000002,vbe_low
20260918-203652-4293920,nx1_bcs_-40c_vce0.6v,bcs,hbt_bcs,-40,1,0.6,0.65,6.551720e-09,0.000057,1.43941E+07,-51.939400,56.863000,56.863002,0.000002,
20260918-203652-4293920,nx1_bcs_-40c_vce0.6v,bcs,hbt_bcs,-40,1,0.6,0.67,1.752410e-08,0.000152,3.83438E+07,-51.913400,56.837000,56.837002,0.000002,
20260918-203652-4293920,nx1_bcs_-40c_vce0.6v,bcs,hbt_bcs,-40,1,0.6,0.69,4.687080e-08,0.000407,1.01709E+08,-51.859300,56.783100,56.783102,0.000002,
20260918-203652-4293920,nx1_bcs_-40c_vce0.6v,bcs,hbt_bcs,-40,1,0.6,0.71,1.253540e-07,0.001088,2.7073E+08,-51.621300,56.545500,56.545502,0.000002,
20260918-203652-4293920,nx1_bcs_-40c_vce0.6v,bcs,hbt_bcs,-40,1,0.6,0.73,3.351990e-07,0.002910,7.17524E+08,-50.327900,55.253300,55.253303,0.000003,
20260918-203652-4293920,nx1_bcs_-40c_vce0.6v,bcs,hbt_bcs,-40,1,0.6,0.75,8.959640e-07,0.007777,1.9022E+09,-45.849000,50.777400,50.777408,0.000008,
20260918-203652-4293920,nx1_bcs_-40c_vce0.6v,bcs,hbt_bcs,-40,1,0.6,0.77,2.392280e-06,0.020766,5.01692E+09,-38.409400,43.346400,43.346445,0.000045,
20260918-203652-4293920,nx1_bcs_-40c_vce0.6v,bcs,hbt_bcs,-40,1,0.6,0.79,6.369210e-06,0.055288,1.30806E+10,-30.135100,35.096500,35.096800,0.000300,
20260918-203652-4293920,nx1_bcs_-40c_vce0.6v,bcs,hbt_bcs,-40,1,0.6,0.81,1.682850e-05,0.146081,3.33934E+10,-21.861200,26.898600,26.900580,0.001980,
20260918-203652-4293920,nx1_bcs_-40c_vce0.6v,bcs,hbt_bcs,-40,1,0.6,0.83,4.360260e-05,0.378495,8.05567E+10,-13.938800,19.232400,19.243953,0.011553,
20260918-203652-4293920,nx1_bcs_-40c_vce0.6v,bcs,hbt_bcs,-40,1,0.6,0.85,1.079340e-04,0.936927,1.71839E+11,-6.831520,12.926000,12.975143,0.049143,
20260918-203652-4293920,nx1_bcs_-40c_vce0.6v,bcs,hbt_bcs,-40,1,0.6,0.87,2.445980e-04,2.123247,2.99966E+11,-1.133240,8.917230,9.039875,0.122645,
20260918-203652-4293920,nx1_bcs_-40c_vce0.6v,bcs,hbt_bcs,-40,1,0.6,0.89,4.876200e-04,4.232813,4.20544E+11,2.862410,6.961440,7.152336,0.190896,
20260918-203652-4293920,nx1_bcs_-40c_vce0.6v,bcs,hbt_bcs,-40,1,0.6,0.91,8.481360e-04,7.362292,5.03784E+11,5.435340,6.042100,6.276805,0.234705,
20260918-203652-4293920,nx1_bcs_-40c_vce0.6v,bcs,hbt_bcs,-40,1,0.6,0.93,1.314680e-03,11.412153,5.48656E+11,7.085610,5.539050,5.801723,0.262673,
20260918-203652-4293920,nx1_bcs_-40c_vce0.6v,bcs,hbt_bcs,-40,1,0.6,0.95,1.868700e-03,16.221354,5.66927E+11,8.193150,5.215330,5.497684,0.282354,
20260918-203652-4293920,nx1_bcs_-40c_vce0.6v,bcs,hbt_bcs,-40,1,0.6,0.97,2.493640e-03,21.646181,5.63773E+11,8.979900,4.983890,5.281181,0.297291,vbe_high
20260918-203652-4293920,nx1_bcs_-40c_vce0.6v,bcs,hbt_bcs,-40,1,0.6,0.99,3.176990e-03,27.578038,5.42171E+11,9.565410,4.808780,5.117878,0.309098,ic_high;vbe_high
20260918-203652-4293920,nx1_bcs_-40c_vce0.6v,bcs,hbt_bcs,-40,1,0.6,1.01,3.906200e-03,33.907986,4.363E+11,9.818290,4.695630,5.012596,0.316966,ic_high;vbe_high
20260918-203652-4293920,nx1_bcs_-40c_vce0.6v,bcs,hbt_bcs,-40,1,0.6,1.03,4.566470e-03,39.639497,6.94524E+10,6.232140,5.204160,5.487218,0.283058,ic_high;vbe_high
20260918-203652-4293920,nx1_bcs_-40c_vce0.6v,bcs,hbt_bcs,-40,1,0.6,1.05,5.004750e-03,43.444010,1.89108E+10,3.093110,5.950620,6.190186,0.239566,ic_high;vbe_high
20260918-203652-4293920,nx1_bcs_-40c_vce0.8v,bcs,hbt_bcs,-40,1,0.8,0.55,4.814290e-11,0.000000,,-52.195300,57.118800,57.118802,0.000002,vbe_low
20260918-203652-4293920,nx1_bcs_-40c_vce0.8v,bcs,hbt_bcs,-40,1,0.8,0.57,1.283390e-10,0.000001,,-52.181100,57.104600,57.104602,0.000002,vbe_low
20260918-203652-4293920,nx1_bcs_-40c_vce0.8v,bcs,hbt_bcs,-40,1,0.8,0.59,3.428840e-10,0.000003,,-52.166600,57.090100,57.090102,0.000002,vbe_low
20260918-203652-4293920,nx1_bcs_-40c_vce0.8v,bcs,hbt_bcs,-40,1,0.8,0.61,9.167930e-10,0.000008,,-52.151700,57.075200,57.075202,0.000002,vbe_low
20260918-203652-4293920,nx1_bcs_-40c_vce0.8v,bcs,hbt_bcs,-40,1,0.8,0.63,2.451920e-09,0.000021,5.45619E+06,-52.136300,57.059900,57.059902,0.000002,vbe_low
20260918-203652-4293920,nx1_bcs_-40c_vce0.8v,bcs,hbt_bcs,-40,1,0.8,0.65,6.558040e-09,0.000057,1.45036E+07,-52.119900,57.043500,57.043502,0.000002,
20260918-203652-4293920,nx1_bcs_-40c_vce0.8v,bcs,hbt_bcs,-40,1,0.8,0.67,1.754070e-08,0.000152,3.862E+07,-52.098900,57.022500,57.022502,0.000002,
20260918-203652-4293920,nx1_bcs_-40c_vce0.8v,bcs,hbt_bcs,-40,1,0.8,0.69,4.691500e-08,0.000407,1.0249E+08,-52.048900,56.972700,56.972702,0.000002,
20260918-203652-4293920,nx1_bcs_-40c_vce0.8v,bcs,hbt_bcs,-40,1,0.8,0.71,1.254730e-07,0.001089,2.72814E+08,-51.806700,56.730900,56.730902,0.000002,
20260918-203652-4293920,nx1_bcs_-40c_vce0.8v,bcs,hbt_bcs,-40,1,0.8,0.73,3.355290e-07,0.002913,7.22853E+08,-50.467900,55.393200,55.393203,0.000003,
20260918-203652-4293920,nx1_bcs_-40c_vce0.8v,bcs,hbt_bcs,-40,1,0.8,0.75,8.969200e-07,0.007786,1.91816E+09,-45.894400,50.822800,50.822808,0.000008,
20260918-203652-4293920,nx1_bcs_-40c_vce0.8v,bcs,hbt_bcs,-40,1,0.8,0.77,2.395330e-06,0.020793,5.05858E+09,-38.409000,43.345900,43.345945,0.000045,
20260918-203652-4293920,nx1_bcs_-40c_vce0.8v,bcs,hbt_bcs,-40,1,0.8,0.79,6.380590e-06,0.055387,1.32094E+10,-30.122000,35.083500,35.083801,0.000301,
20260918-203652-4293920,nx1_bcs_-40c_vce0.8v,bcs,hbt_bcs,-40,1,0.8,0.81,1.687920e-05,0.146521,3.37746E+10,-21.837500,26.875400,26.877390,0.001990,
20260918-203652-4293920,nx1_bcs_-40c_vce0.8v,bcs,hbt_bcs,-40,1,0.8,0.83,4.385480e-05,0.380684,8.15956E+10,-13.895600,19.191900,19.203561,0.011661,
20260918-203652-4293920,nx1_bcs_-40c_vce0.8v,bcs,hbt_bcs,-40,1,0.8,0.85,1.091550e-04,0.947526,1.74996E+11,-6.756000,12.865600,12.915427,0.049827,
20260918-203652-4293920,nx1_bcs_-40c_vce0.8v,bcs,hbt_bcs,-40,1,0.8,0.87,2.495170e-04,2.165946,3.07127E+11,-1.022360,8.854420,8.978827,0.124407,
20260918-203652-4293920,nx1_bcs_-40c_vce0.8v,bcs,hbt_bcs,-40,1,0.8,0.89,5.024760e-04,4.361771,4.31811E+11,2.992290,6.911470,7.104527,0.193057,
20260918-203652-4293920,nx1_bcs_-40c_vce0.8v,bcs,hbt_bcs,-40,1,0.8,0.91,8.819600e-04,7.655903,5.16116E+11,5.565710,6.002400,6.239203,0.236803,
20260918-203652-4293920,nx1_bcs_-40c_vce0.8v,bcs,hbt_bcs,-40,1,0.8,0.93,1.377080e-03,11.953819,5.62982E+11,7.210130,5.503970,5.768710,0.264740,
20260918-203652-4293920,nx1_bcs_-40c_vce0.8v,bcs,hbt_bcs,-40,1,0.8,0.95,1.968790e-03,17.090191,5.81921E+11,8.313550,5.181940,5.466403,0.284463,
20260918-203652-4293920,nx1_bcs_-40c_vce0.8v,bcs,hbt_bcs,-40,1,0.8,0.97,2.639930e-03,22.916059,5.80604E+11,9.100390,4.951360,5.250811,0.299451,vbe_high
20260918-203652-4293920,nx1_bcs_-40c_vce0.8v,bcs,hbt_bcs,-40,1,0.8,0.99,3.377800e-03,29.321181,5.59466E+11,9.693010,4.777080,5.088363,0.311283,ic_high;vbe_high
20260918-203652-4293920,nx1_bcs_-40c_vce0.8v,bcs,hbt_bcs,-40,1,0.8,1.01,4.173370e-03,36.227170,5.18045E+11,10.159500,4.642010,4.962772,0.320762,ic_high;vbe_high
20260918-203652-4293920,nx1_bcs_-40c_vce0.8v,bcs,hbt_bcs,-40,1,0.8,1.03,5.019730e-03,43.574045,4.54116E+11,10.515000,4.539350,4.867502,0.328152,ic_high;vbe_high
20260918-203652-4293920,nx1_bcs_-40c_vce0.8v,bcs,hbt_bcs,-40,1,0.8,1.05,5.868970e-03,50.945920,1.34065E+11,9.092820,4.661350,4.980738,0.319388,ic_high;vbe_high
20260918-203652-4293920,nx1_bcs_-40c_vce1.0v,bcs,hbt_bcs,-40,1,1.0,0.55,4.838910e-11,0.000000,,-52.321900,57.245400,57.245402,0.000002,vbe_low
20260918-203652-4293920,nx1_bcs_-40c_vce1.0v,bcs,hbt_bcs,-40,1,1.0,0.57,1.286610e-10,0.000001,,-52.310300,57.233800,57.233802,0.000002,vbe_low
20260918-203652-4293920,nx1_bcs_-40c_vce1.0v,bcs,hbt_bcs,-40,1,1.0,0.59,3.434080e-10,0.000003,,-52.298500,57.222000,57.222002,0.000002,vbe_low
20260918-203652-4293920,nx1_bcs_-40c_vce1.0v,bcs,hbt_bcs,-40,1,1.0,0.61,9.178520e-10,0.000008,,-52.286400,57.209900,57.209902,0.000002,vbe_low
20260918-203652-4293920,nx1_bcs_-40c_vce1.0v,bcs,hbt_bcs,-40,1,1.0,0.63,2.454400e-09,0.000021,5.48596E+06,-52.274000,57.197500,57.197502,0.000002,vbe_low
20260918-203652-4293920,nx1_bcs_-40c_vce1.0v,bcs,hbt_bcs,-40,1,1.0,0.65,6.564310e-09,0.000057,1.45911E+07,-52.260600,57.184100,57.184102,0.000002,
20260918-203652-4293920,nx1_bcs_-40c_vce1.0v,bcs,hbt_bcs,-40,1,1.0,0.67,1.755710e-08,0.000152,3.88401E+07,-52.242500,57.166200,57.166202,0.000002,
20260918-203652-4293920,nx1_bcs_-40c_vce1.0v,bcs,hbt_bcs,-40,1,1.0,0.69,4.695850e-08,0.000408,1.03139E+08,-52.194700,57.118500,57.118502,0.000002,
20260918-203652-4293920,nx1_bcs_-40c_vce1.0v,bcs,hbt_bcs,-40,1,1.0,0.71,1.255900e-07,0.001090,2.74446E+08,-51.948000,56.872200,56.872202,0.000002,
20260918-203652-4293920,nx1_bcs_-40c_vce1.0v,bcs,hbt_bcs,-40,1,1.0,0.73,3.358520e-07,0.002915,7.27004E+08,-50.572100,55.497400,55.497403,0.000003,
20260918-203652-4293920,nx1_bcs_-40c_vce1.0v,bcs,hbt_bcs,-40,1,1.0,0.75,8.978580e-07,0.007794,1.93051E+09,-45.925700,50.854100,50.854108,0.000008,
20260918-203652-4293920,nx1_bcs_-40c_vce1.0v,bcs,hbt_bcs,-40,1,1.0,0.77,2.398330e-06,0.020819,5.09082E+09,-38.405900,43.342800,43.342845,0.000045,
20260918-203652-4293920,nx1_bcs_-40c_vce1.0v,bcs,hbt_bcs,-40,1,1.0,0.79,6.391850e-06,0.055485,1.33118E+10,-30.108600,35.070200,35.070502,0.000302,
20260918-203652-4293920,nx1_bcs_-40c_vce1.0v,bcs,hbt_bcs,-40,1,1.0,0.81,1.692970e-05,0.146959,3.40758E+10,-21.813900,26.852200,26.854201,0.002001,
20260918-203652-4293920,nx1_bcs_-40c_vce1.0v,bcs,hbt_bcs,-40,1,1.0,0.83,4.410930e-05,0.382893,8.24427E+10,-13.852300,19.151300,19.163071,0.011771,
20260918-203652-4293920,nx1_bcs_-40c_vce1.0v,bcs,hbt_bcs,-40,1,1.0,0.85,1.104090e-04,0.958411,1.77637E+11,-6.679440,12.804500,12.855029,0.050529,
20260918-203652-4293920,nx1_bcs_-40c_vce1.0v,bcs,hbt_bcs,-40,1,1.0,0.87,2.546900e-04,2.210851,3.13129E+11,-0.908752,8.790660,8.916880,0.126220,
20260918-203652-4293920,nx1_bcs_-40c_vce1.0v,bcs,hbt_bcs,-40,1,1.0,0.89,5.184800e-04,4.500694,4.40966E+11,3.126500,6.860470,7.055757,0.195287,
20260918-203652-4293920,nx1_bcs_-40c_vce1.0v,bcs,hbt_bcs,-40,1,1.0,0.91,9.191780e-04,7.978976,5.25531E+11,5.701500,5.961390,6.200379,0.238989,
20260918-203652-4293920,nx1_bcs_-40c_vce1.0v,bcs,hbt_bcs,-40,1,1.0,0.93,1.446860e-03,12.559549,5.72795E+11,7.341040,5.467290,5.734208,0.266918,
20260918-203652-4293920,nx1_bcs_-40c_vce1.0v,bcs,hbt_bcs,-40,1,1.0,0.95,2.082300e-03,18.075521,5.90335E+11,8.441550,5.146910,5.433602,0.286692,
20260918-203652-4293920,nx1_bcs_-40c_vce1.0v,bcs,hbt_bcs,-40,1,1.0,0.97,2.807870e-03,24.373872,5.87208E+11,9.229810,4.917600,5.219309,0.301709,vbe_high
20260918-203652-4293920,nx1_bcs_-40c_vce1.0v,bcs,hbt_bcs,-40,1,1.0,0.99,3.610950e-03,31.345052,5.63832E+11,9.827890,4.745490,5.058966,0.313476,ic_high;vbe_high
20260918-203652-4293920,nx1_bcs_-40c_vce1.0v,bcs,hbt_bcs,-40,1,1.0,1.01,4.482720e-03,38.912500,5.18125E+11,10.303100,4.614310,4.937050,0.322740,ic_high;vbe_high
20260918-203652-4293920,nx1_bcs_-40c_vce1.0v,bcs,hbt_bcs,-40,1,1.0,1.03,5.417120e-03,47.023611,4.54857E+11,10.694300,4.515300,4.845207,0.329907,ic_high;vbe_high
20260918-203652-4293920,nx1_bcs_-40c_vce1.0v,bcs,hbt_bcs,-40,1,1.0,1.05,6.409440e-03,55.637500,3.77504E+11,11.004700,4.445540,4.780588,0.335048,ic_high;vbe_high
20260918-203652-4293920,nx1_bcs_-40c_vce1.2v,bcs,hbt_bcs,-40,1,1.2,0.55,4.864270e-11,0.000000,,-52.427300,57.350800,57.350802,0.000002,vbe_low
20260918-203652-4293920,nx1_bcs_-40c_vce1.2v,bcs,hbt_bcs,-40,1,1.2,0.57,1.290010e-10,0.000001,,-52.417500,57.341000,57.341002,0.000002,vbe_low
20260918-203652-4293920,nx1_bcs_-40c_vce1.2v,bcs,hbt_bcs,-40,1,1.2,0.59,3.439730e-10,0.000003,,-52.407600,57.331100,57.331102,0.000002,vbe_low
20260918-203652-4293920,nx1_bcs_-40c_vce1.2v,bcs,hbt_bcs,-40,1,1.2,0.61,9.190070e-10,0.000008,,-52.397400,57.320900,57.320902,0.000002,vbe_low
20260918-203652-4293920,nx1_bcs_-40c_vce1.2v,bcs,hbt_bcs,-40,1,1.2,0.63,2.457100e-09,0.000021,5.51147E+06,-52.387000,57.310500,57.310502,0.000002,vbe_low
20260918-203652-4293920,nx1_bcs_-40c_vce1.2v,bcs,hbt_bcs,-40,1,1.2,0.65,6.571080e-09,0.000057,1.46656E+07,-52.375600,57.299200,57.299202,0.000002,
20260918-203652-4293920,nx1_bcs_-40c_vce1.2v,bcs,hbt_bcs,-40,1,1.2,0.67,1.757460e-08,0.000153,3.90261E+07,-52.359600,57.283200,57.283202,0.000002,
20260918-203652-4293920,nx1_bcs_-40c_vce1.2v,bcs,hbt_bcs,-40,1,1.2,0.69,4.700450e-08,0.000408,1.03684E+08,-52.313000,57.236700,57.236702,0.000002,
20260918-203652-4293920,nx1_bcs_-40c_vce1.2v,bcs,hbt_bcs,-40,1,1.2,0.71,1.257130e-07,0.001091,2.75812E+08,-52.061700,56.985900,56.985902,0.000002,
20260918-203652-4293920,nx1_bcs_-40c_vce1.2v,bcs,hbt_bcs,-40,1,1.2,0.73,3.361870e-07,0.002918,7.30911E+08,-50.654300,55.579600,55.579603,0.000003,
20260918-203652-4293920,nx1_bcs_-40c_vce1.2v,bcs,hbt_bcs,-40,1,1.2,0.75,8.988180e-07,0.007802,1.94075E+09,-45.948500,50.876900,50.876908,0.000008,
20260918-203652-4293920,nx1_bcs_-40c_vce1.2v,bcs,hbt_bcs,-40,1,1.2,0.77,2.401380e-06,0.020845,5.11753E+09,-38.401000,43.338000,43.338045,0.000045,
20260918-203652-4293920,nx1_bcs_-40c_vce1.2v,bcs,hbt_bcs,-40,1,1.2,0.79,6.403210e-06,0.055583,1.33971E+10,-30.094900,35.056500,35.056803,0.000303,
20260918-203652-4293920,nx1_bcs_-40c_vce1.2v,bcs,hbt_bcs,-40,1,1.2,0.81,1.698080e-05,0.147403,3.43314E+10,-21.790200,26.828800,26.830812,0.002012,
20260918-203652-4293920,nx1_bcs_-40c_vce1.2v,bcs,hbt_bcs,-40,1,1.2,0.83,4.436790e-05,0.385138,8.31835E+10,-13.808600,19.110300,19.122182,0.011882,
20260918-203652-4293920,nx1_bcs_-40c_vce1.2v,bcs,hbt_bcs,-40,1,1.2,0.85,1.117030e-04,0.969644,1.8E+11,-6.601550,12.742600,12.793850,0.051250,
20260918-203652-4293920,nx1_bcs_-40c_vce1.2v,bcs,hbt_bcs,-40,1,1.2,0.87,2.601490e-04,2.258238,3.18529E+11,-0.791913,8.725680,8.853775,0.128095,
20260918-203652-4293920,nx1_bcs_-40c_vce1.2v,bcs,hbt_bcs,-40,1,1.2,0.89,5.358150e-04,4.651172,4.4905E+11,3.265600,6.808270,7.005865,0.197595,
20260918-203652-4293920,nx1_bcs_-40c_vce1.2v,bcs,hbt_bcs,-40,1,1.2,0.91,9.603410e-04,8.336293,5.34317E+11,5.843140,5.918970,6.160241,0.241271,
20260918-203652-4293920,nx1_bcs_-40c_vce1.2v,bcs,hbt_bcs,-40,1,1.2,0.93,1.525580e-03,13.242882,5.80454E+11,7.479290,5.428810,5.698031,0.269221,
20260918-203652-4293920,nx1_bcs_-40c_vce1.2v,bcs,hbt_bcs,-40,1,1.2,0.95,2.212430e-03,19.205122,5.96037E+11,8.578620,5.110080,5.399135,0.289055,
20260918-203652-4293920,nx1_bcs_-40c_vce1.2v,bcs,hbt_bcs,-40,1,1.2,0.97,3.003320e-03,26.070486,5.89095E+11,9.370190,4.882640,5.186704,0.304064,ic_high;vbe_high
20260918-203652-4293920,nx1_bcs_-40c_vce1.2v,bcs,hbt_bcs,-40,1,1.2,0.99,3.886150e-03,33.733941,5.59428E+11,9.975560,4.714150,5.029815,0.315665,ic_high;vbe_high
20260918-203652-4293920,nx1_bcs_-40c_vce1.2v,bcs,hbt_bcs,-40,1,1.2,1.01,4.852860e-03,42.125521,5.06253E+11,10.460900,4.589460,4.913985,0.324525,ic_high;vbe_high
20260918-203652-4293920,nx1_bcs_-40c_vce1.2v,bcs,hbt_bcs,-40,1,1.2,1.03,5.898290e-03,51.200434,4.35717E+11,10.863900,4.500870,4.831834,0.330964,ic_high;vbe_high
20260918-203652-4293920,nx1_bcs_-40c_vce1.2v,bcs,hbt_bcs,-40,1,1.2,1.05,7.019100e-03,60.929688,3.57543E+11,11.206200,4.444730,4.779838,0.335108,ic_high;vbe_high
20260918-203652-4293920,nx1_bcs_-40c_vce1.4v,bcs,hbt_bcs,-40,1,1.4,0.55,4.891670e-11,0.000000,,-52.517500,57.441000,57.441002,0.000002,vbe_low
20260918-203652-4293920,nx1_bcs_-40c_vce1.4v,bcs,hbt_bcs,-40,1,1.4,0.57,1.293910e-10,0.000001,,-52.509100,57.432600,57.432602,0.000002,vbe_low
20260918-203652-4293920,nx1_bcs_-40c_vce1.4v,bcs,hbt_bcs,-40,1,1.4,0.59,3.446620e-10,0.000003,,-52.500500,57.424000,57.424002,0.000002,vbe_low
20260918-203652-4293920,nx1_bcs_-40c_vce1.4v,bcs,hbt_bcs,-40,1,1.4,0.61,9.204630e-10,0.000008,,-52.491700,57.415300,57.415302,0.000002,vbe_low
20260918-203652-4293920,nx1_bcs_-40c_vce1.4v,bcs,hbt_bcs,-40,1,1.4,0.63,2.460540e-09,0.000021,5.53525E+06,-52.482700,57.406300,57.406302,0.000002,vbe_low
20260918-203652-4293920,nx1_bcs_-40c_vce1.4v,bcs,hbt_bcs,-40,1,1.4,0.65,6.579640e-09,0.000057,1.47342E+07,-52.472900,57.396400,57.396402,0.000002,
20260918-203652-4293920,nx1_bcs_-40c_vce1.4v,bcs,hbt_bcs,-40,1,1.4,0.67,1.759640e-08,0.000153,3.91961E+07,-52.458200,57.381800,57.381802,0.000002,
20260918-203652-4293920,nx1_bcs_-40c_vce1.4v,bcs,hbt_bcs,-40,1,1.4,0.69,4.706090e-08,0.000409,1.04178E+08,-52.412300,57.336000,57.336002,0.000002,
20260918-203652-4293920,nx1_bcs_-40c_vce1.4v,bcs,hbt_bcs,-40,1,1.4,0.71,1.258610e-07,0.001093,2.77040E+08,-52.156700,57.080900,57.080902,0.000002,
20260918-203652-4293920,nx1_bcs_-40c_vce1.4v,bcs,hbt_bcs,-40,1,1.4,0.73,3.365810e-07,0.002922,7.34508E+08,-50.721400,55.646800,55.646803,0.000003,
20260918-203652-4293920,nx1_bcs_-40c_vce1.4v,bcs,hbt_bcs,-40,1,1.4,0.75,8.999200e-07,0.007812,1.94983E+09,-45.964700,50.893200,50.893208,0.000008,
20260918-203652-4293920,nx1_bcs_-40c_vce1.4v,bcs,hbt_bcs,-40,1,1.4,0.77,2.404760e-06,0.020875,5.14117E+09,-38.394100,43.331200,43.331245,0.000045,
20260918-203652-4293920,nx1_bcs_-40c_vce1.4v,bcs,hbt_bcs,-40,1,1.4,0.79,6.415400e-06,0.055689,1.34728E+10,-30.080100,35.041800,35.042104,0.000304,
20260918-203652-4293920,nx1_bcs_-40c_vce1.4v,bcs,hbt_bcs,-40,1,1.4,0.81,1.703410e-05,0.147865,3.45611E+10,-21.765400,26.804400,26.806423,0.002023,
20260918-203652-4293920,nx1_bcs_-40c_vce1.4v,bcs,hbt_bcs,-40,1,1.4,0.83,4.463500e-05,0.387457,8.39664E+10,-13.763600,19.068100,19.080098,0.011998,
20260918-203652-4293920,nx1_bcs_-40c_vce1.4v,bcs,hbt_bcs,-40,1,1.4,0.85,1.130490e-04,0.981328,1.8221E+11,-6.521270,12.678800,12.730804,0.052004,
20260918-203652-4293920,nx1_bcs_-40c_vce1.4v,bcs,hbt_bcs,-40,1,1.4,0.87,2.659470e-04,2.308568,3.23596E+11,-0.670904,8.658920,8.788970,0.130050,
20260918-203652-4293920,nx1_bcs_-40c_vce1.4v,bcs,hbt_bcs,-40,1,1.4,0.89,5.547010e-04,4.815113,4.56516E+11,3.410250,6.754570,6.954568,0.199998,
20260918-203652-4293920,nx1_bcs_-40c_vce1.4v,bcs,hbt_bcs,-40,1,1.4,0.91,1.006390e-03,8.736024,5.42935E+11,5.991410,5.874800,6.118469,0.243669,
20260918-203652-4293920,nx1_bcs_-40c_vce1.4v,bcs,hbt_bcs,-40,1,1.4,0.93,1.615330e-03,14.021962,5.86775E+11,7.625370,5.388360,5.660023,0.271663,
20260918-203652-4293920,nx1_bcs_-40c_vce1.4v,bcs,hbt_bcs,-40,1,1.4,0.95,2.363680e-03,20.518056,6.00167E+11,8.725970,5.071360,5.362918,0.291558,
20260918-203652-4293920,nx1_bcs_-40c_vce1.4v,bcs,hbt_bcs,-40,1,1.4,0.97,3.234630e-03,28.078385,5.87377E+11,9.523820,4.846680,5.153185,0.306505,ic_high;vbe_high
20260918-203652-4293920,nx1_bcs_-40c_vce1.4v,bcs,hbt_bcs,-40,1,1.4,0.99,4.217670e-03,36.611719,5.48048E+11,10.139200,4.684030,5.001814,0.317784,ic_high;vbe_high
20260918-203652-4293920,nx1_bcs_-40c_vce1.4v,bcs,hbt_bcs,-40,1,1.4,1.01,5.306610e-03,46.064323,4.83154E+11,10.636800,4.569880,4.895817,0.325937,ic_high;vbe_high
20260918-203652-4293920,nx1_bcs_-40c_vce1.4v,bcs,hbt_bcs,-40,1,1.4,1.03,6.498370e-03,56.409462,4.03682E+11,11.052800,4.498390,4.829536,0.331146,ic_high;vbe_high
20260918-203652-4293920,nx1_bcs_-40c_vce1.4v,bcs,hbt_bcs,-40,1,1.4,1.05,7.791700e-03,67.636285,3.19978E+11,4.123780,6.489800,6.702068,0.212268,ic_high;vbe_high
20260918-203652-4293920,nx1_bcs_125c_vce0.6v,bcs,hbt_bcs,125,1,0.6,0.55,2.746500e-06,0.023841,3.36324E+09,-41.807300,49.063700,49.063682,-0.000018,vbe_low
20260918-203652-4293920,nx1_bcs_125c_vce0.6v,bcs,hbt_bcs,125,1,0.6,0.57,4.803260e-06,0.041695,5.80823E+09,-37.289000,44.552300,44.552250,-0.000050,vbe_low
20260918-203652-4293920,nx1_bcs_125c_vce0.6v,bcs,hbt_bcs,125,1,0.6,0.59,8.391180e-06,0.072840,1.00121E+10,-32.584500,39.860300,39.860154,-0.000146,vbe_low
20260918-203652-4293920,nx1_bcs_125c_vce0.6v,bcs,hbt_bcs,125,1,0.6,0.61,1.463160e-05,0.127010,1.70877E+10,-27.843700,35.142500,35.142066,-0.000434,vbe_low
20260918-203652-4293920,nx1_bcs_125c_vce0.6v,bcs,hbt_bcs,125,1,0.6,0.63,2.543000e-05,0.220747,2.87693E+10,-23.141400,30.483900,30.482631,-0.001269,vbe_low
20260918-203652-4293920,nx1_bcs_125c_vce0.6v,bcs,hbt_bcs,125,1,0.6,0.65,4.395350e-05,0.381541,4.74190E+10,-18.536900,25.964500,25.960907,-0.003593,
20260918-203652-4293920,nx1_bcs_125c_vce0.6v,bcs,hbt_bcs,125,1,0.6,0.67,7.527360e-05,0.653417,7.56976E+10,-14.101100,21.695800,21.686193,-0.009607,
20260918-203652-4293920,nx1_bcs_125c_vce0.6v,bcs,hbt_bcs,125,1,0.6,0.69,1.270340e-04,1.102726,1.15254E+11,-9.926630,17.840300,17.816922,-0.023378,
20260918-203652-4293920,nx1_bcs_125c_vce0.6v,bcs,hbt_bcs,125,1,0.6,0.71,2.097220e-04,1.820503,1.64877E+11,-6.121990,14.591800,14.542259,-0.049541,
20260918-203652-4293920,nx1_bcs_125c_vce0.6v,bcs,hbt_bcs,125,1,0.6,0.73,3.358950e-04,2.915755,2.20029E+11,-2.786620,12.089700,12.001164,-0.088536,
20260918-203652-4293920,nx1_bcs_125c_vce0.6v,bcs,hbt_bcs,125,1,0.6,0.75,5.180550e-04,4.497005,2.72325E+11,0.024214,10.319000,10.185204,-0.133796,
20260918-203652-4293920,nx1_bcs_125c_vce0.6v,bcs,hbt_bcs,125,1,0.6,0.77,7.659930e-04,6.649245,3.15897E+11,2.319310,9.123770,8.946711,-0.177059,
20260918-203652-4293920,nx1_bcs_125c_vce0.6v,bcs,hbt_bcs,125,1,0.6,0.79,1.085140e-03,9.419618,3.45738E+11,4.159540,8.315670,8.101494,-0.214176,
20260918-203652-4293920,nx1_bcs_125c_vce0.6v,bcs,hbt_bcs,125,1,0.6,0.81,1.476600e-03,12.817708,3.61957E+11,5.627840,7.750160,7.505344,-0.244816,
20260918-203652-4293920,nx1_bcs_125c_vce0.6v,bcs,hbt_bcs,125,1,0.6,0.83,1.938290e-03,16.825434,3.6641E+11,6.803060,7.337210,7.067199,-0.270011,
20260918-203652-4293920,nx1_bcs_125c_vce0.6v,bcs,hbt_bcs,125,1,0.6,0.85,2.466020e-03,21.406424,3.60543E+11,7.741740,7.026370,6.735640,-0.290730,
20260918-203652-4293920,nx1_bcs_125c_vce0.6v,bcs,hbt_bcs,125,1,0.6,0.87,3.052730e-03,26.499392,3.35994E+11,8.417230,6.799120,6.492207,-0.306913,ic_high
20260918-203652-4293920,nx1_bcs_125c_vce0.6v,bcs,hbt_bcs,125,1,0.6,0.89,3.675720e-03,31.907292,2.53396E+11,8.356190,6.711930,6.398563,-0.313367,ic_high
20260918-203652-4293920,nx1_bcs_125c_vce0.6v,bcs,hbt_bcs,125,1,0.6,0.91,4.264560e-03,37.018750,1.28739E+11,6.903630,6.884810,6.584106,-0.300704,ic_high
20260918-203652-4293920,nx1_bcs_125c_vce0.6v,bcs,hbt_bcs,125,1,0.6,0.93,4.783810e-03,41.526128,6.90838E+10,5.694480,7.059670,6.771236,-0.288434,ic_high
20260918-203652-4293920,nx1_bcs_125c_vce0.6v,bcs,hbt_bcs,125,1,0.6,0.95,5.277840e-03,45.814583,4.41461E+10,5.320560,7.070700,6.783022,-0.287678,ic_high
20260918-203652-4293920,nx1_bcs_125c_vce0.6v,bcs,hbt_bcs,125,1,0.6,0.97,5.779510e-03,50.169358,3.06544E+10,5.230810,7.039150,6.749303,-0.289847,ic_high;vbe_high
20260918-203652-4293920,nx1_bcs_125c_vce0.6v,bcs,hbt_bcs,125,1,0.6,0.99,6.293930e-03,54.634809,2.12758E+10,4.832860,7.126650,6.842777,-0.283873,ic_high;vbe_high
20260918-203652-4293920,nx1_bcs_125c_vce0.6v,bcs,hbt_bcs,125,1,0.6,1.01,6.801800e-03,59.043403,1.37983E+10,3.551750,7.524580,7.266316,-0.258264,ic_high;vbe_high
20260918-203652-4293920,nx1_bcs_125c_vce0.6v,bcs,hbt_bcs,125,1,0.6,1.03,7.268740e-03,63.096701,8.11098E+09,1.001130,8.520010,8.315913,-0.204097,ic_high;vbe_high
20260918-203652-4293920,nx1_bcs_125c_vce0.6v,bcs,hbt_bcs,125,1,0.6,1.05,7.663910e-03,66.526997,4.40151E+09,-2.758990,10.498000,10.369687,-0.128313,ic_high;vbe_high
20260918-203652-4293920,nx1_bcs_125c_vce0.8v,bcs,hbt_bcs,125,1,0.8,0.55,2.749680e-06,0.023869,3.40112E+09,-41.827200,49.083700,49.083682,-0.000018,vbe_low
20260918-203652-4293920,nx1_bcs_125c_vce0.8v,bcs,hbt_bcs,125,1,0.8,0.57,4.809620e-06,0.041750,5.87643E+09,-37.289000,44.552300,44.552250,-0.000050,vbe_low
20260918-203652-4293920,nx1_bcs_125c_vce0.8v,bcs,hbt_bcs,125,1,0.8,0.59,8.404570e-06,0.072956,1.01301E+10,-32.575200,39.851100,39.850953,-0.000147,vbe_low
20260918-203652-4293920,nx1_bcs_125c_vce0.8v,bcs,hbt_bcs,125,1,0.8,0.61,1.466150e-05,0.127270,1.73182E+10,-27.828400,35.127300,35.126865,-0.000435,vbe_low
20260918-203652-4293920,nx1_bcs_125c_vce0.8v,bcs,hbt_bcs,125,1,0.8,0.63,2.550080e-05,0.221361,2.91621E+10,-23.119700,30.462600,30.461325,-0.001275,vbe_low
20260918-203652-4293920,nx1_bcs_125c_vce0.8v,bcs,hbt_bcs,125,1,0.8,0.65,4.412770e-05,0.383053,4.82271E+10,-18.506400,25.934900,25.931283,-0.003617,
20260918-203652-4293920,nx1_bcs_125c_vce0.8v,bcs,hbt_bcs,125,1,0.8,0.67,7.571000e-05,0.657205,7.716E+10,-14.058100,21.655300,21.645603,-0.009697,
20260918-203652-4293920,nx1_bcs_125c_vce0.8v,bcs,hbt_bcs,125,1,0.8,0.69,1.281160e-04,1.112118,1.17574E+11,-9.866920,17.787300,17.763634,-0.023666,
20260918-203652-4293920,nx1_bcs_125c_vce0.8v,bcs,hbt_bcs,125,1,0.8,0.71,2.123030e-04,1.842908,1.69062E+11,-6.042250,14.528600,14.478328,-0.050272,
20260918-203652-4293920,nx1_bcs_125c_vce0.8v,bcs,hbt_bcs,125,1,0.8,0.73,3.416590e-04,2.965790,2.26462E+11,-2.686360,12.022500,11.932569,-0.089931,
20260918-203652-4293920,nx1_bcs_125c_vce0.8v,bcs,hbt_bcs,125,1,0.8,0.75,5.298700e-04,4.599566,2.81849E+11,0.141847,10.255000,10.119186,-0.135814,
20260918-203652-4293920,nx1_bcs_125c_vce0.8v,bcs,hbt_bcs,125,1,0.8,0.77,7.880580e-04,6.840781,3.28473E+11,2.448800,9.066570,8.887114,-0.179456,
20260918-203652-4293920,nx1_bcs_125c_vce0.8v,bcs,hbt_bcs,125,1,0.8,0.79,1.122810e-03,9.746615,3.64474E+11,4.295310,8.265660,8.048941,-0.216719,
20260918-203652-4293920,nx1_bcs_125c_vce0.8v,bcs,hbt_bcs,125,1,0.8,0.81,1.536050e-03,13.333767,3.88533E+11,5.765670,7.706470,7.459107,-0.247363,
20260918-203652-4293920,nx1_bcs_125c_vce0.8v,bcs,hbt_bcs,125,1,0.8,0.83,2.026130e-03,17.587934,3.99991E+11,6.941430,7.299030,7.026558,-0.272472,
20260918-203652-4293920,nx1_bcs_125c_vce0.8v,bcs,hbt_bcs,125,1,0.8,0.85,2.589200e-03,22.475694,3.95946E+11,7.889640,6.992060,6.698944,-0.293116,
20260918-203652-4293920,nx1_bcs_125c_vce0.8v,bcs,hbt_bcs,125,1,0.8,0.87,3.220340e-03,27.954340,3.78256E+11,8.661390,6.756480,6.446428,-0.310052,ic_high
20260918-203652-4293920,nx1_bcs_125c_vce0.8v,bcs,hbt_bcs,125,1,0.8,0.89,3.913950e-03,33.975260,3.47628E+11,9.285360,6.576450,6.252774,-0.323676,ic_high
20260918-203652-4293920,nx1_bcs_125c_vce0.8v,bcs,hbt_bcs,125,1,0.8,0.91,4.661010e-03,40.460156,2.94798E+11,9.675590,6.455640,6.122475,-0.333165,ic_high
20260918-203652-4293920,nx1_bcs_125c_vce0.8v,bcs,hbt_bcs,125,1,0.8,0.93,5.421350e-03,47.060330,1.80005E+11,9.088470,6.485350,6.154545,-0.330805,ic_high
20260918-203652-4293920,nx1_bcs_125c_vce0.8v,bcs,hbt_bcs,125,1,0.8,0.95,6.105100e-03,52.995660,8.66051E+10,7.572780,6.680730,6.365020,-0.315710,ic_high
20260918-203652-4293920,nx1_bcs_125c_vce0.8v,bcs,hbt_bcs,125,1,0.8,0.97,6.722170e-03,58.352170,5.09205E+10,6.755080,6.790690,6.483159,-0.307531,ic_high;vbe_high
20260918-203652-4293920,nx1_bcs_125c_vce0.8v,bcs,hbt_bcs,125,1,0.8,0.99,7.328080e-03,63.611806,3.49762E+10,6.509990,6.817220,6.511629,-0.305591,ic_high;vbe_high
20260918-203652-4293920,nx1_bcs_125c_vce0.8v,bcs,hbt_bcs,125,1,0.8,1.01,7.949280e-03,69.004167,2.58423E+10,6.378060,6.856270,6.553512,-0.302758,ic_high;vbe_high
20260918-203652-4293920,nx1_bcs_125c_vce0.8v,bcs,hbt_bcs,125,1,0.8,1.03,8.586320e-03,74.534028,1.9272E+10,5.915880,7.008630,6.716669,-0.291961,ic_high;vbe_high
20260918-203652-4293920,nx1_bcs_125c_vce0.8v,bcs,hbt_bcs,125,1,0.8,1.05,9.213660e-03,79.979688,1.34521E+10,4.577600,7.426600,7.162261,-0.264339,ic_high;vbe_high
20260918-203652-4293920,nx1_bcs_125c_vce1.0v,bcs,hbt_bcs,125,1,1.0,0.55,2.752880e-06,0.023897,3.4283E+09,-41.837400,49.093900,49.093883,-0.000017,vbe_low
20260918-203652-4293920,nx1_bcs_125c_vce1.0v,bcs,hbt_bcs,125,1,1.0,0.57,4.815950e-06,0.041805,5.92767E+09,-37.285300,44.548700,44.548650,-0.000050,vbe_low
20260918-203652-4293920,nx1_bcs_125c_vce1.0v,bcs,hbt_bcs,125,1,1.0,0.59,8.417870e-06,0.073072,1.02135E+10,-32.564800,39.840700,39.840553,-0.000147,vbe_low
20260918-203652-4293920,nx1_bcs_125c_vce1.0v,bcs,hbt_bcs,125,1,1.0,0.61,1.469130e-05,0.127529,1.748E+10,-27.812800,35.111900,35.111463,-0.000437,vbe_low
20260918-203652-4293920,nx1_bcs_125c_vce1.0v,bcs,hbt_bcs,125,1,1.0,0.63,2.557130e-05,0.221973,2.94406E+10,-23.098000,30.441200,30.439919,-0.001281,vbe_low
20260918-203652-4293920,nx1_bcs_125c_vce1.0v,bcs,hbt_bcs,125,1,1.0,0.65,4.430220e-05,0.384568,4.87947E+10,-18.476000,25.905400,25.901758,-0.003642,
20260918-203652-4293920,nx1_bcs_125c_vce1.0v,bcs,hbt_bcs,125,1,1.0,0.67,7.615010e-05,0.661025,7.81918E+10,-14.015100,21.614800,21.605012,-0.009788,
20260918-203652-4293920,nx1_bcs_125c_vce1.0v,bcs,hbt_bcs,125,1,1.0,0.69,1.292180e-04,1.121684,1.19474E+11,-9.806840,17.734100,17.710142,-0.023958,
20260918-203652-4293920,nx1_bcs_125c_vce1.0v,bcs,hbt_bcs,125,1,1.0,0.71,2.149610e-04,1.865981,1.7223E+11,-5.961480,14.464700,14.413679,-0.051021,
20260918-203652-4293920,nx1_bcs_125c_vce1.0v,bcs,hbt_bcs,125,1,1.0,0.73,3.476710e-04,3.017977,2.30836E+11,-2.584150,11.954400,11.863032,-0.091368,
20260918-203652-4293920,nx1_bcs_125c_vce1.0v,bcs,hbt_bcs,125,1,1.0,0.75,5.423700e-04,4.708073,2.87933E+11,0.262490,10.189900,10.052002,-0.137898,
20260918-203652-4293920,nx1_bcs_125c_vce1.0v,bcs,hbt_bcs,125,1,1.0,0.77,8.117320e-04,7.046285,3.36053E+11,2.582220,9.008300,8.826369,-0.181931,
20260918-203652-4293920,nx1_bcs_125c_vce1.0v,bcs,hbt_bcs,125,1,1.0,0.79,1.163770e-03,10.102170,3.73089E+11,4.435540,8.214600,7.995252,-0.219348,
20260918-203652-4293920,nx1_bcs_125c_vce1.0v,bcs,hbt_bcs,125,1,1.0,0.81,1.601450e-03,13.901476,3.99411E+11,5.908000,7.661870,7.411879,-0.249991,
20260918-203652-4293920,nx1_bcs_125c_vce1.0v,bcs,hbt_bcs,125,1,1.0,0.83,2.123730e-03,18.435156,4.12921E+11,7.082820,7.260490,6.985511,-0.274979,
20260918-203652-4293920,nx1_bcs_125c_vce1.0v,bcs,hbt_bcs,125,1,1.0,0.85,2.727060e-03,23.672396,4.14704E+11,8.028570,6.960020,6.664658,-0.295362,
20260918-203652-4293920,nx1_bcs_125c_vce1.0v,bcs,hbt_bcs,125,1,1.0,0.87,3.406550e-03,29.570747,4.01832E+11,8.797450,6.732190,6.420335,-0.311855,ic_high
20260918-203652-4293920,nx1_bcs_125c_vce1.0v,bcs,hbt_bcs,125,1,1.0,0.89,4.156770e-03,36.083073,3.68457E+11,9.427710,6.560660,6.235760,-0.324900,ic_high
20260918-203652-4293920,nx1_bcs_125c_vce1.0v,bcs,hbt_bcs,125,1,1.0,0.91,4.972130e-03,43.160851,3.24398E+11,9.945550,6.435800,6.101049,-0.334751,ic_high
20260918-203652-4293920,nx1_bcs_125c_vce1.0v,bcs,hbt_bcs,125,1,1.0,0.93,5.845540e-03,50.742535,2.66196E+11,10.323500,6.357010,6.015883,-0.341127,ic_high
20260918-203652-4293920,nx1_bcs_125c_vce1.0v,bcs,hbt_bcs,125,1,1.0,0.95,6.747020e-03,58.567882,1.72752E+11,10.040700,6.380540,6.041330,-0.339210,ic_high
20260918-203652-4293920,nx1_bcs_125c_vce1.0v,bcs,hbt_bcs,125,1,1.0,0.97,7.574690e-03,65.752517,8.43683E+10,8.642720,6.567760,6.243411,-0.324349,ic_high;vbe_high
20260918-203652-4293920,nx1_bcs_125c_vce1.0v,bcs,hbt_bcs,125,1,1.0,0.99,8.314930e-03,72.178212,4.96132E+10,7.711510,6.719650,6.406860,-0.312790,ic_high;vbe_high
20260918-203652-4293920,nx1_bcs_125c_vce1.0v,bcs,hbt_bcs,125,1,1.0,1.01,9.031820e-03,78.401215,3.4488E+10,7.328610,6.815620,6.509913,-0.305707,ic_high;vbe_high
20260918-203652-4293920,nx1_bcs_125c_vce1.0v,bcs,hbt_bcs,125,1,1.0,1.03,9.759630e-03,84.719010,2.62183E+10,7.125050,6.920570,6.622418,-0.298152,ic_high;vbe_high
20260918-203652-4293920,nx1_bcs_125c_vce1.0v,bcs,hbt_bcs,125,1,1.0,1.05,1.050590e-02,91.197049,2.0698E+10,6.786330,7.094530,6.808479,-0.286051,ic_high;vbe_high
20260918-203652-4293920,nx1_bcs_125c_vce1.2v,bcs,hbt_bcs,125,1,1.2,0.55,2.756750e-06,0.023930,3.45042E+09,-41.841300,49.097800,49.097783,-0.000017,vbe_low
20260918-203652-4293920,nx1_bcs_125c_vce1.2v,bcs,hbt_bcs,125,1,1.2,0.57,4.823280e-06,0.041869,5.96899E+09,-37.278600,44.542000,44.541950,-0.000050,vbe_low
20260918-203652-4293920,nx1_bcs_125c_vce1.2v,bcs,hbt_bcs,125,1,1.2,0.59,8.432660e-06,0.073200,1.02805E+10,-32.552600,39.828600,39.828452,-0.000148,vbe_low
20260918-203652-4293920,nx1_bcs_125c_vce1.2v,bcs,hbt_bcs,125,1,1.2,0.61,1.472330e-05,0.127806,1.76096E+10,-27.796200,35.095400,35.094961,-0.000439,vbe_low
20260918-203652-4293920,nx1_bcs_125c_vce1.2v,bcs,hbt_bcs,125,1,1.2,0.63,2.564530e-05,0.222615,2.97006E+10,-23.075600,30.419100,30.417812,-0.001288,vbe_low
20260918-203652-4293920,nx1_bcs_125c_vce1.2v,bcs,hbt_bcs,125,1,1.2,0.65,4.448260e-05,0.386134,4.92537E+10,-18.445000,25.875100,25.871433,-0.003667,
20260918-203652-4293920,nx1_bcs_125c_vce1.2v,bcs,hbt_bcs,125,1,1.2,0.67,7.660250e-05,0.664952,7.90347E+10,-13.971400,21.573500,21.563619,-0.009881,
20260918-203652-4293920,nx1_bcs_125c_vce1.2v,bcs,hbt_bcs,125,1,1.2,0.69,1.303520e-04,1.131528,1.21077E+11,-9.745770,17.680000,17.655740,-0.024260,
20260918-203652-4293920,nx1_bcs_125c_vce1.2v,bcs,hbt_bcs,125,1,1.2,0.71,2.177160e-04,1.889896,1.74849E+11,-5.879220,14.399700,14.347905,-0.051795,
20260918-203652-4293920,nx1_bcs_125c_vce1.2v,bcs,hbt_bcs,125,1,1.2,0.73,3.539740e-04,3.072691,2.34434E+11,-2.479650,11.885200,11.792349,-0.092851,
20260918-203652-4293920,nx1_bcs_125c_vce1.2v,bcs,hbt_bcs,125,1,1.2,0.75,5.556530e-04,4.823377,2.92837E+11,0.386390,10.123700,9.983649,-0.140051,
20260918-203652-4293920,nx1_bcs_125c_vce1.2v,bcs,hbt_bcs,125,1,1.2,0.77,8.372590e-04,7.267873,3.42719E+11,2.719990,8.948810,8.764316,-0.184494,
20260918-203652-4293920,nx1_bcs_125c_vce1.2v,bcs,hbt_bcs,125,1,1.2,0.79,1.208570e-03,10.491059,3.80353E+11,4.581230,8.162250,7.940173,-0.222077,
20260918-203652-4293920,nx1_bcs_125c_vce1.2v,bcs,hbt_bcs,125,1,1.2,0.81,1.673940e-03,14.530729,4.06458E+11,6.056780,7.616010,7.363286,-0.252724,
20260918-203652-4293920,nx1_bcs_125c_vce1.2v,bcs,hbt_bcs,125,1,1.2,0.83,2.233240e-03,19.385764,4.19438E+11,7.231260,7.221060,6.943491,-0.277569,
20260918-203652-4293920,nx1_bcs_125c_vce1.2v,bcs,hbt_bcs,125,1,1.2,0.85,2.883420e-03,25.029687,4.20584E+11,8.174410,6.928000,6.630376,-0.297624,
20260918-203652-4293920,nx1_bcs_125c_vce1.2v,bcs,hbt_bcs,125,1,1.2,0.87,3.619840e-03,31.422222,4.08234E+11,8.939350,6.709600,6.396059,-0.313541,ic_high
20260918-203652-4293920,nx1_bcs_125c_vce1.2v,bcs,hbt_bcs,125,1,1.2,0.89,4.437090e-03,38.516406,3.78276E+11,9.565070,6.550480,6.224788,-0.325692,ic_high
20260918-203652-4293920,nx1_bcs_125c_vce1.2v,bcs,hbt_bcs,125,1,1.2,0.91,5.329510e-03,46.263108,3.26721E+11,10.078800,6.441850,6.107583,-0.334267,ic_high
20260918-203652-4293920,nx1_bcs_125c_vce1.2v,bcs,hbt_bcs,125,1,1.2,0.93,6.291240e-03,54.611458,2.67286E+11,10.498900,6.378860,6.039514,-0.339346,ic_high
20260918-203652-4293920,nx1_bcs_125c_vce1.2v,bcs,hbt_bcs,125,1,1.2,0.95,7.314150e-03,63.490885,2.05162E+11,10.783300,6.364740,6.024244,-0.340496,ic_high
20260918-203652-4293920,nx1_bcs_125c_vce1.2v,bcs,hbt_bcs,125,1,1.2,0.97,8.354180e-03,72.518924,1.22718E+11,10.302100,6.463400,6.130853,-0.332547,ic_high;vbe_high
20260918-203652-4293920,nx1_bcs_125c_vce1.2v,bcs,hbt_bcs,125,1,1.2,0.99,9.292490e-03,80.663976,6.45092E+10,8.984770,6.683970,6.368504,-0.315466,ic_high;vbe_high
20260918-203652-4293920,nx1_bcs_125c_vce1.2v,bcs,hbt_bcs,125,1,1.2,1.01,1.014480e-02,88.062500,4.11802E+10,8.179900,6.871600,6.569947,-0.301653,ic_high;vbe_high
20260918-203652-4293920,nx1_bcs_125c_vce1.2v,bcs,hbt_bcs,125,1,1.2,1.03,1.097730e-02,95.289063,3.01657E+10,7.764700,7.043840,6.754317,-0.289523,ic_high;vbe_high
20260918-203652-4293920,nx1_bcs_125c_vce1.2v,bcs,hbt_bcs,125,1,1.2,1.05,1.181950e-02,102.599826,2.3743E+10,7.450430,7.246460,6.970562,-0.275898,ic_high;vbe_high
20260918-203652-4293920,nx1_bcs_125c_vce1.4v,bcs,hbt_bcs,125,1,1.4,0.55,2.763050e-06,0.023985,4.4712E+09,-41.836300,49.092800,49.092783,-0.000017,vbe_low
20260918-203652-4293920,nx1_bcs_125c_vce1.4v,bcs,hbt_bcs,125,1,1.4,0.57,4.834500e-06,0.041966,,-37.265200,44.528600,44.528550,-0.000050,vbe_low
20260918-203652-4293920,nx1_bcs_125c_vce1.4v,bcs,hbt_bcs,125,1,1.4,0.59,8.453630e-06,0.073382,,-32.534900,39.810900,39.810752,-0.000148,vbe_low
20260918-203652-4293920,nx1_bcs_125c_vce1.4v,bcs,hbt_bcs,125,1,1.4,0.61,1.476510e-05,0.128169,1.77283E+10,-27.774600,35.073900,35.073459,-0.000441,vbe_low
20260918-203652-4293920,nx1_bcs_125c_vce1.4v,bcs,hbt_bcs,125,1,1.4,0.63,2.573520e-05,0.223396,2.99369E+10,-23.048600,30.392400,30.391104,-0.001296,vbe_low
20260918-203652-4293920,nx1_bcs_125c_vce1.4v,bcs,hbt_bcs,125,1,1.4,0.65,4.468940e-05,0.387929,4.96699E+10,-18.409600,25.840600,25.836903,-0.003697,
20260918-203652-4293920,nx1_bcs_125c_vce1.4v,bcs,hbt_bcs,125,1,1.4,0.67,7.710140e-05,0.669283,7.97994E+10,-13.923400,21.528000,21.518014,-0.009986,
20260918-203652-4293920,nx1_bcs_125c_vce1.4v,bcs,hbt_bcs,125,1,1.4,0.69,1.315760e-04,1.142153,1.22532E+11,-9.680280,17.621700,17.597112,-0.024588,
20260918-203652-4293920,nx1_bcs_125c_vce1.4v,bcs,hbt_bcs,125,1,1.4,0.71,2.206650e-04,1.915495,1.77221E+11,-5.792400,14.330800,14.278172,-0.052628,
20260918-203652-4293920,nx1_bcs_125c_vce1.4v,bcs,hbt_bcs,125,1,1.4,0.73,3.607290e-04,3.131328,2.38049E+11,-2.370670,11.812800,11.718371,-0.094429,
20260918-203652-4293920,nx1_bcs_125c_vce1.4v,bcs,hbt_bcs,125,1,1.4,0.75,5.699930e-04,4.947856,2.972E+11,0.514359,10.055300,9.912989,-0.142311,
20260918-203652-4293920,nx1_bcs_125c_vce1.4v,bcs,hbt_bcs,125,1,1.4,0.77,8.651030e-04,7.509575,3.48472E+11,2.861340,8.888000,8.700847,-0.187153,
20260918-203652-4293920,nx1_bcs_125c_vce1.4v,bcs,hbt_bcs,125,1,1.4,0.79,1.258030e-03,10.920399,3.86594E+11,4.730760,8.108860,7.883964,-0.224896,
20260918-203652-4293920,nx1_bcs_125c_vce1.4v,bcs,hbt_bcs,125,1,1.4,0.81,1.754990e-03,15.234288,4.11909E+11,6.210880,7.569130,7.313581,-0.255549,
20260918-203652-4293920,nx1_bcs_125c_vce1.4v,bcs,hbt_bcs,125,1,1.4,0.83,2.357290e-03,20.462587,4.24389E+11,7.387110,7.180860,6.900625,-0.280235,
20260918-203652-4293920,nx1_bcs_125c_vce1.4v,bcs,hbt_bcs,125,1,1.4,0.85,3.062840e-03,26.587153,4.23178E+11,8.329100,6.896240,6.596354,-0.299886,ic_high
20260918-203652-4293920,nx1_bcs_125c_vce1.4v,bcs,hbt_bcs,125,1,1.4,0.87,3.867510e-03,33.572135,4.0672E+11,9.090180,6.689460,6.374407,-0.315053,ic_high
20260918-203652-4293920,nx1_bcs_125c_vce1.4v,bcs,hbt_bcs,125,1,1.4,0.89,4.766150e-03,41.372830,3.72237E+11,9.709920,6.546430,6.220423,-0.326007,ic_high
20260918-203652-4293920,nx1_bcs_125c_vce1.4v,bcs,hbt_bcs,125,1,1.4,0.91,5.753110e-03,49.940191,3.23695E+11,10.216400,6.459730,6.126891,-0.332839,ic_high
20260918-203652-4293920,nx1_bcs_125c_vce1.4v,bcs,hbt_bcs,125,1,1.4,0.93,6.822240e-03,59.220833,2.53756E+11,10.625900,6.426260,6.090744,-0.335516,ic_high
20260918-203652-4293920,nx1_bcs_125c_vce1.4v,bcs,hbt_bcs,125,1,1.4,0.95,7.966290e-03,69.151823,1.85539E+11,10.942900,6.445890,6.111946,-0.333944,ic_high
20260918-203652-4293920,nx1_bcs_125c_vce1.4v,bcs,hbt_bcs,125,1,1.4,0.97,9.167100e-03,79.575521,1.23264E+11,10.981500,6.537170,6.210440,-0.326730,ic_high;vbe_high
20260918-203652-4293920,nx1_bcs_125c_vce1.4v,bcs,hbt_bcs,125,1,1.4,0.99,1.031800e-02,89.565972,6.85879E+10,9.924210,6.774730,6.466026,-0.308704,ic_high;vbe_high
20260918-203652-4293920,nx1_bcs_125c_vce1.4v,bcs,hbt_bcs,125,1,1.4,1.01,1.133620e-02,98.404514,4.21031E+10,8.831820,7.047240,6.757951,-0.289289,ic_high;vbe_high
20260918-203652-4293920,nx1_bcs_125c_vce1.4v,bcs,hbt_bcs,125,1,1.4,1.03,1.229620e-02,106.737847,2.97079E+10,8.165050,7.309290,7.037482,-0.271808,ic_high;vbe_high
20260918-203652-4293920,nx1_bcs_125c_vce1.4v,bcs,hbt_bcs,125,1,1.4,1.05,1.324850e-02,115.004340,2.25492E+10,7.635640,7.600470,7.346813,-0.253657,ic_high;vbe_high
20260918-203652-4293920,nx1_wcs_-40c_vce0.6v,wcs,hbt_wcs,-40,1,0.6,0.55,2.815120e-11,0.000000,,-50.507900,55.431400,55.431403,0.000003,vbe_low
20260918-203652-4293920,nx1_wcs_-40c_vce0.6v,wcs,hbt_wcs,-40,1,0.6,0.57,7.519780e-11,0.000001,,-50.488100,55.411500,55.411503,0.000003,vbe_low
20260918-203652-4293920,nx1_wcs_-40c_vce0.6v,wcs,hbt_wcs,-40,1,0.6,0.59,2.010750e-10,0.000002,,-50.467700,55.391100,55.391103,0.000003,vbe_low
20260918-203652-4293920,nx1_wcs_-40c_vce0.6v,wcs,hbt_wcs,-40,1,0.6,0.61,5.378090e-10,0.000005,,-50.446700,55.370100,55.370103,0.000003,vbe_low
20260918-203652-4293920,nx1_wcs_-40c_vce0.6v,wcs,hbt_wcs,-40,1,0.6,0.63,1.438540e-09,0.000012,2.41555E+06,-50.424900,55.348400,55.348403,0.000003,vbe_low
20260918-203652-4293920,nx1_wcs_-40c_vce0.6v,wcs,hbt_wcs,-40,1,0.6,0.65,3.847810e-09,0.000033,6.41524E+06,-50.402300,55.325800,55.325803,0.000003,
20260918-203652-4293920,nx1_wcs_-40c_vce0.6v,wcs,hbt_wcs,-40,1,0.6,0.67,1.029190e-08,0.000089,1.70822E+07,-50.377700,55.301200,55.301203,0.000003,
20260918-203652-4293920,nx1_wcs_-40c_vce0.6v,wcs,hbt_wcs,-40,1,0.6,0.69,2.752710e-08,0.000239,4.5302E+07,-50.345000,55.268600,55.268603,0.000003,
20260918-203652-4293920,nx1_wcs_-40c_vce0.6v,wcs,hbt_wcs,-40,1,0.6,0.71,7.361960e-08,0.000639,1.20551E+08,-50.264100,55.188000,55.188003,0.000003,
20260918-203652-4293920,nx1_wcs_-40c_vce0.6v,wcs,hbt_wcs,-40,1,0.6,0.73,1.968580e-07,0.001709,3.19474E+08,-49.874600,54.799100,54.799103,0.000003,
20260918-203652-4293920,nx1_wcs_-40c_vce0.6v,wcs,hbt_wcs,-40,1,0.6,0.75,5.261710e-07,0.004567,8.47102E+08,-47.916900,52.843200,52.843205,0.000005,
20260918-203652-4293920,nx1_wcs_-40c_vce0.6v,wcs,hbt_wcs,-40,1,0.6,0.77,1.404820e-06,0.012195,2.23659E+09,-42.432400,47.363700,47.363718,0.000018,
20260918-203652-4293920,nx1_wcs_-40c_vce0.6v,wcs,hbt_wcs,-40,1,0.6,0.79,3.739700e-06,0.032463,5.85435E+09,-34.653800,39.599200,39.599306,0.000106,
20260918-203652-4293920,nx1_wcs_-40c_vce0.6v,wcs,hbt_wcs,-40,1,0.6,0.81,9.878720e-06,0.085753,1.51018E+10,-26.452100,31.440400,31.441096,0.000696,
20260918-203652-4293920,nx1_wcs_-40c_vce0.6v,wcs,hbt_wcs,-40,1,0.6,0.83,2.558840e-05,0.222122,3.7214E+10,-18.516600,23.647300,23.651484,0.004184,
20260918-203652-4293920,nx1_wcs_-40c_vce0.6v,wcs,hbt_wcs,-40,1,0.6,0.85,6.332710e-05,0.549714,8.33156E+10,-11.356000,16.947500,16.967034,0.019534,
20260918-203652-4293920,nx1_wcs_-40c_vce0.6v,wcs,hbt_wcs,-40,1,0.6,0.87,1.434850e-04,1.245530,1.57056E+11,-5.577330,12.261600,12.318813,0.057213,
20260918-203652-4293920,nx1_wcs_-40c_vce0.6v,wcs,hbt_wcs,-40,1,0.6,0.89,2.857630e-04,2.480582,2.36851E+11,-1.517290,9.731590,9.833509,0.101919,
20260918-203652-4293920,nx1_wcs_-40c_vce0.6v,wcs,hbt_wcs,-40,1,0.6,0.91,4.956000e-04,4.302083,2.99550E+11,1.067570,8.517420,8.651711,0.134291,
20260918-203652-4293920,nx1_wcs_-40c_vce0.6v,wcs,hbt_wcs,-40,1,0.6,0.93,7.644260e-04,6.635642,3.40036E+11,2.683310,7.890740,8.045509,0.154769,
20260918-203652-4293920,nx1_wcs_-40c_vce0.6v,wcs,hbt_wcs,-40,1,0.6,0.95,1.079720e-03,9.372569,3.63484E+11,3.732620,7.518090,7.686461,0.168371,
20260918-203652-4293920,nx1_wcs_-40c_vce0.6v,wcs,hbt_wcs,-40,1,0.6,0.97,1.430820e-03,12.420312,3.74095E+11,4.453830,7.267490,7.445659,0.178169,vbe_high
20260918-203652-4293920,nx1_wcs_-40c_vce0.6v,wcs,hbt_wcs,-40,1,0.6,0.99,1.810020e-03,15.711979,3.76829E+11,4.977480,7.083930,7.269629,0.185699,vbe_high
20260918-203652-4293920,nx1_wcs_-40c_vce0.6v,wcs,hbt_wcs,-40,1,0.6,1.01,2.211900e-03,19.200521,3.72997E+11,5.375520,6.942000,7.133734,0.191734,vbe_high
20260918-203652-4293920,nx1_wcs_-40c_vce0.6v,wcs,hbt_wcs,-40,1,0.6,1.03,2.632560e-03,22.852083,3.63279E+11,5.680570,6.830500,7.027109,0.196609,vbe_high
20260918-203652-4293920,nx1_wcs_-40c_vce0.6v,wcs,hbt_wcs,-40,1,0.6,1.05,3.066170e-03,26.616059,3.00619E+11,5.693440,6.789920,6.988333,0.198413,ic_high;vbe_high
20260918-203652-4293920,nx1_wcs_-40c_vce0.8v,wcs,hbt_wcs,-40,1,0.8,0.55,2.837760e-11,0.000000,,-50.680300,55.603800,55.603803,0.000003,vbe_low
20260918-203652-4293920,nx1_wcs_-40c_vce0.8v,wcs,hbt_wcs,-40,1,0.8,0.57,7.546840e-11,0.000001,,-50.664800,55.588300,55.588303,0.000003,vbe_low
20260918-203652-4293920,nx1_wcs_-40c_vce0.8v,wcs,hbt_wcs,-40,1,0.8,0.59,2.014630e-10,0.000002,,-50.649000,55.572500,55.572503,0.000003,vbe_low
20260918-203652-4293920,nx1_wcs_-40c_vce0.8v,wcs,hbt_wcs,-40,1,0.8,0.61,5.385120e-10,0.000005,,-50.632800,55.556300,55.556303,0.000003,vbe_low
20260918-203652-4293920,nx1_wcs_-40c_vce0.8v,wcs,hbt_wcs,-40,1,0.8,0.63,1.440080e-09,0.000013,2.43236E+06,-50.616200,55.539700,55.539703,0.000003,vbe_low
20260918-203652-4293920,nx1_wcs_-40c_vce0.8v,wcs,hbt_wcs,-40,1,0.8,0.65,3.851600e-09,0.000033,6.46499E+06,-50.598900,55.522400,55.522403,0.000003,
20260918-203652-4293920,nx1_wcs_-40c_vce0.8v,wcs,hbt_wcs,-40,1,0.8,0.67,1.030170e-08,0.000089,1.72082E+07,-50.579800,55.503400,55.503403,0.000003,
20260918-203652-4293920,nx1_wcs_-40c_vce0.8v,wcs,hbt_wcs,-40,1,0.8,0.69,2.755310e-08,0.000239,4.56611E+07,-50.552700,55.476300,55.476303,0.000003,
20260918-203652-4293920,nx1_wcs_-40c_vce0.8v,wcs,hbt_wcs,-40,1,0.8,0.71,7.368910e-08,0.000640,1.21498E+08,-50.475400,55.399200,55.399203,0.000003,
20260918-203652-4293920,nx1_wcs_-40c_vce0.8v,wcs,hbt_wcs,-40,1,0.8,0.73,1.970470e-07,0.001710,3.21896E+08,-50.074100,54.998700,54.998703,0.000003,
20260918-203652-4293920,nx1_wcs_-40c_vce0.8v,wcs,hbt_wcs,-40,1,0.8,0.75,5.267020e-07,0.004572,8.54303E+08,-48.045000,52.971400,52.971405,0.000005,
20260918-203652-4293920,nx1_wcs_-40c_vce0.8v,wcs,hbt_wcs,-40,1,0.8,0.77,1.406410e-06,0.012208,2.25525E+09,-42.463000,47.394300,47.394318,0.000018,
20260918-203652-4293920,nx1_wcs_-40c_vce0.8v,wcs,hbt_wcs,-40,1,0.8,0.79,3.745050e-06,0.032509,5.91187E+09,-34.649000,39.594400,39.594506,0.000106,
20260918-203652-4293920,nx1_wcs_-40c_vce0.8v,wcs,hbt_wcs,-40,1,0.8,0.81,9.899880e-06,0.085936,1.52612E+10,-26.436000,31.424500,31.425198,0.000698,
20260918-203652-4293920,nx1_wcs_-40c_vce0.8v,wcs,hbt_wcs,-40,1,0.8,0.83,2.568430e-05,0.222954,3.76968E+10,-18.488300,23.620000,23.624210,0.004210,
20260918-203652-4293920,nx1_wcs_-40c_vce0.8v,wcs,hbt_wcs,-40,1,0.8,0.85,6.376710e-05,0.553534,8.47057E+10,-11.308700,16.905700,16.925423,0.019723,
20260918-203652-4293920,nx1_wcs_-40c_vce0.8v,wcs,hbt_wcs,-40,1,0.8,0.87,1.452080e-04,1.260486,1.60134E+11,-5.509100,12.213600,12.271445,0.057845,
20260918-203652-4293920,nx1_wcs_-40c_vce0.8v,wcs,hbt_wcs,-40,1,0.8,0.89,2.908730e-04,2.524939,2.42828E+11,-1.438280,9.690430,9.793308,0.102878,
20260918-203652-4293920,nx1_wcs_-40c_vce0.8v,wcs,hbt_wcs,-40,1,0.8,0.91,5.070480e-04,4.401458,3.07769E+11,1.145360,8.484890,8.620175,0.135285,
20260918-203652-4293920,nx1_wcs_-40c_vce0.8v,wcs,hbt_wcs,-40,1,0.8,0.93,7.851630e-04,6.815651,3.49852E+11,2.755480,7.862860,8.018609,0.155749,
20260918-203652-4293920,nx1_wcs_-40c_vce0.8v,wcs,hbt_wcs,-40,1,0.8,0.95,1.112330e-03,9.655642,3.73827E+11,3.800320,7.491530,7.660913,0.169383,
20260918-203652-4293920,nx1_wcs_-40c_vce0.8v,wcs,hbt_wcs,-40,1,0.8,0.97,1.477580e-03,12.826215,3.88164E+11,4.519900,7.240410,7.419671,0.179261,vbe_high
20260918-203652-4293920,nx1_wcs_-40c_vce0.8v,wcs,hbt_wcs,-40,1,0.8,0.99,1.873000e-03,16.258681,3.93896E+11,5.044670,7.055510,7.242402,0.186892,vbe_high
20260918-203652-4293920,nx1_wcs_-40c_vce0.8v,wcs,hbt_wcs,-40,1,0.8,1.01,2.293130e-03,19.905642,3.93069E+11,5.446300,6.912010,7.105043,0.193033,vbe_high
20260918-203652-4293920,nx1_wcs_-40c_vce0.8v,wcs,hbt_wcs,-40,1,0.8,1.03,2.734090e-03,23.733420,3.85715E+11,5.765900,6.797150,6.995240,0.198090,vbe_high
20260918-203652-4293920,nx1_wcs_-40c_vce0.8v,wcs,hbt_wcs,-40,1,0.8,1.05,3.193120e-03,27.718056,3.72924E+11,6.028200,6.703770,6.906067,0.202297,ic_high;vbe_high
20260918-203652-4293920,nx1_wcs_-40c_vce1.0v,wcs,hbt_wcs,-40,1,1.0,0.55,2.860470e-11,0.000000,,-50.818500,55.742000,55.742003,0.000003,vbe_low
20260918-203652-4293920,nx1_wcs_-40c_vce1.0v,wcs,hbt_wcs,-40,1,1.0,0.57,7.574010e-11,0.000001,,-50.805900,55.729300,55.729303,0.000003,vbe_low
20260918-203652-4293920,nx1_wcs_-40c_vce1.0v,wcs,hbt_wcs,-40,1,1.0,0.59,2.018530e-10,0.000002,,-50.793000,55.716400,55.716403,0.000003,vbe_low
20260918-203652-4293920,nx1_wcs_-40c_vce1.0v,wcs,hbt_wcs,-40,1,1.0,0.61,5.392170e-10,0.000005,,-50.779800,55.703300,55.703303,0.000003,vbe_low
20260918-203652-4293920,nx1_wcs_-40c_vce1.0v,wcs,hbt_wcs,-40,1,1.0,0.63,1.441620e-09,0.000013,2.44591E+06,-50.766300,55.689800,55.689803,0.000003,vbe_low
20260918-203652-4293920,nx1_wcs_-40c_vce1.0v,wcs,hbt_wcs,-40,1,1.0,0.65,3.855370e-09,0.000033,6.5047E+06,-50.752300,55.675800,55.675803,0.000003,
20260918-203652-4293920,nx1_wcs_-40c_vce1.0v,wcs,hbt_wcs,-40,1,1.0,0.67,1.031140e-08,0.000090,1.73082E+07,-50.736700,55.660200,55.660203,0.000003,
20260918-203652-4293920,nx1_wcs_-40c_vce1.0v,wcs,hbt_wcs,-40,1,1.0,0.69,2.757860e-08,0.000239,4.59552E+07,-50.712800,55.636500,55.636503,0.000003,
20260918-203652-4293920,nx1_wcs_-40c_vce1.0v,wcs,hbt_wcs,-40,1,1.0,0.71,7.375750e-08,0.000640,1.2224E+08,-50.637000,55.560800,55.560803,0.000003,
20260918-203652-4293920,nx1_wcs_-40c_vce1.0v,wcs,hbt_wcs,-40,1,1.0,0.73,1.972330e-07,0.001712,3.23783E+08,-50.224900,55.149500,55.149503,0.000003,
20260918-203652-4293920,nx1_wcs_-40c_vce1.0v,wcs,hbt_wcs,-40,1,1.0,0.75,5.272220e-07,0.004577,8.59864E+08,-48.138700,53.065100,53.065105,0.000005,
20260918-203652-4293920,nx1_wcs_-40c_vce1.0v,wcs,hbt_wcs,-40,1,1.0,0.77,1.407960e-06,0.012222,2.2696E+09,-42.482800,47.414100,47.414118,0.000018,
20260918-203652-4293920,nx1_wcs_-40c_vce1.0v,wcs,hbt_wcs,-40,1,1.0,0.79,3.750310e-06,0.032555,5.95604E+09,-34.642400,39.587800,39.587907,0.000107,
20260918-203652-4293920,nx1_wcs_-40c_vce1.0v,wcs,hbt_wcs,-40,1,1.0,0.81,9.920860e-06,0.086119,1.53848E+10,-26.419800,31.408400,31.409101,0.000701,
20260918-203652-4293920,nx1_wcs_-40c_vce1.0v,wcs,hbt_wcs,-40,1,1.0,0.83,2.578040e-05,0.223788,3.80776E+10,-18.460100,23.592800,23.597037,0.004237,
20260918-203652-4293920,nx1_wcs_-40c_vce1.0v,wcs,hbt_wcs,-40,1,1.0,0.85,6.421310e-05,0.557405,8.58258E+10,-11.261100,16.863800,16.883713,0.019913,
20260918-203652-4293920,nx1_wcs_-40c_vce1.0v,wcs,hbt_wcs,-40,1,1.0,0.87,1.469790e-04,1.275859,1.62627E+11,-5.439990,12.165000,12.223492,0.058492,
20260918-203652-4293920,nx1_wcs_-40c_vce1.0v,wcs,hbt_wcs,-40,1,1.0,0.89,2.962060e-04,2.571233,2.47539E+11,-1.357840,9.648790,9.752648,0.103858,
20260918-203652-4293920,nx1_wcs_-40c_vce1.0v,wcs,hbt_wcs,-40,1,1.0,0.91,5.191360e-04,4.506389,3.13943E+11,1.224850,8.451810,8.588113,0.136303,
20260918-203652-4293920,nx1_wcs_-40c_vce1.0v,wcs,hbt_wcs,-40,1,1.0,0.93,8.072250e-04,7.007161,3.56757E+11,2.829430,7.834330,7.991087,0.156757,
20260918-203652-4293920,nx1_wcs_-40c_vce1.0v,wcs,hbt_wcs,-40,1,1.0,0.95,1.147300e-03,9.959201,3.81772E+11,3.870130,7.464180,7.634613,0.170433,
20260918-203652-4293920,nx1_wcs_-40c_vce1.0v,wcs,hbt_wcs,-40,1,1.0,0.97,1.528010e-03,13.263976,3.96289E+11,4.588340,7.212530,7.392922,0.180392,vbe_high
20260918-203652-4293920,nx1_wcs_-40c_vce1.0v,wcs,hbt_wcs,-40,1,1.0,0.99,1.941290e-03,16.851476,4.02457E+11,5.114440,7.026450,7.214570,0.188120,vbe_high
20260918-203652-4293920,nx1_wcs_-40c_vce1.0v,wcs,hbt_wcs,-40,1,1.0,1.01,2.381600e-03,20.673611,4.02629E+11,5.519420,6.881810,7.076161,0.194351,vbe_high
20260918-203652-4293920,nx1_wcs_-40c_vce1.0v,wcs,hbt_wcs,-40,1,1.0,1.03,2.844900e-03,24.695312,3.97508E+11,5.844010,6.766250,6.965723,0.199473,vbe_high
20260918-203652-4293920,nx1_wcs_-40c_vce1.0v,wcs,hbt_wcs,-40,1,1.0,1.05,3.328790e-03,28.895747,3.86762E+11,6.112320,6.673000,6.876702,0.203702,ic_high;vbe_high
20260918-203652-4293920,nx1_wcs_-40c_vce1.2v,wcs,hbt_wcs,-40,1,1.2,0.55,2.883620e-11,0.000000,,-50.933700,55.857200,55.857203,0.000003,vbe_low
20260918-203652-4293920,nx1_wcs_-40c_vce1.2v,wcs,hbt_wcs,-40,1,1.2,0.57,7.602220e-11,0.000001,,-50.923100,55.846500,55.846503,0.000003,vbe_low
20260918-203652-4293920,nx1_wcs_-40c_vce1.2v,wcs,hbt_wcs,-40,1,1.2,0.59,2.022680e-10,0.000002,,-50.912200,55.835700,55.835703,0.000003,vbe_low
20260918-203652-4293920,nx1_wcs_-40c_vce1.2v,wcs,hbt_wcs,-40,1,1.2,0.61,5.399770e-10,0.000005,,-50.901100,55.824600,55.824603,0.000003,vbe_low
20260918-203652-4293920,nx1_wcs_-40c_vce1.2v,wcs,hbt_wcs,-40,1,1.2,0.63,1.443290e-09,0.000013,2.45753E+06,-50.889800,55.813300,55.813303,0.000003,vbe_low
20260918-203652-4293920,nx1_wcs_-40c_vce1.2v,wcs,hbt_wcs,-40,1,1.2,0.65,3.859420e-09,0.000034,6.5385E+06,-50.878000,55.801500,55.801503,0.000003,
20260918-203652-4293920,nx1_wcs_-40c_vce1.2v,wcs,hbt_wcs,-40,1,1.2,0.67,1.032180e-08,0.000090,1.73929E+07,-50.864700,55.788200,55.788203,0.000003,
20260918-203652-4293920,nx1_wcs_-40c_vce1.2v,wcs,hbt_wcs,-40,1,1.2,0.69,2.760560e-08,0.000240,4.62023E+07,-50.842900,55.766600,55.766603,0.000003,
20260918-203652-4293920,nx1_wcs_-40c_vce1.2v,wcs,hbt_wcs,-40,1,1.2,0.71,7.382890e-08,0.000641,1.2286E+08,-50.767600,55.691500,55.691503,0.000003,
20260918-203652-4293920,nx1_wcs_-40c_vce1.2v,wcs,hbt_wcs,-40,1,1.2,0.73,1.974250e-07,0.001714,3.25571E+08,-50.345700,55.270300,55.270303,0.000003,
20260918-203652-4293920,nx1_wcs_-40c_vce1.2v,wcs,hbt_wcs,-40,1,1.2,0.75,5.277560e-07,0.004581,8.64466E+08,-48.211700,53.138100,53.138105,0.000005,
20260918-203652-4293920,nx1_wcs_-40c_vce1.2v,wcs,hbt_wcs,-40,1,1.2,0.77,1.409550e-06,0.012236,2.28146E+09,-42.496100,47.427500,47.427518,0.000018,
20260918-203652-4293920,nx1_wcs_-40c_vce1.2v,wcs,hbt_wcs,-40,1,1.2,0.79,3.755620e-06,0.032601,5.99254E+09,-34.634600,39.580100,39.580207,0.000107,
20260918-203652-4293920,nx1_wcs_-40c_vce1.2v,wcs,hbt_wcs,-40,1,1.2,0.81,9.941990e-06,0.086302,1.54879E+10,-26.403400,31.392100,31.392804,0.000704,
20260918-203652-4293920,nx1_wcs_-40c_vce1.2v,wcs,hbt_wcs,-40,1,1.2,0.83,2.587740e-05,0.224630,3.84017E+10,-18.431700,23.565400,23.569664,0.004264,
20260918-203652-4293920,nx1_wcs_-40c_vce1.2v,wcs,hbt_wcs,-40,1,1.2,0.85,6.466720e-05,0.561347,8.67984E+10,-11.213100,16.821500,16.841608,0.020108,
20260918-203652-4293920,nx1_wcs_-40c_vce1.2v,wcs,hbt_wcs,-40,1,1.2,0.87,1.488070e-04,1.291727,1.64807E+11,-5.369800,12.115900,12.175052,0.059152,
20260918-203652-4293920,nx1_wcs_-40c_vce1.2v,wcs,hbt_wcs,-40,1,1.2,0.89,3.017870e-04,2.619679,2.51591E+11,-1.275800,9.606570,9.711430,0.104860,
20260918-203652-4293920,nx1_wcs_-40c_vce1.2v,wcs,hbt_wcs,-40,1,1.2,0.91,5.319300e-04,4.617448,3.19083E+11,1.306110,8.418150,8.555497,0.137347,
20260918-203652-4293920,nx1_wcs_-40c_vce1.2v,wcs,hbt_wcs,-40,1,1.2,0.93,8.308100e-04,7.211892,3.62264E+11,2.905420,7.805050,7.962848,0.157798,
20260918-203652-4293920,nx1_wcs_-40c_vce1.2v,wcs,hbt_wcs,-40,1,1.2,0.95,1.184880e-03,10.285417,3.87856E+11,3.942160,7.436020,7.607540,0.171520,
20260918-203652-4293920,nx1_wcs_-40c_vce1.2v,wcs,hbt_wcs,-40,1,1.2,0.97,1.582540e-03,13.737326,4.02019E+11,4.659460,7.183810,7.365374,0.181564,vbe_high
20260918-203652-4293920,nx1_wcs_-40c_vce1.2v,wcs,hbt_wcs,-40,1,1.2,0.99,2.015640e-03,17.496875,4.07964E+11,5.187240,6.996710,7.186095,0.189385,vbe_high
20260918-203652-4293920,nx1_wcs_-40c_vce1.2v,wcs,hbt_wcs,-40,1,1.2,1.01,2.478440e-03,21.514236,4.07968E+11,5.595940,6.851330,7.047019,0.195689,vbe_high
20260918-203652-4293920,nx1_wcs_-40c_vce1.2v,wcs,hbt_wcs,-40,1,1.2,1.03,2.967030e-03,25.755469,4.02729E+11,5.925470,6.735860,6.936702,0.200842,vbe_high
20260918-203652-4293920,nx1_wcs_-40c_vce1.2v,wcs,hbt_wcs,-40,1,1.2,1.05,3.478690e-03,30.196962,3.92139E+11,6.199600,6.643900,6.848940,0.205040,ic_high;vbe_high
20260918-203652-4293920,nx1_wcs_-40c_vce1.4v,wcs,hbt_wcs,-40,1,1.4,0.55,2.907960e-11,0.000000,,-51.032500,55.955900,55.955902,0.000002,vbe_low
20260918-203652-4293920,nx1_wcs_-40c_vce1.4v,wcs,hbt_wcs,-40,1,1.4,0.57,7.633380e-11,0.000001,,-51.023200,55.946700,55.946702,0.000002,vbe_low
20260918-203652-4293920,nx1_wcs_-40c_vce1.4v,wcs,hbt_wcs,-40,1,1.4,0.59,2.027550e-10,0.000002,,-51.013800,55.937300,55.937302,0.000002,vbe_low
20260918-203652-4293920,nx1_wcs_-40c_vce1.4v,wcs,hbt_wcs,-40,1,1.4,0.61,5.409150e-10,0.000005,,-51.004300,55.927700,55.927702,0.000002,vbe_low
20260918-203652-4293920,nx1_wcs_-40c_vce1.4v,wcs,hbt_wcs,-40,1,1.4,0.63,1.445390e-09,0.000013,2.46833E+06,-50.994500,55.918000,55.918002,0.000002,vbe_low
20260918-203652-4293920,nx1_wcs_-40c_vce1.4v,wcs,hbt_wcs,-40,1,1.4,0.65,3.864530e-09,0.000034,6.56959E+06,-50.984300,55.907800,55.907802,0.000002,
20260918-203652-4293920,nx1_wcs_-40c_vce1.4v,wcs,hbt_wcs,-40,1,1.4,0.67,1.033460e-08,0.000090,1.74701E+07,-50.972600,55.896100,55.896102,0.000002,
20260918-203652-4293920,nx1_wcs_-40c_vce1.4v,wcs,hbt_wcs,-40,1,1.4,0.69,2.763870e-08,0.000240,4.64256E+07,-50.952400,55.876000,55.876003,0.000003,
20260918-203652-4293920,nx1_wcs_-40c_vce1.4v,wcs,hbt_wcs,-40,1,1.4,0.71,7.391490e-08,0.000642,1.23416E+08,-50.877100,55.801000,55.801003,0.000003,
20260918-203652-4293920,nx1_wcs_-40c_vce1.4v,wcs,hbt_wcs,-40,1,1.4,0.73,1.976520e-07,0.001716,3.27189E+08,-50.446100,55.370700,55.370703,0.000003,
20260918-203652-4293920,nx1_wcs_-40c_vce1.4v,wcs,hbt_wcs,-40,1,1.4,0.75,5.283720e-07,0.004587,8.68537E+08,-48.270400,53.196800,53.196805,0.000005,
20260918-203652-4293920,nx1_wcs_-40c_vce1.4v,wcs,hbt_wcs,-40,1,1.4,0.77,1.411320e-06,0.012251,2.29192E+09,-42.504400,47.435800,47.435817,0.000017,
20260918-203652-4293920,nx1_wcs_-40c_vce1.4v,wcs,hbt_wcs,-40,1,1.4,0.79,3.761400e-06,0.032651,6.02464E+09,-34.625100,39.570600,39.570707,0.000107,
20260918-203652-4293920,nx1_wcs_-40c_vce1.4v,wcs,hbt_wcs,-40,1,1.4,0.81,9.964300e-06,0.086496,1.55793E+10,-26.385900,31.374800,31.375506,0.000706,
20260918-203652-4293920,nx1_wcs_-40c_vce1.4v,wcs,hbt_wcs,-40,1,1.4,0.83,2.597800e-05,0.225503,3.86929E+10,-18.402300,23.537000,23.541291,0.004291,
20260918-203652-4293920,nx1_wcs_-40c_vce1.4v,wcs,hbt_wcs,-40,1,1.4,0.85,6.513600e-05,0.565417,8.76861E+10,-11.163600,16.778000,16.798310,0.020310,
20260918-203652-4293920,nx1_wcs_-40c_vce1.4v,wcs,hbt_wcs,-40,1,1.4,0.87,1.507090e-04,1.308238,1.66834E+11,-5.297590,12.065600,12.125436,0.059836,
20260918-203652-4293920,nx1_wcs_-40c_vce1.4v,wcs,hbt_wcs,-40,1,1.4,0.89,3.076630e-04,2.670686,2.55254E+11,-1.191470,9.563390,9.669285,0.105895,
20260918-203652-4293920,nx1_wcs_-40c_vce1.4v,wcs,hbt_wcs,-40,1,1.4,0.91,5.455390e-04,4.735582,3.23607E+11,1.389350,8.383770,8.522192,0.138422,
20260918-203652-4293920,nx1_wcs_-40c_vce1.4v,wcs,hbt_wcs,-40,1,1.4,0.93,8.560740e-04,7.431198,3.66936E+11,2.983180,7.775080,7.933951,0.158871,
20260918-203652-4293920,nx1_wcs_-40c_vce1.4v,wcs,hbt_wcs,-40,1,1.4,0.95,1.225530e-03,10.638281,3.92809E+11,4.016200,7.407080,7.579724,0.172644,
20260918-203652-4293920,nx1_wcs_-40c_vce1.4v,wcs,hbt_wcs,-40,1,1.4,0.97,1.641920e-03,14.252778,4.0643E+11,4.733050,7.154320,7.337095,0.182775,vbe_high
20260918-203652-4293920,nx1_wcs_-40c_vce1.4v,wcs,hbt_wcs,-40,1,1.4,0.99,2.097000e-03,18.203125,4.11864E+11,5.263130,6.966420,7.157102,0.190682,vbe_high
20260918-203652-4293920,nx1_wcs_-40c_vce1.4v,wcs,hbt_wcs,-40,1,1.4,1.01,2.585030e-03,22.439497,4.11248E+11,5.675970,6.820810,7.017848,0.197038,vbe_high
20260918-203652-4293920,nx1_wcs_-40c_vce1.4v,wcs,hbt_wcs,-40,1,1.4,1.03,3.102080e-03,26.927778,4.05174E+11,6.010730,6.706350,6.908530,0.202180,ic_high;vbe_high
20260918-203652-4293920,nx1_wcs_-40c_vce1.4v,wcs,hbt_wcs,-40,1,1.4,1.05,3.645450e-03,31.644531,3.93448E+11,6.290610,6.617130,6.823408,0.206278,ic_high;vbe_high
20260918-203652-4293920,nx1_wcs_125c_vce0.6v,wcs,hbt_wcs,125,1,0.6,0.55,1.613190e-06,0.014003,1.50224E+09,-45.167100,52.419800,52.419792,-0.000008,vbe_low
20260918-203652-4293920,nx1_wcs_125c_vce0.6v,wcs,hbt_wcs,125,1,0.6,0.57,2.821530e-06,0.024492,2.59799E+09,-41.407200,48.663900,48.663881,-0.000019,vbe_low
20260918-203652-4293920,nx1_wcs_125c_vce0.6v,wcs,hbt_wcs,125,1,0.6,0.59,4.930010e-06,0.042795,4.49218E+09,-37.013900,44.277800,44.277747,-0.000053,vbe_low
20260918-203652-4293920,nx1_wcs_125c_vce0.6v,wcs,hbt_wcs,125,1,0.6,0.61,8.599200e-06,0.074646,7.71377E+09,-32.378300,39.655500,39.655346,-0.000154,vbe_low
20260918-203652-4293920,nx1_wcs_125c_vce0.6v,wcs,hbt_wcs,125,1,0.6,0.63,1.495440e-05,0.129812,1.30876E+10,-27.698500,35.000500,35.000052,-0.000448,vbe_low
20260918-203652-4293920,nx1_wcs_125c_vce0.6v,wcs,hbt_wcs,125,1,0.6,0.65,2.587390e-05,0.224600,2.19617E+10,-23.078200,30.428000,30.426715,-0.001285,
20260918-203652-4293920,nx1_wcs_125c_vce0.6v,wcs,hbt_wcs,125,1,0.6,0.67,4.438750e-05,0.385308,3.58747E+10,-18.600000,26.044000,26.040473,-0.003527,
20260918-203652-4293920,nx1_wcs_125c_vce0.6v,wcs,hbt_wcs,125,1,0.6,0.69,7.511170e-05,0.652011,5.65148E+10,-14.357900,21.985300,21.976313,-0.008987,
20260918-203652-4293920,nx1_wcs_125c_vce0.6v,wcs,hbt_wcs,125,1,0.6,0.71,1.244760e-04,1.080521,8.44239E+10,-10.463600,18.427500,18.407085,-0.020415,
20260918-203652-4293920,nx1_wcs_125c_vce0.6v,wcs,hbt_wcs,125,1,0.6,0.73,2.002950e-04,1.738672,1.18105E+11,-7.029010,15.538500,15.498707,-0.039793,
20260918-203652-4293920,nx1_wcs_125c_vce0.6v,wcs,hbt_wcs,125,1,0.6,0.75,3.103750e-04,2.694227,1.5391E+11,-4.131210,13.386600,13.321094,-0.065506,
20260918-203652-4293920,nx1_wcs_125c_vce0.6v,wcs,hbt_wcs,125,1,0.6,0.77,4.605880e-04,3.998160,1.86028E+11,-1.782740,11.891300,11.798581,-0.092719,
20260918-203652-4293920,nx1_wcs_125c_vce0.6v,wcs,hbt_wcs,125,1,0.6,0.79,6.535600e-04,5.673264,2.11513E+11,0.067840,10.883800,10.766542,-0.117258,
20260918-203652-4293920,nx1_wcs_125c_vce0.6v,wcs,hbt_wcs,125,1,0.6,0.81,8.887210e-04,7.714592,2.28513E+11,1.507620,10.199800,10.062221,-0.137579,
20260918-203652-4293920,nx1_wcs_125c_vce0.6v,wcs,hbt_wcs,125,1,0.6,0.83,1.163320e-03,10.098264,2.37225E+11,2.628160,9.720870,9.566963,-0.153907,
20260918-203652-4293920,nx1_wcs_125c_vce0.6v,wcs,hbt_wcs,125,1,0.6,0.85,1.473580e-03,12.791493,2.40796E+11,3.506920,9.373490,9.206518,-0.166972,
20260918-203652-4293920,nx1_wcs_125c_vce0.6v,wcs,hbt_wcs,125,1,0.6,0.87,1.815420e-03,15.758854,2.39282E+11,4.199550,9.114960,8.937534,-0.177426,
20260918-203652-4293920,nx1_wcs_125c_vce0.6v,wcs,hbt_wcs,125,1,0.6,0.89,2.184500e-03,18.962674,2.32533E+11,4.723400,8.925620,8.740116,-0.185504,
20260918-203652-4293920,nx1_wcs_125c_vce0.6v,wcs,hbt_wcs,125,1,0.6,0.91,2.574020e-03,22.343924,2.13113E+11,4.963560,8.823640,8.633631,-0.190009,
20260918-203652-4293920,nx1_wcs_125c_vce0.6v,wcs,hbt_wcs,125,1,0.6,0.93,2.965650e-03,25.743490,1.62948E+11,4.476760,8.913940,8.727926,-0.186014,
20260918-203652-4293920,nx1_wcs_125c_vce0.6v,wcs,hbt_wcs,125,1,0.6,0.95,3.329250e-03,28.899740,1.03627E+11,3.309370,9.216740,9.043507,-0.173233,ic_high
20260918-203652-4293920,nx1_wcs_125c_vce0.6v,wcs,hbt_wcs,125,1,0.6,0.97,3.660220e-03,31.772743,6.76163E+10,2.363910,9.500670,9.338607,-0.162063,ic_high;vbe_high
20260918-203652-4293920,nx1_wcs_125c_vce0.6v,wcs,hbt_wcs,125,1,0.6,0.99,3.972820e-03,34.486285,4.63798E+10,1.708330,9.728840,9.575220,-0.153620,ic_high;vbe_high
20260918-203652-4293920,nx1_wcs_125c_vce0.6v,wcs,hbt_wcs,125,1,0.6,1.01,4.271960e-03,37.082986,3.11859E+10,0.875740,10.077000,9.935410,-0.141590,ic_high;vbe_high
20260918-203652-4293920,nx1_wcs_125c_vce0.6v,wcs,hbt_wcs,125,1,0.6,1.03,4.549220e-03,39.489757,1.91904E+10,-0.606745,10.790400,10.670558,-0.119842,ic_high;vbe_high
20260918-203652-4293920,nx1_wcs_125c_vce0.6v,wcs,hbt_wcs,125,1,0.6,1.05,4.790250e-03,41.582031,1.06075E+10,-3.004430,12.138900,12.051371,-0.087529,ic_high;vbe_high
20260918-203652-4293920,nx1_wcs_125c_vce0.8v,wcs,hbt_wcs,125,1,0.8,0.55,1.614900e-06,0.014018,1.51930E+09,-45.258400,52.511200,52.511192,-0.000008,vbe_low
20260918-203652-4293920,nx1_wcs_125c_vce0.8v,wcs,hbt_wcs,125,1,0.8,0.57,2.824780e-06,0.024521,2.63026E+09,-41.441800,48.698600,48.698581,-0.000019,vbe_low
20260918-203652-4293920,nx1_wcs_125c_vce0.8v,wcs,hbt_wcs,125,1,0.8,0.59,4.936490e-06,0.042851,4.54475E+09,-37.020000,44.284000,44.283947,-0.000053,vbe_low
20260918-203652-4293920,nx1_wcs_125c_vce0.8v,wcs,hbt_wcs,125,1,0.8,0.61,8.612780e-06,0.074764,7.81481E+09,-32.371600,39.648800,39.648646,-0.000154,vbe_low
20260918-203652-4293920,nx1_wcs_125c_vce0.8v,wcs,hbt_wcs,125,1,0.8,0.63,1.498450e-05,0.130074,1.32842E+10,-27.684500,34.986700,34.986250,-0.000450,vbe_low
20260918-203652-4293920,nx1_wcs_125c_vce0.8v,wcs,hbt_wcs,125,1,0.8,0.65,2.594400e-05,0.225208,2.23015E+10,-23.057700,30.408000,30.406709,-0.001291,
20260918-203652-4293920,nx1_wcs_125c_vce0.8v,wcs,hbt_wcs,125,1,0.8,0.67,4.455560e-05,0.386767,3.64752E+10,-18.571600,26.016500,26.012950,-0.003550,
20260918-203652-4293920,nx1_wcs_125c_vce0.8v,wcs,hbt_wcs,125,1,0.8,0.69,7.551770e-05,0.655536,5.76129E+10,-14.319200,21.949100,21.940038,-0.009062,
20260918-203652-4293920,nx1_wcs_125c_vce0.8v,wcs,hbt_wcs,125,1,0.8,0.71,1.254310e-04,1.088811,8.65251E+10,-10.412400,18.382700,18.362073,-0.020627,
20260918-203652-4293920,nx1_wcs_125c_vce0.8v,wcs,hbt_wcs,125,1,0.8,0.73,2.024170e-04,1.757092,1.21651E+11,-6.964870,15.488400,15.448143,-0.040257,
20260918-203652-4293920,nx1_wcs_125c_vce0.8v,wcs,hbt_wcs,125,1,0.8,0.75,3.147190e-04,2.731936,1.59135E+11,-4.056340,13.336400,13.270126,-0.066274,
20260918-203652-4293920,nx1_wcs_125c_vce0.8v,wcs,hbt_wcs,125,1,0.8,0.77,4.686820e-04,4.068420,1.9397E+11,-1.701350,11.845400,11.751685,-0.093715,
20260918-203652-4293920,nx1_wcs_125c_vce0.8v,wcs,hbt_wcs,125,1,0.8,0.79,6.672920e-04,5.792465,2.23099E+11,0.151264,10.843900,10.725545,-0.118355,
20260918-203652-4293920,nx1_wcs_125c_vce0.8v,wcs,hbt_wcs,125,1,0.8,0.81,9.101510e-04,7.900616,2.45103E+11,1.589750,10.165600,10.026916,-0.138684,
20260918-203652-4293920,nx1_wcs_125c_vce0.8v,wcs,hbt_wcs,125,1,0.8,0.83,1.194510e-03,10.369010,2.60112E+11,2.707140,9.691610,9.536644,-0.154966,
20260918-203652-4293920,nx1_wcs_125c_vce0.8v,wcs,hbt_wcs,125,1,0.8,0.85,1.516480e-03,13.163889,2.68588E+11,3.582820,9.348340,9.180379,-0.167961,
20260918-203652-4293920,nx1_wcs_125c_vce0.8v,wcs,hbt_wcs,125,1,0.8,0.87,1.871940e-03,16.249479,2.69536E+11,4.277590,9.092350,8.913979,-0.178371,
20260918-203652-4293920,nx1_wcs_125c_vce0.8v,wcs,hbt_wcs,125,1,0.8,0.89,2.256950e-03,19.591580,2.63896E+11,4.836080,8.897940,8.711225,-0.186715,
20260918-203652-4293920,nx1_wcs_125c_vce0.8v,wcs,hbt_wcs,125,1,0.8,0.91,2.667950e-03,23.159288,2.5392E+11,5.289040,8.749870,8.556533,-0.193337,
20260918-203652-4293920,nx1_wcs_125c_vce0.8v,wcs,hbt_wcs,125,1,0.8,0.93,3.101610e-03,26.923698,2.39693E+11,5.649600,8.640540,8.442159,-0.198381,ic_high
20260918-203652-4293920,nx1_wcs_125c_vce0.8v,wcs,hbt_wcs,125,1,0.8,0.95,3.553540e-03,30.846701,2.18635E+11,5.864090,8.578410,8.377104,-0.201306,ic_high
20260918-203652-4293920,nx1_wcs_125c_vce0.8v,wcs,hbt_wcs,125,1,0.8,0.97,4.011080e-03,34.818403,1.73652E+11,5.600630,8.632900,8.434162,-0.198738,ic_high;vbe_high
20260918-203652-4293920,nx1_wcs_125c_vce0.8v,wcs,hbt_wcs,125,1,0.8,0.99,4.443830e-03,38.574913,1.11922E+11,4.591690,8.879200,8.691659,-0.187541,ic_high;vbe_high
20260918-203652-4293920,nx1_wcs_125c_vce0.8v,wcs,hbt_wcs,125,1,0.8,1.01,4.838160e-03,41.997917,7.22945E+10,3.620000,9.153790,8.977976,-0.175814,ic_high;vbe_high
20260918-203652-4293920,nx1_wcs_125c_vce0.8v,wcs,hbt_wcs,125,1,0.8,1.03,5.209100e-03,45.217882,5.07951E+10,3.008850,9.360380,9.192893,-0.167487,ic_high;vbe_high
20260918-203652-4293920,nx1_wcs_125c_vce0.8v,wcs,hbt_wcs,125,1,0.8,1.05,5.568470e-03,48.337413,3.68711E+10,2.486230,9.574930,9.415666,-0.159264,ic_high;vbe_high
20260918-203652-4293920,nx1_wcs_125c_vce1.0v,wcs,hbt_wcs,125,1,1.0,0.55,1.616610e-06,0.014033,1.53151E+09,-45.317600,52.570300,52.570292,-0.000008,vbe_low
20260918-203652-4293920,nx1_wcs_125c_vce1.0v,wcs,hbt_wcs,125,1,1.0,0.57,2.828030e-06,0.024549,2.65305E+09,-41.461600,48.718400,48.718381,-0.000019,vbe_low
20260918-203652-4293920,nx1_wcs_125c_vce1.0v,wcs,hbt_wcs,125,1,1.0,0.59,4.942910e-06,0.042907,4.58159E+09,-37.020300,44.284300,44.284247,-0.000053,vbe_low
20260918-203652-4293920,nx1_wcs_125c_vce1.0v,wcs,hbt_wcs,125,1,1.0,0.61,8.626210e-06,0.074880,7.88487E+09,-32.362800,39.640100,39.639946,-0.000154,vbe_low
20260918-203652-4293920,nx1_wcs_125c_vce1.0v,wcs,hbt_wcs,125,1,1.0,0.63,1.501420e-05,0.130332,1.34206E+10,-27.670000,34.972200,34.971749,-0.000451,vbe_low
20260918-203652-4293920,nx1_wcs_125c_vce1.0v,wcs,hbt_wcs,125,1,1.0,0.65,2.601350e-05,0.225812,2.25344E+10,-23.037300,30.387800,30.386503,-0.001297,
20260918-203652-4293920,nx1_wcs_125c_vce1.0v,wcs,hbt_wcs,125,1,1.0,0.67,4.472370e-05,0.388227,3.68859E+10,-18.543300,25.989200,25.985628,-0.003572,
20260918-203652-4293920,nx1_wcs_125c_vce1.0v,wcs,hbt_wcs,125,1,1.0,0.69,7.592610e-05,0.659081,5.83602E+10,-14.280500,21.913000,21.903862,-0.009138,
20260918-203652-4293920,nx1_wcs_125c_vce1.0v,wcs,hbt_wcs,125,1,1.0,0.71,1.263990e-04,1.097214,8.79346E+10,-10.361000,18.337900,18.317059,-0.020841,
20260918-203652-4293920,nx1_wcs_125c_vce1.0v,wcs,hbt_wcs,125,1,1.0,0.73,2.045880e-04,1.775937,1.23964E+11,-6.900240,15.438000,15.397271,-0.040729,
20260918-203652-4293920,nx1_wcs_125c_vce1.0v,wcs,hbt_wcs,125,1,1.0,0.75,3.192050e-04,2.770877,1.62376E+11,-3.980610,13.285800,13.218744,-0.067056,
20260918-203652-4293920,nx1_wcs_125c_vce1.0v,wcs,hbt_wcs,125,1,1.0,0.77,4.771130e-04,4.141606,1.98592E+11,-1.618840,11.799100,11.704369,-0.094731,
20260918-203652-4293920,nx1_wcs_125c_vce1.0v,wcs,hbt_wcs,125,1,1.0,0.79,6.817070e-04,5.917595,2.28727E+11,0.235812,10.803600,10.684126,-0.119474,
20260918-203652-4293920,nx1_wcs_125c_vce1.0v,wcs,hbt_wcs,125,1,1.0,0.81,9.327900e-04,8.097135,2.52206E+11,1.672680,10.131200,9.991395,-0.139805,
20260918-203652-4293920,nx1_wcs_125c_vce1.0v,wcs,hbt_wcs,125,1,1.0,0.83,1.227620e-03,10.656424,2.68703E+11,2.786300,9.662370,9.506338,-0.156032,
20260918-203652-4293920,nx1_wcs_125c_vce1.0v,wcs,hbt_wcs,125,1,1.0,0.85,1.562220e-03,13.560937,2.8028E+11,3.657280,9.323760,9.154827,-0.168933,
20260918-203652-4293920,nx1_wcs_125c_vce1.0v,wcs,hbt_wcs,125,1,1.0,0.87,1.932280e-03,16.773264,2.86314E+11,4.347340,9.072330,8.893117,-0.179213,
20260918-203652-4293920,nx1_wcs_125c_vce1.0v,wcs,hbt_wcs,125,1,1.0,0.89,2.333710e-03,20.257899,2.8729E+11,4.901340,8.882890,8.695512,-0.187378,
20260918-203652-4293920,nx1_wcs_125c_vce1.0v,wcs,hbt_wcs,125,1,1.0,0.91,2.762820e-03,23.982813,2.81186E+11,5.351200,8.740340,8.546568,-0.193772,
20260918-203652-4293920,nx1_wcs_125c_vce1.0v,wcs,hbt_wcs,125,1,1.0,0.93,3.216310e-03,27.919358,2.68201E+11,5.719920,8.635280,8.436653,-0.198627,ic_high
20260918-203652-4293920,nx1_wcs_125c_vce1.0v,wcs,hbt_wcs,125,1,1.0,0.95,3.691330e-03,32.042795,2.50603E+11,6.023310,8.561820,8.359725,-0.202095,ic_high
20260918-203652-4293920,nx1_wcs_125c_vce1.0v,wcs,hbt_wcs,125,1,1.0,0.97,4.185160e-03,36.329514,2.27459E+11,6.265030,8.517660,8.313450,-0.204210,ic_high;vbe_high
20260918-203652-4293920,nx1_wcs_125c_vce1.0v,wcs,hbt_wcs,125,1,1.0,0.99,4.693810e-03,40.744878,1.98989E+11,6.385560,8.513460,8.309048,-0.204412,ic_high;vbe_high
20260918-203652-4293920,nx1_wcs_125c_vce1.0v,wcs,hbt_wcs,125,1,1.0,1.01,5.203560e-03,45.169792,1.51552E+11,6.046510,8.615900,8.416364,-0.199536,ic_high;vbe_high
20260918-203652-4293920,nx1_wcs_125c_vce1.0v,wcs,hbt_wcs,125,1,1.0,1.03,5.683050e-03,49.332031,9.78144E+10,5.078560,8.872660,8.684831,-0.187829,ic_high;vbe_high
20260918-203652-4293920,nx1_wcs_125c_vce1.0v,wcs,hbt_wcs,125,1,1.0,1.05,6.122740e-03,53.148785,6.5187E+10,4.199300,9.142330,8.966042,-0.176288,ic_high;vbe_high
20260918-203652-4293920,nx1_wcs_125c_vce1.2v,wcs,hbt_wcs,125,1,1.2,0.55,1.618720e-06,0.014051,1.54141E+09,-45.358900,52.611600,52.611592,-0.000008,vbe_low
20260918-203652-4293920,nx1_wcs_125c_vce1.2v,wcs,hbt_wcs,125,1,1.2,0.57,2.831850e-06,0.024582,2.67132E+09,-41.472700,48.729500,48.729481,-0.000019,vbe_low
20260918-203652-4293920,nx1_wcs_125c_vce1.2v,wcs,hbt_wcs,125,1,1.2,0.59,4.950190e-06,0.042970,4.61094E+09,-37.016700,44.280800,44.280747,-0.000053,vbe_low
20260918-203652-4293920,nx1_wcs_125c_vce1.2v,wcs,hbt_wcs,125,1,1.2,0.61,8.640890e-06,0.075008,7.94037E+09,-32.352200,39.629500,39.629346,-0.000154,vbe_low
20260918-203652-4293920,nx1_wcs_125c_vce1.2v,wcs,hbt_wcs,125,1,1.2,0.63,1.504590e-05,0.130607,1.35283E+10,-27.654400,34.956800,34.956347,-0.000453,vbe_low
20260918-203652-4293920,nx1_wcs_125c_vce1.2v,wcs,hbt_wcs,125,1,1.2,0.65,2.608590e-05,0.226440,2.27187E+10,-23.016100,30.366900,30.365597,-0.001303,
20260918-203652-4293920,nx1_wcs_125c_vce1.2v,wcs,hbt_wcs,125,1,1.2,0.67,4.489650e-05,0.389727,3.72354E+10,-18.514500,25.961200,25.957605,-0.003595,
20260918-203652-4293920,nx1_wcs_125c_vce1.2v,wcs,hbt_wcs,125,1,1.2,0.69,7.634450e-05,0.662713,5.89716E+10,-14.241300,21.876300,21.867085,-0.009215,
20260918-203652-4293920,nx1_wcs_125c_vce1.2v,wcs,hbt_wcs,125,1,1.2,0.71,1.273930e-04,1.105842,8.90616E+10,-10.309000,18.292400,18.271339,-0.021061,
20260918-203652-4293920,nx1_wcs_125c_vce1.2v,wcs,hbt_wcs,125,1,1.2,0.73,2.068250e-04,1.795356,1.25802E+11,-6.834770,15.387000,15.345787,-0.041213,
20260918-203652-4293920,nx1_wcs_125c_vce1.2v,wcs,hbt_wcs,125,1,1.2,0.75,3.238600e-04,2.811285,1.64909E+11,-3.903820,13.234700,13.166844,-0.067856,
20260918-203652-4293920,nx1_wcs_125c_vce1.2v,wcs,hbt_wcs,125,1,1.2,0.77,4.859280e-04,4.218125,2.02089E+11,-1.535060,11.752300,11.656532,-0.095768,
20260918-203652-4293920,nx1_wcs_125c_vce1.2v,wcs,hbt_wcs,125,1,1.2,0.79,6.968900e-04,6.049392,2.32793E+11,0.321821,10.762900,10.642286,-0.120614,
20260918-203652-4293920,nx1_wcs_125c_vce1.2v,wcs,hbt_wcs,125,1,1.2,0.81,9.567930e-04,8.305495,2.56999E+11,1.757210,10.096400,9.955452,-0.140948,
20260918-203652-4293920,nx1_wcs_125c_vce1.2v,wcs,hbt_wcs,125,1,1.2,0.83,1.262930e-03,10.962934,2.74486E+11,2.867100,9.632820,9.475703,-0.157117,
20260918-203652-4293920,nx1_wcs_125c_vce1.2v,wcs,hbt_wcs,125,1,1.2,0.85,1.611220e-03,13.986285,2.86298E+11,3.733200,9.299110,9.129196,-0.169914,
20260918-203652-4293920,nx1_wcs_125c_vce1.2v,wcs,hbt_wcs,125,1,1.2,0.87,1.997190e-03,17.336719,2.92902E+11,4.417900,9.052740,8.872700,-0.180040,
20260918-203652-4293920,nx1_wcs_125c_vce1.2v,wcs,hbt_wcs,125,1,1.2,0.89,2.416560e-03,20.977083,2.95194E+11,4.966440,8.869040,8.681050,-0.187990,
20260918-203652-4293920,nx1_wcs_125c_vce1.2v,wcs,hbt_wcs,125,1,1.2,0.91,2.865440e-03,24.873611,2.93316E+11,5.411020,8.733310,8.539217,-0.194093,
20260918-203652-4293920,nx1_wcs_125c_vce1.2v,wcs,hbt_wcs,125,1,1.2,0.93,3.340390e-03,28.996441,2.86556E+11,5.774540,8.636590,8.438025,-0.198565,ic_high
20260918-203652-4293920,nx1_wcs_125c_vce1.2v,wcs,hbt_wcs,125,1,1.2,0.95,3.838370e-03,33.319184,2.70793E+11,6.073030,8.573280,8.371730,-0.201550,ic_high
20260918-203652-4293920,nx1_wcs_125c_vce1.2v,wcs,hbt_wcs,125,1,1.2,0.97,4.356640e-03,37.818056,2.49156E+11,6.318390,8.539700,8.336549,-0.203151,ic_high;vbe_high
20260918-203652-4293920,nx1_wcs_125c_vce1.2v,wcs,hbt_wcs,125,1,1.2,0.99,4.892740e-03,42.471701,2.2389E+11,6.518000,8.533730,8.330292,-0.203438,ic_high;vbe_high
20260918-203652-4293920,nx1_wcs_125c_vce1.2v,wcs,hbt_wcs,125,1,1.2,1.01,5.444040e-03,47.257292,1.92877E+11,6.661740,8.556780,8.354445,-0.202335,ic_high;vbe_high
20260918-203652-4293920,nx1_wcs_125c_vce1.2v,wcs,hbt_wcs,125,1,1.2,1.03,6.004550e-03,52.122830,1.56724E+11,6.623570,8.631570,8.432770,-0.198800,ic_high;vbe_high
20260918-203652-4293920,nx1_wcs_125c_vce1.2v,wcs,hbt_wcs,125,1,1.2,1.05,6.552160e-03,56.876389,1.10239E+11,6.010630,8.832920,8.643326,-0.189594,ic_high;vbe_high
20260918-203652-4293920,nx1_wcs_125c_vce1.4v,wcs,hbt_wcs,125,1,1.4,0.55,1.622260e-06,0.014082,1.55084E+09,-45.385300,52.638100,52.638092,-0.000008,vbe_low
20260918-203652-4293920,nx1_wcs_125c_vce1.4v,wcs,hbt_wcs,125,1,1.4,0.57,2.837950e-06,0.024635,2.68841E+09,-41.474200,48.731000,48.730981,-0.000019,vbe_low
20260918-203652-4293920,nx1_wcs_125c_vce1.4v,wcs,hbt_wcs,125,1,1.4,0.59,4.961060e-06,0.043065,4.63969E+09,-37.006400,44.270500,44.270447,-0.000053,vbe_low
20260918-203652-4293920,nx1_wcs_125c_vce1.4v,wcs,hbt_wcs,125,1,1.4,0.61,8.661270e-06,0.075185,7.9908E+09,-32.336200,39.613600,39.613445,-0.000155,vbe_low
20260918-203652-4293920,nx1_wcs_125c_vce1.4v,wcs,hbt_wcs,125,1,1.4,0.63,1.508660e-05,0.130960,1.3625E+10,-27.634300,34.936700,34.936245,-0.000455,vbe_low
20260918-203652-4293920,nx1_wcs_125c_vce1.4v,wcs,hbt_wcs,125,1,1.4,0.65,2.617290e-05,0.227195,2.28834E+10,-22.990800,30.342000,30.340689,-0.001311,
20260918-203652-4293920,nx1_wcs_125c_vce1.4v,wcs,hbt_wcs,125,1,1.4,0.67,4.509330e-05,0.391435,3.7576E+10,-18.481800,25.929400,25.925778,-0.003622,
20260918-203652-4293920,nx1_wcs_125c_vce1.4v,wcs,hbt_wcs,125,1,1.4,0.69,7.680390e-05,0.666701,5.95965E+10,-14.198300,21.836000,21.826699,-0.009301,
20260918-203652-4293920,nx1_wcs_125c_vce1.4v,wcs,hbt_wcs,125,1,1.4,0.71,1.284610e-04,1.115113,9.00594E+10,-10.253400,18.243600,18.222300,-0.021300,
20260918-203652-4293920,nx1_wcs_125c_vce1.4v,wcs,hbt_wcs,125,1,1.4,0.73,2.092070e-04,1.816033,1.27416E+11,-6.766060,15.333200,15.291471,-0.041729,
20260918-203652-4293920,nx1_wcs_125c_vce1.4v,wcs,hbt_wcs,125,1,1.4,0.75,3.287990e-04,2.854158,1.67186E+11,-3.824520,13.181800,13.113105,-0.068695,
20260918-203652-4293920,nx1_wcs_125c_vce1.4v,wcs,hbt_wcs,125,1,1.4,0.77,4.952870e-04,4.299366,2.05046E+11,-1.449850,11.704700,11.607864,-0.096836,
20260918-203652-4293920,nx1_wcs_125c_vce1.4v,wcs,hbt_wcs,125,1,1.4,0.79,7.130460e-04,6.189635,2.362E+11,0.408270,10.722000,10.600228,-0.121772,
20260918-203652-4293920,nx1_wcs_125c_vce1.4v,wcs,hbt_wcs,125,1,1.4,0.81,9.824150e-04,8.527908,2.60782E+11,1.841760,10.061600,9.919499,-0.142101,
20260918-203652-4293920,nx1_wcs_125c_vce1.4v,wcs,hbt_wcs,125,1,1.4,0.83,1.300760e-03,11.291319,2.78822E+11,2.948190,9.603380,9.445175,-0.158205,
20260918-203652-4293920,nx1_wcs_125c_vce1.4v,wcs,hbt_wcs,125,1,1.4,0.85,1.663930e-03,14.443837,2.9051E+11,3.810040,9.274630,9.103736,-0.170894,
20260918-203652-4293920,nx1_wcs_125c_vce1.4v,wcs,hbt_wcs,125,1,1.4,0.87,2.067300e-03,17.945313,2.97048E+11,4.489810,9.033660,8.852811,-0.180849,
20260918-203652-4293920,nx1_wcs_125c_vce1.4v,wcs,hbt_wcs,125,1,1.4,0.89,2.506380e-03,21.756771,2.99759E+11,5.032720,8.856420,8.667871,-0.188549,
20260918-203652-4293920,nx1_wcs_125c_vce1.4v,wcs,hbt_wcs,125,1,1.4,0.91,2.977050e-03,25.842448,2.97723E+11,5.471100,8.728740,8.534438,-0.194302,
20260918-203652-4293920,nx1_wcs_125c_vce1.4v,wcs,hbt_wcs,125,1,1.4,0.93,3.475660e-03,30.170660,2.91703E+11,5.827930,8.642070,8.443761,-0.198309,ic_high
20260918-203652-4293920,nx1_wcs_125c_vce1.4v,wcs,hbt_wcs,125,1,1.4,0.95,3.998920e-03,34.712847,2.80941E+11,6.119550,8.591170,8.390468,-0.200702,ic_high
20260918-203652-4293920,nx1_wcs_125c_vce1.4v,wcs,hbt_wcs,125,1,1.4,0.97,4.543870e-03,39.443316,2.6346E+11,6.357540,8.572780,8.371206,-0.201574,ic_high;vbe_high
20260918-203652-4293920,nx1_wcs_125c_vce1.4v,wcs,hbt_wcs,125,1,1.4,0.99,5.107810e-03,44.338628,2.35327E+11,6.549390,8.585010,8.384017,-0.200993,ic_high;vbe_high
20260918-203652-4293920,nx1_wcs_125c_vce1.4v,wcs,hbt_wcs,125,1,1.4,1.01,5.688160e-03,49.376389,2.05164E+11,6.701480,8.626440,8.427399,-0.199041,ic_high;vbe_high
20260918-203652-4293920,nx1_wcs_125c_vce1.4v,wcs,hbt_wcs,125,1,1.4,1.03,6.282340e-03,54.534201,1.7374E+11,6.811610,8.697300,8.501554,-0.195746,ic_high;vbe_high
20260918-203652-4293920,nx1_wcs_125c_vce1.4v,wcs,hbt_wcs,125,1,1.4,1.05,6.886130e-03,59.775434,1.37246E+11,6.819280,8.807600,8.616872,-0.190728,ic_high;vbe_high
20260918-203652-4293920,nx1_sf_-40c_vce0.6v,sf,hbt_typ,-40,1,0.6,0.55,3.802450e-11,0.000000,,-51.238800,56.162300,56.162302,0.000002,vbe_low
20260918-203652-4293920,nx1_sf_-40c_vce0.6v,sf,hbt_typ,-40,1,0.6,0.57,1.016080e-10,0.000001,,-51.219800,56.143200,56.143202,0.000002,vbe_low
20260918-203652-4293920,nx1_sf_-40c_vce0.6v,sf,hbt_typ,-40,1,0.6,0.59,2.717190e-10,0.000002,,-51.200100,56.123600,56.123602,0.000002,vbe_low
20260918-203652-4293920,nx1_sf_-40c_vce0.6v,sf,hbt_typ,-40,1,0.6,0.61,7.267730e-10,0.000006,,-51.179900,56.103400,56.103402,0.000002,vbe_low
20260918-203652-4293920,nx1_sf_-40c_vce0.6v,sf,hbt_typ,-40,1,0.6,0.63,1.943990e-09,0.000017,3.71047E+06,-51.158900,56.082400,56.082402,0.000002,vbe_low
20260918-203652-4293920,nx1_sf_-40c_vce0.6v,sf,hbt_typ,-40,1,0.6,0.65,5.199770e-09,0.000045,9.86427E+06,-51.136900,56.060400,56.060402,0.000002,
20260918-203652-4293920,nx1_sf_-40c_vce0.6v,sf,hbt_typ,-40,1,0.6,0.67,1.390800e-08,0.000121,2.62346E+07,-51.111800,56.035400,56.035402,0.000002,
20260918-203652-4293920,nx1_sf_-40c_vce0.6v,sf,hbt_typ,-40,1,0.6,0.69,3.719880e-08,0.000323,6.97318E+07,-51.071300,55.994900,55.994902,0.000002,
20260918-203652-4293920,nx1_sf_-40c_vce0.6v,sf,hbt_typ,-40,1,0.6,0.71,9.948540e-08,0.000864,1.85084E+08,-50.931000,55.855100,55.855103,0.000003,
20260918-203652-4293920,nx1_sf_-40c_vce0.6v,sf,hbt_typ,-40,1,0.6,0.73,2.660190e-07,0.002309,4.91568E+08,-50.174100,55.099100,55.099103,0.000003,
20260918-203652-4293920,nx1_sf_-40c_vce0.6v,sf,hbt_typ,-40,1,0.6,0.75,7.110070e-07,0.006172,1.2994E+09,-46.947400,51.874800,51.874806,0.000006,
20260918-203652-4293920,nx1_sf_-40c_vce0.6v,sf,hbt_typ,-40,1,0.6,0.77,1.898130e-06,0.016477,3.43554E+09,-40.236200,45.170300,45.170329,0.000029,
20260918-203652-4293920,nx1_sf_-40c_vce0.6v,sf,hbt_typ,-40,1,0.6,0.79,5.051520e-06,0.043850,8.98311E+09,-32.120000,37.073400,37.073590,0.000190,
20260918-203652-4293920,nx1_sf_-40c_vce0.6v,sf,hbt_typ,-40,1,0.6,0.81,1.333370e-05,0.115744,2.29945E+10,-23.880400,28.893200,28.894451,0.001251,
20260918-203652-4293920,nx1_sf_-40c_vce0.6v,sf,hbt_typ,-40,1,0.6,0.83,3.446830e-05,0.299204,5.60204E+10,-15.984300,21.195800,21.203155,0.007355,
20260918-203652-4293920,nx1_sf_-40c_vce0.6v,sf,hbt_typ,-40,1,0.6,0.85,8.491760e-05,0.737132,1.21825E+11,-8.921660,14.758700,14.790988,0.032288,
20260918-203652-4293920,nx1_sf_-40c_vce0.6v,sf,hbt_typ,-40,1,0.6,0.87,1.908980e-04,1.657101,2.19148E+11,-3.290870,10.497700,10.583298,0.085598,
20260918-203652-4293920,nx1_sf_-40c_vce0.6v,sf,hbt_typ,-40,1,0.6,0.89,3.765890e-04,3.269002,3.1659E+11,0.625167,8.321560,8.461947,0.140387,
20260918-203652-4293920,nx1_sf_-40c_vce0.6v,sf,hbt_typ,-40,1,0.6,0.91,6.478110e-04,5.623359,3.86867E+11,3.118170,7.289010,7.466316,0.177306,
20260918-203652-4293920,nx1_sf_-40c_vce0.6v,sf,hbt_typ,-40,1,0.6,0.93,9.938110e-04,8.626832,4.28956E+11,4.693690,6.739590,6.940263,0.200673,
20260918-203652-4293920,nx1_sf_-40c_vce0.6v,sf,hbt_typ,-40,1,0.6,0.95,1.399500e-03,12.148438,4.51494E+11,5.734170,6.398400,6.615072,0.216672,
20260918-203652-4293920,nx1_sf_-40c_vce0.6v,sf,hbt_typ,-40,1,0.6,0.97,1.852150e-03,16.077691,4.5861E+11,6.462280,6.160230,6.388800,0.228570,vbe_high
20260918-203652-4293920,nx1_sf_-40c_vce0.6v,sf,hbt_typ,-40,1,0.6,0.99,2.342500e-03,20.334201,4.55331E+11,6.999730,5.981250,6.219178,0.237928,vbe_high
20260918-203652-4293920,nx1_sf_-40c_vce0.6v,sf,hbt_typ,-40,1,0.6,1.01,2.863770e-03,24.859115,4.42065E+11,7.409820,5.841500,6.086993,0.245493,vbe_high
20260918-203652-4293920,nx1_sf_-40c_vce0.6v,sf,hbt_typ,-40,1,0.6,1.03,3.408820e-03,29.590451,3.71305E+11,7.555510,5.759400,6.009445,0.250045,ic_high;vbe_high
20260918-203652-4293920,nx1_sf_-40c_vce0.6v,sf,hbt_typ,-40,1,0.6,1.05,3.916920e-03,34.001042,8.93576E+10,5.008440,6.236880,6.461553,0.224673,ic_high;vbe_high
20260918-203652-4293920,nx1_sf_-40c_vce0.8v,sf,hbt_typ,-40,1,0.8,0.55,3.826030e-11,0.000000,,-51.404800,56.328200,56.328202,0.000002,vbe_low
20260918-203652-4293920,nx1_sf_-40c_vce0.8v,sf,hbt_typ,-40,1,0.8,0.57,1.019030e-10,0.000001,,-51.389900,56.313400,56.313402,0.000002,vbe_low
20260918-203652-4293920,nx1_sf_-40c_vce0.8v,sf,hbt_typ,-40,1,0.8,0.59,2.721740e-10,0.000002,,-51.374700,56.298100,56.298102,0.000002,vbe_low
20260918-203652-4293920,nx1_sf_-40c_vce0.8v,sf,hbt_typ,-40,1,0.8,0.61,7.276520e-10,0.000006,,-51.359100,56.282600,56.282602,0.000002,vbe_low
20260918-203652-4293920,nx1_sf_-40c_vce0.8v,sf,hbt_typ,-40,1,0.8,0.63,1.946000e-09,0.000017,3.73717E+06,-51.343000,56.266500,56.266502,0.000002,vbe_low
20260918-203652-4293920,nx1_sf_-40c_vce0.8v,sf,hbt_typ,-40,1,0.8,0.65,5.204820e-09,0.000045,9.93206E+06,-51.326100,56.249600,56.249602,0.000002,
20260918-203652-4293920,nx1_sf_-40c_vce0.8v,sf,hbt_typ,-40,1,0.8,0.67,1.392120e-08,0.000121,2.64348E+07,-51.306400,56.230000,56.230002,0.000002,
20260918-203652-4293920,nx1_sf_-40c_vce0.8v,sf,hbt_typ,-40,1,0.8,0.69,3.723380e-08,0.000323,7.02402E+07,-51.270800,56.194500,56.194502,0.000002,
20260918-203652-4293920,nx1_sf_-40c_vce0.8v,sf,hbt_typ,-40,1,0.8,0.71,9.957980e-08,0.000864,1.86592E+08,-51.131000,56.055000,56.055002,0.000002,
20260918-203652-4293920,nx1_sf_-40c_vce0.8v,sf,hbt_typ,-40,1,0.8,0.73,2.662780e-07,0.002311,4.95412E+08,-50.346600,55.271600,55.271603,0.000003,
20260918-203652-4293920,nx1_sf_-40c_vce0.8v,sf,hbt_typ,-40,1,0.8,0.75,7.117450e-07,0.006178,1.31092E+09,-47.027200,51.954600,51.954606,0.000006,
20260918-203652-4293920,nx1_sf_-40c_vce0.8v,sf,hbt_typ,-40,1,0.8,0.77,1.900410e-06,0.016497,3.46541E+09,-40.245700,45.179800,45.179829,0.000029,
20260918-203652-4293920,nx1_sf_-40c_vce0.8v,sf,hbt_typ,-40,1,0.8,0.79,5.059640e-06,0.043920,9.06312E+09,-32.109900,37.063300,37.063491,0.000191,
20260918-203652-4293920,nx1_sf_-40c_vce0.8v,sf,hbt_typ,-40,1,0.8,0.81,1.336800e-05,0.116042,2.32214E+10,-23.860400,28.873500,28.874756,0.001256,
20260918-203652-4293920,nx1_sf_-40c_vce0.8v,sf,hbt_typ,-40,1,0.8,0.83,3.463150e-05,0.300621,5.67251E+10,-15.948900,21.162100,21.169512,0.007412,
20260918-203652-4293920,nx1_sf_-40c_vce0.8v,sf,hbt_typ,-40,1,0.8,0.85,8.568160e-05,0.743764,1.23914E+11,-8.861440,14.708100,14.740765,0.032665,
20260918-203652-4293920,nx1_sf_-40c_vce0.8v,sf,hbt_typ,-40,1,0.8,0.87,1.938800e-04,1.682986,2.23844E+11,-3.204450,10.442800,10.529476,0.086676,
20260918-203652-4293920,nx1_sf_-40c_vce0.8v,sf,hbt_typ,-40,1,0.8,0.89,3.853270e-04,3.344852,3.24065E+11,0.724375,8.276580,8.418405,0.141825,
20260918-203652-4293920,nx1_sf_-40c_vce0.8v,sf,hbt_typ,-40,1,0.8,0.91,6.671700e-04,5.791406,3.97039E+11,3.215860,7.253430,7.432165,0.178735,
20260918-203652-4293920,nx1_sf_-40c_vce0.8v,sf,hbt_typ,-40,1,0.8,0.93,1.028690e-03,8.929601,4.41028E+11,4.785240,6.708510,6.910591,0.202081,
20260918-203652-4293920,nx1_sf_-40c_vce0.8v,sf,hbt_typ,-40,1,0.8,0.95,1.454350e-03,12.624566,4.64257E+11,5.821400,6.368490,6.586622,0.218132,
20260918-203652-4293920,nx1_sf_-40c_vce0.8v,sf,hbt_typ,-40,1,0.8,0.97,1.930950e-03,16.761719,4.73843E+11,6.548590,6.129960,6.360087,0.230127,vbe_high
20260918-203652-4293920,nx1_sf_-40c_vce0.8v,sf,hbt_typ,-40,1,0.8,0.99,2.449010e-03,21.258767,4.73063E+11,7.088520,5.950130,6.189722,0.239592,vbe_high
20260918-203652-4293920,nx1_sf_-40c_vce0.8v,sf,hbt_typ,-40,1,0.8,1.01,3.001790e-03,26.057205,4.62575E+11,7.508540,5.808890,6.056181,0.247291,ic_high;vbe_high
20260918-203652-4293920,nx1_sf_-40c_vce0.8v,sf,hbt_typ,-40,1,0.8,1.03,3.584590e-03,31.116233,4.42621E+11,7.847570,5.695580,5.949221,0.253641,ic_high;vbe_high
20260918-203652-4293920,nx1_sf_-40c_vce0.8v,sf,hbt_typ,-40,1,0.8,1.05,4.193950e-03,36.405816,4.12581E+11,8.123560,5.604910,5.863745,0.258835,ic_high;vbe_high
20260918-203652-4293920,nx1_sf_-40c_vce1.0v,sf,hbt_typ,-40,1,1.0,0.55,3.849690e-11,0.000000,,-51.537700,56.461200,56.461202,0.000002,vbe_low
20260918-203652-4293920,nx1_sf_-40c_vce1.0v,sf,hbt_typ,-40,1,1.0,0.57,1.022000e-10,0.000001,,-51.525500,56.449000,56.449002,0.000002,vbe_low
20260918-203652-4293920,nx1_sf_-40c_vce1.0v,sf,hbt_typ,-40,1,1.0,0.59,2.726310e-10,0.000002,,-51.513100,56.436600,56.436602,0.000002,vbe_low
20260918-203652-4293920,nx1_sf_-40c_vce1.0v,sf,hbt_typ,-40,1,1.0,0.61,7.285340e-10,0.000006,,-51.500400,56.423900,56.423902,0.000002,vbe_low
20260918-203652-4293920,nx1_sf_-40c_vce1.0v,sf,hbt_typ,-40,1,1.0,0.63,1.948010e-09,0.000017,3.75869E+06,-51.487400,56.410900,56.410902,0.000002,vbe_low
20260918-203652-4293920,nx1_sf_-40c_vce1.0v,sf,hbt_typ,-40,1,1.0,0.65,5.209840e-09,0.000045,9.98631E+06,-51.473700,56.397300,56.397302,0.000002,
20260918-203652-4293920,nx1_sf_-40c_vce1.0v,sf,hbt_typ,-40,1,1.0,0.67,1.393420e-08,0.000121,2.65938E+07,-51.457300,56.380800,56.380802,0.000002,
20260918-203652-4293920,nx1_sf_-40c_vce1.0v,sf,hbt_typ,-40,1,1.0,0.69,3.726840e-08,0.000324,7.06416E+07,-51.424500,56.348200,56.348202,0.000002,
20260918-203652-4293920,nx1_sf_-40c_vce1.0v,sf,hbt_typ,-40,1,1.0,0.71,9.967250e-08,0.000865,1.87772E+08,-51.283700,56.207700,56.207702,0.000002,
20260918-203652-4293920,nx1_sf_-40c_vce1.0v,sf,hbt_typ,-40,1,1.0,0.73,2.665320e-07,0.002314,4.98403E+08,-50.476100,55.401100,55.401103,0.000003,
20260918-203652-4293920,nx1_sf_-40c_vce1.0v,sf,hbt_typ,-40,1,1.0,0.75,7.124690e-07,0.006185,1.31982E+09,-47.084300,52.011700,52.011706,0.000006,
20260918-203652-4293920,nx1_sf_-40c_vce1.0v,sf,hbt_typ,-40,1,1.0,0.77,1.902650e-06,0.016516,3.48843E+09,-40.250000,45.184200,45.184229,0.000029,
20260918-203652-4293920,nx1_sf_-40c_vce1.0v,sf,hbt_typ,-40,1,1.0,0.79,5.067650e-06,0.043990,9.12499E+09,-32.099100,37.052600,37.052791,0.000191,
20260918-203652-4293920,nx1_sf_-40c_vce1.0v,sf,hbt_typ,-40,1,1.0,0.81,1.340210e-05,0.116338,2.34074E+10,-23.840400,28.853800,28.855062,0.001262,
20260918-203652-4293920,nx1_sf_-40c_vce1.0v,sf,hbt_typ,-40,1,1.0,0.83,3.479570e-05,0.302046,5.72907E+10,-15.913500,21.128400,21.135870,0.007470,
20260918-203652-4293920,nx1_sf_-40c_vce1.0v,sf,hbt_typ,-40,1,1.0,0.85,8.646120e-05,0.750531,1.25629E+11,-8.800660,14.657100,14.690149,0.033049,
20260918-203652-4293920,nx1_sf_-40c_vce1.0v,sf,hbt_typ,-40,1,1.0,0.87,1.969790e-04,1.709887,2.27706E+11,-3.116480,10.387300,10.475080,0.087780,
20260918-203652-4293920,nx1_sf_-40c_vce1.0v,sf,hbt_typ,-40,1,1.0,0.89,3.945730e-04,3.425113,3.30041E+11,0.826029,8.230880,8.374181,0.143301,
20260918-203652-4293920,nx1_sf_-40c_vce1.0v,sf,hbt_typ,-40,1,1.0,0.91,6.879500e-04,5.971788,4.04729E+11,3.316430,7.217010,7.397220,0.180210,
20260918-203652-4293920,nx1_sf_-40c_vce1.0v,sf,hbt_typ,-40,1,1.0,0.93,1.066570e-03,9.258420,4.49466E+11,4.880110,6.676380,6.879927,0.203547,
20260918-203652-4293920,nx1_sf_-40c_vce1.0v,sf,hbt_typ,-40,1,1.0,0.95,1.514380e-03,13.145660,4.72328E+11,5.912300,6.337460,6.557117,0.219657,
20260918-203652-4293920,nx1_sf_-40c_vce1.0v,sf,hbt_typ,-40,1,1.0,0.97,2.017940e-03,17.516840,4.83237E+11,6.639230,6.098600,6.330351,0.231751,vbe_high
20260918-203652-4293920,nx1_sf_-40c_vce1.0v,sf,hbt_typ,-40,1,1.0,0.99,2.567460e-03,22.286979,4.82612E+11,7.182040,5.918280,6.159588,0.241308,vbe_high
20260918-203652-4293920,nx1_sf_-40c_vce1.0v,sf,hbt_typ,-40,1,1.0,1.01,3.156150e-03,27.397135,4.7159E+11,7.607450,5.777070,6.026128,0.249058,ic_high;vbe_high
20260918-203652-4293920,nx1_sf_-40c_vce1.0v,sf,hbt_typ,-40,1,1.0,1.03,3.779370e-03,32.807031,4.52633E+11,7.953740,5.664800,5.920193,0.255393,ic_high;vbe_high
20260918-203652-4293920,nx1_sf_-40c_vce1.0v,sf,hbt_typ,-40,1,1.0,1.05,4.433790e-03,38.487760,4.21224E+11,8.243960,5.575710,5.836240,0.260530,ic_high;vbe_high
20260918-203652-4293920,nx1_sf_-40c_vce1.2v,sf,hbt_typ,-40,1,1.2,0.55,3.873940e-11,0.000000,,-51.648400,56.571900,56.571902,0.000002,vbe_low
20260918-203652-4293920,nx1_sf_-40c_vce1.2v,sf,hbt_typ,-40,1,1.2,0.57,1.025110e-10,0.000001,,-51.638100,56.561600,56.561602,0.000002,vbe_low
20260918-203652-4293920,nx1_sf_-40c_vce1.2v,sf,hbt_typ,-40,1,1.2,0.59,2.731200e-10,0.000002,,-51.627700,56.551200,56.551202,0.000002,vbe_low
20260918-203652-4293920,nx1_sf_-40c_vce1.2v,sf,hbt_typ,-40,1,1.2,0.61,7.294920e-10,0.000006,,-51.617000,56.540500,56.540502,0.000002,vbe_low
20260918-203652-4293920,nx1_sf_-40c_vce1.2v,sf,hbt_typ,-40,1,1.2,0.63,1.950200e-09,0.000017,3.77712E+06,-51.606100,56.529600,56.529602,0.000002,vbe_low
20260918-203652-4293920,nx1_sf_-40c_vce1.2v,sf,hbt_typ,-40,1,1.2,0.65,5.215250e-09,0.000045,1.00326E+07,-51.594600,56.518100,56.518102,0.000002,
20260918-203652-4293920,nx1_sf_-40c_vce1.2v,sf,hbt_typ,-40,1,1.2,0.67,1.394820e-08,0.000121,2.67282E+07,-51.580300,56.503800,56.503802,0.000002,
20260918-203652-4293920,nx1_sf_-40c_vce1.2v,sf,hbt_typ,-40,1,1.2,0.69,3.730490e-08,0.000324,7.09795E+07,-51.549200,56.472900,56.472902,0.000002,
20260918-203652-4293920,nx1_sf_-40c_vce1.2v,sf,hbt_typ,-40,1,1.2,0.71,9.976940e-08,0.000866,1.88759E+08,-51.407000,56.331000,56.331002,0.000002,
20260918-203652-4293920,nx1_sf_-40c_vce1.2v,sf,hbt_typ,-40,1,1.2,0.73,2.667950e-07,0.002316,5.00893E+08,-50.579300,55.504200,55.504203,0.000003,
20260918-203652-4293920,nx1_sf_-40c_vce1.2v,sf,hbt_typ,-40,1,1.2,0.75,7.132100e-07,0.006191,1.32718E+09,-47.127600,52.055000,52.055006,0.000006,
20260918-203652-4293920,nx1_sf_-40c_vce1.2v,sf,hbt_typ,-40,1,1.2,0.77,1.904930e-06,0.016536,3.50748E+09,-40.251200,45.185300,45.185329,0.000029,
20260918-203652-4293920,nx1_sf_-40c_vce1.2v,sf,hbt_typ,-40,1,1.2,0.79,5.075730e-06,0.044060,9.17643E+09,-32.087800,37.041300,37.041492,0.000192,
20260918-203652-4293920,nx1_sf_-40c_vce1.2v,sf,hbt_typ,-40,1,1.2,0.81,1.343650e-05,0.116636,2.35823E+10,-23.820300,28.833900,28.835168,0.001268,
20260918-203652-4293920,nx1_sf_-40c_vce1.2v,sf,hbt_typ,-40,1,1.2,0.83,3.496190e-05,0.303489,5.77791E+10,-15.877800,21.094400,21.101928,0.007528,
20260918-203652-4293920,nx1_sf_-40c_vce1.2v,sf,hbt_typ,-40,1,1.2,0.85,8.725960e-05,0.757462,1.27142E+11,-8.739070,14.605500,14.638942,0.033442,
20260918-203652-4293920,nx1_sf_-40c_vce1.2v,sf,hbt_typ,-40,1,1.2,0.87,2.002060e-04,1.737899,2.31128E+11,-3.026670,10.330900,10.419815,0.088915,
20260918-203652-4293920,nx1_sf_-40c_vce1.2v,sf,hbt_typ,-40,1,1.2,0.89,4.043830e-04,3.510269,3.35613E+11,0.930343,8.184390,8.329207,0.144817,
20260918-203652-4293920,nx1_sf_-40c_vce1.2v,sf,hbt_typ,-40,1,1.2,0.91,7.103200e-04,6.165972,4.11171E+11,3.419990,7.179720,7.361452,0.181732,
20260918-203652-4293920,nx1_sf_-40c_vce1.2v,sf,hbt_typ,-40,1,1.2,0.93,1.107870e-03,9.616927,4.5617E+11,4.978530,6.643140,6.848215,0.205075,
20260918-203652-4293920,nx1_sf_-40c_vce1.2v,sf,hbt_typ,-40,1,1.2,0.95,1.580550e-03,13.720052,4.79411E+11,6.007630,6.305120,6.526378,0.221258,
20260918-203652-4293920,nx1_sf_-40c_vce1.2v,sf,hbt_typ,-40,1,1.2,0.97,2.114630e-03,18.356163,4.89354E+11,6.734850,6.066120,6.299565,0.233445,vbe_high
20260918-203652-4293920,nx1_sf_-40c_vce1.2v,sf,hbt_typ,-40,1,1.2,0.99,2.700070e-03,23.438108,4.87539E+11,7.281360,5.885740,6.128813,0.243073,vbe_high
20260918-203652-4293920,nx1_sf_-40c_vce1.2v,sf,hbt_typ,-40,1,1.2,1.01,3.330530e-03,28.910851,4.74778E+11,7.712740,5.745470,5.996296,0.250826,ic_high;vbe_high
20260918-203652-4293920,nx1_sf_-40c_vce1.2v,sf,hbt_typ,-40,1,1.2,1.03,4.001040e-03,34.731250,4.53552E+11,8.066530,5.635740,5.892798,0.257058,ic_high;vbe_high
20260918-203652-4293920,nx1_sf_-40c_vce1.2v,sf,hbt_typ,-40,1,1.2,1.05,4.708550e-03,40.872830,4.21047E+11,8.365160,5.551360,5.813312,0.261952,ic_high;vbe_high
20260918-203652-4293920,nx1_sf_-40c_vce1.4v,sf,hbt_typ,-40,1,1.4,0.55,3.899820e-11,0.000000,,-51.743300,56.666800,56.666802,0.000002,vbe_low
20260918-203652-4293920,nx1_sf_-40c_vce1.4v,sf,hbt_typ,-40,1,1.4,0.57,1.028620e-10,0.000001,,-51.734400,56.657900,56.657902,0.000002,vbe_low
20260918-203652-4293920,nx1_sf_-40c_vce1.4v,sf,hbt_typ,-40,1,1.4,0.59,2.737080e-10,0.000002,,-51.725300,56.648800,56.648802,0.000002,vbe_low
20260918-203652-4293920,nx1_sf_-40c_vce1.4v,sf,hbt_typ,-40,1,1.4,0.61,7.306890e-10,0.000006,,-51.716200,56.639700,56.639702,0.000002,vbe_low
20260918-203652-4293920,nx1_sf_-40c_vce1.4v,sf,hbt_typ,-40,1,1.4,0.63,1.952970e-09,0.000017,3.79426E+06,-51.706700,56.630300,56.630302,0.000002,vbe_low
20260918-203652-4293920,nx1_sf_-40c_vce1.4v,sf,hbt_typ,-40,1,1.4,0.65,5.222080e-09,0.000045,1.00752E+07,-51.696700,56.620300,56.620302,0.000002,
20260918-203652-4293920,nx1_sf_-40c_vce1.4v,sf,hbt_typ,-40,1,1.4,0.67,1.396550e-08,0.000121,2.68511E+07,-51.684000,56.607500,56.607502,0.000002,
20260918-203652-4293920,nx1_sf_-40c_vce1.4v,sf,hbt_typ,-40,1,1.4,0.69,3.734960e-08,0.000324,7.12856E+07,-51.654000,56.577700,56.577702,0.000002,
20260918-203652-4293920,nx1_sf_-40c_vce1.4v,sf,hbt_typ,-40,1,1.4,0.71,9.988610e-08,0.000867,1.89644E+08,-51.510100,56.434100,56.434102,0.000002,
20260918-203652-4293920,nx1_sf_-40c_vce1.4v,sf,hbt_typ,-40,1,1.4,0.73,2.671050e-07,0.002319,5.0311E+08,-50.664400,55.589300,55.589303,0.000003,
20260918-203652-4293920,nx1_sf_-40c_vce1.4v,sf,hbt_typ,-40,1,1.4,0.75,7.140640e-07,0.006198,1.3337E+09,-47.161200,52.088600,52.088606,0.000006,
20260918-203652-4293920,nx1_sf_-40c_vce1.4v,sf,hbt_typ,-40,1,1.4,0.77,1.907470e-06,0.016558,3.5243E+09,-40.249300,45.183400,45.183429,0.000029,
20260918-203652-4293920,nx1_sf_-40c_vce1.4v,sf,hbt_typ,-40,1,1.4,0.79,5.084460e-06,0.044136,9.22192E+09,-32.075100,37.028700,37.028892,0.000192,
20260918-203652-4293920,nx1_sf_-40c_vce1.4v,sf,hbt_typ,-40,1,1.4,0.81,1.347250e-05,0.116949,2.37382E+10,-23.799200,28.813100,28.814374,0.001274,
20260918-203652-4293920,nx1_sf_-40c_vce1.4v,sf,hbt_typ,-40,1,1.4,0.83,3.513380e-05,0.304981,5.82232E+10,-15.840900,21.059300,21.066889,0.007589,
20260918-203652-4293920,nx1_sf_-40c_vce1.4v,sf,hbt_typ,-40,1,1.4,0.85,8.808630e-05,0.764638,1.2854E+11,-8.675680,14.552400,14.586252,0.033852,
20260918-203652-4293920,nx1_sf_-40c_vce1.4v,sf,hbt_typ,-40,1,1.4,0.87,2.035970e-04,1.767335,2.34302E+11,-2.934020,10.273000,10.363097,0.090097,
20260918-203652-4293920,nx1_sf_-40c_vce1.4v,sf,hbt_typ,-40,1,1.4,0.89,4.148550e-04,3.601172,3.41378E+11,1.037970,8.136770,8.283157,0.146387,
20260918-203652-4293920,nx1_sf_-40c_vce1.4v,sf,hbt_typ,-40,1,1.4,0.91,7.345960e-04,6.376701,4.16881E+11,3.526940,7.141360,7.324670,0.183310,
20260918-203652-4293920,nx1_sf_-40c_vce1.4v,sf,hbt_typ,-40,1,1.4,0.93,1.153120e-03,10.009722,4.61839E+11,5.080170,6.608820,6.815484,0.206664,
20260918-203652-4293920,nx1_sf_-40c_vce1.4v,sf,hbt_typ,-40,1,1.4,0.95,1.653940e-03,14.357118,4.84995E+11,6.107120,6.271550,6.494482,0.222932,
20260918-203652-4293920,nx1_sf_-40c_vce1.4v,sf,hbt_typ,-40,1,1.4,0.97,2.223060e-03,19.297396,4.9358E+11,6.836000,6.032490,6.267701,0.235211,vbe_high
20260918-203652-4293920,nx1_sf_-40c_vce1.4v,sf,hbt_typ,-40,1,1.4,0.99,2.850410e-03,24.743142,4.89834E+11,7.387260,5.852680,6.097559,0.244879,vbe_high
20260918-203652-4293920,nx1_sf_-40c_vce1.4v,sf,hbt_typ,-40,1,1.4,1.01,3.529610e-03,30.638976,4.74082E+11,7.825480,5.714580,5.967145,0.252565,ic_high;vbe_high
20260918-203652-4293920,nx1_sf_-40c_vce1.4v,sf,hbt_typ,-40,1,1.4,1.03,4.256330e-03,36.947309,4.49187E+11,8.187260,5.609460,5.868032,0.258572,ic_high;vbe_high
20260918-203652-4293920,nx1_sf_-40c_vce1.4v,sf,hbt_typ,-40,1,1.4,1.05,5.027610e-03,43.642448,4.12937E+11,8.494280,5.532920,5.795953,0.263033,ic_high;vbe_high
20260918-203652-4293920,nx1_sf_125c_vce0.6v,sf,hbt_typ,125,1,0.6,0.55,2.179640e-06,0.018920,2.30199E+09,-43.408500,50.663100,50.663088,-0.000012,vbe_low
20260918-203652-4293920,nx1_sf_125c_vce0.6v,sf,hbt_typ,125,1,0.6,0.57,3.811780e-06,0.033088,3.98994E+09,-39.144600,46.404700,46.404668,-0.000032,vbe_low
20260918-203652-4293920,nx1_sf_125c_vce0.6v,sf,hbt_typ,125,1,0.6,0.59,6.658740e-06,0.057802,6.87838E+09,-34.537100,41.807000,41.806906,-0.000094,vbe_low
20260918-203652-4293920,nx1_sf_125c_vce0.6v,sf,hbt_typ,125,1,0.6,0.61,1.160980e-05,0.100780,1.17503E+10,-29.829700,37.117700,37.117425,-0.000275,vbe_low
20260918-203652-4293920,nx1_sf_125c_vce0.6v,sf,hbt_typ,125,1,0.6,0.63,2.017570e-05,0.175136,1.99099E+10,-25.137400,32.459700,32.458895,-0.000805,vbe_low
20260918-203652-4293920,nx1_sf_125c_vce0.6v,sf,hbt_typ,125,1,0.6,0.65,3.486560e-05,0.302653,3.2991E+10,-20.533900,27.922700,27.920412,-0.002288,
20260918-203652-4293920,nx1_sf_125c_vce0.6v,sf,hbt_typ,125,1,0.6,0.67,5.969290e-05,0.518168,5.32616E+10,-16.094800,23.614200,23.608026,-0.006174,
20260918-203652-4293920,nx1_sf_125c_vce0.6v,sf,hbt_typ,125,1,0.6,0.69,1.006930e-04,0.874071,8.22774E+10,-11.915100,19.685600,19.670329,-0.015271,
20260918-203652-4293920,nx1_sf_125c_vce0.6v,sf,hbt_typ,125,1,0.6,0.71,1.661080e-04,1.441910,1.20028E+11,-8.106310,16.322800,16.289607,-0.033193,
20260918-203652-4293920,nx1_sf_125c_vce0.6v,sf,hbt_typ,125,1,0.6,0.73,2.656930e-04,2.306363,1.63218E+11,-4.773250,13.676600,13.615355,-0.061245,
20260918-203652-4293920,nx1_sf_125c_vce0.6v,sf,hbt_typ,125,1,0.6,0.75,4.088970e-04,3.549453,2.06063E+11,-1.977770,11.765700,11.670230,-0.095470,
20260918-203652-4293920,nx1_sf_125c_vce0.6v,sf,hbt_typ,125,1,0.6,0.77,6.026320e-04,5.231181,2.43122E+11,0.284577,10.462500,10.333118,-0.129382,
20260918-203652-4293920,nx1_sf_125c_vce0.6v,sf,hbt_typ,125,1,0.6,0.79,8.499670e-04,7.378186,2.7007E+11,2.075260,9.584830,9.425935,-0.158895,
20260918-203652-4293920,nx1_sf_125c_vce0.6v,sf,hbt_typ,125,1,0.6,0.81,1.150380e-03,9.985938,2.86535E+11,3.482050,8.979770,8.796614,-0.183156,
20260918-203652-4293920,nx1_sf_125c_vce0.6v,sf,hbt_typ,125,1,0.6,0.83,1.500910e-03,13.028733,2.93543E+11,4.590930,8.546160,8.343318,-0.202842,
20260918-203652-4293920,nx1_sf_125c_vce0.6v,sf,hbt_typ,125,1,0.6,0.85,1.897400e-03,16.470486,2.93828E+11,5.470690,8.224140,8.005286,-0.218854,
20260918-203652-4293920,nx1_sf_125c_vce0.6v,sf,hbt_typ,125,1,0.6,0.87,2.334970e-03,20.268837,2.87295E+11,6.158150,7.981990,7.750246,-0.231744,
20260918-203652-4293920,nx1_sf_125c_vce0.6v,sf,hbt_typ,125,1,0.6,0.89,2.806350e-03,24.360677,2.64792E+11,6.577890,7.820810,7.580056,-0.240754,
20260918-203652-4293920,nx1_sf_125c_vce0.6v,sf,hbt_typ,125,1,0.6,0.91,3.290430e-03,28.562760,1.9916E+11,6.238650,7.830180,7.589960,-0.240220,ic_high
20260918-203652-4293920,nx1_sf_125c_vce0.6v,sf,hbt_typ,125,1,0.6,0.93,3.740940e-03,32.473437,1.13722E+11,4.911810,8.087140,7.861086,-0.226054,ic_high
20260918-203652-4293920,nx1_sf_125c_vce0.6v,sf,hbt_typ,125,1,0.6,0.95,4.144810e-03,35.979253,6.7877E+10,3.863680,8.323870,8.110109,-0.213761,ic_high
20260918-203652-4293920,nx1_sf_125c_vce0.6v,sf,hbt_typ,125,1,0.6,0.97,4.528250e-03,39.307726,4.53256E+10,3.380700,8.430120,8.221651,-0.208469,ic_high;vbe_high
20260918-203652-4293920,nx1_sf_125c_vce0.6v,sf,hbt_typ,125,1,0.6,0.99,4.907160e-03,42.596875,3.12812E+10,2.974930,8.546710,8.343894,-0.202816,ic_high;vbe_high
20260918-203652-4293920,nx1_sf_125c_vce0.6v,sf,hbt_typ,125,1,0.6,1.01,5.277780e-03,45.814062,2.05227E+10,2.088730,8.880240,8.692745,-0.187495,ic_high;vbe_high
20260918-203652-4293920,nx1_sf_125c_vce0.6v,sf,hbt_typ,125,1,0.6,1.03,5.621830e-03,48.800608,1.22589E+10,0.282986,9.676740,9.521233,-0.155507,ic_high;vbe_high
20260918-203652-4293920,nx1_sf_125c_vce0.6v,sf,hbt_typ,125,1,0.6,1.05,5.918360e-03,51.374653,6.63108E+09,-2.620200,11.239300,11.131374,-0.107926,ic_high;vbe_high
20260918-203652-4293920,nx1_sf_125c_vce0.8v,sf,hbt_typ,125,1,0.8,0.55,2.182060e-06,0.018941,2.32758E+09,-43.453300,50.708000,50.707988,-0.000012,vbe_low
20260918-203652-4293920,nx1_sf_125c_vce0.8v,sf,hbt_typ,125,1,0.8,0.57,3.816500e-06,0.033129,4.03417E+09,-39.155600,46.415700,46.415668,-0.000032,vbe_low
20260918-203652-4293920,nx1_sf_125c_vce0.8v,sf,hbt_typ,125,1,0.8,0.59,6.668430e-06,0.057886,6.96284E+09,-34.532900,41.802800,41.802706,-0.000094,vbe_low
20260918-203652-4293920,nx1_sf_125c_vce0.8v,sf,hbt_typ,125,1,0.8,0.61,1.163090e-05,0.100963,1.19146E+10,-29.817700,37.105800,37.105524,-0.000276,vbe_low
20260918-203652-4293920,nx1_sf_125c_vce0.8v,sf,hbt_typ,125,1,0.8,0.63,2.022400e-05,0.175556,2.01872E+10,-25.119300,32.441800,32.440992,-0.000808,vbe_low
20260918-203652-4293920,nx1_sf_125c_vce0.8v,sf,hbt_typ,125,1,0.8,0.65,3.498160e-05,0.303660,3.35499E+10,-20.508400,27.897700,27.895398,-0.002302,
20260918-203652-4293920,nx1_sf_125c_vce0.8v,sf,hbt_typ,125,1,0.8,0.67,5.997790e-05,0.520641,5.42747E+10,-16.059300,23.580300,23.574078,-0.006222,
20260918-203652-4293920,nx1_sf_125c_vce0.8v,sf,hbt_typ,125,1,0.8,0.69,1.013900e-04,0.880122,8.39811E+10,-11.866300,19.641200,19.625772,-0.015428,
20260918-203652-4293920,nx1_sf_125c_vce0.8v,sf,hbt_typ,125,1,0.8,0.71,1.677500e-04,1.456163,1.23117E+11,-8.041760,16.269000,16.235391,-0.033609,
20260918-203652-4293920,nx1_sf_125c_vce0.8v,sf,hbt_typ,125,1,0.8,0.73,2.693220e-04,2.337865,1.678E+11,-4.692800,13.618400,13.556323,-0.062077,
20260918-203652-4293920,nx1_sf_125c_vce0.8v,sf,hbt_typ,125,1,0.8,0.75,4.162590e-04,3.613359,2.13082E+11,-1.884390,11.709200,11.612466,-0.096734,
20260918-203652-4293920,nx1_sf_125c_vce0.8v,sf,hbt_typ,125,1,0.8,0.77,6.162120e-04,5.349062,2.53365E+11,0.385886,10.411700,10.280772,-0.130928,
20260918-203652-4293920,nx1_sf_125c_vce0.8v,sf,hbt_typ,125,1,0.8,0.79,8.728290e-04,7.576641,2.85076E+11,2.179550,9.540710,9.380162,-0.160548,
20260918-203652-4293920,nx1_sf_125c_vce0.8v,sf,hbt_typ,125,1,0.8,0.81,1.185890e-03,10.294184,3.07852E+11,3.585750,8.941600,8.756792,-0.184808,
20260918-203652-4293920,nx1_sf_125c_vce0.8v,sf,hbt_typ,125,1,0.8,0.83,1.552530e-03,13.476823,3.22055E+11,4.692350,8.513030,8.308597,-0.204433,
20260918-203652-4293920,nx1_sf_125c_vce0.8v,sf,hbt_typ,125,1,0.8,0.85,1.968530e-03,17.087934,3.26277E+11,5.571890,8.194990,7.974624,-0.220366,
20260918-203652-4293920,nx1_sf_125c_vce0.8v,sf,hbt_typ,125,1,0.8,0.87,2.429260e-03,21.087326,3.21735E+11,6.279530,7.952750,7.719398,-0.233352,
20260918-203652-4293920,nx1_sf_125c_vce0.8v,sf,hbt_typ,125,1,0.8,0.89,2.930180e-03,25.435590,3.0835E+11,6.854730,7.766030,7.522133,-0.243897,
20260918-203652-4293920,nx1_sf_125c_vce0.8v,sf,hbt_typ,125,1,0.8,0.91,3.466880e-03,30.094444,2.88264E+11,7.316870,7.624120,7.371882,-0.252238,ic_high
20260918-203652-4293920,nx1_sf_125c_vce0.8v,sf,hbt_typ,125,1,0.8,0.93,4.033180e-03,35.010243,2.56067E+11,7.600910,7.533660,7.275952,-0.257708,ic_high
20260918-203652-4293920,nx1_sf_125c_vce0.8v,sf,hbt_typ,125,1,0.8,0.95,4.608180e-03,40.001562,1.8401E+11,7.232520,7.574220,7.318980,-0.255240,ic_high
20260918-203652-4293920,nx1_sf_125c_vce0.8v,sf,hbt_typ,125,1,0.8,0.97,5.141160e-03,44.628125,1.02434E+11,5.972840,7.810030,7.568661,-0.241369,ic_high;vbe_high
20260918-203652-4293920,nx1_sf_125c_vce0.8v,sf,hbt_typ,125,1,0.8,0.99,5.621370e-03,48.796615,6.20068E+10,5.008600,8.021270,7.791669,-0.229601,ic_high;vbe_high
20260918-203652-4293920,nx1_sf_125c_vce0.8v,sf,hbt_typ,125,1,0.8,1.01,6.079400e-03,52.772569,4.258E+10,4.556360,8.136930,7.913521,-0.223409,ic_high;vbe_high
20260918-203652-4293920,nx1_sf_125c_vce0.8v,sf,hbt_typ,125,1,0.8,1.03,6.534350e-03,56.721788,3.10883E+10,4.252560,8.244940,8.027158,-0.217782,ic_high;vbe_high
20260918-203652-4293920,nx1_sf_125c_vce0.8v,sf,hbt_typ,125,1,0.8,1.05,6.986560e-03,60.647222,2.24039E+10,3.653690,8.476930,8.270750,-0.206180,ic_high;vbe_high
20260918-203652-4293920,nx1_sf_125c_vce1.0v,sf,hbt_typ,125,1,1.0,0.55,2.184480e-06,0.018963,2.34716E+09,-43.480600,50.735200,50.735188,-0.000012,vbe_low
20260918-203652-4293920,nx1_sf_125c_vce1.0v,sf,hbt_typ,125,1,1.0,0.57,3.821200e-06,0.033170,4.06558E+09,-39.159500,46.419600,46.419568,-0.000032,vbe_low
20260918-203652-4293920,nx1_sf_125c_vce1.0v,sf,hbt_typ,125,1,1.0,0.59,6.678030e-06,0.057969,7.02224E+09,-34.526100,41.796100,41.796006,-0.000094,vbe_low
20260918-203652-4293920,nx1_sf_125c_vce1.0v,sf,hbt_typ,125,1,1.0,0.61,1.165170e-05,0.101143,1.2029E+10,-29.804900,37.093100,37.092823,-0.000277,vbe_low
20260918-203652-4293920,nx1_sf_125c_vce1.0v,sf,hbt_typ,125,1,1.0,0.63,2.027200e-05,0.175972,2.03802E+10,-25.101000,32.423700,32.422888,-0.000812,vbe_low
20260918-203652-4293920,nx1_sf_125c_vce1.0v,sf,hbt_typ,125,1,1.0,0.65,3.509730e-05,0.304664,3.39419E+10,-20.483000,27.872900,27.870585,-0.002315,
20260918-203652-4293920,nx1_sf_125c_vce1.0v,sf,hbt_typ,125,1,1.0,0.67,6.026390e-05,0.523124,5.49774E+10,-16.023800,23.546400,23.540129,-0.006271,
20260918-203652-4293920,nx1_sf_125c_vce1.0v,sf,hbt_typ,125,1,1.0,0.69,1.020940e-04,0.886233,8.52894E+10,-11.817400,19.596700,19.581112,-0.015588,
20260918-203652-4293920,nx1_sf_125c_vce1.0v,sf,hbt_typ,125,1,1.0,0.71,1.694280e-04,1.470729,1.2523E+11,-7.976690,16.214900,16.180868,-0.034032,
20260918-203652-4293920,nx1_sf_125c_vce1.0v,sf,hbt_typ,125,1,1.0,0.73,2.730700e-04,2.370399,1.71294E+11,-4.611280,13.559700,13.496772,-0.062928,
20260918-203652-4293920,nx1_sf_125c_vce1.0v,sf,hbt_typ,125,1,1.0,0.75,4.239450e-04,3.680078,2.17975E+11,-1.789340,11.652100,11.554071,-0.098029,
20260918-203652-4293920,nx1_sf_125c_vce1.0v,sf,hbt_typ,125,1,1.0,0.77,6.305430e-04,5.473464,2.59159E+11,0.489308,10.360300,10.227789,-0.132511,
20260918-203652-4293920,nx1_sf_125c_vce1.0v,sf,hbt_typ,125,1,1.0,0.79,8.971890e-04,7.788099,2.92118E+11,2.286060,9.495990,9.333749,-0.162241,
20260918-203652-4293920,nx1_sf_125c_vce1.0v,sf,hbt_typ,125,1,1.0,0.81,1.224050e-03,10.625434,3.16781E+11,3.691410,8.902970,8.716475,-0.186495,
20260918-203652-4293920,nx1_sf_125c_vce1.0v,sf,hbt_typ,125,1,1.0,0.83,1.608360e-03,13.961458,3.32279E+11,4.794870,8.479760,8.273717,-0.206043,
20260918-203652-4293920,nx1_sf_125c_vce1.0v,sf,hbt_typ,125,1,1.0,0.85,2.045840e-03,17.759028,3.41583E+11,5.670350,8.166810,7.944972,-0.221838,
20260918-203652-4293920,nx1_sf_125c_vce1.0v,sf,hbt_typ,125,1,1.0,0.87,2.531720e-03,21.976736,3.43086E+11,6.373770,7.930020,7.695409,-0.234611,
20260918-203652-4293920,nx1_sf_125c_vce1.0v,sf,hbt_typ,125,1,1.0,0.89,3.061280e-03,26.573611,3.34094E+11,6.945670,7.749530,7.504678,-0.244852,ic_high
20260918-203652-4293920,nx1_sf_125c_vce1.0v,sf,hbt_typ,125,1,1.0,0.91,3.630140e-03,31.511632,3.15705E+11,7.415250,7.613340,7.360456,-0.252884,ic_high
20260918-203652-4293920,nx1_sf_125c_vce1.0v,sf,hbt_typ,125,1,1.0,0.93,4.234260e-03,36.755729,2.89284E+11,7.802610,7.514140,7.255236,-0.258904,ic_high
20260918-203652-4293920,nx1_sf_125c_vce1.0v,sf,hbt_typ,125,1,1.0,0.95,4.869580e-03,42.270660,2.54404E+11,8.106050,7.449810,7.186923,-0.262887,ic_high
20260918-203652-4293920,nx1_sf_125c_vce1.0v,sf,hbt_typ,125,1,1.0,0.97,5.527430e-03,47.981163,2.04906E+11,8.169240,7.443110,7.179805,-0.263305,ic_high;vbe_high
20260918-203652-4293920,nx1_sf_125c_vce1.0v,sf,hbt_typ,125,1,1.0,0.99,6.171100e-03,53.568576,1.26824E+11,7.384960,7.593070,7.338968,-0.254102,ic_high;vbe_high
20260918-203652-4293920,nx1_sf_125c_vce1.0v,sf,hbt_typ,125,1,1.0,1.01,6.753440e-03,58.623611,7.2955E+10,6.228970,7.839200,7.599492,-0.239708,ic_high;vbe_high
20260918-203652-4293920,nx1_sf_125c_vce1.0v,sf,hbt_typ,125,1,1.0,1.03,7.291630e-03,63.295399,4.8317E+10,5.526330,8.027250,7.797973,-0.229277,ic_high;vbe_high
20260918-203652-4293920,nx1_sf_125c_vce1.0v,sf,hbt_typ,125,1,1.0,1.05,7.815240e-03,67.840625,3.54414E+10,5.152390,8.173400,7.951907,-0.221493,ic_high;vbe_high
20260918-203652-4293920,nx1_sf_125c_vce1.2v,sf,hbt_typ,125,1,1.2,0.55,2.187440e-06,0.018988,2.36305E+09,-43.497400,50.752100,50.752088,-0.000012,vbe_low
20260918-203652-4293920,nx1_sf_125c_vce1.2v,sf,hbt_typ,125,1,1.2,0.57,3.826690e-06,0.033218,4.09088E+09,-39.158600,46.418700,46.418668,-0.000032,vbe_low
20260918-203652-4293920,nx1_sf_125c_vce1.2v,sf,hbt_typ,125,1,1.2,0.59,6.688810e-06,0.058063,7.06969E+09,-34.517000,41.787000,41.786906,-0.000094,vbe_low
20260918-203652-4293920,nx1_sf_125c_vce1.2v,sf,hbt_typ,125,1,1.2,0.61,1.167430e-05,0.101339,1.21201E+10,-29.790800,37.079100,37.078822,-0.000278,vbe_low
20260918-203652-4293920,nx1_sf_125c_vce1.2v,sf,hbt_typ,125,1,1.2,0.63,2.032260e-05,0.176411,2.05341E+10,-25.081800,32.404700,32.403885,-0.000815,vbe_low
20260918-203652-4293920,nx1_sf_125c_vce1.2v,sf,hbt_typ,125,1,1.2,0.65,3.521730e-05,0.305706,3.42553E+10,-20.456900,27.847300,27.844972,-0.002328,
20260918-203652-4293920,nx1_sf_125c_vce1.2v,sf,hbt_typ,125,1,1.2,0.67,6.055800e-05,0.525677,5.55435E+10,-15.987800,23.511900,23.505579,-0.006321,
20260918-203652-4293920,nx1_sf_125c_vce1.2v,sf,hbt_typ,125,1,1.2,0.69,1.028180e-04,0.892517,8.63499E+10,-11.767800,19.551500,19.535749,-0.015751,
20260918-203652-4293920,nx1_sf_125c_vce1.2v,sf,hbt_typ,125,1,1.2,0.71,1.711570e-04,1.485738,1.26948E+11,-7.910650,16.160100,16.125635,-0.034465,
20260918-203652-4293920,nx1_sf_125c_vce1.2v,sf,hbt_typ,125,1,1.2,0.73,2.769620e-04,2.404184,1.74112E+11,-4.528380,13.500100,13.436296,-0.063804,
20260918-203652-4293920,nx1_sf_125c_vce1.2v,sf,hbt_typ,125,1,1.2,0.75,4.320040e-04,3.750035,2.21843E+11,-1.692440,11.594200,11.494840,-0.099360,
20260918-203652-4293920,nx1_sf_125c_vce1.2v,sf,hbt_typ,125,1,1.2,0.77,6.457270e-04,5.605269,2.63587E+11,0.595046,10.308200,10.174065,-0.134135,
20260918-203652-4293920,nx1_sf_125c_vce1.2v,sf,hbt_typ,125,1,1.2,0.79,9.232530e-04,8.014349,2.97237E+11,2.395340,9.450540,9.286560,-0.163980,
20260918-203652-4293920,nx1_sf_125c_vce1.2v,sf,hbt_typ,125,1,1.2,0.81,1.265240e-03,10.982986,3.2272E+11,3.800220,8.863610,8.675380,-0.188230,
20260918-203652-4293920,nx1_sf_125c_vce1.2v,sf,hbt_typ,125,1,1.2,0.83,1.669100e-03,14.488715,3.39101E+11,4.900710,8.445920,8.238226,-0.207694,
20260918-203652-4293920,nx1_sf_125c_vce1.2v,sf,hbt_typ,125,1,1.2,0.85,2.130530e-03,18.494184,3.48807E+11,5.771870,8.138520,7.915194,-0.223326,
20260918-203652-4293920,nx1_sf_125c_vce1.2v,sf,hbt_typ,125,1,1.2,0.87,2.644620e-03,22.956771,3.51010E+11,6.470330,7.907990,7.672153,-0.235837,
20260918-203652-4293920,nx1_sf_125c_vce1.2v,sf,hbt_typ,125,1,1.2,0.89,3.206460e-03,27.833854,3.4558E+11,7.037160,7.735100,7.489409,-0.245691,ic_high
20260918-203652-4293920,nx1_sf_125c_vce1.2v,sf,hbt_typ,125,1,1.2,0.91,3.811450e-03,33.085503,3.31241E+11,7.501740,7.608430,7.355252,-0.253178,ic_high
20260918-203652-4293920,nx1_sf_125c_vce1.2v,sf,hbt_typ,125,1,1.2,0.93,4.455330e-03,38.674740,3.04279E+11,7.884550,7.521150,7.262676,-0.258474,ic_high
20260918-203652-4293920,nx1_sf_125c_vce1.2v,sf,hbt_typ,125,1,1.2,0.95,5.134210e-03,44.567795,2.69022E+11,8.200590,7.468970,7.207276,-0.261694,ic_high
20260918-203652-4293920,nx1_sf_125c_vce1.2v,sf,hbt_typ,125,1,1.2,0.97,5.844280e-03,50.731597,2.30318E+11,8.454300,7.450260,7.187401,-0.262859,ic_high;vbe_high
20260918-203652-4293920,nx1_sf_125c_vce1.2v,sf,hbt_typ,125,1,1.2,0.99,6.579260e-03,57.111632,1.82777E+11,8.568450,7.475670,7.214392,-0.261278,ic_high;vbe_high
20260918-203652-4293920,nx1_sf_125c_vce1.2v,sf,hbt_typ,125,1,1.2,1.01,7.310620e-03,63.460243,1.20335E+11,8.044770,7.617760,7.365141,-0.252619,ic_high;vbe_high
20260918-203652-4293920,nx1_sf_125c_vce1.2v,sf,hbt_typ,125,1,1.2,1.03,7.981600e-03,69.284722,7.13707E+10,6.943240,7.877420,7.639871,-0.237549,ic_high;vbe_high
20260918-203652-4293920,nx1_sf_125c_vce1.2v,sf,hbt_typ,125,1,1.2,1.05,8.596440e-03,74.621875,4.75187E+10,6.147670,8.116070,7.891557,-0.224513,ic_high;vbe_high
20260918-203652-4293920,nx1_sf_125c_vce1.4v,sf,hbt_typ,125,1,1.4,0.55,2.192330e-06,0.019031,2.37819E+09,-43.503300,50.757900,50.757888,-0.000012,vbe_low
20260918-203652-4293920,nx1_sf_125c_vce1.4v,sf,hbt_typ,125,1,1.4,0.57,3.835260e-06,0.033292,4.11462E+09,-39.150000,46.410100,46.410068,-0.000032,vbe_low
20260918-203652-4293920,nx1_sf_125c_vce1.4v,sf,hbt_typ,125,1,1.4,0.59,6.704470e-06,0.058199,7.11352E+09,-34.501900,41.772000,41.771906,-0.000094,vbe_low
20260918-203652-4293920,nx1_sf_125c_vce1.4v,sf,hbt_typ,125,1,1.4,0.61,1.170470e-05,0.101603,1.22031E+10,-29.771700,37.060000,37.059721,-0.000279,vbe_low
20260918-203652-4293920,nx1_sf_125c_vce1.4v,sf,hbt_typ,125,1,1.4,0.63,2.038570e-05,0.176959,2.06733E+10,-25.058200,32.381300,32.380480,-0.000820,vbe_low
20260918-203652-4293920,nx1_sf_125c_vce1.4v,sf,hbt_typ,125,1,1.4,0.65,3.535750e-05,0.306923,3.45371E+10,-20.426600,27.817500,27.815156,-0.002344,
20260918-203652-4293920,nx1_sf_125c_vce1.4v,sf,hbt_typ,125,1,1.4,0.67,6.088640e-05,0.528528,5.6052E+10,-15.947600,23.473400,23.467022,-0.006378,
20260918-203652-4293920,nx1_sf_125c_vce1.4v,sf,hbt_typ,125,1,1.4,0.69,1.036030e-04,0.899332,8.73014E+10,-11.714100,19.502500,19.486570,-0.015930,
20260918-203652-4293920,nx1_sf_125c_vce1.4v,sf,hbt_typ,125,1,1.4,0.71,1.730080e-04,1.501806,1.28487E+11,-7.840620,16.101700,16.066766,-0.034934,
20260918-203652-4293920,nx1_sf_125c_vce1.4v,sf,hbt_typ,125,1,1.4,0.73,2.811110e-04,2.440200,1.76611E+11,-4.441800,13.437600,13.372864,-0.064736,
20260918-203652-4293920,nx1_sf_125c_vce1.4v,sf,hbt_typ,125,1,1.4,0.75,4.406120e-04,3.824757,2.2522E+11,-1.592620,11.534500,11.433749,-0.100751,
20260918-203652-4293920,nx1_sf_125c_vce1.4v,sf,hbt_typ,125,1,1.4,0.77,6.620180e-04,5.746684,2.67906E+11,0.702716,10.255100,10.119289,-0.135811,
20260918-203652-4293920,nx1_sf_125c_vce1.4v,sf,hbt_typ,125,1,1.4,0.79,9.513860e-04,8.258559,3.02279E+11,2.505900,9.404650,9.238894,-0.165756,
20260918-203652-4293920,nx1_sf_125c_vce1.4v,sf,hbt_typ,125,1,1.4,0.81,1.310000e-03,11.371528,3.27389E+11,3.910500,8.823950,8.633955,-0.189995,
20260918-203652-4293920,nx1_sf_125c_vce1.4v,sf,hbt_typ,125,1,1.4,0.83,1.735580e-03,15.065799,3.44269E+11,5.008950,8.411810,8.202439,-0.209371,
20260918-203652-4293920,nx1_sf_125c_vce1.4v,sf,hbt_typ,125,1,1.4,0.85,2.223890e-03,19.304601,3.53477E+11,5.876760,8.110250,7.885428,-0.224822,
20260918-203652-4293920,nx1_sf_125c_vce1.4v,sf,hbt_typ,125,1,1.4,0.87,2.769910e-03,24.044358,3.55007E+11,6.570560,7.886820,7.649799,-0.237021,
20260918-203652-4293920,nx1_sf_125c_vce1.4v,sf,hbt_typ,125,1,1.4,0.89,3.368530e-03,29.240712,3.48693E+11,7.131660,7.723050,7.476657,-0.246393,ic_high
20260918-203652-4293920,nx1_sf_125c_vce1.4v,sf,hbt_typ,125,1,1.4,0.91,4.014870e-03,34.851302,3.33478E+11,7.589690,7.608220,7.355029,-0.253191,ic_high
20260918-203652-4293920,nx1_sf_125c_vce1.4v,sf,hbt_typ,125,1,1.4,0.93,4.704420e-03,40.836979,3.11455E+11,7.965610,7.536100,7.278541,-0.257559,ic_high
20260918-203652-4293920,nx1_sf_125c_vce1.4v,sf,hbt_typ,125,1,1.4,0.95,5.432900e-03,47.160590,2.7619E+11,8.273510,7.503240,7.243665,-0.259575,ic_high
20260918-203652-4293920,nx1_sf_125c_vce1.4v,sf,hbt_typ,125,1,1.4,0.97,6.196190e-03,53.786372,2.30588E+11,8.522760,7.507810,7.248517,-0.259293,ic_high;vbe_high
20260918-203652-4293920,nx1_sf_125c_vce1.4v,sf,hbt_typ,125,1,1.4,0.99,6.990050e-03,60.677517,1.85644E+11,8.715050,7.549640,7.292907,-0.256733,ic_high;vbe_high
20260918-203652-4293920,nx1_sf_125c_vce1.4v,sf,hbt_typ,125,1,1.4,1.01,7.807150e-03,67.770399,1.3987E+11,8.768800,7.639770,7.388466,-0.251304,ic_high;vbe_high
20260918-203652-4293920,nx1_sf_125c_vce1.4v,sf,hbt_typ,125,1,1.4,1.03,8.613940e-03,74.773785,9.01414E+10,8.196790,7.843320,7.603846,-0.239474,ic_high;vbe_high
20260918-203652-4293920,nx1_sf_125c_vce1.4v,sf,hbt_typ,125,1,1.4,1.05,9.352150e-03,81.181858,5.68289E+10,7.156610,8.142690,7.919584,-0.223106,ic_high;vbe_high
20260918-203652-4293920,nx1_fs_-40c_vce0.6v,fs,hbt_typ,-40,1,0.6,0.55,3.802450e-11,0.000000,,-51.238800,56.162300,56.162302,0.000002,vbe_low
20260918-203652-4293920,nx1_fs_-40c_vce0.6v,fs,hbt_typ,-40,1,0.6,0.57,1.016080e-10,0.000001,,-51.219800,56.143200,56.143202,0.000002,vbe_low
20260918-203652-4293920,nx1_fs_-40c_vce0.6v,fs,hbt_typ,-40,1,0.6,0.59,2.717190e-10,0.000002,,-51.200100,56.123600,56.123602,0.000002,vbe_low
20260918-203652-4293920,nx1_fs_-40c_vce0.6v,fs,hbt_typ,-40,1,0.6,0.61,7.267730e-10,0.000006,,-51.179900,56.103400,56.103402,0.000002,vbe_low
20260918-203652-4293920,nx1_fs_-40c_vce0.6v,fs,hbt_typ,-40,1,0.6,0.63,1.943990e-09,0.000017,3.71047E+06,-51.158900,56.082400,56.082402,0.000002,vbe_low
20260918-203652-4293920,nx1_fs_-40c_vce0.6v,fs,hbt_typ,-40,1,0.6,0.65,5.199770e-09,0.000045,9.86427E+06,-51.136900,56.060400,56.060402,0.000002,
20260918-203652-4293920,nx1_fs_-40c_vce0.6v,fs,hbt_typ,-40,1,0.6,0.67,1.390800e-08,0.000121,2.62346E+07,-51.111800,56.035400,56.035402,0.000002,
20260918-203652-4293920,nx1_fs_-40c_vce0.6v,fs,hbt_typ,-40,1,0.6,0.69,3.719880e-08,0.000323,6.97318E+07,-51.071300,55.994900,55.994902,0.000002,
20260918-203652-4293920,nx1_fs_-40c_vce0.6v,fs,hbt_typ,-40,1,0.6,0.71,9.948540e-08,0.000864,1.85084E+08,-50.931000,55.855100,55.855103,0.000003,
20260918-203652-4293920,nx1_fs_-40c_vce0.6v,fs,hbt_typ,-40,1,0.6,0.73,2.660190e-07,0.002309,4.91568E+08,-50.174100,55.099100,55.099103,0.000003,
20260918-203652-4293920,nx1_fs_-40c_vce0.6v,fs,hbt_typ,-40,1,0.6,0.75,7.110070e-07,0.006172,1.2994E+09,-46.947400,51.874800,51.874806,0.000006,
20260918-203652-4293920,nx1_fs_-40c_vce0.6v,fs,hbt_typ,-40,1,0.6,0.77,1.898130e-06,0.016477,3.43554E+09,-40.236200,45.170300,45.170329,0.000029,
20260918-203652-4293920,nx1_fs_-40c_vce0.6v,fs,hbt_typ,-40,1,0.6,0.79,5.051520e-06,0.043850,8.98311E+09,-32.120000,37.073400,37.073590,0.000190,
20260918-203652-4293920,nx1_fs_-40c_vce0.6v,fs,hbt_typ,-40,1,0.6,0.81,1.333370e-05,0.115744,2.29945E+10,-23.880400,28.893200,28.894451,0.001251,
20260918-203652-4293920,nx1_fs_-40c_vce0.6v,fs,hbt_typ,-40,1,0.6,0.83,3.446830e-05,0.299204,5.60204E+10,-15.984300,21.195800,21.203155,0.007355,
20260918-203652-4293920,nx1_fs_-40c_vce0.6v,fs,hbt_typ,-40,1,0.6,0.85,8.491760e-05,0.737132,1.21825E+11,-8.921660,14.758700,14.790988,0.032288,
20260918-203652-4293920,nx1_fs_-40c_vce0.6v,fs,hbt_typ,-40,1,0.6,0.87,1.908980e-04,1.657101,2.19148E+11,-3.290870,10.497700,10.583298,0.085598,
20260918-203652-4293920,nx1_fs_-40c_vce0.6v,fs,hbt_typ,-40,1,0.6,0.89,3.765890e-04,3.269002,3.1659E+11,0.625167,8.321560,8.461947,0.140387,
20260918-203652-4293920,nx1_fs_-40c_vce0.6v,fs,hbt_typ,-40,1,0.6,0.91,6.478110e-04,5.623359,3.86867E+11,3.118170,7.289010,7.466316,0.177306,
20260918-203652-4293920,nx1_fs_-40c_vce0.6v,fs,hbt_typ,-40,1,0.6,0.93,9.938110e-04,8.626832,4.28956E+11,4.693690,6.739590,6.940263,0.200673,
20260918-203652-4293920,nx1_fs_-40c_vce0.6v,fs,hbt_typ,-40,1,0.6,0.95,1.399500e-03,12.148438,4.51494E+11,5.734170,6.398400,6.615072,0.216672,
20260918-203652-4293920,nx1_fs_-40c_vce0.6v,fs,hbt_typ,-40,1,0.6,0.97,1.852150e-03,16.077691,4.5861E+11,6.462280,6.160230,6.388800,0.228570,vbe_high
20260918-203652-4293920,nx1_fs_-40c_vce0.6v,fs,hbt_typ,-40,1,0.6,0.99,2.342500e-03,20.334201,4.55331E+11,6.999730,5.981250,6.219178,0.237928,vbe_high
20260918-203652-4293920,nx1_fs_-40c_vce0.6v,fs,hbt_typ,-40,1,0.6,1.01,2.863770e-03,24.859115,4.42065E+11,7.409820,5.841500,6.086993,0.245493,vbe_high
20260918-203652-4293920,nx1_fs_-40c_vce0.6v,fs,hbt_typ,-40,1,0.6,1.03,3.408820e-03,29.590451,3.71305E+11,7.555510,5.759400,6.009445,0.250045,ic_high;vbe_high
20260918-203652-4293920,nx1_fs_-40c_vce0.6v,fs,hbt_typ,-40,1,0.6,1.05,3.916920e-03,34.001042,8.93576E+10,5.008440,6.236880,6.461553,0.224673,ic_high;vbe_high
20260918-203652-4293920,nx1_fs_-40c_vce0.8v,fs,hbt_typ,-40,1,0.8,0.55,3.826030e-11,0.000000,,-51.404800,56.328200,56.328202,0.000002,vbe_low
20260918-203652-4293920,nx1_fs_-40c_vce0.8v,fs,hbt_typ,-40,1,0.8,0.57,1.019030e-10,0.000001,,-51.389900,56.313400,56.313402,0.000002,vbe_low
20260918-203652-4293920,nx1_fs_-40c_vce0.8v,fs,hbt_typ,-40,1,0.8,0.59,2.721740e-10,0.000002,,-51.374700,56.298100,56.298102,0.000002,vbe_low
20260918-203652-4293920,nx1_fs_-40c_vce0.8v,fs,hbt_typ,-40,1,0.8,0.61,7.276520e-10,0.000006,,-51.359100,56.282600,56.282602,0.000002,vbe_low
20260918-203652-4293920,nx1_fs_-40c_vce0.8v,fs,hbt_typ,-40,1,0.8,0.63,1.946000e-09,0.000017,3.73717E+06,-51.343000,56.266500,56.266502,0.000002,vbe_low
20260918-203652-4293920,nx1_fs_-40c_vce0.8v,fs,hbt_typ,-40,1,0.8,0.65,5.204820e-09,0.000045,9.93206E+06,-51.326100,56.249600,56.249602,0.000002,
20260918-203652-4293920,nx1_fs_-40c_vce0.8v,fs,hbt_typ,-40,1,0.8,0.67,1.392120e-08,0.000121,2.64348E+07,-51.306400,56.230000,56.230002,0.000002,
20260918-203652-4293920,nx1_fs_-40c_vce0.8v,fs,hbt_typ,-40,1,0.8,0.69,3.723380e-08,0.000323,7.02402E+07,-51.270800,56.194500,56.194502,0.000002,
20260918-203652-4293920,nx1_fs_-40c_vce0.8v,fs,hbt_typ,-40,1,0.8,0.71,9.957980e-08,0.000864,1.86592E+08,-51.131000,56.055000,56.055002,0.000002,
20260918-203652-4293920,nx1_fs_-40c_vce0.8v,fs,hbt_typ,-40,1,0.8,0.73,2.662780e-07,0.002311,4.95412E+08,-50.346600,55.271600,55.271603,0.000003,
20260918-203652-4293920,nx1_fs_-40c_vce0.8v,fs,hbt_typ,-40,1,0.8,0.75,7.117450e-07,0.006178,1.31092E+09,-47.027200,51.954600,51.954606,0.000006,
20260918-203652-4293920,nx1_fs_-40c_vce0.8v,fs,hbt_typ,-40,1,0.8,0.77,1.900410e-06,0.016497,3.46541E+09,-40.245700,45.179800,45.179829,0.000029,
20260918-203652-4293920,nx1_fs_-40c_vce0.8v,fs,hbt_typ,-40,1,0.8,0.79,5.059640e-06,0.043920,9.06312E+09,-32.109900,37.063300,37.063491,0.000191,
20260918-203652-4293920,nx1_fs_-40c_vce0.8v,fs,hbt_typ,-40,1,0.8,0.81,1.336800e-05,0.116042,2.32214E+10,-23.860400,28.873500,28.874756,0.001256,
20260918-203652-4293920,nx1_fs_-40c_vce0.8v,fs,hbt_typ,-40,1,0.8,0.83,3.463150e-05,0.300621,5.67251E+10,-15.948900,21.162100,21.169512,0.007412,
20260918-203652-4293920,nx1_fs_-40c_vce0.8v,fs,hbt_typ,-40,1,0.8,0.85,8.568160e-05,0.743764,1.23914E+11,-8.861440,14.708100,14.740765,0.032665,
20260918-203652-4293920,nx1_fs_-40c_vce0.8v,fs,hbt_typ,-40,1,0.8,0.87,1.938800e-04,1.682986,2.23844E+11,-3.204450,10.442800,10.529476,0.086676,
20260918-203652-4293920,nx1_fs_-40c_vce0.8v,fs,hbt_typ,-40,1,0.8,0.89,3.853270e-04,3.344852,3.24065E+11,0.724375,8.276580,8.418405,0.141825,
20260918-203652-4293920,nx1_fs_-40c_vce0.8v,fs,hbt_typ,-40,1,0.8,0.91,6.671700e-04,5.791406,3.97039E+11,3.215860,7.253430,7.432165,0.178735,
20260918-203652-4293920,nx1_fs_-40c_vce0.8v,fs,hbt_typ,-40,1,0.8,0.93,1.028690e-03,8.929601,4.41028E+11,4.785240,6.708510,6.910591,0.202081,
20260918-203652-4293920,nx1_fs_-40c_vce0.8v,fs,hbt_typ,-40,1,0.8,0.95,1.454350e-03,12.624566,4.64257E+11,5.821400,6.368490,6.586622,0.218132,
20260918-203652-4293920,nx1_fs_-40c_vce0.8v,fs,hbt_typ,-40,1,0.8,0.97,1.930950e-03,16.761719,4.73843E+11,6.548590,6.129960,6.360087,0.230127,vbe_high
20260918-203652-4293920,nx1_fs_-40c_vce0.8v,fs,hbt_typ,-40,1,0.8,0.99,2.449010e-03,21.258767,4.73063E+11,7.088520,5.950130,6.189722,0.239592,vbe_high
20260918-203652-4293920,nx1_fs_-40c_vce0.8v,fs,hbt_typ,-40,1,0.8,1.01,3.001790e-03,26.057205,4.62575E+11,7.508540,5.808890,6.056181,0.247291,ic_high;vbe_high
20260918-203652-4293920,nx1_fs_-40c_vce0.8v,fs,hbt_typ,-40,1,0.8,1.03,3.584590e-03,31.116233,4.42621E+11,7.847570,5.695580,5.949221,0.253641,ic_high;vbe_high
20260918-203652-4293920,nx1_fs_-40c_vce0.8v,fs,hbt_typ,-40,1,0.8,1.05,4.193950e-03,36.405816,4.12581E+11,8.123560,5.604910,5.863745,0.258835,ic_high;vbe_high
20260918-203652-4293920,nx1_fs_-40c_vce1.0v,fs,hbt_typ,-40,1,1.0,0.55,3.849690e-11,0.000000,,-51.537700,56.461200,56.461202,0.000002,vbe_low
20260918-203652-4293920,nx1_fs_-40c_vce1.0v,fs,hbt_typ,-40,1,1.0,0.57,1.022000e-10,0.000001,,-51.525500,56.449000,56.449002,0.000002,vbe_low
20260918-203652-4293920,nx1_fs_-40c_vce1.0v,fs,hbt_typ,-40,1,1.0,0.59,2.726310e-10,0.000002,,-51.513100,56.436600,56.436602,0.000002,vbe_low
20260918-203652-4293920,nx1_fs_-40c_vce1.0v,fs,hbt_typ,-40,1,1.0,0.61,7.285340e-10,0.000006,,-51.500400,56.423900,56.423902,0.000002,vbe_low
20260918-203652-4293920,nx1_fs_-40c_vce1.0v,fs,hbt_typ,-40,1,1.0,0.63,1.948010e-09,0.000017,3.75869E+06,-51.487400,56.410900,56.410902,0.000002,vbe_low
20260918-203652-4293920,nx1_fs_-40c_vce1.0v,fs,hbt_typ,-40,1,1.0,0.65,5.209840e-09,0.000045,9.98631E+06,-51.473700,56.397300,56.397302,0.000002,
20260918-203652-4293920,nx1_fs_-40c_vce1.0v,fs,hbt_typ,-40,1,1.0,0.67,1.393420e-08,0.000121,2.65938E+07,-51.457300,56.380800,56.380802,0.000002,
20260918-203652-4293920,nx1_fs_-40c_vce1.0v,fs,hbt_typ,-40,1,1.0,0.69,3.726840e-08,0.000324,7.06416E+07,-51.424500,56.348200,56.348202,0.000002,
20260918-203652-4293920,nx1_fs_-40c_vce1.0v,fs,hbt_typ,-40,1,1.0,0.71,9.967250e-08,0.000865,1.87772E+08,-51.283700,56.207700,56.207702,0.000002,
20260918-203652-4293920,nx1_fs_-40c_vce1.0v,fs,hbt_typ,-40,1,1.0,0.73,2.665320e-07,0.002314,4.98403E+08,-50.476100,55.401100,55.401103,0.000003,
20260918-203652-4293920,nx1_fs_-40c_vce1.0v,fs,hbt_typ,-40,1,1.0,0.75,7.124690e-07,0.006185,1.31982E+09,-47.084300,52.011700,52.011706,0.000006,
20260918-203652-4293920,nx1_fs_-40c_vce1.0v,fs,hbt_typ,-40,1,1.0,0.77,1.902650e-06,0.016516,3.48843E+09,-40.250000,45.184200,45.184229,0.000029,
20260918-203652-4293920,nx1_fs_-40c_vce1.0v,fs,hbt_typ,-40,1,1.0,0.79,5.067650e-06,0.043990,9.12499E+09,-32.099100,37.052600,37.052791,0.000191,
20260918-203652-4293920,nx1_fs_-40c_vce1.0v,fs,hbt_typ,-40,1,1.0,0.81,1.340210e-05,0.116338,2.34074E+10,-23.840400,28.853800,28.855062,0.001262,
20260918-203652-4293920,nx1_fs_-40c_vce1.0v,fs,hbt_typ,-40,1,1.0,0.83,3.479570e-05,0.302046,5.72907E+10,-15.913500,21.128400,21.135870,0.007470,
20260918-203652-4293920,nx1_fs_-40c_vce1.0v,fs,hbt_typ,-40,1,1.0,0.85,8.646120e-05,0.750531,1.25629E+11,-8.800660,14.657100,14.690149,0.033049,
20260918-203652-4293920,nx1_fs_-40c_vce1.0v,fs,hbt_typ,-40,1,1.0,0.87,1.969790e-04,1.709887,2.27706E+11,-3.116480,10.387300,10.475080,0.087780,
20260918-203652-4293920,nx1_fs_-40c_vce1.0v,fs,hbt_typ,-40,1,1.0,0.89,3.945730e-04,3.425113,3.30041E+11,0.826029,8.230880,8.374181,0.143301,
20260918-203652-4293920,nx1_fs_-40c_vce1.0v,fs,hbt_typ,-40,1,1.0,0.91,6.879500e-04,5.971788,4.04729E+11,3.316430,7.217010,7.397220,0.180210,
20260918-203652-4293920,nx1_fs_-40c_vce1.0v,fs,hbt_typ,-40,1,1.0,0.93,1.066570e-03,9.258420,4.49466E+11,4.880110,6.676380,6.879927,0.203547,
20260918-203652-4293920,nx1_fs_-40c_vce1.0v,fs,hbt_typ,-40,1,1.0,0.95,1.514380e-03,13.145660,4.72328E+11,5.912300,6.337460,6.557117,0.219657,
20260918-203652-4293920,nx1_fs_-40c_vce1.0v,fs,hbt_typ,-40,1,1.0,0.97,2.017940e-03,17.516840,4.83237E+11,6.639230,6.098600,6.330351,0.231751,vbe_high
20260918-203652-4293920,nx1_fs_-40c_vce1.0v,fs,hbt_typ,-40,1,1.0,0.99,2.567460e-03,22.286979,4.82612E+11,7.182040,5.918280,6.159588,0.241308,vbe_high
20260918-203652-4293920,nx1_fs_-40c_vce1.0v,fs,hbt_typ,-40,1,1.0,1.01,3.156150e-03,27.397135,4.7159E+11,7.607450,5.777070,6.026128,0.249058,ic_high;vbe_high
20260918-203652-4293920,nx1_fs_-40c_vce1.0v,fs,hbt_typ,-40,1,1.0,1.03,3.779370e-03,32.807031,4.52633E+11,7.953740,5.664800,5.920193,0.255393,ic_high;vbe_high
20260918-203652-4293920,nx1_fs_-40c_vce1.0v,fs,hbt_typ,-40,1,1.0,1.05,4.433790e-03,38.487760,4.21224E+11,8.243960,5.575710,5.836240,0.260530,ic_high;vbe_high
20260918-203652-4293920,nx1_fs_-40c_vce1.2v,fs,hbt_typ,-40,1,1.2,0.55,3.873940e-11,0.000000,,-51.648400,56.571900,56.571902,0.000002,vbe_low
20260918-203652-4293920,nx1_fs_-40c_vce1.2v,fs,hbt_typ,-40,1,1.2,0.57,1.025110e-10,0.000001,,-51.638100,56.561600,56.561602,0.000002,vbe_low
20260918-203652-4293920,nx1_fs_-40c_vce1.2v,fs,hbt_typ,-40,1,1.2,0.59,2.731200e-10,0.000002,,-51.627700,56.551200,56.551202,0.000002,vbe_low
20260918-203652-4293920,nx1_fs_-40c_vce1.2v,fs,hbt_typ,-40,1,1.2,0.61,7.294920e-10,0.000006,,-51.617000,56.540500,56.540502,0.000002,vbe_low
20260918-203652-4293920,nx1_fs_-40c_vce1.2v,fs,hbt_typ,-40,1,1.2,0.63,1.950200e-09,0.000017,3.77712E+06,-51.606100,56.529600,56.529602,0.000002,vbe_low
20260918-203652-4293920,nx1_fs_-40c_vce1.2v,fs,hbt_typ,-40,1,1.2,0.65,5.215250e-09,0.000045,1.00326E+07,-51.594600,56.518100,56.518102,0.000002,
20260918-203652-4293920,nx1_fs_-40c_vce1.2v,fs,hbt_typ,-40,1,1.2,0.67,1.394820e-08,0.000121,2.67282E+07,-51.580300,56.503800,56.503802,0.000002,
20260918-203652-4293920,nx1_fs_-40c_vce1.2v,fs,hbt_typ,-40,1,1.2,0.69,3.730490e-08,0.000324,7.09795E+07,-51.549200,56.472900,56.472902,0.000002,
20260918-203652-4293920,nx1_fs_-40c_vce1.2v,fs,hbt_typ,-40,1,1.2,0.71,9.976940e-08,0.000866,1.88759E+08,-51.407000,56.331000,56.331002,0.000002,
20260918-203652-4293920,nx1_fs_-40c_vce1.2v,fs,hbt_typ,-40,1,1.2,0.73,2.667950e-07,0.002316,5.00893E+08,-50.579300,55.504200,55.504203,0.000003,
20260918-203652-4293920,nx1_fs_-40c_vce1.2v,fs,hbt_typ,-40,1,1.2,0.75,7.132100e-07,0.006191,1.32718E+09,-47.127600,52.055000,52.055006,0.000006,
20260918-203652-4293920,nx1_fs_-40c_vce1.2v,fs,hbt_typ,-40,1,1.2,0.77,1.904930e-06,0.016536,3.50748E+09,-40.251200,45.185300,45.185329,0.000029,
20260918-203652-4293920,nx1_fs_-40c_vce1.2v,fs,hbt_typ,-40,1,1.2,0.79,5.075730e-06,0.044060,9.17643E+09,-32.087800,37.041300,37.041492,0.000192,
20260918-203652-4293920,nx1_fs_-40c_vce1.2v,fs,hbt_typ,-40,1,1.2,0.81,1.343650e-05,0.116636,2.35823E+10,-23.820300,28.833900,28.835168,0.001268,
20260918-203652-4293920,nx1_fs_-40c_vce1.2v,fs,hbt_typ,-40,1,1.2,0.83,3.496190e-05,0.303489,5.77791E+10,-15.877800,21.094400,21.101928,0.007528,
20260918-203652-4293920,nx1_fs_-40c_vce1.2v,fs,hbt_typ,-40,1,1.2,0.85,8.725960e-05,0.757462,1.27142E+11,-8.739070,14.605500,14.638942,0.033442,
20260918-203652-4293920,nx1_fs_-40c_vce1.2v,fs,hbt_typ,-40,1,1.2,0.87,2.002060e-04,1.737899,2.31128E+11,-3.026670,10.330900,10.419815,0.088915,
20260918-203652-4293920,nx1_fs_-40c_vce1.2v,fs,hbt_typ,-40,1,1.2,0.89,4.043830e-04,3.510269,3.35613E+11,0.930343,8.184390,8.329207,0.144817,
20260918-203652-4293920,nx1_fs_-40c_vce1.2v,fs,hbt_typ,-40,1,1.2,0.91,7.103200e-04,6.165972,4.11171E+11,3.419990,7.179720,7.361452,0.181732,
20260918-203652-4293920,nx1_fs_-40c_vce1.2v,fs,hbt_typ,-40,1,1.2,0.93,1.107870e-03,9.616927,4.5617E+11,4.978530,6.643140,6.848215,0.205075,
20260918-203652-4293920,nx1_fs_-40c_vce1.2v,fs,hbt_typ,-40,1,1.2,0.95,1.580550e-03,13.720052,4.79411E+11,6.007630,6.305120,6.526378,0.221258,
20260918-203652-4293920,nx1_fs_-40c_vce1.2v,fs,hbt_typ,-40,1,1.2,0.97,2.114630e-03,18.356163,4.89354E+11,6.734850,6.066120,6.299565,0.233445,vbe_high
20260918-203652-4293920,nx1_fs_-40c_vce1.2v,fs,hbt_typ,-40,1,1.2,0.99,2.700070e-03,23.438108,4.87539E+11,7.281360,5.885740,6.128813,0.243073,vbe_high
20260918-203652-4293920,nx1_fs_-40c_vce1.2v,fs,hbt_typ,-40,1,1.2,1.01,3.330530e-03,28.910851,4.74778E+11,7.712740,5.745470,5.996296,0.250826,ic_high;vbe_high
20260918-203652-4293920,nx1_fs_-40c_vce1.2v,fs,hbt_typ,-40,1,1.2,1.03,4.001040e-03,34.731250,4.53552E+11,8.066530,5.635740,5.892798,0.257058,ic_high;vbe_high
20260918-203652-4293920,nx1_fs_-40c_vce1.2v,fs,hbt_typ,-40,1,1.2,1.05,4.708550e-03,40.872830,4.21047E+11,8.365160,5.551360,5.813312,0.261952,ic_high;vbe_high
20260918-203652-4293920,nx1_fs_-40c_vce1.4v,fs,hbt_typ,-40,1,1.4,0.55,3.899820e-11,0.000000,,-51.743300,56.666800,56.666802,0.000002,vbe_low
20260918-203652-4293920,nx1_fs_-40c_vce1.4v,fs,hbt_typ,-40,1,1.4,0.57,1.028620e-10,0.000001,,-51.734400,56.657900,56.657902,0.000002,vbe_low
20260918-203652-4293920,nx1_fs_-40c_vce1.4v,fs,hbt_typ,-40,1,1.4,0.59,2.737080e-10,0.000002,,-51.725300,56.648800,56.648802,0.000002,vbe_low
20260918-203652-4293920,nx1_fs_-40c_vce1.4v,fs,hbt_typ,-40,1,1.4,0.61,7.306890e-10,0.000006,,-51.716200,56.639700,56.639702,0.000002,vbe_low
20260918-203652-4293920,nx1_fs_-40c_vce1.4v,fs,hbt_typ,-40,1,1.4,0.63,1.952970e-09,0.000017,3.79426E+06,-51.706700,56.630300,56.630302,0.000002,vbe_low
20260918-203652-4293920,nx1_fs_-40c_vce1.4v,fs,hbt_typ,-40,1,1.4,0.65,5.222080e-09,0.000045,1.00752E+07,-51.696700,56.620300,56.620302,0.000002,
20260918-203652-4293920,nx1_fs_-40c_vce1.4v,fs,hbt_typ,-40,1,1.4,0.67,1.396550e-08,0.000121,2.68511E+07,-51.684000,56.607500,56.607502,0.000002,
20260918-203652-4293920,nx1_fs_-40c_vce1.4v,fs,hbt_typ,-40,1,1.4,0.69,3.734960e-08,0.000324,7.12856E+07,-51.654000,56.577700,56.577702,0.000002,
20260918-203652-4293920,nx1_fs_-40c_vce1.4v,fs,hbt_typ,-40,1,1.4,0.71,9.988610e-08,0.000867,1.89644E+08,-51.510100,56.434100,56.434102,0.000002,
20260918-203652-4293920,nx1_fs_-40c_vce1.4v,fs,hbt_typ,-40,1,1.4,0.73,2.671050e-07,0.002319,5.0311E+08,-50.664400,55.589300,55.589303,0.000003,
20260918-203652-4293920,nx1_fs_-40c_vce1.4v,fs,hbt_typ,-40,1,1.4,0.75,7.140640e-07,0.006198,1.3337E+09,-47.161200,52.088600,52.088606,0.000006,
20260918-203652-4293920,nx1_fs_-40c_vce1.4v,fs,hbt_typ,-40,1,1.4,0.77,1.907470e-06,0.016558,3.5243E+09,-40.249300,45.183400,45.183429,0.000029,
20260918-203652-4293920,nx1_fs_-40c_vce1.4v,fs,hbt_typ,-40,1,1.4,0.79,5.084460e-06,0.044136,9.22192E+09,-32.075100,37.028700,37.028892,0.000192,
20260918-203652-4293920,nx1_fs_-40c_vce1.4v,fs,hbt_typ,-40,1,1.4,0.81,1.347250e-05,0.116949,2.37382E+10,-23.799200,28.813100,28.814374,0.001274,
20260918-203652-4293920,nx1_fs_-40c_vce1.4v,fs,hbt_typ,-40,1,1.4,0.83,3.513380e-05,0.304981,5.82232E+10,-15.840900,21.059300,21.066889,0.007589,
20260918-203652-4293920,nx1_fs_-40c_vce1.4v,fs,hbt_typ,-40,1,1.4,0.85,8.808630e-05,0.764638,1.2854E+11,-8.675680,14.552400,14.586252,0.033852,
20260918-203652-4293920,nx1_fs_-40c_vce1.4v,fs,hbt_typ,-40,1,1.4,0.87,2.035970e-04,1.767335,2.34302E+11,-2.934020,10.273000,10.363097,0.090097,
20260918-203652-4293920,nx1_fs_-40c_vce1.4v,fs,hbt_typ,-40,1,1.4,0.89,4.148550e-04,3.601172,3.41378E+11,1.037970,8.136770,8.283157,0.146387,
20260918-203652-4293920,nx1_fs_-40c_vce1.4v,fs,hbt_typ,-40,1,1.4,0.91,7.345960e-04,6.376701,4.16881E+11,3.526940,7.141360,7.324670,0.183310,
20260918-203652-4293920,nx1_fs_-40c_vce1.4v,fs,hbt_typ,-40,1,1.4,0.93,1.153120e-03,10.009722,4.61839E+11,5.080170,6.608820,6.815484,0.206664,
20260918-203652-4293920,nx1_fs_-40c_vce1.4v,fs,hbt_typ,-40,1,1.4,0.95,1.653940e-03,14.357118,4.84995E+11,6.107120,6.271550,6.494482,0.222932,
20260918-203652-4293920,nx1_fs_-40c_vce1.4v,fs,hbt_typ,-40,1,1.4,0.97,2.223060e-03,19.297396,4.9358E+11,6.836000,6.032490,6.267701,0.235211,vbe_high
20260918-203652-4293920,nx1_fs_-40c_vce1.4v,fs,hbt_typ,-40,1,1.4,0.99,2.850410e-03,24.743142,4.89834E+11,7.387260,5.852680,6.097559,0.244879,vbe_high
20260918-203652-4293920,nx1_fs_-40c_vce1.4v,fs,hbt_typ,-40,1,1.4,1.01,3.529610e-03,30.638976,4.74082E+11,7.825480,5.714580,5.967145,0.252565,ic_high;vbe_high
20260918-203652-4293920,nx1_fs_-40c_vce1.4v,fs,hbt_typ,-40,1,1.4,1.03,4.256330e-03,36.947309,4.49187E+11,8.187260,5.609460,5.868032,0.258572,ic_high;vbe_high
20260918-203652-4293920,nx1_fs_-40c_vce1.4v,fs,hbt_typ,-40,1,1.4,1.05,5.027610e-03,43.642448,4.12937E+11,8.494280,5.532920,5.795953,0.263033,ic_high;vbe_high
20260918-203652-4293920,nx1_fs_125c_vce0.6v,fs,hbt_typ,125,1,0.6,0.55,2.179640e-06,0.018920,2.30199E+09,-43.408500,50.663100,50.663088,-0.000012,vbe_low
20260918-203652-4293920,nx1_fs_125c_vce0.6v,fs,hbt_typ,125,1,0.6,0.57,3.811780e-06,0.033088,3.98994E+09,-39.144600,46.404700,46.404668,-0.000032,vbe_low
20260918-203652-4293920,nx1_fs_125c_vce0.6v,fs,hbt_typ,125,1,0.6,0.59,6.658740e-06,0.057802,6.87838E+09,-34.537100,41.807000,41.806906,-0.000094,vbe_low
20260918-203652-4293920,nx1_fs_125c_vce0.6v,fs,hbt_typ,125,1,0.6,0.61,1.160980e-05,0.100780,1.17503E+10,-29.829700,37.117700,37.117425,-0.000275,vbe_low
20260918-203652-4293920,nx1_fs_125c_vce0.6v,fs,hbt_typ,125,1,0.6,0.63,2.017570e-05,0.175136,1.99099E+10,-25.137400,32.459700,32.458895,-0.000805,vbe_low
20260918-203652-4293920,nx1_fs_125c_vce0.6v,fs,hbt_typ,125,1,0.6,0.65,3.486560e-05,0.302653,3.2991E+10,-20.533900,27.922700,27.920412,-0.002288,
20260918-203652-4293920,nx1_fs_125c_vce0.6v,fs,hbt_typ,125,1,0.6,0.67,5.969290e-05,0.518168,5.32616E+10,-16.094800,23.614200,23.608026,-0.006174,
20260918-203652-4293920,nx1_fs_125c_vce0.6v,fs,hbt_typ,125,1,0.6,0.69,1.006930e-04,0.874071,8.22774E+10,-11.915100,19.685600,19.670329,-0.015271,
20260918-203652-4293920,nx1_fs_125c_vce0.6v,fs,hbt_typ,125,1,0.6,0.71,1.661080e-04,1.441910,1.20028E+11,-8.106310,16.322800,16.289607,-0.033193,
20260918-203652-4293920,nx1_fs_125c_vce0.6v,fs,hbt_typ,125,1,0.6,0.73,2.656930e-04,2.306363,1.63218E+11,-4.773250,13.676600,13.615355,-0.061245,
20260918-203652-4293920,nx1_fs_125c_vce0.6v,fs,hbt_typ,125,1,0.6,0.75,4.088970e-04,3.549453,2.06063E+11,-1.977770,11.765700,11.670230,-0.095470,
20260918-203652-4293920,nx1_fs_125c_vce0.6v,fs,hbt_typ,125,1,0.6,0.77,6.026320e-04,5.231181,2.43122E+11,0.284577,10.462500,10.333118,-0.129382,
20260918-203652-4293920,nx1_fs_125c_vce0.6v,fs,hbt_typ,125,1,0.6,0.79,8.499670e-04,7.378186,2.7007E+11,2.075260,9.584830,9.425935,-0.158895,
20260918-203652-4293920,nx1_fs_125c_vce0.6v,fs,hbt_typ,125,1,0.6,0.81,1.150380e-03,9.985938,2.86535E+11,3.482050,8.979770,8.796614,-0.183156,
20260918-203652-4293920,nx1_fs_125c_vce0.6v,fs,hbt_typ,125,1,0.6,0.83,1.500910e-03,13.028733,2.93543E+11,4.590930,8.546160,8.343318,-0.202842,
20260918-203652-4293920,nx1_fs_125c_vce0.6v,fs,hbt_typ,125,1,0.6,0.85,1.897400e-03,16.470486,2.93828E+11,5.470690,8.224140,8.005286,-0.218854,
20260918-203652-4293920,nx1_fs_125c_vce0.6v,fs,hbt_typ,125,1,0.6,0.87,2.334970e-03,20.268837,2.87295E+11,6.158150,7.981990,7.750246,-0.231744,
20260918-203652-4293920,nx1_fs_125c_vce0.6v,fs,hbt_typ,125,1,0.6,0.89,2.806350e-03,24.360677,2.64792E+11,6.577890,7.820810,7.580056,-0.240754,
20260918-203652-4293920,nx1_fs_125c_vce0.6v,fs,hbt_typ,125,1,0.6,0.91,3.290430e-03,28.562760,1.9916E+11,6.238650,7.830180,7.589960,-0.240220,ic_high
20260918-203652-4293920,nx1_fs_125c_vce0.6v,fs,hbt_typ,125,1,0.6,0.93,3.740940e-03,32.473437,1.13722E+11,4.911810,8.087140,7.861086,-0.226054,ic_high
20260918-203652-4293920,nx1_fs_125c_vce0.6v,fs,hbt_typ,125,1,0.6,0.95,4.144810e-03,35.979253,6.7877E+10,3.863680,8.323870,8.110109,-0.213761,ic_high
20260918-203652-4293920,nx1_fs_125c_vce0.6v,fs,hbt_typ,125,1,0.6,0.97,4.528250e-03,39.307726,4.53256E+10,3.380700,8.430120,8.221651,-0.208469,ic_high;vbe_high
20260918-203652-4293920,nx1_fs_125c_vce0.6v,fs,hbt_typ,125,1,0.6,0.99,4.907160e-03,42.596875,3.12812E+10,2.974930,8.546710,8.343894,-0.202816,ic_high;vbe_high
20260918-203652-4293920,nx1_fs_125c_vce0.6v,fs,hbt_typ,125,1,0.6,1.01,5.277780e-03,45.814062,2.05227E+10,2.088730,8.880240,8.692745,-0.187495,ic_high;vbe_high
20260918-203652-4293920,nx1_fs_125c_vce0.6v,fs,hbt_typ,125,1,0.6,1.03,5.621830e-03,48.800608,1.22589E+10,0.282986,9.676740,9.521233,-0.155507,ic_high;vbe_high
20260918-203652-4293920,nx1_fs_125c_vce0.6v,fs,hbt_typ,125,1,0.6,1.05,5.918360e-03,51.374653,6.63108E+09,-2.620200,11.239300,11.131374,-0.107926,ic_high;vbe_high
20260918-203652-4293920,nx1_fs_125c_vce0.8v,fs,hbt_typ,125,1,0.8,0.55,2.182060e-06,0.018941,2.32758E+09,-43.453300,50.708000,50.707988,-0.000012,vbe_low
20260918-203652-4293920,nx1_fs_125c_vce0.8v,fs,hbt_typ,125,1,0.8,0.57,3.816500e-06,0.033129,4.03417E+09,-39.155600,46.415700,46.415668,-0.000032,vbe_low
20260918-203652-4293920,nx1_fs_125c_vce0.8v,fs,hbt_typ,125,1,0.8,0.59,6.668430e-06,0.057886,6.96284E+09,-34.532900,41.802800,41.802706,-0.000094,vbe_low
20260918-203652-4293920,nx1_fs_125c_vce0.8v,fs,hbt_typ,125,1,0.8,0.61,1.163090e-05,0.100963,1.19146E+10,-29.817700,37.105800,37.105524,-0.000276,vbe_low
20260918-203652-4293920,nx1_fs_125c_vce0.8v,fs,hbt_typ,125,1,0.8,0.63,2.022400e-05,0.175556,2.01872E+10,-25.119300,32.441800,32.440992,-0.000808,vbe_low
20260918-203652-4293920,nx1_fs_125c_vce0.8v,fs,hbt_typ,125,1,0.8,0.65,3.498160e-05,0.303660,3.35499E+10,-20.508400,27.897700,27.895398,-0.002302,
20260918-203652-4293920,nx1_fs_125c_vce0.8v,fs,hbt_typ,125,1,0.8,0.67,5.997790e-05,0.520641,5.42747E+10,-16.059300,23.580300,23.574078,-0.006222,
20260918-203652-4293920,nx1_fs_125c_vce0.8v,fs,hbt_typ,125,1,0.8,0.69,1.013900e-04,0.880122,8.39811E+10,-11.866300,19.641200,19.625772,-0.015428,
20260918-203652-4293920,nx1_fs_125c_vce0.8v,fs,hbt_typ,125,1,0.8,0.71,1.677500e-04,1.456163,1.23117E+11,-8.041760,16.269000,16.235391,-0.033609,
20260918-203652-4293920,nx1_fs_125c_vce0.8v,fs,hbt_typ,125,1,0.8,0.73,2.693220e-04,2.337865,1.678E+11,-4.692800,13.618400,13.556323,-0.062077,
20260918-203652-4293920,nx1_fs_125c_vce0.8v,fs,hbt_typ,125,1,0.8,0.75,4.162590e-04,3.613359,2.13082E+11,-1.884390,11.709200,11.612466,-0.096734,
20260918-203652-4293920,nx1_fs_125c_vce0.8v,fs,hbt_typ,125,1,0.8,0.77,6.162120e-04,5.349062,2.53365E+11,0.385886,10.411700,10.280772,-0.130928,
20260918-203652-4293920,nx1_fs_125c_vce0.8v,fs,hbt_typ,125,1,0.8,0.79,8.728290e-04,7.576641,2.85076E+11,2.179550,9.540710,9.380162,-0.160548,
20260918-203652-4293920,nx1_fs_125c_vce0.8v,fs,hbt_typ,125,1,0.8,0.81,1.185890e-03,10.294184,3.07852E+11,3.585750,8.941600,8.756792,-0.184808,
20260918-203652-4293920,nx1_fs_125c_vce0.8v,fs,hbt_typ,125,1,0.8,0.83,1.552530e-03,13.476823,3.22055E+11,4.692350,8.513030,8.308597,-0.204433,
20260918-203652-4293920,nx1_fs_125c_vce0.8v,fs,hbt_typ,125,1,0.8,0.85,1.968530e-03,17.087934,3.26277E+11,5.571890,8.194990,7.974624,-0.220366,
20260918-203652-4293920,nx1_fs_125c_vce0.8v,fs,hbt_typ,125,1,0.8,0.87,2.429260e-03,21.087326,3.21735E+11,6.279530,7.952750,7.719398,-0.233352,
20260918-203652-4293920,nx1_fs_125c_vce0.8v,fs,hbt_typ,125,1,0.8,0.89,2.930180e-03,25.435590,3.0835E+11,6.854730,7.766030,7.522133,-0.243897,
20260918-203652-4293920,nx1_fs_125c_vce0.8v,fs,hbt_typ,125,1,0.8,0.91,3.466880e-03,30.094444,2.88264E+11,7.316870,7.624120,7.371882,-0.252238,ic_high
20260918-203652-4293920,nx1_fs_125c_vce0.8v,fs,hbt_typ,125,1,0.8,0.93,4.033180e-03,35.010243,2.56067E+11,7.600910,7.533660,7.275952,-0.257708,ic_high
20260918-203652-4293920,nx1_fs_125c_vce0.8v,fs,hbt_typ,125,1,0.8,0.95,4.608180e-03,40.001562,1.8401E+11,7.232520,7.574220,7.318980,-0.255240,ic_high
20260918-203652-4293920,nx1_fs_125c_vce0.8v,fs,hbt_typ,125,1,0.8,0.97,5.141160e-03,44.628125,1.02434E+11,5.972840,7.810030,7.568661,-0.241369,ic_high;vbe_high
20260918-203652-4293920,nx1_fs_125c_vce0.8v,fs,hbt_typ,125,1,0.8,0.99,5.621370e-03,48.796615,6.20068E+10,5.008600,8.021270,7.791669,-0.229601,ic_high;vbe_high
20260918-203652-4293920,nx1_fs_125c_vce0.8v,fs,hbt_typ,125,1,0.8,1.01,6.079400e-03,52.772569,4.258E+10,4.556360,8.136930,7.913521,-0.223409,ic_high;vbe_high
20260918-203652-4293920,nx1_fs_125c_vce0.8v,fs,hbt_typ,125,1,0.8,1.03,6.534350e-03,56.721788,3.10883E+10,4.252560,8.244940,8.027158,-0.217782,ic_high;vbe_high
20260918-203652-4293920,nx1_fs_125c_vce0.8v,fs,hbt_typ,125,1,0.8,1.05,6.986560e-03,60.647222,2.24039E+10,3.653690,8.476930,8.270750,-0.206180,ic_high;vbe_high
20260918-203652-4293920,nx1_fs_125c_vce1.0v,fs,hbt_typ,125,1,1.0,0.55,2.184480e-06,0.018963,2.34716E+09,-43.480600,50.735200,50.735188,-0.000012,vbe_low
20260918-203652-4293920,nx1_fs_125c_vce1.0v,fs,hbt_typ,125,1,1.0,0.57,3.821200e-06,0.033170,4.06558E+09,-39.159500,46.419600,46.419568,-0.000032,vbe_low
20260918-203652-4293920,nx1_fs_125c_vce1.0v,fs,hbt_typ,125,1,1.0,0.59,6.678030e-06,0.057969,7.02224E+09,-34.526100,41.796100,41.796006,-0.000094,vbe_low
20260918-203652-4293920,nx1_fs_125c_vce1.0v,fs,hbt_typ,125,1,1.0,0.61,1.165170e-05,0.101143,1.2029E+10,-29.804900,37.093100,37.092823,-0.000277,vbe_low
20260918-203652-4293920,nx1_fs_125c_vce1.0v,fs,hbt_typ,125,1,1.0,0.63,2.027200e-05,0.175972,2.03802E+10,-25.101000,32.423700,32.422888,-0.000812,vbe_low
20260918-203652-4293920,nx1_fs_125c_vce1.0v,fs,hbt_typ,125,1,1.0,0.65,3.509730e-05,0.304664,3.39419E+10,-20.483000,27.872900,27.870585,-0.002315,
20260918-203652-4293920,nx1_fs_125c_vce1.0v,fs,hbt_typ,125,1,1.0,0.67,6.026390e-05,0.523124,5.49774E+10,-16.023800,23.546400,23.540129,-0.006271,
20260918-203652-4293920,nx1_fs_125c_vce1.0v,fs,hbt_typ,125,1,1.0,0.69,1.020940e-04,0.886233,8.52894E+10,-11.817400,19.596700,19.581112,-0.015588,
20260918-203652-4293920,nx1_fs_125c_vce1.0v,fs,hbt_typ,125,1,1.0,0.71,1.694280e-04,1.470729,1.2523E+11,-7.976690,16.214900,16.180868,-0.034032,
20260918-203652-4293920,nx1_fs_125c_vce1.0v,fs,hbt_typ,125,1,1.0,0.73,2.730700e-04,2.370399,1.71294E+11,-4.611280,13.559700,13.496772,-0.062928,
20260918-203652-4293920,nx1_fs_125c_vce1.0v,fs,hbt_typ,125,1,1.0,0.75,4.239450e-04,3.680078,2.17975E+11,-1.789340,11.652100,11.554071,-0.098029,
20260918-203652-4293920,nx1_fs_125c_vce1.0v,fs,hbt_typ,125,1,1.0,0.77,6.305430e-04,5.473464,2.59159E+11,0.489308,10.360300,10.227789,-0.132511,
20260918-203652-4293920,nx1_fs_125c_vce1.0v,fs,hbt_typ,125,1,1.0,0.79,8.971890e-04,7.788099,2.92118E+11,2.286060,9.495990,9.333749,-0.162241,
20260918-203652-4293920,nx1_fs_125c_vce1.0v,fs,hbt_typ,125,1,1.0,0.81,1.224050e-03,10.625434,3.16781E+11,3.691410,8.902970,8.716475,-0.186495,
20260918-203652-4293920,nx1_fs_125c_vce1.0v,fs,hbt_typ,125,1,1.0,0.83,1.608360e-03,13.961458,3.32279E+11,4.794870,8.479760,8.273717,-0.206043,
20260918-203652-4293920,nx1_fs_125c_vce1.0v,fs,hbt_typ,125,1,1.0,0.85,2.045840e-03,17.759028,3.41583E+11,5.670350,8.166810,7.944972,-0.221838,
20260918-203652-4293920,nx1_fs_125c_vce1.0v,fs,hbt_typ,125,1,1.0,0.87,2.531720e-03,21.976736,3.43086E+11,6.373770,7.930020,7.695409,-0.234611,
20260918-203652-4293920,nx1_fs_125c_vce1.0v,fs,hbt_typ,125,1,1.0,0.89,3.061280e-03,26.573611,3.34094E+11,6.945670,7.749530,7.504678,-0.244852,ic_high
20260918-203652-4293920,nx1_fs_125c_vce1.0v,fs,hbt_typ,125,1,1.0,0.91,3.630140e-03,31.511632,3.15705E+11,7.415250,7.613340,7.360456,-0.252884,ic_high
20260918-203652-4293920,nx1_fs_125c_vce1.0v,fs,hbt_typ,125,1,1.0,0.93,4.234260e-03,36.755729,2.89284E+11,7.802610,7.514140,7.255236,-0.258904,ic_high
20260918-203652-4293920,nx1_fs_125c_vce1.0v,fs,hbt_typ,125,1,1.0,0.95,4.869580e-03,42.270660,2.54404E+11,8.106050,7.449810,7.186923,-0.262887,ic_high
20260918-203652-4293920,nx1_fs_125c_vce1.0v,fs,hbt_typ,125,1,1.0,0.97,5.527430e-03,47.981163,2.04906E+11,8.169240,7.443110,7.179805,-0.263305,ic_high;vbe_high
20260918-203652-4293920,nx1_fs_125c_vce1.0v,fs,hbt_typ,125,1,1.0,0.99,6.171100e-03,53.568576,1.26824E+11,7.384960,7.593070,7.338968,-0.254102,ic_high;vbe_high
20260918-203652-4293920,nx1_fs_125c_vce1.0v,fs,hbt_typ,125,1,1.0,1.01,6.753440e-03,58.623611,7.2955E+10,6.228970,7.839200,7.599492,-0.239708,ic_high;vbe_high
20260918-203652-4293920,nx1_fs_125c_vce1.0v,fs,hbt_typ,125,1,1.0,1.03,7.291630e-03,63.295399,4.8317E+10,5.526330,8.027250,7.797973,-0.229277,ic_high;vbe_high
20260918-203652-4293920,nx1_fs_125c_vce1.0v,fs,hbt_typ,125,1,1.0,1.05,7.815240e-03,67.840625,3.54414E+10,5.152390,8.173400,7.951907,-0.221493,ic_high;vbe_high
20260918-203652-4293920,nx1_fs_125c_vce1.2v,fs,hbt_typ,125,1,1.2,0.55,2.187440e-06,0.018988,2.36305E+09,-43.497400,50.752100,50.752088,-0.000012,vbe_low
20260918-203652-4293920,nx1_fs_125c_vce1.2v,fs,hbt_typ,125,1,1.2,0.57,3.826690e-06,0.033218,4.09088E+09,-39.158600,46.418700,46.418668,-0.000032,vbe_low
20260918-203652-4293920,nx1_fs_125c_vce1.2v,fs,hbt_typ,125,1,1.2,0.59,6.688810e-06,0.058063,7.06969E+09,-34.517000,41.787000,41.786906,-0.000094,vbe_low
20260918-203652-4293920,nx1_fs_125c_vce1.2v,fs,hbt_typ,125,1,1.2,0.61,1.167430e-05,0.101339,1.21201E+10,-29.790800,37.079100,37.078822,-0.000278,vbe_low
20260918-203652-4293920,nx1_fs_125c_vce1.2v,fs,hbt_typ,125,1,1.2,0.63,2.032260e-05,0.176411,2.05341E+10,-25.081800,32.404700,32.403885,-0.000815,vbe_low
20260918-203652-4293920,nx1_fs_125c_vce1.2v,fs,hbt_typ,125,1,1.2,0.65,3.521730e-05,0.305706,3.42553E+10,-20.456900,27.847300,27.844972,-0.002328,
20260918-203652-4293920,nx1_fs_125c_vce1.2v,fs,hbt_typ,125,1,1.2,0.67,6.055800e-05,0.525677,5.55435E+10,-15.987800,23.511900,23.505579,-0.006321,
20260918-203652-4293920,nx1_fs_125c_vce1.2v,fs,hbt_typ,125,1,1.2,0.69,1.028180e-04,0.892517,8.63499E+10,-11.767800,19.551500,19.535749,-0.015751,
20260918-203652-4293920,nx1_fs_125c_vce1.2v,fs,hbt_typ,125,1,1.2,0.71,1.711570e-04,1.485738,1.26948E+11,-7.910650,16.160100,16.125635,-0.034465,
20260918-203652-4293920,nx1_fs_125c_vce1.2v,fs,hbt_typ,125,1,1.2,0.73,2.769620e-04,2.404184,1.74112E+11,-4.528380,13.500100,13.436296,-0.063804,
20260918-203652-4293920,nx1_fs_125c_vce1.2v,fs,hbt_typ,125,1,1.2,0.75,4.320040e-04,3.750035,2.21843E+11,-1.692440,11.594200,11.494840,-0.099360,
20260918-203652-4293920,nx1_fs_125c_vce1.2v,fs,hbt_typ,125,1,1.2,0.77,6.457270e-04,5.605269,2.63587E+11,0.595046,10.308200,10.174065,-0.134135,
20260918-203652-4293920,nx1_fs_125c_vce1.2v,fs,hbt_typ,125,1,1.2,0.79,9.232530e-04,8.014349,2.97237E+11,2.395340,9.450540,9.286560,-0.163980,
20260918-203652-4293920,nx1_fs_125c_vce1.2v,fs,hbt_typ,125,1,1.2,0.81,1.265240e-03,10.982986,3.2272E+11,3.800220,8.863610,8.675380,-0.188230,
20260918-203652-4293920,nx1_fs_125c_vce1.2v,fs,hbt_typ,125,1,1.2,0.83,1.669100e-03,14.488715,3.39101E+11,4.900710,8.445920,8.238226,-0.207694,
20260918-203652-4293920,nx1_fs_125c_vce1.2v,fs,hbt_typ,125,1,1.2,0.85,2.130530e-03,18.494184,3.48807E+11,5.771870,8.138520,7.915194,-0.223326,
20260918-203652-4293920,nx1_fs_125c_vce1.2v,fs,hbt_typ,125,1,1.2,0.87,2.644620e-03,22.956771,3.51010E+11,6.470330,7.907990,7.672153,-0.235837,
20260918-203652-4293920,nx1_fs_125c_vce1.2v,fs,hbt_typ,125,1,1.2,0.89,3.206460e-03,27.833854,3.4558E+11,7.037160,7.735100,7.489409,-0.245691,ic_high
20260918-203652-4293920,nx1_fs_125c_vce1.2v,fs,hbt_typ,125,1,1.2,0.91,3.811450e-03,33.085503,3.31241E+11,7.501740,7.608430,7.355252,-0.253178,ic_high
20260918-203652-4293920,nx1_fs_125c_vce1.2v,fs,hbt_typ,125,1,1.2,0.93,4.455330e-03,38.674740,3.04279E+11,7.884550,7.521150,7.262676,-0.258474,ic_high
20260918-203652-4293920,nx1_fs_125c_vce1.2v,fs,hbt_typ,125,1,1.2,0.95,5.134210e-03,44.567795,2.69022E+11,8.200590,7.468970,7.207276,-0.261694,ic_high
20260918-203652-4293920,nx1_fs_125c_vce1.2v,fs,hbt_typ,125,1,1.2,0.97,5.844280e-03,50.731597,2.30318E+11,8.454300,7.450260,7.187401,-0.262859,ic_high;vbe_high
20260918-203652-4293920,nx1_fs_125c_vce1.2v,fs,hbt_typ,125,1,1.2,0.99,6.579260e-03,57.111632,1.82777E+11,8.568450,7.475670,7.214392,-0.261278,ic_high;vbe_high
20260918-203652-4293920,nx1_fs_125c_vce1.2v,fs,hbt_typ,125,1,1.2,1.01,7.310620e-03,63.460243,1.20335E+11,8.044770,7.617760,7.365141,-0.252619,ic_high;vbe_high
20260918-203652-4293920,nx1_fs_125c_vce1.2v,fs,hbt_typ,125,1,1.2,1.03,7.981600e-03,69.284722,7.13707E+10,6.943240,7.877420,7.639871,-0.237549,ic_high;vbe_high
20260918-203652-4293920,nx1_fs_125c_vce1.2v,fs,hbt_typ,125,1,1.2,1.05,8.596440e-03,74.621875,4.75187E+10,6.147670,8.116070,7.891557,-0.224513,ic_high;vbe_high
20260918-203652-4293920,nx1_fs_125c_vce1.4v,fs,hbt_typ,125,1,1.4,0.55,2.192330e-06,0.019031,2.37819E+09,-43.503300,50.757900,50.757888,-0.000012,vbe_low
20260918-203652-4293920,nx1_fs_125c_vce1.4v,fs,hbt_typ,125,1,1.4,0.57,3.835260e-06,0.033292,4.11462E+09,-39.150000,46.410100,46.410068,-0.000032,vbe_low
20260918-203652-4293920,nx1_fs_125c_vce1.4v,fs,hbt_typ,125,1,1.4,0.59,6.704470e-06,0.058199,7.11352E+09,-34.501900,41.772000,41.771906,-0.000094,vbe_low
20260918-203652-4293920,nx1_fs_125c_vce1.4v,fs,hbt_typ,125,1,1.4,0.61,1.170470e-05,0.101603,1.22031E+10,-29.771700,37.060000,37.059721,-0.000279,vbe_low
20260918-203652-4293920,nx1_fs_125c_vce1.4v,fs,hbt_typ,125,1,1.4,0.63,2.038570e-05,0.176959,2.06733E+10,-25.058200,32.381300,32.380480,-0.000820,vbe_low
20260918-203652-4293920,nx1_fs_125c_vce1.4v,fs,hbt_typ,125,1,1.4,0.65,3.535750e-05,0.306923,3.45371E+10,-20.426600,27.817500,27.815156,-0.002344,
20260918-203652-4293920,nx1_fs_125c_vce1.4v,fs,hbt_typ,125,1,1.4,0.67,6.088640e-05,0.528528,5.6052E+10,-15.947600,23.473400,23.467022,-0.006378,
20260918-203652-4293920,nx1_fs_125c_vce1.4v,fs,hbt_typ,125,1,1.4,0.69,1.036030e-04,0.899332,8.73014E+10,-11.714100,19.502500,19.486570,-0.015930,
20260918-203652-4293920,nx1_fs_125c_vce1.4v,fs,hbt_typ,125,1,1.4,0.71,1.730080e-04,1.501806,1.28487E+11,-7.840620,16.101700,16.066766,-0.034934,
20260918-203652-4293920,nx1_fs_125c_vce1.4v,fs,hbt_typ,125,1,1.4,0.73,2.811110e-04,2.440200,1.76611E+11,-4.441800,13.437600,13.372864,-0.064736,
20260918-203652-4293920,nx1_fs_125c_vce1.4v,fs,hbt_typ,125,1,1.4,0.75,4.406120e-04,3.824757,2.2522E+11,-1.592620,11.534500,11.433749,-0.100751,
20260918-203652-4293920,nx1_fs_125c_vce1.4v,fs,hbt_typ,125,1,1.4,0.77,6.620180e-04,5.746684,2.67906E+11,0.702716,10.255100,10.119289,-0.135811,
20260918-203652-4293920,nx1_fs_125c_vce1.4v,fs,hbt_typ,125,1,1.4,0.79,9.513860e-04,8.258559,3.02279E+11,2.505900,9.404650,9.238894,-0.165756,
20260918-203652-4293920,nx1_fs_125c_vce1.4v,fs,hbt_typ,125,1,1.4,0.81,1.310000e-03,11.371528,3.27389E+11,3.910500,8.823950,8.633955,-0.189995,
20260918-203652-4293920,nx1_fs_125c_vce1.4v,fs,hbt_typ,125,1,1.4,0.83,1.735580e-03,15.065799,3.44269E+11,5.008950,8.411810,8.202439,-0.209371,
20260918-203652-4293920,nx1_fs_125c_vce1.4v,fs,hbt_typ,125,1,1.4,0.85,2.223890e-03,19.304601,3.53477E+11,5.876760,8.110250,7.885428,-0.224822,
20260918-203652-4293920,nx1_fs_125c_vce1.4v,fs,hbt_typ,125,1,1.4,0.87,2.769910e-03,24.044358,3.55007E+11,6.570560,7.886820,7.649799,-0.237021,
20260918-203652-4293920,nx1_fs_125c_vce1.4v,fs,hbt_typ,125,1,1.4,0.89,3.368530e-03,29.240712,3.48693E+11,7.131660,7.723050,7.476657,-0.246393,ic_high
20260918-203652-4293920,nx1_fs_125c_vce1.4v,fs,hbt_typ,125,1,1.4,0.91,4.014870e-03,34.851302,3.33478E+11,7.589690,7.608220,7.355029,-0.253191,ic_high
20260918-203652-4293920,nx1_fs_125c_vce1.4v,fs,hbt_typ,125,1,1.4,0.93,4.704420e-03,40.836979,3.11455E+11,7.965610,7.536100,7.278541,-0.257559,ic_high
20260918-203652-4293920,nx1_fs_125c_vce1.4v,fs,hbt_typ,125,1,1.4,0.95,5.432900e-03,47.160590,2.7619E+11,8.273510,7.503240,7.243665,-0.259575,ic_high
20260918-203652-4293920,nx1_fs_125c_vce1.4v,fs,hbt_typ,125,1,1.4,0.97,6.196190e-03,53.786372,2.30588E+11,8.522760,7.507810,7.248517,-0.259293,ic_high;vbe_high
20260918-203652-4293920,nx1_fs_125c_vce1.4v,fs,hbt_typ,125,1,1.4,0.99,6.990050e-03,60.677517,1.85644E+11,8.715050,7.549640,7.292907,-0.256733,ic_high;vbe_high
20260918-203652-4293920,nx1_fs_125c_vce1.4v,fs,hbt_typ,125,1,1.4,1.01,7.807150e-03,67.770399,1.3987E+11,8.768800,7.639770,7.388466,-0.251304,ic_high;vbe_high
20260918-203652-4293920,nx1_fs_125c_vce1.4v,fs,hbt_typ,125,1,1.4,1.03,8.613940e-03,74.773785,9.01414E+10,8.196790,7.843320,7.603846,-0.239474,ic_high;vbe_high
20260918-203652-4293920,nx1_fs_125c_vce1.4v,fs,hbt_typ,125,1,1.4,1.05,9.352150e-03,81.181858,5.68289E+10,7.156610,8.142690,7.919584,-0.223106,ic_high;vbe_high
20260918-203652-4293920,nx8_typ_-40c_vce0.6v,typ,hbt_typ,-40,8,0.6,0.55,3.038460e-10,0.000000,,-33.187300,38.107300,38.107450,0.000150,vbe_low
20260918-203652-4293920,nx8_typ_-40c_vce0.6v,typ,hbt_typ,-40,8,0.6,0.57,8.126550e-10,0.000001,,-33.168200,38.088300,38.088451,0.000151,vbe_low
20260918-203652-4293920,nx8_typ_-40c_vce0.6v,typ,hbt_typ,-40,8,0.6,0.59,2.173690e-09,0.000002,,-33.148600,38.068700,38.068851,0.000151,vbe_low
20260918-203652-4293920,nx8_typ_-40c_vce0.6v,typ,hbt_typ,-40,8,0.6,0.61,5.814250e-09,0.000006,1.44581E+06,-33.128400,38.048500,38.048652,0.000152,vbe_low
20260918-203652-4293920,nx8_typ_-40c_vce0.6v,typ,hbt_typ,-40,8,0.6,0.63,1.555210e-08,0.000017,3.84967E+06,-33.107500,38.027600,38.027753,0.000153,vbe_low
20260918-203652-4293920,nx8_typ_-40c_vce0.6v,typ,hbt_typ,-40,8,0.6,0.65,4.159850e-08,0.000045,1.02283E+07,-33.085500,38.005800,38.005953,0.000153,
20260918-203652-4293920,nx8_typ_-40c_vce0.6v,typ,hbt_typ,-40,8,0.6,0.67,1.112650e-07,0.000121,2.72325E+07,-33.060500,37.981100,37.981254,0.000154,
20260918-203652-4293920,nx8_typ_-40c_vce0.6v,typ,hbt_typ,-40,8,0.6,0.69,2.975920e-07,0.000323,7.22296E+07,-33.020000,37.941600,37.941756,0.000156,
20260918-203652-4293920,nx8_typ_-40c_vce0.6v,typ,hbt_typ,-40,8,0.6,0.71,7.958940e-07,0.000864,1.92248E+08,-32.879800,37.804100,37.804261,0.000161,
20260918-203652-4293920,nx8_typ_-40c_vce0.6v,typ,hbt_typ,-40,8,0.6,0.73,2.128220e-06,0.002309,5.09358E+08,-32.122800,37.054400,37.054591,0.000191,
20260918-203652-4293920,nx8_typ_-40c_vce0.6v,typ,hbt_typ,-40,8,0.6,0.75,5.688490e-06,0.006172,1.35099E+09,-28.895800,33.847800,33.848200,0.000400,
20260918-203652-4293920,nx8_typ_-40c_vce0.6v,typ,hbt_typ,-40,8,0.6,0.77,1.518790e-05,0.016480,3.56382E+09,-22.184100,27.195500,27.197349,0.001849,
20260918-203652-4293920,nx8_typ_-40c_vce0.6v,typ,hbt_typ,-40,8,0.6,0.79,4.043140e-05,0.043871,9.31011E+09,-14.066600,19.269100,19.280556,0.011456,
20260918-203652-4293920,nx8_typ_-40c_vce0.6v,typ,hbt_typ,-40,8,0.6,0.81,1.067920e-04,0.115877,2.38863E+10,-5.824000,11.705000,11.769978,0.064978,
20260918-203652-4293920,nx8_typ_-40c_vce0.6v,typ,hbt_typ,-40,8,0.6,0.83,2.764810e-04,0.300001,5.81921E+10,2.077750,5.967400,6.206067,0.238667,
20260918-203652-4293920,nx8_typ_-40c_vce0.6v,typ,hbt_typ,-40,8,0.6,0.85,6.831740e-04,0.741291,1.27344E+11,9.146640,3.137020,3.583990,0.446970,
20260918-203652-4293920,nx8_typ_-40c_vce0.6v,typ,hbt_typ,-40,8,0.6,0.87,1.542850e-03,1.674099,2.30825E+11,14.774000,2.173150,2.724404,0.551254,
20260918-203652-4293920,nx8_typ_-40c_vce0.6v,typ,hbt_typ,-40,8,0.6,0.89,3.059430e-03,3.319694,3.36004E+11,18.666400,1.844050,2.435869,0.591819,
20260918-203652-4293920,nx8_typ_-40c_vce0.6v,typ,hbt_typ,-40,8,0.6,0.91,5.286910e-03,5.736664,4.13E+11,21.119800,1.701670,2.311889,0.610219,
20260918-203652-4293920,nx8_typ_-40c_vce0.6v,typ,hbt_typ,-40,8,0.6,0.93,8.139350e-03,8.831760,4.58514E+11,22.650600,1.624370,2.244800,0.620430,
20260918-203652-4293920,nx8_typ_-40c_vce0.6v,typ,hbt_typ,-40,8,0.6,0.95,1.149310e-02,12.470812,4.80273E+11,23.646400,1.578300,2.204892,0.626592,
20260918-203652-4293920,nx8_typ_-40c_vce0.6v,typ,hbt_typ,-40,8,0.6,0.97,1.524410e-02,16.540907,4.8578E+11,24.328700,1.552900,2.182913,0.630013,vbe_high
20260918-203652-4293920,nx8_typ_-40c_vce0.6v,typ,hbt_typ,-40,8,0.6,0.99,1.931640e-02,20.959635,4.78279E+11,24.816900,1.544410,2.175570,0.631160,vbe_high
20260918-203652-4293920,nx8_typ_-40c_vce0.6v,typ,hbt_typ,-40,8,0.6,1.01,2.365670e-02,25.669162,4.58671E+11,25.143200,1.551740,2.181909,0.630169,vbe_high
20260918-203652-4293920,nx8_typ_-40c_vce0.6v,typ,hbt_typ,-40,8,0.6,1.03,2.817230e-02,30.568902,3.25729E+11,24.138700,1.586530,2.212017,0.625487,ic_high;vbe_high
20260918-203652-4293920,nx8_typ_-40c_vce0.6v,typ,hbt_typ,-40,8,0.6,1.05,3.209820e-02,34.828776,6.22829E+10,15.489900,1.804230,2.401142,0.596912,ic_high;vbe_high
20260918-203652-4293920,nx8_typ_-40c_vce0.8v,typ,hbt_typ,-40,8,0.8,0.55,3.043320e-10,0.000000,,-33.352700,38.273000,38.273144,0.000144,vbe_low
20260918-203652-4293920,nx8_typ_-40c_vce0.8v,typ,hbt_typ,-40,8,0.8,0.57,8.136180e-10,0.000001,,-33.337900,38.258100,38.258245,0.000145,vbe_low
20260918-203652-4293920,nx8_typ_-40c_vce0.8v,typ,hbt_typ,-40,8,0.8,0.59,2.175920e-09,0.000002,,-33.322700,38.243000,38.243145,0.000145,vbe_low
20260918-203652-4293920,nx8_typ_-40c_vce0.8v,typ,hbt_typ,-40,8,0.8,0.61,5.819890e-09,0.000006,1.45646E+06,-33.307200,38.227400,38.227546,0.000146,vbe_low
20260918-203652-4293920,nx8_typ_-40c_vce0.8v,typ,hbt_typ,-40,8,0.8,0.63,1.556680e-08,0.000017,3.87657E+06,-33.291100,38.211500,38.211646,0.000146,vbe_low
20260918-203652-4293920,nx8_typ_-40c_vce0.8v,typ,hbt_typ,-40,8,0.8,0.65,4.163750e-08,0.000045,1.03079E+07,-33.274300,38.194800,38.194947,0.000147,
20260918-203652-4293920,nx8_typ_-40c_vce0.8v,typ,hbt_typ,-40,8,0.8,0.67,1.113690e-07,0.000121,2.74339E+07,-33.254600,38.175500,38.175648,0.000148,
20260918-203652-4293920,nx8_typ_-40c_vce0.8v,typ,hbt_typ,-40,8,0.8,0.69,2.978720e-07,0.000323,7.28284E+07,-33.219100,38.140900,38.141049,0.000149,
20260918-203652-4293920,nx8_typ_-40c_vce0.8v,typ,hbt_typ,-40,8,0.8,0.71,7.966510e-07,0.000864,1.93766E+08,-33.079300,38.003800,38.003954,0.000154,
20260918-203652-4293920,nx8_typ_-40c_vce0.8v,typ,hbt_typ,-40,8,0.8,0.73,2.130310e-06,0.002312,5.13241E+08,-32.294800,37.226600,37.226784,0.000184,
20260918-203652-4293920,nx8_typ_-40c_vce0.8v,typ,hbt_typ,-40,8,0.8,0.75,5.694550e-06,0.006179,1.3626E+09,-28.975000,33.927300,33.927692,0.000392,
20260918-203652-4293920,nx8_typ_-40c_vce0.8v,typ,hbt_typ,-40,8,0.8,0.77,1.520720e-05,0.016501,3.59414E+09,-22.192700,27.204400,27.206245,0.001845,
20260918-203652-4293920,nx8_typ_-40c_vce0.8v,typ,hbt_typ,-40,8,0.8,0.79,4.050280e-05,0.043948,9.4058E+09,-14.054700,19.258100,19.269585,0.011485,
20260918-203652-4293920,nx8_typ_-40c_vce0.8v,typ,hbt_typ,-40,8,0.8,0.81,1.071090e-04,0.116221,2.41610E+10,-5.800370,11.685400,11.750670,0.065270,
20260918-203652-4293920,nx8_typ_-40c_vce0.8v,typ,hbt_typ,-40,8,0.8,0.83,2.780460e-04,0.301699,5.89441E+10,2.120680,5.943910,6.183836,0.239926,
20260918-203652-4293920,nx8_typ_-40c_vce0.8v,typ,hbt_typ,-40,8,0.8,0.85,6.907060e-04,0.749464,1.29557E+11,9.221140,3.119430,3.568124,0.448694,
20260918-203652-4293920,nx8_typ_-40c_vce0.8v,typ,hbt_typ,-40,8,0.8,0.87,1.572900e-03,1.706706,2.35746E+11,14.882500,2.162430,2.714963,0.552533,
20260918-203652-4293920,nx8_typ_-40c_vce0.8v,typ,hbt_typ,-40,8,0.8,0.89,3.149090e-03,3.416981,3.45413E+11,18.792300,1.836890,2.429622,0.592732,
20260918-203652-4293920,nx8_typ_-40c_vce0.8v,typ,hbt_typ,-40,8,0.8,0.91,5.488280e-03,5.955165,4.23791E+11,21.245100,1.696080,2.307032,0.610952,
20260918-203652-4293920,nx8_typ_-40c_vce0.8v,typ,hbt_typ,-40,8,0.8,0.93,8.505760e-03,9.229340,4.70292E+11,22.769500,1.620020,2.241030,0.621010,
20260918-203652-4293920,nx8_typ_-40c_vce0.8v,typ,hbt_typ,-40,8,0.8,0.95,1.207400e-02,13.101128,4.95376E+11,23.760600,1.576130,2.203013,0.626883,
20260918-203652-4293920,nx8_typ_-40c_vce0.8v,typ,hbt_typ,-40,8,0.8,0.97,1.608370e-02,17.451931,5.03424E+11,24.443500,1.554770,2.184530,0.629760,vbe_high
20260918-203652-4293920,nx8_typ_-40c_vce0.8v,typ,hbt_typ,-40,8,0.8,0.99,2.045870e-02,22.199110,4.98799E+11,24.937000,1.552990,2.182991,0.630001,vbe_high
20260918-203652-4293920,nx8_typ_-40c_vce0.8v,typ,hbt_typ,-40,8,0.8,1.01,2.514370e-02,27.282661,4.80848E+11,25.304100,1.570190,2.197872,0.627682,ic_high;vbe_high
20260918-203652-4293920,nx8_typ_-40c_vce0.8v,typ,hbt_typ,-40,8,0.8,1.03,3.010150e-02,32.662218,4.53848E+11,25.579700,1.606840,2.229608,0.622768,ic_high;vbe_high
20260918-203652-4293920,nx8_typ_-40c_vce0.8v,typ,hbt_typ,-40,8,0.8,1.05,3.530100e-02,38.304036,4.07344E+11,25.683200,1.664860,2.279922,0.615062,ic_high;vbe_high
20260918-203652-4293920,nx8_typ_-40c_vce1.0v,typ,hbt_typ,-40,8,1.0,0.55,3.048250e-10,0.000000,,-33.485300,38.405700,38.405840,0.000140,vbe_low
20260918-203652-4293920,nx8_typ_-40c_vce1.0v,typ,hbt_typ,-40,8,1.0,0.57,8.145940e-10,0.000001,,-33.473200,38.393600,38.393740,0.000140,vbe_low
20260918-203652-4293920,nx8_typ_-40c_vce1.0v,typ,hbt_typ,-40,8,1.0,0.59,2.178180e-09,0.000002,,-33.460800,38.381200,38.381341,0.000141,vbe_low
20260918-203652-4293920,nx8_typ_-40c_vce1.0v,typ,hbt_typ,-40,8,1.0,0.61,5.825550e-09,0.000006,1.46506E+06,-33.448200,38.368600,38.368741,0.000141,vbe_low
20260918-203652-4293920,nx8_typ_-40c_vce1.0v,typ,hbt_typ,-40,8,1.0,0.63,1.558150e-08,0.000017,3.89822E+06,-33.435200,38.355700,38.355842,0.000142,vbe_low
20260918-203652-4293920,nx8_typ_-40c_vce1.0v,typ,hbt_typ,-40,8,1.0,0.65,4.167630e-08,0.000045,1.03715E+07,-33.421600,38.342200,38.342342,0.000142,
20260918-203652-4293920,nx8_typ_-40c_vce1.0v,typ,hbt_typ,-40,8,1.0,0.67,1.114720e-07,0.000121,2.7594E+07,-33.405100,38.326100,38.326243,0.000143,
20260918-203652-4293920,nx8_typ_-40c_vce1.0v,typ,hbt_typ,-40,8,1.0,0.69,2.981470e-07,0.000324,7.32997E+07,-33.372300,38.294300,38.294444,0.000144,
20260918-203652-4293920,nx8_typ_-40c_vce1.0v,typ,hbt_typ,-40,8,1.0,0.71,7.973940e-07,0.000865,1.94954E+08,-33.231600,38.156300,38.156448,0.000148,
20260918-203652-4293920,nx8_typ_-40c_vce1.0v,typ,hbt_typ,-40,8,1.0,0.73,2.132360e-06,0.002314,5.16564E+08,-32.423900,37.355900,37.356078,0.000178,
20260918-203652-4293920,nx8_typ_-40c_vce1.0v,typ,hbt_typ,-40,8,1.0,0.75,5.700480e-06,0.006185,1.37158E+09,-29.031600,33.984000,33.984387,0.000387,
20260918-203652-4293920,nx8_typ_-40c_vce1.0v,typ,hbt_typ,-40,8,1.0,0.77,1.522610e-05,0.016521,3.61757E+09,-22.196100,27.208200,27.210043,0.001843,
20260918-203652-4293920,nx8_typ_-40c_vce1.0v,typ,hbt_typ,-40,8,1.0,0.79,4.057350e-05,0.044025,9.47994E+09,-14.042300,19.246500,19.258016,0.011516,
20260918-203652-4293920,nx8_typ_-40c_vce1.0v,typ,hbt_typ,-40,8,1.0,0.81,1.074240e-04,0.116562,2.43777E+10,-5.776900,11.665700,11.731264,0.065564,
20260918-203652-4293920,nx8_typ_-40c_vce1.0v,typ,hbt_typ,-40,8,1.0,0.83,2.796260e-04,0.303414,5.96574E+10,2.163550,5.920460,6.161650,0.241190,
20260918-203652-4293920,nx8_typ_-40c_vce1.0v,typ,hbt_typ,-40,8,1.0,0.85,6.984370e-04,0.757853,1.31411E+11,9.296290,3.101790,3.552218,0.450428,
20260918-203652-4293920,nx8_typ_-40c_vce1.0v,typ,hbt_typ,-40,8,1.0,0.87,1.604470e-03,1.740961,2.40801E+11,14.993000,2.151610,2.705437,0.553827,
20260918-203652-4293920,nx8_typ_-40c_vce1.0v,typ,hbt_typ,-40,8,1.0,0.89,3.245460e-03,3.521549,3.53044E+11,18.921100,1.829580,2.423245,0.593665,
20260918-203652-4293920,nx8_typ_-40c_vce1.0v,typ,hbt_typ,-40,8,1.0,0.91,5.708650e-03,6.194282,4.33327E+11,21.373000,1.690370,2.302072,0.611702,
20260918-203652-4293920,nx8_typ_-40c_vce1.0v,typ,hbt_typ,-40,8,1.0,0.93,8.913270e-03,9.671517,4.80011E+11,22.890200,1.615770,2.237346,0.621576,
20260918-203652-4293920,nx8_typ_-40c_vce1.0v,typ,hbt_typ,-40,8,1.0,0.95,1.272740e-02,13.810113,5.04386E+11,23.875500,1.574710,2.201784,0.627074,
20260918-203652-4293920,nx8_typ_-40c_vce1.0v,typ,hbt_typ,-40,8,1.0,0.97,1.703910e-02,18.488607,5.11825E+11,24.555800,1.558750,2.187973,0.629223,vbe_high
20260918-203652-4293920,nx8_typ_-40c_vce1.0v,typ,hbt_typ,-40,8,1.0,0.99,2.177090e-02,23.622938,5.06959E+11,25.049500,1.566090,2.194324,0.628234,vbe_high
20260918-203652-4293920,nx8_typ_-40c_vce1.0v,typ,hbt_typ,-40,8,1.0,1.01,2.686890e-02,29.154622,4.8995E+11,25.419700,1.597340,2.221378,0.624038,ic_high;vbe_high
20260918-203652-4293920,nx8_typ_-40c_vce1.0v,typ,hbt_typ,-40,8,1.0,1.03,3.229530e-02,35.042643,4.60248E+11,25.699300,1.654250,2.270714,0.616464,ic_high;vbe_high
20260918-203652-4293920,nx8_typ_-40c_vce1.0v,typ,hbt_typ,-40,8,1.0,1.05,3.802530e-02,41.260091,4.18464E+11,25.904700,1.739260,2.344570,0.605310,ic_high;vbe_high
20260918-203652-4293920,nx8_typ_-40c_vce1.2v,typ,hbt_typ,-40,8,1.2,0.55,3.053650e-10,0.000000,,-33.595800,38.516300,38.516436,0.000136,vbe_low
20260918-203652-4293920,nx8_typ_-40c_vce1.2v,typ,hbt_typ,-40,8,1.2,0.57,8.156810e-10,0.000001,,-33.585500,38.506100,38.506237,0.000137,vbe_low
20260918-203652-4293920,nx8_typ_-40c_vce1.2v,typ,hbt_typ,-40,8,1.2,0.59,2.180690e-09,0.000002,,-33.575100,38.495600,38.495737,0.000137,vbe_low
20260918-203652-4293920,nx8_typ_-40c_vce1.2v,typ,hbt_typ,-40,8,1.2,0.61,5.831810e-09,0.000006,1.47249E+06,-33.564500,38.485000,38.485137,0.000137,vbe_low
20260918-203652-4293920,nx8_typ_-40c_vce1.2v,typ,hbt_typ,-40,8,1.2,0.63,1.559760e-08,0.000017,3.91679E+06,-33.553600,38.474200,38.474338,0.000138,vbe_low
20260918-203652-4293920,nx8_typ_-40c_vce1.2v,typ,hbt_typ,-40,8,1.2,0.65,4.171820e-08,0.000045,1.04257E+07,-33.542100,38.462800,38.462938,0.000138,
20260918-203652-4293920,nx8_typ_-40c_vce1.2v,typ,hbt_typ,-40,8,1.2,0.67,1.115820e-07,0.000121,2.77293E+07,-33.527800,38.448900,38.449039,0.000139,
20260918-203652-4293920,nx8_typ_-40c_vce1.2v,typ,hbt_typ,-40,8,1.2,0.69,2.984380e-07,0.000324,7.36958E+07,-33.496800,38.418900,38.419040,0.000140,
20260918-203652-4293920,nx8_typ_-40c_vce1.2v,typ,hbt_typ,-40,8,1.2,0.71,7.981710e-07,0.000866,1.95947E+08,-33.354500,38.279300,38.279444,0.000144,
20260918-203652-4293920,nx8_typ_-40c_vce1.2v,typ,hbt_typ,-40,8,1.2,0.73,2.134490e-06,0.002316,5.1949E+08,-32.526700,37.458900,37.459074,0.000174,
20260918-203652-4293920,nx8_typ_-40c_vce1.2v,typ,hbt_typ,-40,8,1.2,0.75,5.706560e-06,0.006192,1.37902E+09,-29.074500,34.027100,34.027484,0.000384,
20260918-203652-4293920,nx8_typ_-40c_vce1.2v,typ,hbt_typ,-40,8,1.2,0.77,1.524530e-05,0.016542,3.63696E+09,-22.196400,27.208800,27.210643,0.001843,
20260918-203652-4293920,nx8_typ_-40c_vce1.2v,typ,hbt_typ,-40,8,1.2,0.79,4.064480e-05,0.044102,9.54165E+09,-14.029300,19.234300,19.245848,0.011548,
20260918-203652-4293920,nx8_typ_-40c_vce1.2v,typ,hbt_typ,-40,8,1.2,0.81,1.077430e-04,0.116909,2.45613E+10,-5.753290,11.645900,11.711762,0.065862,
20260918-203652-4293920,nx8_typ_-40c_vce1.2v,typ,hbt_typ,-40,8,1.2,0.83,2.812300e-04,0.305154,6.02789E+10,2.206720,5.896840,6.139309,0.242469,
20260918-203652-4293920,nx8_typ_-40c_vce1.2v,typ,hbt_typ,-40,8,1.2,0.85,7.064010e-04,0.766494,1.33234E+11,9.372490,3.084000,3.536184,0.452184,
20260918-203652-4293920,nx8_typ_-40c_vce1.2v,typ,hbt_typ,-40,8,1.2,0.87,1.637710e-03,1.777029,2.45351E+11,15.105800,2.140650,2.695791,0.555141,
20260918-203652-4293920,nx8_typ_-40c_vce1.2v,typ,hbt_typ,-40,8,1.2,0.89,3.349380e-03,3.634310,3.59781E+11,19.052700,1.822130,2.416748,0.594618,
20260918-203652-4293920,nx8_typ_-40c_vce1.2v,typ,hbt_typ,-40,8,1.2,0.91,5.951720e-03,6.458030,4.41392E+11,21.503900,1.684530,2.296999,0.612469,
20260918-203652-4293920,nx8_typ_-40c_vce1.2v,typ,hbt_typ,-40,8,1.2,0.93,9.369900e-03,10.166992,4.87967E+11,23.014300,1.611700,2.233819,0.622119,
20260918-203652-4293920,nx8_typ_-40c_vce1.2v,typ,hbt_typ,-40,8,1.2,0.95,1.347120e-02,14.617188,5.10764E+11,23.994200,1.574360,2.201481,0.627121,
20260918-203652-4293920,nx8_typ_-40c_vce1.2v,typ,hbt_typ,-40,8,1.2,0.97,1.813910e-02,19.682183,5.16596E+11,24.671500,1.565710,2.193995,0.628285,vbe_high
20260918-203652-4293920,nx8_typ_-40c_vce1.2v,typ,hbt_typ,-40,8,1.2,0.99,2.330260e-02,25.284939,5.09514E+11,25.163400,1.585600,2.211212,0.625612,vbe_high
20260918-203652-4293920,nx8_typ_-40c_vce1.2v,typ,hbt_typ,-40,8,1.2,1.01,2.890400e-02,31.362847,4.89159E+11,25.531300,1.636510,2.255326,0.618816,ic_high;vbe_high
20260918-203652-4293920,nx8_typ_-40c_vce1.2v,typ,hbt_typ,-40,8,1.2,1.03,3.491180e-02,37.881727,4.56191E+11,25.807800,1.722230,2.329759,0.607529,ic_high;vbe_high
20260918-203652-4293920,nx8_typ_-40c_vce1.2v,typ,hbt_typ,-40,8,1.2,1.05,4.130340e-02,44.817057,4.10798E+11,26.007400,1.847280,2.438688,0.591408,ic_high;vbe_high
20260918-203652-4293920,nx8_typ_-40c_vce1.4v,typ,hbt_typ,-40,8,1.4,0.55,3.060350e-10,0.000000,,-33.690300,38.611000,38.611133,0.000133,vbe_low
20260918-203652-4293920,nx8_typ_-40c_vce1.4v,typ,hbt_typ,-40,8,1.4,0.57,8.170870e-10,0.000001,,-33.681500,38.602100,38.602234,0.000134,vbe_low
20260918-203652-4293920,nx8_typ_-40c_vce1.4v,typ,hbt_typ,-40,8,1.4,0.59,2.183990e-09,0.000002,,-33.672500,38.593100,38.593234,0.000134,vbe_low
20260918-203652-4293920,nx8_typ_-40c_vce1.4v,typ,hbt_typ,-40,8,1.4,0.61,5.839980e-09,0.000006,1.47944E+06,-33.663300,38.584000,38.584134,0.000134,vbe_low
20260918-203652-4293920,nx8_typ_-40c_vce1.4v,typ,hbt_typ,-40,8,1.4,0.63,1.561830e-08,0.000017,3.93402E+06,-33.654000,38.574700,38.574835,0.000135,vbe_low
20260918-203652-4293920,nx8_typ_-40c_vce1.4v,typ,hbt_typ,-40,8,1.4,0.65,4.177150e-08,0.000045,1.04754E+07,-33.644000,38.564900,38.565035,0.000135,
20260918-203652-4293920,nx8_typ_-40c_vce1.4v,typ,hbt_typ,-40,8,1.4,0.67,1.117190e-07,0.000121,2.78527E+07,-33.631200,38.552500,38.552635,0.000135,
20260918-203652-4293920,nx8_typ_-40c_vce1.4v,typ,hbt_typ,-40,8,1.4,0.69,2.987950e-07,0.000324,7.40536E+07,-33.601300,38.523600,38.523736,0.000136,
20260918-203652-4293920,nx8_typ_-40c_vce1.4v,typ,hbt_typ,-40,8,1.4,0.71,7.991070e-07,0.000867,1.96838E+08,-33.457300,38.382300,38.382441,0.000141,
20260918-203652-4293920,nx8_typ_-40c_vce1.4v,typ,hbt_typ,-40,8,1.4,0.73,2.136990e-06,0.002319,5.22098E+08,-32.611500,37.543800,37.543971,0.000171,
20260918-203652-4293920,nx8_typ_-40c_vce1.4v,typ,hbt_typ,-40,8,1.4,0.75,5.713540e-06,0.006200,1.3856E+09,-29.107600,34.060400,34.060781,0.000381,
20260918-203652-4293920,nx8_typ_-40c_vce1.4v,typ,hbt_typ,-40,8,1.4,0.77,1.526670e-05,0.016565,3.65410E+09,-22.193700,27.206300,27.208144,0.001844,
20260918-203652-4293920,nx8_typ_-40c_vce1.4v,typ,hbt_typ,-40,8,1.4,0.79,4.072130e-05,0.044185,9.59629E+09,-14.015000,19.220700,19.232284,0.011584,
20260918-203652-4293920,nx8_typ_-40c_vce1.4v,typ,hbt_typ,-40,8,1.4,0.81,1.080750e-04,0.117269,2.4726E+10,-5.728530,11.625000,11.691177,0.066177,
20260918-203652-4293920,nx8_typ_-40c_vce1.4v,typ,hbt_typ,-40,8,1.4,0.83,2.828870e-04,0.306952,6.08476E+10,2.251430,5.872220,6.116030,0.243810,
20260918-203652-4293920,nx8_typ_-40c_vce1.4v,typ,hbt_typ,-40,8,1.4,0.85,7.146840e-04,0.775482,1.35095E+11,9.451160,3.065550,3.519562,0.454012,
20260918-203652-4293920,nx8_typ_-40c_vce1.4v,typ,hbt_typ,-40,8,1.4,0.87,1.673020e-03,1.815343,2.49625E+11,15.221800,2.129260,2.685769,0.556509,
20260918-203652-4293920,nx8_typ_-40c_vce1.4v,typ,hbt_typ,-40,8,1.4,0.89,3.462540e-03,3.757096,3.66027E+11,19.186000,1.814380,2.409990,0.595610,
20260918-203652-4293920,nx8_typ_-40c_vce1.4v,typ,hbt_typ,-40,8,1.4,0.91,6.221870e-03,6.751161,4.48608E+11,21.633000,1.678550,2.291807,0.613257,
20260918-203652-4293920,nx8_typ_-40c_vce1.4v,typ,hbt_typ,-40,8,1.4,0.93,9.886630e-03,10.727680,4.94665E+11,23.134800,1.607970,2.230587,0.622617,
20260918-203652-4293920,nx8_typ_-40c_vce1.4v,typ,hbt_typ,-40,8,1.4,0.95,1.432270e-02,15.541124,5.1553E+11,24.111800,1.575610,2.202563,0.626953,
20260918-203652-4293920,nx8_typ_-40c_vce1.4v,typ,hbt_typ,-40,8,1.4,0.97,1.942790e-02,21.080621,5.19092E+11,24.789400,1.576970,2.203740,0.626770,vbe_high
20260918-203652-4293920,nx8_typ_-40c_vce1.4v,typ,hbt_typ,-40,8,1.4,0.99,2.511860e-02,27.255425,5.08423E+11,25.280400,1.614500,2.236246,0.621746,ic_high;vbe_high
20260918-203652-4293920,nx8_typ_-40c_vce1.4v,typ,hbt_typ,-40,8,1.4,1.01,3.135340e-02,34.020616,4.82069E+11,25.643000,1.693600,2.304878,0.611278,ic_high;vbe_high
20260918-203652-4293920,nx8_typ_-40c_vce1.4v,typ,hbt_typ,-40,8,1.4,1.03,3.810550e-02,41.347114,4.42622E+11,25.908100,1.821350,2.416067,0.594717,ic_high;vbe_high
20260918-203652-4293920,nx8_typ_-40c_vce1.4v,typ,hbt_typ,-40,8,1.4,1.05,4.535830e-02,49.216905,3.91154E+11,26.089800,2.005570,2.577143,0.571573,ic_high;vbe_high
20260918-203652-4293920,nx8_typ_125c_vce0.6v,typ,hbt_typ,125,8,0.6,0.55,1.743950e-05,0.018923,2.39138E+09,-25.358100,32.658900,32.658131,-0.000769,vbe_low
20260918-203652-4293920,nx8_typ_125c_vce0.6v,typ,hbt_typ,125,8,0.6,0.57,3.050100e-05,0.033096,4.13138E+09,-21.094100,28.441500,28.439469,-0.002031,vbe_low
20260918-203652-4293920,nx8_typ_125c_vce0.6v,typ,hbt_typ,125,8,0.6,0.59,5.328980e-05,0.057823,7.13025E+09,-16.486400,23.921400,23.915648,-0.005752,vbe_low
20260918-203652-4293920,nx8_typ_125c_vce0.6v,typ,hbt_typ,125,8,0.6,0.61,9.293630e-05,0.100842,1.22057E+10,-11.778500,19.383700,19.367327,-0.016373,vbe_low
20260918-203652-4293920,nx8_typ_125c_vce0.6v,typ,hbt_typ,125,8,0.6,0.63,1.615710e-04,0.175316,2.06199E+10,-7.085640,15.029000,14.984228,-0.044772,vbe_low
20260918-203652-4293920,nx8_typ_125c_vce0.6v,typ,hbt_typ,125,8,0.6,0.65,2.793900e-04,0.303158,3.43048E+10,-2.481530,11.089900,10.978147,-0.111753,
20260918-203652-4293920,nx8_typ_125c_vce0.6v,typ,hbt_typ,125,8,0.6,0.67,4.788200e-04,0.519553,5.5401E+10,1.957570,7.861340,7.622885,-0.238455,
20260918-203652-4293920,nx8_typ_125c_vce0.6v,typ,hbt_typ,125,8,0.6,0.69,8.088950e-04,0.877707,8.56951E+10,6.135330,5.566110,5.153511,-0.412599,
20260918-203652-4293920,nx8_typ_125c_vce0.6v,typ,hbt_typ,125,8,0.6,0.71,1.337120e-03,1.450868,1.25417E+11,9.937510,4.157200,3.575481,-0.581719,
20260918-203652-4293920,nx8_typ_125c_vce0.6v,typ,hbt_typ,125,8,0.6,0.73,2.144270e-03,2.326682,1.71038E+11,13.255200,3.368580,2.661111,-0.707469,
20260918-203652-4293920,nx8_typ_125c_vce0.6v,typ,hbt_typ,125,8,0.6,0.75,3.309760e-03,3.591319,2.16878E+11,16.022500,2.934080,2.145000,-0.789080,
20260918-203652-4293920,nx8_typ_125c_vce0.6v,typ,hbt_typ,125,8,0.6,0.77,4.892850e-03,5.309082,2.56422E+11,18.240900,2.685980,1.845728,-0.840252,
20260918-203652-4293920,nx8_typ_125c_vce0.6v,typ,hbt_typ,125,8,0.6,0.79,6.921130e-03,7.509907,2.85093E+11,19.969700,2.538260,1.665815,-0.872445,
20260918-203652-4293920,nx8_typ_125c_vce0.6v,typ,hbt_typ,125,8,0.6,0.81,9.391910e-03,10.190875,3.00974E+11,21.295000,2.450690,1.558519,-0.892171,
20260918-203652-4293920,nx8_typ_125c_vce0.6v,typ,hbt_typ,125,8,0.6,0.83,1.228180e-02,13.326606,3.07723E+11,22.302400,2.405300,1.502711,-0.902589,
20260918-203652-4293920,nx8_typ_125c_vce0.6v,typ,hbt_typ,125,8,0.6,0.85,1.555640e-02,16.879774,3.05884E+11,23.052600,2.394560,1.489486,-0.905074,
20260918-203652-4293920,nx8_typ_125c_vce0.6v,typ,hbt_typ,125,8,0.6,0.87,1.917420e-02,20.805339,2.94993E+11,23.524900,2.416410,1.516383,-0.900027,
20260918-203652-4293920,nx8_typ_125c_vce0.6v,typ,hbt_typ,125,8,0.6,0.89,2.306310e-02,25.025065,2.63902E+11,23.277500,2.476750,1.590500,-0.886250,
20260918-203652-4293920,nx8_typ_125c_vce0.6v,typ,hbt_typ,125,8,0.6,0.91,2.699580e-02,29.292318,1.82979E+11,20.788000,2.606870,1.749543,-0.857327,ic_high
20260918-203652-4293920,nx8_typ_125c_vce0.6v,typ,hbt_typ,125,8,0.6,0.93,3.058140e-02,33.182943,1.0246E+11,16.950000,2.832660,2.023087,-0.809573,ic_high
20260918-203652-4293920,nx8_typ_125c_vce0.6v,typ,hbt_typ,125,8,0.6,0.95,3.382000e-02,36.697049,6.30497E+10,14.254600,3.115070,2.361168,-0.753902,ic_high
20260918-203652-4293920,nx8_typ_125c_vce0.6v,typ,hbt_typ,125,8,0.6,0.97,3.693240e-02,40.074219,4.26508E+10,12.238900,3.460530,2.769128,-0.691402,ic_high;vbe_high
20260918-203652-4293920,nx8_typ_125c_vce0.6v,typ,hbt_typ,125,8,0.6,0.99,4.000350e-02,43.406576,2.90506E+10,9.849890,3.941910,3.328440,-0.613470,ic_high;vbe_high
20260918-203652-4293920,nx8_typ_125c_vce0.6v,typ,hbt_typ,125,8,0.6,1.01,4.295400e-02,46.608073,1.8461E+10,6.329640,4.710250,4.202330,-0.507920,ic_high;vbe_high
20260918-203652-4293920,nx8_typ_125c_vce0.6v,typ,hbt_typ,125,8,0.6,1.03,4.561210e-02,49.492296,1.06536E+10,1.596580,6.064670,5.698762,-0.365908,ic_high;vbe_high
20260918-203652-4293920,nx8_typ_125c_vce0.6v,typ,hbt_typ,125,8,0.6,1.05,4.782750e-02,51.896159,5.62999E+09,-3.877550,8.449230,8.241698,-0.207532,ic_high;vbe_high
20260918-203652-4293920,nx8_typ_125c_vce0.8v,typ,hbt_typ,125,8,0.8,0.55,1.745960e-05,0.018945,2.41896E+09,-25.401900,32.703200,32.702439,-0.000761,vbe_low
20260918-203652-4293920,nx8_typ_125c_vce0.8v,typ,hbt_typ,125,8,0.8,0.57,3.054110e-05,0.033139,4.18391E+09,-21.103800,28.451700,28.449674,-0.002026,vbe_low
20260918-203652-4293920,nx8_typ_125c_vce0.8v,typ,hbt_typ,125,8,0.8,0.59,5.337400e-05,0.057914,7.21623E+09,-16.480300,23.916100,23.910341,-0.005759,vbe_low
20260918-203652-4293920,nx8_typ_125c_vce0.8v,typ,hbt_typ,125,8,0.8,0.61,9.312450e-05,0.101047,1.23732E+10,-11.764000,19.370500,19.354077,-0.016423,vbe_low
20260918-203652-4293920,nx8_typ_125c_vce0.8v,typ,hbt_typ,125,8,0.8,0.63,1.620150e-04,0.175798,2.09231E+10,-7.063790,15.010100,14.965131,-0.044969,vbe_low
20260918-203652-4293920,nx8_typ_125c_vce0.8v,typ,hbt_typ,125,8,0.8,0.65,2.804820e-04,0.304342,3.48866E+10,-2.450550,11.065900,10.953520,-0.112380,
20260918-203652-4293920,nx8_typ_125c_vce0.8v,typ,hbt_typ,125,8,0.8,0.67,4.815540e-04,0.522520,5.64476E+10,2.001210,7.834480,7.594504,-0.239976,
20260918-203652-4293920,nx8_typ_125c_vce0.8v,typ,hbt_typ,125,8,0.8,0.69,8.156880e-04,0.885078,8.76499E+10,6.195940,5.540270,5.125088,-0.415182,
20260918-203652-4293920,nx8_typ_125c_vce0.8v,typ,hbt_typ,125,8,0.8,0.71,1.353370e-03,1.468500,1.28598E+11,10.018500,4.135550,3.550719,-0.584831,
20260918-203652-4293920,nx8_typ_125c_vce0.8v,typ,hbt_typ,125,8,0.8,0.73,2.180650e-03,2.366157,1.76426E+11,13.357300,3.351880,2.641450,-0.710430,
20260918-203652-4293920,nx8_typ_125c_vce0.8v,typ,hbt_typ,125,8,0.8,0.75,3.384410e-03,3.672320,2.24808E+11,16.142400,2.921670,2.130114,-0.791556,
20260918-203652-4293920,nx8_typ_125c_vce0.8v,typ,hbt_typ,125,8,0.8,0.77,5.031970e-03,5.460037,2.67206E+11,18.373300,2.677170,1.835035,-0.842135,
20260918-203652-4293920,nx8_typ_125c_vce0.8v,typ,hbt_typ,125,8,0.8,0.79,7.157420e-03,7.766298,3.01093E+11,20.111100,2.533080,1.659481,-0.873599,
20260918-203652-4293920,nx8_typ_125c_vce0.8v,typ,hbt_typ,125,8,0.8,0.81,9.761700e-03,10.592122,3.25204E+11,21.446100,2.450140,1.557843,-0.892297,
20260918-203652-4293920,nx8_typ_125c_vce0.8v,typ,hbt_typ,125,8,0.8,0.83,1.282250e-02,13.913303,3.38785E+11,22.466100,2.411470,1.510305,-0.901165,
20260918-203652-4293920,nx8_typ_125c_vce0.8v,typ,hbt_typ,125,8,0.8,0.85,1.630530e-02,17.692383,3.40681E+11,23.239000,2.410440,1.509037,-0.901403,
20260918-203652-4293920,nx8_typ_125c_vce0.8v,typ,hbt_typ,125,8,0.8,0.87,2.017180e-02,21.887804,3.31559E+11,23.815900,2.445010,1.551542,-0.893468,
20260918-203652-4293920,nx8_typ_125c_vce0.8v,typ,hbt_typ,125,8,0.8,0.89,2.438350e-02,26.457791,3.13287E+11,24.221000,2.515200,1.637607,-0.877593,ic_high
20260918-203652-4293920,nx8_typ_125c_vce0.8v,typ,hbt_typ,125,8,0.8,0.91,2.890060e-02,31.359158,2.86482E+11,24.417400,2.622500,1.768577,-0.853923,ic_high
20260918-203652-4293920,nx8_typ_125c_vce0.8v,typ,hbt_typ,125,8,0.8,0.93,3.364590e-02,36.508138,2.39269E+11,23.858000,2.775180,1.953734,-0.821446,ic_high
20260918-203652-4293920,nx8_typ_125c_vce0.8v,typ,hbt_typ,125,8,0.8,0.95,3.832500e-02,41.585286,1.50593E+11,20.828800,3.009010,2.234707,-0.774303,ic_high
20260918-203652-4293920,nx8_typ_125c_vce0.8v,typ,hbt_typ,125,8,0.8,0.97,4.253570e-02,46.154188,8.46278E+10,17.062500,3.338010,2.625110,-0.712900,ic_high;vbe_high
20260918-203652-4293920,nx8_typ_125c_vce0.8v,typ,hbt_typ,125,8,0.8,0.99,4.639910e-02,50.346246,5.45914E+10,14.540400,3.727220,3.080229,-0.646991,ic_high;vbe_high
20260918-203652-4293920,nx8_typ_125c_vce0.8v,typ,hbt_typ,125,8,0.8,1.01,5.015870e-02,54.425673,3.87978E+10,12.633300,4.180200,3.601767,-0.578433,ic_high;vbe_high
20260918-203652-4293920,nx8_typ_125c_vce0.8v,typ,hbt_typ,125,8,0.8,1.03,5.389470e-02,58.479492,2.81551E+10,10.495300,4.735300,4.230478,-0.504822,ic_high;vbe_high
20260918-203652-4293920,nx8_typ_125c_vce0.8v,typ,hbt_typ,125,8,0.8,1.05,5.751610e-02,62.408963,1.93518E+10,7.357570,5.485700,5.065005,-0.420695,ic_high;vbe_high
20260918-203652-4293920,nx8_typ_125c_vce1.0v,typ,hbt_typ,125,8,1.0,0.55,1.747970e-05,0.018967,2.43873E+09,-25.428300,32.729900,32.729144,-0.000756,vbe_low
20260918-203652-4293920,nx8_typ_125c_vce1.0v,typ,hbt_typ,125,8,1.0,0.57,3.058100e-05,0.033183,4.22116E+09,-21.106500,28.454800,28.452776,-0.002024,vbe_low
20260918-203652-4293920,nx8_typ_125c_vce1.0v,typ,hbt_typ,125,8,1.0,0.59,5.345770e-05,0.058005,7.27694E+09,-16.471900,23.908400,23.902631,-0.005769,vbe_low
20260918-203652-4293920,nx8_typ_125c_vce1.0v,typ,hbt_typ,125,8,1.0,0.61,9.331120e-05,0.101249,1.24908E+10,-11.748900,19.356600,19.340125,-0.016475,vbe_low
20260918-203652-4293920,nx8_typ_125c_vce1.0v,typ,hbt_typ,125,8,1.0,0.63,1.624570e-04,0.176277,2.11574E+10,-7.042110,14.991000,14.945832,-0.045168,vbe_low
20260918-203652-4293920,nx8_typ_125c_vce1.0v,typ,hbt_typ,125,8,1.0,0.65,2.815740e-04,0.305527,3.52952E+10,-2.420000,11.042100,10.929094,-0.113006,
20260918-203652-4293920,nx8_typ_125c_vce1.0v,typ,hbt_typ,125,8,1.0,0.67,4.843090e-04,0.525509,5.71862E+10,2.044400,7.807760,7.566261,-0.241499,
20260918-203652-4293920,nx8_typ_125c_vce1.0v,typ,hbt_typ,125,8,1.0,0.69,8.225980e-04,0.892576,8.90308E+10,6.256220,5.514480,5.096702,-0.417778,
20260918-203652-4293920,nx8_typ_125c_vce1.0v,typ,hbt_typ,125,8,1.0,0.71,1.370080e-03,1.486632,1.30831E+11,10.099500,4.113910,3.525951,-0.587959,
20260918-203652-4293920,nx8_typ_125c_vce1.0v,typ,hbt_typ,125,8,1.0,0.73,2.218570e-03,2.407303,1.8009E+11,13.459500,3.335150,2.621740,-0.713410,
20260918-203652-4293920,nx8_typ_125c_vce1.0v,typ,hbt_typ,125,8,1.0,0.75,3.463320e-03,3.757943,2.29878E+11,16.262200,2.909230,2.115182,-0.794048,
20260918-203652-4293920,nx8_typ_125c_vce1.0v,typ,hbt_typ,125,8,1.0,0.77,5.181100e-03,5.621853,2.74386E+11,18.503800,2.668420,1.824411,-0.844009,
20260918-203652-4293920,nx8_typ_125c_vce1.0v,typ,hbt_typ,125,8,1.0,0.79,7.413910e-03,8.044607,3.09705E+11,20.245100,2.528260,1.653587,-0.874673,
20260918-203652-4293920,nx8_typ_125c_vce1.0v,typ,hbt_typ,125,8,1.0,0.81,1.016750e-02,11.032444,3.34295E+11,21.578000,2.450640,1.558457,-0.892183,
20260918-203652-4293920,nx8_typ_125c_vce1.0v,typ,hbt_typ,125,8,1.0,0.83,1.342130e-02,14.563043,3.51372E+11,22.593300,2.420000,1.520799,-0.899201,
20260918-203652-4293920,nx8_typ_125c_vce1.0v,typ,hbt_typ,125,8,1.0,0.85,1.714070e-02,18.598850,3.58855E+11,23.364800,2.431060,1.534400,-0.896660,
20260918-203652-4293920,nx8_typ_125c_vce1.0v,typ,hbt_typ,125,8,1.0,0.87,2.128580e-02,23.096571,3.57119E+11,23.945900,2.483120,1.598311,-0.884809,
20260918-203652-4293920,nx8_typ_125c_vce1.0v,typ,hbt_typ,125,8,1.0,0.89,2.581670e-02,28.012912,3.4076E+11,24.365200,2.577420,1.713639,-0.863781,ic_high
20260918-203652-4293920,nx8_typ_125c_vce1.0v,typ,hbt_typ,125,8,1.0,0.91,3.069530e-02,33.306532,3.14177E+11,24.645100,2.715750,1.881826,-0.833924,ic_high
20260918-203652-4293920,nx8_typ_125c_vce1.0v,typ,hbt_typ,125,8,1.0,0.93,3.588560e-02,38.938368,2.76783E+11,24.765200,2.899940,2.104026,-0.795914,ic_high
20260918-203652-4293920,nx8_typ_125c_vce1.0v,typ,hbt_typ,125,8,1.0,0.95,4.133820e-02,44.854818,2.2949E+11,24.503100,3.133560,2.383154,-0.750406,ic_high
20260918-203652-4293920,nx8_typ_125c_vce1.0v,typ,hbt_typ,125,8,1.0,0.97,4.686130e-02,50.847765,1.58366E+11,22.440800,3.437820,2.742487,-0.695333,ic_high;vbe_high
20260918-203652-4293920,nx8_typ_125c_vce1.0v,typ,hbt_typ,125,8,1.0,0.99,5.196010e-02,56.380317,9.02484E+10,18.482100,3.844040,3.215526,-0.628514,ic_high;vbe_high
20260918-203652-4293920,nx8_typ_125c_vce1.0v,typ,hbt_typ,125,8,1.0,1.01,5.656750e-02,61.379666,5.71618E+10,15.513100,4.321730,3.763090,-0.558640,ic_high;vbe_high
20260918-203652-4293920,nx8_typ_125c_vce1.0v,typ,hbt_typ,125,8,1.0,1.03,6.096750e-02,66.153971,4.07761E+10,13.457000,4.852220,4.361594,-0.490626,ic_high;vbe_high
20260918-203652-4293920,nx8_typ_125c_vce1.0v,typ,hbt_typ,125,8,1.0,1.05,6.531610e-02,70.872504,3.08682E+10,11.632600,5.441380,5.016152,-0.425228,ic_high;vbe_high
20260918-203652-4293920,nx8_typ_125c_vce1.2v,typ,hbt_typ,125,8,1.2,0.55,1.750420e-05,0.018993,2.45479E+09,-25.444300,32.746200,32.745446,-0.000754,vbe_low
20260918-203652-4293920,nx8_typ_125c_vce1.2v,typ,hbt_typ,125,8,1.2,0.57,3.062730e-05,0.033233,4.25113E+09,-21.104500,28.453200,28.451175,-0.002025,vbe_low
20260918-203652-4293920,nx8_typ_125c_vce1.2v,typ,hbt_typ,125,8,1.2,0.59,5.355090e-05,0.058106,7.32568E+09,-16.461300,23.898300,23.892517,-0.005783,vbe_low
20260918-203652-4293920,nx8_typ_125c_vce1.2v,typ,hbt_typ,125,8,1.2,0.61,9.351210e-05,0.101467,1.25848E+10,-11.732600,19.341400,19.324867,-0.016533,vbe_low
20260918-203652-4293920,nx8_typ_125c_vce1.2v,typ,hbt_typ,125,8,1.2,0.63,1.629200e-04,0.176780,2.1345E+10,-7.019650,14.971100,14.925724,-0.045376,vbe_low
20260918-203652-4293920,nx8_typ_125c_vce1.2v,typ,hbt_typ,125,8,1.2,0.65,2.827030e-04,0.306752,3.56254E+10,-2.388890,11.017600,10.903947,-0.113653,
20260918-203652-4293920,nx8_typ_125c_vce1.2v,typ,hbt_typ,125,8,1.2,0.67,4.871430e-04,0.528584,5.77899E+10,2.088020,7.780430,7.537363,-0.243067,
20260918-203652-4293920,nx8_typ_125c_vce1.2v,typ,hbt_typ,125,8,1.2,0.69,8.297130e-04,0.900296,9.01699E+10,6.316850,5.488260,5.067826,-0.420434,
20260918-203652-4293920,nx8_typ_125c_vce1.2v,typ,hbt_typ,125,8,1.2,0.71,1.387410e-03,1.505436,1.32766E+11,10.180700,4.091990,3.500843,-0.591147,
20260918-203652-4293920,nx8_typ_125c_vce1.2v,typ,hbt_typ,125,8,1.2,0.73,2.258310e-03,2.450423,1.83112E+11,13.561800,3.318280,2.601851,-0.716429,
20260918-203652-4293920,nx8_typ_125c_vce1.2v,typ,hbt_typ,125,8,1.2,0.75,3.547130e-03,3.848882,2.3398E+11,16.381800,2.896720,2.100158,-0.796562,
20260918-203652-4293920,nx8_typ_125c_vce1.2v,typ,hbt_typ,125,8,1.2,0.77,5.341730e-03,5.796148,2.79962E+11,18.634200,2.659740,1.813866,-0.845874,
20260918-203652-4293920,nx8_typ_125c_vce1.2v,typ,hbt_typ,125,8,1.2,0.79,7.693920e-03,8.348438,3.15983E+11,20.379100,2.523820,1.648155,-0.875665,
20260918-203652-4293920,nx8_typ_125c_vce1.2v,typ,hbt_typ,125,8,1.2,0.81,1.061600e-02,11.519097,3.41499E+11,21.709300,2.452300,1.560496,-0.891804,
20260918-203652-4293920,nx8_typ_125c_vce1.2v,typ,hbt_typ,125,8,1.2,0.83,1.409040e-02,15.289062,3.58272E+11,22.716300,2.431270,1.534658,-0.896612,
20260918-203652-4293920,nx8_typ_125c_vce1.2v,typ,hbt_typ,125,8,1.2,0.85,1.808290e-02,19.621202,3.65741E+11,23.475000,2.457240,1.566561,-0.890679,
20260918-203652-4293920,nx8_typ_125c_vce1.2v,typ,hbt_typ,125,8,1.2,0.87,2.255270e-02,24.471246,3.64863E+11,24.041100,2.531310,1.657317,-0.873993,
20260918-203652-4293920,nx8_typ_125c_vce1.2v,typ,hbt_typ,125,8,1.2,0.89,2.745790e-02,29.793728,3.54662E+11,24.452400,2.656380,1.809784,-0.846596,ic_high
20260918-203652-4293920,nx8_typ_125c_vce1.2v,typ,hbt_typ,125,8,1.2,0.91,3.275790e-02,35.544596,3.29811E+11,24.725800,2.835690,2.026738,-0.808952,ic_high
20260918-203652-4293920,nx8_typ_125c_vce1.2v,typ,hbt_typ,125,8,1.2,0.93,3.841390e-02,41.681749,2.88394E+11,24.852600,3.071810,2.309658,-0.762152,ic_high
20260918-203652-4293920,nx8_typ_125c_vce1.2v,typ,hbt_typ,125,8,1.2,0.95,4.438760e-02,48.163628,2.4089E+11,24.821000,3.365930,2.657992,-0.707938,ic_high
20260918-203652-4293920,nx8_typ_125c_vce1.2v,typ,hbt_typ,125,8,1.2,0.97,5.062640e-02,54.933160,1.84612E+11,24.331900,3.719710,3.071512,-0.648198,ic_high;vbe_high
20260918-203652-4293920,nx8_typ_125c_vce1.2v,typ,hbt_typ,125,8,1.2,0.99,5.691600e-02,61.757813,1.21761E+11,21.998200,4.149950,3.567191,-0.582759,ic_high;vbe_high
20260918-203652-4293920,nx8_typ_125c_vce1.2v,typ,hbt_typ,125,8,1.2,1.01,6.270600e-02,68.040365,7.25591E+10,18.026200,4.677280,4.165252,-0.512028,ic_high;vbe_high
20260918-203652-4293920,nx8_typ_125c_vce1.2v,typ,hbt_typ,125,8,1.2,1.03,6.794880e-02,73.729167,4.79865E+10,15.033100,5.265300,4.821548,-0.443752,ic_high;vbe_high
20260918-203652-4293920,nx8_typ_125c_vce1.2v,typ,hbt_typ,125,8,1.2,1.05,7.294090e-02,79.145942,3.50473E+10,12.857800,5.892120,5.510711,-0.381409,ic_high;vbe_high
20260918-203652-4293920,nx8_typ_125c_vce1.4v,typ,hbt_typ,125,8,1.4,0.55,1.754420e-05,0.019037,2.47008E+09,-25.449400,32.751500,32.750747,-0.000753,vbe_low
20260918-203652-4293920,nx8_typ_125c_vce1.4v,typ,hbt_typ,125,8,1.4,0.57,3.069830e-05,0.033310,4.27916E+09,-21.094800,28.443700,28.441670,-0.002030,vbe_low
20260918-203652-4293920,nx8_typ_125c_vce1.4v,typ,hbt_typ,125,8,1.4,0.59,5.368330e-05,0.058250,7.37433E+09,-16.444600,23.881900,23.876095,-0.005805,vbe_low
20260918-203652-4293920,nx8_typ_125c_vce1.4v,typ,hbt_typ,125,8,1.4,0.61,9.377570e-05,0.101753,1.26706E+10,-11.711000,19.320700,19.304088,-0.016612,vbe_low
20260918-203652-4293920,nx8_typ_125c_vce1.4v,typ,hbt_typ,125,8,1.4,0.63,1.634850e-04,0.177393,2.15149E+10,-6.992190,14.946100,14.900460,-0.045640,vbe_low
20260918-203652-4293920,nx8_typ_125c_vce1.4v,typ,hbt_typ,125,8,1.4,0.65,2.840010e-04,0.308161,3.59242E+10,-2.352920,10.988300,10.873867,-0.114433,
20260918-203652-4293920,nx8_typ_125c_vce1.4v,typ,hbt_typ,125,8,1.4,0.67,4.902720e-04,0.531979,5.83372E+10,2.136390,7.748930,7.504043,-0.244887,
20260918-203652-4293920,nx8_typ_125c_vce1.4v,typ,hbt_typ,125,8,1.4,0.69,8.373980e-04,0.908635,9.12052E+10,6.381740,5.458770,5.035327,-0.423443,
20260918-203652-4293920,nx8_typ_125c_vce1.4v,typ,hbt_typ,125,8,1.4,0.71,1.405970e-03,1.525575,1.34781E+11,10.264500,4.067860,3.473184,-0.594676,
20260918-203652-4293920,nx8_typ_125c_vce1.4v,typ,hbt_typ,125,8,1.4,0.73,2.300930e-03,2.496669,1.85843E+11,13.662800,3.300100,2.580402,-0.719698,
20260918-203652-4293920,nx8_typ_125c_vce1.4v,typ,hbt_typ,125,8,1.4,0.75,3.637650e-03,3.947103,2.38035E+11,16.493700,2.883650,2.084452,-0.799198,
20260918-203652-4293920,nx8_typ_125c_vce1.4v,typ,hbt_typ,125,8,1.4,0.77,5.516910e-03,5.986230,2.84796E+11,18.749400,2.651100,1.803366,-0.847734,
20260918-203652-4293920,nx8_typ_125c_vce1.4v,typ,hbt_typ,125,8,1.4,0.79,8.002630e-03,8.683409,3.21222E+11,20.494200,2.520080,1.643579,-0.876501,
20260918-203652-4293920,nx8_typ_125c_vce1.4v,typ,hbt_typ,125,8,1.4,0.81,1.111600e-02,12.061632,3.47163E+11,21.824400,2.455680,1.564646,-0.891034,
20260918-203652-4293920,nx8_typ_125c_vce1.4v,typ,hbt_typ,125,8,1.4,0.83,1.484470e-02,16.107530,3.63183E+11,22.830000,2.446230,1.553041,-0.893189,
20260918-203652-4293920,nx8_typ_125c_vce1.4v,typ,hbt_typ,125,8,1.4,0.85,1.915670e-02,20.786350,3.69729E+11,23.580000,2.490730,1.607639,-0.883091,
20260918-203652-4293920,nx8_typ_125c_vce1.4v,typ,hbt_typ,125,8,1.4,0.87,2.401070e-02,26.053277,3.67513E+11,24.126600,2.592810,1.732409,-0.860401,ic_high
20260918-203652-4293920,nx8_typ_125c_vce1.4v,typ,hbt_typ,125,8,1.4,0.89,2.936290e-02,31.860786,3.55579E+11,24.510300,2.757670,1.932569,-0.825101,ic_high
20260918-203652-4293920,nx8_typ_125c_vce1.4v,typ,hbt_typ,125,8,1.4,0.91,3.516950e-02,38.161350,3.31921E+11,24.757700,2.990240,2.212264,-0.777976,ic_high
20260918-203652-4293920,nx8_typ_125c_vce1.4v,typ,hbt_typ,125,8,1.4,0.93,4.138710e-02,44.907878,2.94646E+11,24.869900,3.293860,2.573037,-0.720823,ic_high
20260918-203652-4293920,nx8_typ_125c_vce1.4v,typ,hbt_typ,125,8,1.4,0.95,4.797010e-02,52.050890,2.33536E+11,24.771100,3.669380,3.013025,-0.656355,ic_high
20260918-203652-4293920,nx8_typ_125c_vce1.4v,typ,hbt_typ,125,8,1.4,0.97,5.486810e-02,59.535699,1.72872E+11,24.369400,4.114490,3.526615,-0.587875,ic_high;vbe_high
20260918-203652-4293920,nx8_typ_125c_vce1.4v,typ,hbt_typ,125,8,1.4,0.99,6.198780e-02,67.261068,1.15257E+11,22.981400,4.628310,4.110115,-0.518195,ic_high;vbe_high
20260918-203652-4293920,nx8_typ_125c_vce1.4v,typ,hbt_typ,125,8,1.4,1.01,6.892580e-02,74.789280,6.95836E+10,19.227100,5.227640,4.779817,-0.447823,ic_high;vbe_high
20260918-203652-4293920,nx8_typ_125c_vce1.4v,typ,hbt_typ,125,8,1.4,1.03,7.515820e-02,81.551866,4.46345E+10,15.398700,5.897010,5.516050,-0.380960,ic_high;vbe_high
20260918-203652-4293920,nx8_typ_125c_vce1.4v,typ,hbt_typ,125,8,1.4,1.05,8.087510e-02,87.755100,3.10818E+10,12.467500,6.598090,6.276084,-0.322006,ic_high;vbe_high
20260918-203652-4293920,nx8_bcs_-40c_vce0.6v,bcs,hbt_bcs,-40,8,0.6,0.55,3.828330e-10,0.000000,,-33.983200,38.903900,38.904025,0.000125,vbe_low
20260918-203652-4293920,nx8_bcs_-40c_vce0.6v,bcs,hbt_bcs,-40,8,0.6,0.57,1.023940e-09,0.000001,,-33.965000,38.885700,38.885825,0.000125,vbe_low
20260918-203652-4293920,nx8_bcs_-40c_vce0.6v,bcs,hbt_bcs,-40,8,0.6,0.59,2.738840e-09,0.000003,,-33.946300,38.867000,38.867126,0.000126,vbe_low
20260918-203652-4293920,nx8_bcs_-40c_vce0.6v,bcs,hbt_bcs,-40,8,0.6,0.61,7.325960e-09,0.000008,2.11195E+06,-33.927000,38.847700,38.847826,0.000126,vbe_low
20260918-203652-4293920,nx8_bcs_-40c_vce0.6v,bcs,hbt_bcs,-40,8,0.6,0.63,1.959570e-08,0.000021,5.61138E+06,-33.907000,38.827800,38.827927,0.000127,vbe_low
20260918-203652-4293920,nx8_bcs_-40c_vce0.6v,bcs,hbt_bcs,-40,8,0.6,0.65,5.241420e-08,0.000057,1.49509E+07,-33.885700,38.806700,38.806828,0.000128,
20260918-203652-4293920,nx8_bcs_-40c_vce0.6v,bcs,hbt_bcs,-40,8,0.6,0.67,1.401940e-07,0.000152,3.97208E+07,-33.859600,38.781100,38.781228,0.000128,
20260918-203652-4293920,nx8_bcs_-40c_vce0.6v,bcs,hbt_bcs,-40,8,0.6,0.69,3.749690e-07,0.000407,1.05662E+08,-33.805600,38.728300,38.728430,0.000130,
20260918-203652-4293920,nx8_bcs_-40c_vce0.6v,bcs,hbt_bcs,-40,8,0.6,0.71,1.002850e-06,0.001088,2.8062E+08,-33.567500,38.493600,38.493737,0.000137,
20260918-203652-4293920,nx8_bcs_-40c_vce0.6v,bcs,hbt_bcs,-40,8,0.6,0.73,2.681690e-06,0.002910,7.4451E+08,-32.274000,37.209400,37.209584,0.000184,
20260918-203652-4293920,nx8_bcs_-40c_vce0.6v,bcs,hbt_bcs,-40,8,0.6,0.75,7.168410e-06,0.007778,1.97343E+09,-27.794700,32.756100,32.756614,0.000514,
20260918-203652-4293920,nx8_bcs_-40c_vce0.6v,bcs,hbt_bcs,-40,8,0.6,0.77,1.914290e-05,0.020771,5.19397E+09,-20.354400,25.392700,25.395500,0.002800,
20260918-203652-4293920,nx8_bcs_-40c_vce0.6v,bcs,hbt_bcs,-40,8,0.6,0.79,5.098430e-05,0.055322,1.35959E+10,-12.078000,17.369700,17.387428,0.017728,
20260918-203652-4293920,nx8_bcs_-40c_vce0.6v,bcs,hbt_bcs,-40,8,0.6,0.81,1.348240e-04,0.146293,3.47236E+10,-3.799420,9.999470,10.095359,0.095889,
20260918-203652-4293920,nx8_bcs_-40c_vce0.6v,bcs,hbt_bcs,-40,8,0.6,0.83,3.500030e-04,0.379778,8.36774E+10,4.132170,4.805220,5.114563,0.309343,
20260918-203652-4293920,nx8_bcs_-40c_vce0.6v,bcs,hbt_bcs,-40,8,0.6,0.85,8.697230e-04,0.943710,1.79807E+11,11.251500,2.508220,3.020862,0.512642,
20260918-203652-4293920,nx8_bcs_-40c_vce0.6v,bcs,hbt_bcs,-40,8,0.6,0.87,1.982880e-03,2.151562,3.1726E+11,16.952400,1.767650,2.369277,0.601627,
20260918-203652-4293920,nx8_bcs_-40c_vce0.6v,bcs,hbt_bcs,-40,8,0.6,0.89,3.980800e-03,4.319444,4.48747E+11,20.925800,1.508190,2.144267,0.636077,
20260918-203652-4293920,nx8_bcs_-40c_vce0.6v,bcs,hbt_bcs,-40,8,0.6,0.91,6.967930e-03,7.560688,5.36382E+11,23.455000,1.387440,2.040167,0.652727,
20260918-203652-4293920,nx8_bcs_-40c_vce0.6v,bcs,hbt_bcs,-40,8,0.6,0.93,1.085530e-02,11.778754,5.83322E+11,25.052800,1.317180,1.979780,0.662600,
20260918-203652-4293920,nx8_bcs_-40c_vce0.6v,bcs,hbt_bcs,-40,8,0.6,0.95,1.549050e-02,16.808268,5.98167E+11,26.104700,1.274050,1.942779,0.668729,
20260918-203652-4293920,nx8_bcs_-40c_vce0.6v,bcs,hbt_bcs,-40,8,0.6,0.97,2.073930e-02,22.503581,5.89512E+11,26.831200,1.251150,1.923155,0.672005,vbe_high
20260918-203652-4293920,nx8_bcs_-40c_vce0.6v,bcs,hbt_bcs,-40,8,0.6,0.99,2.649900e-02,28.753255,5.59277E+11,27.324300,1.246390,1.919077,0.672687,ic_high;vbe_high
20260918-203652-4293920,nx8_bcs_-40c_vce0.6v,bcs,hbt_bcs,-40,8,0.6,1.01,3.260900e-02,35.383030,3.45015E+11,25.870000,1.268630,1.938133,0.669503,ic_high;vbe_high
20260918-203652-4293920,nx8_bcs_-40c_vce0.6v,bcs,hbt_bcs,-40,8,0.6,1.03,3.757900e-02,40.775825,4.64077E+10,14.465600,1.469800,2.111127,0.641327,ic_high;vbe_high
20260918-203652-4293920,nx8_bcs_-40c_vce0.6v,bcs,hbt_bcs,-40,8,0.6,1.05,4.102720e-02,44.517361,1.67043E+10,8.034420,1.900120,2.484836,0.584716,ic_high;vbe_high
20260918-203652-4293920,nx8_bcs_-40c_vce0.8v,bcs,hbt_bcs,-40,8,0.8,0.55,3.833930e-10,0.000000,,-34.141000,39.061900,39.062020,0.000120,vbe_low
20260918-203652-4293920,nx8_bcs_-40c_vce0.8v,bcs,hbt_bcs,-40,8,0.8,0.57,1.025100e-09,0.000001,,-34.126800,39.047700,39.047821,0.000121,vbe_low
20260918-203652-4293920,nx8_bcs_-40c_vce0.8v,bcs,hbt_bcs,-40,8,0.8,0.59,2.741610e-09,0.000003,,-34.112400,39.033300,39.033421,0.000121,vbe_low
20260918-203652-4293920,nx8_bcs_-40c_vce0.8v,bcs,hbt_bcs,-40,8,0.8,0.61,7.333010e-09,0.000008,2.12662E+06,-34.097500,39.018400,39.018522,0.000122,vbe_low
20260918-203652-4293920,nx8_bcs_-40c_vce0.8v,bcs,hbt_bcs,-40,8,0.8,0.63,1.961420e-08,0.000021,5.64855E+06,-34.082200,39.003200,39.003322,0.000122,vbe_low
20260918-203652-4293920,nx8_bcs_-40c_vce0.8v,bcs,hbt_bcs,-40,8,0.8,0.65,5.246330e-08,0.000057,1.50607E+07,-34.065800,38.987000,38.987122,0.000122,
20260918-203652-4293920,nx8_bcs_-40c_vce0.8v,bcs,hbt_bcs,-40,8,0.8,0.67,1.403250e-07,0.000152,3.99991E+07,-34.044800,38.966400,38.966523,0.000123,
20260918-203652-4293920,nx8_bcs_-40c_vce0.8v,bcs,hbt_bcs,-40,8,0.8,0.69,3.753220e-07,0.000407,1.06488E+08,-33.994800,38.917700,38.917824,0.000124,
20260918-203652-4293920,nx8_bcs_-40c_vce0.8v,bcs,hbt_bcs,-40,8,0.8,0.71,1.003800e-06,0.001089,2.82717E+08,-33.752600,38.678900,38.679031,0.000131,
20260918-203652-4293920,nx8_bcs_-40c_vce0.8v,bcs,hbt_bcs,-40,8,0.8,0.73,2.684370e-06,0.002913,7.50777E+08,-32.413600,37.349200,37.349378,0.000178,
20260918-203652-4293920,nx8_bcs_-40c_vce0.8v,bcs,hbt_bcs,-40,8,0.8,0.75,7.176290e-06,0.007787,1.98954E+09,-27.839600,32.801200,32.801709,0.000509,
20260918-203652-4293920,nx8_bcs_-40c_vce0.8v,bcs,hbt_bcs,-40,8,0.8,0.77,1.916890e-05,0.020800,5.24345E+09,-20.352900,25.391600,25.394400,0.002800,
20260918-203652-4293920,nx8_bcs_-40c_vce0.8v,bcs,hbt_bcs,-40,8,0.8,0.79,5.108570e-05,0.055432,1.37308E+10,-12.062900,17.355700,17.373485,0.017785,
20260918-203652-4293920,nx8_bcs_-40c_vce0.8v,bcs,hbt_bcs,-40,8,0.8,0.81,1.352970e-04,0.146807,3.51194E+10,-3.771410,9.977350,10.073724,0.096374,
20260918-203652-4293920,nx8_bcs_-40c_vce0.8v,bcs,hbt_bcs,-40,8,0.8,0.83,3.524420e-04,0.382424,8.49827E+10,4.184620,4.781010,5.092021,0.311011,
20260918-203652-4293920,nx8_bcs_-40c_vce0.8v,bcs,hbt_bcs,-40,8,0.8,0.85,8.818620e-04,0.956882,1.83183E+11,11.345200,2.491430,3.005945,0.514515,
20260918-203652-4293920,nx8_bcs_-40c_vce0.8v,bcs,hbt_bcs,-40,8,0.8,0.87,2.033040e-03,2.205990,3.24854E+11,17.092100,1.757420,2.360372,0.602952,
20260918-203652-4293920,nx8_bcs_-40c_vce0.8v,bcs,hbt_bcs,-40,8,0.8,0.89,4.135720e-03,4.487543,4.60395E+11,21.091200,1.501020,2.138075,0.637055,
20260918-203652-4293920,nx8_bcs_-40c_vce0.8v,bcs,hbt_bcs,-40,8,0.8,0.91,7.326740e-03,7.950022,5.51516E+11,23.622500,1.381600,2.035143,0.653543,
20260918-203652-4293920,nx8_bcs_-40c_vce0.8v,bcs,hbt_bcs,-40,8,0.8,0.93,1.152690e-02,12.507487,5.97769E+11,25.214500,1.312850,1.976063,0.663213,
20260918-203652-4293920,nx8_bcs_-40c_vce0.8v,bcs,hbt_bcs,-40,8,0.8,0.95,1.657930e-02,17.989692,6.15516E+11,26.263100,1.273010,1.941888,0.668878,
20260918-203652-4293920,nx8_bcs_-40c_vce0.8v,bcs,hbt_bcs,-40,8,0.8,0.97,2.234750e-02,24.248589,6.06705E+11,26.992200,1.256490,1.927730,0.671240,vbe_high
20260918-203652-4293920,nx8_bcs_-40c_vce0.8v,bcs,hbt_bcs,-40,8,0.8,0.99,2.872960e-02,31.173611,5.73668E+11,27.516600,1.262370,1.932768,0.670398,ic_high;vbe_high
20260918-203652-4293920,nx8_bcs_-40c_vce0.8v,bcs,hbt_bcs,-40,8,0.8,1.01,3.565110e-02,38.683919,5.18387E+11,27.893100,1.291740,1.957949,0.666209,ic_high;vbe_high
20260918-203652-4293920,nx8_bcs_-40c_vce0.8v,bcs,hbt_bcs,-40,8,0.8,1.03,4.302740e-02,46.687717,3.78204E+11,27.429600,1.350110,2.008066,0.657956,ic_high;vbe_high
20260918-203652-4293920,nx8_bcs_-40c_vce0.8v,bcs,hbt_bcs,-40,8,0.8,1.05,4.951570e-02,53.727973,5.58637E+10,16.790700,1.547170,2.177957,0.630787,ic_high;vbe_high
20260918-203652-4293920,nx8_bcs_-40c_vce1.0v,bcs,hbt_bcs,-40,8,1.0,0.55,3.839620e-10,0.000000,,-34.267300,39.188400,39.188517,0.000117,vbe_low
20260918-203652-4293920,nx8_bcs_-40c_vce1.0v,bcs,hbt_bcs,-40,8,1.0,0.57,1.026280e-09,0.000001,,-34.255800,39.176800,39.176917,0.000117,vbe_low
20260918-203652-4293920,nx8_bcs_-40c_vce1.0v,bcs,hbt_bcs,-40,8,1.0,0.59,2.744400e-09,0.000003,,-34.244000,39.165000,39.165117,0.000117,vbe_low
20260918-203652-4293920,nx8_bcs_-40c_vce1.0v,bcs,hbt_bcs,-40,8,1.0,0.61,7.340090e-09,0.000008,2.13849E+06,-34.231900,39.153000,39.153118,0.000118,vbe_low
20260918-203652-4293920,nx8_bcs_-40c_vce1.0v,bcs,hbt_bcs,-40,8,1.0,0.63,1.963260e-08,0.000021,5.68088E+06,-34.219500,39.140700,39.140818,0.000118,vbe_low
20260918-203652-4293920,nx8_bcs_-40c_vce1.0v,bcs,hbt_bcs,-40,8,1.0,0.65,5.251210e-08,0.000057,1.51484E+07,-34.206200,39.127500,39.127619,0.000119,
20260918-203652-4293920,nx8_bcs_-40c_vce1.0v,bcs,hbt_bcs,-40,8,1.0,0.67,1.404550e-07,0.000152,4.02202E+07,-34.188100,39.109900,39.110019,0.000119,
20260918-203652-4293920,nx8_bcs_-40c_vce1.0v,bcs,hbt_bcs,-40,8,1.0,0.69,3.756700e-07,0.000408,1.07138E+08,-34.140300,39.063300,39.063420,0.000120,
20260918-203652-4293920,nx8_bcs_-40c_vce1.0v,bcs,hbt_bcs,-40,8,1.0,0.71,1.004750e-06,0.001090,2.84361E+08,-33.893500,38.820000,38.820127,0.000127,
20260918-203652-4293920,nx8_bcs_-40c_vce1.0v,bcs,hbt_bcs,-40,8,1.0,0.73,2.686990e-06,0.002916,7.55653E+08,-32.517400,37.453200,37.453374,0.000174,
20260918-203652-4293920,nx8_bcs_-40c_vce1.0v,bcs,hbt_bcs,-40,8,1.0,0.75,7.184030e-06,0.007795,2.00202E+09,-27.870400,32.832200,32.832705,0.000505,
20260918-203652-4293920,nx8_bcs_-40c_vce1.0v,bcs,hbt_bcs,-40,8,1.0,0.77,1.919440e-05,0.020827,5.28177E+09,-20.348900,25.387900,25.390703,0.002803,
20260918-203652-4293920,nx8_bcs_-40c_vce1.0v,bcs,hbt_bcs,-40,8,1.0,0.79,5.118620e-05,0.055541,1.3836E+10,-12.047600,17.341400,17.359244,0.017844,
20260918-203652-4293920,nx8_bcs_-40c_vce1.0v,bcs,hbt_bcs,-40,8,1.0,0.81,1.357700e-04,0.147320,3.54351E+10,-3.743550,9.955310,10.052169,0.096859,
20260918-203652-4293920,nx8_bcs_-40c_vce1.0v,bcs,hbt_bcs,-40,8,1.0,0.83,3.549150e-04,0.385107,8.60598E+10,4.237230,4.756810,5.069498,0.312688,
20260918-203652-4293920,nx8_bcs_-40c_vce1.0v,bcs,hbt_bcs,-40,8,1.0,0.85,8.944300e-04,0.970519,1.86067E+11,11.440300,2.474570,2.990972,0.516402,
20260918-203652-4293920,nx8_bcs_-40c_vce1.0v,bcs,hbt_bcs,-40,8,1.0,0.87,2.086520e-03,2.264019,3.31369E+11,17.235600,1.747060,2.351356,0.604296,
20260918-203652-4293920,nx8_bcs_-40c_vce1.0v,bcs,hbt_bcs,-40,8,1.0,0.89,4.306240e-03,4.672569,4.70061E+11,21.262600,1.493640,2.131702,0.638062,
20260918-203652-4293920,nx8_bcs_-40c_vce1.0v,bcs,hbt_bcs,-40,8,1.0,0.91,7.733450e-03,8.391330,5.63138E+11,23.796700,1.375550,2.029938,0.654388,
20260918-203652-4293920,nx8_bcs_-40c_vce1.0v,bcs,hbt_bcs,-40,8,1.0,0.93,1.230510e-02,13.351888,6.09150E+11,25.382600,1.308760,1.972553,0.663793,
20260918-203652-4293920,nx8_bcs_-40c_vce1.0v,bcs,hbt_bcs,-40,8,1.0,0.95,1.786770e-02,19.387695,6.23919E+11,26.426600,1.273560,1.942359,0.668799,
20260918-203652-4293920,nx8_bcs_-40c_vce1.0v,bcs,hbt_bcs,-40,8,1.0,0.97,2.428660e-02,26.352648,6.10843E+11,27.153700,1.266330,1.936162,0.669832,ic_high;vbe_high
20260918-203652-4293920,nx8_bcs_-40c_vce1.0v,bcs,hbt_bcs,-40,8,1.0,0.99,3.145980e-02,34.136068,5.72095E+11,27.679700,1.288390,1.955076,0.666686,ic_high;vbe_high
20260918-203652-4293920,nx8_bcs_-40c_vce1.0v,bcs,hbt_bcs,-40,8,1.0,1.01,3.932620e-02,42.671658,5.06236E+11,28.057900,1.343570,2.002446,0.658876,ic_high;vbe_high
20260918-203652-4293920,nx8_bcs_-40c_vce1.0v,bcs,hbt_bcs,-40,8,1.0,1.03,4.784490e-02,51.915039,4.22955E+11,28.301200,1.437490,2.083267,0.645777,ic_high;vbe_high
20260918-203652-4293920,nx8_bcs_-40c_vce1.0v,bcs,hbt_bcs,-40,8,1.0,1.05,5.683020e-02,61.664714,2.13471E+11,26.044400,1.587860,2.213168,0.625308,ic_high;vbe_high
20260918-203652-4293920,nx8_bcs_-40c_vce1.2v,bcs,hbt_bcs,-40,8,1.2,0.55,3.845910e-10,0.000000,,-34.372500,39.293700,39.293814,0.000114,vbe_low
20260918-203652-4293920,nx8_bcs_-40c_vce1.2v,bcs,hbt_bcs,-40,8,1.2,0.57,1.027590e-09,0.000001,,-34.362800,39.283900,39.284014,0.000114,vbe_low
20260918-203652-4293920,nx8_bcs_-40c_vce1.2v,bcs,hbt_bcs,-40,8,1.2,0.59,2.747520e-09,0.000003,,-34.352800,39.274000,39.274115,0.000115,vbe_low
20260918-203652-4293920,nx8_bcs_-40c_vce1.2v,bcs,hbt_bcs,-40,8,1.2,0.61,7.347930e-09,0.000008,2.14874E+06,-34.342700,39.263900,39.264015,0.000115,vbe_low
20260918-203652-4293920,nx8_bcs_-40c_vce1.2v,bcs,hbt_bcs,-40,8,1.2,0.63,1.965280e-08,0.000021,5.71092E+06,-34.332300,39.253500,39.253615,0.000115,vbe_low
20260918-203652-4293920,nx8_bcs_-40c_vce1.2v,bcs,hbt_bcs,-40,8,1.2,0.65,5.256490e-08,0.000057,1.52231E+07,-34.321000,39.242400,39.242515,0.000115,
20260918-203652-4293920,nx8_bcs_-40c_vce1.2v,bcs,hbt_bcs,-40,8,1.2,0.67,1.405940e-07,0.000153,4.04075E+07,-34.305000,39.226800,39.226916,0.000116,
20260918-203652-4293920,nx8_bcs_-40c_vce1.2v,bcs,hbt_bcs,-40,8,1.2,0.69,3.760370e-07,0.000408,1.07685E+08,-34.258300,39.181500,39.181617,0.000117,
20260918-203652-4293920,nx8_bcs_-40c_vce1.2v,bcs,hbt_bcs,-40,8,1.2,0.71,1.005730e-06,0.001091,2.85737E+08,-34.007000,38.933600,38.933724,0.000124,
20260918-203652-4293920,nx8_bcs_-40c_vce1.2v,bcs,hbt_bcs,-40,8,1.2,0.73,2.689700e-06,0.002919,7.59702E+08,-32.599300,37.535200,37.535371,0.000171,
20260918-203652-4293920,nx8_bcs_-40c_vce1.2v,bcs,hbt_bcs,-40,8,1.2,0.75,7.191950e-06,0.007804,2.01237E+09,-27.892700,32.854600,32.855102,0.000502,
20260918-203652-4293920,nx8_bcs_-40c_vce1.2v,bcs,hbt_bcs,-40,8,1.2,0.77,1.922040e-05,0.020855,5.31357E+09,-20.343200,25.382400,25.385206,0.002806,
20260918-203652-4293920,nx8_bcs_-40c_vce1.2v,bcs,hbt_bcs,-40,8,1.2,0.79,5.128770e-05,0.055651,1.39241E+10,-12.032000,17.326900,17.344803,0.017903,
20260918-203652-4293920,nx8_bcs_-40c_vce1.2v,bcs,hbt_bcs,-40,8,1.2,0.81,1.362480e-04,0.147839,3.57057E+10,-3.715530,9.933100,10.030450,0.097350,
20260918-203652-4293920,nx8_bcs_-40c_vce1.2v,bcs,hbt_bcs,-40,8,1.2,0.83,3.574350e-04,0.387842,8.70116E+10,4.290370,4.732400,5.046788,0.314388,
20260918-203652-4293920,nx8_bcs_-40c_vce1.2v,bcs,hbt_bcs,-40,8,1.2,0.85,9.074970e-04,0.984697,1.8902E+11,11.537300,2.457510,2.975828,0.518318,
20260918-203652-4293920,nx8_bcs_-40c_vce1.2v,bcs,hbt_bcs,-40,8,1.2,0.87,2.143880e-03,2.326259,3.3823E+11,17.383600,1.736490,2.342160,0.605670,
20260918-203652-4293920,nx8_bcs_-40c_vce1.2v,bcs,hbt_bcs,-40,8,1.2,0.89,4.495730e-03,4.878179,4.80449E+11,21.440000,1.486010,2.125116,0.639106,
20260918-203652-4293920,nx8_bcs_-40c_vce1.2v,bcs,hbt_bcs,-40,8,1.2,0.91,8.199310e-03,8.896821,5.73051E+11,23.978400,1.369310,2.024572,0.655262,
20260918-203652-4293920,nx8_bcs_-40c_vce1.2v,bcs,hbt_bcs,-40,8,1.2,0.93,1.322050e-02,14.345161,6.17746E+11,25.560000,1.305150,1.969455,0.664305,
20260918-203652-4293920,nx8_bcs_-40c_vce1.2v,bcs,hbt_bcs,-40,8,1.2,0.95,1.941870e-02,21.070638,6.27953E+11,26.600900,1.276670,1.945025,0.668355,
20260918-203652-4293920,nx8_bcs_-40c_vce1.2v,bcs,hbt_bcs,-40,8,1.2,0.97,2.667980e-02,28.949436,6.06644E+11,27.325300,1.283460,1.950848,0.667388,ic_high;vbe_high
20260918-203652-4293920,nx8_bcs_-40c_vce1.2v,bcs,hbt_bcs,-40,8,1.2,0.99,3.491010e-02,37.879883,5.55807E+11,27.846000,1.330920,1.991579,0.660659,ic_high;vbe_high
20260918-203652-4293920,nx8_bcs_-40c_vce1.2v,bcs,hbt_bcs,-40,8,1.2,1.01,4.407620e-02,47.825738,4.75882E+11,28.213800,1.428200,2.075262,0.647062,ic_high;vbe_high
20260918-203652-4293920,nx8_bcs_-40c_vce1.2v,bcs,hbt_bcs,-40,8,1.2,1.03,5.416300e-02,58.770616,3.80462E+11,28.432700,1.587410,2.212779,0.625369,ic_high;vbe_high
20260918-203652-4293920,nx8_bcs_-40c_vce1.2v,bcs,hbt_bcs,-40,8,1.2,1.05,6.513180e-02,70.672526,2.63976E+11,27.974400,1.824560,2.418867,0.594307,ic_high;vbe_high
20260918-203652-4293920,nx8_bcs_-40c_vce1.4v,bcs,hbt_bcs,-40,8,1.4,0.55,3.853840e-10,0.000000,,-34.462600,39.383800,39.383912,0.000112,vbe_low
20260918-203652-4293920,nx8_bcs_-40c_vce1.4v,bcs,hbt_bcs,-40,8,1.4,0.57,1.029310e-09,0.000001,,-34.454100,39.375300,39.375412,0.000112,vbe_low
20260918-203652-4293920,nx8_bcs_-40c_vce1.4v,bcs,hbt_bcs,-40,8,1.4,0.59,2.751620e-09,0.000003,,-34.445600,39.366800,39.366912,0.000112,vbe_low
20260918-203652-4293920,nx8_bcs_-40c_vce1.4v,bcs,hbt_bcs,-40,8,1.4,0.61,7.358180e-09,0.000008,2.15835E+06,-34.436800,39.358100,39.358212,0.000112,vbe_low
20260918-203652-4293920,nx8_bcs_-40c_vce1.4v,bcs,hbt_bcs,-40,8,1.4,0.63,1.967890e-08,0.000021,5.73876E+06,-34.427900,39.349200,39.349313,0.000113,vbe_low
20260918-203652-4293920,nx8_bcs_-40c_vce1.4v,bcs,hbt_bcs,-40,8,1.4,0.65,5.263200e-08,0.000057,1.5292E+07,-34.418000,39.339500,39.339613,0.000113,
20260918-203652-4293920,nx8_bcs_-40c_vce1.4v,bcs,hbt_bcs,-40,8,1.4,0.67,1.407670e-07,0.000153,4.06033E+07,-34.403400,39.325300,39.325413,0.000113,
20260918-203652-4293920,nx8_bcs_-40c_vce1.4v,bcs,hbt_bcs,-40,8,1.4,0.69,3.764880e-07,0.000409,1.0818E+08,-34.357400,39.280700,39.280814,0.000114,
20260918-203652-4293920,nx8_bcs_-40c_vce1.4v,bcs,hbt_bcs,-40,8,1.4,0.71,1.006920e-06,0.001093,2.86972E+08,-34.101800,39.028400,39.028521,0.000121,
20260918-203652-4293920,nx8_bcs_-40c_vce1.4v,bcs,hbt_bcs,-40,8,1.4,0.73,2.692890e-06,0.002922,7.63314E+08,-32.666200,37.602200,37.602368,0.000168,
20260918-203652-4293920,nx8_bcs_-40c_vce1.4v,bcs,hbt_bcs,-40,8,1.4,0.75,7.201000e-06,0.007814,2.02156E+09,-27.908500,32.870600,32.871101,0.000501,
20260918-203652-4293920,nx8_bcs_-40c_vce1.4v,bcs,hbt_bcs,-40,8,1.4,0.77,1.924900e-05,0.020887,5.34168E+09,-20.335400,25.374900,25.377711,0.002811,
20260918-203652-4293920,nx8_bcs_-40c_vce1.4v,bcs,hbt_bcs,-40,8,1.4,0.79,5.139590e-05,0.055768,1.40025E+10,-12.015200,17.311100,17.329069,0.017969,
20260918-203652-4293920,nx8_bcs_-40c_vce1.4v,bcs,hbt_bcs,-40,8,1.4,0.81,1.367460e-04,0.148379,3.59503E+10,-3.686280,9.909750,10.007619,0.097869,
20260918-203652-4293920,nx8_bcs_-40c_vce1.4v,bcs,hbt_bcs,-40,8,1.4,0.83,3.600400e-04,0.390668,8.78928E+10,4.345360,4.707010,5.023176,0.316166,
20260918-203652-4293920,nx8_bcs_-40c_vce1.4v,bcs,hbt_bcs,-40,8,1.4,0.85,9.211830e-04,0.999548,1.92009E+11,11.637600,2.439810,2.960123,0.520313,
20260918-203652-4293920,nx8_bcs_-40c_vce1.4v,bcs,hbt_bcs,-40,8,1.4,0.87,2.205740e-03,2.393381,3.45217E+11,17.536300,1.725480,2.332585,0.607105,
20260918-203652-4293920,nx8_bcs_-40c_vce1.4v,bcs,hbt_bcs,-40,8,1.4,0.89,4.708270e-03,5.108800,4.90589E+11,21.621000,1.477970,2.118177,0.640207,
20260918-203652-4293920,nx8_bcs_-40c_vce1.4v,bcs,hbt_bcs,-40,8,1.4,0.91,8.742080e-03,9.485764,5.81995E+11,24.160500,1.362860,2.019026,0.656166,
20260918-203652-4293920,nx8_bcs_-40c_vce1.4v,bcs,hbt_bcs,-40,8,1.4,0.93,1.432190e-02,15.540256,6.24465E+11,25.740400,1.302410,1.967103,0.664693,
20260918-203652-4293920,nx8_bcs_-40c_vce1.4v,bcs,hbt_bcs,-40,8,1.4,0.95,2.135290e-02,23.169379,6.28257E+11,26.784800,1.284080,1.951379,0.667299,
20260918-203652-4293920,nx8_bcs_-40c_vce1.4v,bcs,hbt_bcs,-40,8,1.4,0.97,2.974110e-02,32.271159,5.93777E+11,27.510800,1.313140,1.976312,0.663172,ic_high;vbe_high
20260918-203652-4293920,nx8_bcs_-40c_vce1.4v,bcs,hbt_bcs,-40,8,1.4,0.99,3.946790e-02,42.825412,5.237E+11,28.020200,1.403200,2.053731,0.650531,ic_high;vbe_high
20260918-203652-4293920,nx8_bcs_-40c_vce1.4v,bcs,hbt_bcs,-40,8,1.4,1.01,5.056110e-02,54.862305,4.25149E+11,7.719450,3.393920,3.816425,0.422505,ic_high;vbe_high
20260918-203652-4293920,nx8_bcs_125c_vce0.6v,bcs,hbt_bcs,125,8,0.6,0.55,2.197570e-05,0.023845,3.48906E+09,-23.753700,31.071100,31.069992,-0.001108,vbe_low
20260918-203652-4293920,nx8_bcs_125c_vce0.6v,bcs,hbt_bcs,125,8,0.6,0.57,3.843700e-05,0.041707,6.03096E+09,-19.235000,26.612100,26.609005,-0.003095,vbe_low
20260918-203652-4293920,nx8_bcs_125c_vce0.6v,bcs,hbt_bcs,125,8,0.6,0.59,6.716110e-05,0.072874,1.03604E+10,-14.529700,22.020600,22.011686,-0.008914,vbe_low
20260918-203652-4293920,nx8_bcs_125c_vce0.6v,bcs,hbt_bcs,125,8,0.6,0.61,1.171450e-04,0.127110,1.77205E+10,-9.787590,17.501500,17.476220,-0.025280,vbe_low
20260918-203652-4293920,nx8_bcs_125c_vce0.6v,bcs,hbt_bcs,125,8,0.6,0.63,2.037040e-04,0.221033,2.98186E+10,-5.083390,13.241600,13.173852,-0.067748,vbe_low
20260918-203652-4293920,nx8_bcs_125c_vce0.6v,bcs,hbt_bcs,125,8,0.6,0.65,3.523740e-04,0.382350,4.92698E+10,-0.476241,9.495940,9.333697,-0.162243,
20260918-203652-4293920,nx8_bcs_125c_vce0.6v,bcs,hbt_bcs,125,8,0.6,0.67,6.042340e-04,0.655636,7.87172E+10,3.962690,6.564050,6.239413,-0.324637,
20260918-203652-4293920,nx8_bcs_125c_vce0.6v,bcs,hbt_bcs,125,8,0.6,0.69,1.021640e-03,1.108550,1.19918E+11,8.139610,4.595560,4.073197,-0.522363,
20260918-203652-4293920,nx8_bcs_125c_vce0.6v,bcs,hbt_bcs,125,8,0.6,0.71,1.691050e-03,1.834907,1.72327E+11,11.943300,3.442300,2.747744,-0.694556,
20260918-203652-4293920,nx8_bcs_125c_vce0.6v,bcs,hbt_bcs,125,8,0.6,0.73,2.717430e-03,2.948600,2.30363E+11,15.269700,2.808560,1.994032,-0.814528,
20260918-203652-4293920,nx8_bcs_125c_vce0.6v,bcs,hbt_bcs,125,8,0.6,0.75,4.207230e-03,4.565137,2.86421E+11,18.058700,2.455020,1.563836,-0.891184,
20260918-203652-4293920,nx8_bcs_125c_vce0.6v,bcs,hbt_bcs,125,8,0.6,0.77,6.245940e-03,6.777279,3.3186E+11,20.314800,2.245500,1.305145,-0.940355,
20260918-203652-4293920,nx8_bcs_125c_vce0.6v,bcs,hbt_bcs,125,8,0.6,0.79,8.883130e-03,9.638813,3.63472E+11,22.095000,2.114040,1.141298,-0.972742,
20260918-203652-4293920,nx8_bcs_125c_vce0.6v,bcs,hbt_bcs,125,8,0.6,0.81,1.213180e-02,13.163845,3.78459E+11,23.478600,2.031300,1.037536,-0.993764,
20260918-203652-4293920,nx8_bcs_125c_vce0.6v,bcs,hbt_bcs,125,8,0.6,0.83,1.597700e-02,17.336155,3.80958E+11,24.538900,1.985250,0.979567,-1.005683,
20260918-203652-4293920,nx8_bcs_125c_vce0.6v,bcs,hbt_bcs,125,8,0.6,0.85,2.038430e-02,22.118381,3.70255E+11,25.294300,1.971960,0.962807,-1.009153,
20260918-203652-4293920,nx8_bcs_125c_vce0.6v,bcs,hbt_bcs,125,8,0.6,0.87,2.528410e-02,27.435004,3.34688E+11,25.413500,1.993610,0.990102,-1.003508,ic_high
20260918-203652-4293920,nx8_bcs_125c_vce0.6v,bcs,hbt_bcs,125,8,0.6,0.89,3.040580e-02,32.992405,2.26053E+11,23.020600,2.070530,1.086796,-0.983734,ic_high
20260918-203652-4293920,nx8_bcs_125c_vce0.6v,bcs,hbt_bcs,125,8,0.6,0.91,3.509010e-02,38.075195,1.10596E+11,18.403800,2.231470,1.287717,-0.943753,ic_high
20260918-203652-4293920,nx8_bcs_125c_vce0.6v,bcs,hbt_bcs,125,8,0.6,0.93,3.926120e-02,42.601128,6.24747E+10,15.313800,2.445870,1.552599,-0.893271,ic_high
20260918-203652-4293920,nx8_bcs_125c_vce0.6v,bcs,hbt_bcs,125,8,0.6,0.95,4.332160e-02,47.006944,4.11227E+10,13.237700,2.717970,1.884516,-0.833454,ic_high
20260918-203652-4293920,nx8_bcs_125c_vce0.6v,bcs,hbt_bcs,125,8,0.6,0.97,4.747380e-02,51.512370,2.86423E+10,11.039800,3.098620,2.341592,-0.757028,ic_high;vbe_high
20260918-203652-4293920,nx8_bcs_125c_vce0.6v,bcs,hbt_bcs,125,8,0.6,0.99,5.167720e-02,56.073351,1.93427E+10,7.855100,3.687990,3.034664,-0.653326,ic_high;vbe_high
20260918-203652-4293920,nx8_bcs_125c_vce0.6v,bcs,hbt_bcs,125,8,0.6,1.01,5.569560e-02,60.433594,1.19634E+10,3.315490,4.717860,4.210883,-0.506977,ic_high;vbe_high
20260918-203652-4293920,nx8_bcs_125c_vce0.6v,bcs,hbt_bcs,125,8,0.6,1.03,5.923220e-02,64.271050,6.76974E+09,-2.193490,6.639530,6.320697,-0.318833,ic_high;vbe_high
20260918-203652-4293920,nx8_bcs_125c_vce0.6v,bcs,hbt_bcs,125,8,0.6,1.05,6.209820e-02,67.380859,3.58562E+09,-7.984780,9.842550,9.692970,-0.149580,ic_high;vbe_high
20260918-203652-4293920,nx8_bcs_125c_vce0.8v,bcs,hbt_bcs,125,8,0.8,0.55,2.200240e-05,0.023874,3.5273E+09,-23.772600,31.090300,31.089197,-0.001103,vbe_low
20260918-203652-4293920,nx8_bcs_125c_vce0.8v,bcs,hbt_bcs,125,8,0.8,0.57,3.849150e-05,0.041766,6.10391E+09,-19.233600,26.611300,26.608205,-0.003095,vbe_low
20260918-203652-4293920,nx8_bcs_125c_vce0.8v,bcs,hbt_bcs,125,8,0.8,0.59,6.727910e-05,0.073002,1.04957E+10,-14.518500,22.010300,22.001365,-0.008935,vbe_low
20260918-203652-4293920,nx8_bcs_125c_vce0.8v,bcs,hbt_bcs,125,8,0.8,0.61,1.174160e-04,0.127405,1.7956E+10,-9.769510,17.485100,17.459724,-0.025376,vbe_low
20260918-203652-4293920,nx8_bcs_125c_vce0.8v,bcs,hbt_bcs,125,8,0.8,0.63,2.043620e-04,0.221747,3.02932E+10,-5.057490,13.219700,13.151607,-0.068093,vbe_low
20260918-203652-4293920,nx8_bcs_125c_vce0.8v,bcs,hbt_bcs,125,8,0.8,0.65,3.540290e-04,0.384146,5.01036E+10,-0.439338,9.469250,9.305988,-0.163262,
20260918-203652-4293920,nx8_bcs_125c_vce0.8v,bcs,hbt_bcs,125,8,0.8,0.67,6.084580e-04,0.660219,8.02342E+10,4.015410,6.535450,6.208585,-0.326865,
20260918-203652-4293920,nx8_bcs_125c_vce0.8v,bcs,hbt_bcs,125,8,0.8,0.69,1.032290e-03,1.120106,1.22786E+11,8.213720,4.569350,4.043626,-0.525724,
20260918-203652-4293920,nx8_bcs_125c_vce0.8v,bcs,hbt_bcs,125,8,0.8,0.71,1.716820e-03,1.862869,1.77026E+11,12.043300,3.421010,2.722751,-0.698259,
20260918-203652-4293920,nx8_bcs_125c_vce0.8v,bcs,hbt_bcs,125,8,0.8,0.73,2.775780e-03,3.011914,2.37235E+11,15.396900,2.792180,1.974265,-0.817915,
20260918-203652-4293920,nx8_bcs_125c_vce0.8v,bcs,hbt_bcs,125,8,0.8,0.75,4.328480e-03,4.696701,2.9613E+11,18.209700,2.442550,1.548520,-0.894030,
20260918-203652-4293920,nx8_bcs_125c_vce0.8v,bcs,hbt_bcs,125,8,0.8,0.77,6.475270e-03,7.026118,3.47039E+11,20.484000,2.236230,1.293631,-0.942599,
20260918-203652-4293920,nx8_bcs_125c_vce0.8v,bcs,hbt_bcs,125,8,0.8,0.79,9.279270e-03,10.068652,3.84504E+11,22.279000,2.108200,1.133991,-0.974209,
20260918-203652-4293920,nx8_bcs_125c_vce0.8v,bcs,hbt_bcs,125,8,0.8,0.81,1.276330e-02,13.849067,4.08621E+11,23.678700,2.030410,1.036417,-0.993993,
20260918-203652-4293920,nx8_bcs_125c_vce0.8v,bcs,hbt_bcs,125,8,0.8,0.83,1.691830e-02,18.357530,4.16622E+11,24.761000,1.992240,0.988376,-1.003864,
20260918-203652-4293920,nx8_bcs_125c_vce0.8v,bcs,hbt_bcs,125,8,0.8,0.85,2.171520e-02,23.562500,4.07572E+11,25.583600,1.990990,0.986801,-1.004189,
20260918-203652-4293920,nx8_bcs_125c_vce0.8v,bcs,hbt_bcs,125,8,0.8,0.87,2.711390e-02,29.420464,3.81396E+11,26.181100,2.027530,1.032796,-0.994734,ic_high
20260918-203652-4293920,nx8_bcs_125c_vce0.8v,bcs,hbt_bcs,125,8,0.8,0.89,3.306380e-02,35.876519,3.39074E+11,26.492300,2.104930,1.129898,-0.975032,ic_high
20260918-203652-4293920,nx8_bcs_125c_vce0.8v,bcs,hbt_bcs,125,8,0.8,0.91,3.943050e-02,42.784831,2.59368E+11,25.591500,2.233330,1.290028,-0.943302,ic_high
20260918-203652-4293920,nx8_bcs_125c_vce0.8v,bcs,hbt_bcs,125,8,0.8,0.93,4.558860e-02,49.466797,1.31619E+11,21.170000,2.448260,1.555534,-0.892726,ic_high
20260918-203652-4293920,nx8_bcs_125c_vce0.8v,bcs,hbt_bcs,125,8,0.8,0.95,5.098380e-02,55.320964,6.88363E+10,17.093300,2.748000,1.920873,-0.827127,ic_high
20260918-203652-4293920,nx8_bcs_125c_vce0.8v,bcs,hbt_bcs,125,8,0.8,0.97,5.605490e-02,60.823459,4.41826E+10,14.563200,3.115600,2.361798,-0.753802,ic_high;vbe_high
20260918-203652-4293920,nx8_bcs_125c_vce0.8v,bcs,hbt_bcs,125,8,0.8,0.99,6.117240e-02,66.376302,3.16574E+10,12.555800,3.567030,2.893746,-0.673284,ic_high;vbe_high
20260918-203652-4293920,nx8_bcs_125c_vce0.8v,bcs,hbt_bcs,125,8,0.8,1.01,6.642680e-02,72.077691,2.33755E+10,10.284500,4.133250,3.548087,-0.585163,ic_high;vbe_high
20260918-203652-4293920,nx8_bcs_125c_vce0.8v,bcs,hbt_bcs,125,8,0.8,1.03,7.165260e-02,77.748047,1.64888E+10,6.941880,4.899690,4.414707,-0.484983,ic_high;vbe_high
20260918-203652-4293920,nx8_bcs_125c_vce0.8v,bcs,hbt_bcs,125,8,0.8,1.05,7.646960e-02,82.974826,1.05708E+10,2.285980,6.073880,5.708781,-0.365099,ic_high;vbe_high
20260918-203652-4293920,nx8_bcs_125c_vce1.0v,bcs,hbt_bcs,125,8,1.0,0.55,2.202920e-05,0.023903,3.55477E+09,-23.782000,31.100100,31.098999,-0.001101,vbe_low
20260918-203652-4293920,nx8_bcs_125c_vce1.0v,bcs,hbt_bcs,125,8,1.0,0.57,3.854580e-05,0.041825,6.15587E+09,-19.228800,26.606900,26.603802,-0.003098,vbe_low
20260918-203652-4293920,nx8_bcs_125c_vce1.0v,bcs,hbt_bcs,125,8,1.0,0.59,6.739640e-05,0.073130,1.05957E+10,-14.506300,21.998800,21.989841,-0.008959,vbe_low
20260918-203652-4293920,nx8_bcs_125c_vce1.0v,bcs,hbt_bcs,125,8,1.0,0.61,1.176860e-04,0.127697,1.81228E+10,-9.751370,17.468500,17.443026,-0.025474,vbe_low
20260918-203652-4293920,nx8_bcs_125c_vce1.0v,bcs,hbt_bcs,125,8,1.0,0.63,2.050190e-04,0.222460,3.0629E+10,-5.031860,13.197900,13.129462,-0.068438,vbe_low
20260918-203652-4293920,nx8_bcs_125c_vce1.0v,bcs,hbt_bcs,125,8,1.0,0.65,3.556920e-04,0.385951,5.06987E+10,-0.402792,9.442700,9.278418,-0.164282,
20260918-203652-4293920,nx8_bcs_125c_vce1.0v,bcs,hbt_bcs,125,8,1.0,0.67,6.127360e-04,0.664861,8.13265E+10,4.067890,6.506920,6.177817,-0.329103,
20260918-203652-4293920,nx8_bcs_125c_vce1.0v,bcs,hbt_bcs,125,8,1.0,0.69,1.043190e-03,1.131934,1.24858E+11,8.287950,4.543120,4.014009,-0.529111,
20260918-203652-4293920,nx8_bcs_125c_vce1.0v,bcs,hbt_bcs,125,8,1.0,0.71,1.743570e-03,1.891895,1.80402E+11,12.144200,3.399640,2.697643,-0.701997,
20260918-203652-4293920,nx8_bcs_125c_vce1.0v,bcs,hbt_bcs,125,8,1.0,0.73,2.837380e-03,3.078754,2.42829E+11,15.525700,2.775680,1.954338,-0.821342,
20260918-203652-4293920,nx8_bcs_125c_vce1.0v,bcs,hbt_bcs,125,8,1.0,0.75,4.458850e-03,4.838162,3.03662E+11,18.362700,2.429950,1.533035,-0.896915,
20260918-203652-4293920,nx8_bcs_125c_vce1.0v,bcs,hbt_bcs,125,8,1.0,0.77,6.726530e-03,7.298752,3.55939E+11,20.653700,2.226930,1.282074,-0.944856,
20260918-203652-4293920,nx8_bcs_125c_vce1.0v,bcs,hbt_bcs,125,8,1.0,0.79,9.721050e-03,10.548014,3.95077E+11,22.457200,2.102740,1.127156,-0.975584,
20260918-203652-4293920,nx8_bcs_125c_vce1.0v,bcs,hbt_bcs,125,8,1.0,0.81,1.347900e-02,14.625651,4.19576E+11,23.858700,2.030930,1.037071,-0.993859,
20260918-203652-4293920,nx8_bcs_125c_vce1.0v,bcs,hbt_bcs,125,8,1.0,0.83,1.800050e-02,19.531793,4.324E+11,24.940700,2.002830,1.001716,-1.001114,
20260918-203652-4293920,nx8_bcs_125c_vce1.0v,bcs,hbt_bcs,125,8,1.0,0.85,2.326160e-02,25.240451,4.29001E+11,25.768200,2.017950,1.020747,-0.997203,
20260918-203652-4293920,nx8_bcs_125c_vce1.0v,bcs,hbt_bcs,125,8,1.0,0.87,2.922480e-02,31.710938,4.03328E+11,26.375800,2.079680,1.098269,-0.981411,ic_high
20260918-203652-4293920,nx8_bcs_125c_vce1.0v,bcs,hbt_bcs,125,8,1.0,0.89,3.584540e-02,38.894748,3.56995E+11,26.780600,2.193150,1.240044,-0.953106,ic_high
20260918-203652-4293920,nx8_bcs_125c_vce1.0v,bcs,hbt_bcs,125,8,1.0,0.91,4.307180e-02,46.735894,2.95084E+11,26.911200,2.364440,1.452357,-0.912083,ic_high
20260918-203652-4293920,nx8_bcs_125c_vce1.0v,bcs,hbt_bcs,125,8,1.0,0.93,5.076170e-02,55.079970,2.09758E+11,25.813600,2.605020,1.747289,-0.857731,ic_high
20260918-203652-4293920,nx8_bcs_125c_vce1.0v,bcs,hbt_bcs,125,8,1.0,0.95,5.814200e-02,63.088108,1.05962E+11,21.098200,2.949320,2.163271,-0.786049,ic_high
20260918-203652-4293920,nx8_bcs_125c_vce1.0v,bcs,hbt_bcs,125,8,1.0,0.97,6.461200e-02,70.108507,5.84653E+10,17.001000,3.389090,2.685240,-0.703850,ic_high;vbe_high
20260918-203652-4293920,nx8_bcs_125c_vce1.0v,bcs,hbt_bcs,125,8,1.0,0.99,7.073350e-02,76.750760,3.92603E+10,14.395200,3.905430,3.286398,-0.619032,ic_high;vbe_high
20260918-203652-4293920,nx8_bcs_125c_vce1.0v,bcs,hbt_bcs,125,8,1.0,1.01,7.689800e-02,83.439670,2.91581E+10,12.357200,4.499190,3.964354,-0.534836,ic_high;vbe_high
20260918-203652-4293920,nx8_bcs_125c_vce1.0v,bcs,hbt_bcs,125,8,1.0,1.03,8.318790e-02,90.264648,2.24748E+10,10.193300,5.180150,4.727137,-0.453013,ic_high;vbe_high
20260918-203652-4293920,nx8_bcs_125c_vce1.0v,bcs,hbt_bcs,125,8,1.0,1.05,8.939370e-02,96.998372,1.65797E+10,7.084680,6.003710,5.632402,-0.371308,ic_high;vbe_high
20260918-203652-4293920,nx8_bcs_125c_vce1.2v,bcs,hbt_bcs,125,8,1.2,0.55,2.206140e-05,0.023938,3.57718E+09,-23.785100,31.103400,31.102300,-0.001100,vbe_low
20260918-203652-4293920,nx8_bcs_125c_vce1.2v,bcs,hbt_bcs,125,8,1.2,0.57,3.860820e-05,0.041893,6.19786E+09,-19.220900,26.599400,26.596296,-0.003104,vbe_low
20260918-203652-4293920,nx8_bcs_125c_vce1.2v,bcs,hbt_bcs,125,8,1.2,0.59,6.752570e-05,0.073270,1.06760E+10,-14.492500,21.985700,21.976714,-0.008986,vbe_low
20260918-203652-4293920,nx8_bcs_125c_vce1.2v,bcs,hbt_bcs,125,8,1.2,0.61,1.179740e-04,0.128010,1.8257E+10,-9.732180,17.450700,17.425121,-0.025579,vbe_low
20260918-203652-4293920,nx8_bcs_125c_vce1.2v,bcs,hbt_bcs,125,8,1.2,0.63,2.057050e-04,0.223204,3.09008E+10,-5.005470,13.175200,13.106400,-0.068800,vbe_low
20260918-203652-4293920,nx8_bcs_125c_vce1.2v,bcs,hbt_bcs,125,8,1.2,0.65,3.574090e-04,0.387814,5.11858E+10,-0.365610,9.415360,9.250020,-0.165340,
20260918-203652-4293920,nx8_bcs_125c_vce1.2v,bcs,hbt_bcs,125,8,1.2,0.67,6.171410e-04,0.669641,8.22332E+10,4.120960,6.477740,6.146332,-0.331408,
20260918-203652-4293920,nx8_bcs_125c_vce1.2v,bcs,hbt_bcs,125,8,1.2,0.69,1.054460e-03,1.144162,1.26596E+11,8.362810,4.516420,3.983837,-0.532583,
20260918-203652-4293920,nx8_bcs_125c_vce1.2v,bcs,hbt_bcs,125,8,1.2,0.71,1.771530e-03,1.922233,1.83256E+11,12.245700,3.377960,2.672148,-0.705812,
20260918-203652-4293920,nx8_bcs_125c_vce1.2v,bcs,hbt_bcs,125,8,1.2,0.73,2.902760e-03,3.149696,2.47529E+11,15.655300,2.758960,1.934129,-0.824831,
20260918-203652-4293920,nx8_bcs_125c_vce1.2v,bcs,hbt_bcs,125,8,1.2,0.75,4.599870e-03,4.991178,3.10041E+11,18.516900,2.417190,1.517343,-0.899847,
20260918-203652-4293920,nx8_bcs_125c_vce1.2v,bcs,hbt_bcs,125,8,1.2,0.77,7.003800e-03,7.599609,3.62986E+11,20.825800,2.217610,1.270486,-0.947124,
20260918-203652-4293920,nx8_bcs_125c_vce1.2v,bcs,hbt_bcs,125,8,1.2,0.79,1.021840e-02,11.087674,4.02825E+11,22.639400,2.097740,1.120896,-0.976844,
20260918-203652-4293920,nx8_bcs_125c_vce1.2v,bcs,hbt_bcs,125,8,1.2,0.81,1.430020e-02,15.516710,4.27826E+11,24.042400,2.033260,1.040000,-0.993260,
20260918-203652-4293920,nx8_bcs_125c_vce1.2v,bcs,hbt_bcs,125,8,1.2,0.83,1.926420e-02,20.902995,4.394E+11,25.117300,2.018210,1.021074,-0.997136,
20260918-203652-4293920,nx8_bcs_125c_vce1.2v,bcs,hbt_bcs,125,8,1.2,0.85,2.509690e-02,27.231879,4.34147E+11,25.930600,2.055420,1.067836,-0.987584,ic_high
20260918-203652-4293920,nx8_bcs_125c_vce1.2v,bcs,hbt_bcs,125,8,1.2,0.87,3.176730e-02,34.469727,4.09894E+11,26.528000,2.152100,1.188861,-0.963239,ic_high
20260918-203652-4293920,nx8_bcs_125c_vce1.2v,bcs,hbt_bcs,125,8,1.2,0.89,3.923400e-02,42.571615,3.58012E+11,26.912300,2.317560,1.394448,-0.923112,ic_high
20260918-203652-4293920,nx8_bcs_125c_vce1.2v,bcs,hbt_bcs,125,8,1.2,0.91,4.744780e-02,51.484158,2.84086E+11,27.038100,2.561460,1.694159,-0.867301,ic_high
20260918-203652-4293920,nx8_bcs_125c_vce1.2v,bcs,hbt_bcs,125,8,1.2,0.93,5.633710e-02,61.129666,2.0592E+11,26.654100,2.892750,2.095388,-0.797362,ic_high
20260918-203652-4293920,nx8_bcs_125c_vce1.2v,bcs,hbt_bcs,125,8,1.2,0.95,6.551450e-02,71.087782,1.18006E+11,23.462100,3.330280,2.616000,-0.714280,ic_high
20260918-203652-4293920,nx8_bcs_125c_vce1.2v,bcs,hbt_bcs,125,8,1.2,0.97,7.374650e-02,80.020074,6.23115E+10,18.268800,3.886390,3.264434,-0.621956,ic_high;vbe_high
20260918-203652-4293920,nx8_bcs_125c_vce1.2v,bcs,hbt_bcs,125,8,1.2,0.99,8.114810e-02,88.051324,3.96995E+10,14.787300,4.522630,3.990857,-0.531773,ic_high;vbe_high
20260918-203652-4293920,nx8_bcs_125c_vce1.2v,bcs,hbt_bcs,125,8,1.2,1.01,8.837150e-02,95.889214,2.85628E+10,12.201200,5.225800,4.777777,-0.448023,ic_high;vbe_high
20260918-203652-4293920,nx8_bcs_125c_vce1.2v,bcs,hbt_bcs,125,8,1.2,1.03,9.565710e-02,103.794596,2.16418E+10,9.783710,5.991070,5.618632,-0.372438,ic_high;vbe_high
20260918-203652-4293920,nx8_bcs_125c_vce1.2v,bcs,hbt_bcs,125,8,1.2,1.05,1.029090e-01,111.663411,1.62026E+10,6.900650,6.839760,6.535808,-0.303952,ic_high;vbe_high
20260918-203652-4293920,nx8_bcs_125c_vce1.4v,bcs,hbt_bcs,125,8,1.4,0.55,2.211320e-05,0.023994,,-23.779200,31.097700,31.096599,-0.001101,vbe_low
20260918-203652-4293920,nx8_bcs_125c_vce1.4v,bcs,hbt_bcs,125,8,1.4,0.57,3.870180e-05,0.041994,,-19.206200,26.584900,26.581786,-0.003114,vbe_low
20260918-203652-4293920,nx8_bcs_125c_vce1.4v,bcs,hbt_bcs,125,8,1.4,0.59,6.770480e-05,0.073464,,-14.472800,21.966500,21.957474,-0.009026,vbe_low
20260918-203652-4293920,nx8_bcs_125c_vce1.4v,bcs,hbt_bcs,125,8,1.4,0.61,1.183420e-04,0.128409,1.83803E+10,-9.707600,17.427400,17.401683,-0.025717,vbe_low
20260918-203652-4293920,nx8_bcs_125c_vce1.4v,bcs,hbt_bcs,125,8,1.4,0.63,2.065220e-04,0.224091,3.11488E+10,-4.973900,13.147300,13.078053,-0.069247,vbe_low
20260918-203652-4293920,nx8_bcs_125c_vce1.4v,bcs,hbt_bcs,125,8,1.4,0.65,3.593480e-04,0.389918,5.16308E+10,-0.323289,9.383170,9.216576,-0.166594,
20260918-203652-4293920,nx8_bcs_125c_vce1.4v,bcs,hbt_bcs,125,8,1.4,0.67,6.219560e-04,0.674865,8.30643E+10,4.179070,6.444390,6.110326,-0.334064,
20260918-203652-4293920,nx8_bcs_125c_vce1.4v,bcs,hbt_bcs,125,8,1.4,0.69,1.066590e-03,1.157324,1.28196E+11,8.442040,4.486560,3.950066,-0.536494,
20260918-203652-4293920,nx8_bcs_125c_vce1.4v,bcs,hbt_bcs,125,8,1.4,0.71,1.801570e-03,1.954829,1.85887E+11,12.349300,3.354150,2.644123,-0.710027,
20260918-203652-4293920,nx8_bcs_125c_vce1.4v,bcs,hbt_bcs,125,8,1.4,0.73,2.973550e-03,3.226508,2.51834E+11,15.781500,2.740960,1.912355,-0.828605,
20260918-203652-4293920,nx8_bcs_125c_vce1.4v,bcs,hbt_bcs,125,8,1.4,0.75,4.754720e-03,5.159201,3.15802E+11,18.659200,2.403810,1.500876,-0.902934,
20260918-203652-4293920,nx8_bcs_125c_vce1.4v,bcs,hbt_bcs,125,8,1.4,0.77,7.313790e-03,7.935970,3.69196E+11,20.977800,2.208260,1.258854,-0.949406,
20260918-203652-4293920,nx8_bcs_125c_vce1.4v,bcs,hbt_bcs,125,8,1.4,0.79,1.078560e-02,11.703125,4.09336E+11,22.800700,2.093590,1.115699,-0.977891,
20260918-203652-4293920,nx8_bcs_125c_vce1.4v,bcs,hbt_bcs,125,8,1.4,0.81,1.525620e-02,16.554036,4.34167E+11,24.215200,2.038310,1.046347,-0.991963,
20260918-203652-4293920,nx8_bcs_125c_vce1.4v,bcs,hbt_bcs,125,8,1.4,0.83,2.076660e-02,22.533203,4.43088E+11,25.294000,2.040570,1.049187,-0.991383,
20260918-203652-4293920,nx8_bcs_125c_vce1.4v,bcs,hbt_bcs,125,8,1.4,0.85,2.732340e-02,29.647786,4.32747E+11,26.091400,2.108500,1.134366,-0.974134,ic_high
20260918-203652-4293920,nx8_bcs_125c_vce1.4v,bcs,hbt_bcs,125,8,1.4,0.87,3.491110e-02,37.880968,4.01155E+11,26.654000,2.255550,1.317621,-0.937929,ic_high
20260918-203652-4293920,nx8_bcs_125c_vce1.4v,bcs,hbt_bcs,125,8,1.4,0.89,4.349850e-02,47.198893,3.47594E+11,27.006700,2.497680,1.616154,-0.881526,ic_high
20260918-203652-4293920,nx8_bcs_125c_vce1.4v,bcs,hbt_bcs,125,8,1.4,0.91,5.303910e-02,57.551107,2.56295E+11,27.004300,2.850500,2.044574,-0.805926,ic_high
20260918-203652-4293920,nx8_bcs_125c_vce1.4v,bcs,hbt_bcs,125,8,1.4,0.93,6.345310e-02,68.851020,1.60991E+11,26.190400,3.325510,2.610376,-0.715134,ic_high
20260918-203652-4293920,nx8_bcs_125c_vce1.4v,bcs,hbt_bcs,125,8,1.4,0.95,7.441600e-02,80.746528,8.87132E+10,22.940400,3.932870,3.318026,-0.614844,ic_high
20260918-203652-4293920,nx8_bcs_125c_vce1.4v,bcs,hbt_bcs,125,8,1.4,0.97,8.441420e-02,91.595269,4.88282E+10,17.301300,4.668320,4.155169,-0.513151,ic_high;vbe_high
20260918-203652-4293920,nx8_bcs_125c_vce1.4v,bcs,hbt_bcs,125,8,1.4,0.99,9.319900e-02,101.127387,3.07432E+10,13.016200,5.476230,5.054571,-0.421659,ic_high;vbe_high
20260918-203652-4293920,nx8_bcs_125c_vce1.4v,bcs,hbt_bcs,125,8,1.4,1.01,1.015630e-01,110.202908,2.08529E+10,9.388010,6.341240,5.998822,-0.342418,ic_high;vbe_high
20260918-203652-4293920,nx8_bcs_125c_vce1.4v,bcs,hbt_bcs,125,8,1.4,1.03,1.097990e-01,119.139540,1.45616E+10,5.880550,7.260730,6.985767,-0.274963,ic_high;vbe_high
20260918-203652-4293920,nx8_bcs_125c_vce1.4v,bcs,hbt_bcs,125,8,1.4,1.05,1.178440e-01,127.868924,1.00687E+10,2.194890,8.281110,8.065180,-0.215930,ic_high;vbe_high
20260918-203652-4293920,nx8_wcs_-40c_vce0.6v,wcs,hbt_wcs,-40,8,0.6,0.55,2.248590e-10,0.000000,,-32.459100,37.378300,37.378477,0.000177,vbe_low
20260918-203652-4293920,nx8_wcs_-40c_vce0.6v,wcs,hbt_wcs,-40,8,0.6,0.57,6.013730e-10,0.000001,,-32.439300,37.358600,37.358778,0.000178,vbe_low
20260918-203652-4293920,nx8_wcs_-40c_vce0.6v,wcs,hbt_wcs,-40,8,0.6,0.59,1.608530e-09,0.000002,,-32.419000,37.338200,37.338379,0.000179,vbe_low
20260918-203652-4293920,nx8_wcs_-40c_vce0.6v,wcs,hbt_wcs,-40,8,0.6,0.61,4.302550e-09,0.000005,,-32.398000,37.317300,37.317480,0.000180,vbe_low
20260918-203652-4293920,nx8_wcs_-40c_vce0.6v,wcs,hbt_wcs,-40,8,0.6,0.63,1.150850e-08,0.000012,2.50323E+06,-32.376300,37.295600,37.295781,0.000181,vbe_low
20260918-203652-4293920,nx8_wcs_-40c_vce0.6v,wcs,hbt_wcs,-40,8,0.6,0.65,3.078290e-08,0.000033,6.66857E+06,-32.353700,37.273100,37.273282,0.000182,
20260918-203652-4293920,nx8_wcs_-40c_vce0.6v,wcs,hbt_wcs,-40,8,0.6,0.67,8.233590e-08,0.000089,1.77106E+07,-32.329200,37.248800,37.248983,0.000183,
20260918-203652-4293920,nx8_wcs_-40c_vce0.6v,wcs,hbt_wcs,-40,8,0.6,0.69,2.202180e-07,0.000239,4.71044E+07,-32.296600,37.217000,37.217184,0.000184,
20260918-203652-4293920,nx8_wcs_-40c_vce0.6v,wcs,hbt_wcs,-40,8,0.6,0.71,5.889630e-07,0.000639,1.25060E+08,-32.215700,37.138100,37.138287,0.000187,
20260918-203652-4293920,nx8_wcs_-40c_vce0.6v,wcs,hbt_wcs,-40,8,0.6,0.73,1.574900e-06,0.001709,3.31791E+08,-31.826200,36.754000,36.754205,0.000205,
20260918-203652-4293920,nx8_wcs_-40c_vce0.6v,wcs,hbt_wcs,-40,8,0.6,0.75,4.209610e-06,0.004568,8.79549E+08,-29.868400,34.811100,34.811420,0.000320,
20260918-203652-4293920,nx8_wcs_-40c_vce0.6v,wcs,hbt_wcs,-40,8,0.6,0.77,1.124010e-05,0.012196,2.31822E+09,-24.383800,29.369100,29.370221,0.001121,
20260918-203652-4293920,nx8_wcs_-40c_vce0.6v,wcs,hbt_wcs,-40,8,0.6,0.79,2.992810e-05,0.032474,6.08845E+09,-16.604500,21.723100,21.729615,0.006515,
20260918-203652-4293920,nx8_wcs_-40c_vce0.6v,wcs,hbt_wcs,-40,8,0.6,0.81,7.909690e-05,0.085826,1.56917E+10,-8.401310,13.984100,14.022664,0.038564,
20260918-203652-4293920,nx8_wcs_-40c_vce0.6v,wcs,hbt_wcs,-40,8,0.6,0.83,2.051110e-04,0.222560,3.87727E+10,-0.463120,7.615640,7.780341,0.164701,
20260918-203652-4293920,nx8_wcs_-40c_vce0.6v,wcs,hbt_wcs,-40,8,0.6,0.85,5.087520e-04,0.552031,8.71672E+10,6.698980,4.015460,4.383945,0.368485,
20260918-203652-4293920,nx8_wcs_-40c_vce0.6v,wcs,hbt_wcs,-40,8,0.6,0.87,1.156780e-03,1.255187,1.649E+11,12.470100,2.679090,3.173037,0.493947,
20260918-203652-4293920,nx8_wcs_-40c_vce0.6v,wcs,hbt_wcs,-40,8,0.6,0.89,2.313180e-03,2.509961,2.52146E+11,16.504900,2.231190,2.775566,0.544376,
20260918-203652-4293920,nx8_wcs_-40c_vce0.6v,wcs,hbt_wcs,-40,8,0.6,0.91,4.026080e-03,4.368576,3.20702E+11,19.050900,2.052120,2.617980,0.565860,
20260918-203652-4293920,nx8_wcs_-40c_vce0.6v,wcs,hbt_wcs,-40,8,0.6,0.93,6.227150e-03,6.756890,3.64199E+11,20.623700,1.963270,2.540082,0.576812,
20260918-203652-4293920,nx8_wcs_-40c_vce0.6v,wcs,hbt_wcs,-40,8,0.6,0.95,8.813860e-03,9.563650,3.88715E+11,21.630800,1.913990,2.496961,0.582971,
20260918-203652-4293920,nx8_wcs_-40c_vce0.6v,wcs,hbt_wcs,-40,8,0.6,0.97,1.169940e-02,12.694661,3.99593E+11,22.310000,1.888250,2.474463,0.586213,vbe_high
20260918-203652-4293920,nx8_wcs_-40c_vce0.6v,wcs,hbt_wcs,-40,8,0.6,0.99,1.482040e-02,16.081163,4.00332E+11,22.790300,1.880260,2.467483,0.587223,vbe_high
20260918-203652-4293920,nx8_wcs_-40c_vce0.6v,wcs,hbt_wcs,-40,8,0.6,1.01,1.813410e-02,19.676758,3.93857E+11,23.140600,1.887720,2.474000,0.586280,vbe_high
20260918-203652-4293920,nx8_wcs_-40c_vce0.6v,wcs,hbt_wcs,-40,8,0.6,1.03,2.160730e-02,23.445421,3.77324E+11,23.349400,1.910520,2.493927,0.583407,vbe_high
20260918-203652-4293920,nx8_wcs_-40c_vce0.6v,wcs,hbt_wcs,-40,8,0.6,1.05,2.516780e-02,27.308811,2.6955E+11,22.202000,1.969240,2.545310,0.576070,ic_high;vbe_high
20260918-203652-4293920,nx8_wcs_-40c_vce0.8v,wcs,hbt_wcs,-40,8,0.8,0.55,2.252710e-10,0.000000,,-32.630900,37.550400,37.550570,0.000170,vbe_low
20260918-203652-4293920,nx8_wcs_-40c_vce0.8v,wcs,hbt_wcs,-40,8,0.8,0.57,6.021370e-10,0.000001,,-32.615500,37.535000,37.535171,0.000171,vbe_low
20260918-203652-4293920,nx8_wcs_-40c_vce0.8v,wcs,hbt_wcs,-40,8,0.8,0.59,1.610240e-09,0.000002,,-32.599700,37.519300,37.519472,0.000172,vbe_low
20260918-203652-4293920,nx8_wcs_-40c_vce0.8v,wcs,hbt_wcs,-40,8,0.8,0.61,4.306770e-09,0.000005,,-32.583600,37.503100,37.503272,0.000172,vbe_low
20260918-203652-4293920,nx8_wcs_-40c_vce0.8v,wcs,hbt_wcs,-40,8,0.8,0.63,1.151950e-08,0.000012,2.52023E+06,-32.567000,37.486600,37.486773,0.000173,vbe_low
20260918-203652-4293920,nx8_wcs_-40c_vce0.8v,wcs,hbt_wcs,-40,8,0.8,0.65,3.081180e-08,0.000033,6.71858E+06,-32.549700,37.469400,37.469574,0.000174,
20260918-203652-4293920,nx8_wcs_-40c_vce0.8v,wcs,hbt_wcs,-40,8,0.8,0.67,8.241290e-08,0.000089,1.78378E+07,-32.530800,37.450700,37.450874,0.000174,
20260918-203652-4293920,nx8_wcs_-40c_vce0.8v,wcs,hbt_wcs,-40,8,0.8,0.69,2.204250e-07,0.000239,4.74798E+07,-32.503700,37.424400,37.424575,0.000175,
20260918-203652-4293920,nx8_wcs_-40c_vce0.8v,wcs,hbt_wcs,-40,8,0.8,0.71,5.895190e-07,0.000640,1.26017E+08,-32.426400,37.349000,37.349178,0.000178,
20260918-203652-4293920,nx8_wcs_-40c_vce0.8v,wcs,hbt_wcs,-40,8,0.8,0.73,1.576420e-06,0.001711,3.3463E+08,-32.025100,36.953200,36.953396,0.000196,
20260918-203652-4293920,nx8_wcs_-40c_vce0.8v,wcs,hbt_wcs,-40,8,0.8,0.75,4.213940e-06,0.004572,8.86828E+08,-29.995900,34.938800,34.939111,0.000311,
20260918-203652-4293920,nx8_wcs_-40c_vce0.8v,wcs,hbt_wcs,-40,8,0.8,0.77,1.125340e-05,0.012211,2.34027E+09,-24.413400,29.399000,29.400113,0.001113,
20260918-203652-4293920,nx8_wcs_-40c_vce0.8v,wcs,hbt_wcs,-40,8,0.8,0.79,2.997440e-05,0.032524,6.14708E+09,-16.598100,21.717400,21.723923,0.006523,
20260918-203652-4293920,nx8_wcs_-40c_vce0.8v,wcs,hbt_wcs,-40,8,0.8,0.81,7.928920e-05,0.086034,1.58561E+10,-8.382270,13.967500,14.006211,0.038711,
20260918-203652-4293920,nx8_wcs_-40c_vce0.8v,wcs,hbt_wcs,-40,8,0.8,0.83,2.060200e-04,0.223546,3.92762E+10,-0.428984,7.593510,7.759036,0.165526,
20260918-203652-4293920,nx8_wcs_-40c_vce0.8v,wcs,hbt_wcs,-40,8,0.8,0.85,5.130460e-04,0.556691,8.86279E+10,6.757390,3.996850,4.366852,0.370002,
20260918-203652-4293920,nx8_wcs_-40c_vce0.8v,wcs,hbt_wcs,-40,8,0.8,0.87,1.173950e-03,1.273817,1.6842E+11,12.555600,2.667500,3.162694,0.495194,
20260918-203652-4293920,nx8_wcs_-40c_vce0.8v,wcs,hbt_wcs,-40,8,0.8,0.89,2.364970e-03,2.566157,2.58232E+11,16.605200,2.223760,2.769012,0.545252,
20260918-203652-4293920,nx8_wcs_-40c_vce0.8v,wcs,hbt_wcs,-40,8,0.8,0.91,4.143420e-03,4.495898,3.28873E+11,19.150700,2.046610,2.613143,0.566533,
20260918-203652-4293920,nx8_wcs_-40c_vce0.8v,wcs,hbt_wcs,-40,8,0.8,0.93,6.441320e-03,6.989280,3.73795E+11,20.717300,1.958990,2.536334,0.577344,
20260918-203652-4293920,nx8_wcs_-40c_vce0.8v,wcs,hbt_wcs,-40,8,0.8,0.95,9.152980e-03,9.931619,4.00965E+11,21.719400,1.911430,2.494723,0.583293,
20260918-203652-4293920,nx8_wcs_-40c_vce0.8v,wcs,hbt_wcs,-40,8,0.8,0.97,1.218820e-02,13.225043,4.1358E+11,22.397400,1.888740,2.474891,0.586151,vbe_high
20260918-203652-4293920,nx8_wcs_-40c_vce0.8v,wcs,hbt_wcs,-40,8,0.8,0.99,1.548160e-02,16.798611,4.1738E+11,22.880400,1.885760,2.472288,0.586528,vbe_high
20260918-203652-4293920,nx8_wcs_-40c_vce0.8v,wcs,hbt_wcs,-40,8,0.8,1.01,1.898930e-02,20.604709,4.14231E+11,23.237800,1.900800,2.485430,0.584630,vbe_high
20260918-203652-4293920,nx8_wcs_-40c_vce0.8v,wcs,hbt_wcs,-40,8,0.8,1.03,2.268150e-02,24.611003,4.03821E+11,23.507500,1.933460,2.513990,0.580530,vbe_high
20260918-203652-4293920,nx8_wcs_-40c_vce0.8v,wcs,hbt_wcs,-40,8,0.8,1.05,2.653400e-02,28.791233,3.87175E+11,23.712400,1.984030,2.558265,0.574235,ic_high;vbe_high
20260918-203652-4293920,nx8_wcs_-40c_vce1.0v,wcs,hbt_wcs,-40,8,1.0,0.55,2.256870e-10,0.000000,,-32.768700,37.688400,37.688565,0.000165,vbe_low
20260918-203652-4293920,nx8_wcs_-40c_vce1.0v,wcs,hbt_wcs,-40,8,1.0,0.57,6.029110e-10,0.000001,,-32.756100,37.675800,37.675966,0.000166,vbe_low
20260918-203652-4293920,nx8_wcs_-40c_vce1.0v,wcs,hbt_wcs,-40,8,1.0,0.59,1.611960e-09,0.000002,,-32.743200,37.663000,37.663166,0.000166,vbe_low
20260918-203652-4293920,nx8_wcs_-40c_vce1.0v,wcs,hbt_wcs,-40,8,1.0,0.61,4.311000e-09,0.000005,,-32.730100,37.649900,37.650067,0.000167,vbe_low
20260918-203652-4293920,nx8_wcs_-40c_vce1.0v,wcs,hbt_wcs,-40,8,1.0,0.63,1.153040e-08,0.000013,2.53591E+06,-32.716700,37.636500,37.636667,0.000167,vbe_low
20260918-203652-4293920,nx8_wcs_-40c_vce1.0v,wcs,hbt_wcs,-40,8,1.0,0.65,3.084050e-08,0.000033,6.75854E+06,-32.702700,37.622600,37.622768,0.000168,
20260918-203652-4293920,nx8_wcs_-40c_vce1.0v,wcs,hbt_wcs,-40,8,1.0,0.67,8.248910e-08,0.000090,1.79388E+07,-32.687200,37.607300,37.607468,0.000168,
20260918-203652-4293920,nx8_wcs_-40c_vce1.0v,wcs,hbt_wcs,-40,8,1.0,0.69,2.206280e-07,0.000239,4.77756E+07,-32.663400,37.584200,37.584369,0.000169,
20260918-203652-4293920,nx8_wcs_-40c_vce1.0v,wcs,hbt_wcs,-40,8,1.0,0.71,5.900660e-07,0.000640,1.26766E+08,-32.587500,37.510400,37.510572,0.000172,
20260918-203652-4293920,nx8_wcs_-40c_vce1.0v,wcs,hbt_wcs,-40,8,1.0,0.73,1.577920e-06,0.001712,3.36835E+08,-32.175400,37.103700,37.103889,0.000189,
20260918-203652-4293920,nx8_wcs_-40c_vce1.0v,wcs,hbt_wcs,-40,8,1.0,0.75,4.218180e-06,0.004577,8.92454E+08,-30.089000,35.032200,35.032504,0.000304,
20260918-203652-4293920,nx8_wcs_-40c_vce1.0v,wcs,hbt_wcs,-40,8,1.0,0.77,1.126640e-05,0.012225,2.35721E+09,-24.432400,29.418300,29.419408,0.001108,
20260918-203652-4293920,nx8_wcs_-40c_vce1.0v,wcs,hbt_wcs,-40,8,1.0,0.79,3.002010e-05,0.032574,6.19226E+09,-16.590100,21.709900,21.716434,0.006534,
20260918-203652-4293920,nx8_wcs_-40c_vce1.0v,wcs,hbt_wcs,-40,8,1.0,0.81,7.948030e-05,0.086242,1.59845E+10,-8.363250,13.950800,13.989659,0.038859,
20260918-203652-4293920,nx8_wcs_-40c_vce1.0v,wcs,hbt_wcs,-40,8,1.0,0.83,2.069340e-04,0.224538,3.96784E+10,-0.395045,7.571460,7.737813,0.166353,
20260918-203652-4293920,nx8_wcs_-40c_vce1.0v,wcs,hbt_wcs,-40,8,1.0,0.85,5.174210e-04,0.561438,8.98256E+10,6.815940,3.978250,4.349774,0.371524,
20260918-203652-4293920,nx8_wcs_-40c_vce1.0v,wcs,hbt_wcs,-40,8,1.0,0.87,1.191760e-03,1.293142,1.71638E+11,12.642000,2.655850,3.152301,0.496451,
20260918-203652-4293920,nx8_wcs_-40c_vce1.0v,wcs,hbt_wcs,-40,8,1.0,0.89,2.419650e-03,2.625488,2.63109E+11,16.706600,2.216250,2.762388,0.546138,
20260918-203652-4293920,nx8_wcs_-40c_vce1.0v,wcs,hbt_wcs,-40,8,1.0,0.91,4.269180e-03,4.632357,3.35431E+11,19.251300,2.041020,2.608237,0.567217,
20260918-203652-4293920,nx8_wcs_-40c_vce1.0v,wcs,hbt_wcs,-40,8,1.0,0.93,6.673600e-03,7.241319,3.81958E+11,20.811000,1.954770,2.532640,0.577870,
20260918-203652-4293920,nx8_wcs_-40c_vce1.0v,wcs,hbt_wcs,-40,8,1.0,0.95,9.523490e-03,10.333648,4.0866E+11,21.806900,1.909320,2.492878,0.583558,
20260918-203652-4293920,nx8_wcs_-40c_vce1.0v,wcs,hbt_wcs,-40,8,1.0,0.97,1.272690e-02,13.809570,4.21401E+11,22.481400,1.890480,2.476412,0.585932,vbe_high
20260918-203652-4293920,nx8_wcs_-40c_vce1.0v,wcs,hbt_wcs,-40,8,1.0,0.99,1.621530e-02,17.594727,4.26504E+11,22.963300,1.893950,2.479444,0.585494,vbe_high
20260918-203652-4293920,nx8_wcs_-40c_vce1.0v,wcs,hbt_wcs,-40,8,1.0,1.01,1.994630e-02,21.643121,4.23942E+11,23.321300,1.918780,2.501150,0.582370,vbe_high
20260918-203652-4293920,nx8_wcs_-40c_vce1.0v,wcs,hbt_wcs,-40,8,1.0,1.03,2.388640e-02,25.918403,4.15301E+11,23.593800,1.965400,2.541947,0.576547,vbe_high
20260918-203652-4293920,nx8_wcs_-40c_vce1.0v,wcs,hbt_wcs,-40,8,1.0,1.05,2.801440e-02,30.397569,4.00374E+11,23.802200,2.034820,2.602797,0.567977,ic_high;vbe_high
20260918-203652-4293920,nx8_wcs_-40c_vce1.2v,wcs,hbt_wcs,-40,8,1.2,0.55,2.261390e-10,0.000000,,-32.883600,37.803400,37.803561,0.000161,vbe_low
20260918-203652-4293920,nx8_wcs_-40c_vce1.2v,wcs,hbt_wcs,-40,8,1.2,0.57,6.037680e-10,0.000001,,-32.872900,37.792800,37.792961,0.000161,vbe_low
20260918-203652-4293920,nx8_wcs_-40c_vce1.2v,wcs,hbt_wcs,-40,8,1.2,0.59,1.613870e-09,0.000002,,-32.862100,37.781900,37.782062,0.000162,vbe_low
20260918-203652-4293920,nx8_wcs_-40c_vce1.2v,wcs,hbt_wcs,-40,8,1.2,0.61,4.315690e-09,0.000005,,-32.851000,37.770900,37.771062,0.000162,vbe_low
20260918-203652-4293920,nx8_wcs_-40c_vce1.2v,wcs,hbt_wcs,-40,8,1.2,0.63,1.154240e-08,0.000013,2.54954E+06,-32.839800,37.759700,37.759862,0.000162,vbe_low
20260918-203652-4293920,nx8_wcs_-40c_vce1.2v,wcs,hbt_wcs,-40,8,1.2,0.65,3.087160e-08,0.000033,6.79256E+06,-32.828000,37.748100,37.748263,0.000163,
20260918-203652-4293920,nx8_wcs_-40c_vce1.2v,wcs,hbt_wcs,-40,8,1.2,0.67,8.257050e-08,0.000090,1.80283E+07,-32.814700,37.735000,37.735163,0.000163,
20260918-203652-4293920,nx8_wcs_-40c_vce1.2v,wcs,hbt_wcs,-40,8,1.2,0.69,2.208430e-07,0.000240,4.80242E+07,-32.793100,37.714100,37.714264,0.000164,
20260918-203652-4293920,nx8_wcs_-40c_vce1.2v,wcs,hbt_wcs,-40,8,1.2,0.71,5.906380e-07,0.000641,1.27392E+08,-32.717800,37.640800,37.640967,0.000167,
20260918-203652-4293920,nx8_wcs_-40c_vce1.2v,wcs,hbt_wcs,-40,8,1.2,0.73,1.579470e-06,0.001714,3.38667E+08,-32.295800,37.224300,37.224484,0.000184,
20260918-203652-4293920,nx8_wcs_-40c_vce1.2v,wcs,hbt_wcs,-40,8,1.2,0.75,4.222530e-06,0.004582,8.9711E+08,-30.161600,35.104900,35.105199,0.000299,
20260918-203652-4293920,nx8_wcs_-40c_vce1.2v,wcs,hbt_wcs,-40,8,1.2,0.77,1.127960e-05,0.012239,2.37121E+09,-24.445000,29.431200,29.432305,0.001105,
20260918-203652-4293920,nx8_wcs_-40c_vce1.2v,wcs,hbt_wcs,-40,8,1.2,0.79,3.006620e-05,0.032624,6.22972E+09,-16.580900,21.701300,21.707847,0.006547,
20260918-203652-4293920,nx8_wcs_-40c_vce1.2v,wcs,hbt_wcs,-40,8,1.2,0.81,7.967290e-05,0.086451,1.60924E+10,-8.344060,13.933900,13.972910,0.039010,
20260918-203652-4293920,nx8_wcs_-40c_vce1.2v,wcs,hbt_wcs,-40,8,1.2,0.83,2.078570e-04,0.225539,4.00242E+10,-0.360959,7.549260,7.716449,0.167189,
20260918-203652-4293920,nx8_wcs_-40c_vce1.2v,wcs,hbt_wcs,-40,8,1.2,0.85,5.218910e-04,0.566288,9.08805E+10,6.875010,3.959520,4.332583,0.373063,
20260918-203652-4293920,nx8_wcs_-40c_vce1.2v,wcs,hbt_wcs,-40,8,1.2,0.87,1.210290e-03,1.313249,1.74492E+11,12.729600,2.644090,3.141813,0.497723,
20260918-203652-4293920,nx8_wcs_-40c_vce1.2v,wcs,hbt_wcs,-40,8,1.2,0.89,2.477520e-03,2.688281,2.68008E+11,16.809500,2.208630,2.755670,0.547040,
20260918-203652-4293920,nx8_wcs_-40c_vce1.2v,wcs,hbt_wcs,-40,8,1.2,0.91,4.404350e-03,4.779026,3.41876E+11,19.353100,2.035350,2.603262,0.567912,
20260918-203652-4293920,nx8_wcs_-40c_vce1.2v,wcs,hbt_wcs,-40,8,1.2,0.93,6.926470e-03,7.515701,3.88561E+11,20.905600,1.950630,2.529016,0.578386,
20260918-203652-4293920,nx8_wcs_-40c_vce1.2v,wcs,hbt_wcs,-40,8,1.2,0.95,9.931250e-03,10.776096,4.14388E+11,21.895300,1.907800,2.491549,0.583749,
20260918-203652-4293920,nx8_wcs_-40c_vce1.2v,wcs,hbt_wcs,-40,8,1.2,0.97,1.332440e-02,14.457899,4.27734E+11,22.566000,1.893860,2.479365,0.585505,vbe_high
20260918-203652-4293920,nx8_wcs_-40c_vce1.2v,wcs,hbt_wcs,-40,8,1.2,0.99,1.703630e-02,18.485569,4.32245E+11,23.045400,1.905590,2.489617,0.584027,vbe_high
20260918-203652-4293920,nx8_wcs_-40c_vce1.2v,wcs,hbt_wcs,-40,8,1.2,1.01,2.102310e-02,22.811523,4.29109E+11,23.401600,1.943120,2.522443,0.579323,vbe_high
20260918-203652-4293920,nx8_wcs_-40c_vce1.2v,wcs,hbt_wcs,-40,8,1.2,1.03,2.525300e-02,27.401259,4.19066E+11,23.671800,2.007950,2.579230,0.571280,ic_high;vbe_high
20260918-203652-4293920,nx8_wcs_-40c_vce1.2v,wcs,hbt_wcs,-40,8,1.2,1.05,2.970420e-02,32.231120,4.04122E+11,23.877400,2.102150,2.661929,0.559779,ic_high;vbe_high
20260918-203652-4293920,nx8_wcs_-40c_vce1.4v,wcs,hbt_wcs,-40,8,1.4,0.55,2.266870e-10,0.000000,,-32.982000,37.902000,37.902157,0.000157,vbe_low
20260918-203652-4293920,nx8_wcs_-40c_vce1.4v,wcs,hbt_wcs,-40,8,1.4,0.57,6.048600e-10,0.000001,,-32.972700,37.892700,37.892857,0.000157,vbe_low
20260918-203652-4293920,nx8_wcs_-40c_vce1.4v,wcs,hbt_wcs,-40,8,1.4,0.59,1.616370e-09,0.000002,,-32.963400,37.883400,37.883558,0.000158,vbe_low
20260918-203652-4293920,nx8_wcs_-40c_vce1.4v,wcs,hbt_wcs,-40,8,1.4,0.61,4.321790e-09,0.000005,,-32.953900,37.873900,37.874058,0.000158,vbe_low
20260918-203652-4293920,nx8_wcs_-40c_vce1.4v,wcs,hbt_wcs,-40,8,1.4,0.63,1.155780e-08,0.000013,2.56217E+06,-32.944200,37.864200,37.864359,0.000159,vbe_low
20260918-203652-4293920,nx8_wcs_-40c_vce1.4v,wcs,hbt_wcs,-40,8,1.4,0.65,3.091100e-08,0.000034,6.82381E+06,-32.934100,37.854200,37.854359,0.000159,
20260918-203652-4293920,nx8_wcs_-40c_vce1.4v,wcs,hbt_wcs,-40,8,1.4,0.67,8.267230e-08,0.000090,1.81189E+07,-32.922400,37.842800,37.842959,0.000159,
20260918-203652-4293920,nx8_wcs_-40c_vce1.4v,wcs,hbt_wcs,-40,8,1.4,0.69,2.211070e-07,0.000240,4.82487E+07,-32.902200,37.823300,37.823460,0.000160,
20260918-203652-4293920,nx8_wcs_-40c_vce1.4v,wcs,hbt_wcs,-40,8,1.4,0.71,5.913270e-07,0.000642,1.27954E+08,-32.826900,37.750100,37.750263,0.000163,
20260918-203652-4293920,nx8_wcs_-40c_vce1.4v,wcs,hbt_wcs,-40,8,1.4,0.73,1.581290e-06,0.001716,3.40296E+08,-32.395900,37.324500,37.324679,0.000179,
20260918-203652-4293920,nx8_wcs_-40c_vce1.4v,wcs,hbt_wcs,-40,8,1.4,0.75,4.227540e-06,0.004587,9.0123E+08,-30.219900,35.163400,35.163695,0.000295,
20260918-203652-4293920,nx8_wcs_-40c_vce1.4v,wcs,hbt_wcs,-40,8,1.4,0.77,1.129440e-05,0.012255,2.3835E+09,-24.452600,29.439000,29.440103,0.001103,
20260918-203652-4293920,nx8_wcs_-40c_vce1.4v,wcs,hbt_wcs,-40,8,1.4,0.79,3.011610e-05,0.032678,6.26271E+09,-16.570100,21.691000,21.697563,0.006563,
20260918-203652-4293920,nx8_wcs_-40c_vce1.4v,wcs,hbt_wcs,-40,8,1.4,0.81,7.987540e-05,0.086670,1.61883E+10,-8.323770,13.915900,13.955072,0.039172,
20260918-203652-4293920,nx8_wcs_-40c_vce1.4v,wcs,hbt_wcs,-40,8,1.4,0.83,2.088130e-04,0.226577,4.03374E+10,-0.325605,7.526070,7.694137,0.168067,
20260918-203652-4293920,nx8_wcs_-40c_vce1.4v,wcs,hbt_wcs,-40,8,1.4,0.85,5.265220e-04,0.571313,9.18552E+10,6.936000,3.940070,4.314737,0.374667,
20260918-203652-4293920,nx8_wcs_-40c_vce1.4v,wcs,hbt_wcs,-40,8,1.4,0.87,1.229700e-03,1.334310,1.7714E+11,12.819600,2.631920,3.130963,0.499043,
20260918-203652-4293920,nx8_wcs_-40c_vce1.4v,wcs,hbt_wcs,-40,8,1.4,0.89,2.539330e-03,2.755349,2.72837E+11,16.913700,2.200760,2.748732,0.547972,
20260918-203652-4293920,nx8_wcs_-40c_vce1.4v,wcs,hbt_wcs,-40,8,1.4,0.91,4.550810e-03,4.937945,3.47608E+11,19.453400,2.029580,2.598199,0.568619,
20260918-203652-4293920,nx8_wcs_-40c_vce1.4v,wcs,hbt_wcs,-40,8,1.4,0.93,7.203070e-03,7.815831,3.94174E+11,20.996400,1.946700,2.525576,0.578876,
20260918-203652-4293920,nx8_wcs_-40c_vce1.4v,wcs,hbt_wcs,-40,8,1.4,0.95,1.038260e-02,11.265842,4.18981E+11,21.979900,1.907140,2.490972,0.583832,
20260918-203652-4293920,nx8_wcs_-40c_vce1.4v,wcs,hbt_wcs,-40,8,1.4,0.97,1.399030e-02,15.180447,4.32349E+11,22.648300,1.899420,2.484224,0.584804,vbe_high
20260918-203652-4293920,nx8_wcs_-40c_vce1.4v,wcs,hbt_wcs,-40,8,1.4,0.99,1.796240e-02,19.490451,4.35816E+11,23.126700,1.921810,2.503800,0.581990,vbe_high
20260918-203652-4293920,nx8_wcs_-40c_vce1.4v,wcs,hbt_wcs,-40,8,1.4,1.01,2.224850e-02,24.141168,4.31327E+11,23.480500,1.975910,2.551152,0.575242,vbe_high
20260918-203652-4293920,nx8_wcs_-40c_vce1.4v,wcs,hbt_wcs,-40,8,1.4,1.03,2.682020e-02,29.101780,4.19294E+11,23.745700,2.064720,2.629042,0.564322,ic_high;vbe_high
20260918-203652-4293920,nx8_wcs_-40c_vce1.4v,wcs,hbt_wcs,-40,8,1.4,1.05,3.165660e-02,34.349609,4.02115E+11,23.942900,2.191750,2.740791,0.549041,ic_high;vbe_high
20260918-203652-4293920,nx8_wcs_125c_vce0.6v,wcs,hbt_wcs,125,8,0.6,0.55,1.290680e-05,0.014005,1.5595E+09,-27.120300,34.404700,34.404186,-0.000514,vbe_low
20260918-203652-4293920,nx8_wcs_125c_vce0.6v,wcs,hbt_wcs,125,8,0.6,0.57,2.257590e-05,0.024496,2.70099E+09,-23.360600,30.678600,30.677387,-0.001213,vbe_low
20260918-203652-4293920,nx8_wcs_125c_vce0.6v,wcs,hbt_wcs,125,8,0.6,0.59,3.945090e-05,0.042807,4.65457E+09,-18.967500,26.348200,26.344911,-0.003289,vbe_low
20260918-203652-4293920,nx8_wcs_125c_vce0.6v,wcs,hbt_wcs,125,8,0.6,0.61,6.882480e-05,0.074680,7.99841E+09,-14.332300,21.833000,21.823692,-0.009308,vbe_low
20260918-203652-4293920,nx8_wcs_125c_vce0.6v,wcs,hbt_wcs,125,8,0.6,0.63,1.197250e-04,0.129910,1.3602E+10,-9.653220,17.390500,17.364563,-0.025937,vbe_low
20260918-203652-4293920,nx8_wcs_125c_vce0.6v,wcs,hbt_wcs,125,8,0.6,0.65,2.072460e-04,0.224876,2.27734E+10,-5.034270,13.241800,13.174055,-0.067745,
20260918-203652-4293920,nx8_wcs_125c_vce0.6v,wcs,hbt_wcs,125,8,0.6,0.67,3.558000e-04,0.386068,3.71929E+10,-0.558947,9.660060,9.503944,-0.156116,
20260918-203652-4293920,nx8_wcs_125c_vce0.6v,wcs,hbt_wcs,125,8,0.6,0.69,6.027440e-04,0.654019,5.86631E+10,3.677150,6.924890,6.627045,-0.297845,
20260918-203652-4293920,nx8_wcs_125c_vce0.6v,wcs,hbt_wcs,125,8,0.6,0.71,1.000420e-03,1.085525,8.81572E+10,7.559770,5.126610,4.667670,-0.458940,
20260918-203652-4293920,nx8_wcs_125c_vce0.6v,wcs,hbt_wcs,125,8,0.6,0.73,1.612970e-03,1.750184,1.23887E+11,10.973300,4.080850,3.488077,-0.592773,
20260918-203652-4293920,nx8_wcs_125c_vce0.6v,wcs,hbt_wcs,125,8,0.6,0.75,2.505190e-03,2.718305,1.61724E+11,13.836800,3.505160,2.821414,-0.683746,
20260918-203652-4293920,nx8_wcs_125c_vce0.6v,wcs,hbt_wcs,125,8,0.6,0.77,3.726540e-03,4.043555,1.96622E+11,16.135600,3.186900,2.446482,-0.740418,
20260918-203652-4293920,nx8_wcs_125c_vce0.6v,wcs,hbt_wcs,125,8,0.6,0.79,5.299910e-03,5.750770,2.23863E+11,17.919800,3.007150,2.232484,-0.774666,
20260918-203652-4293920,nx8_wcs_125c_vce0.6v,wcs,hbt_wcs,125,8,0.6,0.81,7.221540e-03,7.835872,2.40918E+11,19.275700,2.907380,2.112961,-0.794419,
20260918-203652-4293920,nx8_wcs_125c_vce0.6v,wcs,hbt_wcs,125,8,0.6,0.83,9.469300e-03,10.274848,2.50012E+11,20.295900,2.860160,2.056201,-0.803959,
20260918-203652-4293920,nx8_wcs_125c_vce0.6v,wcs,hbt_wcs,125,8,0.6,0.85,1.201220e-02,13.034071,2.52276E+11,21.057300,2.852910,2.047475,-0.805435,
20260918-203652-4293920,nx8_wcs_125c_vce0.6v,wcs,hbt_wcs,125,8,0.6,0.87,1.481630e-02,16.076714,2.49127E+11,21.603300,2.880150,2.080245,-0.799905,
20260918-203652-4293920,nx8_wcs_125c_vce0.6v,wcs,hbt_wcs,125,8,0.6,0.89,1.784410e-02,19.362088,2.39082E+11,21.875400,2.941310,2.153670,-0.787640,
20260918-203652-4293920,nx8_wcs_125c_vce0.6v,wcs,hbt_wcs,125,8,0.6,0.91,2.102940e-02,22.818359,2.12951E+11,21.369400,3.047380,2.280526,-0.766854,
20260918-203652-4293920,nx8_wcs_125c_vce0.6v,wcs,hbt_wcs,125,8,0.6,0.93,2.419000e-02,26.247830,1.54335E+11,18.944000,3.238580,2.507701,-0.730879,ic_high
20260918-203652-4293920,nx8_wcs_125c_vce0.6v,wcs,hbt_wcs,125,8,0.6,0.95,2.708800e-02,29.392361,9.70095E+10,15.670700,3.532990,2.853971,-0.679019,ic_high
20260918-203652-4293920,nx8_wcs_125c_vce0.6v,wcs,hbt_wcs,125,8,0.6,0.97,2.973700e-02,32.266710,6.40679E+10,13.157000,3.894090,3.273318,-0.620772,ic_high;vbe_high
20260918-203652-4293920,nx8_wcs_125c_vce0.6v,wcs,hbt_wcs,125,8,0.6,0.99,3.224800e-02,34.991319,4.39532E+10,10.920100,4.346560,3.791318,-0.555242,ic_high;vbe_high
20260918-203652-4293920,nx8_wcs_125c_vce0.6v,wcs,hbt_wcs,125,8,0.6,1.01,3.463090e-02,37.576931,2.88840E+10,8.052390,5.002310,4.529292,-0.473018,ic_high;vbe_high
20260918-203652-4293920,nx8_wcs_125c_vce0.6v,wcs,hbt_wcs,125,8,0.6,1.03,3.679520e-02,39.925347,1.73021E+10,4.085230,6.076290,5.711402,-0.364888,ic_high;vbe_high
20260918-203652-4293920,nx8_wcs_125c_vce0.6v,wcs,hbt_wcs,125,8,0.6,1.05,3.862830e-02,41.914388,9.32868E+09,-0.828364,7.916080,7.680694,-0.235386,ic_high;vbe_high
20260918-203652-4293920,nx8_wcs_125c_vce0.8v,wcs,hbt_wcs,125,8,0.8,0.55,1.292090e-05,0.014020,1.57675E+09,-27.210500,34.495400,34.494896,-0.000504,vbe_low
20260918-203652-4293920,nx8_wcs_125c_vce0.8v,wcs,hbt_wcs,125,8,0.8,0.57,2.260320e-05,0.024526,2.73360E+09,-23.393800,30.712500,30.711296,-0.001204,vbe_low
20260918-203652-4293920,nx8_wcs_125c_vce0.8v,wcs,hbt_wcs,125,8,0.8,0.59,3.950640e-05,0.042867,4.717E+09,-18.971900,26.353300,26.350015,-0.003285,vbe_low
20260918-203652-4293920,nx8_wcs_125c_vce0.8v,wcs,hbt_wcs,125,8,0.8,0.61,6.894440e-05,0.074809,8.10163E+09,-14.323300,21.825100,21.815775,-0.009325,vbe_low
20260918-203652-4293920,nx8_wcs_125c_vce0.8v,wcs,hbt_wcs,125,8,0.8,0.63,1.199970e-04,0.130205,1.3805E+10,-9.636060,17.375400,17.349372,-0.026028,vbe_low
20260918-203652-4293920,nx8_wcs_125c_vce0.8v,wcs,hbt_wcs,125,8,0.8,0.65,2.078950e-04,0.225581,2.31231E+10,-5.009290,13.221200,13.153131,-0.068069,
20260918-203652-4293920,nx8_wcs_125c_vce0.8v,wcs,hbt_wcs,125,8,0.8,0.67,3.573940e-04,0.387797,3.79219E+10,-0.523975,9.635650,9.478638,-0.157012,
20260918-203652-4293920,nx8_wcs_125c_vce0.8v,wcs,hbt_wcs,125,8,0.8,0.69,6.066630e-04,0.658271,5.99646E+10,3.725360,6.899740,6.600104,-0.299636,
20260918-203652-4293920,nx8_wcs_125c_vce0.8v,wcs,hbt_wcs,125,8,0.8,0.71,1.009780e-03,1.095681,9.03123E+10,7.624170,5.104380,4.642955,-0.461425,
20260918-203652-4293920,nx8_wcs_125c_vce0.8v,wcs,hbt_wcs,125,8,0.8,0.73,1.634030e-03,1.773036,1.27496E+11,11.054800,4.063320,3.467977,-0.595343,
20260918-203652-4293920,nx8_wcs_125c_vce0.8v,wcs,hbt_wcs,125,8,0.8,0.75,2.548760e-03,2.765582,1.6706E+11,13.933100,3.492210,2.806252,-0.685958,
20260918-203652-4293920,nx8_wcs_125c_vce0.8v,wcs,hbt_wcs,125,8,0.8,0.77,3.808470e-03,4.132454,2.04817E+11,16.242100,3.177950,2.435866,-0.742084,
20260918-203652-4293920,nx8_wcs_125c_vce0.8v,wcs,hbt_wcs,125,8,0.8,0.79,5.439960e-03,5.902734,2.35582E+11,18.032800,3.002050,2.226387,-0.775663,
20260918-203652-4293920,nx8_wcs_125c_vce0.8v,wcs,hbt_wcs,125,8,0.8,0.81,7.441400e-03,8.074436,2.5945E+11,19.395200,2.906780,2.112240,-0.794540,
20260918-203652-4293920,nx8_wcs_125c_vce0.8v,wcs,hbt_wcs,125,8,0.8,0.83,9.790760e-03,10.623655,2.75459E+11,20.423800,2.865610,2.062758,-0.802852,
20260918-203652-4293920,nx8_wcs_125c_vce0.8v,wcs,hbt_wcs,125,8,0.8,0.85,1.245610e-02,13.515734,2.8328E+11,21.196800,2.866760,2.064142,-0.802618,
20260918-203652-4293920,nx8_wcs_125c_vce0.8v,wcs,hbt_wcs,125,8,0.8,0.87,1.540280e-02,16.713108,2.82019E+11,21.770900,2.905160,2.110295,-0.794865,
20260918-203652-4293920,nx8_wcs_125c_vce0.8v,wcs,hbt_wcs,125,8,0.8,0.89,1.859820e-02,20.180339,2.73045E+11,22.186800,2.978690,2.198444,-0.780246,
20260918-203652-4293920,nx8_wcs_125c_vce0.8v,wcs,hbt_wcs,125,8,0.8,0.91,2.201200e-02,23.884549,2.58966E+11,22.468800,3.086530,2.327196,-0.759334,
20260918-203652-4293920,nx8_wcs_125c_vce0.8v,wcs,hbt_wcs,125,8,0.8,0.93,2.561450e-02,27.793511,2.40654E+11,22.584500,3.229230,2.496635,-0.732595,ic_high
20260918-203652-4293920,nx8_wcs_125c_vce0.8v,wcs,hbt_wcs,125,8,0.8,0.95,2.935620e-02,31.853516,2.10933E+11,22.164500,3.414130,2.714670,-0.699460,ic_high
20260918-203652-4293920,nx8_wcs_125c_vce0.8v,wcs,hbt_wcs,125,8,0.8,0.97,3.307650e-02,35.890299,1.54316E+11,19.991300,3.675290,3.019899,-0.655391,ic_high;vbe_high
20260918-203652-4293920,nx8_wcs_125c_vce0.8v,wcs,hbt_wcs,125,8,0.8,0.99,3.651260e-02,39.618707,9.74138E+10,16.702100,4.037610,3.438477,-0.599133,ic_high;vbe_high
20260918-203652-4293920,nx8_wcs_125c_vce0.8v,wcs,hbt_wcs,125,8,0.8,1.01,3.965870e-02,43.032444,6.5179E+10,14.166600,4.464760,3.925392,-0.539368,ic_high;vbe_high
20260918-203652-4293920,nx8_wcs_125c_vce0.8v,wcs,hbt_wcs,125,8,0.8,1.03,4.265130e-02,46.279622,4.66964E+10,12.183000,4.950200,4.471146,-0.479054,ic_high;vbe_high
20260918-203652-4293920,nx8_wcs_125c_vce0.8v,wcs,hbt_wcs,125,8,0.8,1.05,4.554150e-02,49.415690,3.35583E+10,9.957600,5.540900,5.125781,-0.415119,ic_high;vbe_high
20260918-203652-4293920,nx8_wcs_125c_vce1.0v,wcs,hbt_wcs,125,8,1.0,0.55,1.293500e-05,0.014035,1.5891E+09,-27.268700,34.554000,34.553503,-0.000497,vbe_low
20260918-203652-4293920,nx8_wcs_125c_vce1.0v,wcs,hbt_wcs,125,8,1.0,0.57,2.263040e-05,0.024556,2.75669E+09,-23.412500,30.731600,30.730402,-0.001198,vbe_low
20260918-203652-4293920,nx8_wcs_125c_vce1.0v,wcs,hbt_wcs,125,8,1.0,0.59,3.956150e-05,0.042927,4.7607E+09,-18.970800,26.352700,26.349415,-0.003285,vbe_low
20260918-203652-4293920,nx8_wcs_125c_vce1.0v,wcs,hbt_wcs,125,8,1.0,0.61,6.906270e-05,0.074938,8.17359E+09,-14.312500,21.815200,21.805854,-0.009346,vbe_low
20260918-203652-4293920,nx8_wcs_125c_vce1.0v,wcs,hbt_wcs,125,8,1.0,0.63,1.202670e-04,0.130498,1.39456E+10,-9.618680,17.359700,17.333578,-0.026122,vbe_low
20260918-203652-4293920,nx8_wcs_125c_vce1.0v,wcs,hbt_wcs,125,8,1.0,0.65,2.085420e-04,0.226283,2.3368E+10,-4.984650,13.200700,13.132306,-0.068394,
20260918-203652-4293920,nx8_wcs_125c_vce1.0v,wcs,hbt_wcs,125,8,1.0,0.67,3.589930e-04,0.389532,3.84253E+10,-0.489582,9.611420,9.453513,-0.157907,
20260918-203652-4293920,nx8_wcs_125c_vce1.0v,wcs,hbt_wcs,125,8,1.0,0.69,6.106240e-04,0.662569,6.08908E+10,3.772930,6.874750,6.573324,-0.301426,
20260918-203652-4293920,nx8_wcs_125c_vce1.0v,wcs,hbt_wcs,125,8,1.0,0.71,1.019320e-03,1.106033,9.17904E+10,7.687940,5.082240,4.618326,-0.463914,
20260918-203652-4293920,nx8_wcs_125c_vce1.0v,wcs,hbt_wcs,125,8,1.0,0.73,1.655730e-03,1.796582,1.29905E+11,11.135600,4.045830,3.447911,-0.597919,
20260918-203652-4293920,nx8_wcs_125c_vce1.0v,wcs,hbt_wcs,125,8,1.0,0.75,2.594190e-03,2.814876,1.71097E+11,14.028200,3.479310,2.791141,-0.688169,
20260918-203652-4293920,nx8_wcs_125c_vce1.0v,wcs,hbt_wcs,125,8,1.0,0.77,3.894820e-03,4.226150,2.09508E+11,16.345700,3.169120,2.425389,-0.743731,
20260918-203652-4293920,nx8_wcs_125c_vce1.0v,wcs,hbt_wcs,125,8,1.0,0.79,5.589030e-03,6.064486,2.42412E+11,18.138600,2.997280,2.220684,-0.776596,
20260918-203652-4293920,nx8_wcs_125c_vce1.0v,wcs,hbt_wcs,125,8,1.0,0.81,7.677380e-03,8.330490,2.66942E+11,19.497900,2.907000,2.112505,-0.794495,
20260918-203652-4293920,nx8_wcs_125c_vce1.0v,wcs,hbt_wcs,125,8,1.0,0.83,1.013810e-02,11.000543,2.8504E+11,20.520400,2.872770,2.071371,-0.801399,
20260918-203652-4293920,nx8_wcs_125c_vce1.0v,wcs,hbt_wcs,125,8,1.0,0.85,1.293820e-02,14.038845,2.95524E+11,21.287700,2.883790,2.084620,-0.799170,
20260918-203652-4293920,nx8_wcs_125c_vce1.0v,wcs,hbt_wcs,125,8,1.0,0.87,1.604160e-02,17.406250,3.00869E+11,21.861400,2.935920,2.147207,-0.788713,
20260918-203652-4293920,nx8_wcs_125c_vce1.0v,wcs,hbt_wcs,125,8,1.0,0.89,1.941360e-02,21.065104,2.99482E+11,22.284100,3.027840,2.257202,-0.770638,
20260918-203652-4293920,nx8_wcs_125c_vce1.0v,wcs,hbt_wcs,125,8,1.0,0.91,2.302240e-02,24.980903,2.88741E+11,22.578900,3.159270,2.413696,-0.745574,
20260918-203652-4293920,nx8_wcs_125c_vce1.0v,wcs,hbt_wcs,125,8,1.0,0.93,2.683980e-02,29.123047,2.70828E+11,22.766900,3.330040,2.615717,-0.714323,ic_high
20260918-203652-4293920,nx8_wcs_125c_vce1.0v,wcs,hbt_wcs,125,8,1.0,0.95,3.084040e-02,33.463976,2.45561E+11,22.840400,3.539820,2.861956,-0.677864,ic_high
20260918-203652-4293920,nx8_wcs_125c_vce1.0v,wcs,hbt_wcs,125,8,1.0,0.97,3.499650e-02,37.973633,2.15908E+11,22.732500,3.788990,3.151841,-0.637149,ic_high;vbe_high
20260918-203652-4293920,nx8_wcs_125c_vce1.0v,wcs,hbt_wcs,125,8,1.0,0.99,3.924490e-02,42.583442,1.76451E+11,21.885700,4.087370,3.495549,-0.591821,ic_high;vbe_high
20260918-203652-4293920,nx8_wcs_125c_vce1.0v,wcs,hbt_wcs,125,8,1.0,1.01,4.336940e-02,47.058811,1.20811E+11,19.165300,4.471100,3.932569,-0.538531,ic_high;vbe_high
20260918-203652-4293920,nx8_wcs_125c_vce1.0v,wcs,hbt_wcs,125,8,1.0,1.03,4.714570e-02,51.156359,7.88638E+10,16.073700,4.940120,4.459889,-0.480231,ic_high;vbe_high
20260918-203652-4293920,nx8_wcs_125c_vce1.0v,wcs,hbt_wcs,125,8,1.0,1.05,5.064880e-02,54.957465,5.57128E+10,13.806800,5.457340,5.033750,-0.423590,ic_high;vbe_high
20260918-203652-4293920,nx8_wcs_125c_vce1.2v,wcs,hbt_wcs,125,8,1.2,0.55,1.295230e-05,0.014054,1.59913E+09,-27.309200,34.594900,34.594408,-0.000492,vbe_low
20260918-203652-4293920,nx8_wcs_125c_vce1.2v,wcs,hbt_wcs,125,8,1.2,0.57,2.266230e-05,0.024590,2.77524E+09,-23.422600,30.742000,30.740805,-0.001195,vbe_low
20260918-203652-4293920,nx8_wcs_125c_vce1.2v,wcs,hbt_wcs,125,8,1.2,0.59,3.962350e-05,0.042994,4.79552E+09,-18.965800,26.348300,26.345011,-0.003289,vbe_low
20260918-203652-4293920,nx8_wcs_125c_vce1.2v,wcs,hbt_wcs,125,8,1.2,0.61,6.919120e-05,0.075077,8.23078E+09,-14.300000,21.803400,21.794029,-0.009371,vbe_low
20260918-203652-4293920,nx8_wcs_125c_vce1.2v,wcs,hbt_wcs,125,8,1.2,0.63,1.205520e-04,0.130807,1.40572E+10,-9.600380,17.343000,17.316777,-0.026223,vbe_low
20260918-203652-4293920,nx8_wcs_125c_vce1.2v,wcs,hbt_wcs,125,8,1.2,0.65,2.092130e-04,0.227011,2.35942E+10,-4.959490,13.179500,13.110769,-0.068731,
20260918-203652-4293920,nx8_wcs_125c_vce1.2v,wcs,hbt_wcs,125,8,1.2,0.67,3.606360e-04,0.391315,3.88294E+10,-0.454854,9.586620,9.427792,-0.158828,
20260918-203652-4293920,nx8_wcs_125c_vce1.2v,wcs,hbt_wcs,125,8,1.2,0.69,6.146870e-04,0.666978,6.16399E+10,3.820690,6.849340,6.546082,-0.303258,
20260918-203652-4293920,nx8_wcs_125c_vce1.2v,wcs,hbt_wcs,125,8,1.2,0.71,1.029150e-03,1.116699,9.29945E+10,7.751720,5.059860,4.593416,-0.466444,
20260918-203652-4293920,nx8_wcs_125c_vce1.2v,wcs,hbt_wcs,125,8,1.2,0.73,1.678240e-03,1.821007,1.31859E+11,11.216100,4.028240,3.427719,-0.600521,
20260918-203652-4293920,nx8_wcs_125c_vce1.2v,wcs,hbt_wcs,125,8,1.2,0.75,2.641760e-03,2.866493,1.74304E+11,14.122500,3.466400,2.776010,-0.690390,
20260918-203652-4293920,nx8_wcs_125c_vce1.2v,wcs,hbt_wcs,125,8,1.2,0.77,3.986210e-03,4.325315,2.13796E+11,16.448200,3.160380,2.415014,-0.745366,
20260918-203652-4293920,nx8_wcs_125c_vce1.2v,wcs,hbt_wcs,125,8,1.2,0.79,5.748360e-03,6.237370,2.47409E+11,18.242700,2.992830,2.215362,-0.777468,
20260918-203652-4293920,nx8_wcs_125c_vce1.2v,wcs,hbt_wcs,125,8,1.2,0.81,7.931840e-03,8.606597,2.72754E+11,19.598300,2.908020,2.113729,-0.794291,
20260918-203652-4293920,nx8_wcs_125c_vce1.2v,wcs,hbt_wcs,125,8,1.2,0.83,1.051560e-02,11.410156,2.90737E+11,20.612500,2.881660,2.082060,-0.799600,
20260918-203652-4293920,nx8_wcs_125c_vce1.2v,wcs,hbt_wcs,125,8,1.2,0.85,1.346560e-02,14.611111,3.02319E+11,21.368100,2.904200,2.109142,-0.795058,
20260918-203652-4293920,nx8_wcs_125c_vce1.2v,wcs,hbt_wcs,125,8,1.2,0.87,1.674400e-02,18.168403,3.08702E+11,21.927800,2.972620,2.191179,-0.781441,
20260918-203652-4293920,nx8_wcs_125c_vce1.2v,wcs,hbt_wcs,125,8,1.2,0.89,2.031400e-02,22.042101,3.09472E+11,22.336200,3.086560,2.327232,-0.759328,
20260918-203652-4293920,nx8_wcs_125c_vce1.2v,wcs,hbt_wcs,125,8,1.2,0.91,2.414180e-02,26.195530,3.04428E+11,22.624000,3.246450,2.517012,-0.729438,ic_high
20260918-203652-4293920,nx8_wcs_125c_vce1.2v,wcs,hbt_wcs,125,8,1.2,0.93,2.819670e-02,30.595378,2.91919E+11,22.808700,3.452520,2.759734,-0.692786,ic_high
20260918-203652-4293920,nx8_wcs_125c_vce1.2v,wcs,hbt_wcs,125,8,1.2,0.95,3.245090e-02,35.211480,2.66689E+11,22.889100,3.704320,3.053639,-0.650681,ic_high
20260918-203652-4293920,nx8_wcs_125c_vce1.2v,wcs,hbt_wcs,125,8,1.2,0.97,3.687900e-02,40.016276,2.36841E+11,22.876000,4.000290,3.395609,-0.604681,ic_high;vbe_high
20260918-203652-4293920,nx8_wcs_125c_vce1.2v,wcs,hbt_wcs,125,8,1.2,0.99,4.145560e-02,44.982205,2.00417E+11,22.707700,4.338460,3.782112,-0.556348,ic_high;vbe_high
20260918-203652-4293920,nx8_wcs_125c_vce1.2v,wcs,hbt_wcs,125,8,1.2,1.01,4.613910e-02,50.064128,1.59892E+11,22.103700,4.720140,4.213445,-0.506695,ic_high;vbe_high
20260918-203652-4293920,nx8_wcs_125c_vce1.2v,wcs,hbt_wcs,125,8,1.2,1.03,5.077800e-02,55.097656,1.14776E+11,20.018000,5.166880,4.712405,-0.454475,ic_high;vbe_high
20260918-203652-4293920,nx8_wcs_125c_vce1.2v,wcs,hbt_wcs,125,8,1.2,1.05,5.509080e-02,59.777344,7.68975E+10,16.868900,5.694000,5.293944,-0.400056,ic_high;vbe_high
20260918-203652-4293920,nx8_wcs_125c_vce1.4v,wcs,hbt_wcs,125,8,1.4,0.55,1.298110e-05,0.014085,1.60866E+09,-27.334900,34.620800,34.620311,-0.000489,vbe_low
20260918-203652-4293920,nx8_wcs_125c_vce1.4v,wcs,hbt_wcs,125,8,1.4,0.57,2.271240e-05,0.024645,2.79256E+09,-23.423100,30.742700,30.741505,-0.001195,vbe_low
20260918-203652-4293920,nx8_wcs_125c_vce1.4v,wcs,hbt_wcs,125,8,1.4,0.59,3.971440e-05,0.043093,4.82752E+09,-18.954100,26.336900,26.333603,-0.003297,vbe_low
20260918-203652-4293920,nx8_wcs_125c_vce1.4v,wcs,hbt_wcs,125,8,1.4,0.61,6.936560e-05,0.075266,8.28836E+09,-14.282000,21.786100,21.776691,-0.009409,vbe_low
20260918-203652-4293920,nx8_wcs_125c_vce1.4v,wcs,hbt_wcs,125,8,1.4,0.63,1.209110e-04,0.131197,1.41578E+10,-9.577230,17.321400,17.295046,-0.026354,vbe_low
20260918-203652-4293920,nx8_wcs_125c_vce1.4v,wcs,hbt_wcs,125,8,1.4,0.65,2.100040e-04,0.227869,2.37968E+10,-4.929750,13.153700,13.084556,-0.069144,
20260918-203652-4293920,nx8_wcs_125c_vce1.4v,wcs,hbt_wcs,125,8,1.4,0.67,3.624800e-04,0.393316,3.91916E+10,-0.415724,9.557690,9.397781,-0.159909,
20260918-203652-4293920,nx8_wcs_125c_vce1.4v,wcs,hbt_wcs,125,8,1.4,0.69,6.191110e-04,0.671778,6.23118E+10,3.872520,6.820550,6.515202,-0.305348,
20260918-203652-4293920,nx8_wcs_125c_vce1.4v,wcs,hbt_wcs,125,8,1.4,0.71,1.039680e-03,1.128125,9.41864E+10,7.818550,5.035060,4.565795,-0.469265,
20260918-203652-4293920,nx8_wcs_125c_vce1.4v,wcs,hbt_wcs,125,8,1.4,0.73,1.702250e-03,1.847059,1.33875E+11,11.297100,4.009200,3.405848,-0.603352,
20260918-203652-4293920,nx8_wcs_125c_vce1.4v,wcs,hbt_wcs,125,8,1.4,0.75,2.692590e-03,2.921647,1.77122E+11,14.212800,3.452850,2.760121,-0.692729,
20260918-203652-4293920,nx8_wcs_125c_vce1.4v,wcs,hbt_wcs,125,8,1.4,0.77,4.084270e-03,4.431717,2.17572E+11,16.540600,3.151650,2.404648,-0.747002,
20260918-203652-4293920,nx8_wcs_125c_vce1.4v,wcs,hbt_wcs,125,8,1.4,0.79,5.920340e-03,6.423980,2.51555E+11,18.332100,2.988960,2.210733,-0.778227,
20260918-203652-4293920,nx8_wcs_125c_vce1.4v,wcs,hbt_wcs,125,8,1.4,0.81,8.208240e-03,8.906510,2.77358E+11,19.682900,2.910280,2.116443,-0.793837,
20260918-203652-4293920,nx8_wcs_125c_vce1.4v,wcs,hbt_wcs,125,8,1.4,0.83,1.092820e-02,11.857856,2.94983E+11,20.692000,2.892880,2.095545,-0.797335,
20260918-203652-4293920,nx8_wcs_125c_vce1.4v,wcs,hbt_wcs,125,8,1.4,0.85,1.404570e-02,15.240560,3.07154E+11,21.439800,2.928800,2.138668,-0.790132,
20260918-203652-4293920,nx8_wcs_125c_vce1.4v,wcs,hbt_wcs,125,8,1.4,0.87,1.752120e-02,19.011719,3.13254E+11,21.986000,3.016520,2.243681,-0.772839,
20260918-203652-4293920,nx8_wcs_125c_vce1.4v,wcs,hbt_wcs,125,8,1.4,0.89,2.131550e-02,23.128798,3.13827E+11,22.374600,3.156900,2.410882,-0.746018,
20260918-203652-4293920,nx8_wcs_125c_vce1.4v,wcs,hbt_wcs,125,8,1.4,0.91,2.539170e-02,27.551758,3.08927E+11,22.638300,3.351140,2.640578,-0.710562,ic_high
20260918-203652-4293920,nx8_wcs_125c_vce1.4v,wcs,hbt_wcs,125,8,1.4,0.93,2.971620e-02,32.244141,2.97856E+11,22.799500,3.599750,2.931929,-0.667821,ic_high
20260918-203652-4293920,nx8_wcs_125c_vce1.4v,wcs,hbt_wcs,125,8,1.4,0.95,3.425780e-02,37.172092,2.81623E+11,22.870900,3.901890,3.282315,-0.619575,ic_high
20260918-203652-4293920,nx8_wcs_125c_vce1.4v,wcs,hbt_wcs,125,8,1.4,0.97,3.898720e-02,42.303819,2.49076E+11,22.834500,4.255230,3.687382,-0.567848,ic_high;vbe_high
20260918-203652-4293920,nx8_wcs_125c_vce1.4v,wcs,hbt_wcs,125,8,1.4,0.99,4.387550e-02,47.607964,2.08432E+11,22.682300,4.655740,4.141009,-0.514731,ic_high;vbe_high
20260918-203652-4293920,nx8_wcs_125c_vce1.4v,wcs,hbt_wcs,125,8,1.4,1.01,4.889330e-02,53.052626,1.66833E+11,22.363800,5.098420,4.636326,-0.462094,ic_high;vbe_high
20260918-203652-4293920,nx8_wcs_125c_vce1.4v,wcs,hbt_wcs,125,8,1.4,1.03,5.399630e-02,58.589735,1.21184E+11,21.474500,5.581100,5.169993,-0.411107,ic_high;vbe_high
20260918-203652-4293920,nx8_wcs_125c_vce1.4v,wcs,hbt_wcs,125,8,1.4,1.05,5.903820e-02,64.060547,8.30099E+10,19.222000,6.117280,5.755966,-0.361314,ic_high;vbe_high
20260918-203652-4293920,nx8_sf_-40c_vce0.6v,sf,hbt_typ,-40,8,0.6,0.55,3.038460e-10,0.000000,,-33.187300,38.107300,38.107450,0.000150,vbe_low
20260918-203652-4293920,nx8_sf_-40c_vce0.6v,sf,hbt_typ,-40,8,0.6,0.57,8.126550e-10,0.000001,,-33.168200,38.088300,38.088451,0.000151,vbe_low
20260918-203652-4293920,nx8_sf_-40c_vce0.6v,sf,hbt_typ,-40,8,0.6,0.59,2.173690e-09,0.000002,,-33.148600,38.068700,38.068851,0.000151,vbe_low
20260918-203652-4293920,nx8_sf_-40c_vce0.6v,sf,hbt_typ,-40,8,0.6,0.61,5.814250e-09,0.000006,1.44581E+06,-33.128400,38.048500,38.048652,0.000152,vbe_low
20260918-203652-4293920,nx8_sf_-40c_vce0.6v,sf,hbt_typ,-40,8,0.6,0.63,1.555210e-08,0.000017,3.84967E+06,-33.107500,38.027600,38.027753,0.000153,vbe_low
20260918-203652-4293920,nx8_sf_-40c_vce0.6v,sf,hbt_typ,-40,8,0.6,0.65,4.159850e-08,0.000045,1.02283E+07,-33.085500,38.005800,38.005953,0.000153,
20260918-203652-4293920,nx8_sf_-40c_vce0.6v,sf,hbt_typ,-40,8,0.6,0.67,1.112650e-07,0.000121,2.72325E+07,-33.060500,37.981100,37.981254,0.000154,
20260918-203652-4293920,nx8_sf_-40c_vce0.6v,sf,hbt_typ,-40,8,0.6,0.69,2.975920e-07,0.000323,7.22296E+07,-33.020000,37.941600,37.941756,0.000156,
20260918-203652-4293920,nx8_sf_-40c_vce0.6v,sf,hbt_typ,-40,8,0.6,0.71,7.958940e-07,0.000864,1.92248E+08,-32.879800,37.804100,37.804261,0.000161,
20260918-203652-4293920,nx8_sf_-40c_vce0.6v,sf,hbt_typ,-40,8,0.6,0.73,2.128220e-06,0.002309,5.09358E+08,-32.122800,37.054400,37.054591,0.000191,
20260918-203652-4293920,nx8_sf_-40c_vce0.6v,sf,hbt_typ,-40,8,0.6,0.75,5.688490e-06,0.006172,1.35099E+09,-28.895800,33.847800,33.848200,0.000400,
20260918-203652-4293920,nx8_sf_-40c_vce0.6v,sf,hbt_typ,-40,8,0.6,0.77,1.518790e-05,0.016480,3.56382E+09,-22.184100,27.195500,27.197349,0.001849,
20260918-203652-4293920,nx8_sf_-40c_vce0.6v,sf,hbt_typ,-40,8,0.6,0.79,4.043140e-05,0.043871,9.31011E+09,-14.066600,19.269100,19.280556,0.011456,
20260918-203652-4293920,nx8_sf_-40c_vce0.6v,sf,hbt_typ,-40,8,0.6,0.81,1.067920e-04,0.115877,2.38863E+10,-5.824000,11.705000,11.769978,0.064978,
20260918-203652-4293920,nx8_sf_-40c_vce0.6v,sf,hbt_typ,-40,8,0.6,0.83,2.764810e-04,0.300001,5.81921E+10,2.077750,5.967400,6.206067,0.238667,
20260918-203652-4293920,nx8_sf_-40c_vce0.6v,sf,hbt_typ,-40,8,0.6,0.85,6.831740e-04,0.741291,1.27344E+11,9.146640,3.137020,3.583990,0.446970,
20260918-203652-4293920,nx8_sf_-40c_vce0.6v,sf,hbt_typ,-40,8,0.6,0.87,1.542850e-03,1.674099,2.30825E+11,14.774000,2.173150,2.724404,0.551254,
20260918-203652-4293920,nx8_sf_-40c_vce0.6v,sf,hbt_typ,-40,8,0.6,0.89,3.059430e-03,3.319694,3.36004E+11,18.666400,1.844050,2.435869,0.591819,
20260918-203652-4293920,nx8_sf_-40c_vce0.6v,sf,hbt_typ,-40,8,0.6,0.91,5.286910e-03,5.736664,4.13E+11,21.119800,1.701670,2.311889,0.610219,
20260918-203652-4293920,nx8_sf_-40c_vce0.6v,sf,hbt_typ,-40,8,0.6,0.93,8.139350e-03,8.831760,4.58514E+11,22.650600,1.624370,2.244800,0.620430,
20260918-203652-4293920,nx8_sf_-40c_vce0.6v,sf,hbt_typ,-40,8,0.6,0.95,1.149310e-02,12.470812,4.80273E+11,23.646400,1.578300,2.204892,0.626592,
20260918-203652-4293920,nx8_sf_-40c_vce0.6v,sf,hbt_typ,-40,8,0.6,0.97,1.524410e-02,16.540907,4.8578E+11,24.328700,1.552900,2.182913,0.630013,vbe_high
20260918-203652-4293920,nx8_sf_-40c_vce0.6v,sf,hbt_typ,-40,8,0.6,0.99,1.931640e-02,20.959635,4.78279E+11,24.816900,1.544410,2.175570,0.631160,vbe_high
20260918-203652-4293920,nx8_sf_-40c_vce0.6v,sf,hbt_typ,-40,8,0.6,1.01,2.365670e-02,25.669162,4.58671E+11,25.143200,1.551740,2.181909,0.630169,vbe_high
20260918-203652-4293920,nx8_sf_-40c_vce0.6v,sf,hbt_typ,-40,8,0.6,1.03,2.817230e-02,30.568902,3.25729E+11,24.138700,1.586530,2.212017,0.625487,ic_high;vbe_high
20260918-203652-4293920,nx8_sf_-40c_vce0.6v,sf,hbt_typ,-40,8,0.6,1.05,3.209820e-02,34.828776,6.22829E+10,15.489900,1.804230,2.401142,0.596912,ic_high;vbe_high
20260918-203652-4293920,nx8_sf_-40c_vce0.8v,sf,hbt_typ,-40,8,0.8,0.55,3.043320e-10,0.000000,,-33.352700,38.273000,38.273144,0.000144,vbe_low
20260918-203652-4293920,nx8_sf_-40c_vce0.8v,sf,hbt_typ,-40,8,0.8,0.57,8.136180e-10,0.000001,,-33.337900,38.258100,38.258245,0.000145,vbe_low
20260918-203652-4293920,nx8_sf_-40c_vce0.8v,sf,hbt_typ,-40,8,0.8,0.59,2.175920e-09,0.000002,,-33.322700,38.243000,38.243145,0.000145,vbe_low
20260918-203652-4293920,nx8_sf_-40c_vce0.8v,sf,hbt_typ,-40,8,0.8,0.61,5.819890e-09,0.000006,1.45646E+06,-33.307200,38.227400,38.227546,0.000146,vbe_low
20260918-203652-4293920,nx8_sf_-40c_vce0.8v,sf,hbt_typ,-40,8,0.8,0.63,1.556680e-08,0.000017,3.87657E+06,-33.291100,38.211500,38.211646,0.000146,vbe_low
20260918-203652-4293920,nx8_sf_-40c_vce0.8v,sf,hbt_typ,-40,8,0.8,0.65,4.163750e-08,0.000045,1.03079E+07,-33.274300,38.194800,38.194947,0.000147,
20260918-203652-4293920,nx8_sf_-40c_vce0.8v,sf,hbt_typ,-40,8,0.8,0.67,1.113690e-07,0.000121,2.74339E+07,-33.254600,38.175500,38.175648,0.000148,
20260918-203652-4293920,nx8_sf_-40c_vce0.8v,sf,hbt_typ,-40,8,0.8,0.69,2.978720e-07,0.000323,7.28284E+07,-33.219100,38.140900,38.141049,0.000149,
20260918-203652-4293920,nx8_sf_-40c_vce0.8v,sf,hbt_typ,-40,8,0.8,0.71,7.966510e-07,0.000864,1.93766E+08,-33.079300,38.003800,38.003954,0.000154,
20260918-203652-4293920,nx8_sf_-40c_vce0.8v,sf,hbt_typ,-40,8,0.8,0.73,2.130310e-06,0.002312,5.13241E+08,-32.294800,37.226600,37.226784,0.000184,
20260918-203652-4293920,nx8_sf_-40c_vce0.8v,sf,hbt_typ,-40,8,0.8,0.75,5.694550e-06,0.006179,1.3626E+09,-28.975000,33.927300,33.927692,0.000392,
20260918-203652-4293920,nx8_sf_-40c_vce0.8v,sf,hbt_typ,-40,8,0.8,0.77,1.520720e-05,0.016501,3.59414E+09,-22.192700,27.204400,27.206245,0.001845,
20260918-203652-4293920,nx8_sf_-40c_vce0.8v,sf,hbt_typ,-40,8,0.8,0.79,4.050280e-05,0.043948,9.4058E+09,-14.054700,19.258100,19.269585,0.011485,
20260918-203652-4293920,nx8_sf_-40c_vce0.8v,sf,hbt_typ,-40,8,0.8,0.81,1.071090e-04,0.116221,2.41610E+10,-5.800370,11.685400,11.750670,0.065270,
20260918-203652-4293920,nx8_sf_-40c_vce0.8v,sf,hbt_typ,-40,8,0.8,0.83,2.780460e-04,0.301699,5.89441E+10,2.120680,5.943910,6.183836,0.239926,
20260918-203652-4293920,nx8_sf_-40c_vce0.8v,sf,hbt_typ,-40,8,0.8,0.85,6.907060e-04,0.749464,1.29557E+11,9.221140,3.119430,3.568124,0.448694,
20260918-203652-4293920,nx8_sf_-40c_vce0.8v,sf,hbt_typ,-40,8,0.8,0.87,1.572900e-03,1.706706,2.35746E+11,14.882500,2.162430,2.714963,0.552533,
20260918-203652-4293920,nx8_sf_-40c_vce0.8v,sf,hbt_typ,-40,8,0.8,0.89,3.149090e-03,3.416981,3.45413E+11,18.792300,1.836890,2.429622,0.592732,
20260918-203652-4293920,nx8_sf_-40c_vce0.8v,sf,hbt_typ,-40,8,0.8,0.91,5.488280e-03,5.955165,4.23791E+11,21.245100,1.696080,2.307032,0.610952,
20260918-203652-4293920,nx8_sf_-40c_vce0.8v,sf,hbt_typ,-40,8,0.8,0.93,8.505760e-03,9.229340,4.70292E+11,22.769500,1.620020,2.241030,0.621010,
20260918-203652-4293920,nx8_sf_-40c_vce0.8v,sf,hbt_typ,-40,8,0.8,0.95,1.207400e-02,13.101128,4.95376E+11,23.760600,1.576130,2.203013,0.626883,
20260918-203652-4293920,nx8_sf_-40c_vce0.8v,sf,hbt_typ,-40,8,0.8,0.97,1.608370e-02,17.451931,5.03424E+11,24.443500,1.554770,2.184530,0.629760,vbe_high
20260918-203652-4293920,nx8_sf_-40c_vce0.8v,sf,hbt_typ,-40,8,0.8,0.99,2.045870e-02,22.199110,4.98799E+11,24.937000,1.552990,2.182991,0.630001,vbe_high
20260918-203652-4293920,nx8_sf_-40c_vce0.8v,sf,hbt_typ,-40,8,0.8,1.01,2.514370e-02,27.282661,4.80848E+11,25.304100,1.570190,2.197872,0.627682,ic_high;vbe_high
20260918-203652-4293920,nx8_sf_-40c_vce0.8v,sf,hbt_typ,-40,8,0.8,1.03,3.010150e-02,32.662218,4.53848E+11,25.579700,1.606840,2.229608,0.622768,ic_high;vbe_high
20260918-203652-4293920,nx8_sf_-40c_vce0.8v,sf,hbt_typ,-40,8,0.8,1.05,3.530100e-02,38.304036,4.07344E+11,25.683200,1.664860,2.279922,0.615062,ic_high;vbe_high
20260918-203652-4293920,nx8_sf_-40c_vce1.0v,sf,hbt_typ,-40,8,1.0,0.55,3.048250e-10,0.000000,,-33.485300,38.405700,38.405840,0.000140,vbe_low
20260918-203652-4293920,nx8_sf_-40c_vce1.0v,sf,hbt_typ,-40,8,1.0,0.57,8.145940e-10,0.000001,,-33.473200,38.393600,38.393740,0.000140,vbe_low
20260918-203652-4293920,nx8_sf_-40c_vce1.0v,sf,hbt_typ,-40,8,1.0,0.59,2.178180e-09,0.000002,,-33.460800,38.381200,38.381341,0.000141,vbe_low
20260918-203652-4293920,nx8_sf_-40c_vce1.0v,sf,hbt_typ,-40,8,1.0,0.61,5.825550e-09,0.000006,1.46506E+06,-33.448200,38.368600,38.368741,0.000141,vbe_low
20260918-203652-4293920,nx8_sf_-40c_vce1.0v,sf,hbt_typ,-40,8,1.0,0.63,1.558150e-08,0.000017,3.89822E+06,-33.435200,38.355700,38.355842,0.000142,vbe_low
20260918-203652-4293920,nx8_sf_-40c_vce1.0v,sf,hbt_typ,-40,8,1.0,0.65,4.167630e-08,0.000045,1.03715E+07,-33.421600,38.342200,38.342342,0.000142,
20260918-203652-4293920,nx8_sf_-40c_vce1.0v,sf,hbt_typ,-40,8,1.0,0.67,1.114720e-07,0.000121,2.7594E+07,-33.405100,38.326100,38.326243,0.000143,
20260918-203652-4293920,nx8_sf_-40c_vce1.0v,sf,hbt_typ,-40,8,1.0,0.69,2.981470e-07,0.000324,7.32997E+07,-33.372300,38.294300,38.294444,0.000144,
20260918-203652-4293920,nx8_sf_-40c_vce1.0v,sf,hbt_typ,-40,8,1.0,0.71,7.973940e-07,0.000865,1.94954E+08,-33.231600,38.156300,38.156448,0.000148,
20260918-203652-4293920,nx8_sf_-40c_vce1.0v,sf,hbt_typ,-40,8,1.0,0.73,2.132360e-06,0.002314,5.16564E+08,-32.423900,37.355900,37.356078,0.000178,
20260918-203652-4293920,nx8_sf_-40c_vce1.0v,sf,hbt_typ,-40,8,1.0,0.75,5.700480e-06,0.006185,1.37158E+09,-29.031600,33.984000,33.984387,0.000387,
20260918-203652-4293920,nx8_sf_-40c_vce1.0v,sf,hbt_typ,-40,8,1.0,0.77,1.522610e-05,0.016521,3.61757E+09,-22.196100,27.208200,27.210043,0.001843,
20260918-203652-4293920,nx8_sf_-40c_vce1.0v,sf,hbt_typ,-40,8,1.0,0.79,4.057350e-05,0.044025,9.47994E+09,-14.042300,19.246500,19.258016,0.011516,
20260918-203652-4293920,nx8_sf_-40c_vce1.0v,sf,hbt_typ,-40,8,1.0,0.81,1.074240e-04,0.116562,2.43777E+10,-5.776900,11.665700,11.731264,0.065564,
20260918-203652-4293920,nx8_sf_-40c_vce1.0v,sf,hbt_typ,-40,8,1.0,0.83,2.796260e-04,0.303414,5.96574E+10,2.163550,5.920460,6.161650,0.241190,
20260918-203652-4293920,nx8_sf_-40c_vce1.0v,sf,hbt_typ,-40,8,1.0,0.85,6.984370e-04,0.757853,1.31411E+11,9.296290,3.101790,3.552218,0.450428,
20260918-203652-4293920,nx8_sf_-40c_vce1.0v,sf,hbt_typ,-40,8,1.0,0.87,1.604470e-03,1.740961,2.40801E+11,14.993000,2.151610,2.705437,0.553827,
20260918-203652-4293920,nx8_sf_-40c_vce1.0v,sf,hbt_typ,-40,8,1.0,0.89,3.245460e-03,3.521549,3.53044E+11,18.921100,1.829580,2.423245,0.593665,
20260918-203652-4293920,nx8_sf_-40c_vce1.0v,sf,hbt_typ,-40,8,1.0,0.91,5.708650e-03,6.194282,4.33327E+11,21.373000,1.690370,2.302072,0.611702,
20260918-203652-4293920,nx8_sf_-40c_vce1.0v,sf,hbt_typ,-40,8,1.0,0.93,8.913270e-03,9.671517,4.80011E+11,22.890200,1.615770,2.237346,0.621576,
20260918-203652-4293920,nx8_sf_-40c_vce1.0v,sf,hbt_typ,-40,8,1.0,0.95,1.272740e-02,13.810113,5.04386E+11,23.875500,1.574710,2.201784,0.627074,
20260918-203652-4293920,nx8_sf_-40c_vce1.0v,sf,hbt_typ,-40,8,1.0,0.97,1.703910e-02,18.488607,5.11825E+11,24.555800,1.558750,2.187973,0.629223,vbe_high
20260918-203652-4293920,nx8_sf_-40c_vce1.0v,sf,hbt_typ,-40,8,1.0,0.99,2.177090e-02,23.622938,5.06959E+11,25.049500,1.566090,2.194324,0.628234,vbe_high
20260918-203652-4293920,nx8_sf_-40c_vce1.0v,sf,hbt_typ,-40,8,1.0,1.01,2.686890e-02,29.154622,4.8995E+11,25.419700,1.597340,2.221378,0.624038,ic_high;vbe_high
20260918-203652-4293920,nx8_sf_-40c_vce1.0v,sf,hbt_typ,-40,8,1.0,1.03,3.229530e-02,35.042643,4.60248E+11,25.699300,1.654250,2.270714,0.616464,ic_high;vbe_high
20260918-203652-4293920,nx8_sf_-40c_vce1.0v,sf,hbt_typ,-40,8,1.0,1.05,3.802530e-02,41.260091,4.18464E+11,25.904700,1.739260,2.344570,0.605310,ic_high;vbe_high
20260918-203652-4293920,nx8_sf_-40c_vce1.2v,sf,hbt_typ,-40,8,1.2,0.55,3.053650e-10,0.000000,,-33.595800,38.516300,38.516436,0.000136,vbe_low
20260918-203652-4293920,nx8_sf_-40c_vce1.2v,sf,hbt_typ,-40,8,1.2,0.57,8.156810e-10,0.000001,,-33.585500,38.506100,38.506237,0.000137,vbe_low
20260918-203652-4293920,nx8_sf_-40c_vce1.2v,sf,hbt_typ,-40,8,1.2,0.59,2.180690e-09,0.000002,,-33.575100,38.495600,38.495737,0.000137,vbe_low
20260918-203652-4293920,nx8_sf_-40c_vce1.2v,sf,hbt_typ,-40,8,1.2,0.61,5.831810e-09,0.000006,1.47249E+06,-33.564500,38.485000,38.485137,0.000137,vbe_low
20260918-203652-4293920,nx8_sf_-40c_vce1.2v,sf,hbt_typ,-40,8,1.2,0.63,1.559760e-08,0.000017,3.91679E+06,-33.553600,38.474200,38.474338,0.000138,vbe_low
20260918-203652-4293920,nx8_sf_-40c_vce1.2v,sf,hbt_typ,-40,8,1.2,0.65,4.171820e-08,0.000045,1.04257E+07,-33.542100,38.462800,38.462938,0.000138,
20260918-203652-4293920,nx8_sf_-40c_vce1.2v,sf,hbt_typ,-40,8,1.2,0.67,1.115820e-07,0.000121,2.77293E+07,-33.527800,38.448900,38.449039,0.000139,
20260918-203652-4293920,nx8_sf_-40c_vce1.2v,sf,hbt_typ,-40,8,1.2,0.69,2.984380e-07,0.000324,7.36958E+07,-33.496800,38.418900,38.419040,0.000140,
20260918-203652-4293920,nx8_sf_-40c_vce1.2v,sf,hbt_typ,-40,8,1.2,0.71,7.981710e-07,0.000866,1.95947E+08,-33.354500,38.279300,38.279444,0.000144,
20260918-203652-4293920,nx8_sf_-40c_vce1.2v,sf,hbt_typ,-40,8,1.2,0.73,2.134490e-06,0.002316,5.1949E+08,-32.526700,37.458900,37.459074,0.000174,
20260918-203652-4293920,nx8_sf_-40c_vce1.2v,sf,hbt_typ,-40,8,1.2,0.75,5.706560e-06,0.006192,1.37902E+09,-29.074500,34.027100,34.027484,0.000384,
20260918-203652-4293920,nx8_sf_-40c_vce1.2v,sf,hbt_typ,-40,8,1.2,0.77,1.524530e-05,0.016542,3.63696E+09,-22.196400,27.208800,27.210643,0.001843,
20260918-203652-4293920,nx8_sf_-40c_vce1.2v,sf,hbt_typ,-40,8,1.2,0.79,4.064480e-05,0.044102,9.54165E+09,-14.029300,19.234300,19.245848,0.011548,
20260918-203652-4293920,nx8_sf_-40c_vce1.2v,sf,hbt_typ,-40,8,1.2,0.81,1.077430e-04,0.116909,2.45613E+10,-5.753290,11.645900,11.711762,0.065862,
20260918-203652-4293920,nx8_sf_-40c_vce1.2v,sf,hbt_typ,-40,8,1.2,0.83,2.812300e-04,0.305154,6.02789E+10,2.206720,5.896840,6.139309,0.242469,
20260918-203652-4293920,nx8_sf_-40c_vce1.2v,sf,hbt_typ,-40,8,1.2,0.85,7.064010e-04,0.766494,1.33234E+11,9.372490,3.084000,3.536184,0.452184,
20260918-203652-4293920,nx8_sf_-40c_vce1.2v,sf,hbt_typ,-40,8,1.2,0.87,1.637710e-03,1.777029,2.45351E+11,15.105800,2.140650,2.695791,0.555141,
20260918-203652-4293920,nx8_sf_-40c_vce1.2v,sf,hbt_typ,-40,8,1.2,0.89,3.349380e-03,3.634310,3.59781E+11,19.052700,1.822130,2.416748,0.594618,
20260918-203652-4293920,nx8_sf_-40c_vce1.2v,sf,hbt_typ,-40,8,1.2,0.91,5.951720e-03,6.458030,4.41392E+11,21.503900,1.684530,2.296999,0.612469,
20260918-203652-4293920,nx8_sf_-40c_vce1.2v,sf,hbt_typ,-40,8,1.2,0.93,9.369900e-03,10.166992,4.87967E+11,23.014300,1.611700,2.233819,0.622119,
20260918-203652-4293920,nx8_sf_-40c_vce1.2v,sf,hbt_typ,-40,8,1.2,0.95,1.347120e-02,14.617188,5.10764E+11,23.994200,1.574360,2.201481,0.627121,
20260918-203652-4293920,nx8_sf_-40c_vce1.2v,sf,hbt_typ,-40,8,1.2,0.97,1.813910e-02,19.682183,5.16596E+11,24.671500,1.565710,2.193995,0.628285,vbe_high
20260918-203652-4293920,nx8_sf_-40c_vce1.2v,sf,hbt_typ,-40,8,1.2,0.99,2.330260e-02,25.284939,5.09514E+11,25.163400,1.585600,2.211212,0.625612,vbe_high
20260918-203652-4293920,nx8_sf_-40c_vce1.2v,sf,hbt_typ,-40,8,1.2,1.01,2.890400e-02,31.362847,4.89159E+11,25.531300,1.636510,2.255326,0.618816,ic_high;vbe_high
20260918-203652-4293920,nx8_sf_-40c_vce1.2v,sf,hbt_typ,-40,8,1.2,1.03,3.491180e-02,37.881727,4.56191E+11,25.807800,1.722230,2.329759,0.607529,ic_high;vbe_high
20260918-203652-4293920,nx8_sf_-40c_vce1.2v,sf,hbt_typ,-40,8,1.2,1.05,4.130340e-02,44.817057,4.10798E+11,26.007400,1.847280,2.438688,0.591408,ic_high;vbe_high
20260918-203652-4293920,nx8_sf_-40c_vce1.4v,sf,hbt_typ,-40,8,1.4,0.55,3.060350e-10,0.000000,,-33.690300,38.611000,38.611133,0.000133,vbe_low
20260918-203652-4293920,nx8_sf_-40c_vce1.4v,sf,hbt_typ,-40,8,1.4,0.57,8.170870e-10,0.000001,,-33.681500,38.602100,38.602234,0.000134,vbe_low
20260918-203652-4293920,nx8_sf_-40c_vce1.4v,sf,hbt_typ,-40,8,1.4,0.59,2.183990e-09,0.000002,,-33.672500,38.593100,38.593234,0.000134,vbe_low
20260918-203652-4293920,nx8_sf_-40c_vce1.4v,sf,hbt_typ,-40,8,1.4,0.61,5.839980e-09,0.000006,1.47944E+06,-33.663300,38.584000,38.584134,0.000134,vbe_low
20260918-203652-4293920,nx8_sf_-40c_vce1.4v,sf,hbt_typ,-40,8,1.4,0.63,1.561830e-08,0.000017,3.93402E+06,-33.654000,38.574700,38.574835,0.000135,vbe_low
20260918-203652-4293920,nx8_sf_-40c_vce1.4v,sf,hbt_typ,-40,8,1.4,0.65,4.177150e-08,0.000045,1.04754E+07,-33.644000,38.564900,38.565035,0.000135,
20260918-203652-4293920,nx8_sf_-40c_vce1.4v,sf,hbt_typ,-40,8,1.4,0.67,1.117190e-07,0.000121,2.78527E+07,-33.631200,38.552500,38.552635,0.000135,
20260918-203652-4293920,nx8_sf_-40c_vce1.4v,sf,hbt_typ,-40,8,1.4,0.69,2.987950e-07,0.000324,7.40536E+07,-33.601300,38.523600,38.523736,0.000136,
20260918-203652-4293920,nx8_sf_-40c_vce1.4v,sf,hbt_typ,-40,8,1.4,0.71,7.991070e-07,0.000867,1.96838E+08,-33.457300,38.382300,38.382441,0.000141,
20260918-203652-4293920,nx8_sf_-40c_vce1.4v,sf,hbt_typ,-40,8,1.4,0.73,2.136990e-06,0.002319,5.22098E+08,-32.611500,37.543800,37.543971,0.000171,
20260918-203652-4293920,nx8_sf_-40c_vce1.4v,sf,hbt_typ,-40,8,1.4,0.75,5.713540e-06,0.006200,1.3856E+09,-29.107600,34.060400,34.060781,0.000381,
20260918-203652-4293920,nx8_sf_-40c_vce1.4v,sf,hbt_typ,-40,8,1.4,0.77,1.526670e-05,0.016565,3.65410E+09,-22.193700,27.206300,27.208144,0.001844,
20260918-203652-4293920,nx8_sf_-40c_vce1.4v,sf,hbt_typ,-40,8,1.4,0.79,4.072130e-05,0.044185,9.59629E+09,-14.015000,19.220700,19.232284,0.011584,
20260918-203652-4293920,nx8_sf_-40c_vce1.4v,sf,hbt_typ,-40,8,1.4,0.81,1.080750e-04,0.117269,2.4726E+10,-5.728530,11.625000,11.691177,0.066177,
20260918-203652-4293920,nx8_sf_-40c_vce1.4v,sf,hbt_typ,-40,8,1.4,0.83,2.828870e-04,0.306952,6.08476E+10,2.251430,5.872220,6.116030,0.243810,
20260918-203652-4293920,nx8_sf_-40c_vce1.4v,sf,hbt_typ,-40,8,1.4,0.85,7.146840e-04,0.775482,1.35095E+11,9.451160,3.065550,3.519562,0.454012,
20260918-203652-4293920,nx8_sf_-40c_vce1.4v,sf,hbt_typ,-40,8,1.4,0.87,1.673020e-03,1.815343,2.49625E+11,15.221800,2.129260,2.685769,0.556509,
20260918-203652-4293920,nx8_sf_-40c_vce1.4v,sf,hbt_typ,-40,8,1.4,0.89,3.462540e-03,3.757096,3.66027E+11,19.186000,1.814380,2.409990,0.595610,
20260918-203652-4293920,nx8_sf_-40c_vce1.4v,sf,hbt_typ,-40,8,1.4,0.91,6.221870e-03,6.751161,4.48608E+11,21.633000,1.678550,2.291807,0.613257,
20260918-203652-4293920,nx8_sf_-40c_vce1.4v,sf,hbt_typ,-40,8,1.4,0.93,9.886630e-03,10.727680,4.94665E+11,23.134800,1.607970,2.230587,0.622617,
20260918-203652-4293920,nx8_sf_-40c_vce1.4v,sf,hbt_typ,-40,8,1.4,0.95,1.432270e-02,15.541124,5.1553E+11,24.111800,1.575610,2.202563,0.626953,
20260918-203652-4293920,nx8_sf_-40c_vce1.4v,sf,hbt_typ,-40,8,1.4,0.97,1.942790e-02,21.080621,5.19092E+11,24.789400,1.576970,2.203740,0.626770,vbe_high
20260918-203652-4293920,nx8_sf_-40c_vce1.4v,sf,hbt_typ,-40,8,1.4,0.99,2.511860e-02,27.255425,5.08423E+11,25.280400,1.614500,2.236246,0.621746,ic_high;vbe_high
20260918-203652-4293920,nx8_sf_-40c_vce1.4v,sf,hbt_typ,-40,8,1.4,1.01,3.135340e-02,34.020616,4.82069E+11,25.643000,1.693600,2.304878,0.611278,ic_high;vbe_high
20260918-203652-4293920,nx8_sf_-40c_vce1.4v,sf,hbt_typ,-40,8,1.4,1.03,3.810550e-02,41.347114,4.42622E+11,25.908100,1.821350,2.416067,0.594717,ic_high;vbe_high
20260918-203652-4293920,nx8_sf_-40c_vce1.4v,sf,hbt_typ,-40,8,1.4,1.05,4.535830e-02,49.216905,3.91154E+11,26.089800,2.005570,2.577143,0.571573,ic_high;vbe_high
20260918-203652-4293920,nx8_sf_125c_vce0.6v,sf,hbt_typ,125,8,0.6,0.55,1.743950e-05,0.018923,2.39138E+09,-25.358100,32.658900,32.658131,-0.000769,vbe_low
20260918-203652-4293920,nx8_sf_125c_vce0.6v,sf,hbt_typ,125,8,0.6,0.57,3.050100e-05,0.033096,4.13138E+09,-21.094100,28.441500,28.439469,-0.002031,vbe_low
20260918-203652-4293920,nx8_sf_125c_vce0.6v,sf,hbt_typ,125,8,0.6,0.59,5.328980e-05,0.057823,7.13025E+09,-16.486400,23.921400,23.915648,-0.005752,vbe_low
20260918-203652-4293920,nx8_sf_125c_vce0.6v,sf,hbt_typ,125,8,0.6,0.61,9.293630e-05,0.100842,1.22057E+10,-11.778500,19.383700,19.367327,-0.016373,vbe_low
20260918-203652-4293920,nx8_sf_125c_vce0.6v,sf,hbt_typ,125,8,0.6,0.63,1.615710e-04,0.175316,2.06199E+10,-7.085640,15.029000,14.984228,-0.044772,vbe_low
20260918-203652-4293920,nx8_sf_125c_vce0.6v,sf,hbt_typ,125,8,0.6,0.65,2.793900e-04,0.303158,3.43048E+10,-2.481530,11.089900,10.978147,-0.111753,
20260918-203652-4293920,nx8_sf_125c_vce0.6v,sf,hbt_typ,125,8,0.6,0.67,4.788200e-04,0.519553,5.5401E+10,1.957570,7.861340,7.622885,-0.238455,
20260918-203652-4293920,nx8_sf_125c_vce0.6v,sf,hbt_typ,125,8,0.6,0.69,8.088950e-04,0.877707,8.56951E+10,6.135330,5.566110,5.153511,-0.412599,
20260918-203652-4293920,nx8_sf_125c_vce0.6v,sf,hbt_typ,125,8,0.6,0.71,1.337120e-03,1.450868,1.25417E+11,9.937510,4.157200,3.575481,-0.581719,
20260918-203652-4293920,nx8_sf_125c_vce0.6v,sf,hbt_typ,125,8,0.6,0.73,2.144270e-03,2.326682,1.71038E+11,13.255200,3.368580,2.661111,-0.707469,
20260918-203652-4293920,nx8_sf_125c_vce0.6v,sf,hbt_typ,125,8,0.6,0.75,3.309760e-03,3.591319,2.16878E+11,16.022500,2.934080,2.145000,-0.789080,
20260918-203652-4293920,nx8_sf_125c_vce0.6v,sf,hbt_typ,125,8,0.6,0.77,4.892850e-03,5.309082,2.56422E+11,18.240900,2.685980,1.845728,-0.840252,
20260918-203652-4293920,nx8_sf_125c_vce0.6v,sf,hbt_typ,125,8,0.6,0.79,6.921130e-03,7.509907,2.85093E+11,19.969700,2.538260,1.665815,-0.872445,
20260918-203652-4293920,nx8_sf_125c_vce0.6v,sf,hbt_typ,125,8,0.6,0.81,9.391910e-03,10.190875,3.00974E+11,21.295000,2.450690,1.558519,-0.892171,
20260918-203652-4293920,nx8_sf_125c_vce0.6v,sf,hbt_typ,125,8,0.6,0.83,1.228180e-02,13.326606,3.07723E+11,22.302400,2.405300,1.502711,-0.902589,
20260918-203652-4293920,nx8_sf_125c_vce0.6v,sf,hbt_typ,125,8,0.6,0.85,1.555640e-02,16.879774,3.05884E+11,23.052600,2.394560,1.489486,-0.905074,
20260918-203652-4293920,nx8_sf_125c_vce0.6v,sf,hbt_typ,125,8,0.6,0.87,1.917420e-02,20.805339,2.94993E+11,23.524900,2.416410,1.516383,-0.900027,
20260918-203652-4293920,nx8_sf_125c_vce0.6v,sf,hbt_typ,125,8,0.6,0.89,2.306310e-02,25.025065,2.63902E+11,23.277500,2.476750,1.590500,-0.886250,
20260918-203652-4293920,nx8_sf_125c_vce0.6v,sf,hbt_typ,125,8,0.6,0.91,2.699580e-02,29.292318,1.82979E+11,20.788000,2.606870,1.749543,-0.857327,ic_high
20260918-203652-4293920,nx8_sf_125c_vce0.6v,sf,hbt_typ,125,8,0.6,0.93,3.058140e-02,33.182943,1.0246E+11,16.950000,2.832660,2.023087,-0.809573,ic_high
20260918-203652-4293920,nx8_sf_125c_vce0.6v,sf,hbt_typ,125,8,0.6,0.95,3.382000e-02,36.697049,6.30497E+10,14.254600,3.115070,2.361168,-0.753902,ic_high
20260918-203652-4293920,nx8_sf_125c_vce0.6v,sf,hbt_typ,125,8,0.6,0.97,3.693240e-02,40.074219,4.26508E+10,12.238900,3.460530,2.769128,-0.691402,ic_high;vbe_high
20260918-203652-4293920,nx8_sf_125c_vce0.6v,sf,hbt_typ,125,8,0.6,0.99,4.000350e-02,43.406576,2.90506E+10,9.849890,3.941910,3.328440,-0.613470,ic_high;vbe_high
20260918-203652-4293920,nx8_sf_125c_vce0.6v,sf,hbt_typ,125,8,0.6,1.01,4.295400e-02,46.608073,1.8461E+10,6.329640,4.710250,4.202330,-0.507920,ic_high;vbe_high
20260918-203652-4293920,nx8_sf_125c_vce0.6v,sf,hbt_typ,125,8,0.6,1.03,4.561210e-02,49.492296,1.06536E+10,1.596580,6.064670,5.698762,-0.365908,ic_high;vbe_high
20260918-203652-4293920,nx8_sf_125c_vce0.6v,sf,hbt_typ,125,8,0.6,1.05,4.782750e-02,51.896159,5.62999E+09,-3.877550,8.449230,8.241698,-0.207532,ic_high;vbe_high
20260918-203652-4293920,nx8_sf_125c_vce0.8v,sf,hbt_typ,125,8,0.8,0.55,1.745960e-05,0.018945,2.41896E+09,-25.401900,32.703200,32.702439,-0.000761,vbe_low
20260918-203652-4293920,nx8_sf_125c_vce0.8v,sf,hbt_typ,125,8,0.8,0.57,3.054110e-05,0.033139,4.18391E+09,-21.103800,28.451700,28.449674,-0.002026,vbe_low
20260918-203652-4293920,nx8_sf_125c_vce0.8v,sf,hbt_typ,125,8,0.8,0.59,5.337400e-05,0.057914,7.21623E+09,-16.480300,23.916100,23.910341,-0.005759,vbe_low
20260918-203652-4293920,nx8_sf_125c_vce0.8v,sf,hbt_typ,125,8,0.8,0.61,9.312450e-05,0.101047,1.23732E+10,-11.764000,19.370500,19.354077,-0.016423,vbe_low
20260918-203652-4293920,nx8_sf_125c_vce0.8v,sf,hbt_typ,125,8,0.8,0.63,1.620150e-04,0.175798,2.09231E+10,-7.063790,15.010100,14.965131,-0.044969,vbe_low
20260918-203652-4293920,nx8_sf_125c_vce0.8v,sf,hbt_typ,125,8,0.8,0.65,2.804820e-04,0.304342,3.48866E+10,-2.450550,11.065900,10.953520,-0.112380,
20260918-203652-4293920,nx8_sf_125c_vce0.8v,sf,hbt_typ,125,8,0.8,0.67,4.815540e-04,0.522520,5.64476E+10,2.001210,7.834480,7.594504,-0.239976,
20260918-203652-4293920,nx8_sf_125c_vce0.8v,sf,hbt_typ,125,8,0.8,0.69,8.156880e-04,0.885078,8.76499E+10,6.195940,5.540270,5.125088,-0.415182,
20260918-203652-4293920,nx8_sf_125c_vce0.8v,sf,hbt_typ,125,8,0.8,0.71,1.353370e-03,1.468500,1.28598E+11,10.018500,4.135550,3.550719,-0.584831,
20260918-203652-4293920,nx8_sf_125c_vce0.8v,sf,hbt_typ,125,8,0.8,0.73,2.180650e-03,2.366157,1.76426E+11,13.357300,3.351880,2.641450,-0.710430,
20260918-203652-4293920,nx8_sf_125c_vce0.8v,sf,hbt_typ,125,8,0.8,0.75,3.384410e-03,3.672320,2.24808E+11,16.142400,2.921670,2.130114,-0.791556,
20260918-203652-4293920,nx8_sf_125c_vce0.8v,sf,hbt_typ,125,8,0.8,0.77,5.031970e-03,5.460037,2.67206E+11,18.373300,2.677170,1.835035,-0.842135,
20260918-203652-4293920,nx8_sf_125c_vce0.8v,sf,hbt_typ,125,8,0.8,0.79,7.157420e-03,7.766298,3.01093E+11,20.111100,2.533080,1.659481,-0.873599,
20260918-203652-4293920,nx8_sf_125c_vce0.8v,sf,hbt_typ,125,8,0.8,0.81,9.761700e-03,10.592122,3.25204E+11,21.446100,2.450140,1.557843,-0.892297,
20260918-203652-4293920,nx8_sf_125c_vce0.8v,sf,hbt_typ,125,8,0.8,0.83,1.282250e-02,13.913303,3.38785E+11,22.466100,2.411470,1.510305,-0.901165,
20260918-203652-4293920,nx8_sf_125c_vce0.8v,sf,hbt_typ,125,8,0.8,0.85,1.630530e-02,17.692383,3.40681E+11,23.239000,2.410440,1.509037,-0.901403,
20260918-203652-4293920,nx8_sf_125c_vce0.8v,sf,hbt_typ,125,8,0.8,0.87,2.017180e-02,21.887804,3.31559E+11,23.815900,2.445010,1.551542,-0.893468,
20260918-203652-4293920,nx8_sf_125c_vce0.8v,sf,hbt_typ,125,8,0.8,0.89,2.438350e-02,26.457791,3.13287E+11,24.221000,2.515200,1.637607,-0.877593,ic_high
20260918-203652-4293920,nx8_sf_125c_vce0.8v,sf,hbt_typ,125,8,0.8,0.91,2.890060e-02,31.359158,2.86482E+11,24.417400,2.622500,1.768577,-0.853923,ic_high
20260918-203652-4293920,nx8_sf_125c_vce0.8v,sf,hbt_typ,125,8,0.8,0.93,3.364590e-02,36.508138,2.39269E+11,23.858000,2.775180,1.953734,-0.821446,ic_high
20260918-203652-4293920,nx8_sf_125c_vce0.8v,sf,hbt_typ,125,8,0.8,0.95,3.832500e-02,41.585286,1.50593E+11,20.828800,3.009010,2.234707,-0.774303,ic_high
20260918-203652-4293920,nx8_sf_125c_vce0.8v,sf,hbt_typ,125,8,0.8,0.97,4.253570e-02,46.154188,8.46278E+10,17.062500,3.338010,2.625110,-0.712900,ic_high;vbe_high
20260918-203652-4293920,nx8_sf_125c_vce0.8v,sf,hbt_typ,125,8,0.8,0.99,4.639910e-02,50.346246,5.45914E+10,14.540400,3.727220,3.080229,-0.646991,ic_high;vbe_high
20260918-203652-4293920,nx8_sf_125c_vce0.8v,sf,hbt_typ,125,8,0.8,1.01,5.015870e-02,54.425673,3.87978E+10,12.633300,4.180200,3.601767,-0.578433,ic_high;vbe_high
20260918-203652-4293920,nx8_sf_125c_vce0.8v,sf,hbt_typ,125,8,0.8,1.03,5.389470e-02,58.479492,2.81551E+10,10.495300,4.735300,4.230478,-0.504822,ic_high;vbe_high
20260918-203652-4293920,nx8_sf_125c_vce0.8v,sf,hbt_typ,125,8,0.8,1.05,5.751610e-02,62.408963,1.93518E+10,7.357570,5.485700,5.065005,-0.420695,ic_high;vbe_high
20260918-203652-4293920,nx8_sf_125c_vce1.0v,sf,hbt_typ,125,8,1.0,0.55,1.747970e-05,0.018967,2.43873E+09,-25.428300,32.729900,32.729144,-0.000756,vbe_low
20260918-203652-4293920,nx8_sf_125c_vce1.0v,sf,hbt_typ,125,8,1.0,0.57,3.058100e-05,0.033183,4.22116E+09,-21.106500,28.454800,28.452776,-0.002024,vbe_low
20260918-203652-4293920,nx8_sf_125c_vce1.0v,sf,hbt_typ,125,8,1.0,0.59,5.345770e-05,0.058005,7.27694E+09,-16.471900,23.908400,23.902631,-0.005769,vbe_low
20260918-203652-4293920,nx8_sf_125c_vce1.0v,sf,hbt_typ,125,8,1.0,0.61,9.331120e-05,0.101249,1.24908E+10,-11.748900,19.356600,19.340125,-0.016475,vbe_low
20260918-203652-4293920,nx8_sf_125c_vce1.0v,sf,hbt_typ,125,8,1.0,0.63,1.624570e-04,0.176277,2.11574E+10,-7.042110,14.991000,14.945832,-0.045168,vbe_low
20260918-203652-4293920,nx8_sf_125c_vce1.0v,sf,hbt_typ,125,8,1.0,0.65,2.815740e-04,0.305527,3.52952E+10,-2.420000,11.042100,10.929094,-0.113006,
20260918-203652-4293920,nx8_sf_125c_vce1.0v,sf,hbt_typ,125,8,1.0,0.67,4.843090e-04,0.525509,5.71862E+10,2.044400,7.807760,7.566261,-0.241499,
20260918-203652-4293920,nx8_sf_125c_vce1.0v,sf,hbt_typ,125,8,1.0,0.69,8.225980e-04,0.892576,8.90308E+10,6.256220,5.514480,5.096702,-0.417778,
20260918-203652-4293920,nx8_sf_125c_vce1.0v,sf,hbt_typ,125,8,1.0,0.71,1.370080e-03,1.486632,1.30831E+11,10.099500,4.113910,3.525951,-0.587959,
20260918-203652-4293920,nx8_sf_125c_vce1.0v,sf,hbt_typ,125,8,1.0,0.73,2.218570e-03,2.407303,1.8009E+11,13.459500,3.335150,2.621740,-0.713410,
20260918-203652-4293920,nx8_sf_125c_vce1.0v,sf,hbt_typ,125,8,1.0,0.75,3.463320e-03,3.757943,2.29878E+11,16.262200,2.909230,2.115182,-0.794048,
20260918-203652-4293920,nx8_sf_125c_vce1.0v,sf,hbt_typ,125,8,1.0,0.77,5.181100e-03,5.621853,2.74386E+11,18.503800,2.668420,1.824411,-0.844009,
20260918-203652-4293920,nx8_sf_125c_vce1.0v,sf,hbt_typ,125,8,1.0,0.79,7.413910e-03,8.044607,3.09705E+11,20.245100,2.528260,1.653587,-0.874673,
20260918-203652-4293920,nx8_sf_125c_vce1.0v,sf,hbt_typ,125,8,1.0,0.81,1.016750e-02,11.032444,3.34295E+11,21.578000,2.450640,1.558457,-0.892183,
20260918-203652-4293920,nx8_sf_125c_vce1.0v,sf,hbt_typ,125,8,1.0,0.83,1.342130e-02,14.563043,3.51372E+11,22.593300,2.420000,1.520799,-0.899201,
20260918-203652-4293920,nx8_sf_125c_vce1.0v,sf,hbt_typ,125,8,1.0,0.85,1.714070e-02,18.598850,3.58855E+11,23.364800,2.431060,1.534400,-0.896660,
20260918-203652-4293920,nx8_sf_125c_vce1.0v,sf,hbt_typ,125,8,1.0,0.87,2.128580e-02,23.096571,3.57119E+11,23.945900,2.483120,1.598311,-0.884809,
20260918-203652-4293920,nx8_sf_125c_vce1.0v,sf,hbt_typ,125,8,1.0,0.89,2.581670e-02,28.012912,3.4076E+11,24.365200,2.577420,1.713639,-0.863781,ic_high
20260918-203652-4293920,nx8_sf_125c_vce1.0v,sf,hbt_typ,125,8,1.0,0.91,3.069530e-02,33.306532,3.14177E+11,24.645100,2.715750,1.881826,-0.833924,ic_high
20260918-203652-4293920,nx8_sf_125c_vce1.0v,sf,hbt_typ,125,8,1.0,0.93,3.588560e-02,38.938368,2.76783E+11,24.765200,2.899940,2.104026,-0.795914,ic_high
20260918-203652-4293920,nx8_sf_125c_vce1.0v,sf,hbt_typ,125,8,1.0,0.95,4.133820e-02,44.854818,2.2949E+11,24.503100,3.133560,2.383154,-0.750406,ic_high
20260918-203652-4293920,nx8_sf_125c_vce1.0v,sf,hbt_typ,125,8,1.0,0.97,4.686130e-02,50.847765,1.58366E+11,22.440800,3.437820,2.742487,-0.695333,ic_high;vbe_high
20260918-203652-4293920,nx8_sf_125c_vce1.0v,sf,hbt_typ,125,8,1.0,0.99,5.196010e-02,56.380317,9.02484E+10,18.482100,3.844040,3.215526,-0.628514,ic_high;vbe_high
20260918-203652-4293920,nx8_sf_125c_vce1.0v,sf,hbt_typ,125,8,1.0,1.01,5.656750e-02,61.379666,5.71618E+10,15.513100,4.321730,3.763090,-0.558640,ic_high;vbe_high
20260918-203652-4293920,nx8_sf_125c_vce1.0v,sf,hbt_typ,125,8,1.0,1.03,6.096750e-02,66.153971,4.07761E+10,13.457000,4.852220,4.361594,-0.490626,ic_high;vbe_high
20260918-203652-4293920,nx8_sf_125c_vce1.0v,sf,hbt_typ,125,8,1.0,1.05,6.531610e-02,70.872504,3.08682E+10,11.632600,5.441380,5.016152,-0.425228,ic_high;vbe_high
20260918-203652-4293920,nx8_sf_125c_vce1.2v,sf,hbt_typ,125,8,1.2,0.55,1.750420e-05,0.018993,2.45479E+09,-25.444300,32.746200,32.745446,-0.000754,vbe_low
20260918-203652-4293920,nx8_sf_125c_vce1.2v,sf,hbt_typ,125,8,1.2,0.57,3.062730e-05,0.033233,4.25113E+09,-21.104500,28.453200,28.451175,-0.002025,vbe_low
20260918-203652-4293920,nx8_sf_125c_vce1.2v,sf,hbt_typ,125,8,1.2,0.59,5.355090e-05,0.058106,7.32568E+09,-16.461300,23.898300,23.892517,-0.005783,vbe_low
20260918-203652-4293920,nx8_sf_125c_vce1.2v,sf,hbt_typ,125,8,1.2,0.61,9.351210e-05,0.101467,1.25848E+10,-11.732600,19.341400,19.324867,-0.016533,vbe_low
20260918-203652-4293920,nx8_sf_125c_vce1.2v,sf,hbt_typ,125,8,1.2,0.63,1.629200e-04,0.176780,2.1345E+10,-7.019650,14.971100,14.925724,-0.045376,vbe_low
20260918-203652-4293920,nx8_sf_125c_vce1.2v,sf,hbt_typ,125,8,1.2,0.65,2.827030e-04,0.306752,3.56254E+10,-2.388890,11.017600,10.903947,-0.113653,
20260918-203652-4293920,nx8_sf_125c_vce1.2v,sf,hbt_typ,125,8,1.2,0.67,4.871430e-04,0.528584,5.77899E+10,2.088020,7.780430,7.537363,-0.243067,
20260918-203652-4293920,nx8_sf_125c_vce1.2v,sf,hbt_typ,125,8,1.2,0.69,8.297130e-04,0.900296,9.01699E+10,6.316850,5.488260,5.067826,-0.420434,
20260918-203652-4293920,nx8_sf_125c_vce1.2v,sf,hbt_typ,125,8,1.2,0.71,1.387410e-03,1.505436,1.32766E+11,10.180700,4.091990,3.500843,-0.591147,
20260918-203652-4293920,nx8_sf_125c_vce1.2v,sf,hbt_typ,125,8,1.2,0.73,2.258310e-03,2.450423,1.83112E+11,13.561800,3.318280,2.601851,-0.716429,
20260918-203652-4293920,nx8_sf_125c_vce1.2v,sf,hbt_typ,125,8,1.2,0.75,3.547130e-03,3.848882,2.3398E+11,16.381800,2.896720,2.100158,-0.796562,
20260918-203652-4293920,nx8_sf_125c_vce1.2v,sf,hbt_typ,125,8,1.2,0.77,5.341730e-03,5.796148,2.79962E+11,18.634200,2.659740,1.813866,-0.845874,
20260918-203652-4293920,nx8_sf_125c_vce1.2v,sf,hbt_typ,125,8,1.2,0.79,7.693920e-03,8.348438,3.15983E+11,20.379100,2.523820,1.648155,-0.875665,
20260918-203652-4293920,nx8_sf_125c_vce1.2v,sf,hbt_typ,125,8,1.2,0.81,1.061600e-02,11.519097,3.41499E+11,21.709300,2.452300,1.560496,-0.891804,
20260918-203652-4293920,nx8_sf_125c_vce1.2v,sf,hbt_typ,125,8,1.2,0.83,1.409040e-02,15.289062,3.58272E+11,22.716300,2.431270,1.534658,-0.896612,
20260918-203652-4293920,nx8_sf_125c_vce1.2v,sf,hbt_typ,125,8,1.2,0.85,1.808290e-02,19.621202,3.65741E+11,23.475000,2.457240,1.566561,-0.890679,
20260918-203652-4293920,nx8_sf_125c_vce1.2v,sf,hbt_typ,125,8,1.2,0.87,2.255270e-02,24.471246,3.64863E+11,24.041100,2.531310,1.657317,-0.873993,
20260918-203652-4293920,nx8_sf_125c_vce1.2v,sf,hbt_typ,125,8,1.2,0.89,2.745790e-02,29.793728,3.54662E+11,24.452400,2.656380,1.809784,-0.846596,ic_high
20260918-203652-4293920,nx8_sf_125c_vce1.2v,sf,hbt_typ,125,8,1.2,0.91,3.275790e-02,35.544596,3.29811E+11,24.725800,2.835690,2.026738,-0.808952,ic_high
20260918-203652-4293920,nx8_sf_125c_vce1.2v,sf,hbt_typ,125,8,1.2,0.93,3.841390e-02,41.681749,2.88394E+11,24.852600,3.071810,2.309658,-0.762152,ic_high
20260918-203652-4293920,nx8_sf_125c_vce1.2v,sf,hbt_typ,125,8,1.2,0.95,4.438760e-02,48.163628,2.4089E+11,24.821000,3.365930,2.657992,-0.707938,ic_high
20260918-203652-4293920,nx8_sf_125c_vce1.2v,sf,hbt_typ,125,8,1.2,0.97,5.062640e-02,54.933160,1.84612E+11,24.331900,3.719710,3.071512,-0.648198,ic_high;vbe_high
20260918-203652-4293920,nx8_sf_125c_vce1.2v,sf,hbt_typ,125,8,1.2,0.99,5.691600e-02,61.757813,1.21761E+11,21.998200,4.149950,3.567191,-0.582759,ic_high;vbe_high
20260918-203652-4293920,nx8_sf_125c_vce1.2v,sf,hbt_typ,125,8,1.2,1.01,6.270600e-02,68.040365,7.25591E+10,18.026200,4.677280,4.165252,-0.512028,ic_high;vbe_high
20260918-203652-4293920,nx8_sf_125c_vce1.2v,sf,hbt_typ,125,8,1.2,1.03,6.794880e-02,73.729167,4.79865E+10,15.033100,5.265300,4.821548,-0.443752,ic_high;vbe_high
20260918-203652-4293920,nx8_sf_125c_vce1.2v,sf,hbt_typ,125,8,1.2,1.05,7.294090e-02,79.145942,3.50473E+10,12.857800,5.892120,5.510711,-0.381409,ic_high;vbe_high
20260918-203652-4293920,nx8_sf_125c_vce1.4v,sf,hbt_typ,125,8,1.4,0.55,1.754420e-05,0.019037,2.47008E+09,-25.449400,32.751500,32.750747,-0.000753,vbe_low
20260918-203652-4293920,nx8_sf_125c_vce1.4v,sf,hbt_typ,125,8,1.4,0.57,3.069830e-05,0.033310,4.27916E+09,-21.094800,28.443700,28.441670,-0.002030,vbe_low
20260918-203652-4293920,nx8_sf_125c_vce1.4v,sf,hbt_typ,125,8,1.4,0.59,5.368330e-05,0.058250,7.37433E+09,-16.444600,23.881900,23.876095,-0.005805,vbe_low
20260918-203652-4293920,nx8_sf_125c_vce1.4v,sf,hbt_typ,125,8,1.4,0.61,9.377570e-05,0.101753,1.26706E+10,-11.711000,19.320700,19.304088,-0.016612,vbe_low
20260918-203652-4293920,nx8_sf_125c_vce1.4v,sf,hbt_typ,125,8,1.4,0.63,1.634850e-04,0.177393,2.15149E+10,-6.992190,14.946100,14.900460,-0.045640,vbe_low
20260918-203652-4293920,nx8_sf_125c_vce1.4v,sf,hbt_typ,125,8,1.4,0.65,2.840010e-04,0.308161,3.59242E+10,-2.352920,10.988300,10.873867,-0.114433,
20260918-203652-4293920,nx8_sf_125c_vce1.4v,sf,hbt_typ,125,8,1.4,0.67,4.902720e-04,0.531979,5.83372E+10,2.136390,7.748930,7.504043,-0.244887,
20260918-203652-4293920,nx8_sf_125c_vce1.4v,sf,hbt_typ,125,8,1.4,0.69,8.373980e-04,0.908635,9.12052E+10,6.381740,5.458770,5.035327,-0.423443,
20260918-203652-4293920,nx8_sf_125c_vce1.4v,sf,hbt_typ,125,8,1.4,0.71,1.405970e-03,1.525575,1.34781E+11,10.264500,4.067860,3.473184,-0.594676,
20260918-203652-4293920,nx8_sf_125c_vce1.4v,sf,hbt_typ,125,8,1.4,0.73,2.300930e-03,2.496669,1.85843E+11,13.662800,3.300100,2.580402,-0.719698,
20260918-203652-4293920,nx8_sf_125c_vce1.4v,sf,hbt_typ,125,8,1.4,0.75,3.637650e-03,3.947103,2.38035E+11,16.493700,2.883650,2.084452,-0.799198,
20260918-203652-4293920,nx8_sf_125c_vce1.4v,sf,hbt_typ,125,8,1.4,0.77,5.516910e-03,5.986230,2.84796E+11,18.749400,2.651100,1.803366,-0.847734,
20260918-203652-4293920,nx8_sf_125c_vce1.4v,sf,hbt_typ,125,8,1.4,0.79,8.002630e-03,8.683409,3.21222E+11,20.494200,2.520080,1.643579,-0.876501,
20260918-203652-4293920,nx8_sf_125c_vce1.4v,sf,hbt_typ,125,8,1.4,0.81,1.111600e-02,12.061632,3.47163E+11,21.824400,2.455680,1.564646,-0.891034,
20260918-203652-4293920,nx8_sf_125c_vce1.4v,sf,hbt_typ,125,8,1.4,0.83,1.484470e-02,16.107530,3.63183E+11,22.830000,2.446230,1.553041,-0.893189,
20260918-203652-4293920,nx8_sf_125c_vce1.4v,sf,hbt_typ,125,8,1.4,0.85,1.915670e-02,20.786350,3.69729E+11,23.580000,2.490730,1.607639,-0.883091,
20260918-203652-4293920,nx8_sf_125c_vce1.4v,sf,hbt_typ,125,8,1.4,0.87,2.401070e-02,26.053277,3.67513E+11,24.126600,2.592810,1.732409,-0.860401,ic_high
20260918-203652-4293920,nx8_sf_125c_vce1.4v,sf,hbt_typ,125,8,1.4,0.89,2.936290e-02,31.860786,3.55579E+11,24.510300,2.757670,1.932569,-0.825101,ic_high
20260918-203652-4293920,nx8_sf_125c_vce1.4v,sf,hbt_typ,125,8,1.4,0.91,3.516950e-02,38.161350,3.31921E+11,24.757700,2.990240,2.212264,-0.777976,ic_high
20260918-203652-4293920,nx8_sf_125c_vce1.4v,sf,hbt_typ,125,8,1.4,0.93,4.138710e-02,44.907878,2.94646E+11,24.869900,3.293860,2.573037,-0.720823,ic_high
20260918-203652-4293920,nx8_sf_125c_vce1.4v,sf,hbt_typ,125,8,1.4,0.95,4.797010e-02,52.050890,2.33536E+11,24.771100,3.669380,3.013025,-0.656355,ic_high
20260918-203652-4293920,nx8_sf_125c_vce1.4v,sf,hbt_typ,125,8,1.4,0.97,5.486810e-02,59.535699,1.72872E+11,24.369400,4.114490,3.526615,-0.587875,ic_high;vbe_high
20260918-203652-4293920,nx8_sf_125c_vce1.4v,sf,hbt_typ,125,8,1.4,0.99,6.198780e-02,67.261068,1.15257E+11,22.981400,4.628310,4.110115,-0.518195,ic_high;vbe_high
20260918-203652-4293920,nx8_sf_125c_vce1.4v,sf,hbt_typ,125,8,1.4,1.01,6.892580e-02,74.789280,6.95836E+10,19.227100,5.227640,4.779817,-0.447823,ic_high;vbe_high
20260918-203652-4293920,nx8_sf_125c_vce1.4v,sf,hbt_typ,125,8,1.4,1.03,7.515820e-02,81.551866,4.46345E+10,15.398700,5.897010,5.516050,-0.380960,ic_high;vbe_high
20260918-203652-4293920,nx8_sf_125c_vce1.4v,sf,hbt_typ,125,8,1.4,1.05,8.087510e-02,87.755100,3.10818E+10,12.467500,6.598090,6.276084,-0.322006,ic_high;vbe_high
20260918-203652-4293920,nx8_fs_-40c_vce0.6v,fs,hbt_typ,-40,8,0.6,0.55,3.038460e-10,0.000000,,-33.187300,38.107300,38.107450,0.000150,vbe_low
20260918-203652-4293920,nx8_fs_-40c_vce0.6v,fs,hbt_typ,-40,8,0.6,0.57,8.126550e-10,0.000001,,-33.168200,38.088300,38.088451,0.000151,vbe_low
20260918-203652-4293920,nx8_fs_-40c_vce0.6v,fs,hbt_typ,-40,8,0.6,0.59,2.173690e-09,0.000002,,-33.148600,38.068700,38.068851,0.000151,vbe_low
20260918-203652-4293920,nx8_fs_-40c_vce0.6v,fs,hbt_typ,-40,8,0.6,0.61,5.814250e-09,0.000006,1.44581E+06,-33.128400,38.048500,38.048652,0.000152,vbe_low
20260918-203652-4293920,nx8_fs_-40c_vce0.6v,fs,hbt_typ,-40,8,0.6,0.63,1.555210e-08,0.000017,3.84967E+06,-33.107500,38.027600,38.027753,0.000153,vbe_low
20260918-203652-4293920,nx8_fs_-40c_vce0.6v,fs,hbt_typ,-40,8,0.6,0.65,4.159850e-08,0.000045,1.02283E+07,-33.085500,38.005800,38.005953,0.000153,
20260918-203652-4293920,nx8_fs_-40c_vce0.6v,fs,hbt_typ,-40,8,0.6,0.67,1.112650e-07,0.000121,2.72325E+07,-33.060500,37.981100,37.981254,0.000154,
20260918-203652-4293920,nx8_fs_-40c_vce0.6v,fs,hbt_typ,-40,8,0.6,0.69,2.975920e-07,0.000323,7.22296E+07,-33.020000,37.941600,37.941756,0.000156,
20260918-203652-4293920,nx8_fs_-40c_vce0.6v,fs,hbt_typ,-40,8,0.6,0.71,7.958940e-07,0.000864,1.92248E+08,-32.879800,37.804100,37.804261,0.000161,
20260918-203652-4293920,nx8_fs_-40c_vce0.6v,fs,hbt_typ,-40,8,0.6,0.73,2.128220e-06,0.002309,5.09358E+08,-32.122800,37.054400,37.054591,0.000191,
20260918-203652-4293920,nx8_fs_-40c_vce0.6v,fs,hbt_typ,-40,8,0.6,0.75,5.688490e-06,0.006172,1.35099E+09,-28.895800,33.847800,33.848200,0.000400,
20260918-203652-4293920,nx8_fs_-40c_vce0.6v,fs,hbt_typ,-40,8,0.6,0.77,1.518790e-05,0.016480,3.56382E+09,-22.184100,27.195500,27.197349,0.001849,
20260918-203652-4293920,nx8_fs_-40c_vce0.6v,fs,hbt_typ,-40,8,0.6,0.79,4.043140e-05,0.043871,9.31011E+09,-14.066600,19.269100,19.280556,0.011456,
20260918-203652-4293920,nx8_fs_-40c_vce0.6v,fs,hbt_typ,-40,8,0.6,0.81,1.067920e-04,0.115877,2.38863E+10,-5.824000,11.705000,11.769978,0.064978,
20260918-203652-4293920,nx8_fs_-40c_vce0.6v,fs,hbt_typ,-40,8,0.6,0.83,2.764810e-04,0.300001,5.81921E+10,2.077750,5.967400,6.206067,0.238667,
20260918-203652-4293920,nx8_fs_-40c_vce0.6v,fs,hbt_typ,-40,8,0.6,0.85,6.831740e-04,0.741291,1.27344E+11,9.146640,3.137020,3.583990,0.446970,
20260918-203652-4293920,nx8_fs_-40c_vce0.6v,fs,hbt_typ,-40,8,0.6,0.87,1.542850e-03,1.674099,2.30825E+11,14.774000,2.173150,2.724404,0.551254,
20260918-203652-4293920,nx8_fs_-40c_vce0.6v,fs,hbt_typ,-40,8,0.6,0.89,3.059430e-03,3.319694,3.36004E+11,18.666400,1.844050,2.435869,0.591819,
20260918-203652-4293920,nx8_fs_-40c_vce0.6v,fs,hbt_typ,-40,8,0.6,0.91,5.286910e-03,5.736664,4.13E+11,21.119800,1.701670,2.311889,0.610219,
20260918-203652-4293920,nx8_fs_-40c_vce0.6v,fs,hbt_typ,-40,8,0.6,0.93,8.139350e-03,8.831760,4.58514E+11,22.650600,1.624370,2.244800,0.620430,
20260918-203652-4293920,nx8_fs_-40c_vce0.6v,fs,hbt_typ,-40,8,0.6,0.95,1.149310e-02,12.470812,4.80273E+11,23.646400,1.578300,2.204892,0.626592,
20260918-203652-4293920,nx8_fs_-40c_vce0.6v,fs,hbt_typ,-40,8,0.6,0.97,1.524410e-02,16.540907,4.8578E+11,24.328700,1.552900,2.182913,0.630013,vbe_high
20260918-203652-4293920,nx8_fs_-40c_vce0.6v,fs,hbt_typ,-40,8,0.6,0.99,1.931640e-02,20.959635,4.78279E+11,24.816900,1.544410,2.175570,0.631160,vbe_high
20260918-203652-4293920,nx8_fs_-40c_vce0.6v,fs,hbt_typ,-40,8,0.6,1.01,2.365670e-02,25.669162,4.58671E+11,25.143200,1.551740,2.181909,0.630169,vbe_high
20260918-203652-4293920,nx8_fs_-40c_vce0.6v,fs,hbt_typ,-40,8,0.6,1.03,2.817230e-02,30.568902,3.25729E+11,24.138700,1.586530,2.212017,0.625487,ic_high;vbe_high
20260918-203652-4293920,nx8_fs_-40c_vce0.6v,fs,hbt_typ,-40,8,0.6,1.05,3.209820e-02,34.828776,6.22829E+10,15.489900,1.804230,2.401142,0.596912,ic_high;vbe_high
20260918-203652-4293920,nx8_fs_-40c_vce0.8v,fs,hbt_typ,-40,8,0.8,0.55,3.043320e-10,0.000000,,-33.352700,38.273000,38.273144,0.000144,vbe_low
20260918-203652-4293920,nx8_fs_-40c_vce0.8v,fs,hbt_typ,-40,8,0.8,0.57,8.136180e-10,0.000001,,-33.337900,38.258100,38.258245,0.000145,vbe_low
20260918-203652-4293920,nx8_fs_-40c_vce0.8v,fs,hbt_typ,-40,8,0.8,0.59,2.175920e-09,0.000002,,-33.322700,38.243000,38.243145,0.000145,vbe_low
20260918-203652-4293920,nx8_fs_-40c_vce0.8v,fs,hbt_typ,-40,8,0.8,0.61,5.819890e-09,0.000006,1.45646E+06,-33.307200,38.227400,38.227546,0.000146,vbe_low
20260918-203652-4293920,nx8_fs_-40c_vce0.8v,fs,hbt_typ,-40,8,0.8,0.63,1.556680e-08,0.000017,3.87657E+06,-33.291100,38.211500,38.211646,0.000146,vbe_low
20260918-203652-4293920,nx8_fs_-40c_vce0.8v,fs,hbt_typ,-40,8,0.8,0.65,4.163750e-08,0.000045,1.03079E+07,-33.274300,38.194800,38.194947,0.000147,
20260918-203652-4293920,nx8_fs_-40c_vce0.8v,fs,hbt_typ,-40,8,0.8,0.67,1.113690e-07,0.000121,2.74339E+07,-33.254600,38.175500,38.175648,0.000148,
20260918-203652-4293920,nx8_fs_-40c_vce0.8v,fs,hbt_typ,-40,8,0.8,0.69,2.978720e-07,0.000323,7.28284E+07,-33.219100,38.140900,38.141049,0.000149,
20260918-203652-4293920,nx8_fs_-40c_vce0.8v,fs,hbt_typ,-40,8,0.8,0.71,7.966510e-07,0.000864,1.93766E+08,-33.079300,38.003800,38.003954,0.000154,
20260918-203652-4293920,nx8_fs_-40c_vce0.8v,fs,hbt_typ,-40,8,0.8,0.73,2.130310e-06,0.002312,5.13241E+08,-32.294800,37.226600,37.226784,0.000184,
20260918-203652-4293920,nx8_fs_-40c_vce0.8v,fs,hbt_typ,-40,8,0.8,0.75,5.694550e-06,0.006179,1.3626E+09,-28.975000,33.927300,33.927692,0.000392,
20260918-203652-4293920,nx8_fs_-40c_vce0.8v,fs,hbt_typ,-40,8,0.8,0.77,1.520720e-05,0.016501,3.59414E+09,-22.192700,27.204400,27.206245,0.001845,
20260918-203652-4293920,nx8_fs_-40c_vce0.8v,fs,hbt_typ,-40,8,0.8,0.79,4.050280e-05,0.043948,9.4058E+09,-14.054700,19.258100,19.269585,0.011485,
20260918-203652-4293920,nx8_fs_-40c_vce0.8v,fs,hbt_typ,-40,8,0.8,0.81,1.071090e-04,0.116221,2.41610E+10,-5.800370,11.685400,11.750670,0.065270,
20260918-203652-4293920,nx8_fs_-40c_vce0.8v,fs,hbt_typ,-40,8,0.8,0.83,2.780460e-04,0.301699,5.89441E+10,2.120680,5.943910,6.183836,0.239926,
20260918-203652-4293920,nx8_fs_-40c_vce0.8v,fs,hbt_typ,-40,8,0.8,0.85,6.907060e-04,0.749464,1.29557E+11,9.221140,3.119430,3.568124,0.448694,
20260918-203652-4293920,nx8_fs_-40c_vce0.8v,fs,hbt_typ,-40,8,0.8,0.87,1.572900e-03,1.706706,2.35746E+11,14.882500,2.162430,2.714963,0.552533,
20260918-203652-4293920,nx8_fs_-40c_vce0.8v,fs,hbt_typ,-40,8,0.8,0.89,3.149090e-03,3.416981,3.45413E+11,18.792300,1.836890,2.429622,0.592732,
20260918-203652-4293920,nx8_fs_-40c_vce0.8v,fs,hbt_typ,-40,8,0.8,0.91,5.488280e-03,5.955165,4.23791E+11,21.245100,1.696080,2.307032,0.610952,
20260918-203652-4293920,nx8_fs_-40c_vce0.8v,fs,hbt_typ,-40,8,0.8,0.93,8.505760e-03,9.229340,4.70292E+11,22.769500,1.620020,2.241030,0.621010,
20260918-203652-4293920,nx8_fs_-40c_vce0.8v,fs,hbt_typ,-40,8,0.8,0.95,1.207400e-02,13.101128,4.95376E+11,23.760600,1.576130,2.203013,0.626883,
20260918-203652-4293920,nx8_fs_-40c_vce0.8v,fs,hbt_typ,-40,8,0.8,0.97,1.608370e-02,17.451931,5.03424E+11,24.443500,1.554770,2.184530,0.629760,vbe_high
20260918-203652-4293920,nx8_fs_-40c_vce0.8v,fs,hbt_typ,-40,8,0.8,0.99,2.045870e-02,22.199110,4.98799E+11,24.937000,1.552990,2.182991,0.630001,vbe_high
20260918-203652-4293920,nx8_fs_-40c_vce0.8v,fs,hbt_typ,-40,8,0.8,1.01,2.514370e-02,27.282661,4.80848E+11,25.304100,1.570190,2.197872,0.627682,ic_high;vbe_high
20260918-203652-4293920,nx8_fs_-40c_vce0.8v,fs,hbt_typ,-40,8,0.8,1.03,3.010150e-02,32.662218,4.53848E+11,25.579700,1.606840,2.229608,0.622768,ic_high;vbe_high
20260918-203652-4293920,nx8_fs_-40c_vce0.8v,fs,hbt_typ,-40,8,0.8,1.05,3.530100e-02,38.304036,4.07344E+11,25.683200,1.664860,2.279922,0.615062,ic_high;vbe_high
20260918-203652-4293920,nx8_fs_-40c_vce1.0v,fs,hbt_typ,-40,8,1.0,0.55,3.048250e-10,0.000000,,-33.485300,38.405700,38.405840,0.000140,vbe_low
20260918-203652-4293920,nx8_fs_-40c_vce1.0v,fs,hbt_typ,-40,8,1.0,0.57,8.145940e-10,0.000001,,-33.473200,38.393600,38.393740,0.000140,vbe_low
20260918-203652-4293920,nx8_fs_-40c_vce1.0v,fs,hbt_typ,-40,8,1.0,0.59,2.178180e-09,0.000002,,-33.460800,38.381200,38.381341,0.000141,vbe_low
20260918-203652-4293920,nx8_fs_-40c_vce1.0v,fs,hbt_typ,-40,8,1.0,0.61,5.825550e-09,0.000006,1.46506E+06,-33.448200,38.368600,38.368741,0.000141,vbe_low
20260918-203652-4293920,nx8_fs_-40c_vce1.0v,fs,hbt_typ,-40,8,1.0,0.63,1.558150e-08,0.000017,3.89822E+06,-33.435200,38.355700,38.355842,0.000142,vbe_low
20260918-203652-4293920,nx8_fs_-40c_vce1.0v,fs,hbt_typ,-40,8,1.0,0.65,4.167630e-08,0.000045,1.03715E+07,-33.421600,38.342200,38.342342,0.000142,
20260918-203652-4293920,nx8_fs_-40c_vce1.0v,fs,hbt_typ,-40,8,1.0,0.67,1.114720e-07,0.000121,2.7594E+07,-33.405100,38.326100,38.326243,0.000143,
20260918-203652-4293920,nx8_fs_-40c_vce1.0v,fs,hbt_typ,-40,8,1.0,0.69,2.981470e-07,0.000324,7.32997E+07,-33.372300,38.294300,38.294444,0.000144,
20260918-203652-4293920,nx8_fs_-40c_vce1.0v,fs,hbt_typ,-40,8,1.0,0.71,7.973940e-07,0.000865,1.94954E+08,-33.231600,38.156300,38.156448,0.000148,
20260918-203652-4293920,nx8_fs_-40c_vce1.0v,fs,hbt_typ,-40,8,1.0,0.73,2.132360e-06,0.002314,5.16564E+08,-32.423900,37.355900,37.356078,0.000178,
20260918-203652-4293920,nx8_fs_-40c_vce1.0v,fs,hbt_typ,-40,8,1.0,0.75,5.700480e-06,0.006185,1.37158E+09,-29.031600,33.984000,33.984387,0.000387,
20260918-203652-4293920,nx8_fs_-40c_vce1.0v,fs,hbt_typ,-40,8,1.0,0.77,1.522610e-05,0.016521,3.61757E+09,-22.196100,27.208200,27.210043,0.001843,
20260918-203652-4293920,nx8_fs_-40c_vce1.0v,fs,hbt_typ,-40,8,1.0,0.79,4.057350e-05,0.044025,9.47994E+09,-14.042300,19.246500,19.258016,0.011516,
20260918-203652-4293920,nx8_fs_-40c_vce1.0v,fs,hbt_typ,-40,8,1.0,0.81,1.074240e-04,0.116562,2.43777E+10,-5.776900,11.665700,11.731264,0.065564,
20260918-203652-4293920,nx8_fs_-40c_vce1.0v,fs,hbt_typ,-40,8,1.0,0.83,2.796260e-04,0.303414,5.96574E+10,2.163550,5.920460,6.161650,0.241190,
20260918-203652-4293920,nx8_fs_-40c_vce1.0v,fs,hbt_typ,-40,8,1.0,0.85,6.984370e-04,0.757853,1.31411E+11,9.296290,3.101790,3.552218,0.450428,
20260918-203652-4293920,nx8_fs_-40c_vce1.0v,fs,hbt_typ,-40,8,1.0,0.87,1.604470e-03,1.740961,2.40801E+11,14.993000,2.151610,2.705437,0.553827,
20260918-203652-4293920,nx8_fs_-40c_vce1.0v,fs,hbt_typ,-40,8,1.0,0.89,3.245460e-03,3.521549,3.53044E+11,18.921100,1.829580,2.423245,0.593665,
20260918-203652-4293920,nx8_fs_-40c_vce1.0v,fs,hbt_typ,-40,8,1.0,0.91,5.708650e-03,6.194282,4.33327E+11,21.373000,1.690370,2.302072,0.611702,
20260918-203652-4293920,nx8_fs_-40c_vce1.0v,fs,hbt_typ,-40,8,1.0,0.93,8.913270e-03,9.671517,4.80011E+11,22.890200,1.615770,2.237346,0.621576,
20260918-203652-4293920,nx8_fs_-40c_vce1.0v,fs,hbt_typ,-40,8,1.0,0.95,1.272740e-02,13.810113,5.04386E+11,23.875500,1.574710,2.201784,0.627074,
20260918-203652-4293920,nx8_fs_-40c_vce1.0v,fs,hbt_typ,-40,8,1.0,0.97,1.703910e-02,18.488607,5.11825E+11,24.555800,1.558750,2.187973,0.629223,vbe_high
20260918-203652-4293920,nx8_fs_-40c_vce1.0v,fs,hbt_typ,-40,8,1.0,0.99,2.177090e-02,23.622938,5.06959E+11,25.049500,1.566090,2.194324,0.628234,vbe_high
20260918-203652-4293920,nx8_fs_-40c_vce1.0v,fs,hbt_typ,-40,8,1.0,1.01,2.686890e-02,29.154622,4.8995E+11,25.419700,1.597340,2.221378,0.624038,ic_high;vbe_high
20260918-203652-4293920,nx8_fs_-40c_vce1.0v,fs,hbt_typ,-40,8,1.0,1.03,3.229530e-02,35.042643,4.60248E+11,25.699300,1.654250,2.270714,0.616464,ic_high;vbe_high
20260918-203652-4293920,nx8_fs_-40c_vce1.0v,fs,hbt_typ,-40,8,1.0,1.05,3.802530e-02,41.260091,4.18464E+11,25.904700,1.739260,2.344570,0.605310,ic_high;vbe_high
20260918-203652-4293920,nx8_fs_-40c_vce1.2v,fs,hbt_typ,-40,8,1.2,0.55,3.053650e-10,0.000000,,-33.595800,38.516300,38.516436,0.000136,vbe_low
20260918-203652-4293920,nx8_fs_-40c_vce1.2v,fs,hbt_typ,-40,8,1.2,0.57,8.156810e-10,0.000001,,-33.585500,38.506100,38.506237,0.000137,vbe_low
20260918-203652-4293920,nx8_fs_-40c_vce1.2v,fs,hbt_typ,-40,8,1.2,0.59,2.180690e-09,0.000002,,-33.575100,38.495600,38.495737,0.000137,vbe_low
20260918-203652-4293920,nx8_fs_-40c_vce1.2v,fs,hbt_typ,-40,8,1.2,0.61,5.831810e-09,0.000006,1.47249E+06,-33.564500,38.485000,38.485137,0.000137,vbe_low
20260918-203652-4293920,nx8_fs_-40c_vce1.2v,fs,hbt_typ,-40,8,1.2,0.63,1.559760e-08,0.000017,3.91679E+06,-33.553600,38.474200,38.474338,0.000138,vbe_low
20260918-203652-4293920,nx8_fs_-40c_vce1.2v,fs,hbt_typ,-40,8,1.2,0.65,4.171820e-08,0.000045,1.04257E+07,-33.542100,38.462800,38.462938,0.000138,
20260918-203652-4293920,nx8_fs_-40c_vce1.2v,fs,hbt_typ,-40,8,1.2,0.67,1.115820e-07,0.000121,2.77293E+07,-33.527800,38.448900,38.449039,0.000139,
20260918-203652-4293920,nx8_fs_-40c_vce1.2v,fs,hbt_typ,-40,8,1.2,0.69,2.984380e-07,0.000324,7.36958E+07,-33.496800,38.418900,38.419040,0.000140,
20260918-203652-4293920,nx8_fs_-40c_vce1.2v,fs,hbt_typ,-40,8,1.2,0.71,7.981710e-07,0.000866,1.95947E+08,-33.354500,38.279300,38.279444,0.000144,
20260918-203652-4293920,nx8_fs_-40c_vce1.2v,fs,hbt_typ,-40,8,1.2,0.73,2.134490e-06,0.002316,5.1949E+08,-32.526700,37.458900,37.459074,0.000174,
20260918-203652-4293920,nx8_fs_-40c_vce1.2v,fs,hbt_typ,-40,8,1.2,0.75,5.706560e-06,0.006192,1.37902E+09,-29.074500,34.027100,34.027484,0.000384,
20260918-203652-4293920,nx8_fs_-40c_vce1.2v,fs,hbt_typ,-40,8,1.2,0.77,1.524530e-05,0.016542,3.63696E+09,-22.196400,27.208800,27.210643,0.001843,
20260918-203652-4293920,nx8_fs_-40c_vce1.2v,fs,hbt_typ,-40,8,1.2,0.79,4.064480e-05,0.044102,9.54165E+09,-14.029300,19.234300,19.245848,0.011548,
20260918-203652-4293920,nx8_fs_-40c_vce1.2v,fs,hbt_typ,-40,8,1.2,0.81,1.077430e-04,0.116909,2.45613E+10,-5.753290,11.645900,11.711762,0.065862,
20260918-203652-4293920,nx8_fs_-40c_vce1.2v,fs,hbt_typ,-40,8,1.2,0.83,2.812300e-04,0.305154,6.02789E+10,2.206720,5.896840,6.139309,0.242469,
20260918-203652-4293920,nx8_fs_-40c_vce1.2v,fs,hbt_typ,-40,8,1.2,0.85,7.064010e-04,0.766494,1.33234E+11,9.372490,3.084000,3.536184,0.452184,
20260918-203652-4293920,nx8_fs_-40c_vce1.2v,fs,hbt_typ,-40,8,1.2,0.87,1.637710e-03,1.777029,2.45351E+11,15.105800,2.140650,2.695791,0.555141,
20260918-203652-4293920,nx8_fs_-40c_vce1.2v,fs,hbt_typ,-40,8,1.2,0.89,3.349380e-03,3.634310,3.59781E+11,19.052700,1.822130,2.416748,0.594618,
20260918-203652-4293920,nx8_fs_-40c_vce1.2v,fs,hbt_typ,-40,8,1.2,0.91,5.951720e-03,6.458030,4.41392E+11,21.503900,1.684530,2.296999,0.612469,
20260918-203652-4293920,nx8_fs_-40c_vce1.2v,fs,hbt_typ,-40,8,1.2,0.93,9.369900e-03,10.166992,4.87967E+11,23.014300,1.611700,2.233819,0.622119,
20260918-203652-4293920,nx8_fs_-40c_vce1.2v,fs,hbt_typ,-40,8,1.2,0.95,1.347120e-02,14.617188,5.10764E+11,23.994200,1.574360,2.201481,0.627121,
20260918-203652-4293920,nx8_fs_-40c_vce1.2v,fs,hbt_typ,-40,8,1.2,0.97,1.813910e-02,19.682183,5.16596E+11,24.671500,1.565710,2.193995,0.628285,vbe_high
20260918-203652-4293920,nx8_fs_-40c_vce1.2v,fs,hbt_typ,-40,8,1.2,0.99,2.330260e-02,25.284939,5.09514E+11,25.163400,1.585600,2.211212,0.625612,vbe_high
20260918-203652-4293920,nx8_fs_-40c_vce1.2v,fs,hbt_typ,-40,8,1.2,1.01,2.890400e-02,31.362847,4.89159E+11,25.531300,1.636510,2.255326,0.618816,ic_high;vbe_high
20260918-203652-4293920,nx8_fs_-40c_vce1.2v,fs,hbt_typ,-40,8,1.2,1.03,3.491180e-02,37.881727,4.56191E+11,25.807800,1.722230,2.329759,0.607529,ic_high;vbe_high
20260918-203652-4293920,nx8_fs_-40c_vce1.2v,fs,hbt_typ,-40,8,1.2,1.05,4.130340e-02,44.817057,4.10798E+11,26.007400,1.847280,2.438688,0.591408,ic_high;vbe_high
20260918-203652-4293920,nx8_fs_-40c_vce1.4v,fs,hbt_typ,-40,8,1.4,0.55,3.060350e-10,0.000000,,-33.690300,38.611000,38.611133,0.000133,vbe_low
20260918-203652-4293920,nx8_fs_-40c_vce1.4v,fs,hbt_typ,-40,8,1.4,0.57,8.170870e-10,0.000001,,-33.681500,38.602100,38.602234,0.000134,vbe_low
20260918-203652-4293920,nx8_fs_-40c_vce1.4v,fs,hbt_typ,-40,8,1.4,0.59,2.183990e-09,0.000002,,-33.672500,38.593100,38.593234,0.000134,vbe_low
20260918-203652-4293920,nx8_fs_-40c_vce1.4v,fs,hbt_typ,-40,8,1.4,0.61,5.839980e-09,0.000006,1.47944E+06,-33.663300,38.584000,38.584134,0.000134,vbe_low
20260918-203652-4293920,nx8_fs_-40c_vce1.4v,fs,hbt_typ,-40,8,1.4,0.63,1.561830e-08,0.000017,3.93402E+06,-33.654000,38.574700,38.574835,0.000135,vbe_low
20260918-203652-4293920,nx8_fs_-40c_vce1.4v,fs,hbt_typ,-40,8,1.4,0.65,4.177150e-08,0.000045,1.04754E+07,-33.644000,38.564900,38.565035,0.000135,
20260918-203652-4293920,nx8_fs_-40c_vce1.4v,fs,hbt_typ,-40,8,1.4,0.67,1.117190e-07,0.000121,2.78527E+07,-33.631200,38.552500,38.552635,0.000135,
20260918-203652-4293920,nx8_fs_-40c_vce1.4v,fs,hbt_typ,-40,8,1.4,0.69,2.987950e-07,0.000324,7.40536E+07,-33.601300,38.523600,38.523736,0.000136,
20260918-203652-4293920,nx8_fs_-40c_vce1.4v,fs,hbt_typ,-40,8,1.4,0.71,7.991070e-07,0.000867,1.96838E+08,-33.457300,38.382300,38.382441,0.000141,
20260918-203652-4293920,nx8_fs_-40c_vce1.4v,fs,hbt_typ,-40,8,1.4,0.73,2.136990e-06,0.002319,5.22098E+08,-32.611500,37.543800,37.543971,0.000171,
20260918-203652-4293920,nx8_fs_-40c_vce1.4v,fs,hbt_typ,-40,8,1.4,0.75,5.713540e-06,0.006200,1.3856E+09,-29.107600,34.060400,34.060781,0.000381,
20260918-203652-4293920,nx8_fs_-40c_vce1.4v,fs,hbt_typ,-40,8,1.4,0.77,1.526670e-05,0.016565,3.65410E+09,-22.193700,27.206300,27.208144,0.001844,
20260918-203652-4293920,nx8_fs_-40c_vce1.4v,fs,hbt_typ,-40,8,1.4,0.79,4.072130e-05,0.044185,9.59629E+09,-14.015000,19.220700,19.232284,0.011584,
20260918-203652-4293920,nx8_fs_-40c_vce1.4v,fs,hbt_typ,-40,8,1.4,0.81,1.080750e-04,0.117269,2.4726E+10,-5.728530,11.625000,11.691177,0.066177,
20260918-203652-4293920,nx8_fs_-40c_vce1.4v,fs,hbt_typ,-40,8,1.4,0.83,2.828870e-04,0.306952,6.08476E+10,2.251430,5.872220,6.116030,0.243810,
20260918-203652-4293920,nx8_fs_-40c_vce1.4v,fs,hbt_typ,-40,8,1.4,0.85,7.146840e-04,0.775482,1.35095E+11,9.451160,3.065550,3.519562,0.454012,
20260918-203652-4293920,nx8_fs_-40c_vce1.4v,fs,hbt_typ,-40,8,1.4,0.87,1.673020e-03,1.815343,2.49625E+11,15.221800,2.129260,2.685769,0.556509,
20260918-203652-4293920,nx8_fs_-40c_vce1.4v,fs,hbt_typ,-40,8,1.4,0.89,3.462540e-03,3.757096,3.66027E+11,19.186000,1.814380,2.409990,0.595610,
20260918-203652-4293920,nx8_fs_-40c_vce1.4v,fs,hbt_typ,-40,8,1.4,0.91,6.221870e-03,6.751161,4.48608E+11,21.633000,1.678550,2.291807,0.613257,
20260918-203652-4293920,nx8_fs_-40c_vce1.4v,fs,hbt_typ,-40,8,1.4,0.93,9.886630e-03,10.727680,4.94665E+11,23.134800,1.607970,2.230587,0.622617,
20260918-203652-4293920,nx8_fs_-40c_vce1.4v,fs,hbt_typ,-40,8,1.4,0.95,1.432270e-02,15.541124,5.1553E+11,24.111800,1.575610,2.202563,0.626953,
20260918-203652-4293920,nx8_fs_-40c_vce1.4v,fs,hbt_typ,-40,8,1.4,0.97,1.942790e-02,21.080621,5.19092E+11,24.789400,1.576970,2.203740,0.626770,vbe_high
20260918-203652-4293920,nx8_fs_-40c_vce1.4v,fs,hbt_typ,-40,8,1.4,0.99,2.511860e-02,27.255425,5.08423E+11,25.280400,1.614500,2.236246,0.621746,ic_high;vbe_high
20260918-203652-4293920,nx8_fs_-40c_vce1.4v,fs,hbt_typ,-40,8,1.4,1.01,3.135340e-02,34.020616,4.82069E+11,25.643000,1.693600,2.304878,0.611278,ic_high;vbe_high
20260918-203652-4293920,nx8_fs_-40c_vce1.4v,fs,hbt_typ,-40,8,1.4,1.03,3.810550e-02,41.347114,4.42622E+11,25.908100,1.821350,2.416067,0.594717,ic_high;vbe_high
20260918-203652-4293920,nx8_fs_-40c_vce1.4v,fs,hbt_typ,-40,8,1.4,1.05,4.535830e-02,49.216905,3.91154E+11,26.089800,2.005570,2.577143,0.571573,ic_high;vbe_high
20260918-203652-4293920,nx8_fs_125c_vce0.6v,fs,hbt_typ,125,8,0.6,0.55,1.743950e-05,0.018923,2.39138E+09,-25.358100,32.658900,32.658131,-0.000769,vbe_low
20260918-203652-4293920,nx8_fs_125c_vce0.6v,fs,hbt_typ,125,8,0.6,0.57,3.050100e-05,0.033096,4.13138E+09,-21.094100,28.441500,28.439469,-0.002031,vbe_low
20260918-203652-4293920,nx8_fs_125c_vce0.6v,fs,hbt_typ,125,8,0.6,0.59,5.328980e-05,0.057823,7.13025E+09,-16.486400,23.921400,23.915648,-0.005752,vbe_low
20260918-203652-4293920,nx8_fs_125c_vce0.6v,fs,hbt_typ,125,8,0.6,0.61,9.293630e-05,0.100842,1.22057E+10,-11.778500,19.383700,19.367327,-0.016373,vbe_low
20260918-203652-4293920,nx8_fs_125c_vce0.6v,fs,hbt_typ,125,8,0.6,0.63,1.615710e-04,0.175316,2.06199E+10,-7.085640,15.029000,14.984228,-0.044772,vbe_low
20260918-203652-4293920,nx8_fs_125c_vce0.6v,fs,hbt_typ,125,8,0.6,0.65,2.793900e-04,0.303158,3.43048E+10,-2.481530,11.089900,10.978147,-0.111753,
20260918-203652-4293920,nx8_fs_125c_vce0.6v,fs,hbt_typ,125,8,0.6,0.67,4.788200e-04,0.519553,5.5401E+10,1.957570,7.861340,7.622885,-0.238455,
20260918-203652-4293920,nx8_fs_125c_vce0.6v,fs,hbt_typ,125,8,0.6,0.69,8.088950e-04,0.877707,8.56951E+10,6.135330,5.566110,5.153511,-0.412599,
20260918-203652-4293920,nx8_fs_125c_vce0.6v,fs,hbt_typ,125,8,0.6,0.71,1.337120e-03,1.450868,1.25417E+11,9.937510,4.157200,3.575481,-0.581719,
20260918-203652-4293920,nx8_fs_125c_vce0.6v,fs,hbt_typ,125,8,0.6,0.73,2.144270e-03,2.326682,1.71038E+11,13.255200,3.368580,2.661111,-0.707469,
20260918-203652-4293920,nx8_fs_125c_vce0.6v,fs,hbt_typ,125,8,0.6,0.75,3.309760e-03,3.591319,2.16878E+11,16.022500,2.934080,2.145000,-0.789080,
20260918-203652-4293920,nx8_fs_125c_vce0.6v,fs,hbt_typ,125,8,0.6,0.77,4.892850e-03,5.309082,2.56422E+11,18.240900,2.685980,1.845728,-0.840252,
20260918-203652-4293920,nx8_fs_125c_vce0.6v,fs,hbt_typ,125,8,0.6,0.79,6.921130e-03,7.509907,2.85093E+11,19.969700,2.538260,1.665815,-0.872445,
20260918-203652-4293920,nx8_fs_125c_vce0.6v,fs,hbt_typ,125,8,0.6,0.81,9.391910e-03,10.190875,3.00974E+11,21.295000,2.450690,1.558519,-0.892171,
20260918-203652-4293920,nx8_fs_125c_vce0.6v,fs,hbt_typ,125,8,0.6,0.83,1.228180e-02,13.326606,3.07723E+11,22.302400,2.405300,1.502711,-0.902589,
20260918-203652-4293920,nx8_fs_125c_vce0.6v,fs,hbt_typ,125,8,0.6,0.85,1.555640e-02,16.879774,3.05884E+11,23.052600,2.394560,1.489486,-0.905074,
20260918-203652-4293920,nx8_fs_125c_vce0.6v,fs,hbt_typ,125,8,0.6,0.87,1.917420e-02,20.805339,2.94993E+11,23.524900,2.416410,1.516383,-0.900027,
20260918-203652-4293920,nx8_fs_125c_vce0.6v,fs,hbt_typ,125,8,0.6,0.89,2.306310e-02,25.025065,2.63902E+11,23.277500,2.476750,1.590500,-0.886250,
20260918-203652-4293920,nx8_fs_125c_vce0.6v,fs,hbt_typ,125,8,0.6,0.91,2.699580e-02,29.292318,1.82979E+11,20.788000,2.606870,1.749543,-0.857327,ic_high
20260918-203652-4293920,nx8_fs_125c_vce0.6v,fs,hbt_typ,125,8,0.6,0.93,3.058140e-02,33.182943,1.0246E+11,16.950000,2.832660,2.023087,-0.809573,ic_high
20260918-203652-4293920,nx8_fs_125c_vce0.6v,fs,hbt_typ,125,8,0.6,0.95,3.382000e-02,36.697049,6.30497E+10,14.254600,3.115070,2.361168,-0.753902,ic_high
20260918-203652-4293920,nx8_fs_125c_vce0.6v,fs,hbt_typ,125,8,0.6,0.97,3.693240e-02,40.074219,4.26508E+10,12.238900,3.460530,2.769128,-0.691402,ic_high;vbe_high
20260918-203652-4293920,nx8_fs_125c_vce0.6v,fs,hbt_typ,125,8,0.6,0.99,4.000350e-02,43.406576,2.90506E+10,9.849890,3.941910,3.328440,-0.613470,ic_high;vbe_high
20260918-203652-4293920,nx8_fs_125c_vce0.6v,fs,hbt_typ,125,8,0.6,1.01,4.295400e-02,46.608073,1.8461E+10,6.329640,4.710250,4.202330,-0.507920,ic_high;vbe_high
20260918-203652-4293920,nx8_fs_125c_vce0.6v,fs,hbt_typ,125,8,0.6,1.03,4.561210e-02,49.492296,1.06536E+10,1.596580,6.064670,5.698762,-0.365908,ic_high;vbe_high
20260918-203652-4293920,nx8_fs_125c_vce0.6v,fs,hbt_typ,125,8,0.6,1.05,4.782750e-02,51.896159,5.62999E+09,-3.877550,8.449230,8.241698,-0.207532,ic_high;vbe_high
20260918-203652-4293920,nx8_fs_125c_vce0.8v,fs,hbt_typ,125,8,0.8,0.55,1.745960e-05,0.018945,2.41896E+09,-25.401900,32.703200,32.702439,-0.000761,vbe_low
20260918-203652-4293920,nx8_fs_125c_vce0.8v,fs,hbt_typ,125,8,0.8,0.57,3.054110e-05,0.033139,4.18391E+09,-21.103800,28.451700,28.449674,-0.002026,vbe_low
20260918-203652-4293920,nx8_fs_125c_vce0.8v,fs,hbt_typ,125,8,0.8,0.59,5.337400e-05,0.057914,7.21623E+09,-16.480300,23.916100,23.910341,-0.005759,vbe_low
20260918-203652-4293920,nx8_fs_125c_vce0.8v,fs,hbt_typ,125,8,0.8,0.61,9.312450e-05,0.101047,1.23732E+10,-11.764000,19.370500,19.354077,-0.016423,vbe_low
20260918-203652-4293920,nx8_fs_125c_vce0.8v,fs,hbt_typ,125,8,0.8,0.63,1.620150e-04,0.175798,2.09231E+10,-7.063790,15.010100,14.965131,-0.044969,vbe_low
20260918-203652-4293920,nx8_fs_125c_vce0.8v,fs,hbt_typ,125,8,0.8,0.65,2.804820e-04,0.304342,3.48866E+10,-2.450550,11.065900,10.953520,-0.112380,
20260918-203652-4293920,nx8_fs_125c_vce0.8v,fs,hbt_typ,125,8,0.8,0.67,4.815540e-04,0.522520,5.64476E+10,2.001210,7.834480,7.594504,-0.239976,
20260918-203652-4293920,nx8_fs_125c_vce0.8v,fs,hbt_typ,125,8,0.8,0.69,8.156880e-04,0.885078,8.76499E+10,6.195940,5.540270,5.125088,-0.415182,
20260918-203652-4293920,nx8_fs_125c_vce0.8v,fs,hbt_typ,125,8,0.8,0.71,1.353370e-03,1.468500,1.28598E+11,10.018500,4.135550,3.550719,-0.584831,
20260918-203652-4293920,nx8_fs_125c_vce0.8v,fs,hbt_typ,125,8,0.8,0.73,2.180650e-03,2.366157,1.76426E+11,13.357300,3.351880,2.641450,-0.710430,
20260918-203652-4293920,nx8_fs_125c_vce0.8v,fs,hbt_typ,125,8,0.8,0.75,3.384410e-03,3.672320,2.24808E+11,16.142400,2.921670,2.130114,-0.791556,
20260918-203652-4293920,nx8_fs_125c_vce0.8v,fs,hbt_typ,125,8,0.8,0.77,5.031970e-03,5.460037,2.67206E+11,18.373300,2.677170,1.835035,-0.842135,
20260918-203652-4293920,nx8_fs_125c_vce0.8v,fs,hbt_typ,125,8,0.8,0.79,7.157420e-03,7.766298,3.01093E+11,20.111100,2.533080,1.659481,-0.873599,
20260918-203652-4293920,nx8_fs_125c_vce0.8v,fs,hbt_typ,125,8,0.8,0.81,9.761700e-03,10.592122,3.25204E+11,21.446100,2.450140,1.557843,-0.892297,
20260918-203652-4293920,nx8_fs_125c_vce0.8v,fs,hbt_typ,125,8,0.8,0.83,1.282250e-02,13.913303,3.38785E+11,22.466100,2.411470,1.510305,-0.901165,
20260918-203652-4293920,nx8_fs_125c_vce0.8v,fs,hbt_typ,125,8,0.8,0.85,1.630530e-02,17.692383,3.40681E+11,23.239000,2.410440,1.509037,-0.901403,
20260918-203652-4293920,nx8_fs_125c_vce0.8v,fs,hbt_typ,125,8,0.8,0.87,2.017180e-02,21.887804,3.31559E+11,23.815900,2.445010,1.551542,-0.893468,
20260918-203652-4293920,nx8_fs_125c_vce0.8v,fs,hbt_typ,125,8,0.8,0.89,2.438350e-02,26.457791,3.13287E+11,24.221000,2.515200,1.637607,-0.877593,ic_high
20260918-203652-4293920,nx8_fs_125c_vce0.8v,fs,hbt_typ,125,8,0.8,0.91,2.890060e-02,31.359158,2.86482E+11,24.417400,2.622500,1.768577,-0.853923,ic_high
20260918-203652-4293920,nx8_fs_125c_vce0.8v,fs,hbt_typ,125,8,0.8,0.93,3.364590e-02,36.508138,2.39269E+11,23.858000,2.775180,1.953734,-0.821446,ic_high
20260918-203652-4293920,nx8_fs_125c_vce0.8v,fs,hbt_typ,125,8,0.8,0.95,3.832500e-02,41.585286,1.50593E+11,20.828800,3.009010,2.234707,-0.774303,ic_high
20260918-203652-4293920,nx8_fs_125c_vce0.8v,fs,hbt_typ,125,8,0.8,0.97,4.253570e-02,46.154188,8.46278E+10,17.062500,3.338010,2.625110,-0.712900,ic_high;vbe_high
20260918-203652-4293920,nx8_fs_125c_vce0.8v,fs,hbt_typ,125,8,0.8,0.99,4.639910e-02,50.346246,5.45914E+10,14.540400,3.727220,3.080229,-0.646991,ic_high;vbe_high
20260918-203652-4293920,nx8_fs_125c_vce0.8v,fs,hbt_typ,125,8,0.8,1.01,5.015870e-02,54.425673,3.87978E+10,12.633300,4.180200,3.601767,-0.578433,ic_high;vbe_high
20260918-203652-4293920,nx8_fs_125c_vce0.8v,fs,hbt_typ,125,8,0.8,1.03,5.389470e-02,58.479492,2.81551E+10,10.495300,4.735300,4.230478,-0.504822,ic_high;vbe_high
20260918-203652-4293920,nx8_fs_125c_vce0.8v,fs,hbt_typ,125,8,0.8,1.05,5.751610e-02,62.408963,1.93518E+10,7.357570,5.485700,5.065005,-0.420695,ic_high;vbe_high
20260918-203652-4293920,nx8_fs_125c_vce1.0v,fs,hbt_typ,125,8,1.0,0.55,1.747970e-05,0.018967,2.43873E+09,-25.428300,32.729900,32.729144,-0.000756,vbe_low
20260918-203652-4293920,nx8_fs_125c_vce1.0v,fs,hbt_typ,125,8,1.0,0.57,3.058100e-05,0.033183,4.22116E+09,-21.106500,28.454800,28.452776,-0.002024,vbe_low
20260918-203652-4293920,nx8_fs_125c_vce1.0v,fs,hbt_typ,125,8,1.0,0.59,5.345770e-05,0.058005,7.27694E+09,-16.471900,23.908400,23.902631,-0.005769,vbe_low
20260918-203652-4293920,nx8_fs_125c_vce1.0v,fs,hbt_typ,125,8,1.0,0.61,9.331120e-05,0.101249,1.24908E+10,-11.748900,19.356600,19.340125,-0.016475,vbe_low
20260918-203652-4293920,nx8_fs_125c_vce1.0v,fs,hbt_typ,125,8,1.0,0.63,1.624570e-04,0.176277,2.11574E+10,-7.042110,14.991000,14.945832,-0.045168,vbe_low
20260918-203652-4293920,nx8_fs_125c_vce1.0v,fs,hbt_typ,125,8,1.0,0.65,2.815740e-04,0.305527,3.52952E+10,-2.420000,11.042100,10.929094,-0.113006,
20260918-203652-4293920,nx8_fs_125c_vce1.0v,fs,hbt_typ,125,8,1.0,0.67,4.843090e-04,0.525509,5.71862E+10,2.044400,7.807760,7.566261,-0.241499,
20260918-203652-4293920,nx8_fs_125c_vce1.0v,fs,hbt_typ,125,8,1.0,0.69,8.225980e-04,0.892576,8.90308E+10,6.256220,5.514480,5.096702,-0.417778,
20260918-203652-4293920,nx8_fs_125c_vce1.0v,fs,hbt_typ,125,8,1.0,0.71,1.370080e-03,1.486632,1.30831E+11,10.099500,4.113910,3.525951,-0.587959,
20260918-203652-4293920,nx8_fs_125c_vce1.0v,fs,hbt_typ,125,8,1.0,0.73,2.218570e-03,2.407303,1.8009E+11,13.459500,3.335150,2.621740,-0.713410,
20260918-203652-4293920,nx8_fs_125c_vce1.0v,fs,hbt_typ,125,8,1.0,0.75,3.463320e-03,3.757943,2.29878E+11,16.262200,2.909230,2.115182,-0.794048,
20260918-203652-4293920,nx8_fs_125c_vce1.0v,fs,hbt_typ,125,8,1.0,0.77,5.181100e-03,5.621853,2.74386E+11,18.503800,2.668420,1.824411,-0.844009,
20260918-203652-4293920,nx8_fs_125c_vce1.0v,fs,hbt_typ,125,8,1.0,0.79,7.413910e-03,8.044607,3.09705E+11,20.245100,2.528260,1.653587,-0.874673,
20260918-203652-4293920,nx8_fs_125c_vce1.0v,fs,hbt_typ,125,8,1.0,0.81,1.016750e-02,11.032444,3.34295E+11,21.578000,2.450640,1.558457,-0.892183,
20260918-203652-4293920,nx8_fs_125c_vce1.0v,fs,hbt_typ,125,8,1.0,0.83,1.342130e-02,14.563043,3.51372E+11,22.593300,2.420000,1.520799,-0.899201,
20260918-203652-4293920,nx8_fs_125c_vce1.0v,fs,hbt_typ,125,8,1.0,0.85,1.714070e-02,18.598850,3.58855E+11,23.364800,2.431060,1.534400,-0.896660,
20260918-203652-4293920,nx8_fs_125c_vce1.0v,fs,hbt_typ,125,8,1.0,0.87,2.128580e-02,23.096571,3.57119E+11,23.945900,2.483120,1.598311,-0.884809,
20260918-203652-4293920,nx8_fs_125c_vce1.0v,fs,hbt_typ,125,8,1.0,0.89,2.581670e-02,28.012912,3.4076E+11,24.365200,2.577420,1.713639,-0.863781,ic_high
20260918-203652-4293920,nx8_fs_125c_vce1.0v,fs,hbt_typ,125,8,1.0,0.91,3.069530e-02,33.306532,3.14177E+11,24.645100,2.715750,1.881826,-0.833924,ic_high
20260918-203652-4293920,nx8_fs_125c_vce1.0v,fs,hbt_typ,125,8,1.0,0.93,3.588560e-02,38.938368,2.76783E+11,24.765200,2.899940,2.104026,-0.795914,ic_high
20260918-203652-4293920,nx8_fs_125c_vce1.0v,fs,hbt_typ,125,8,1.0,0.95,4.133820e-02,44.854818,2.2949E+11,24.503100,3.133560,2.383154,-0.750406,ic_high
20260918-203652-4293920,nx8_fs_125c_vce1.0v,fs,hbt_typ,125,8,1.0,0.97,4.686130e-02,50.847765,1.58366E+11,22.440800,3.437820,2.742487,-0.695333,ic_high;vbe_high
20260918-203652-4293920,nx8_fs_125c_vce1.0v,fs,hbt_typ,125,8,1.0,0.99,5.196010e-02,56.380317,9.02484E+10,18.482100,3.844040,3.215526,-0.628514,ic_high;vbe_high
20260918-203652-4293920,nx8_fs_125c_vce1.0v,fs,hbt_typ,125,8,1.0,1.01,5.656750e-02,61.379666,5.71618E+10,15.513100,4.321730,3.763090,-0.558640,ic_high;vbe_high
20260918-203652-4293920,nx8_fs_125c_vce1.0v,fs,hbt_typ,125,8,1.0,1.03,6.096750e-02,66.153971,4.07761E+10,13.457000,4.852220,4.361594,-0.490626,ic_high;vbe_high
20260918-203652-4293920,nx8_fs_125c_vce1.0v,fs,hbt_typ,125,8,1.0,1.05,6.531610e-02,70.872504,3.08682E+10,11.632600,5.441380,5.016152,-0.425228,ic_high;vbe_high
20260918-203652-4293920,nx8_fs_125c_vce1.2v,fs,hbt_typ,125,8,1.2,0.55,1.750420e-05,0.018993,2.45479E+09,-25.444300,32.746200,32.745446,-0.000754,vbe_low
20260918-203652-4293920,nx8_fs_125c_vce1.2v,fs,hbt_typ,125,8,1.2,0.57,3.062730e-05,0.033233,4.25113E+09,-21.104500,28.453200,28.451175,-0.002025,vbe_low
20260918-203652-4293920,nx8_fs_125c_vce1.2v,fs,hbt_typ,125,8,1.2,0.59,5.355090e-05,0.058106,7.32568E+09,-16.461300,23.898300,23.892517,-0.005783,vbe_low
20260918-203652-4293920,nx8_fs_125c_vce1.2v,fs,hbt_typ,125,8,1.2,0.61,9.351210e-05,0.101467,1.25848E+10,-11.732600,19.341400,19.324867,-0.016533,vbe_low
20260918-203652-4293920,nx8_fs_125c_vce1.2v,fs,hbt_typ,125,8,1.2,0.63,1.629200e-04,0.176780,2.1345E+10,-7.019650,14.971100,14.925724,-0.045376,vbe_low
20260918-203652-4293920,nx8_fs_125c_vce1.2v,fs,hbt_typ,125,8,1.2,0.65,2.827030e-04,0.306752,3.56254E+10,-2.388890,11.017600,10.903947,-0.113653,
20260918-203652-4293920,nx8_fs_125c_vce1.2v,fs,hbt_typ,125,8,1.2,0.67,4.871430e-04,0.528584,5.77899E+10,2.088020,7.780430,7.537363,-0.243067,
20260918-203652-4293920,nx8_fs_125c_vce1.2v,fs,hbt_typ,125,8,1.2,0.69,8.297130e-04,0.900296,9.01699E+10,6.316850,5.488260,5.067826,-0.420434,
20260918-203652-4293920,nx8_fs_125c_vce1.2v,fs,hbt_typ,125,8,1.2,0.71,1.387410e-03,1.505436,1.32766E+11,10.180700,4.091990,3.500843,-0.591147,
20260918-203652-4293920,nx8_fs_125c_vce1.2v,fs,hbt_typ,125,8,1.2,0.73,2.258310e-03,2.450423,1.83112E+11,13.561800,3.318280,2.601851,-0.716429,
20260918-203652-4293920,nx8_fs_125c_vce1.2v,fs,hbt_typ,125,8,1.2,0.75,3.547130e-03,3.848882,2.3398E+11,16.381800,2.896720,2.100158,-0.796562,
20260918-203652-4293920,nx8_fs_125c_vce1.2v,fs,hbt_typ,125,8,1.2,0.77,5.341730e-03,5.796148,2.79962E+11,18.634200,2.659740,1.813866,-0.845874,
20260918-203652-4293920,nx8_fs_125c_vce1.2v,fs,hbt_typ,125,8,1.2,0.79,7.693920e-03,8.348438,3.15983E+11,20.379100,2.523820,1.648155,-0.875665,
20260918-203652-4293920,nx8_fs_125c_vce1.2v,fs,hbt_typ,125,8,1.2,0.81,1.061600e-02,11.519097,3.41499E+11,21.709300,2.452300,1.560496,-0.891804,
20260918-203652-4293920,nx8_fs_125c_vce1.2v,fs,hbt_typ,125,8,1.2,0.83,1.409040e-02,15.289062,3.58272E+11,22.716300,2.431270,1.534658,-0.896612,
20260918-203652-4293920,nx8_fs_125c_vce1.2v,fs,hbt_typ,125,8,1.2,0.85,1.808290e-02,19.621202,3.65741E+11,23.475000,2.457240,1.566561,-0.890679,
20260918-203652-4293920,nx8_fs_125c_vce1.2v,fs,hbt_typ,125,8,1.2,0.87,2.255270e-02,24.471246,3.64863E+11,24.041100,2.531310,1.657317,-0.873993,
20260918-203652-4293920,nx8_fs_125c_vce1.2v,fs,hbt_typ,125,8,1.2,0.89,2.745790e-02,29.793728,3.54662E+11,24.452400,2.656380,1.809784,-0.846596,ic_high
20260918-203652-4293920,nx8_fs_125c_vce1.2v,fs,hbt_typ,125,8,1.2,0.91,3.275790e-02,35.544596,3.29811E+11,24.725800,2.835690,2.026738,-0.808952,ic_high
20260918-203652-4293920,nx8_fs_125c_vce1.2v,fs,hbt_typ,125,8,1.2,0.93,3.841390e-02,41.681749,2.88394E+11,24.852600,3.071810,2.309658,-0.762152,ic_high
20260918-203652-4293920,nx8_fs_125c_vce1.2v,fs,hbt_typ,125,8,1.2,0.95,4.438760e-02,48.163628,2.4089E+11,24.821000,3.365930,2.657992,-0.707938,ic_high
20260918-203652-4293920,nx8_fs_125c_vce1.2v,fs,hbt_typ,125,8,1.2,0.97,5.062640e-02,54.933160,1.84612E+11,24.331900,3.719710,3.071512,-0.648198,ic_high;vbe_high
20260918-203652-4293920,nx8_fs_125c_vce1.2v,fs,hbt_typ,125,8,1.2,0.99,5.691600e-02,61.757813,1.21761E+11,21.998200,4.149950,3.567191,-0.582759,ic_high;vbe_high
20260918-203652-4293920,nx8_fs_125c_vce1.2v,fs,hbt_typ,125,8,1.2,1.01,6.270600e-02,68.040365,7.25591E+10,18.026200,4.677280,4.165252,-0.512028,ic_high;vbe_high
20260918-203652-4293920,nx8_fs_125c_vce1.2v,fs,hbt_typ,125,8,1.2,1.03,6.794880e-02,73.729167,4.79865E+10,15.033100,5.265300,4.821548,-0.443752,ic_high;vbe_high
20260918-203652-4293920,nx8_fs_125c_vce1.2v,fs,hbt_typ,125,8,1.2,1.05,7.294090e-02,79.145942,3.50473E+10,12.857800,5.892120,5.510711,-0.381409,ic_high;vbe_high
20260918-203652-4293920,nx8_fs_125c_vce1.4v,fs,hbt_typ,125,8,1.4,0.55,1.754420e-05,0.019037,2.47008E+09,-25.449400,32.751500,32.750747,-0.000753,vbe_low
20260918-203652-4293920,nx8_fs_125c_vce1.4v,fs,hbt_typ,125,8,1.4,0.57,3.069830e-05,0.033310,4.27916E+09,-21.094800,28.443700,28.441670,-0.002030,vbe_low
20260918-203652-4293920,nx8_fs_125c_vce1.4v,fs,hbt_typ,125,8,1.4,0.59,5.368330e-05,0.058250,7.37433E+09,-16.444600,23.881900,23.876095,-0.005805,vbe_low
20260918-203652-4293920,nx8_fs_125c_vce1.4v,fs,hbt_typ,125,8,1.4,0.61,9.377570e-05,0.101753,1.26706E+10,-11.711000,19.320700,19.304088,-0.016612,vbe_low
20260918-203652-4293920,nx8_fs_125c_vce1.4v,fs,hbt_typ,125,8,1.4,0.63,1.634850e-04,0.177393,2.15149E+10,-6.992190,14.946100,14.900460,-0.045640,vbe_low
20260918-203652-4293920,nx8_fs_125c_vce1.4v,fs,hbt_typ,125,8,1.4,0.65,2.840010e-04,0.308161,3.59242E+10,-2.352920,10.988300,10.873867,-0.114433,
20260918-203652-4293920,nx8_fs_125c_vce1.4v,fs,hbt_typ,125,8,1.4,0.67,4.902720e-04,0.531979,5.83372E+10,2.136390,7.748930,7.504043,-0.244887,
20260918-203652-4293920,nx8_fs_125c_vce1.4v,fs,hbt_typ,125,8,1.4,0.69,8.373980e-04,0.908635,9.12052E+10,6.381740,5.458770,5.035327,-0.423443,
20260918-203652-4293920,nx8_fs_125c_vce1.4v,fs,hbt_typ,125,8,1.4,0.71,1.405970e-03,1.525575,1.34781E+11,10.264500,4.067860,3.473184,-0.594676,
20260918-203652-4293920,nx8_fs_125c_vce1.4v,fs,hbt_typ,125,8,1.4,0.73,2.300930e-03,2.496669,1.85843E+11,13.662800,3.300100,2.580402,-0.719698,
20260918-203652-4293920,nx8_fs_125c_vce1.4v,fs,hbt_typ,125,8,1.4,0.75,3.637650e-03,3.947103,2.38035E+11,16.493700,2.883650,2.084452,-0.799198,
20260918-203652-4293920,nx8_fs_125c_vce1.4v,fs,hbt_typ,125,8,1.4,0.77,5.516910e-03,5.986230,2.84796E+11,18.749400,2.651100,1.803366,-0.847734,
20260918-203652-4293920,nx8_fs_125c_vce1.4v,fs,hbt_typ,125,8,1.4,0.79,8.002630e-03,8.683409,3.21222E+11,20.494200,2.520080,1.643579,-0.876501,
20260918-203652-4293920,nx8_fs_125c_vce1.4v,fs,hbt_typ,125,8,1.4,0.81,1.111600e-02,12.061632,3.47163E+11,21.824400,2.455680,1.564646,-0.891034,
20260918-203652-4293920,nx8_fs_125c_vce1.4v,fs,hbt_typ,125,8,1.4,0.83,1.484470e-02,16.107530,3.63183E+11,22.830000,2.446230,1.553041,-0.893189,
20260918-203652-4293920,nx8_fs_125c_vce1.4v,fs,hbt_typ,125,8,1.4,0.85,1.915670e-02,20.786350,3.69729E+11,23.580000,2.490730,1.607639,-0.883091,
20260918-203652-4293920,nx8_fs_125c_vce1.4v,fs,hbt_typ,125,8,1.4,0.87,2.401070e-02,26.053277,3.67513E+11,24.126600,2.592810,1.732409,-0.860401,ic_high
20260918-203652-4293920,nx8_fs_125c_vce1.4v,fs,hbt_typ,125,8,1.4,0.89,2.936290e-02,31.860786,3.55579E+11,24.510300,2.757670,1.932569,-0.825101,ic_high
20260918-203652-4293920,nx8_fs_125c_vce1.4v,fs,hbt_typ,125,8,1.4,0.91,3.516950e-02,38.161350,3.31921E+11,24.757700,2.990240,2.212264,-0.777976,ic_high
20260918-203652-4293920,nx8_fs_125c_vce1.4v,fs,hbt_typ,125,8,1.4,0.93,4.138710e-02,44.907878,2.94646E+11,24.869900,3.293860,2.573037,-0.720823,ic_high
20260918-203652-4293920,nx8_fs_125c_vce1.4v,fs,hbt_typ,125,8,1.4,0.95,4.797010e-02,52.050890,2.33536E+11,24.771100,3.669380,3.013025,-0.656355,ic_high
20260918-203652-4293920,nx8_fs_125c_vce1.4v,fs,hbt_typ,125,8,1.4,0.97,5.486810e-02,59.535699,1.72872E+11,24.369400,4.114490,3.526615,-0.587875,ic_high;vbe_high
20260918-203652-4293920,nx8_fs_125c_vce1.4v,fs,hbt_typ,125,8,1.4,0.99,6.198780e-02,67.261068,1.15257E+11,22.981400,4.628310,4.110115,-0.518195,ic_high;vbe_high
20260918-203652-4293920,nx8_fs_125c_vce1.4v,fs,hbt_typ,125,8,1.4,1.01,6.892580e-02,74.789280,6.95836E+10,19.227100,5.227640,4.779817,-0.447823,ic_high;vbe_high
20260918-203652-4293920,nx8_fs_125c_vce1.4v,fs,hbt_typ,125,8,1.4,1.03,7.515820e-02,81.551866,4.46345E+10,15.398700,5.897010,5.516050,-0.380960,ic_high;vbe_high
20260918-203652-4293920,nx8_fs_125c_vce1.4v,fs,hbt_typ,125,8,1.4,1.05,8.087510e-02,87.755100,3.10818E+10,12.467500,6.598090,6.276084,-0.322006,ic_high;vbe_high
