point_id,corner_label,hbt_section,temp_c,nx,vce_v,vbe_v,ic_a,jc_ma_um2,ft_hz,gain_db,nf_db
nx1_typ_-40c_vce0.8v,typ,hbt_typ,-40,1,0.8,0.55,3.826030e-11,0.000000,,-51.404800,56.328200
nx1_typ_-40c_vce0.8v,typ,hbt_typ,-40,1,0.8,0.57,1.019030e-10,0.000001,,-51.389900,56.313400
nx1_typ_-40c_vce0.8v,typ,hbt_typ,-40,1,0.8,0.59,2.721740e-10,0.000002,,-51.374700,56.298100
nx1_typ_-40c_vce0.8v,typ,hbt_typ,-40,1,0.8,0.61,7.276520e-10,0.000006,,-51.359100,56.282600
nx1_typ_-40c_vce0.8v,typ,hbt_typ,-40,1,0.8,0.63,1.946000e-09,0.000017,3.73717E+06,-51.343000,56.266500
nx1_typ_-40c_vce0.8v,typ,hbt_typ,-40,1,0.8,0.65,5.204820e-09,0.000045,9.93206E+06,-51.326100,56.249600
nx1_typ_-40c_vce0.8v,typ,hbt_typ,-40,1,0.8,0.67,1.392120e-08,0.000121,2.64348E+07,-51.306400,56.230000
nx1_typ_-40c_vce0.8v,typ,hbt_typ,-40,1,0.8,0.69,3.723380e-08,0.000323,7.02402E+07,-51.270800,56.194500
nx1_typ_-40c_vce0.8v,typ,hbt_typ,-40,1,0.8,0.71,9.957980e-08,0.000864,1.86592E+08,-51.131000,56.055000
nx1_typ_-40c_vce0.8v,typ,hbt_typ,-40,1,0.8,0.73,2.662780e-07,0.002311,4.95412E+08,-50.346600,55.271600
nx1_typ_-40c_vce0.8v,typ,hbt_typ,-40,1,0.8,0.75,7.117450e-07,0.006178,1.31092E+09,-47.027200,51.954600
nx1_typ_-40c_vce0.8v,typ,hbt_typ,-40,1,0.8,0.77,1.900410e-06,0.016497,3.46541E+09,-40.245700,45.179800
nx1_typ_-40c_vce0.8v,typ,hbt_typ,-40,1,0.8,0.79,5.059640e-06,0.043920,9.06312E+09,-32.109900,37.063300
nx1_typ_-40c_vce0.8v,typ,hbt_typ,-40,1,0.8,0.81,1.336800e-05,0.116042,2.32214E+10,-23.860400,28.873500
nx1_typ_-40c_vce0.8v,typ,hbt_typ,-40,1,0.8,0.83,3.463150e-05,0.300621,5.67251E+10,-15.948900,21.162100
nx1_typ_-40c_vce0.8v,typ,hbt_typ,-40,1,0.8,0.85,8.568160e-05,0.743764,1.23914E+11,-8.861440,14.708100
nx1_typ_-40c_vce0.8v,typ,hbt_typ,-40,1,0.8,0.87,1.938800e-04,1.682986,2.23844E+11,-3.204450,10.442800
nx1_typ_-40c_vce0.8v,typ,hbt_typ,-40,1,0.8,0.89,3.853270e-04,3.344852,3.24065E+11,0.724375,8.276580
nx1_typ_-40c_vce0.8v,typ,hbt_typ,-40,1,0.8,0.91,6.671700e-04,5.791406,3.97039E+11,3.215860,7.253430
nx1_typ_-40c_vce0.8v,typ,hbt_typ,-40,1,0.8,0.93,1.028690e-03,8.929601,4.41028E+11,4.785240,6.708510
nx1_typ_-40c_vce0.8v,typ,hbt_typ,-40,1,0.8,0.95,1.454350e-03,12.624566,4.64257E+11,5.821400,6.368490
nx1_typ_-40c_vce0.8v,typ,hbt_typ,-40,1,0.8,0.97,1.930950e-03,16.761719,4.73843E+11,6.548590,6.129960
nx1_typ_-40c_vce0.8v,typ,hbt_typ,-40,1,0.8,0.99,2.449010e-03,21.258767,4.73063E+11,7.088520,5.950130
nx1_typ_-40c_vce0.8v,typ,hbt_typ,-40,1,0.8,1.01,3.001790e-03,26.057205,4.62575E+11,7.508540,5.808890
nx1_typ_-40c_vce0.8v,typ,hbt_typ,-40,1,0.8,1.03,3.584590e-03,31.116233,4.42621E+11,7.847570,5.695580
nx1_typ_-40c_vce0.8v,typ,hbt_typ,-40,1,0.8,1.05,4.193950e-03,36.405816,4.12581E+11,8.123560,5.604910
nx1_typ_-40c_vce1.0v,typ,hbt_typ,-40,1,1.0,0.55,3.849690e-11,0.000000,,-51.537700,56.461200
nx1_typ_-40c_vce1.0v,typ,hbt_typ,-40,1,1.0,0.57,1.022000e-10,0.000001,,-51.525500,56.449000
nx1_typ_-40c_vce1.0v,typ,hbt_typ,-40,1,1.0,0.59,2.726310e-10,0.000002,,-51.513100,56.436600
nx1_typ_-40c_vce1.0v,typ,hbt_typ,-40,1,1.0,0.61,7.285340e-10,0.000006,,-51.500400,56.423900
nx1_typ_-40c_vce1.0v,typ,hbt_typ,-40,1,1.0,0.63,1.948010e-09,0.000017,3.75869E+06,-51.487400,56.410900
nx1_typ_-40c_vce1.0v,typ,hbt_typ,-40,1,1.0,0.65,5.209840e-09,0.000045,9.98631E+06,-51.473700,56.397300
nx1_typ_-40c_vce1.0v,typ,hbt_typ,-40,1,1.0,0.67,1.393420e-08,0.000121,2.65938E+07,-51.457300,56.380800
nx1_typ_-40c_vce1.0v,typ,hbt_typ,-40,1,1.0,0.69,3.726840e-08,0.000324,7.06416E+07,-51.424500,56.348200
nx1_typ_-40c_vce1.0v,typ,hbt_typ,-40,1,1.0,0.71,9.967250e-08,0.000865,1.87772E+08,-51.283700,56.207700
nx1_typ_-40c_vce1.0v,typ,hbt_typ,-40,1,1.0,0.73,2.665320e-07,0.002314,4.98403E+08,-50.476100,55.401100
nx1_typ_-40c_vce1.0v,typ,hbt_typ,-40,1,1.0,0.75,7.124690e-07,0.006185,1.31982E+09,-47.084300,52.011700
nx1_typ_-40c_vce1.0v,typ,hbt_typ,-40,1,1.0,0.77,1.902650e-06,0.016516,3.48843E+09,-40.250000,45.184200
nx1_typ_-40c_vce1.0v,typ,hbt_typ,-40,1,1.0,0.79,5.067650e-06,0.043990,9.12499E+09,-32.099100,37.052600
nx1_typ_-40c_vce1.0v,typ,hbt_typ,-40,1,1.0,0.81,1.340210e-05,0.116338,2.34074E+10,-23.840400,28.853800
nx1_typ_-40c_vce1.0v,typ,hbt_typ,-40,1,1.0,0.83,3.479570e-05,0.302046,5.72907E+10,-15.913500,21.128400
nx1_typ_-40c_vce1.0v,typ,hbt_typ,-40,1,1.0,0.85,8.646120e-05,0.750531,1.25629E+11,-8.800660,14.657100
nx1_typ_-40c_vce1.0v,typ,hbt_typ,-40,1,1.0,0.87,1.969790e-04,1.709887,2.27706E+11,-3.116480,10.387300
nx1_typ_-40c_vce1.0v,typ,hbt_typ,-40,1,1.0,0.89,3.945730e-04,3.425113,3.30041E+11,0.826029,8.230880
nx1_typ_-40c_vce1.0v,typ,hbt_typ,-40,1,1.0,0.91,6.879500e-04,5.971788,4.04729E+11,3.316430,7.217010
nx1_typ_-40c_vce1.0v,typ,hbt_typ,-40,1,1.0,0.93,1.066570e-03,9.258420,4.49466E+11,4.880110,6.676380
nx1_typ_-40c_vce1.0v,typ,hbt_typ,-40,1,1.0,0.95,1.514380e-03,13.145660,4.72328E+11,5.912300,6.337460
nx1_typ_-40c_vce1.0v,typ,hbt_typ,-40,1,1.0,0.97,2.017940e-03,17.516840,4.83237E+11,6.639230,6.098600
nx1_typ_-40c_vce1.0v,typ,hbt_typ,-40,1,1.0,0.99,2.567460e-03,22.286979,4.82612E+11,7.182040,5.918280
nx1_typ_-40c_vce1.0v,typ,hbt_typ,-40,1,1.0,1.01,3.156150e-03,27.397135,4.7159E+11,7.607450,5.777070
nx1_typ_-40c_vce1.0v,typ,hbt_typ,-40,1,1.0,1.03,3.779370e-03,32.807031,4.52633E+11,7.953740,5.664800
nx1_typ_-40c_vce1.0v,typ,hbt_typ,-40,1,1.0,1.05,4.433790e-03,38.487760,4.21224E+11,8.243960,5.575710
nx1_typ_-40c_vce1.2v,typ,hbt_typ,-40,1,1.2,0.55,3.873940e-11,0.000000,,-51.648400,56.571900
nx1_typ_-40c_vce1.2v,typ,hbt_typ,-40,1,1.2,0.57,1.025110e-10,0.000001,,-51.638100,56.561600
nx1_typ_-40c_vce1.2v,typ,hbt_typ,-40,1,1.2,0.59,2.731200e-10,0.000002,,-51.627700,56.551200
nx1_typ_-40c_vce1.2v,typ,hbt_typ,-40,1,1.2,0.61,7.294920e-10,0.000006,,-51.617000,56.540500
nx1_typ_-40c_vce1.2v,typ,hbt_typ,-40,1,1.2,0.63,1.950200e-09,0.000017,3.77712E+06,-51.606100,56.529600
nx1_typ_-40c_vce1.2v,typ,hbt_typ,-40,1,1.2,0.65,5.215250e-09,0.000045,1.00326E+07,-51.594600,56.518100
nx1_typ_-40c_vce1.2v,typ,hbt_typ,-40,1,1.2,0.67,1.394820e-08,0.000121,2.67282E+07,-51.580300,56.503800
nx1_typ_-40c_vce1.2v,typ,hbt_typ,-40,1,1.2,0.69,3.730490e-08,0.000324,7.09795E+07,-51.549200,56.472900
nx1_typ_-40c_vce1.2v,typ,hbt_typ,-40,1,1.2,0.71,9.976940e-08,0.000866,1.88759E+08,-51.407000,56.331000
nx1_typ_-40c_vce1.2v,typ,hbt_typ,-40,1,1.2,0.73,2.667950e-07,0.002316,5.00893E+08,-50.579300,55.504200
nx1_typ_-40c_vce1.2v,typ,hbt_typ,-40,1,1.2,0.75,7.132100e-07,0.006191,1.32718E+09,-47.127600,52.055000
nx1_typ_-40c_vce1.2v,typ,hbt_typ,-40,1,1.2,0.77,1.904930e-06,0.016536,3.50748E+09,-40.251200,45.185300
nx1_typ_-40c_vce1.2v,typ,hbt_typ,-40,1,1.2,0.79,5.075730e-06,0.044060,9.17643E+09,-32.087800,37.041300
nx1_typ_-40c_vce1.2v,typ,hbt_typ,-40,1,1.2,0.81,1.343650e-05,0.116636,2.35823E+10,-23.820300,28.833900
nx1_typ_-40c_vce1.2v,typ,hbt_typ,-40,1,1.2,0.83,3.496190e-05,0.303489,5.77791E+10,-15.877800,21.094400
nx1_typ_-40c_vce1.2v,typ,hbt_typ,-40,1,1.2,0.85,8.725960e-05,0.757462,1.27142E+11,-8.739070,14.605500
nx1_typ_-40c_vce1.2v,typ,hbt_typ,-40,1,1.2,0.87,2.002060e-04,1.737899,2.31128E+11,-3.026670,10.330900
nx1_typ_-40c_vce1.2v,typ,hbt_typ,-40,1,1.2,0.89,4.043830e-04,3.510269,3.35613E+11,0.930343,8.184390
nx1_typ_-40c_vce1.2v,typ,hbt_typ,-40,1,1.2,0.91,7.103200e-04,6.165972,4.11171E+11,3.419990,7.179720
nx1_typ_-40c_vce1.2v,typ,hbt_typ,-40,1,1.2,0.93,1.107870e-03,9.616927,4.5617E+11,4.978530,6.643140
nx1_typ_-40c_vce1.2v,typ,hbt_typ,-40,1,1.2,0.95,1.580550e-03,13.720052,4.79411E+11,6.007630,6.305120
nx1_typ_-40c_vce1.2v,typ,hbt_typ,-40,1,1.2,0.97,2.114630e-03,18.356163,4.89354E+11,6.734850,6.066120
nx1_typ_-40c_vce1.2v,typ,hbt_typ,-40,1,1.2,0.99,2.700070e-03,23.438108,4.87539E+11,7.281360,5.885740
nx1_typ_-40c_vce1.2v,typ,hbt_typ,-40,1,1.2,1.01,3.330530e-03,28.910851,4.74778E+11,7.712740,5.745470
nx1_typ_-40c_vce1.2v,typ,hbt_typ,-40,1,1.2,1.03,4.001040e-03,34.731250,4.53552E+11,8.066530,5.635740
nx1_typ_-40c_vce1.2v,typ,hbt_typ,-40,1,1.2,1.05,4.708550e-03,40.872830,4.21047E+11,8.365160,5.551360
nx1_typ_-40c_vce1.4v,typ,hbt_typ,-40,1,1.4,0.55,3.899820e-11,0.000000,,-51.743300,56.666800
nx1_typ_-40c_vce1.4v,typ,hbt_typ,-40,1,1.4,0.57,1.028620e-10,0.000001,,-51.734400,56.657900
nx1_typ_-40c_vce1.4v,typ,hbt_typ,-40,1,1.4,0.59,2.737080e-10,0.000002,,-51.725300,56.648800
nx1_typ_-40c_vce1.4v,typ,hbt_typ,-40,1,1.4,0.61,7.306890e-10,0.000006,,-51.716200,56.639700
nx1_typ_-40c_vce1.4v,typ,hbt_typ,-40,1,1.4,0.63,1.952970e-09,0.000017,3.79426E+06,-51.706700,56.630300
nx1_typ_-40c_vce1.4v,typ,hbt_typ,-40,1,1.4,0.65,5.222080e-09,0.000045,1.00752E+07,-51.696700,56.620300
nx1_typ_-40c_vce1.4v,typ,hbt_typ,-40,1,1.4,0.67,1.396550e-08,0.000121,2.68511E+07,-51.684000,56.607500
nx1_typ_-40c_vce1.4v,typ,hbt_typ,-40,1,1.4,0.69,3.734960e-08,0.000324,7.12856E+07,-51.654000,56.577700
nx1_typ_-40c_vce1.4v,typ,hbt_typ,-40,1,1.4,0.71,9.988610e-08,0.000867,1.89644E+08,-51.510100,56.434100
nx1_typ_-40c_vce1.4v,typ,hbt_typ,-40,1,1.4,0.73,2.671050e-07,0.002319,5.0311E+08,-50.664400,55.589300
nx1_typ_-40c_vce1.4v,typ,hbt_typ,-40,1,1.4,0.75,7.140640e-07,0.006198,1.3337E+09,-47.161200,52.088600
nx1_typ_-40c_vce1.4v,typ,hbt_typ,-40,1,1.4,0.77,1.907470e-06,0.016558,3.5243E+09,-40.249300,45.183400
nx1_typ_-40c_vce1.4v,typ,hbt_typ,-40,1,1.4,0.79,5.084460e-06,0.044136,9.22192E+09,-32.075100,37.028700
nx1_typ_-40c_vce1.4v,typ,hbt_typ,-40,1,1.4,0.81,1.347250e-05,0.116949,2.37382E+10,-23.799200,28.813100
nx1_typ_-40c_vce1.4v,typ,hbt_typ,-40,1,1.4,0.83,3.513380e-05,0.304981,5.82232E+10,-15.840900,21.059300
nx1_typ_-40c_vce1.4v,typ,hbt_typ,-40,1,1.4,0.85,8.808630e-05,0.764638,1.2854E+11,-8.675680,14.552400
nx1_typ_-40c_vce1.4v,typ,hbt_typ,-40,1,1.4,0.87,2.035970e-04,1.767335,2.34302E+11,-2.934020,10.273000
nx1_typ_-40c_vce1.4v,typ,hbt_typ,-40,1,1.4,0.89,4.148550e-04,3.601172,3.41378E+11,1.037970,8.136770
nx1_typ_-40c_vce1.4v,typ,hbt_typ,-40,1,1.4,0.91,7.345960e-04,6.376701,4.16881E+11,3.526940,7.141360
nx1_typ_-40c_vce1.4v,typ,hbt_typ,-40,1,1.4,0.93,1.153120e-03,10.009722,4.61839E+11,5.080170,6.608820
nx1_typ_-40c_vce1.4v,typ,hbt_typ,-40,1,1.4,0.95,1.653940e-03,14.357118,4.84995E+11,6.107120,6.271550
nx1_typ_-40c_vce1.4v,typ,hbt_typ,-40,1,1.4,0.97,2.223060e-03,19.297396,4.9358E+11,6.836000,6.032490
nx1_typ_-40c_vce1.4v,typ,hbt_typ,-40,1,1.4,0.99,2.850410e-03,24.743142,4.89834E+11,7.387260,5.852680
nx1_typ_-40c_vce1.4v,typ,hbt_typ,-40,1,1.4,1.01,3.529610e-03,30.638976,4.74082E+11,7.825480,5.714580
nx1_typ_-40c_vce1.4v,typ,hbt_typ,-40,1,1.4,1.03,4.256330e-03,36.947309,4.49187E+11,8.187260,5.609460
nx1_typ_-40c_vce1.4v,typ,hbt_typ,-40,1,1.4,1.05,5.027610e-03,43.642448,4.12937E+11,8.494280,5.532920
nx1_typ_27c_vce0.8v,typ,hbt_typ,27,1,0.8,0.55,1.280650e-08,0.000111,1.90064E+07,-51.290400,57.311000
nx1_typ_27c_vce0.8v,typ,hbt_typ,27,1,0.8,0.57,2.726490e-08,0.000237,4.01916E+07,-51.267200,57.287800
nx1_typ_27c_vce0.8v,typ,hbt_typ,27,1,0.8,0.59,5.804580e-08,0.000504,8.52621E+07,-51.225800,57.246600
nx1_typ_27c_vce0.8v,typ,hbt_typ,27,1,0.8,0.61,1.235710e-07,0.001073,1.80191E+08,-51.107600,57.128600
nx1_typ_27c_vce0.8v,typ,hbt_typ,27,1,0.8,0.63,2.630440e-07,0.002283,3.81758E+08,-50.673100,56.694700
nx1_typ_27c_vce0.8v,typ,hbt_typ,27,1,0.8,0.65,5.598370e-07,0.004860,8.0581E+08,-49.170000,55.192900
nx1_typ_27c_vce0.8v,typ,hbt_typ,27,1,0.8,0.67,1.191070e-06,0.010339,1.70197E+09,-45.542400,51.567900
nx1_typ_27c_vce0.8v,typ,hbt_typ,27,1,0.8,0.69,2.532060e-06,0.021980,3.57854E+09,-40.056700,46.088200
nx1_typ_27c_vce0.8v,typ,hbt_typ,27,1,0.8,0.71,5.373980e-06,0.046649,7.48058E+09,-33.832800,39.877500
nx1_typ_27c_vce0.8v,typ,hbt_typ,27,1,0.8,0.73,1.136570e-05,0.098661,1.54798E+10,-27.469900,33.545000
nx1_typ_27c_vce0.8v,typ,hbt_typ,27,1,0.8,0.75,2.386210e-05,0.207136,3.12889E+10,-21.201900,27.351300
nx1_typ_27c_vce0.8v,typ,hbt_typ,27,1,0.8,0.77,4.935850e-05,0.428459,6.05984E+10,-15.205700,21.542500
nx1_typ_27c_vce0.8v,typ,hbt_typ,27,1,0.8,0.79,9.925710e-05,0.861607,1.09073E+11,-9.715450,16.502600
nx1_typ_27c_vce0.8v,typ,hbt_typ,27,1,0.8,0.81,1.902890e-04,1.651814,1.75603E+11,-5.012980,12.686600
nx1_typ_27c_vce0.8v,typ,hbt_typ,27,1,0.8,0.83,3.406490e-04,2.957023,2.47538E+11,-1.302040,10.241900
nx1_typ_27c_vce0.8v,typ,hbt_typ,27,1,0.8,0.85,5.624460e-04,4.882344,3.09282E+11,1.424740,8.835550
nx1_typ_27c_vce0.8v,typ,hbt_typ,27,1,0.8,0.87,8.574340e-04,7.443003,3.54198E+11,3.357130,8.022930
nx1_typ_27c_vce0.8v,typ,hbt_typ,27,1,0.8,0.89,1.219590e-03,10.586719,3.82843E+11,4.728290,7.516050
nx1_typ_27c_vce0.8v,typ,hbt_typ,27,1,0.8,0.91,1.640080e-03,14.236806,3.9975E+11,5.724760,7.171260
nx1_typ_27c_vce0.8v,typ,hbt_typ,27,1,0.8,0.93,2.110220e-03,18.317882,4.05828E+11,6.472270,6.920590
nx1_typ_27c_vce0.8v,typ,hbt_typ,27,1,0.8,0.95,2.622690e-03,22.766406,4.01895E+11,7.050770,6.730500
nx1_typ_27c_vce0.8v,typ,hbt_typ,27,1,0.8,0.97,3.171750e-03,27.532552,3.88869E+11,7.510780,6.583200
nx1_typ_27c_vce0.8v,typ,hbt_typ,27,1,0.8,0.99,3.752700e-03,32.575521,3.67257E+11,7.881470,6.469010
nx1_typ_27c_vce0.8v,typ,hbt_typ,27,1,0.8,1.01,4.360310e-03,37.849913,3.25212E+11,8.110930,6.393410
nx1_typ_27c_vce0.8v,typ,hbt_typ,27,1,0.8,1.03,4.966730e-03,43.113976,1.72543E+11,7.312930,6.504100
nx1_typ_27c_vce0.8v,typ,hbt_typ,27,1,0.8,1.05,5.484390e-03,47.607552,6.15812E+10,5.141280,6.941610
nx1_typ_27c_vce1.0v,typ,hbt_typ,27,1,1.0,0.55,1.281890e-08,0.000111,1.91219E+07,-51.444900,57.465500
nx1_typ_27c_vce1.0v,typ,hbt_typ,27,1,1.0,0.57,2.729090e-08,0.000237,4.04232E+07,-51.425200,57.445800
nx1_typ_27c_vce1.0v,typ,hbt_typ,27,1,1.0,0.59,5.810060e-08,0.000504,8.57998E+07,-51.386700,57.407500
nx1_typ_27c_vce1.0v,typ,hbt_typ,27,1,1.0,0.61,1.236880e-07,0.001074,1.81272E+08,-51.268500,57.289600
nx1_typ_27c_vce1.0v,typ,hbt_typ,27,1,1.0,0.63,2.632950e-07,0.002286,3.84281E+08,-50.822200,56.843800
nx1_typ_27c_vce1.0v,typ,hbt_typ,27,1,1.0,0.65,5.603880e-07,0.004864,8.10906E+08,-49.275800,55.298700
nx1_typ_27c_vce1.0v,typ,hbt_typ,27,1,1.0,0.67,1.192320e-06,0.010350,1.71398E+09,-45.584400,51.610000
nx1_typ_27c_vce1.0v,typ,hbt_typ,27,1,1.0,0.69,2.535070e-06,0.022006,3.60317E+09,-40.061600,46.093100
nx1_typ_27c_vce1.0v,typ,hbt_typ,27,1,1.0,0.71,5.381890e-06,0.046718,7.54052E+09,-33.824400,39.869000
nx1_typ_27c_vce1.0v,typ,hbt_typ,27,1,1.0,0.73,1.138880e-05,0.098861,1.56091E+10,-27.454400,33.529600
nx1_typ_27c_vce1.0v,typ,hbt_typ,27,1,1.0,0.75,2.393600e-05,0.207778,3.15823E+10,-21.177900,27.327700
nx1_typ_27c_vce1.0v,typ,hbt_typ,27,1,1.0,0.77,4.960830e-05,0.430628,6.13101E+10,-15.168200,21.507100
nx1_typ_27c_vce1.0v,typ,hbt_typ,27,1,1.0,0.79,1.000880e-04,0.868819,1.10634E+11,-9.658490,16.453200
nx1_typ_27c_vce1.0v,typ,hbt_typ,27,1,1.0,0.81,1.928140e-04,1.673733,1.78590E+11,-4.933860,12.629300
nx1_typ_27c_vce1.0v,typ,hbt_typ,27,1,1.0,0.83,3.472310e-04,3.014158,2.52361E+11,-1.205690,10.187800
nx1_typ_27c_vce1.0v,typ,hbt_typ,27,1,1.0,0.85,5.768290e-04,5.007196,3.15778E+11,1.528360,8.790110
nx1_typ_27c_vce1.0v,typ,hbt_typ,27,1,1.0,0.87,8.842000e-04,7.675347,3.61574E+11,3.459870,7.984960
nx1_typ_27c_vce1.0v,typ,hbt_typ,27,1,1.0,0.89,1.263460e-03,10.967535,3.91489E+11,4.826630,7.483020
nx1_typ_27c_vce1.0v,typ,hbt_typ,27,1,1.0,0.91,1.705520e-03,14.804861,4.08538E+11,5.818520,7.141500
nx1_typ_27c_vce1.0v,typ,hbt_typ,27,1,1.0,0.93,2.201430e-03,19.109635,4.15373E+11,6.562780,6.893520
nx1_typ_27c_vce1.0v,typ,hbt_typ,27,1,1.0,0.95,2.743730e-03,23.817101,4.13774E+11,7.139650,6.706410
nx1_typ_27c_vce1.0v,typ,hbt_typ,27,1,1.0,0.97,3.326470e-03,28.875608,4.03389E+11,7.599530,6.562980
nx1_typ_27c_vce1.0v,typ,hbt_typ,27,1,1.0,0.99,3.944880e-03,34.243750,3.8147E+11,7.974640,6.453520
nx1_typ_27c_vce1.0v,typ,hbt_typ,27,1,1.0,1.01,4.595240e-03,39.889236,3.52621E+11,8.285920,6.372260
nx1_typ_27c_vce1.0v,typ,hbt_typ,27,1,1.0,1.03,5.274260e-03,45.783507,3.15846E+11,8.535550,6.317490
nx1_typ_27c_vce1.0v,typ,hbt_typ,27,1,1.0,1.05,5.972270e-03,51.842622,2.31447E+11,8.455210,6.328230
nx1_typ_27c_vce1.2v,typ,hbt_typ,27,1,1.2,0.55,1.283370e-08,0.000111,1.92212E+07,-51.570300,57.590900
nx1_typ_27c_vce1.2v,typ,hbt_typ,27,1,1.2,0.57,2.732140e-08,0.000237,4.06517E+07,-51.552800,57.573500
nx1_typ_27c_vce1.2v,typ,hbt_typ,27,1,1.2,0.59,5.816360e-08,0.000505,8.62547E+07,-51.516100,57.536900
nx1_typ_27c_vce1.2v,typ,hbt_typ,27,1,1.2,0.61,1.238200e-07,0.001075,1.8225E+08,-51.397200,57.418300
nx1_typ_27c_vce1.2v,typ,hbt_typ,27,1,1.2,0.63,2.635720e-07,0.002288,3.86378E+08,-50.940100,56.961800
nx1_typ_27c_vce1.2v,typ,hbt_typ,27,1,1.2,0.65,5.609860e-07,0.004870,8.15115E+08,-49.357600,55.380500
nx1_typ_27c_vce1.2v,typ,hbt_typ,27,1,1.2,0.67,1.193650e-06,0.010362,1.72382E+09,-45.614700,51.640300
nx1_typ_27c_vce1.2v,typ,hbt_typ,27,1,1.2,0.69,2.538230e-06,0.022033,3.62329E+09,-40.062800,46.094300
nx1_typ_27c_vce1.2v,typ,hbt_typ,27,1,1.2,0.71,5.390040e-06,0.046789,7.58942E+09,-33.814700,39.859500
nx1_typ_27c_vce1.2v,typ,hbt_typ,27,1,1.2,0.73,1.141230e-05,0.099065,1.57151E+10,-27.438400,33.513800
nx1_typ_27c_vce1.2v,typ,hbt_typ,27,1,1.2,0.75,2.401110e-05,0.208430,3.18259E+10,-21.153600,27.303900
nx1_typ_27c_vce1.2v,typ,hbt_typ,27,1,1.2,0.77,4.986230e-05,0.432832,6.19109E+10,-15.130400,21.471200
nx1_typ_27c_vce1.2v,typ,hbt_typ,27,1,1.2,0.79,1.009390e-04,0.876207,1.11972E+11,-9.600770,16.403200
nx1_typ_27c_vce1.2v,typ,hbt_typ,27,1,1.2,0.81,1.954280e-04,1.696424,1.81164E+11,-4.853290,12.571200
nx1_typ_27c_vce1.2v,typ,hbt_typ,27,1,1.2,0.83,3.541440e-04,3.074167,2.56468E+11,-1.107150,10.133000
nx1_typ_27c_vce1.2v,typ,hbt_typ,27,1,1.2,0.85,5.921470e-04,5.140165,3.21156E+11,1.634740,8.743850
nx1_typ_27c_vce1.2v,typ,hbt_typ,27,1,1.2,0.87,9.130630e-04,7.925894,3.67421E+11,3.565770,7.946110
nx1_typ_27c_vce1.2v,typ,hbt_typ,27,1,1.2,0.89,1.311240e-03,11.382292,3.97917E+11,4.928560,7.449030
nx1_typ_27c_vce1.2v,typ,hbt_typ,27,1,1.2,0.91,1.777450e-03,15.429253,4.14467E+11,5.916240,7.110900
nx1_typ_27c_vce1.2v,typ,hbt_typ,27,1,1.2,0.93,2.302400e-03,19.986111,4.20923E+11,6.657520,6.866010
nx1_typ_27c_vce1.2v,typ,hbt_typ,27,1,1.2,0.95,2.878570e-03,24.987587,4.18657E+11,7.232830,6.682670
nx1_typ_27c_vce1.2v,typ,hbt_typ,27,1,1.2,0.97,3.499810e-03,30.380295,4.07823E+11,7.692330,6.544420
nx1_typ_27c_vce1.2v,typ,hbt_typ,27,1,1.2,0.99,4.161370e-03,36.123003,3.87059E+11,8.067890,6.442190
nx1_typ_27c_vce1.2v,typ,hbt_typ,27,1,1.2,1.01,4.859380e-03,42.182118,3.56557E+11,8.380160,6.370800
nx1_typ_27c_vce1.2v,typ,hbt_typ,27,1,1.2,1.03,5.590700e-03,48.530382,3.17929E+11,8.642730,6.327350
nx1_typ_27c_vce1.2v,typ,hbt_typ,27,1,1.2,1.05,6.352580e-03,55.143924,2.76742E+11,8.859320,6.311130
nx1_typ_27c_vce1.4v,typ,hbt_typ,27,1,1.4,0.55,1.285570e-08,0.000112,1.9317E+07,-51.675800,57.696400
nx1_typ_27c_vce1.4v,typ,hbt_typ,27,1,1.4,0.57,2.736590e-08,0.000238,4.08702E+07,-51.659800,57.680500
nx1_typ_27c_vce1.4v,typ,hbt_typ,27,1,1.4,0.59,5.825390e-08,0.000506,8.66818E+07,-51.624200,57.645000
nx1_typ_27c_vce1.4v,typ,hbt_typ,27,1,1.4,0.61,1.240040e-07,0.001076,1.83229E+08,-51.504200,57.525200
nx1_typ_27c_vce1.4v,typ,hbt_typ,27,1,1.4,0.63,2.639520e-07,0.002291,3.88302E+08,-51.037100,57.058800
nx1_typ_27c_vce1.4v,typ,hbt_typ,27,1,1.4,0.65,5.617780e-07,0.004877,8.19262E+08,-49.422700,55.445600
nx1_typ_27c_vce1.4v,typ,hbt_typ,27,1,1.4,0.67,1.195360e-06,0.010376,1.73268E+09,-45.636000,51.661600
nx1_typ_27c_vce1.4v,typ,hbt_typ,27,1,1.4,0.69,2.542090e-06,0.022067,3.64126E+09,-40.059800,46.091300
nx1_typ_27c_vce1.4v,typ,hbt_typ,27,1,1.4,0.71,5.399560e-06,0.046871,7.63282E+09,-33.802700,39.847500
nx1_typ_27c_vce1.4v,typ,hbt_typ,27,1,1.4,0.73,1.143840e-05,0.099292,1.58093E+10,-27.420600,33.496100
nx1_typ_27c_vce1.4v,typ,hbt_typ,27,1,1.4,0.75,2.409160e-05,0.209128,3.20438E+10,-21.127600,27.278400
nx1_typ_27c_vce1.4v,typ,hbt_typ,27,1,1.4,0.77,5.012910e-05,0.435148,6.24535E+10,-15.090700,21.433500
nx1_typ_27c_vce1.4v,typ,hbt_typ,27,1,1.4,0.79,1.018280e-04,0.883924,1.13192E+11,-9.540780,16.351200
nx1_typ_27c_vce1.4v,typ,hbt_typ,27,1,1.4,0.81,1.981720e-04,1.720243,1.83517E+11,-4.769860,12.511100
nx1_typ_27c_vce1.4v,typ,hbt_typ,27,1,1.4,0.83,3.614760e-04,3.137813,2.60186E+11,-1.005290,10.076600
nx1_typ_27c_vce1.4v,typ,hbt_typ,27,1,1.4,0.85,6.085900e-04,5.282899,3.25922E+11,1.744050,8.696570
nx1_typ_27c_vce1.4v,typ,hbt_typ,27,1,1.4,0.87,9.443350e-04,8.197352,3.72429E+11,3.674260,7.906460
nx1_typ_27c_vce1.4v,typ,hbt_typ,27,1,1.4,0.89,1.363510e-03,11.836024,4.03153E+11,5.033230,7.414300
nx1_typ_27c_vce1.4v,typ,hbt_typ,27,1,1.4,0.91,1.856810e-03,16.118142,4.18946E+11,6.017430,7.079640
nx1_typ_27c_vce1.4v,typ,hbt_typ,27,1,1.4,0.93,2.414740e-03,20.961285,4.25146E+11,6.756680,6.838230
nx1_typ_27c_vce1.4v,typ,hbt_typ,27,1,1.4,0.95,3.029860e-03,26.300868,4.20881E+11,7.331010,6.659610
nx1_typ_27c_vce1.4v,typ,hbt_typ,27,1,1.4,0.97,3.695820e-03,32.081771,4.07818E+11,7.790190,6.528250
nx1_typ_27c_vce1.4v,typ,hbt_typ,27,1,1.4,0.99,4.407780e-03,38.261979,3.84179E+11,8.165650,6.435870
nx1_typ_27c_vce1.4v,typ,hbt_typ,27,1,1.4,1.01,5.161820e-03,44.807465,3.52227E+11,8.477570,6.378110
nx1_typ_27c_vce1.4v,typ,hbt_typ,27,1,1.4,1.03,5.954660e-03,51.689757,3.12483E+11,8.739060,6.352920
nx1_typ_27c_vce1.4v,typ,hbt_typ,27,1,1.4,1.05,6.783410e-03,58.883767,2.67286E+11,8.958380,6.359720
nx1_typ_125c_vce0.8v,typ,hbt_typ,125,1,0.8,0.55,2.182060e-06,0.018941,2.32758E+09,-43.453300,50.708000
nx1_typ_125c_vce0.8v,typ,hbt_typ,125,1,0.8,0.57,3.816500e-06,0.033129,4.03417E+09,-39.155600,46.415700
nx1_typ_125c_vce0.8v,typ,hbt_typ,125,1,0.8,0.59,6.668430e-06,0.057886,6.96284E+09,-34.532900,41.802800
nx1_typ_125c_vce0.8v,typ,hbt_typ,125,1,0.8,0.61,1.163090e-05,0.100963,1.19146E+10,-29.817700,37.105800
nx1_typ_125c_vce0.8v,typ,hbt_typ,125,1,0.8,0.63,2.022400e-05,0.175556,2.01872E+10,-25.119300,32.441800
nx1_typ_125c_vce0.8v,typ,hbt_typ,125,1,0.8,0.65,3.498160e-05,0.303660,3.35499E+10,-20.508400,27.897700
nx1_typ_125c_vce0.8v,typ,hbt_typ,125,1,0.8,0.67,5.997790e-05,0.520641,5.42747E+10,-16.059300,23.580300
nx1_typ_125c_vce0.8v,typ,hbt_typ,125,1,0.8,0.69,1.013900e-04,0.880122,8.39811E+10,-11.866300,19.641200
nx1_typ_125c_vce0.8v,typ,hbt_typ,125,1,0.8,0.71,1.677500e-04,1.456163,1.23117E+11,-8.041760,16.269000
nx1_typ_125c_vce0.8v,typ,hbt_typ,125,1,0.8,0.73,2.693220e-04,2.337865,1.678E+11,-4.692800,13.618400
nx1_typ_125c_vce0.8v,typ,hbt_typ,125,1,0.8,0.75,4.162590e-04,3.613359,2.13082E+11,-1.884390,11.709200
nx1_typ_125c_vce0.8v,typ,hbt_typ,125,1,0.8,0.77,6.162120e-04,5.349062,2.53365E+11,0.385886,10.411700
nx1_typ_125c_vce0.8v,typ,hbt_typ,125,1,0.8,0.79,8.728290e-04,7.576641,2.85076E+11,2.179550,9.540710
nx1_typ_125c_vce0.8v,typ,hbt_typ,125,1,0.8,0.81,1.185890e-03,10.294184,3.07852E+11,3.585750,8.941600
nx1_typ_125c_vce0.8v,typ,hbt_typ,125,1,0.8,0.83,1.552530e-03,13.476823,3.22055E+11,4.692350,8.513030
nx1_typ_125c_vce0.8v,typ,hbt_typ,125,1,0.8,0.85,1.968530e-03,17.087934,3.26277E+11,5.571890,8.194990
nx1_typ_125c_vce0.8v,typ,hbt_typ,125,1,0.8,0.87,2.429260e-03,21.087326,3.21735E+11,6.279530,7.952750
nx1_typ_125c_vce0.8v,typ,hbt_typ,125,1,0.8,0.89,2.930180e-03,25.435590,3.0835E+11,6.854730,7.766030
nx1_typ_125c_vce0.8v,typ,hbt_typ,125,1,0.8,0.91,3.466880e-03,30.094444,2.88264E+11,7.316870,7.624120
nx1_typ_125c_vce0.8v,typ,hbt_typ,125,1,0.8,0.93,4.033180e-03,35.010243,2.56067E+11,7.600910,7.533660
nx1_typ_125c_vce0.8v,typ,hbt_typ,125,1,0.8,0.95,4.608180e-03,40.001562,1.8401E+11,7.232520,7.574220
nx1_typ_125c_vce0.8v,typ,hbt_typ,125,1,0.8,0.97,5.141160e-03,44.628125,1.02434E+11,5.972840,7.810030
nx1_typ_125c_vce0.8v,typ,hbt_typ,125,1,0.8,0.99,5.621370e-03,48.796615,6.20068E+10,5.008600,8.021270
nx1_typ_125c_vce0.8v,typ,hbt_typ,125,1,0.8,1.01,6.079400e-03,52.772569,4.258E+10,4.556360,8.136930
nx1_typ_125c_vce0.8v,typ,hbt_typ,125,1,0.8,1.03,6.534350e-03,56.721788,3.10883E+10,4.252560,8.244940
nx1_typ_125c_vce0.8v,typ,hbt_typ,125,1,0.8,1.05,6.986560e-03,60.647222,2.24039E+10,3.653690,8.476930
nx1_typ_125c_vce1.0v,typ,hbt_typ,125,1,1.0,0.55,2.184480e-06,0.018963,2.34716E+09,-43.480600,50.735200
nx1_typ_125c_vce1.0v,typ,hbt_typ,125,1,1.0,0.57,3.821200e-06,0.033170,4.06558E+09,-39.159500,46.419600
nx1_typ_125c_vce1.0v,typ,hbt_typ,125,1,1.0,0.59,6.678030e-06,0.057969,7.02224E+09,-34.526100,41.796100
nx1_typ_125c_vce1.0v,typ,hbt_typ,125,1,1.0,0.61,1.165170e-05,0.101143,1.2029E+10,-29.804900,37.093100
nx1_typ_125c_vce1.0v,typ,hbt_typ,125,1,1.0,0.63,2.027200e-05,0.175972,2.03802E+10,-25.101000,32.423700
nx1_typ_125c_vce1.0v,typ,hbt_typ,125,1,1.0,0.65,3.509730e-05,0.304664,3.39419E+10,-20.483000,27.872900
nx1_typ_125c_vce1.0v,typ,hbt_typ,125,1,1.0,0.67,6.026390e-05,0.523124,5.49774E+10,-16.023800,23.546400
nx1_typ_125c_vce1.0v,typ,hbt_typ,125,1,1.0,0.69,1.020940e-04,0.886233,8.52894E+10,-11.817400,19.596700
nx1_typ_125c_vce1.0v,typ,hbt_typ,125,1,1.0,0.71,1.694280e-04,1.470729,1.2523E+11,-7.976690,16.214900
nx1_typ_125c_vce1.0v,typ,hbt_typ,125,1,1.0,0.73,2.730700e-04,2.370399,1.71294E+11,-4.611280,13.559700
nx1_typ_125c_vce1.0v,typ,hbt_typ,125,1,1.0,0.75,4.239450e-04,3.680078,2.17975E+11,-1.789340,11.652100
nx1_typ_125c_vce1.0v,typ,hbt_typ,125,1,1.0,0.77,6.305430e-04,5.473464,2.59159E+11,0.489308,10.360300
nx1_typ_125c_vce1.0v,typ,hbt_typ,125,1,1.0,0.79,8.971890e-04,7.788099,2.92118E+11,2.286060,9.495990
nx1_typ_125c_vce1.0v,typ,hbt_typ,125,1,1.0,0.81,1.224050e-03,10.625434,3.16781E+11,3.691410,8.902970
nx1_typ_125c_vce1.0v,typ,hbt_typ,125,1,1.0,0.83,1.608360e-03,13.961458,3.32279E+11,4.794870,8.479760
nx1_typ_125c_vce1.0v,typ,hbt_typ,125,1,1.0,0.85,2.045840e-03,17.759028,3.41583E+11,5.670350,8.166810
nx1_typ_125c_vce1.0v,typ,hbt_typ,125,1,1.0,0.87,2.531720e-03,21.976736,3.43086E+11,6.373770,7.930020
nx1_typ_125c_vce1.0v,typ,hbt_typ,125,1,1.0,0.89,3.061280e-03,26.573611,3.34094E+11,6.945670,7.749530
nx1_typ_125c_vce1.0v,typ,hbt_typ,125,1,1.0,0.91,3.630140e-03,31.511632,3.15705E+11,7.415250,7.613340
nx1_typ_125c_vce1.0v,typ,hbt_typ,125,1,1.0,0.93,4.234260e-03,36.755729,2.89284E+11,7.802610,7.514140
nx1_typ_125c_vce1.0v,typ,hbt_typ,125,1,1.0,0.95,4.869580e-03,42.270660,2.54404E+11,8.106050,7.449810
nx1_typ_125c_vce1.0v,typ,hbt_typ,125,1,1.0,0.97,5.527430e-03,47.981163,2.04906E+11,8.169240,7.443110
nx1_typ_125c_vce1.0v,typ,hbt_typ,125,1,1.0,0.99,6.171100e-03,53.568576,1.26824E+11,7.384960,7.593070
nx1_typ_125c_vce1.0v,typ,hbt_typ,125,1,1.0,1.01,6.753440e-03,58.623611,7.2955E+10,6.228970,7.839200
nx1_typ_125c_vce1.0v,typ,hbt_typ,125,1,1.0,1.03,7.291630e-03,63.295399,4.8317E+10,5.526330,8.027250
nx1_typ_125c_vce1.0v,typ,hbt_typ,125,1,1.0,1.05,7.815240e-03,67.840625,3.54414E+10,5.152390,8.173400
nx1_typ_125c_vce1.2v,typ,hbt_typ,125,1,1.2,0.55,2.187440e-06,0.018988,2.36305E+09,-43.497400,50.752100
nx1_typ_125c_vce1.2v,typ,hbt_typ,125,1,1.2,0.57,3.826690e-06,0.033218,4.09088E+09,-39.158600,46.418700
nx1_typ_125c_vce1.2v,typ,hbt_typ,125,1,1.2,0.59,6.688810e-06,0.058063,7.06969E+09,-34.517000,41.787000
nx1_typ_125c_vce1.2v,typ,hbt_typ,125,1,1.2,0.61,1.167430e-05,0.101339,1.21201E+10,-29.790800,37.079100
nx1_typ_125c_vce1.2v,typ,hbt_typ,125,1,1.2,0.63,2.032260e-05,0.176411,2.05341E+10,-25.081800,32.404700
nx1_typ_125c_vce1.2v,typ,hbt_typ,125,1,1.2,0.65,3.521730e-05,0.305706,3.42553E+10,-20.456900,27.847300
nx1_typ_125c_vce1.2v,typ,hbt_typ,125,1,1.2,0.67,6.055800e-05,0.525677,5.55435E+10,-15.987800,23.511900
nx1_typ_125c_vce1.2v,typ,hbt_typ,125,1,1.2,0.69,1.028180e-04,0.892517,8.63499E+10,-11.767800,19.551500
nx1_typ_125c_vce1.2v,typ,hbt_typ,125,1,1.2,0.71,1.711570e-04,1.485738,1.26948E+11,-7.910650,16.160100
nx1_typ_125c_vce1.2v,typ,hbt_typ,125,1,1.2,0.73,2.769620e-04,2.404184,1.74112E+11,-4.528380,13.500100
nx1_typ_125c_vce1.2v,typ,hbt_typ,125,1,1.2,0.75,4.320040e-04,3.750035,2.21843E+11,-1.692440,11.594200
nx1_typ_125c_vce1.2v,typ,hbt_typ,125,1,1.2,0.77,6.457270e-04,5.605269,2.63587E+11,0.595046,10.308200
nx1_typ_125c_vce1.2v,typ,hbt_typ,125,1,1.2,0.79,9.232530e-04,8.014349,2.97237E+11,2.395340,9.450540
nx1_typ_125c_vce1.2v,typ,hbt_typ,125,1,1.2,0.81,1.265240e-03,10.982986,3.2272E+11,3.800220,8.863610
nx1_typ_125c_vce1.2v,typ,hbt_typ,125,1,1.2,0.83,1.669100e-03,14.488715,3.39101E+11,4.900710,8.445920
nx1_typ_125c_vce1.2v,typ,hbt_typ,125,1,1.2,0.85,2.130530e-03,18.494184,3.48807E+11,5.771870,8.138520
nx1_typ_125c_vce1.2v,typ,hbt_typ,125,1,1.2,0.87,2.644620e-03,22.956771,3.51010E+11,6.470330,7.907990
nx1_typ_125c_vce1.2v,typ,hbt_typ,125,1,1.2,0.89,3.206460e-03,27.833854,3.4558E+11,7.037160,7.735100
nx1_typ_125c_vce1.2v,typ,hbt_typ,125,1,1.2,0.91,3.811450e-03,33.085503,3.31241E+11,7.501740,7.608430
nx1_typ_125c_vce1.2v,typ,hbt_typ,125,1,1.2,0.93,4.455330e-03,38.674740,3.04279E+11,7.884550,7.521150
nx1_typ_125c_vce1.2v,typ,hbt_typ,125,1,1.2,0.95,5.134210e-03,44.567795,2.69022E+11,8.200590,7.468970
nx1_typ_125c_vce1.2v,typ,hbt_typ,125,1,1.2,0.97,5.844280e-03,50.731597,2.30318E+11,8.454300,7.450260
nx1_typ_125c_vce1.2v,typ,hbt_typ,125,1,1.2,0.99,6.579260e-03,57.111632,1.82777E+11,8.568450,7.475670
nx1_typ_125c_vce1.2v,typ,hbt_typ,125,1,1.2,1.01,7.310620e-03,63.460243,1.20335E+11,8.044770,7.617760
nx1_typ_125c_vce1.2v,typ,hbt_typ,125,1,1.2,1.03,7.981600e-03,69.284722,7.13707E+10,6.943240,7.877420
nx1_typ_125c_vce1.2v,typ,hbt_typ,125,1,1.2,1.05,8.596440e-03,74.621875,4.75187E+10,6.147670,8.116070
nx1_typ_125c_vce1.4v,typ,hbt_typ,125,1,1.4,0.55,2.192330e-06,0.019031,2.37819E+09,-43.503300,50.757900
nx1_typ_125c_vce1.4v,typ,hbt_typ,125,1,1.4,0.57,3.835260e-06,0.033292,4.11462E+09,-39.150000,46.410100
nx1_typ_125c_vce1.4v,typ,hbt_typ,125,1,1.4,0.59,6.704470e-06,0.058199,7.11352E+09,-34.501900,41.772000
nx1_typ_125c_vce1.4v,typ,hbt_typ,125,1,1.4,0.61,1.170470e-05,0.101603,1.22031E+10,-29.771700,37.060000
nx1_typ_125c_vce1.4v,typ,hbt_typ,125,1,1.4,0.63,2.038570e-05,0.176959,2.06733E+10,-25.058200,32.381300
nx1_typ_125c_vce1.4v,typ,hbt_typ,125,1,1.4,0.65,3.535750e-05,0.306923,3.45371E+10,-20.426600,27.817500
nx1_typ_125c_vce1.4v,typ,hbt_typ,125,1,1.4,0.67,6.088640e-05,0.528528,5.6052E+10,-15.947600,23.473400
nx1_typ_125c_vce1.4v,typ,hbt_typ,125,1,1.4,0.69,1.036030e-04,0.899332,8.73014E+10,-11.714100,19.502500
nx1_typ_125c_vce1.4v,typ,hbt_typ,125,1,1.4,0.71,1.730080e-04,1.501806,1.28487E+11,-7.840620,16.101700
nx1_typ_125c_vce1.4v,typ,hbt_typ,125,1,1.4,0.73,2.811110e-04,2.440200,1.76611E+11,-4.441800,13.437600
nx1_typ_125c_vce1.4v,typ,hbt_typ,125,1,1.4,0.75,4.406120e-04,3.824757,2.2522E+11,-1.592620,11.534500
nx1_typ_125c_vce1.4v,typ,hbt_typ,125,1,1.4,0.77,6.620180e-04,5.746684,2.67906E+11,0.702716,10.255100
nx1_typ_125c_vce1.4v,typ,hbt_typ,125,1,1.4,0.79,9.513860e-04,8.258559,3.02279E+11,2.505900,9.404650
nx1_typ_125c_vce1.4v,typ,hbt_typ,125,1,1.4,0.81,1.310000e-03,11.371528,3.27389E+11,3.910500,8.823950
nx1_typ_125c_vce1.4v,typ,hbt_typ,125,1,1.4,0.83,1.735580e-03,15.065799,3.44269E+11,5.008950,8.411810
nx1_typ_125c_vce1.4v,typ,hbt_typ,125,1,1.4,0.85,2.223890e-03,19.304601,3.53477E+11,5.876760,8.110250
nx1_typ_125c_vce1.4v,typ,hbt_typ,125,1,1.4,0.87,2.769910e-03,24.044358,3.55007E+11,6.570560,7.886820
nx1_typ_125c_vce1.4v,typ,hbt_typ,125,1,1.4,0.89,3.368530e-03,29.240712,3.48693E+11,7.131660,7.723050
nx1_typ_125c_vce1.4v,typ,hbt_typ,125,1,1.4,0.91,4.014870e-03,34.851302,3.33478E+11,7.589690,7.608220
nx1_typ_125c_vce1.4v,typ,hbt_typ,125,1,1.4,0.93,4.704420e-03,40.836979,3.11455E+11,7.965610,7.536100
nx1_typ_125c_vce1.4v,typ,hbt_typ,125,1,1.4,0.95,5.432900e-03,47.160590,2.7619E+11,8.273510,7.503240
nx1_typ_125c_vce1.4v,typ,hbt_typ,125,1,1.4,0.97,6.196190e-03,53.786372,2.30588E+11,8.522760,7.507810
nx1_typ_125c_vce1.4v,typ,hbt_typ,125,1,1.4,0.99,6.990050e-03,60.677517,1.85644E+11,8.715050,7.549640
nx1_typ_125c_vce1.4v,typ,hbt_typ,125,1,1.4,1.01,7.807150e-03,67.770399,1.3987E+11,8.768800,7.639770
nx1_typ_125c_vce1.4v,typ,hbt_typ,125,1,1.4,1.03,8.613940e-03,74.773785,9.01414E+10,8.196790,7.843320
nx1_typ_125c_vce1.4v,typ,hbt_typ,125,1,1.4,1.05,9.352150e-03,81.181858,5.68289E+10,7.156610,8.142690
nx1_bcs_-40c_vce0.8v,bcs,hbt_bcs,-40,1,0.8,0.55,4.814290e-11,0.000000,,-52.195300,57.118800
nx1_bcs_-40c_vce0.8v,bcs,hbt_bcs,-40,1,0.8,0.57,1.283390e-10,0.000001,,-52.181100,57.104600
nx1_bcs_-40c_vce0.8v,bcs,hbt_bcs,-40,1,0.8,0.59,3.428840e-10,0.000003,,-52.166600,57.090100
nx1_bcs_-40c_vce0.8v,bcs,hbt_bcs,-40,1,0.8,0.61,9.167930e-10,0.000008,,-52.151700,57.075200
nx1_bcs_-40c_vce0.8v,bcs,hbt_bcs,-40,1,0.8,0.63,2.451920e-09,0.000021,5.45619E+06,-52.136300,57.059900
nx1_bcs_-40c_vce0.8v,bcs,hbt_bcs,-40,1,0.8,0.65,6.558040e-09,0.000057,1.45036E+07,-52.119900,57.043500
nx1_bcs_-40c_vce0.8v,bcs,hbt_bcs,-40,1,0.8,0.67,1.754070e-08,0.000152,3.862E+07,-52.098900,57.022500
nx1_bcs_-40c_vce0.8v,bcs,hbt_bcs,-40,1,0.8,0.69,4.691500e-08,0.000407,1.0249E+08,-52.048900,56.972700
nx1_bcs_-40c_vce0.8v,bcs,hbt_bcs,-40,1,0.8,0.71,1.254730e-07,0.001089,2.72814E+08,-51.806700,56.730900
nx1_bcs_-40c_vce0.8v,bcs,hbt_bcs,-40,1,0.8,0.73,3.355290e-07,0.002913,7.22853E+08,-50.467900,55.393200
nx1_bcs_-40c_vce0.8v,bcs,hbt_bcs,-40,1,0.8,0.75,8.969200e-07,0.007786,1.91816E+09,-45.894400,50.822800
nx1_bcs_-40c_vce0.8v,bcs,hbt_bcs,-40,1,0.8,0.77,2.395330e-06,0.020793,5.05858E+09,-38.409000,43.345900
nx1_bcs_-40c_vce0.8v,bcs,hbt_bcs,-40,1,0.8,0.79,6.380590e-06,0.055387,1.32094E+10,-30.122000,35.083500
nx1_bcs_-40c_vce0.8v,bcs,hbt_bcs,-40,1,0.8,0.81,1.687920e-05,0.146521,3.37746E+10,-21.837500,26.875400
nx1_bcs_-40c_vce0.8v,bcs,hbt_bcs,-40,1,0.8,0.83,4.385480e-05,0.380684,8.15956E+10,-13.895600,19.191900
nx1_bcs_-40c_vce0.8v,bcs,hbt_bcs,-40,1,0.8,0.85,1.091550e-04,0.947526,1.74996E+11,-6.756000,12.865600
nx1_bcs_-40c_vce0.8v,bcs,hbt_bcs,-40,1,0.8,0.87,2.495170e-04,2.165946,3.07127E+11,-1.022360,8.854420
nx1_bcs_-40c_vce0.8v,bcs,hbt_bcs,-40,1,0.8,0.89,5.024760e-04,4.361771,4.31811E+11,2.992290,6.911470
nx1_bcs_-40c_vce0.8v,bcs,hbt_bcs,-40,1,0.8,0.91,8.819600e-04,7.655903,5.16116E+11,5.565710,6.002400
nx1_bcs_-40c_vce0.8v,bcs,hbt_bcs,-40,1,0.8,0.93,1.377080e-03,11.953819,5.62982E+11,7.210130,5.503970
nx1_bcs_-40c_vce0.8v,bcs,hbt_bcs,-40,1,0.8,0.95,1.968790e-03,17.090191,5.81921E+11,8.313550,5.181940
nx1_bcs_-40c_vce0.8v,bcs,hbt_bcs,-40,1,0.8,0.97,2.639930e-03,22.916059,5.80604E+11,9.100390,4.951360
nx1_bcs_-40c_vce0.8v,bcs,hbt_bcs,-40,1,0.8,0.99,3.377800e-03,29.321181,5.59466E+11,9.693010,4.777080
nx1_bcs_-40c_vce0.8v,bcs,hbt_bcs,-40,1,0.8,1.01,4.173370e-03,36.227170,5.18045E+11,10.159500,4.642010
nx1_bcs_-40c_vce0.8v,bcs,hbt_bcs,-40,1,0.8,1.03,5.019730e-03,43.574045,4.54116E+11,10.515000,4.539350
nx1_bcs_-40c_vce0.8v,bcs,hbt_bcs,-40,1,0.8,1.05,5.868970e-03,50.945920,1.34065E+11,9.092820,4.661350
nx1_bcs_-40c_vce1.0v,bcs,hbt_bcs,-40,1,1.0,0.55,4.838910e-11,0.000000,,-52.321900,57.245400
nx1_bcs_-40c_vce1.0v,bcs,hbt_bcs,-40,1,1.0,0.57,1.286610e-10,0.000001,,-52.310300,57.233800
nx1_bcs_-40c_vce1.0v,bcs,hbt_bcs,-40,1,1.0,0.59,3.434080e-10,0.000003,,-52.298500,57.222000
nx1_bcs_-40c_vce1.0v,bcs,hbt_bcs,-40,1,1.0,0.61,9.178520e-10,0.000008,,-52.286400,57.209900
nx1_bcs_-40c_vce1.0v,bcs,hbt_bcs,-40,1,1.0,0.63,2.454400e-09,0.000021,5.48596E+06,-52.274000,57.197500
nx1_bcs_-40c_vce1.0v,bcs,hbt_bcs,-40,1,1.0,0.65,6.564310e-09,0.000057,1.45911E+07,-52.260600,57.184100
nx1_bcs_-40c_vce1.0v,bcs,hbt_bcs,-40,1,1.0,0.67,1.755710e-08,0.000152,3.88401E+07,-52.242500,57.166200
nx1_bcs_-40c_vce1.0v,bcs,hbt_bcs,-40,1,1.0,0.69,4.695850e-08,0.000408,1.03139E+08,-52.194700,57.118500
nx1_bcs_-40c_vce1.0v,bcs,hbt_bcs,-40,1,1.0,0.71,1.255900e-07,0.001090,2.74446E+08,-51.948000,56.872200
nx1_bcs_-40c_vce1.0v,bcs,hbt_bcs,-40,1,1.0,0.73,3.358520e-07,0.002915,7.27004E+08,-50.572100,55.497400
nx1_bcs_-40c_vce1.0v,bcs,hbt_bcs,-40,1,1.0,0.75,8.978580e-07,0.007794,1.93051E+09,-45.925700,50.854100
nx1_bcs_-40c_vce1.0v,bcs,hbt_bcs,-40,1,1.0,0.77,2.398330e-06,0.020819,5.09082E+09,-38.405900,43.342800
nx1_bcs_-40c_vce1.0v,bcs,hbt_bcs,-40,1,1.0,0.79,6.391850e-06,0.055485,1.33118E+10,-30.108600,35.070200
nx1_bcs_-40c_vce1.0v,bcs,hbt_bcs,-40,1,1.0,0.81,1.692970e-05,0.146959,3.40758E+10,-21.813900,26.852200
nx1_bcs_-40c_vce1.0v,bcs,hbt_bcs,-40,1,1.0,0.83,4.410930e-05,0.382893,8.24427E+10,-13.852300,19.151300
nx1_bcs_-40c_vce1.0v,bcs,hbt_bcs,-40,1,1.0,0.85,1.104090e-04,0.958411,1.77637E+11,-6.679440,12.804500
nx1_bcs_-40c_vce1.0v,bcs,hbt_bcs,-40,1,1.0,0.87,2.546900e-04,2.210851,3.13129E+11,-0.908752,8.790660
nx1_bcs_-40c_vce1.0v,bcs,hbt_bcs,-40,1,1.0,0.89,5.184800e-04,4.500694,4.40966E+11,3.126500,6.860470
nx1_bcs_-40c_vce1.0v,bcs,hbt_bcs,-40,1,1.0,0.91,9.191780e-04,7.978976,5.25531E+11,5.701500,5.961390
nx1_bcs_-40c_vce1.0v,bcs,hbt_bcs,-40,1,1.0,0.93,1.446860e-03,12.559549,5.72795E+11,7.341040,5.467290
nx1_bcs_-40c_vce1.0v,bcs,hbt_bcs,-40,1,1.0,0.95,2.082300e-03,18.075521,5.90335E+11,8.441550,5.146910
nx1_bcs_-40c_vce1.0v,bcs,hbt_bcs,-40,1,1.0,0.97,2.807870e-03,24.373872,5.87208E+11,9.229810,4.917600
nx1_bcs_-40c_vce1.0v,bcs,hbt_bcs,-40,1,1.0,0.99,3.610950e-03,31.345052,5.63832E+11,9.827890,4.745490
nx1_bcs_-40c_vce1.0v,bcs,hbt_bcs,-40,1,1.0,1.01,4.482720e-03,38.912500,5.18125E+11,10.303100,4.614310
nx1_bcs_-40c_vce1.0v,bcs,hbt_bcs,-40,1,1.0,1.03,5.417120e-03,47.023611,4.54857E+11,10.694300,4.515300
nx1_bcs_-40c_vce1.0v,bcs,hbt_bcs,-40,1,1.0,1.05,6.409440e-03,55.637500,3.77504E+11,11.004700,4.445540
nx1_bcs_-40c_vce1.2v,bcs,hbt_bcs,-40,1,1.2,0.55,4.864270e-11,0.000000,,-52.427300,57.350800
nx1_bcs_-40c_vce1.2v,bcs,hbt_bcs,-40,1,1.2,0.57,1.290010e-10,0.000001,,-52.417500,57.341000
nx1_bcs_-40c_vce1.2v,bcs,hbt_bcs,-40,1,1.2,0.59,3.439730e-10,0.000003,,-52.407600,57.331100
nx1_bcs_-40c_vce1.2v,bcs,hbt_bcs,-40,1,1.2,0.61,9.190070e-10,0.000008,,-52.397400,57.320900
nx1_bcs_-40c_vce1.2v,bcs,hbt_bcs,-40,1,1.2,0.63,2.457100e-09,0.000021,5.51147E+06,-52.387000,57.310500
nx1_bcs_-40c_vce1.2v,bcs,hbt_bcs,-40,1,1.2,0.65,6.571080e-09,0.000057,1.46656E+07,-52.375600,57.299200
nx1_bcs_-40c_vce1.2v,bcs,hbt_bcs,-40,1,1.2,0.67,1.757460e-08,0.000153,3.90261E+07,-52.359600,57.283200
nx1_bcs_-40c_vce1.2v,bcs,hbt_bcs,-40,1,1.2,0.69,4.700450e-08,0.000408,1.03684E+08,-52.313000,57.236700
nx1_bcs_-40c_vce1.2v,bcs,hbt_bcs,-40,1,1.2,0.71,1.257130e-07,0.001091,2.75812E+08,-52.061700,56.985900
nx1_bcs_-40c_vce1.2v,bcs,hbt_bcs,-40,1,1.2,0.73,3.361870e-07,0.002918,7.30911E+08,-50.654300,55.579600
nx1_bcs_-40c_vce1.2v,bcs,hbt_bcs,-40,1,1.2,0.75,8.988180e-07,0.007802,1.94075E+09,-45.948500,50.876900
nx1_bcs_-40c_vce1.2v,bcs,hbt_bcs,-40,1,1.2,0.77,2.401380e-06,0.020845,5.11753E+09,-38.401000,43.338000
nx1_bcs_-40c_vce1.2v,bcs,hbt_bcs,-40,1,1.2,0.79,6.403210e-06,0.055583,1.33971E+10,-30.094900,35.056500
nx1_bcs_-40c_vce1.2v,bcs,hbt_bcs,-40,1,1.2,0.81,1.698080e-05,0.147403,3.43314E+10,-21.790200,26.828800
nx1_bcs_-40c_vce1.2v,bcs,hbt_bcs,-40,1,1.2,0.83,4.436790e-05,0.385138,8.31835E+10,-13.808600,19.110300
nx1_bcs_-40c_vce1.2v,bcs,hbt_bcs,-40,1,1.2,0.85,1.117030e-04,0.969644,1.8E+11,-6.601550,12.742600
nx1_bcs_-40c_vce1.2v,bcs,hbt_bcs,-40,1,1.2,0.87,2.601490e-04,2.258238,3.18529E+11,-0.791913,8.725680
nx1_bcs_-40c_vce1.2v,bcs,hbt_bcs,-40,1,1.2,0.89,5.358150e-04,4.651172,4.4905E+11,3.265600,6.808270
nx1_bcs_-40c_vce1.2v,bcs,hbt_bcs,-40,1,1.2,0.91,9.603410e-04,8.336293,5.34317E+11,5.843140,5.918970
nx1_bcs_-40c_vce1.2v,bcs,hbt_bcs,-40,1,1.2,0.93,1.525580e-03,13.242882,5.80454E+11,7.479290,5.428810
nx1_bcs_-40c_vce1.2v,bcs,hbt_bcs,-40,1,1.2,0.95,2.212430e-03,19.205122,5.96037E+11,8.578620,5.110080
nx1_bcs_-40c_vce1.2v,bcs,hbt_bcs,-40,1,1.2,0.97,3.003320e-03,26.070486,5.89095E+11,9.370190,4.882640
nx1_bcs_-40c_vce1.2v,bcs,hbt_bcs,-40,1,1.2,0.99,3.886150e-03,33.733941,5.59428E+11,9.975560,4.714150
nx1_bcs_-40c_vce1.2v,bcs,hbt_bcs,-40,1,1.2,1.01,4.852860e-03,42.125521,5.06253E+11,10.460900,4.589460
nx1_bcs_-40c_vce1.2v,bcs,hbt_bcs,-40,1,1.2,1.03,5.898290e-03,51.200434,4.35717E+11,10.863900,4.500870
nx1_bcs_-40c_vce1.2v,bcs,hbt_bcs,-40,1,1.2,1.05,7.019100e-03,60.929688,3.57543E+11,11.206200,4.444730
nx1_bcs_-40c_vce1.4v,bcs,hbt_bcs,-40,1,1.4,0.55,4.891670e-11,0.000000,,-52.517500,57.441000
nx1_bcs_-40c_vce1.4v,bcs,hbt_bcs,-40,1,1.4,0.57,1.293910e-10,0.000001,,-52.509100,57.432600
nx1_bcs_-40c_vce1.4v,bcs,hbt_bcs,-40,1,1.4,0.59,3.446620e-10,0.000003,,-52.500500,57.424000
nx1_bcs_-40c_vce1.4v,bcs,hbt_bcs,-40,1,1.4,0.61,9.204630e-10,0.000008,,-52.491700,57.415300
nx1_bcs_-40c_vce1.4v,bcs,hbt_bcs,-40,1,1.4,0.63,2.460540e-09,0.000021,5.53525E+06,-52.482700,57.406300
nx1_bcs_-40c_vce1.4v,bcs,hbt_bcs,-40,1,1.4,0.65,6.579640e-09,0.000057,1.47342E+07,-52.472900,57.396400
nx1_bcs_-40c_vce1.4v,bcs,hbt_bcs,-40,1,1.4,0.67,1.759640e-08,0.000153,3.91961E+07,-52.458200,57.381800
nx1_bcs_-40c_vce1.4v,bcs,hbt_bcs,-40,1,1.4,0.69,4.706090e-08,0.000409,1.04178E+08,-52.412300,57.336000
nx1_bcs_-40c_vce1.4v,bcs,hbt_bcs,-40,1,1.4,0.71,1.258610e-07,0.001093,2.77040E+08,-52.156700,57.080900
nx1_bcs_-40c_vce1.4v,bcs,hbt_bcs,-40,1,1.4,0.73,3.365810e-07,0.002922,7.34508E+08,-50.721400,55.646800
nx1_bcs_-40c_vce1.4v,bcs,hbt_bcs,-40,1,1.4,0.75,8.999200e-07,0.007812,1.94983E+09,-45.964700,50.893200
nx1_bcs_-40c_vce1.4v,bcs,hbt_bcs,-40,1,1.4,0.77,2.404760e-06,0.020875,5.14117E+09,-38.394100,43.331200
nx1_bcs_-40c_vce1.4v,bcs,hbt_bcs,-40,1,1.4,0.79,6.415400e-06,0.055689,1.34728E+10,-30.080100,35.041800
nx1_bcs_-40c_vce1.4v,bcs,hbt_bcs,-40,1,1.4,0.81,1.703410e-05,0.147865,3.45611E+10,-21.765400,26.804400
nx1_bcs_-40c_vce1.4v,bcs,hbt_bcs,-40,1,1.4,0.83,4.463500e-05,0.387457,8.39664E+10,-13.763600,19.068100
nx1_bcs_-40c_vce1.4v,bcs,hbt_bcs,-40,1,1.4,0.85,1.130490e-04,0.981328,1.8221E+11,-6.521270,12.678800
nx1_bcs_-40c_vce1.4v,bcs,hbt_bcs,-40,1,1.4,0.87,2.659470e-04,2.308568,3.23596E+11,-0.670904,8.658920
nx1_bcs_-40c_vce1.4v,bcs,hbt_bcs,-40,1,1.4,0.89,5.547010e-04,4.815113,4.56516E+11,3.410250,6.754570
nx1_bcs_-40c_vce1.4v,bcs,hbt_bcs,-40,1,1.4,0.91,1.006390e-03,8.736024,5.42935E+11,5.991410,5.874800
nx1_bcs_-40c_vce1.4v,bcs,hbt_bcs,-40,1,1.4,0.93,1.615330e-03,14.021962,5.86775E+11,7.625370,5.388360
nx1_bcs_-40c_vce1.4v,bcs,hbt_bcs,-40,1,1.4,0.95,2.363680e-03,20.518056,6.00167E+11,8.725970,5.071360
nx1_bcs_-40c_vce1.4v,bcs,hbt_bcs,-40,1,1.4,0.97,3.234630e-03,28.078385,5.87377E+11,9.523820,4.846680
nx1_bcs_-40c_vce1.4v,bcs,hbt_bcs,-40,1,1.4,0.99,4.217670e-03,36.611719,5.48048E+11,10.139200,4.684030
nx1_bcs_-40c_vce1.4v,bcs,hbt_bcs,-40,1,1.4,1.01,5.306610e-03,46.064323,4.83154E+11,10.636800,4.569880
nx1_bcs_-40c_vce1.4v,bcs,hbt_bcs,-40,1,1.4,1.03,6.498370e-03,56.409462,4.03682E+11,11.052800,4.498390
nx1_bcs_-40c_vce1.4v,bcs,hbt_bcs,-40,1,1.4,1.05,7.791700e-03,67.636285,3.19978E+11,4.123780,6.489800
nx1_bcs_27c_vce0.8v,bcs,hbt_bcs,27,1,0.8,0.55,1.613610e-08,0.000140,2.77344E+07,-52.084900,58.105500
nx1_bcs_27c_vce0.8v,bcs,hbt_bcs,27,1,0.8,0.57,3.435390e-08,0.000298,5.87504E+07,-52.058200,58.078900
nx1_bcs_27c_vce0.8v,bcs,hbt_bcs,27,1,0.8,0.59,7.313820e-08,0.000635,1.24456E+08,-51.998200,58.019000
nx1_bcs_27c_vce0.8v,bcs,hbt_bcs,27,1,0.8,0.61,1.557020e-07,0.001352,2.63379E+08,-51.796400,57.817600
nx1_bcs_27c_vce0.8v,bcs,hbt_bcs,27,1,0.8,0.63,3.314460e-07,0.002877,5.57447E+08,-51.039900,57.061800
nx1_bcs_27c_vce0.8v,bcs,hbt_bcs,27,1,0.8,0.65,7.054410e-07,0.006124,1.17723E+09,-48.714300,54.737800
nx1_bcs_27c_vce0.8v,bcs,hbt_bcs,27,1,0.8,0.67,1.500940e-06,0.013029,2.48572E+09,-44.148900,50.175800
nx1_bcs_27c_vce0.8v,bcs,hbt_bcs,27,1,0.8,0.69,3.191250e-06,0.027702,5.21643E+09,-38.216200,44.250600
nx1_bcs_27c_vce0.8v,bcs,hbt_bcs,27,1,0.8,0.71,6.774830e-06,0.058809,1.0915E+10,-31.862800,37.913900
nx1_bcs_27c_vce0.8v,bcs,hbt_bcs,27,1,0.8,0.73,1.433590e-05,0.124444,2.24931E+10,-25.465300,31.555200
nx1_bcs_27c_vce0.8v,bcs,hbt_bcs,27,1,0.8,0.75,3.012840e-05,0.261531,4.51902E+10,-19.183000,25.368200
nx1_bcs_27c_vce0.8v,bcs,hbt_bcs,27,1,0.8,0.77,6.243740e-05,0.541991,8.66231E+10,-13.172700,19.599200
nx1_bcs_27c_vce0.8v,bcs,hbt_bcs,27,1,0.8,0.79,1.259690e-04,1.093481,1.53038E+11,-7.661140,14.662600
nx1_bcs_27c_vce0.8v,bcs,hbt_bcs,27,1,0.8,0.81,2.427520e-04,2.107222,2.40347E+11,-2.925790,11.028100
nx1_bcs_27c_vce0.8v,bcs,hbt_bcs,27,1,0.8,0.83,4.377070e-04,3.799540,3.30132E+11,0.832110,8.779910
nx1_bcs_27c_vce0.8v,bcs,hbt_bcs,27,1,0.8,0.85,7.290910e-04,6.328915,4.04141E+11,3.619530,7.511850
nx1_bcs_27c_vce0.8v,bcs,hbt_bcs,27,1,0.8,0.87,1.122270e-03,9.741927,4.54443E+11,5.621810,6.773510
nx1_bcs_27c_vce0.8v,bcs,hbt_bcs,27,1,0.8,0.89,1.612070e-03,13.993663,4.83672E+11,7.065430,6.301470
nx1_bcs_27c_vce0.8v,bcs,hbt_bcs,27,1,0.8,0.91,2.188630e-03,18.998524,4.96005E+11,8.131400,5.972390
nx1_bcs_27c_vce0.8v,bcs,hbt_bcs,27,1,0.8,0.93,2.841500e-03,24.665799,4.90531E+11,8.942310,5.729720
nx1_bcs_27c_vce0.8v,bcs,hbt_bcs,27,1,0.8,0.95,3.561380e-03,30.914757,4.66792E+11,9.576920,5.545580
nx1_bcs_27c_vce0.8v,bcs,hbt_bcs,27,1,0.8,0.97,4.340420e-03,37.677257,4.2865E+11,10.081000,5.405400
nx1_bcs_27c_vce0.8v,bcs,hbt_bcs,27,1,0.8,0.99,5.167850e-03,44.859809,3.40764E+11,10.314600,5.319720
nx1_bcs_27c_vce0.8v,bcs,hbt_bcs,27,1,0.8,1.01,5.958980e-03,51.727257,1.11075E+11,8.476880,5.520730
nx1_bcs_27c_vce0.8v,bcs,hbt_bcs,27,1,0.8,1.03,6.586160e-03,57.171528,4.07317E+10,6.317470,5.858490
nx1_bcs_27c_vce0.8v,bcs,hbt_bcs,27,1,0.8,1.05,7.154680e-03,62.106597,2.33748E+10,5.681900,5.950890
nx1_bcs_27c_vce1.0v,bcs,hbt_bcs,27,1,1.0,0.55,1.615170e-08,0.000140,2.78941E+07,-52.232100,58.252700
nx1_bcs_27c_vce1.0v,bcs,hbt_bcs,27,1,1.0,0.57,3.438660e-08,0.000298,5.91231E+07,-52.208500,58.229200
nx1_bcs_27c_vce1.0v,bcs,hbt_bcs,27,1,1.0,0.59,7.320740e-08,0.000635,1.25200E+08,-52.150600,58.171400
nx1_bcs_27c_vce1.0v,bcs,hbt_bcs,27,1,1.0,0.61,1.558500e-07,0.001353,2.65122E+08,-51.945700,57.966900
nx1_bcs_27c_vce1.0v,bcs,hbt_bcs,27,1,1.0,0.63,3.317650e-07,0.002880,5.60940E+08,-51.167500,57.189500
nx1_bcs_27c_vce1.0v,bcs,hbt_bcs,27,1,1.0,0.65,7.061480e-07,0.006130,1.18546E+09,-48.787300,54.810800
nx1_bcs_27c_vce1.0v,bcs,hbt_bcs,27,1,1.0,0.67,1.502580e-06,0.013043,2.50238E+09,-44.169000,50.196000
nx1_bcs_27c_vce1.0v,bcs,hbt_bcs,27,1,1.0,0.69,3.195280e-06,0.027737,5.25661E+09,-38.213400,44.247800
nx1_bcs_27c_vce1.0v,bcs,hbt_bcs,27,1,1.0,0.71,6.785810e-06,0.058905,1.09994E+10,-31.851300,37.902500
nx1_bcs_27c_vce1.0v,bcs,hbt_bcs,27,1,1.0,0.73,1.436930e-05,0.124734,2.26778E+10,-25.446900,31.537000
nx1_bcs_27c_vce1.0v,bcs,hbt_bcs,27,1,1.0,0.75,3.023960e-05,0.262497,4.56175E+10,-19.154400,25.340300
nx1_bcs_27c_vce1.0v,bcs,hbt_bcs,27,1,1.0,0.77,6.282470e-05,0.545353,8.7683E+10,-13.127000,19.556500
nx1_bcs_27c_vce1.0v,bcs,hbt_bcs,27,1,1.0,0.79,1.272910e-04,1.104957,1.55406E+11,-7.590160,14.603500
nx1_bcs_27c_vce1.0v,bcs,hbt_bcs,27,1,1.0,0.81,2.468590e-04,2.142873,2.44922E+11,-2.825500,10.961400
nx1_bcs_27c_vce1.0v,bcs,hbt_bcs,27,1,1.0,0.83,4.486760e-04,3.894757,3.36794E+11,0.956330,8.718670
nx1_bcs_27c_vce1.0v,bcs,hbt_bcs,27,1,1.0,0.85,7.536650e-04,6.542231,4.12208E+11,3.755710,7.460690
nx1_bcs_27c_vce1.0v,bcs,hbt_bcs,27,1,1.0,0.87,1.169140e-03,10.148785,4.63384E+11,5.759840,6.730270
nx1_bcs_27c_vce1.0v,bcs,hbt_bcs,27,1,1.0,0.89,1.690720e-03,14.676389,4.93755E+11,7.200620,6.263520
nx1_bcs_27c_vce1.0v,bcs,hbt_bcs,27,1,1.0,0.91,2.308630e-03,20.040191,5.05616E+11,8.263040,5.938680
nx1_bcs_27c_vce1.0v,bcs,hbt_bcs,27,1,1.0,0.93,3.012280e-03,26.148264,5.00429E+11,9.071560,5.700660
nx1_bcs_27c_vce1.0v,bcs,hbt_bcs,27,1,1.0,0.95,3.792260e-03,32.918924,4.76203E+11,9.705540,5.522560
nx1_bcs_27c_vce1.0v,bcs,hbt_bcs,27,1,1.0,0.97,4.640790e-03,40.284635,4.33444E+11,10.215300,5.390050
nx1_bcs_27c_vce1.0v,bcs,hbt_bcs,27,1,1.0,0.99,5.551410e-03,48.189323,3.77237E+11,10.631900,5.295110
nx1_bcs_27c_vce1.0v,bcs,hbt_bcs,27,1,1.0,1.01,6.516050e-03,56.562934,2.97091E+11,10.874300,5.243530
nx1_bcs_27c_vce1.0v,bcs,hbt_bcs,27,1,1.0,1.03,7.453170e-03,64.697656,1.0616E+11,9.382840,5.410000
nx1_bcs_27c_vce1.0v,bcs,hbt_bcs,27,1,1.0,1.05,8.209190e-03,71.260330,4.06067E+10,7.347890,5.706950
nx1_bcs_27c_vce1.2v,bcs,hbt_bcs,27,1,1.2,0.55,1.617030e-08,0.000140,2.80315E+07,-52.351500,58.372200
nx1_bcs_27c_vce1.2v,bcs,hbt_bcs,27,1,1.2,0.57,3.442500e-08,0.000299,5.94406E+07,-52.330000,58.350600
nx1_bcs_27c_vce1.2v,bcs,hbt_bcs,27,1,1.2,0.59,7.328690e-08,0.000636,1.2583E+08,-52.273100,58.293900
nx1_bcs_27c_vce1.2v,bcs,hbt_bcs,27,1,1.2,0.61,1.560160e-07,0.001354,2.6658E+08,-52.064900,58.086100
nx1_bcs_27c_vce1.2v,bcs,hbt_bcs,27,1,1.2,0.63,3.321180e-07,0.002883,5.63847E+08,-51.267900,57.289800
nx1_bcs_27c_vce1.2v,bcs,hbt_bcs,27,1,1.2,0.65,7.069140e-07,0.006136,1.19226E+09,-48.842700,54.866200
nx1_bcs_27c_vce1.2v,bcs,hbt_bcs,27,1,1.2,0.67,1.504310e-06,0.013058,2.5161E+09,-44.182200,50.209100
nx1_bcs_27c_vce1.2v,bcs,hbt_bcs,27,1,1.2,0.69,3.199500e-06,0.027773,5.28949E+09,-38.208400,44.242900
nx1_bcs_27c_vce1.2v,bcs,hbt_bcs,27,1,1.2,0.71,6.797120e-06,0.059003,1.10685E+10,-31.839100,37.890300
nx1_bcs_27c_vce1.2v,bcs,hbt_bcs,27,1,1.2,0.73,1.440330e-05,0.125029,2.28304E+10,-25.428300,31.518500
nx1_bcs_27c_vce1.2v,bcs,hbt_bcs,27,1,1.2,0.75,3.035250e-05,0.263477,4.59765E+10,-19.125500,25.312100
nx1_bcs_27c_vce1.2v,bcs,hbt_bcs,27,1,1.2,0.77,6.321940e-05,0.548780,8.85901E+10,-13.080700,19.513400
nx1_bcs_27c_vce1.2v,bcs,hbt_bcs,27,1,1.2,0.79,1.286510e-04,1.116762,1.57468E+11,-7.518010,14.543500
nx1_bcs_27c_vce1.2v,bcs,hbt_bcs,27,1,1.2,0.81,2.511560e-04,2.180174,2.48926E+11,-2.722810,10.893400
nx1_bcs_27c_vce1.2v,bcs,hbt_bcs,27,1,1.2,0.83,4.603860e-04,3.996406,3.43177E+11,1.084520,8.656140
nx1_bcs_27c_vce1.2v,bcs,hbt_bcs,27,1,1.2,0.85,7.804070e-04,6.774366,4.18997E+11,3.897080,7.408220
nx1_bcs_27c_vce1.2v,bcs,hbt_bcs,27,1,1.2,0.87,1.221090e-03,10.599740,4.70515E+11,5.903970,6.685610
nx1_bcs_27c_vce1.2v,bcs,hbt_bcs,27,1,1.2,0.89,1.779080e-03,15.443403,5.01002E+11,7.342970,6.224100
nx1_bcs_27c_vce1.2v,bcs,hbt_bcs,27,1,1.2,0.91,2.445280e-03,21.226389,5.1108E+11,8.403310,5.903790
nx1_bcs_27c_vce1.2v,bcs,hbt_bcs,27,1,1.2,0.93,3.209760e-03,27.862500,5.02886E+11,9.209910,5.671540
nx1_bcs_27c_vce1.2v,bcs,hbt_bcs,27,1,1.2,0.95,4.061530e-03,35.256337,4.73934E+11,9.843690,5.501440
nx1_bcs_27c_vce1.2v,bcs,hbt_bcs,27,1,1.2,0.97,4.994690e-03,43.356684,4.27421E+11,10.354400,5.380340
nx1_bcs_27c_vce1.2v,bcs,hbt_bcs,27,1,1.2,0.99,6.002570e-03,52.105642,3.64424E+11,10.773600,5.301190
nx1_bcs_27c_vce1.2v,bcs,hbt_bcs,27,1,1.2,1.01,7.079980e-03,61.458160,2.97522E+11,11.118400,5.260870
nx1_bcs_27c_vce1.2v,bcs,hbt_bcs,27,1,1.2,1.03,8.213290e-03,71.295920,2.05683E+11,11.154000,5.281640
nx1_bcs_27c_vce1.2v,bcs,hbt_bcs,27,1,1.2,1.05,9.251540e-03,80.308507,6.86562E+10,9.234650,5.538090
nx1_bcs_27c_vce1.4v,bcs,hbt_bcs,27,1,1.4,0.55,1.619810e-08,0.000141,2.81643E+07,-52.451900,58.472500
nx1_bcs_27c_vce1.4v,bcs,hbt_bcs,27,1,1.4,0.57,3.448100e-08,0.000299,5.97431E+07,-52.431700,58.452300
nx1_bcs_27c_vce1.4v,bcs,hbt_bcs,27,1,1.4,0.59,7.340080e-08,0.000637,1.26422E+08,-52.375200,58.396100
nx1_bcs_27c_vce1.4v,bcs,hbt_bcs,27,1,1.4,0.61,1.562490e-07,0.001356,2.67936E+08,-52.163600,58.184800
nx1_bcs_27c_vce1.4v,bcs,hbt_bcs,27,1,1.4,0.63,3.325990e-07,0.002887,5.66518E+08,-51.349600,57.371600
nx1_bcs_27c_vce1.4v,bcs,hbt_bcs,27,1,1.4,0.65,7.079260e-07,0.006145,1.19842E+09,-48.885300,54.908800
nx1_bcs_27c_vce1.4v,bcs,hbt_bcs,27,1,1.4,0.67,1.506520e-06,0.013077,2.52845E+09,-44.189100,50.216100
nx1_bcs_27c_vce1.4v,bcs,hbt_bcs,27,1,1.4,0.69,3.204610e-06,0.027818,5.31886E+09,-38.200300,44.234800
nx1_bcs_27c_vce1.4v,bcs,hbt_bcs,27,1,1.4,0.71,6.810150e-06,0.059116,1.11302E+10,-31.824700,37.876000
nx1_bcs_27c_vce1.4v,bcs,hbt_bcs,27,1,1.4,0.73,1.444070e-05,0.125353,2.29669E+10,-25.407800,31.498200
nx1_bcs_27c_vce1.4v,bcs,hbt_bcs,27,1,1.4,0.75,3.047280e-05,0.264521,4.63001E+10,-19.094700,25.282000
nx1_bcs_27c_vce1.4v,bcs,hbt_bcs,27,1,1.4,0.77,6.363300e-05,0.552370,8.9418E+10,-13.032300,19.468200
nx1_bcs_27c_vce1.4v,bcs,hbt_bcs,27,1,1.4,0.79,1.300740e-04,1.129115,1.5937E+11,-7.443080,14.481200
nx1_bcs_27c_vce1.4v,bcs,hbt_bcs,27,1,1.4,0.81,2.556980e-04,2.219601,2.52631E+11,-2.616290,10.823200
nx1_bcs_27c_vce1.4v,bcs,hbt_bcs,27,1,1.4,0.83,4.729560e-04,4.105521,3.49017E+11,1.217260,8.591890
nx1_bcs_27c_vce1.4v,bcs,hbt_bcs,27,1,1.4,0.85,8.096780e-04,7.028455,4.26086E+11,4.043530,7.354320
nx1_bcs_27c_vce1.4v,bcs,hbt_bcs,27,1,1.4,0.87,1.278880e-03,11.101389,4.77627E+11,6.054360,6.639340
nx1_bcs_27c_vce1.4v,bcs,hbt_bcs,27,1,1.4,0.89,1.879690e-03,16.316753,5.06691E+11,7.492660,6.183210
nx1_bcs_27c_vce1.4v,bcs,hbt_bcs,27,1,1.4,0.91,2.602930e-03,22.594878,5.14197E+11,8.551990,5.868110
nx1_bcs_27c_vce1.4v,bcs,hbt_bcs,27,1,1.4,0.93,3.439560e-03,29.857292,5.01298E+11,9.359240,5.642860
nx1_bcs_27c_vce1.4v,bcs,hbt_bcs,27,1,1.4,0.95,4.381010e-03,38.029601,4.65181E+11,9.993850,5.483590
nx1_bcs_27c_vce1.4v,bcs,hbt_bcs,27,1,1.4,0.97,5.420320e-03,47.051389,4.1012E+11,10.505500,5.378670
nx1_bcs_27c_vce1.4v,bcs,hbt_bcs,27,1,1.4,0.99,6.551980e-03,56.874826,3.42529E+11,10.924900,5.322870
nx1_bcs_27c_vce1.4v,bcs,hbt_bcs,27,1,1.4,1.01,7.771290e-03,67.459115,2.70558E+11,11.270100,5.314980
nx1_bcs_27c_vce1.4v,bcs,hbt_bcs,27,1,1.4,1.03,9.072000e-03,78.750000,2.0492E+11,11.512500,5.359800
nx1_bcs_27c_vce1.4v,bcs,hbt_bcs,27,1,1.4,1.05,1.036680e-02,89.989583,9.25272E+10,10.476400,5.563720
nx1_bcs_125c_vce0.8v,bcs,hbt_bcs,125,1,0.8,0.55,2.749680e-06,0.023869,3.40112E+09,-41.827200,49.083700
nx1_bcs_125c_vce0.8v,bcs,hbt_bcs,125,1,0.8,0.57,4.809620e-06,0.041750,5.87643E+09,-37.289000,44.552300
nx1_bcs_125c_vce0.8v,bcs,hbt_bcs,125,1,0.8,0.59,8.404570e-06,0.072956,1.01301E+10,-32.575200,39.851100
nx1_bcs_125c_vce0.8v,bcs,hbt_bcs,125,1,0.8,0.61,1.466150e-05,0.127270,1.73182E+10,-27.828400,35.127300
nx1_bcs_125c_vce0.8v,bcs,hbt_bcs,125,1,0.8,0.63,2.550080e-05,0.221361,2.91621E+10,-23.119700,30.462600
nx1_bcs_125c_vce0.8v,bcs,hbt_bcs,125,1,0.8,0.65,4.412770e-05,0.383053,4.82271E+10,-18.506400,25.934900
nx1_bcs_125c_vce0.8v,bcs,hbt_bcs,125,1,0.8,0.67,7.571000e-05,0.657205,7.716E+10,-14.058100,21.655300
nx1_bcs_125c_vce0.8v,bcs,hbt_bcs,125,1,0.8,0.69,1.281160e-04,1.112118,1.17574E+11,-9.866920,17.787300
nx1_bcs_125c_vce0.8v,bcs,hbt_bcs,125,1,0.8,0.71,2.123030e-04,1.842908,1.69062E+11,-6.042250,14.528600
nx1_bcs_125c_vce0.8v,bcs,hbt_bcs,125,1,0.8,0.73,3.416590e-04,2.965790,2.26462E+11,-2.686360,12.022500
nx1_bcs_125c_vce0.8v,bcs,hbt_bcs,125,1,0.8,0.75,5.298700e-04,4.599566,2.81849E+11,0.141847,10.255000
nx1_bcs_125c_vce0.8v,bcs,hbt_bcs,125,1,0.8,0.77,7.880580e-04,6.840781,3.28473E+11,2.448800,9.066570
nx1_bcs_125c_vce0.8v,bcs,hbt_bcs,125,1,0.8,0.79,1.122810e-03,9.746615,3.64474E+11,4.295310,8.265660
nx1_bcs_125c_vce0.8v,bcs,hbt_bcs,125,1,0.8,0.81,1.536050e-03,13.333767,3.88533E+11,5.765670,7.706470
nx1_bcs_125c_vce0.8v,bcs,hbt_bcs,125,1,0.8,0.83,2.026130e-03,17.587934,3.99991E+11,6.941430,7.299030
nx1_bcs_125c_vce0.8v,bcs,hbt_bcs,125,1,0.8,0.85,2.589200e-03,22.475694,3.95946E+11,7.889640,6.992060
nx1_bcs_125c_vce0.8v,bcs,hbt_bcs,125,1,0.8,0.87,3.220340e-03,27.954340,3.78256E+11,8.661390,6.756480
nx1_bcs_125c_vce0.8v,bcs,hbt_bcs,125,1,0.8,0.89,3.913950e-03,33.975260,3.47628E+11,9.285360,6.576450
nx1_bcs_125c_vce0.8v,bcs,hbt_bcs,125,1,0.8,0.91,4.661010e-03,40.460156,2.94798E+11,9.675590,6.455640
nx1_bcs_125c_vce0.8v,bcs,hbt_bcs,125,1,0.8,0.93,5.421350e-03,47.060330,1.80005E+11,9.088470,6.485350
nx1_bcs_125c_vce0.8v,bcs,hbt_bcs,125,1,0.8,0.95,6.105100e-03,52.995660,8.66051E+10,7.572780,6.680730
nx1_bcs_125c_vce0.8v,bcs,hbt_bcs,125,1,0.8,0.97,6.722170e-03,58.352170,5.09205E+10,6.755080,6.790690
nx1_bcs_125c_vce0.8v,bcs,hbt_bcs,125,1,0.8,0.99,7.328080e-03,63.611806,3.49762E+10,6.509990,6.817220
nx1_bcs_125c_vce0.8v,bcs,hbt_bcs,125,1,0.8,1.01,7.949280e-03,69.004167,2.58423E+10,6.378060,6.856270
nx1_bcs_125c_vce0.8v,bcs,hbt_bcs,125,1,0.8,1.03,8.586320e-03,74.534028,1.9272E+10,5.915880,7.008630
nx1_bcs_125c_vce0.8v,bcs,hbt_bcs,125,1,0.8,1.05,9.213660e-03,79.979688,1.34521E+10,4.577600,7.426600
nx1_bcs_125c_vce1.0v,bcs,hbt_bcs,125,1,1.0,0.55,2.752880e-06,0.023897,3.4283E+09,-41.837400,49.093900
nx1_bcs_125c_vce1.0v,bcs,hbt_bcs,125,1,1.0,0.57,4.815950e-06,0.041805,5.92767E+09,-37.285300,44.548700
nx1_bcs_125c_vce1.0v,bcs,hbt_bcs,125,1,1.0,0.59,8.417870e-06,0.073072,1.02135E+10,-32.564800,39.840700
nx1_bcs_125c_vce1.0v,bcs,hbt_bcs,125,1,1.0,0.61,1.469130e-05,0.127529,1.748E+10,-27.812800,35.111900
nx1_bcs_125c_vce1.0v,bcs,hbt_bcs,125,1,1.0,0.63,2.557130e-05,0.221973,2.94406E+10,-23.098000,30.441200
nx1_bcs_125c_vce1.0v,bcs,hbt_bcs,125,1,1.0,0.65,4.430220e-05,0.384568,4.87947E+10,-18.476000,25.905400
nx1_bcs_125c_vce1.0v,bcs,hbt_bcs,125,1,1.0,0.67,7.615010e-05,0.661025,7.81918E+10,-14.015100,21.614800
nx1_bcs_125c_vce1.0v,bcs,hbt_bcs,125,1,1.0,0.69,1.292180e-04,1.121684,1.19474E+11,-9.806840,17.734100
nx1_bcs_125c_vce1.0v,bcs,hbt_bcs,125,1,1.0,0.71,2.149610e-04,1.865981,1.7223E+11,-5.961480,14.464700
nx1_bcs_125c_vce1.0v,bcs,hbt_bcs,125,1,1.0,0.73,3.476710e-04,3.017977,2.30836E+11,-2.584150,11.954400
nx1_bcs_125c_vce1.0v,bcs,hbt_bcs,125,1,1.0,0.75,5.423700e-04,4.708073,2.87933E+11,0.262490,10.189900
nx1_bcs_125c_vce1.0v,bcs,hbt_bcs,125,1,1.0,0.77,8.117320e-04,7.046285,3.36053E+11,2.582220,9.008300
nx1_bcs_125c_vce1.0v,bcs,hbt_bcs,125,1,1.0,0.79,1.163770e-03,10.102170,3.73089E+11,4.435540,8.214600
nx1_bcs_125c_vce1.0v,bcs,hbt_bcs,125,1,1.0,0.81,1.601450e-03,13.901476,3.99411E+11,5.908000,7.661870
nx1_bcs_125c_vce1.0v,bcs,hbt_bcs,125,1,1.0,0.83,2.123730e-03,18.435156,4.12921E+11,7.082820,7.260490
nx1_bcs_125c_vce1.0v,bcs,hbt_bcs,125,1,1.0,0.85,2.727060e-03,23.672396,4.14704E+11,8.028570,6.960020
nx1_bcs_125c_vce1.0v,bcs,hbt_bcs,125,1,1.0,0.87,3.406550e-03,29.570747,4.01832E+11,8.797450,6.732190
nx1_bcs_125c_vce1.0v,bcs,hbt_bcs,125,1,1.0,0.89,4.156770e-03,36.083073,3.68457E+11,9.427710,6.560660
nx1_bcs_125c_vce1.0v,bcs,hbt_bcs,125,1,1.0,0.91,4.972130e-03,43.160851,3.24398E+11,9.945550,6.435800
nx1_bcs_125c_vce1.0v,bcs,hbt_bcs,125,1,1.0,0.93,5.845540e-03,50.742535,2.66196E+11,10.323500,6.357010
nx1_bcs_125c_vce1.0v,bcs,hbt_bcs,125,1,1.0,0.95,6.747020e-03,58.567882,1.72752E+11,10.040700,6.380540
nx1_bcs_125c_vce1.0v,bcs,hbt_bcs,125,1,1.0,0.97,7.574690e-03,65.752517,8.43683E+10,8.642720,6.567760
nx1_bcs_125c_vce1.0v,bcs,hbt_bcs,125,1,1.0,0.99,8.314930e-03,72.178212,4.96132E+10,7.711510,6.719650
nx1_bcs_125c_vce1.0v,bcs,hbt_bcs,125,1,1.0,1.01,9.031820e-03,78.401215,3.4488E+10,7.328610,6.815620
nx1_bcs_125c_vce1.0v,bcs,hbt_bcs,125,1,1.0,1.03,9.759630e-03,84.719010,2.62183E+10,7.125050,6.920570
nx1_bcs_125c_vce1.0v,bcs,hbt_bcs,125,1,1.0,1.05,1.050590e-02,91.197049,2.0698E+10,6.786330,7.094530
nx1_bcs_125c_vce1.2v,bcs,hbt_bcs,125,1,1.2,0.55,2.756750e-06,0.023930,3.45042E+09,-41.841300,49.097800
nx1_bcs_125c_vce1.2v,bcs,hbt_bcs,125,1,1.2,0.57,4.823280e-06,0.041869,5.96899E+09,-37.278600,44.542000
nx1_bcs_125c_vce1.2v,bcs,hbt_bcs,125,1,1.2,0.59,8.432660e-06,0.073200,1.02805E+10,-32.552600,39.828600
nx1_bcs_125c_vce1.2v,bcs,hbt_bcs,125,1,1.2,0.61,1.472330e-05,0.127806,1.76096E+10,-27.796200,35.095400
nx1_bcs_125c_vce1.2v,bcs,hbt_bcs,125,1,1.2,0.63,2.564530e-05,0.222615,2.97006E+10,-23.075600,30.419100
nx1_bcs_125c_vce1.2v,bcs,hbt_bcs,125,1,1.2,0.65,4.448260e-05,0.386134,4.92537E+10,-18.445000,25.875100
nx1_bcs_125c_vce1.2v,bcs,hbt_bcs,125,1,1.2,0.67,7.660250e-05,0.664952,7.90347E+10,-13.971400,21.573500
nx1_bcs_125c_vce1.2v,bcs,hbt_bcs,125,1,1.2,0.69,1.303520e-04,1.131528,1.21077E+11,-9.745770,17.680000
nx1_bcs_125c_vce1.2v,bcs,hbt_bcs,125,1,1.2,0.71,2.177160e-04,1.889896,1.74849E+11,-5.879220,14.399700
nx1_bcs_125c_vce1.2v,bcs,hbt_bcs,125,1,1.2,0.73,3.539740e-04,3.072691,2.34434E+11,-2.479650,11.885200
nx1_bcs_125c_vce1.2v,bcs,hbt_bcs,125,1,1.2,0.75,5.556530e-04,4.823377,2.92837E+11,0.386390,10.123700
nx1_bcs_125c_vce1.2v,bcs,hbt_bcs,125,1,1.2,0.77,8.372590e-04,7.267873,3.42719E+11,2.719990,8.948810
nx1_bcs_125c_vce1.2v,bcs,hbt_bcs,125,1,1.2,0.79,1.208570e-03,10.491059,3.80353E+11,4.581230,8.162250
nx1_bcs_125c_vce1.2v,bcs,hbt_bcs,125,1,1.2,0.81,1.673940e-03,14.530729,4.06458E+11,6.056780,7.616010
nx1_bcs_125c_vce1.2v,bcs,hbt_bcs,125,1,1.2,0.83,2.233240e-03,19.385764,4.19438E+11,7.231260,7.221060
nx1_bcs_125c_vce1.2v,bcs,hbt_bcs,125,1,1.2,0.85,2.883420e-03,25.029687,4.20584E+11,8.174410,6.928000
nx1_bcs_125c_vce1.2v,bcs,hbt_bcs,125,1,1.2,0.87,3.619840e-03,31.422222,4.08234E+11,8.939350,6.709600
nx1_bcs_125c_vce1.2v,bcs,hbt_bcs,125,1,1.2,0.89,4.437090e-03,38.516406,3.78276E+11,9.565070,6.550480
nx1_bcs_125c_vce1.2v,bcs,hbt_bcs,125,1,1.2,0.91,5.329510e-03,46.263108,3.26721E+11,10.078800,6.441850
nx1_bcs_125c_vce1.2v,bcs,hbt_bcs,125,1,1.2,0.93,6.291240e-03,54.611458,2.67286E+11,10.498900,6.378860
nx1_bcs_125c_vce1.2v,bcs,hbt_bcs,125,1,1.2,0.95,7.314150e-03,63.490885,2.05162E+11,10.783300,6.364740
nx1_bcs_125c_vce1.2v,bcs,hbt_bcs,125,1,1.2,0.97,8.354180e-03,72.518924,1.22718E+11,10.302100,6.463400
nx1_bcs_125c_vce1.2v,bcs,hbt_bcs,125,1,1.2,0.99,9.292490e-03,80.663976,6.45092E+10,8.984770,6.683970
nx1_bcs_125c_vce1.2v,bcs,hbt_bcs,125,1,1.2,1.01,1.014480e-02,88.062500,4.11802E+10,8.179900,6.871600
nx1_bcs_125c_vce1.2v,bcs,hbt_bcs,125,1,1.2,1.03,1.097730e-02,95.289063,3.01657E+10,7.764700,7.043840
nx1_bcs_125c_vce1.2v,bcs,hbt_bcs,125,1,1.2,1.05,1.181950e-02,102.599826,2.3743E+10,7.450430,7.246460
nx1_bcs_125c_vce1.4v,bcs,hbt_bcs,125,1,1.4,0.55,2.763050e-06,0.023985,4.4712E+09,-41.836300,49.092800
nx1_bcs_125c_vce1.4v,bcs,hbt_bcs,125,1,1.4,0.57,4.834500e-06,0.041966,,-37.265200,44.528600
nx1_bcs_125c_vce1.4v,bcs,hbt_bcs,125,1,1.4,0.59,8.453630e-06,0.073382,,-32.534900,39.810900
nx1_bcs_125c_vce1.4v,bcs,hbt_bcs,125,1,1.4,0.61,1.476510e-05,0.128169,1.77283E+10,-27.774600,35.073900
nx1_bcs_125c_vce1.4v,bcs,hbt_bcs,125,1,1.4,0.63,2.573520e-05,0.223396,2.99369E+10,-23.048600,30.392400
nx1_bcs_125c_vce1.4v,bcs,hbt_bcs,125,1,1.4,0.65,4.468940e-05,0.387929,4.96699E+10,-18.409600,25.840600
nx1_bcs_125c_vce1.4v,bcs,hbt_bcs,125,1,1.4,0.67,7.710140e-05,0.669283,7.97994E+10,-13.923400,21.528000
nx1_bcs_125c_vce1.4v,bcs,hbt_bcs,125,1,1.4,0.69,1.315760e-04,1.142153,1.22532E+11,-9.680280,17.621700
nx1_bcs_125c_vce1.4v,bcs,hbt_bcs,125,1,1.4,0.71,2.206650e-04,1.915495,1.77221E+11,-5.792400,14.330800
nx1_bcs_125c_vce1.4v,bcs,hbt_bcs,125,1,1.4,0.73,3.607290e-04,3.131328,2.38049E+11,-2.370670,11.812800
nx1_bcs_125c_vce1.4v,bcs,hbt_bcs,125,1,1.4,0.75,5.699930e-04,4.947856,2.972E+11,0.514359,10.055300
nx1_bcs_125c_vce1.4v,bcs,hbt_bcs,125,1,1.4,0.77,8.651030e-04,7.509575,3.48472E+11,2.861340,8.888000
nx1_bcs_125c_vce1.4v,bcs,hbt_bcs,125,1,1.4,0.79,1.258030e-03,10.920399,3.86594E+11,4.730760,8.108860
nx1_bcs_125c_vce1.4v,bcs,hbt_bcs,125,1,1.4,0.81,1.754990e-03,15.234288,4.11909E+11,6.210880,7.569130
nx1_bcs_125c_vce1.4v,bcs,hbt_bcs,125,1,1.4,0.83,2.357290e-03,20.462587,4.24389E+11,7.387110,7.180860
nx1_bcs_125c_vce1.4v,bcs,hbt_bcs,125,1,1.4,0.85,3.062840e-03,26.587153,4.23178E+11,8.329100,6.896240
nx1_bcs_125c_vce1.4v,bcs,hbt_bcs,125,1,1.4,0.87,3.867510e-03,33.572135,4.0672E+11,9.090180,6.689460
nx1_bcs_125c_vce1.4v,bcs,hbt_bcs,125,1,1.4,0.89,4.766150e-03,41.372830,3.72237E+11,9.709920,6.546430
nx1_bcs_125c_vce1.4v,bcs,hbt_bcs,125,1,1.4,0.91,5.753110e-03,49.940191,3.23695E+11,10.216400,6.459730
nx1_bcs_125c_vce1.4v,bcs,hbt_bcs,125,1,1.4,0.93,6.822240e-03,59.220833,2.53756E+11,10.625900,6.426260
nx1_bcs_125c_vce1.4v,bcs,hbt_bcs,125,1,1.4,0.95,7.966290e-03,69.151823,1.85539E+11,10.942900,6.445890
nx1_bcs_125c_vce1.4v,bcs,hbt_bcs,125,1,1.4,0.97,9.167100e-03,79.575521,1.23264E+11,10.981500,6.537170
nx1_bcs_125c_vce1.4v,bcs,hbt_bcs,125,1,1.4,0.99,1.031800e-02,89.565972,6.85879E+10,9.924210,6.774730
nx1_bcs_125c_vce1.4v,bcs,hbt_bcs,125,1,1.4,1.01,1.133620e-02,98.404514,4.21031E+10,8.831820,7.047240
nx1_bcs_125c_vce1.4v,bcs,hbt_bcs,125,1,1.4,1.03,1.229620e-02,106.737847,2.97079E+10,8.165050,7.309290
nx1_bcs_125c_vce1.4v,bcs,hbt_bcs,125,1,1.4,1.05,1.324850e-02,115.004340,2.25492E+10,7.635640,7.600470
nx1_wcs_-40c_vce0.8v,wcs,hbt_wcs,-40,1,0.8,0.55,2.837760e-11,0.000000,,-50.680300,55.603800
nx1_wcs_-40c_vce0.8v,wcs,hbt_wcs,-40,1,0.8,0.57,7.546840e-11,0.000001,,-50.664800,55.588300
nx1_wcs_-40c_vce0.8v,wcs,hbt_wcs,-40,1,0.8,0.59,2.014630e-10,0.000002,,-50.649000,55.572500
nx1_wcs_-40c_vce0.8v,wcs,hbt_wcs,-40,1,0.8,0.61,5.385120e-10,0.000005,,-50.632800,55.556300
nx1_wcs_-40c_vce0.8v,wcs,hbt_wcs,-40,1,0.8,0.63,1.440080e-09,0.000013,2.43236E+06,-50.616200,55.539700
nx1_wcs_-40c_vce0.8v,wcs,hbt_wcs,-40,1,0.8,0.65,3.851600e-09,0.000033,6.46499E+06,-50.598900,55.522400
nx1_wcs_-40c_vce0.8v,wcs,hbt_wcs,-40,1,0.8,0.67,1.030170e-08,0.000089,1.72082E+07,-50.579800,55.503400
nx1_wcs_-40c_vce0.8v,wcs,hbt_wcs,-40,1,0.8,0.69,2.755310e-08,0.000239,4.56611E+07,-50.552700,55.476300
nx1_wcs_-40c_vce0.8v,wcs,hbt_wcs,-40,1,0.8,0.71,7.368910e-08,0.000640,1.21498E+08,-50.475400,55.399200
nx1_wcs_-40c_vce0.8v,wcs,hbt_wcs,-40,1,0.8,0.73,1.970470e-07,0.001710,3.21896E+08,-50.074100,54.998700
nx1_wcs_-40c_vce0.8v,wcs,hbt_wcs,-40,1,0.8,0.75,5.267020e-07,0.004572,8.54303E+08,-48.045000,52.971400
nx1_wcs_-40c_vce0.8v,wcs,hbt_wcs,-40,1,0.8,0.77,1.406410e-06,0.012208,2.25525E+09,-42.463000,47.394300
nx1_wcs_-40c_vce0.8v,wcs,hbt_wcs,-40,1,0.8,0.79,3.745050e-06,0.032509,5.91187E+09,-34.649000,39.594400
nx1_wcs_-40c_vce0.8v,wcs,hbt_wcs,-40,1,0.8,0.81,9.899880e-06,0.085936,1.52612E+10,-26.436000,31.424500
nx1_wcs_-40c_vce0.8v,wcs,hbt_wcs,-40,1,0.8,0.83,2.568430e-05,0.222954,3.76968E+10,-18.488300,23.620000
nx1_wcs_-40c_vce0.8v,wcs,hbt_wcs,-40,1,0.8,0.85,6.376710e-05,0.553534,8.47057E+10,-11.308700,16.905700
nx1_wcs_-40c_vce0.8v,wcs,hbt_wcs,-40,1,0.8,0.87,1.452080e-04,1.260486,1.60134E+11,-5.509100,12.213600
nx1_wcs_-40c_vce0.8v,wcs,hbt_wcs,-40,1,0.8,0.89,2.908730e-04,2.524939,2.42828E+11,-1.438280,9.690430
nx1_wcs_-40c_vce0.8v,wcs,hbt_wcs,-40,1,0.8,0.91,5.070480e-04,4.401458,3.07769E+11,1.145360,8.484890
nx1_wcs_-40c_vce0.8v,wcs,hbt_wcs,-40,1,0.8,0.93,7.851630e-04,6.815651,3.49852E+11,2.755480,7.862860
nx1_wcs_-40c_vce0.8v,wcs,hbt_wcs,-40,1,0.8,0.95,1.112330e-03,9.655642,3.73827E+11,3.800320,7.491530
nx1_wcs_-40c_vce0.8v,wcs,hbt_wcs,-40,1,0.8,0.97,1.477580e-03,12.826215,3.88164E+11,4.519900,7.240410
nx1_wcs_-40c_vce0.8v,wcs,hbt_wcs,-40,1,0.8,0.99,1.873000e-03,16.258681,3.93896E+11,5.044670,7.055510
nx1_wcs_-40c_vce0.8v,wcs,hbt_wcs,-40,1,0.8,1.01,2.293130e-03,19.905642,3.93069E+11,5.446300,6.912010
nx1_wcs_-40c_vce0.8v,wcs,hbt_wcs,-40,1,0.8,1.03,2.734090e-03,23.733420,3.85715E+11,5.765900,6.797150
nx1_wcs_-40c_vce0.8v,wcs,hbt_wcs,-40,1,0.8,1.05,3.193120e-03,27.718056,3.72924E+11,6.028200,6.703770
nx1_wcs_-40c_vce1.0v,wcs,hbt_wcs,-40,1,1.0,0.55,2.860470e-11,0.000000,,-50.818500,55.742000
nx1_wcs_-40c_vce1.0v,wcs,hbt_wcs,-40,1,1.0,0.57,7.574010e-11,0.000001,,-50.805900,55.729300
nx1_wcs_-40c_vce1.0v,wcs,hbt_wcs,-40,1,1.0,0.59,2.018530e-10,0.000002,,-50.793000,55.716400
nx1_wcs_-40c_vce1.0v,wcs,hbt_wcs,-40,1,1.0,0.61,5.392170e-10,0.000005,,-50.779800,55.703300
nx1_wcs_-40c_vce1.0v,wcs,hbt_wcs,-40,1,1.0,0.63,1.441620e-09,0.000013,2.44591E+06,-50.766300,55.689800
nx1_wcs_-40c_vce1.0v,wcs,hbt_wcs,-40,1,1.0,0.65,3.855370e-09,0.000033,6.5047E+06,-50.752300,55.675800
nx1_wcs_-40c_vce1.0v,wcs,hbt_wcs,-40,1,1.0,0.67,1.031140e-08,0.000090,1.73082E+07,-50.736700,55.660200
nx1_wcs_-40c_vce1.0v,wcs,hbt_wcs,-40,1,1.0,0.69,2.757860e-08,0.000239,4.59552E+07,-50.712800,55.636500
nx1_wcs_-40c_vce1.0v,wcs,hbt_wcs,-40,1,1.0,0.71,7.375750e-08,0.000640,1.2224E+08,-50.637000,55.560800
nx1_wcs_-40c_vce1.0v,wcs,hbt_wcs,-40,1,1.0,0.73,1.972330e-07,0.001712,3.23783E+08,-50.224900,55.149500
nx1_wcs_-40c_vce1.0v,wcs,hbt_wcs,-40,1,1.0,0.75,5.272220e-07,0.004577,8.59864E+08,-48.138700,53.065100
nx1_wcs_-40c_vce1.0v,wcs,hbt_wcs,-40,1,1.0,0.77,1.407960e-06,0.012222,2.2696E+09,-42.482800,47.414100
nx1_wcs_-40c_vce1.0v,wcs,hbt_wcs,-40,1,1.0,0.79,3.750310e-06,0.032555,5.95604E+09,-34.642400,39.587800
nx1_wcs_-40c_vce1.0v,wcs,hbt_wcs,-40,1,1.0,0.81,9.920860e-06,0.086119,1.53848E+10,-26.419800,31.408400
nx1_wcs_-40c_vce1.0v,wcs,hbt_wcs,-40,1,1.0,0.83,2.578040e-05,0.223788,3.80776E+10,-18.460100,23.592800
nx1_wcs_-40c_vce1.0v,wcs,hbt_wcs,-40,1,1.0,0.85,6.421310e-05,0.557405,8.58258E+10,-11.261100,16.863800
nx1_wcs_-40c_vce1.0v,wcs,hbt_wcs,-40,1,1.0,0.87,1.469790e-04,1.275859,1.62627E+11,-5.439990,12.165000
nx1_wcs_-40c_vce1.0v,wcs,hbt_wcs,-40,1,1.0,0.89,2.962060e-04,2.571233,2.47539E+11,-1.357840,9.648790
nx1_wcs_-40c_vce1.0v,wcs,hbt_wcs,-40,1,1.0,0.91,5.191360e-04,4.506389,3.13943E+11,1.224850,8.451810
nx1_wcs_-40c_vce1.0v,wcs,hbt_wcs,-40,1,1.0,0.93,8.072250e-04,7.007161,3.56757E+11,2.829430,7.834330
nx1_wcs_-40c_vce1.0v,wcs,hbt_wcs,-40,1,1.0,0.95,1.147300e-03,9.959201,3.81772E+11,3.870130,7.464180
nx1_wcs_-40c_vce1.0v,wcs,hbt_wcs,-40,1,1.0,0.97,1.528010e-03,13.263976,3.96289E+11,4.588340,7.212530
nx1_wcs_-40c_vce1.0v,wcs,hbt_wcs,-40,1,1.0,0.99,1.941290e-03,16.851476,4.02457E+11,5.114440,7.026450
nx1_wcs_-40c_vce1.0v,wcs,hbt_wcs,-40,1,1.0,1.01,2.381600e-03,20.673611,4.02629E+11,5.519420,6.881810
nx1_wcs_-40c_vce1.0v,wcs,hbt_wcs,-40,1,1.0,1.03,2.844900e-03,24.695312,3.97508E+11,5.844010,6.766250
nx1_wcs_-40c_vce1.0v,wcs,hbt_wcs,-40,1,1.0,1.05,3.328790e-03,28.895747,3.86762E+11,6.112320,6.673000
nx1_wcs_-40c_vce1.2v,wcs,hbt_wcs,-40,1,1.2,0.55,2.883620e-11,0.000000,,-50.933700,55.857200
nx1_wcs_-40c_vce1.2v,wcs,hbt_wcs,-40,1,1.2,0.57,7.602220e-11,0.000001,,-50.923100,55.846500
nx1_wcs_-40c_vce1.2v,wcs,hbt_wcs,-40,1,1.2,0.59,2.022680e-10,0.000002,,-50.912200,55.835700
nx1_wcs_-40c_vce1.2v,wcs,hbt_wcs,-40,1,1.2,0.61,5.399770e-10,0.000005,,-50.901100,55.824600
nx1_wcs_-40c_vce1.2v,wcs,hbt_wcs,-40,1,1.2,0.63,1.443290e-09,0.000013,2.45753E+06,-50.889800,55.813300
nx1_wcs_-40c_vce1.2v,wcs,hbt_wcs,-40,1,1.2,0.65,3.859420e-09,0.000034,6.5385E+06,-50.878000,55.801500
nx1_wcs_-40c_vce1.2v,wcs,hbt_wcs,-40,1,1.2,0.67,1.032180e-08,0.000090,1.73929E+07,-50.864700,55.788200
nx1_wcs_-40c_vce1.2v,wcs,hbt_wcs,-40,1,1.2,0.69,2.760560e-08,0.000240,4.62023E+07,-50.842900,55.766600
nx1_wcs_-40c_vce1.2v,wcs,hbt_wcs,-40,1,1.2,0.71,7.382890e-08,0.000641,1.2286E+08,-50.767600,55.691500
nx1_wcs_-40c_vce1.2v,wcs,hbt_wcs,-40,1,1.2,0.73,1.974250e-07,0.001714,3.25571E+08,-50.345700,55.270300
nx1_wcs_-40c_vce1.2v,wcs,hbt_wcs,-40,1,1.2,0.75,5.277560e-07,0.004581,8.64466E+08,-48.211700,53.138100
nx1_wcs_-40c_vce1.2v,wcs,hbt_wcs,-40,1,1.2,0.77,1.409550e-06,0.012236,2.28146E+09,-42.496100,47.427500
nx1_wcs_-40c_vce1.2v,wcs,hbt_wcs,-40,1,1.2,0.79,3.755620e-06,0.032601,5.99254E+09,-34.634600,39.580100
nx1_wcs_-40c_vce1.2v,wcs,hbt_wcs,-40,1,1.2,0.81,9.941990e-06,0.086302,1.54879E+10,-26.403400,31.392100
nx1_wcs_-40c_vce1.2v,wcs,hbt_wcs,-40,1,1.2,0.83,2.587740e-05,0.224630,3.84017E+10,-18.431700,23.565400
nx1_wcs_-40c_vce1.2v,wcs,hbt_wcs,-40,1,1.2,0.85,6.466720e-05,0.561347,8.67984E+10,-11.213100,16.821500
nx1_wcs_-40c_vce1.2v,wcs,hbt_wcs,-40,1,1.2,0.87,1.488070e-04,1.291727,1.64807E+11,-5.369800,12.115900
nx1_wcs_-40c_vce1.2v,wcs,hbt_wcs,-40,1,1.2,0.89,3.017870e-04,2.619679,2.51591E+11,-1.275800,9.606570
nx1_wcs_-40c_vce1.2v,wcs,hbt_wcs,-40,1,1.2,0.91,5.319300e-04,4.617448,3.19083E+11,1.306110,8.418150
nx1_wcs_-40c_vce1.2v,wcs,hbt_wcs,-40,1,1.2,0.93,8.308100e-04,7.211892,3.62264E+11,2.905420,7.805050
nx1_wcs_-40c_vce1.2v,wcs,hbt_wcs,-40,1,1.2,0.95,1.184880e-03,10.285417,3.87856E+11,3.942160,7.436020
nx1_wcs_-40c_vce1.2v,wcs,hbt_wcs,-40,1,1.2,0.97,1.582540e-03,13.737326,4.02019E+11,4.659460,7.183810
nx1_wcs_-40c_vce1.2v,wcs,hbt_wcs,-40,1,1.2,0.99,2.015640e-03,17.496875,4.07964E+11,5.187240,6.996710
nx1_wcs_-40c_vce1.2v,wcs,hbt_wcs,-40,1,1.2,1.01,2.478440e-03,21.514236,4.07968E+11,5.595940,6.851330
nx1_wcs_-40c_vce1.2v,wcs,hbt_wcs,-40,1,1.2,1.03,2.967030e-03,25.755469,4.02729E+11,5.925470,6.735860
nx1_wcs_-40c_vce1.2v,wcs,hbt_wcs,-40,1,1.2,1.05,3.478690e-03,30.196962,3.92139E+11,6.199600,6.643900
nx1_wcs_-40c_vce1.4v,wcs,hbt_wcs,-40,1,1.4,0.55,2.907960e-11,0.000000,,-51.032500,55.955900
nx1_wcs_-40c_vce1.4v,wcs,hbt_wcs,-40,1,1.4,0.57,7.633380e-11,0.000001,,-51.023200,55.946700
nx1_wcs_-40c_vce1.4v,wcs,hbt_wcs,-40,1,1.4,0.59,2.027550e-10,0.000002,,-51.013800,55.937300
nx1_wcs_-40c_vce1.4v,wcs,hbt_wcs,-40,1,1.4,0.61,5.409150e-10,0.000005,,-51.004300,55.927700
nx1_wcs_-40c_vce1.4v,wcs,hbt_wcs,-40,1,1.4,0.63,1.445390e-09,0.000013,2.46833E+06,-50.994500,55.918000
nx1_wcs_-40c_vce1.4v,wcs,hbt_wcs,-40,1,1.4,0.65,3.864530e-09,0.000034,6.56959E+06,-50.984300,55.907800
nx1_wcs_-40c_vce1.4v,wcs,hbt_wcs,-40,1,1.4,0.67,1.033460e-08,0.000090,1.74701E+07,-50.972600,55.896100
nx1_wcs_-40c_vce1.4v,wcs,hbt_wcs,-40,1,1.4,0.69,2.763870e-08,0.000240,4.64256E+07,-50.952400,55.876000
nx1_wcs_-40c_vce1.4v,wcs,hbt_wcs,-40,1,1.4,0.71,7.391490e-08,0.000642,1.23416E+08,-50.877100,55.801000
nx1_wcs_-40c_vce1.4v,wcs,hbt_wcs,-40,1,1.4,0.73,1.976520e-07,0.001716,3.27189E+08,-50.446100,55.370700
nx1_wcs_-40c_vce1.4v,wcs,hbt_wcs,-40,1,1.4,0.75,5.283720e-07,0.004587,8.68537E+08,-48.270400,53.196800
nx1_wcs_-40c_vce1.4v,wcs,hbt_wcs,-40,1,1.4,0.77,1.411320e-06,0.012251,2.29192E+09,-42.504400,47.435800
nx1_wcs_-40c_vce1.4v,wcs,hbt_wcs,-40,1,1.4,0.79,3.761400e-06,0.032651,6.02464E+09,-34.625100,39.570600
nx1_wcs_-40c_vce1.4v,wcs,hbt_wcs,-40,1,1.4,0.81,9.964300e-06,0.086496,1.55793E+10,-26.385900,31.374800
nx1_wcs_-40c_vce1.4v,wcs,hbt_wcs,-40,1,1.4,0.83,2.597800e-05,0.225503,3.86929E+10,-18.402300,23.537000
nx1_wcs_-40c_vce1.4v,wcs,hbt_wcs,-40,1,1.4,0.85,6.513600e-05,0.565417,8.76861E+10,-11.163600,16.778000
nx1_wcs_-40c_vce1.4v,wcs,hbt_wcs,-40,1,1.4,0.87,1.507090e-04,1.308238,1.66834E+11,-5.297590,12.065600
nx1_wcs_-40c_vce1.4v,wcs,hbt_wcs,-40,1,1.4,0.89,3.076630e-04,2.670686,2.55254E+11,-1.191470,9.563390
nx1_wcs_-40c_vce1.4v,wcs,hbt_wcs,-40,1,1.4,0.91,5.455390e-04,4.735582,3.23607E+11,1.389350,8.383770
nx1_wcs_-40c_vce1.4v,wcs,hbt_wcs,-40,1,1.4,0.93,8.560740e-04,7.431198,3.66936E+11,2.983180,7.775080
nx1_wcs_-40c_vce1.4v,wcs,hbt_wcs,-40,1,1.4,0.95,1.225530e-03,10.638281,3.92809E+11,4.016200,7.407080
nx1_wcs_-40c_vce1.4v,wcs,hbt_wcs,-40,1,1.4,0.97,1.641920e-03,14.252778,4.0643E+11,4.733050,7.154320
nx1_wcs_-40c_vce1.4v,wcs,hbt_wcs,-40,1,1.4,0.99,2.097000e-03,18.203125,4.11864E+11,5.263130,6.966420
nx1_wcs_-40c_vce1.4v,wcs,hbt_wcs,-40,1,1.4,1.01,2.585030e-03,22.439497,4.11248E+11,5.675970,6.820810
nx1_wcs_-40c_vce1.4v,wcs,hbt_wcs,-40,1,1.4,1.03,3.102080e-03,26.927778,4.05174E+11,6.010730,6.706350
nx1_wcs_-40c_vce1.4v,wcs,hbt_wcs,-40,1,1.4,1.05,3.645450e-03,31.644531,3.93448E+11,6.290610,6.617130
nx1_wcs_27c_vce0.8v,wcs,hbt_wcs,27,1,0.8,0.55,9.476840e-09,0.000082,1.23682E+07,-50.562400,56.582900
nx1_wcs_27c_vce0.8v,wcs,hbt_wcs,27,1,0.8,0.57,2.017610e-08,0.000175,2.61978E+07,-50.541100,56.561700
nx1_wcs_27c_vce0.8v,wcs,hbt_wcs,27,1,0.8,0.59,4.295400e-08,0.000373,5.54784E+07,-50.510800,56.531500
nx1_wcs_27c_vce0.8v,wcs,hbt_wcs,27,1,0.8,0.61,9.144320e-08,0.000794,1.17397E+08,-50.443400,56.464300
nx1_wcs_27c_vce0.8v,wcs,hbt_wcs,27,1,0.8,0.63,1.946540e-07,0.001690,2.4842E+08,-50.220300,56.241600
nx1_wcs_27c_vce0.8v,wcs,hbt_wcs,27,1,0.8,0.65,4.142870e-07,0.003596,5.24713E+08,-49.399400,55.421600
nx1_wcs_27c_vce0.8v,wcs,hbt_wcs,27,1,0.8,0.67,8.814310e-07,0.007651,1.10829E+09,-46.946900,52.971200
nx1_wcs_27c_vce0.8v,wcs,hbt_wcs,27,1,0.8,0.69,1.873940e-06,0.016267,2.32957E+09,-42.283900,48.312500
nx1_wcs_27c_vce0.8v,wcs,hbt_wcs,27,1,0.8,0.71,3.977830e-06,0.034530,4.88833E+09,-36.340600,42.378900
nx1_wcs_27c_vce0.8v,wcs,hbt_wcs,27,1,0.8,0.73,8.415980e-06,0.073055,1.01362E+10,-30.039600,36.100000
nx1_wcs_27c_vce0.8v,wcs,hbt_wcs,27,1,0.8,0.75,1.768350e-05,0.153503,2.06245E+10,-23.765500,29.879200
nx1_wcs_27c_vce0.8v,wcs,hbt_wcs,27,1,0.8,0.77,3.664020e-05,0.318057,4.05917E+10,-17.727400,23.975800
nx1_wcs_27c_vce0.8v,wcs,hbt_wcs,27,1,0.8,0.79,7.391890e-05,0.641657,7.47947E+10,-12.158700,18.737400
nx1_wcs_27c_vce0.8v,wcs,hbt_wcs,27,1,0.8,0.81,1.424520e-04,1.236563,1.24913E+11,-7.342710,14.609800
nx1_wcs_27c_vce0.8v,wcs,hbt_wcs,27,1,0.8,0.83,2.567400e-04,2.228646,1.82873E+11,-3.506300,11.837900
nx1_wcs_27c_vce0.8v,wcs,hbt_wcs,27,1,0.8,0.85,4.268180e-04,3.705017,2.35964E+11,-0.676045,10.198800
nx1_wcs_27c_vce0.8v,wcs,hbt_wcs,27,1,0.8,0.87,6.542710e-04,5.679436,2.77757E+11,1.320390,9.256780
nx1_wcs_27c_vce0.8v,wcs,hbt_wcs,27,1,0.8,0.89,9.340010e-04,8.107648,3.05913E+11,2.720110,8.685580
nx1_wcs_27c_vce0.8v,wcs,hbt_wcs,27,1,0.8,0.91,1.258400e-03,10.923611,3.239E+11,3.721540,8.310060
nx1_wcs_27c_vce0.8v,wcs,hbt_wcs,27,1,0.8,0.93,1.620090e-03,14.063281,3.33243E+11,4.460660,8.044920
nx1_wcs_27c_vce0.8v,wcs,hbt_wcs,27,1,0.8,0.95,2.012910e-03,17.473177,3.36692E+11,5.024040,7.847940
nx1_wcs_27c_vce0.8v,wcs,hbt_wcs,27,1,0.8,0.97,2.432050e-03,21.111545,3.32954E+11,5.466020,7.697050
nx1_wcs_27c_vce0.8v,wcs,hbt_wcs,27,1,0.8,0.99,2.873760e-03,24.945833,3.24813E+11,5.821210,7.579870
nx1_wcs_27c_vce0.8v,wcs,hbt_wcs,27,1,0.8,1.01,3.334990e-03,28.949566,3.1093E+11,6.109070,7.489700
nx1_wcs_27c_vce0.8v,wcs,hbt_wcs,27,1,0.8,1.03,3.812480e-03,33.094444,2.85877E+11,6.295370,7.431910
nx1_wcs_27c_vce0.8v,wcs,hbt_wcs,27,1,0.8,1.05,4.292810e-03,37.263976,1.94362E+11,5.860310,7.513810
nx1_wcs_27c_vce1.0v,wcs,hbt_wcs,27,1,1.0,0.55,9.486080e-09,0.000082,1.2441E+07,-50.723000,56.743500
nx1_wcs_27c_vce1.0v,wcs,hbt_wcs,27,1,1.0,0.57,2.019540e-08,0.000175,2.6367E+07,-50.705400,56.726000
nx1_wcs_27c_vce1.0v,wcs,hbt_wcs,27,1,1.0,0.59,4.299450e-08,0.000373,5.58174E+07,-50.678600,56.699300
nx1_wcs_27c_vce1.0v,wcs,hbt_wcs,27,1,1.0,0.61,9.152920e-08,0.000795,1.18187E+08,-50.613400,56.634300
nx1_wcs_27c_vce1.0v,wcs,hbt_wcs,27,1,1.0,0.63,1.948380e-07,0.001691,2.50007E+08,-50.386200,56.407600
nx1_wcs_27c_vce1.0v,wcs,hbt_wcs,27,1,1.0,0.65,4.146870e-07,0.003600,5.28431E+08,-49.539200,55.561500
nx1_wcs_27c_vce1.0v,wcs,hbt_wcs,27,1,1.0,0.67,8.823240e-07,0.007659,1.11581E+09,-47.024900,53.049100
nx1_wcs_27c_vce1.0v,wcs,hbt_wcs,27,1,1.0,0.69,1.876030e-06,0.016285,2.34742E+09,-42.305100,48.333700
nx1_wcs_27c_vce1.0v,wcs,hbt_wcs,27,1,1.0,0.71,3.983090e-06,0.034575,4.92523E+09,-36.337800,42.376000
nx1_wcs_27c_vce1.0v,wcs,hbt_wcs,27,1,1.0,0.73,8.430570e-06,0.073182,1.02147E+10,-30.027500,36.087900
nx1_wcs_27c_vce1.0v,wcs,hbt_wcs,27,1,1.0,0.75,1.772820e-05,0.153891,2.0799E+10,-23.746000,29.860100
nx1_wcs_27c_vce1.0v,wcs,hbt_wcs,27,1,1.0,0.77,3.678620e-05,0.319325,4.10010E+10,-17.697600,23.947100
nx1_wcs_27c_vce1.0v,wcs,hbt_wcs,27,1,1.0,0.79,7.439700e-05,0.645807,7.58274E+10,-12.113900,18.697000
nx1_wcs_27c_vce1.0v,wcs,hbt_wcs,27,1,1.0,0.81,1.439010e-04,1.249141,1.26865E+11,-7.280420,14.561000
nx1_wcs_27c_vce1.0v,wcs,hbt_wcs,27,1,1.0,0.83,2.605470e-04,2.261693,1.8603E+11,-3.429920,11.789700
nx1_wcs_27c_vce1.0v,wcs,hbt_wcs,27,1,1.0,0.85,4.352090e-04,3.777856,2.41143E+11,-0.593670,10.157500
nx1_wcs_27c_vce1.0v,wcs,hbt_wcs,27,1,1.0,0.87,6.699800e-04,5.815799,2.83699E+11,1.401580,9.222560
nx1_wcs_27c_vce1.0v,wcs,hbt_wcs,27,1,1.0,0.89,9.597940e-04,8.331545,3.12956E+11,2.796790,8.656310
nx1_wcs_27c_vce1.0v,wcs,hbt_wcs,27,1,1.0,0.91,1.296830e-03,11.257205,3.31135E+11,3.793360,8.283940
nx1_wcs_27c_vce1.0v,wcs,hbt_wcs,27,1,1.0,0.93,1.673440e-03,14.526389,3.42566E+11,4.528720,8.020950
nx1_wcs_27c_vce1.0v,wcs,hbt_wcs,27,1,1.0,0.95,2.083350e-03,18.084635,3.47646E+11,5.089680,7.825950
nx1_wcs_27c_vce1.0v,wcs,hbt_wcs,27,1,1.0,0.97,2.521530e-03,21.888281,3.47151E+11,5.530520,7.677390
nx1_wcs_27c_vce1.0v,wcs,hbt_wcs,27,1,1.0,0.99,2.984150e-03,25.904080,3.40989E+11,5.885650,7.563330
nx1_wcs_27c_vce1.0v,wcs,hbt_wcs,27,1,1.0,1.01,3.468170e-03,30.105642,3.28413E+11,6.177430,7.476740
nx1_wcs_27c_vce1.0v,wcs,hbt_wcs,27,1,1.0,1.03,3.971190e-03,34.472135,3.11628E+11,6.420790,7.413310
nx1_wcs_27c_vce1.0v,wcs,hbt_wcs,27,1,1.0,1.05,4.491190e-03,38.986024,2.89844E+11,6.622360,7.371050
nx1_wcs_27c_vce1.2v,wcs,hbt_wcs,27,1,1.2,0.55,9.497100e-09,0.000082,1.25036E+07,-50.853500,56.874000
nx1_wcs_27c_vce1.2v,wcs,hbt_wcs,27,1,1.2,0.57,2.021790e-08,0.000176,2.65112E+07,-50.838300,56.858900
nx1_wcs_27c_vce1.2v,wcs,hbt_wcs,27,1,1.2,0.59,4.304110e-08,0.000374,5.6104E+07,-50.813800,56.834400
nx1_wcs_27c_vce1.2v,wcs,hbt_wcs,27,1,1.2,0.61,9.162610e-08,0.000795,1.18849E+08,-50.749600,56.770500
nx1_wcs_27c_vce1.2v,wcs,hbt_wcs,27,1,1.2,0.63,1.950420e-07,0.001693,2.51327E+08,-50.518100,56.539400
nx1_wcs_27c_vce1.2v,wcs,hbt_wcs,27,1,1.2,0.65,4.151220e-07,0.003603,5.31494E+08,-49.648700,55.671000
nx1_wcs_27c_vce1.2v,wcs,hbt_wcs,27,1,1.2,0.67,8.832780e-07,0.007667,1.12196E+09,-47.083600,53.107900
nx1_wcs_27c_vce1.2v,wcs,hbt_wcs,27,1,1.2,0.69,1.878220e-06,0.016304,2.36196E+09,-42.318900,48.347500
nx1_wcs_27c_vce1.2v,wcs,hbt_wcs,27,1,1.2,0.71,3.988530e-06,0.034623,4.95525E+09,-36.332700,42.371000
nx1_wcs_27c_vce1.2v,wcs,hbt_wcs,27,1,1.2,0.73,8.445470e-06,0.073311,1.02789E+10,-30.014700,36.075200
nx1_wcs_27c_vce1.2v,wcs,hbt_wcs,27,1,1.2,0.75,1.777350e-05,0.154284,2.0966E+10,-23.726300,29.840600
nx1_wcs_27c_vce1.2v,wcs,hbt_wcs,27,1,1.2,0.77,3.693420e-05,0.320609,4.13423E+10,-17.667600,23.918200
nx1_wcs_27c_vce1.2v,wcs,hbt_wcs,27,1,1.2,0.79,7.488380e-05,0.650033,7.66982E+10,-12.068600,18.656200
nx1_wcs_27c_vce1.2v,wcs,hbt_wcs,27,1,1.2,0.81,1.453900e-04,1.262066,1.28522E+11,-7.217260,14.511600
nx1_wcs_27c_vce1.2v,wcs,hbt_wcs,27,1,1.2,0.83,2.645000e-04,2.296007,1.89010E+11,-3.352190,11.740900
nx1_wcs_27c_vce1.2v,wcs,hbt_wcs,27,1,1.2,0.85,4.440160e-04,3.854306,2.45386E+11,-0.509746,10.115600
nx1_wcs_27c_vce1.2v,wcs,hbt_wcs,27,1,1.2,0.87,6.866030e-04,5.960095,2.88387E+11,1.484430,9.187820
nx1_wcs_27c_vce1.2v,wcs,hbt_wcs,27,1,1.2,0.89,9.872820e-04,8.570156,3.18234E+11,2.875260,8.626490
nx1_wcs_27c_vce1.2v,wcs,hbt_wcs,27,1,1.2,0.91,1.338040e-03,11.614931,3.36743E+11,3.867190,8.257270
nx1_wcs_27c_vce1.2v,wcs,hbt_wcs,27,1,1.2,0.93,1.730990e-03,15.025955,3.48541E+11,4.598890,7.996630
nx1_wcs_27c_vce1.2v,wcs,hbt_wcs,27,1,1.2,0.95,2.159670e-03,18.747135,3.53685E+11,5.157430,7.803990
nx1_wcs_27c_vce1.2v,wcs,hbt_wcs,27,1,1.2,0.97,2.618900e-03,22.733507,3.53470E+11,5.596910,7.658460
nx1_wcs_27c_vce1.2v,wcs,hbt_wcs,27,1,1.2,0.99,3.104750e-03,26.950955,3.48184E+11,5.951430,7.548590
nx1_wcs_27c_vce1.2v,wcs,hbt_wcs,27,1,1.2,1.01,3.614080e-03,31.372222,3.37406E+11,6.243060,7.467780
nx1_wcs_27c_vce1.2v,wcs,hbt_wcs,27,1,1.2,1.03,4.144410e-03,35.975781,3.21946E+11,6.486430,7.412110
nx1_wcs_27c_vce1.2v,wcs,hbt_wcs,27,1,1.2,1.05,4.693680e-03,40.743750,2.99096E+11,6.691430,7.379260
nx1_wcs_27c_vce1.4v,wcs,hbt_wcs,27,1,1.4,0.55,9.513460e-09,0.000083,1.2564E+07,-50.963200,56.983800
nx1_wcs_27c_vce1.4v,wcs,hbt_wcs,27,1,1.4,0.57,2.025090e-08,0.000176,2.66481E+07,-50.949800,56.970400
nx1_wcs_27c_vce1.4v,wcs,hbt_wcs,27,1,1.4,0.59,4.310790e-08,0.000374,5.6373E+07,-50.926700,56.947400
nx1_wcs_27c_vce1.4v,wcs,hbt_wcs,27,1,1.4,0.61,9.176210e-08,0.000797,1.19462E+08,-50.862900,56.883800
nx1_wcs_27c_vce1.4v,wcs,hbt_wcs,27,1,1.4,0.63,1.953210e-07,0.001695,2.52536E+08,-50.627200,56.648500
nx1_wcs_27c_vce1.4v,wcs,hbt_wcs,27,1,1.4,0.65,4.157010e-07,0.003609,5.34272E+08,-49.737700,55.760000
nx1_wcs_27c_vce1.4v,wcs,hbt_wcs,27,1,1.4,0.67,8.845080e-07,0.007678,1.1275E+09,-47.128800,53.153000
nx1_wcs_27c_vce1.4v,wcs,hbt_wcs,27,1,1.4,0.69,1.880940e-06,0.016328,2.3749E+09,-42.326400,48.355000
nx1_wcs_27c_vce1.4v,wcs,hbt_wcs,27,1,1.4,0.71,3.994970e-06,0.034679,4.98182E+09,-36.324600,42.362900
nx1_wcs_27c_vce1.4v,wcs,hbt_wcs,27,1,1.4,0.73,8.462300e-06,0.073457,1.03355E+10,-29.999900,36.060400
nx1_wcs_27c_vce1.4v,wcs,hbt_wcs,27,1,1.4,0.75,1.782260e-05,0.154710,2.11142E+10,-23.704800,29.819400
nx1_wcs_27c_vce1.4v,wcs,hbt_wcs,27,1,1.4,0.77,3.709070e-05,0.321968,4.16516E+10,-17.635800,23.887600
nx1_wcs_27c_vce1.4v,wcs,hbt_wcs,27,1,1.4,0.79,7.539230e-05,0.654447,7.74826E+10,-12.021500,18.613600
nx1_wcs_27c_vce1.4v,wcs,hbt_wcs,27,1,1.4,0.81,1.469460e-04,1.275573,1.30021E+11,-7.151820,14.460300
nx1_wcs_27c_vce1.4v,wcs,hbt_wcs,27,1,1.4,0.83,2.686500e-04,2.332031,1.91876E+11,-3.272160,11.690800
nx1_wcs_27c_vce1.4v,wcs,hbt_wcs,27,1,1.4,0.85,4.533360e-04,3.935208,2.49113E+11,-0.423730,10.072900
nx1_wcs_27c_vce1.4v,wcs,hbt_wcs,27,1,1.4,0.87,7.043290e-04,6.113967,2.9239E+11,1.568870,9.152520
nx1_wcs_27c_vce1.4v,wcs,hbt_wcs,27,1,1.4,0.89,1.016780e-03,8.826215,3.22576E+11,2.955060,8.596240
nx1_wcs_27c_vce1.4v,wcs,hbt_wcs,27,1,1.4,0.91,1.382500e-03,12.000868,3.41513E+11,3.942530,8.230200
nx1_wcs_27c_vce1.4v,wcs,hbt_wcs,27,1,1.4,0.93,1.793440e-03,15.568056,3.52933E+11,4.670920,7.972090
nx1_wcs_27c_vce1.4v,wcs,hbt_wcs,27,1,1.4,0.95,2.242780e-03,19.468576,3.5771E+11,5.227400,7.782250
nx1_wcs_27c_vce1.4v,wcs,hbt_wcs,27,1,1.4,0.97,2.725400e-03,23.657986,3.57059E+11,5.665580,7.640550
nx1_wcs_27c_vce1.4v,wcs,hbt_wcs,27,1,1.4,0.99,3.237170e-03,28.100434,3.51224E+11,6.019170,7.536150
nx1_wcs_27c_vce1.4v,wcs,hbt_wcs,27,1,1.4,1.01,3.774870e-03,32.767969,3.39907E+11,6.309900,7.462960
nx1_wcs_27c_vce1.4v,wcs,hbt_wcs,27,1,1.4,1.03,4.335880e-03,37.637847,3.24171E+11,6.552090,7.417550
nx1_wcs_27c_vce1.4v,wcs,hbt_wcs,27,1,1.4,1.05,4.917980e-03,42.690799,3.03343E+11,6.755420,7.398050
nx1_wcs_125c_vce0.8v,wcs,hbt_wcs,125,1,0.8,0.55,1.614900e-06,0.014018,1.51930E+09,-45.258400,52.511200
nx1_wcs_125c_vce0.8v,wcs,hbt_wcs,125,1,0.8,0.57,2.824780e-06,0.024521,2.63026E+09,-41.441800,48.698600
nx1_wcs_125c_vce0.8v,wcs,hbt_wcs,125,1,0.8,0.59,4.936490e-06,0.042851,4.54475E+09,-37.020000,44.284000
nx1_wcs_125c_vce0.8v,wcs,hbt_wcs,125,1,0.8,0.61,8.612780e-06,0.074764,7.81481E+09,-32.371600,39.648800
nx1_wcs_125c_vce0.8v,wcs,hbt_wcs,125,1,0.8,0.63,1.498450e-05,0.130074,1.32842E+10,-27.684500,34.986700
nx1_wcs_125c_vce0.8v,wcs,hbt_wcs,125,1,0.8,0.65,2.594400e-05,0.225208,2.23015E+10,-23.057700,30.408000
nx1_wcs_125c_vce0.8v,wcs,hbt_wcs,125,1,0.8,0.67,4.455560e-05,0.386767,3.64752E+10,-18.571600,26.016500
nx1_wcs_125c_vce0.8v,wcs,hbt_wcs,125,1,0.8,0.69,7.551770e-05,0.655536,5.76129E+10,-14.319200,21.949100
nx1_wcs_125c_vce0.8v,wcs,hbt_wcs,125,1,0.8,0.71,1.254310e-04,1.088811,8.65251E+10,-10.412400,18.382700
nx1_wcs_125c_vce0.8v,wcs,hbt_wcs,125,1,0.8,0.73,2.024170e-04,1.757092,1.21651E+11,-6.964870,15.488400
nx1_wcs_125c_vce0.8v,wcs,hbt_wcs,125,1,0.8,0.75,3.147190e-04,2.731936,1.59135E+11,-4.056340,13.336400
nx1_wcs_125c_vce0.8v,wcs,hbt_wcs,125,1,0.8,0.77,4.686820e-04,4.068420,1.9397E+11,-1.701350,11.845400
nx1_wcs_125c_vce0.8v,wcs,hbt_wcs,125,1,0.8,0.79,6.672920e-04,5.792465,2.23099E+11,0.151264,10.843900
nx1_wcs_125c_vce0.8v,wcs,hbt_wcs,125,1,0.8,0.81,9.101510e-04,7.900616,2.45103E+11,1.589750,10.165600
nx1_wcs_125c_vce0.8v,wcs,hbt_wcs,125,1,0.8,0.83,1.194510e-03,10.369010,2.60112E+11,2.707140,9.691610
nx1_wcs_125c_vce0.8v,wcs,hbt_wcs,125,1,0.8,0.85,1.516480e-03,13.163889,2.68588E+11,3.582820,9.348340
nx1_wcs_125c_vce0.8v,wcs,hbt_wcs,125,1,0.8,0.87,1.871940e-03,16.249479,2.69536E+11,4.277590,9.092350
nx1_wcs_125c_vce0.8v,wcs,hbt_wcs,125,1,0.8,0.89,2.256950e-03,19.591580,2.63896E+11,4.836080,8.897940
nx1_wcs_125c_vce0.8v,wcs,hbt_wcs,125,1,0.8,0.91,2.667950e-03,23.159288,2.5392E+11,5.289040,8.749870
nx1_wcs_125c_vce0.8v,wcs,hbt_wcs,125,1,0.8,0.93,3.101610e-03,26.923698,2.39693E+11,5.649600,8.640540
nx1_wcs_125c_vce0.8v,wcs,hbt_wcs,125,1,0.8,0.95,3.553540e-03,30.846701,2.18635E+11,5.864090,8.578410
nx1_wcs_125c_vce0.8v,wcs,hbt_wcs,125,1,0.8,0.97,4.011080e-03,34.818403,1.73652E+11,5.600630,8.632900
nx1_wcs_125c_vce0.8v,wcs,hbt_wcs,125,1,0.8,0.99,4.443830e-03,38.574913,1.11922E+11,4.591690,8.879200
nx1_wcs_125c_vce0.8v,wcs,hbt_wcs,125,1,0.8,1.01,4.838160e-03,41.997917,7.22945E+10,3.620000,9.153790
nx1_wcs_125c_vce0.8v,wcs,hbt_wcs,125,1,0.8,1.03,5.209100e-03,45.217882,5.07951E+10,3.008850,9.360380
nx1_wcs_125c_vce0.8v,wcs,hbt_wcs,125,1,0.8,1.05,5.568470e-03,48.337413,3.68711E+10,2.486230,9.574930
nx1_wcs_125c_vce1.0v,wcs,hbt_wcs,125,1,1.0,0.55,1.616610e-06,0.014033,1.53151E+09,-45.317600,52.570300
nx1_wcs_125c_vce1.0v,wcs,hbt_wcs,125,1,1.0,0.57,2.828030e-06,0.024549,2.65305E+09,-41.461600,48.718400
nx1_wcs_125c_vce1.0v,wcs,hbt_wcs,125,1,1.0,0.59,4.942910e-06,0.042907,4.58159E+09,-37.020300,44.284300
nx1_wcs_125c_vce1.0v,wcs,hbt_wcs,125,1,1.0,0.61,8.626210e-06,0.074880,7.88487E+09,-32.362800,39.640100
nx1_wcs_125c_vce1.0v,wcs,hbt_wcs,125,1,1.0,0.63,1.501420e-05,0.130332,1.34206E+10,-27.670000,34.972200
nx1_wcs_125c_vce1.0v,wcs,hbt_wcs,125,1,1.0,0.65,2.601350e-05,0.225812,2.25344E+10,-23.037300,30.387800
nx1_wcs_125c_vce1.0v,wcs,hbt_wcs,125,1,1.0,0.67,4.472370e-05,0.388227,3.68859E+10,-18.543300,25.989200
nx1_wcs_125c_vce1.0v,wcs,hbt_wcs,125,1,1.0,0.69,7.592610e-05,0.659081,5.83602E+10,-14.280500,21.913000
nx1_wcs_125c_vce1.0v,wcs,hbt_wcs,125,1,1.0,0.71,1.263990e-04,1.097214,8.79346E+10,-10.361000,18.337900
nx1_wcs_125c_vce1.0v,wcs,hbt_wcs,125,1,1.0,0.73,2.045880e-04,1.775937,1.23964E+11,-6.900240,15.438000
nx1_wcs_125c_vce1.0v,wcs,hbt_wcs,125,1,1.0,0.75,3.192050e-04,2.770877,1.62376E+11,-3.980610,13.285800
nx1_wcs_125c_vce1.0v,wcs,hbt_wcs,125,1,1.0,0.77,4.771130e-04,4.141606,1.98592E+11,-1.618840,11.799100
nx1_wcs_125c_vce1.0v,wcs,hbt_wcs,125,1,1.0,0.79,6.817070e-04,5.917595,2.28727E+11,0.235812,10.803600
nx1_wcs_125c_vce1.0v,wcs,hbt_wcs,125,1,1.0,0.81,9.327900e-04,8.097135,2.52206E+11,1.672680,10.131200
nx1_wcs_125c_vce1.0v,wcs,hbt_wcs,125,1,1.0,0.83,1.227620e-03,10.656424,2.68703E+11,2.786300,9.662370
nx1_wcs_125c_vce1.0v,wcs,hbt_wcs,125,1,1.0,0.85,1.562220e-03,13.560937,2.8028E+11,3.657280,9.323760
nx1_wcs_125c_vce1.0v,wcs,hbt_wcs,125,1,1.0,0.87,1.932280e-03,16.773264,2.86314E+11,4.347340,9.072330
nx1_wcs_125c_vce1.0v,wcs,hbt_wcs,125,1,1.0,0.89,2.333710e-03,20.257899,2.8729E+11,4.901340,8.882890
nx1_wcs_125c_vce1.0v,wcs,hbt_wcs,125,1,1.0,0.91,2.762820e-03,23.982813,2.81186E+11,5.351200,8.740340
nx1_wcs_125c_vce1.0v,wcs,hbt_wcs,125,1,1.0,0.93,3.216310e-03,27.919358,2.68201E+11,5.719920,8.635280
nx1_wcs_125c_vce1.0v,wcs,hbt_wcs,125,1,1.0,0.95,3.691330e-03,32.042795,2.50603E+11,6.023310,8.561820
nx1_wcs_125c_vce1.0v,wcs,hbt_wcs,125,1,1.0,0.97,4.185160e-03,36.329514,2.27459E+11,6.265030,8.517660
nx1_wcs_125c_vce1.0v,wcs,hbt_wcs,125,1,1.0,0.99,4.693810e-03,40.744878,1.98989E+11,6.385560,8.513460
nx1_wcs_125c_vce1.0v,wcs,hbt_wcs,125,1,1.0,1.01,5.203560e-03,45.169792,1.51552E+11,6.046510,8.615900
nx1_wcs_125c_vce1.0v,wcs,hbt_wcs,125,1,1.0,1.03,5.683050e-03,49.332031,9.78144E+10,5.078560,8.872660
nx1_wcs_125c_vce1.0v,wcs,hbt_wcs,125,1,1.0,1.05,6.122740e-03,53.148785,6.5187E+10,4.199300,9.142330
nx1_wcs_125c_vce1.2v,wcs,hbt_wcs,125,1,1.2,0.55,1.618720e-06,0.014051,1.54141E+09,-45.358900,52.611600
nx1_wcs_125c_vce1.2v,wcs,hbt_wcs,125,1,1.2,0.57,2.831850e-06,0.024582,2.67132E+09,-41.472700,48.729500
nx1_wcs_125c_vce1.2v,wcs,hbt_wcs,125,1,1.2,0.59,4.950190e-06,0.042970,4.61094E+09,-37.016700,44.280800
nx1_wcs_125c_vce1.2v,wcs,hbt_wcs,125,1,1.2,0.61,8.640890e-06,0.075008,7.94037E+09,-32.352200,39.629500
nx1_wcs_125c_vce1.2v,wcs,hbt_wcs,125,1,1.2,0.63,1.504590e-05,0.130607,1.35283E+10,-27.654400,34.956800
nx1_wcs_125c_vce1.2v,wcs,hbt_wcs,125,1,1.2,0.65,2.608590e-05,0.226440,2.27187E+10,-23.016100,30.366900
nx1_wcs_125c_vce1.2v,wcs,hbt_wcs,125,1,1.2,0.67,4.489650e-05,0.389727,3.72354E+10,-18.514500,25.961200
nx1_wcs_125c_vce1.2v,wcs,hbt_wcs,125,1,1.2,0.69,7.634450e-05,0.662713,5.89716E+10,-14.241300,21.876300
nx1_wcs_125c_vce1.2v,wcs,hbt_wcs,125,1,1.2,0.71,1.273930e-04,1.105842,8.90616E+10,-10.309000,18.292400
nx1_wcs_125c_vce1.2v,wcs,hbt_wcs,125,1,1.2,0.73,2.068250e-04,1.795356,1.25802E+11,-6.834770,15.387000
nx1_wcs_125c_vce1.2v,wcs,hbt_wcs,125,1,1.2,0.75,3.238600e-04,2.811285,1.64909E+11,-3.903820,13.234700
nx1_wcs_125c_vce1.2v,wcs,hbt_wcs,125,1,1.2,0.77,4.859280e-04,4.218125,2.02089E+11,-1.535060,11.752300
nx1_wcs_125c_vce1.2v,wcs,hbt_wcs,125,1,1.2,0.79,6.968900e-04,6.049392,2.32793E+11,0.321821,10.762900
nx1_wcs_125c_vce1.2v,wcs,hbt_wcs,125,1,1.2,0.81,9.567930e-04,8.305495,2.56999E+11,1.757210,10.096400
nx1_wcs_125c_vce1.2v,wcs,hbt_wcs,125,1,1.2,0.83,1.262930e-03,10.962934,2.74486E+11,2.867100,9.632820
nx1_wcs_125c_vce1.2v,wcs,hbt_wcs,125,1,1.2,0.85,1.611220e-03,13.986285,2.86298E+11,3.733200,9.299110
nx1_wcs_125c_vce1.2v,wcs,hbt_wcs,125,1,1.2,0.87,1.997190e-03,17.336719,2.92902E+11,4.417900,9.052740
nx1_wcs_125c_vce1.2v,wcs,hbt_wcs,125,1,1.2,0.89,2.416560e-03,20.977083,2.95194E+11,4.966440,8.869040
nx1_wcs_125c_vce1.2v,wcs,hbt_wcs,125,1,1.2,0.91,2.865440e-03,24.873611,2.93316E+11,5.411020,8.733310
nx1_wcs_125c_vce1.2v,wcs,hbt_wcs,125,1,1.2,0.93,3.340390e-03,28.996441,2.86556E+11,5.774540,8.636590
nx1_wcs_125c_vce1.2v,wcs,hbt_wcs,125,1,1.2,0.95,3.838370e-03,33.319184,2.70793E+11,6.073030,8.573280
nx1_wcs_125c_vce1.2v,wcs,hbt_wcs,125,1,1.2,0.97,4.356640e-03,37.818056,2.49156E+11,6.318390,8.539700
nx1_wcs_125c_vce1.2v,wcs,hbt_wcs,125,1,1.2,0.99,4.892740e-03,42.471701,2.2389E+11,6.518000,8.533730
nx1_wcs_125c_vce1.2v,wcs,hbt_wcs,125,1,1.2,1.01,5.444040e-03,47.257292,1.92877E+11,6.661740,8.556780
nx1_wcs_125c_vce1.2v,wcs,hbt_wcs,125,1,1.2,1.03,6.004550e-03,52.122830,1.56724E+11,6.623570,8.631570
nx1_wcs_125c_vce1.2v,wcs,hbt_wcs,125,1,1.2,1.05,6.552160e-03,56.876389,1.10239E+11,6.010630,8.832920
nx1_wcs_125c_vce1.4v,wcs,hbt_wcs,125,1,1.4,0.55,1.622260e-06,0.014082,1.55084E+09,-45.385300,52.638100
nx1_wcs_125c_vce1.4v,wcs,hbt_wcs,125,1,1.4,0.57,2.837950e-06,0.024635,2.68841E+09,-41.474200,48.731000
nx1_wcs_125c_vce1.4v,wcs,hbt_wcs,125,1,1.4,0.59,4.961060e-06,0.043065,4.63969E+09,-37.006400,44.270500
nx1_wcs_125c_vce1.4v,wcs,hbt_wcs,125,1,1.4,0.61,8.661270e-06,0.075185,7.9908E+09,-32.336200,39.613600
nx1_wcs_125c_vce1.4v,wcs,hbt_wcs,125,1,1.4,0.63,1.508660e-05,0.130960,1.3625E+10,-27.634300,34.936700
nx1_wcs_125c_vce1.4v,wcs,hbt_wcs,125,1,1.4,0.65,2.617290e-05,0.227195,2.28834E+10,-22.990800,30.342000
nx1_wcs_125c_vce1.4v,wcs,hbt_wcs,125,1,1.4,0.67,4.509330e-05,0.391435,3.7576E+10,-18.481800,25.929400
nx1_wcs_125c_vce1.4v,wcs,hbt_wcs,125,1,1.4,0.69,7.680390e-05,0.666701,5.95965E+10,-14.198300,21.836000
nx1_wcs_125c_vce1.4v,wcs,hbt_wcs,125,1,1.4,0.71,1.284610e-04,1.115113,9.00594E+10,-10.253400,18.243600
nx1_wcs_125c_vce1.4v,wcs,hbt_wcs,125,1,1.4,0.73,2.092070e-04,1.816033,1.27416E+11,-6.766060,15.333200
nx1_wcs_125c_vce1.4v,wcs,hbt_wcs,125,1,1.4,0.75,3.287990e-04,2.854158,1.67186E+11,-3.824520,13.181800
nx1_wcs_125c_vce1.4v,wcs,hbt_wcs,125,1,1.4,0.77,4.952870e-04,4.299366,2.05046E+11,-1.449850,11.704700
nx1_wcs_125c_vce1.4v,wcs,hbt_wcs,125,1,1.4,0.79,7.130460e-04,6.189635,2.362E+11,0.408270,10.722000
nx1_wcs_125c_vce1.4v,wcs,hbt_wcs,125,1,1.4,0.81,9.824150e-04,8.527908,2.60782E+11,1.841760,10.061600
nx1_wcs_125c_vce1.4v,wcs,hbt_wcs,125,1,1.4,0.83,1.300760e-03,11.291319,2.78822E+11,2.948190,9.603380
nx1_wcs_125c_vce1.4v,wcs,hbt_wcs,125,1,1.4,0.85,1.663930e-03,14.443837,2.9051E+11,3.810040,9.274630
nx1_wcs_125c_vce1.4v,wcs,hbt_wcs,125,1,1.4,0.87,2.067300e-03,17.945313,2.97048E+11,4.489810,9.033660
nx1_wcs_125c_vce1.4v,wcs,hbt_wcs,125,1,1.4,0.89,2.506380e-03,21.756771,2.99759E+11,5.032720,8.856420
nx1_wcs_125c_vce1.4v,wcs,hbt_wcs,125,1,1.4,0.91,2.977050e-03,25.842448,2.97723E+11,5.471100,8.728740
nx1_wcs_125c_vce1.4v,wcs,hbt_wcs,125,1,1.4,0.93,3.475660e-03,30.170660,2.91703E+11,5.827930,8.642070
nx1_wcs_125c_vce1.4v,wcs,hbt_wcs,125,1,1.4,0.95,3.998920e-03,34.712847,2.80941E+11,6.119550,8.591170
nx1_wcs_125c_vce1.4v,wcs,hbt_wcs,125,1,1.4,0.97,4.543870e-03,39.443316,2.6346E+11,6.357540,8.572780
nx1_wcs_125c_vce1.4v,wcs,hbt_wcs,125,1,1.4,0.99,5.107810e-03,44.338628,2.35327E+11,6.549390,8.585010
nx1_wcs_125c_vce1.4v,wcs,hbt_wcs,125,1,1.4,1.01,5.688160e-03,49.376389,2.05164E+11,6.701480,8.626440
nx1_wcs_125c_vce1.4v,wcs,hbt_wcs,125,1,1.4,1.03,6.282340e-03,54.534201,1.7374E+11,6.811610,8.697300
nx1_wcs_125c_vce1.4v,wcs,hbt_wcs,125,1,1.4,1.05,6.886130e-03,59.775434,1.37246E+11,6.819280,8.807600
nx1_sf_-40c_vce0.8v,sf,hbt_typ,-40,1,0.8,0.55,3.826030e-11,0.000000,,-51.404800,56.328200
nx1_sf_-40c_vce0.8v,sf,hbt_typ,-40,1,0.8,0.57,1.019030e-10,0.000001,,-51.389900,56.313400
nx1_sf_-40c_vce0.8v,sf,hbt_typ,-40,1,0.8,0.59,2.721740e-10,0.000002,,-51.374700,56.298100
nx1_sf_-40c_vce0.8v,sf,hbt_typ,-40,1,0.8,0.61,7.276520e-10,0.000006,,-51.359100,56.282600
nx1_sf_-40c_vce0.8v,sf,hbt_typ,-40,1,0.8,0.63,1.946000e-09,0.000017,3.73717E+06,-51.343000,56.266500
nx1_sf_-40c_vce0.8v,sf,hbt_typ,-40,1,0.8,0.65,5.204820e-09,0.000045,9.93206E+06,-51.326100,56.249600
nx1_sf_-40c_vce0.8v,sf,hbt_typ,-40,1,0.8,0.67,1.392120e-08,0.000121,2.64348E+07,-51.306400,56.230000
nx1_sf_-40c_vce0.8v,sf,hbt_typ,-40,1,0.8,0.69,3.723380e-08,0.000323,7.02402E+07,-51.270800,56.194500
nx1_sf_-40c_vce0.8v,sf,hbt_typ,-40,1,0.8,0.71,9.957980e-08,0.000864,1.86592E+08,-51.131000,56.055000
nx1_sf_-40c_vce0.8v,sf,hbt_typ,-40,1,0.8,0.73,2.662780e-07,0.002311,4.95412E+08,-50.346600,55.271600
nx1_sf_-40c_vce0.8v,sf,hbt_typ,-40,1,0.8,0.75,7.117450e-07,0.006178,1.31092E+09,-47.027200,51.954600
nx1_sf_-40c_vce0.8v,sf,hbt_typ,-40,1,0.8,0.77,1.900410e-06,0.016497,3.46541E+09,-40.245700,45.179800
nx1_sf_-40c_vce0.8v,sf,hbt_typ,-40,1,0.8,0.79,5.059640e-06,0.043920,9.06312E+09,-32.109900,37.063300
nx1_sf_-40c_vce0.8v,sf,hbt_typ,-40,1,0.8,0.81,1.336800e-05,0.116042,2.32214E+10,-23.860400,28.873500
nx1_sf_-40c_vce0.8v,sf,hbt_typ,-40,1,0.8,0.83,3.463150e-05,0.300621,5.67251E+10,-15.948900,21.162100
nx1_sf_-40c_vce0.8v,sf,hbt_typ,-40,1,0.8,0.85,8.568160e-05,0.743764,1.23914E+11,-8.861440,14.708100
nx1_sf_-40c_vce0.8v,sf,hbt_typ,-40,1,0.8,0.87,1.938800e-04,1.682986,2.23844E+11,-3.204450,10.442800
nx1_sf_-40c_vce0.8v,sf,hbt_typ,-40,1,0.8,0.89,3.853270e-04,3.344852,3.24065E+11,0.724375,8.276580
nx1_sf_-40c_vce0.8v,sf,hbt_typ,-40,1,0.8,0.91,6.671700e-04,5.791406,3.97039E+11,3.215860,7.253430
nx1_sf_-40c_vce0.8v,sf,hbt_typ,-40,1,0.8,0.93,1.028690e-03,8.929601,4.41028E+11,4.785240,6.708510
nx1_sf_-40c_vce0.8v,sf,hbt_typ,-40,1,0.8,0.95,1.454350e-03,12.624566,4.64257E+11,5.821400,6.368490
nx1_sf_-40c_vce0.8v,sf,hbt_typ,-40,1,0.8,0.97,1.930950e-03,16.761719,4.73843E+11,6.548590,6.129960
nx1_sf_-40c_vce0.8v,sf,hbt_typ,-40,1,0.8,0.99,2.449010e-03,21.258767,4.73063E+11,7.088520,5.950130
nx1_sf_-40c_vce0.8v,sf,hbt_typ,-40,1,0.8,1.01,3.001790e-03,26.057205,4.62575E+11,7.508540,5.808890
nx1_sf_-40c_vce0.8v,sf,hbt_typ,-40,1,0.8,1.03,3.584590e-03,31.116233,4.42621E+11,7.847570,5.695580
nx1_sf_-40c_vce0.8v,sf,hbt_typ,-40,1,0.8,1.05,4.193950e-03,36.405816,4.12581E+11,8.123560,5.604910
nx1_sf_-40c_vce1.0v,sf,hbt_typ,-40,1,1.0,0.55,3.849690e-11,0.000000,,-51.537700,56.461200
nx1_sf_-40c_vce1.0v,sf,hbt_typ,-40,1,1.0,0.57,1.022000e-10,0.000001,,-51.525500,56.449000
nx1_sf_-40c_vce1.0v,sf,hbt_typ,-40,1,1.0,0.59,2.726310e-10,0.000002,,-51.513100,56.436600
nx1_sf_-40c_vce1.0v,sf,hbt_typ,-40,1,1.0,0.61,7.285340e-10,0.000006,,-51.500400,56.423900
nx1_sf_-40c_vce1.0v,sf,hbt_typ,-40,1,1.0,0.63,1.948010e-09,0.000017,3.75869E+06,-51.487400,56.410900
nx1_sf_-40c_vce1.0v,sf,hbt_typ,-40,1,1.0,0.65,5.209840e-09,0.000045,9.98631E+06,-51.473700,56.397300
nx1_sf_-40c_vce1.0v,sf,hbt_typ,-40,1,1.0,0.67,1.393420e-08,0.000121,2.65938E+07,-51.457300,56.380800
nx1_sf_-40c_vce1.0v,sf,hbt_typ,-40,1,1.0,0.69,3.726840e-08,0.000324,7.06416E+07,-51.424500,56.348200
nx1_sf_-40c_vce1.0v,sf,hbt_typ,-40,1,1.0,0.71,9.967250e-08,0.000865,1.87772E+08,-51.283700,56.207700
nx1_sf_-40c_vce1.0v,sf,hbt_typ,-40,1,1.0,0.73,2.665320e-07,0.002314,4.98403E+08,-50.476100,55.401100
nx1_sf_-40c_vce1.0v,sf,hbt_typ,-40,1,1.0,0.75,7.124690e-07,0.006185,1.31982E+09,-47.084300,52.011700
nx1_sf_-40c_vce1.0v,sf,hbt_typ,-40,1,1.0,0.77,1.902650e-06,0.016516,3.48843E+09,-40.250000,45.184200
nx1_sf_-40c_vce1.0v,sf,hbt_typ,-40,1,1.0,0.79,5.067650e-06,0.043990,9.12499E+09,-32.099100,37.052600
nx1_sf_-40c_vce1.0v,sf,hbt_typ,-40,1,1.0,0.81,1.340210e-05,0.116338,2.34074E+10,-23.840400,28.853800
nx1_sf_-40c_vce1.0v,sf,hbt_typ,-40,1,1.0,0.83,3.479570e-05,0.302046,5.72907E+10,-15.913500,21.128400
nx1_sf_-40c_vce1.0v,sf,hbt_typ,-40,1,1.0,0.85,8.646120e-05,0.750531,1.25629E+11,-8.800660,14.657100
nx1_sf_-40c_vce1.0v,sf,hbt_typ,-40,1,1.0,0.87,1.969790e-04,1.709887,2.27706E+11,-3.116480,10.387300
nx1_sf_-40c_vce1.0v,sf,hbt_typ,-40,1,1.0,0.89,3.945730e-04,3.425113,3.30041E+11,0.826029,8.230880
nx1_sf_-40c_vce1.0v,sf,hbt_typ,-40,1,1.0,0.91,6.879500e-04,5.971788,4.04729E+11,3.316430,7.217010
nx1_sf_-40c_vce1.0v,sf,hbt_typ,-40,1,1.0,0.93,1.066570e-03,9.258420,4.49466E+11,4.880110,6.676380
nx1_sf_-40c_vce1.0v,sf,hbt_typ,-40,1,1.0,0.95,1.514380e-03,13.145660,4.72328E+11,5.912300,6.337460
nx1_sf_-40c_vce1.0v,sf,hbt_typ,-40,1,1.0,0.97,2.017940e-03,17.516840,4.83237E+11,6.639230,6.098600
nx1_sf_-40c_vce1.0v,sf,hbt_typ,-40,1,1.0,0.99,2.567460e-03,22.286979,4.82612E+11,7.182040,5.918280
nx1_sf_-40c_vce1.0v,sf,hbt_typ,-40,1,1.0,1.01,3.156150e-03,27.397135,4.7159E+11,7.607450,5.777070
nx1_sf_-40c_vce1.0v,sf,hbt_typ,-40,1,1.0,1.03,3.779370e-03,32.807031,4.52633E+11,7.953740,5.664800
nx1_sf_-40c_vce1.0v,sf,hbt_typ,-40,1,1.0,1.05,4.433790e-03,38.487760,4.21224E+11,8.243960,5.575710
nx1_sf_-40c_vce1.2v,sf,hbt_typ,-40,1,1.2,0.55,3.873940e-11,0.000000,,-51.648400,56.571900
nx1_sf_-40c_vce1.2v,sf,hbt_typ,-40,1,1.2,0.57,1.025110e-10,0.000001,,-51.638100,56.561600
nx1_sf_-40c_vce1.2v,sf,hbt_typ,-40,1,1.2,0.59,2.731200e-10,0.000002,,-51.627700,56.551200
nx1_sf_-40c_vce1.2v,sf,hbt_typ,-40,1,1.2,0.61,7.294920e-10,0.000006,,-51.617000,56.540500
nx1_sf_-40c_vce1.2v,sf,hbt_typ,-40,1,1.2,0.63,1.950200e-09,0.000017,3.77712E+06,-51.606100,56.529600
nx1_sf_-40c_vce1.2v,sf,hbt_typ,-40,1,1.2,0.65,5.215250e-09,0.000045,1.00326E+07,-51.594600,56.518100
nx1_sf_-40c_vce1.2v,sf,hbt_typ,-40,1,1.2,0.67,1.394820e-08,0.000121,2.67282E+07,-51.580300,56.503800
nx1_sf_-40c_vce1.2v,sf,hbt_typ,-40,1,1.2,0.69,3.730490e-08,0.000324,7.09795E+07,-51.549200,56.472900
nx1_sf_-40c_vce1.2v,sf,hbt_typ,-40,1,1.2,0.71,9.976940e-08,0.000866,1.88759E+08,-51.407000,56.331000
nx1_sf_-40c_vce1.2v,sf,hbt_typ,-40,1,1.2,0.73,2.667950e-07,0.002316,5.00893E+08,-50.579300,55.504200
nx1_sf_-40c_vce1.2v,sf,hbt_typ,-40,1,1.2,0.75,7.132100e-07,0.006191,1.32718E+09,-47.127600,52.055000
nx1_sf_-40c_vce1.2v,sf,hbt_typ,-40,1,1.2,0.77,1.904930e-06,0.016536,3.50748E+09,-40.251200,45.185300
nx1_sf_-40c_vce1.2v,sf,hbt_typ,-40,1,1.2,0.79,5.075730e-06,0.044060,9.17643E+09,-32.087800,37.041300
nx1_sf_-40c_vce1.2v,sf,hbt_typ,-40,1,1.2,0.81,1.343650e-05,0.116636,2.35823E+10,-23.820300,28.833900
nx1_sf_-40c_vce1.2v,sf,hbt_typ,-40,1,1.2,0.83,3.496190e-05,0.303489,5.77791E+10,-15.877800,21.094400
nx1_sf_-40c_vce1.2v,sf,hbt_typ,-40,1,1.2,0.85,8.725960e-05,0.757462,1.27142E+11,-8.739070,14.605500
nx1_sf_-40c_vce1.2v,sf,hbt_typ,-40,1,1.2,0.87,2.002060e-04,1.737899,2.31128E+11,-3.026670,10.330900
nx1_sf_-40c_vce1.2v,sf,hbt_typ,-40,1,1.2,0.89,4.043830e-04,3.510269,3.35613E+11,0.930343,8.184390
nx1_sf_-40c_vce1.2v,sf,hbt_typ,-40,1,1.2,0.91,7.103200e-04,6.165972,4.11171E+11,3.419990,7.179720
nx1_sf_-40c_vce1.2v,sf,hbt_typ,-40,1,1.2,0.93,1.107870e-03,9.616927,4.5617E+11,4.978530,6.643140
nx1_sf_-40c_vce1.2v,sf,hbt_typ,-40,1,1.2,0.95,1.580550e-03,13.720052,4.79411E+11,6.007630,6.305120
nx1_sf_-40c_vce1.2v,sf,hbt_typ,-40,1,1.2,0.97,2.114630e-03,18.356163,4.89354E+11,6.734850,6.066120
nx1_sf_-40c_vce1.2v,sf,hbt_typ,-40,1,1.2,0.99,2.700070e-03,23.438108,4.87539E+11,7.281360,5.885740
nx1_sf_-40c_vce1.2v,sf,hbt_typ,-40,1,1.2,1.01,3.330530e-03,28.910851,4.74778E+11,7.712740,5.745470
nx1_sf_-40c_vce1.2v,sf,hbt_typ,-40,1,1.2,1.03,4.001040e-03,34.731250,4.53552E+11,8.066530,5.635740
nx1_sf_-40c_vce1.2v,sf,hbt_typ,-40,1,1.2,1.05,4.708550e-03,40.872830,4.21047E+11,8.365160,5.551360
nx1_sf_-40c_vce1.4v,sf,hbt_typ,-40,1,1.4,0.55,3.899820e-11,0.000000,,-51.743300,56.666800
nx1_sf_-40c_vce1.4v,sf,hbt_typ,-40,1,1.4,0.57,1.028620e-10,0.000001,,-51.734400,56.657900
nx1_sf_-40c_vce1.4v,sf,hbt_typ,-40,1,1.4,0.59,2.737080e-10,0.000002,,-51.725300,56.648800
nx1_sf_-40c_vce1.4v,sf,hbt_typ,-40,1,1.4,0.61,7.306890e-10,0.000006,,-51.716200,56.639700
nx1_sf_-40c_vce1.4v,sf,hbt_typ,-40,1,1.4,0.63,1.952970e-09,0.000017,3.79426E+06,-51.706700,56.630300
nx1_sf_-40c_vce1.4v,sf,hbt_typ,-40,1,1.4,0.65,5.222080e-09,0.000045,1.00752E+07,-51.696700,56.620300
nx1_sf_-40c_vce1.4v,sf,hbt_typ,-40,1,1.4,0.67,1.396550e-08,0.000121,2.68511E+07,-51.684000,56.607500
nx1_sf_-40c_vce1.4v,sf,hbt_typ,-40,1,1.4,0.69,3.734960e-08,0.000324,7.12856E+07,-51.654000,56.577700
nx1_sf_-40c_vce1.4v,sf,hbt_typ,-40,1,1.4,0.71,9.988610e-08,0.000867,1.89644E+08,-51.510100,56.434100
nx1_sf_-40c_vce1.4v,sf,hbt_typ,-40,1,1.4,0.73,2.671050e-07,0.002319,5.0311E+08,-50.664400,55.589300
nx1_sf_-40c_vce1.4v,sf,hbt_typ,-40,1,1.4,0.75,7.140640e-07,0.006198,1.3337E+09,-47.161200,52.088600
nx1_sf_-40c_vce1.4v,sf,hbt_typ,-40,1,1.4,0.77,1.907470e-06,0.016558,3.5243E+09,-40.249300,45.183400
nx1_sf_-40c_vce1.4v,sf,hbt_typ,-40,1,1.4,0.79,5.084460e-06,0.044136,9.22192E+09,-32.075100,37.028700
nx1_sf_-40c_vce1.4v,sf,hbt_typ,-40,1,1.4,0.81,1.347250e-05,0.116949,2.37382E+10,-23.799200,28.813100
nx1_sf_-40c_vce1.4v,sf,hbt_typ,-40,1,1.4,0.83,3.513380e-05,0.304981,5.82232E+10,-15.840900,21.059300
nx1_sf_-40c_vce1.4v,sf,hbt_typ,-40,1,1.4,0.85,8.808630e-05,0.764638,1.2854E+11,-8.675680,14.552400
nx1_sf_-40c_vce1.4v,sf,hbt_typ,-40,1,1.4,0.87,2.035970e-04,1.767335,2.34302E+11,-2.934020,10.273000
nx1_sf_-40c_vce1.4v,sf,hbt_typ,-40,1,1.4,0.89,4.148550e-04,3.601172,3.41378E+11,1.037970,8.136770
nx1_sf_-40c_vce1.4v,sf,hbt_typ,-40,1,1.4,0.91,7.345960e-04,6.376701,4.16881E+11,3.526940,7.141360
nx1_sf_-40c_vce1.4v,sf,hbt_typ,-40,1,1.4,0.93,1.153120e-03,10.009722,4.61839E+11,5.080170,6.608820
nx1_sf_-40c_vce1.4v,sf,hbt_typ,-40,1,1.4,0.95,1.653940e-03,14.357118,4.84995E+11,6.107120,6.271550
nx1_sf_-40c_vce1.4v,sf,hbt_typ,-40,1,1.4,0.97,2.223060e-03,19.297396,4.9358E+11,6.836000,6.032490
nx1_sf_-40c_vce1.4v,sf,hbt_typ,-40,1,1.4,0.99,2.850410e-03,24.743142,4.89834E+11,7.387260,5.852680
nx1_sf_-40c_vce1.4v,sf,hbt_typ,-40,1,1.4,1.01,3.529610e-03,30.638976,4.74082E+11,7.825480,5.714580
nx1_sf_-40c_vce1.4v,sf,hbt_typ,-40,1,1.4,1.03,4.256330e-03,36.947309,4.49187E+11,8.187260,5.609460
nx1_sf_-40c_vce1.4v,sf,hbt_typ,-40,1,1.4,1.05,5.027610e-03,43.642448,4.12937E+11,8.494280,5.532920
nx1_sf_27c_vce0.8v,sf,hbt_typ,27,1,0.8,0.55,1.280650e-08,0.000111,1.90064E+07,-51.290400,57.311000
nx1_sf_27c_vce0.8v,sf,hbt_typ,27,1,0.8,0.57,2.726490e-08,0.000237,4.01916E+07,-51.267200,57.287800
nx1_sf_27c_vce0.8v,sf,hbt_typ,27,1,0.8,0.59,5.804580e-08,0.000504,8.52621E+07,-51.225800,57.246600
nx1_sf_27c_vce0.8v,sf,hbt_typ,27,1,0.8,0.61,1.235710e-07,0.001073,1.80191E+08,-51.107600,57.128600
nx1_sf_27c_vce0.8v,sf,hbt_typ,27,1,0.8,0.63,2.630440e-07,0.002283,3.81758E+08,-50.673100,56.694700
nx1_sf_27c_vce0.8v,sf,hbt_typ,27,1,0.8,0.65,5.598370e-07,0.004860,8.0581E+08,-49.170000,55.192900
nx1_sf_27c_vce0.8v,sf,hbt_typ,27,1,0.8,0.67,1.191070e-06,0.010339,1.70197E+09,-45.542400,51.567900
nx1_sf_27c_vce0.8v,sf,hbt_typ,27,1,0.8,0.69,2.532060e-06,0.021980,3.57854E+09,-40.056700,46.088200
nx1_sf_27c_vce0.8v,sf,hbt_typ,27,1,0.8,0.71,5.373980e-06,0.046649,7.48058E+09,-33.832800,39.877500
nx1_sf_27c_vce0.8v,sf,hbt_typ,27,1,0.8,0.73,1.136570e-05,0.098661,1.54798E+10,-27.469900,33.545000
nx1_sf_27c_vce0.8v,sf,hbt_typ,27,1,0.8,0.75,2.386210e-05,0.207136,3.12889E+10,-21.201900,27.351300
nx1_sf_27c_vce0.8v,sf,hbt_typ,27,1,0.8,0.77,4.935850e-05,0.428459,6.05984E+10,-15.205700,21.542500
nx1_sf_27c_vce0.8v,sf,hbt_typ,27,1,0.8,0.79,9.925710e-05,0.861607,1.09073E+11,-9.715450,16.502600
nx1_sf_27c_vce0.8v,sf,hbt_typ,27,1,0.8,0.81,1.902890e-04,1.651814,1.75603E+11,-5.012980,12.686600
nx1_sf_27c_vce0.8v,sf,hbt_typ,27,1,0.8,0.83,3.406490e-04,2.957023,2.47538E+11,-1.302040,10.241900
nx1_sf_27c_vce0.8v,sf,hbt_typ,27,1,0.8,0.85,5.624460e-04,4.882344,3.09282E+11,1.424740,8.835550
nx1_sf_27c_vce0.8v,sf,hbt_typ,27,1,0.8,0.87,8.574340e-04,7.443003,3.54198E+11,3.357130,8.022930
nx1_sf_27c_vce0.8v,sf,hbt_typ,27,1,0.8,0.89,1.219590e-03,10.586719,3.82843E+11,4.728290,7.516050
nx1_sf_27c_vce0.8v,sf,hbt_typ,27,1,0.8,0.91,1.640080e-03,14.236806,3.9975E+11,5.724760,7.171260
nx1_sf_27c_vce0.8v,sf,hbt_typ,27,1,0.8,0.93,2.110220e-03,18.317882,4.05828E+11,6.472270,6.920590
nx1_sf_27c_vce0.8v,sf,hbt_typ,27,1,0.8,0.95,2.622690e-03,22.766406,4.01895E+11,7.050770,6.730500
nx1_sf_27c_vce0.8v,sf,hbt_typ,27,1,0.8,0.97,3.171750e-03,27.532552,3.88869E+11,7.510780,6.583200
nx1_sf_27c_vce0.8v,sf,hbt_typ,27,1,0.8,0.99,3.752700e-03,32.575521,3.67257E+11,7.881470,6.469010
nx1_sf_27c_vce0.8v,sf,hbt_typ,27,1,0.8,1.01,4.360310e-03,37.849913,3.25212E+11,8.110930,6.393410
nx1_sf_27c_vce0.8v,sf,hbt_typ,27,1,0.8,1.03,4.966730e-03,43.113976,1.72543E+11,7.312930,6.504100
nx1_sf_27c_vce0.8v,sf,hbt_typ,27,1,0.8,1.05,5.484390e-03,47.607552,6.15812E+10,5.141280,6.941610
nx1_sf_27c_vce1.0v,sf,hbt_typ,27,1,1.0,0.55,1.281890e-08,0.000111,1.91219E+07,-51.444900,57.465500
nx1_sf_27c_vce1.0v,sf,hbt_typ,27,1,1.0,0.57,2.729090e-08,0.000237,4.04232E+07,-51.425200,57.445800
nx1_sf_27c_vce1.0v,sf,hbt_typ,27,1,1.0,0.59,5.810060e-08,0.000504,8.57998E+07,-51.386700,57.407500
nx1_sf_27c_vce1.0v,sf,hbt_typ,27,1,1.0,0.61,1.236880e-07,0.001074,1.81272E+08,-51.268500,57.289600
nx1_sf_27c_vce1.0v,sf,hbt_typ,27,1,1.0,0.63,2.632950e-07,0.002286,3.84281E+08,-50.822200,56.843800
nx1_sf_27c_vce1.0v,sf,hbt_typ,27,1,1.0,0.65,5.603880e-07,0.004864,8.10906E+08,-49.275800,55.298700
nx1_sf_27c_vce1.0v,sf,hbt_typ,27,1,1.0,0.67,1.192320e-06,0.010350,1.71398E+09,-45.584400,51.610000
nx1_sf_27c_vce1.0v,sf,hbt_typ,27,1,1.0,0.69,2.535070e-06,0.022006,3.60317E+09,-40.061600,46.093100
nx1_sf_27c_vce1.0v,sf,hbt_typ,27,1,1.0,0.71,5.381890e-06,0.046718,7.54052E+09,-33.824400,39.869000
nx1_sf_27c_vce1.0v,sf,hbt_typ,27,1,1.0,0.73,1.138880e-05,0.098861,1.56091E+10,-27.454400,33.529600
nx1_sf_27c_vce1.0v,sf,hbt_typ,27,1,1.0,0.75,2.393600e-05,0.207778,3.15823E+10,-21.177900,27.327700
nx1_sf_27c_vce1.0v,sf,hbt_typ,27,1,1.0,0.77,4.960830e-05,0.430628,6.13101E+10,-15.168200,21.507100
nx1_sf_27c_vce1.0v,sf,hbt_typ,27,1,1.0,0.79,1.000880e-04,0.868819,1.10634E+11,-9.658490,16.453200
nx1_sf_27c_vce1.0v,sf,hbt_typ,27,1,1.0,0.81,1.928140e-04,1.673733,1.78590E+11,-4.933860,12.629300
nx1_sf_27c_vce1.0v,sf,hbt_typ,27,1,1.0,0.83,3.472310e-04,3.014158,2.52361E+11,-1.205690,10.187800
nx1_sf_27c_vce1.0v,sf,hbt_typ,27,1,1.0,0.85,5.768290e-04,5.007196,3.15778E+11,1.528360,8.790110
nx1_sf_27c_vce1.0v,sf,hbt_typ,27,1,1.0,0.87,8.842000e-04,7.675347,3.61574E+11,3.459870,7.984960
nx1_sf_27c_vce1.0v,sf,hbt_typ,27,1,1.0,0.89,1.263460e-03,10.967535,3.91489E+11,4.826630,7.483020
nx1_sf_27c_vce1.0v,sf,hbt_typ,27,1,1.0,0.91,1.705520e-03,14.804861,4.08538E+11,5.818520,7.141500
nx1_sf_27c_vce1.0v,sf,hbt_typ,27,1,1.0,0.93,2.201430e-03,19.109635,4.15373E+11,6.562780,6.893520
nx1_sf_27c_vce1.0v,sf,hbt_typ,27,1,1.0,0.95,2.743730e-03,23.817101,4.13774E+11,7.139650,6.706410
nx1_sf_27c_vce1.0v,sf,hbt_typ,27,1,1.0,0.97,3.326470e-03,28.875608,4.03389E+11,7.599530,6.562980
nx1_sf_27c_vce1.0v,sf,hbt_typ,27,1,1.0,0.99,3.944880e-03,34.243750,3.8147E+11,7.974640,6.453520
nx1_sf_27c_vce1.0v,sf,hbt_typ,27,1,1.0,1.01,4.595240e-03,39.889236,3.52621E+11,8.285920,6.372260
nx1_sf_27c_vce1.0v,sf,hbt_typ,27,1,1.0,1.03,5.274260e-03,45.783507,3.15846E+11,8.535550,6.317490
nx1_sf_27c_vce1.0v,sf,hbt_typ,27,1,1.0,1.05,5.972270e-03,51.842622,2.31447E+11,8.455210,6.328230
nx1_sf_27c_vce1.2v,sf,hbt_typ,27,1,1.2,0.55,1.283370e-08,0.000111,1.92212E+07,-51.570300,57.590900
nx1_sf_27c_vce1.2v,sf,hbt_typ,27,1,1.2,0.57,2.732140e-08,0.000237,4.06517E+07,-51.552800,57.573500
nx1_sf_27c_vce1.2v,sf,hbt_typ,27,1,1.2,0.59,5.816360e-08,0.000505,8.62547E+07,-51.516100,57.536900
nx1_sf_27c_vce1.2v,sf,hbt_typ,27,1,1.2,0.61,1.238200e-07,0.001075,1.8225E+08,-51.397200,57.418300
nx1_sf_27c_vce1.2v,sf,hbt_typ,27,1,1.2,0.63,2.635720e-07,0.002288,3.86378E+08,-50.940100,56.961800
nx1_sf_27c_vce1.2v,sf,hbt_typ,27,1,1.2,0.65,5.609860e-07,0.004870,8.15115E+08,-49.357600,55.380500
nx1_sf_27c_vce1.2v,sf,hbt_typ,27,1,1.2,0.67,1.193650e-06,0.010362,1.72382E+09,-45.614700,51.640300
nx1_sf_27c_vce1.2v,sf,hbt_typ,27,1,1.2,0.69,2.538230e-06,0.022033,3.62329E+09,-40.062800,46.094300
nx1_sf_27c_vce1.2v,sf,hbt_typ,27,1,1.2,0.71,5.390040e-06,0.046789,7.58942E+09,-33.814700,39.859500
nx1_sf_27c_vce1.2v,sf,hbt_typ,27,1,1.2,0.73,1.141230e-05,0.099065,1.57151E+10,-27.438400,33.513800
nx1_sf_27c_vce1.2v,sf,hbt_typ,27,1,1.2,0.75,2.401110e-05,0.208430,3.18259E+10,-21.153600,27.303900
nx1_sf_27c_vce1.2v,sf,hbt_typ,27,1,1.2,0.77,4.986230e-05,0.432832,6.19109E+10,-15.130400,21.471200
nx1_sf_27c_vce1.2v,sf,hbt_typ,27,1,1.2,0.79,1.009390e-04,0.876207,1.11972E+11,-9.600770,16.403200
nx1_sf_27c_vce1.2v,sf,hbt_typ,27,1,1.2,0.81,1.954280e-04,1.696424,1.81164E+11,-4.853290,12.571200
nx1_sf_27c_vce1.2v,sf,hbt_typ,27,1,1.2,0.83,3.541440e-04,3.074167,2.56468E+11,-1.107150,10.133000
nx1_sf_27c_vce1.2v,sf,hbt_typ,27,1,1.2,0.85,5.921470e-04,5.140165,3.21156E+11,1.634740,8.743850
nx1_sf_27c_vce1.2v,sf,hbt_typ,27,1,1.2,0.87,9.130630e-04,7.925894,3.67421E+11,3.565770,7.946110
nx1_sf_27c_vce1.2v,sf,hbt_typ,27,1,1.2,0.89,1.311240e-03,11.382292,3.97917E+11,4.928560,7.449030
nx1_sf_27c_vce1.2v,sf,hbt_typ,27,1,1.2,0.91,1.777450e-03,15.429253,4.14467E+11,5.916240,7.110900
nx1_sf_27c_vce1.2v,sf,hbt_typ,27,1,1.2,0.93,2.302400e-03,19.986111,4.20923E+11,6.657520,6.866010
nx1_sf_27c_vce1.2v,sf,hbt_typ,27,1,1.2,0.95,2.878570e-03,24.987587,4.18657E+11,7.232830,6.682670
nx1_sf_27c_vce1.2v,sf,hbt_typ,27,1,1.2,0.97,3.499810e-03,30.380295,4.07823E+11,7.692330,6.544420
nx1_sf_27c_vce1.2v,sf,hbt_typ,27,1,1.2,0.99,4.161370e-03,36.123003,3.87059E+11,8.067890,6.442190
nx1_sf_27c_vce1.2v,sf,hbt_typ,27,1,1.2,1.01,4.859380e-03,42.182118,3.56557E+11,8.380160,6.370800
nx1_sf_27c_vce1.2v,sf,hbt_typ,27,1,1.2,1.03,5.590700e-03,48.530382,3.17929E+11,8.642730,6.327350
nx1_sf_27c_vce1.2v,sf,hbt_typ,27,1,1.2,1.05,6.352580e-03,55.143924,2.76742E+11,8.859320,6.311130
nx1_sf_27c_vce1.4v,sf,hbt_typ,27,1,1.4,0.55,1.285570e-08,0.000112,1.9317E+07,-51.675800,57.696400
nx1_sf_27c_vce1.4v,sf,hbt_typ,27,1,1.4,0.57,2.736590e-08,0.000238,4.08702E+07,-51.659800,57.680500
nx1_sf_27c_vce1.4v,sf,hbt_typ,27,1,1.4,0.59,5.825390e-08,0.000506,8.66818E+07,-51.624200,57.645000
nx1_sf_27c_vce1.4v,sf,hbt_typ,27,1,1.4,0.61,1.240040e-07,0.001076,1.83229E+08,-51.504200,57.525200
nx1_sf_27c_vce1.4v,sf,hbt_typ,27,1,1.4,0.63,2.639520e-07,0.002291,3.88302E+08,-51.037100,57.058800
nx1_sf_27c_vce1.4v,sf,hbt_typ,27,1,1.4,0.65,5.617780e-07,0.004877,8.19262E+08,-49.422700,55.445600
nx1_sf_27c_vce1.4v,sf,hbt_typ,27,1,1.4,0.67,1.195360e-06,0.010376,1.73268E+09,-45.636000,51.661600
nx1_sf_27c_vce1.4v,sf,hbt_typ,27,1,1.4,0.69,2.542090e-06,0.022067,3.64126E+09,-40.059800,46.091300
nx1_sf_27c_vce1.4v,sf,hbt_typ,27,1,1.4,0.71,5.399560e-06,0.046871,7.63282E+09,-33.802700,39.847500
nx1_sf_27c_vce1.4v,sf,hbt_typ,27,1,1.4,0.73,1.143840e-05,0.099292,1.58093E+10,-27.420600,33.496100
nx1_sf_27c_vce1.4v,sf,hbt_typ,27,1,1.4,0.75,2.409160e-05,0.209128,3.20438E+10,-21.127600,27.278400
nx1_sf_27c_vce1.4v,sf,hbt_typ,27,1,1.4,0.77,5.012910e-05,0.435148,6.24535E+10,-15.090700,21.433500
nx1_sf_27c_vce1.4v,sf,hbt_typ,27,1,1.4,0.79,1.018280e-04,0.883924,1.13192E+11,-9.540780,16.351200
nx1_sf_27c_vce1.4v,sf,hbt_typ,27,1,1.4,0.81,1.981720e-04,1.720243,1.83517E+11,-4.769860,12.511100
nx1_sf_27c_vce1.4v,sf,hbt_typ,27,1,1.4,0.83,3.614760e-04,3.137813,2.60186E+11,-1.005290,10.076600
nx1_sf_27c_vce1.4v,sf,hbt_typ,27,1,1.4,0.85,6.085900e-04,5.282899,3.25922E+11,1.744050,8.696570
nx1_sf_27c_vce1.4v,sf,hbt_typ,27,1,1.4,0.87,9.443350e-04,8.197352,3.72429E+11,3.674260,7.906460
nx1_sf_27c_vce1.4v,sf,hbt_typ,27,1,1.4,0.89,1.363510e-03,11.836024,4.03153E+11,5.033230,7.414300
nx1_sf_27c_vce1.4v,sf,hbt_typ,27,1,1.4,0.91,1.856810e-03,16.118142,4.18946E+11,6.017430,7.079640
nx1_sf_27c_vce1.4v,sf,hbt_typ,27,1,1.4,0.93,2.414740e-03,20.961285,4.25146E+11,6.756680,6.838230
nx1_sf_27c_vce1.4v,sf,hbt_typ,27,1,1.4,0.95,3.029860e-03,26.300868,4.20881E+11,7.331010,6.659610
nx1_sf_27c_vce1.4v,sf,hbt_typ,27,1,1.4,0.97,3.695820e-03,32.081771,4.07818E+11,7.790190,6.528250
nx1_sf_27c_vce1.4v,sf,hbt_typ,27,1,1.4,0.99,4.407780e-03,38.261979,3.84179E+11,8.165650,6.435870
nx1_sf_27c_vce1.4v,sf,hbt_typ,27,1,1.4,1.01,5.161820e-03,44.807465,3.52227E+11,8.477570,6.378110
nx1_sf_27c_vce1.4v,sf,hbt_typ,27,1,1.4,1.03,5.954660e-03,51.689757,3.12483E+11,8.739060,6.352920
nx1_sf_27c_vce1.4v,sf,hbt_typ,27,1,1.4,1.05,6.783410e-03,58.883767,2.67286E+11,8.958380,6.359720
nx1_sf_125c_vce0.8v,sf,hbt_typ,125,1,0.8,0.55,2.182060e-06,0.018941,2.32758E+09,-43.453300,50.708000
nx1_sf_125c_vce0.8v,sf,hbt_typ,125,1,0.8,0.57,3.816500e-06,0.033129,4.03417E+09,-39.155600,46.415700
nx1_sf_125c_vce0.8v,sf,hbt_typ,125,1,0.8,0.59,6.668430e-06,0.057886,6.96284E+09,-34.532900,41.802800
nx1_sf_125c_vce0.8v,sf,hbt_typ,125,1,0.8,0.61,1.163090e-05,0.100963,1.19146E+10,-29.817700,37.105800
nx1_sf_125c_vce0.8v,sf,hbt_typ,125,1,0.8,0.63,2.022400e-05,0.175556,2.01872E+10,-25.119300,32.441800
nx1_sf_125c_vce0.8v,sf,hbt_typ,125,1,0.8,0.65,3.498160e-05,0.303660,3.35499E+10,-20.508400,27.897700
nx1_sf_125c_vce0.8v,sf,hbt_typ,125,1,0.8,0.67,5.997790e-05,0.520641,5.42747E+10,-16.059300,23.580300
nx1_sf_125c_vce0.8v,sf,hbt_typ,125,1,0.8,0.69,1.013900e-04,0.880122,8.39811E+10,-11.866300,19.641200
nx1_sf_125c_vce0.8v,sf,hbt_typ,125,1,0.8,0.71,1.677500e-04,1.456163,1.23117E+11,-8.041760,16.269000
nx1_sf_125c_vce0.8v,sf,hbt_typ,125,1,0.8,0.73,2.693220e-04,2.337865,1.678E+11,-4.692800,13.618400
nx1_sf_125c_vce0.8v,sf,hbt_typ,125,1,0.8,0.75,4.162590e-04,3.613359,2.13082E+11,-1.884390,11.709200
nx1_sf_125c_vce0.8v,sf,hbt_typ,125,1,0.8,0.77,6.162120e-04,5.349062,2.53365E+11,0.385886,10.411700
nx1_sf_125c_vce0.8v,sf,hbt_typ,125,1,0.8,0.79,8.728290e-04,7.576641,2.85076E+11,2.179550,9.540710
nx1_sf_125c_vce0.8v,sf,hbt_typ,125,1,0.8,0.81,1.185890e-03,10.294184,3.07852E+11,3.585750,8.941600
nx1_sf_125c_vce0.8v,sf,hbt_typ,125,1,0.8,0.83,1.552530e-03,13.476823,3.22055E+11,4.692350,8.513030
nx1_sf_125c_vce0.8v,sf,hbt_typ,125,1,0.8,0.85,1.968530e-03,17.087934,3.26277E+11,5.571890,8.194990
nx1_sf_125c_vce0.8v,sf,hbt_typ,125,1,0.8,0.87,2.429260e-03,21.087326,3.21735E+11,6.279530,7.952750
nx1_sf_125c_vce0.8v,sf,hbt_typ,125,1,0.8,0.89,2.930180e-03,25.435590,3.0835E+11,6.854730,7.766030
nx1_sf_125c_vce0.8v,sf,hbt_typ,125,1,0.8,0.91,3.466880e-03,30.094444,2.88264E+11,7.316870,7.624120
nx1_sf_125c_vce0.8v,sf,hbt_typ,125,1,0.8,0.93,4.033180e-03,35.010243,2.56067E+11,7.600910,7.533660
nx1_sf_125c_vce0.8v,sf,hbt_typ,125,1,0.8,0.95,4.608180e-03,40.001562,1.8401E+11,7.232520,7.574220
nx1_sf_125c_vce0.8v,sf,hbt_typ,125,1,0.8,0.97,5.141160e-03,44.628125,1.02434E+11,5.972840,7.810030
nx1_sf_125c_vce0.8v,sf,hbt_typ,125,1,0.8,0.99,5.621370e-03,48.796615,6.20068E+10,5.008600,8.021270
nx1_sf_125c_vce0.8v,sf,hbt_typ,125,1,0.8,1.01,6.079400e-03,52.772569,4.258E+10,4.556360,8.136930
nx1_sf_125c_vce0.8v,sf,hbt_typ,125,1,0.8,1.03,6.534350e-03,56.721788,3.10883E+10,4.252560,8.244940
nx1_sf_125c_vce0.8v,sf,hbt_typ,125,1,0.8,1.05,6.986560e-03,60.647222,2.24039E+10,3.653690,8.476930
nx1_sf_125c_vce1.0v,sf,hbt_typ,125,1,1.0,0.55,2.184480e-06,0.018963,2.34716E+09,-43.480600,50.735200
nx1_sf_125c_vce1.0v,sf,hbt_typ,125,1,1.0,0.57,3.821200e-06,0.033170,4.06558E+09,-39.159500,46.419600
nx1_sf_125c_vce1.0v,sf,hbt_typ,125,1,1.0,0.59,6.678030e-06,0.057969,7.02224E+09,-34.526100,41.796100
nx1_sf_125c_vce1.0v,sf,hbt_typ,125,1,1.0,0.61,1.165170e-05,0.101143,1.2029E+10,-29.804900,37.093100
nx1_sf_125c_vce1.0v,sf,hbt_typ,125,1,1.0,0.63,2.027200e-05,0.175972,2.03802E+10,-25.101000,32.423700
nx1_sf_125c_vce1.0v,sf,hbt_typ,125,1,1.0,0.65,3.509730e-05,0.304664,3.39419E+10,-20.483000,27.872900
nx1_sf_125c_vce1.0v,sf,hbt_typ,125,1,1.0,0.67,6.026390e-05,0.523124,5.49774E+10,-16.023800,23.546400
nx1_sf_125c_vce1.0v,sf,hbt_typ,125,1,1.0,0.69,1.020940e-04,0.886233,8.52894E+10,-11.817400,19.596700
nx1_sf_125c_vce1.0v,sf,hbt_typ,125,1,1.0,0.71,1.694280e-04,1.470729,1.2523E+11,-7.976690,16.214900
nx1_sf_125c_vce1.0v,sf,hbt_typ,125,1,1.0,0.73,2.730700e-04,2.370399,1.71294E+11,-4.611280,13.559700
nx1_sf_125c_vce1.0v,sf,hbt_typ,125,1,1.0,0.75,4.239450e-04,3.680078,2.17975E+11,-1.789340,11.652100
nx1_sf_125c_vce1.0v,sf,hbt_typ,125,1,1.0,0.77,6.305430e-04,5.473464,2.59159E+11,0.489308,10.360300
nx1_sf_125c_vce1.0v,sf,hbt_typ,125,1,1.0,0.79,8.971890e-04,7.788099,2.92118E+11,2.286060,9.495990
nx1_sf_125c_vce1.0v,sf,hbt_typ,125,1,1.0,0.81,1.224050e-03,10.625434,3.16781E+11,3.691410,8.902970
nx1_sf_125c_vce1.0v,sf,hbt_typ,125,1,1.0,0.83,1.608360e-03,13.961458,3.32279E+11,4.794870,8.479760
nx1_sf_125c_vce1.0v,sf,hbt_typ,125,1,1.0,0.85,2.045840e-03,17.759028,3.41583E+11,5.670350,8.166810
nx1_sf_125c_vce1.0v,sf,hbt_typ,125,1,1.0,0.87,2.531720e-03,21.976736,3.43086E+11,6.373770,7.930020
nx1_sf_125c_vce1.0v,sf,hbt_typ,125,1,1.0,0.89,3.061280e-03,26.573611,3.34094E+11,6.945670,7.749530
nx1_sf_125c_vce1.0v,sf,hbt_typ,125,1,1.0,0.91,3.630140e-03,31.511632,3.15705E+11,7.415250,7.613340
nx1_sf_125c_vce1.0v,sf,hbt_typ,125,1,1.0,0.93,4.234260e-03,36.755729,2.89284E+11,7.802610,7.514140
nx1_sf_125c_vce1.0v,sf,hbt_typ,125,1,1.0,0.95,4.869580e-03,42.270660,2.54404E+11,8.106050,7.449810
nx1_sf_125c_vce1.0v,sf,hbt_typ,125,1,1.0,0.97,5.527430e-03,47.981163,2.04906E+11,8.169240,7.443110
nx1_sf_125c_vce1.0v,sf,hbt_typ,125,1,1.0,0.99,6.171100e-03,53.568576,1.26824E+11,7.384960,7.593070
nx1_sf_125c_vce1.0v,sf,hbt_typ,125,1,1.0,1.01,6.753440e-03,58.623611,7.2955E+10,6.228970,7.839200
nx1_sf_125c_vce1.0v,sf,hbt_typ,125,1,1.0,1.03,7.291630e-03,63.295399,4.8317E+10,5.526330,8.027250
nx1_sf_125c_vce1.0v,sf,hbt_typ,125,1,1.0,1.05,7.815240e-03,67.840625,3.54414E+10,5.152390,8.173400
nx1_sf_125c_vce1.2v,sf,hbt_typ,125,1,1.2,0.55,2.187440e-06,0.018988,2.36305E+09,-43.497400,50.752100
nx1_sf_125c_vce1.2v,sf,hbt_typ,125,1,1.2,0.57,3.826690e-06,0.033218,4.09088E+09,-39.158600,46.418700
nx1_sf_125c_vce1.2v,sf,hbt_typ,125,1,1.2,0.59,6.688810e-06,0.058063,7.06969E+09,-34.517000,41.787000
nx1_sf_125c_vce1.2v,sf,hbt_typ,125,1,1.2,0.61,1.167430e-05,0.101339,1.21201E+10,-29.790800,37.079100
nx1_sf_125c_vce1.2v,sf,hbt_typ,125,1,1.2,0.63,2.032260e-05,0.176411,2.05341E+10,-25.081800,32.404700
nx1_sf_125c_vce1.2v,sf,hbt_typ,125,1,1.2,0.65,3.521730e-05,0.305706,3.42553E+10,-20.456900,27.847300
nx1_sf_125c_vce1.2v,sf,hbt_typ,125,1,1.2,0.67,6.055800e-05,0.525677,5.55435E+10,-15.987800,23.511900
nx1_sf_125c_vce1.2v,sf,hbt_typ,125,1,1.2,0.69,1.028180e-04,0.892517,8.63499E+10,-11.767800,19.551500
nx1_sf_125c_vce1.2v,sf,hbt_typ,125,1,1.2,0.71,1.711570e-04,1.485738,1.26948E+11,-7.910650,16.160100
nx1_sf_125c_vce1.2v,sf,hbt_typ,125,1,1.2,0.73,2.769620e-04,2.404184,1.74112E+11,-4.528380,13.500100
nx1_sf_125c_vce1.2v,sf,hbt_typ,125,1,1.2,0.75,4.320040e-04,3.750035,2.21843E+11,-1.692440,11.594200
nx1_sf_125c_vce1.2v,sf,hbt_typ,125,1,1.2,0.77,6.457270e-04,5.605269,2.63587E+11,0.595046,10.308200
nx1_sf_125c_vce1.2v,sf,hbt_typ,125,1,1.2,0.79,9.232530e-04,8.014349,2.97237E+11,2.395340,9.450540
nx1_sf_125c_vce1.2v,sf,hbt_typ,125,1,1.2,0.81,1.265240e-03,10.982986,3.2272E+11,3.800220,8.863610
nx1_sf_125c_vce1.2v,sf,hbt_typ,125,1,1.2,0.83,1.669100e-03,14.488715,3.39101E+11,4.900710,8.445920
nx1_sf_125c_vce1.2v,sf,hbt_typ,125,1,1.2,0.85,2.130530e-03,18.494184,3.48807E+11,5.771870,8.138520
nx1_sf_125c_vce1.2v,sf,hbt_typ,125,1,1.2,0.87,2.644620e-03,22.956771,3.51010E+11,6.470330,7.907990
nx1_sf_125c_vce1.2v,sf,hbt_typ,125,1,1.2,0.89,3.206460e-03,27.833854,3.4558E+11,7.037160,7.735100
nx1_sf_125c_vce1.2v,sf,hbt_typ,125,1,1.2,0.91,3.811450e-03,33.085503,3.31241E+11,7.501740,7.608430
nx1_sf_125c_vce1.2v,sf,hbt_typ,125,1,1.2,0.93,4.455330e-03,38.674740,3.04279E+11,7.884550,7.521150
nx1_sf_125c_vce1.2v,sf,hbt_typ,125,1,1.2,0.95,5.134210e-03,44.567795,2.69022E+11,8.200590,7.468970
nx1_sf_125c_vce1.2v,sf,hbt_typ,125,1,1.2,0.97,5.844280e-03,50.731597,2.30318E+11,8.454300,7.450260
nx1_sf_125c_vce1.2v,sf,hbt_typ,125,1,1.2,0.99,6.579260e-03,57.111632,1.82777E+11,8.568450,7.475670
nx1_sf_125c_vce1.2v,sf,hbt_typ,125,1,1.2,1.01,7.310620e-03,63.460243,1.20335E+11,8.044770,7.617760
nx1_sf_125c_vce1.2v,sf,hbt_typ,125,1,1.2,1.03,7.981600e-03,69.284722,7.13707E+10,6.943240,7.877420
nx1_sf_125c_vce1.2v,sf,hbt_typ,125,1,1.2,1.05,8.596440e-03,74.621875,4.75187E+10,6.147670,8.116070
nx1_sf_125c_vce1.4v,sf,hbt_typ,125,1,1.4,0.55,2.192330e-06,0.019031,2.37819E+09,-43.503300,50.757900
nx1_sf_125c_vce1.4v,sf,hbt_typ,125,1,1.4,0.57,3.835260e-06,0.033292,4.11462E+09,-39.150000,46.410100
nx1_sf_125c_vce1.4v,sf,hbt_typ,125,1,1.4,0.59,6.704470e-06,0.058199,7.11352E+09,-34.501900,41.772000
nx1_sf_125c_vce1.4v,sf,hbt_typ,125,1,1.4,0.61,1.170470e-05,0.101603,1.22031E+10,-29.771700,37.060000
nx1_sf_125c_vce1.4v,sf,hbt_typ,125,1,1.4,0.63,2.038570e-05,0.176959,2.06733E+10,-25.058200,32.381300
nx1_sf_125c_vce1.4v,sf,hbt_typ,125,1,1.4,0.65,3.535750e-05,0.306923,3.45371E+10,-20.426600,27.817500
nx1_sf_125c_vce1.4v,sf,hbt_typ,125,1,1.4,0.67,6.088640e-05,0.528528,5.6052E+10,-15.947600,23.473400
nx1_sf_125c_vce1.4v,sf,hbt_typ,125,1,1.4,0.69,1.036030e-04,0.899332,8.73014E+10,-11.714100,19.502500
nx1_sf_125c_vce1.4v,sf,hbt_typ,125,1,1.4,0.71,1.730080e-04,1.501806,1.28487E+11,-7.840620,16.101700
nx1_sf_125c_vce1.4v,sf,hbt_typ,125,1,1.4,0.73,2.811110e-04,2.440200,1.76611E+11,-4.441800,13.437600
nx1_sf_125c_vce1.4v,sf,hbt_typ,125,1,1.4,0.75,4.406120e-04,3.824757,2.2522E+11,-1.592620,11.534500
nx1_sf_125c_vce1.4v,sf,hbt_typ,125,1,1.4,0.77,6.620180e-04,5.746684,2.67906E+11,0.702716,10.255100
nx1_sf_125c_vce1.4v,sf,hbt_typ,125,1,1.4,0.79,9.513860e-04,8.258559,3.02279E+11,2.505900,9.404650
nx1_sf_125c_vce1.4v,sf,hbt_typ,125,1,1.4,0.81,1.310000e-03,11.371528,3.27389E+11,3.910500,8.823950
nx1_sf_125c_vce1.4v,sf,hbt_typ,125,1,1.4,0.83,1.735580e-03,15.065799,3.44269E+11,5.008950,8.411810
nx1_sf_125c_vce1.4v,sf,hbt_typ,125,1,1.4,0.85,2.223890e-03,19.304601,3.53477E+11,5.876760,8.110250
nx1_sf_125c_vce1.4v,sf,hbt_typ,125,1,1.4,0.87,2.769910e-03,24.044358,3.55007E+11,6.570560,7.886820
nx1_sf_125c_vce1.4v,sf,hbt_typ,125,1,1.4,0.89,3.368530e-03,29.240712,3.48693E+11,7.131660,7.723050
nx1_sf_125c_vce1.4v,sf,hbt_typ,125,1,1.4,0.91,4.014870e-03,34.851302,3.33478E+11,7.589690,7.608220
nx1_sf_125c_vce1.4v,sf,hbt_typ,125,1,1.4,0.93,4.704420e-03,40.836979,3.11455E+11,7.965610,7.536100
nx1_sf_125c_vce1.4v,sf,hbt_typ,125,1,1.4,0.95,5.432900e-03,47.160590,2.7619E+11,8.273510,7.503240
nx1_sf_125c_vce1.4v,sf,hbt_typ,125,1,1.4,0.97,6.196190e-03,53.786372,2.30588E+11,8.522760,7.507810
nx1_sf_125c_vce1.4v,sf,hbt_typ,125,1,1.4,0.99,6.990050e-03,60.677517,1.85644E+11,8.715050,7.549640
nx1_sf_125c_vce1.4v,sf,hbt_typ,125,1,1.4,1.01,7.807150e-03,67.770399,1.3987E+11,8.768800,7.639770
nx1_sf_125c_vce1.4v,sf,hbt_typ,125,1,1.4,1.03,8.613940e-03,74.773785,9.01414E+10,8.196790,7.843320
nx1_sf_125c_vce1.4v,sf,hbt_typ,125,1,1.4,1.05,9.352150e-03,81.181858,5.68289E+10,7.156610,8.142690
nx1_fs_-40c_vce0.8v,fs,hbt_typ,-40,1,0.8,0.55,3.826030e-11,0.000000,,-51.404800,56.328200
nx1_fs_-40c_vce0.8v,fs,hbt_typ,-40,1,0.8,0.57,1.019030e-10,0.000001,,-51.389900,56.313400
nx1_fs_-40c_vce0.8v,fs,hbt_typ,-40,1,0.8,0.59,2.721740e-10,0.000002,,-51.374700,56.298100
nx1_fs_-40c_vce0.8v,fs,hbt_typ,-40,1,0.8,0.61,7.276520e-10,0.000006,,-51.359100,56.282600
nx1_fs_-40c_vce0.8v,fs,hbt_typ,-40,1,0.8,0.63,1.946000e-09,0.000017,3.73717E+06,-51.343000,56.266500
nx1_fs_-40c_vce0.8v,fs,hbt_typ,-40,1,0.8,0.65,5.204820e-09,0.000045,9.93206E+06,-51.326100,56.249600
nx1_fs_-40c_vce0.8v,fs,hbt_typ,-40,1,0.8,0.67,1.392120e-08,0.000121,2.64348E+07,-51.306400,56.230000
nx1_fs_-40c_vce0.8v,fs,hbt_typ,-40,1,0.8,0.69,3.723380e-08,0.000323,7.02402E+07,-51.270800,56.194500
nx1_fs_-40c_vce0.8v,fs,hbt_typ,-40,1,0.8,0.71,9.957980e-08,0.000864,1.86592E+08,-51.131000,56.055000
nx1_fs_-40c_vce0.8v,fs,hbt_typ,-40,1,0.8,0.73,2.662780e-07,0.002311,4.95412E+08,-50.346600,55.271600
nx1_fs_-40c_vce0.8v,fs,hbt_typ,-40,1,0.8,0.75,7.117450e-07,0.006178,1.31092E+09,-47.027200,51.954600
nx1_fs_-40c_vce0.8v,fs,hbt_typ,-40,1,0.8,0.77,1.900410e-06,0.016497,3.46541E+09,-40.245700,45.179800
nx1_fs_-40c_vce0.8v,fs,hbt_typ,-40,1,0.8,0.79,5.059640e-06,0.043920,9.06312E+09,-32.109900,37.063300
nx1_fs_-40c_vce0.8v,fs,hbt_typ,-40,1,0.8,0.81,1.336800e-05,0.116042,2.32214E+10,-23.860400,28.873500
nx1_fs_-40c_vce0.8v,fs,hbt_typ,-40,1,0.8,0.83,3.463150e-05,0.300621,5.67251E+10,-15.948900,21.162100
nx1_fs_-40c_vce0.8v,fs,hbt_typ,-40,1,0.8,0.85,8.568160e-05,0.743764,1.23914E+11,-8.861440,14.708100
nx1_fs_-40c_vce0.8v,fs,hbt_typ,-40,1,0.8,0.87,1.938800e-04,1.682986,2.23844E+11,-3.204450,10.442800
nx1_fs_-40c_vce0.8v,fs,hbt_typ,-40,1,0.8,0.89,3.853270e-04,3.344852,3.24065E+11,0.724375,8.276580
nx1_fs_-40c_vce0.8v,fs,hbt_typ,-40,1,0.8,0.91,6.671700e-04,5.791406,3.97039E+11,3.215860,7.253430
nx1_fs_-40c_vce0.8v,fs,hbt_typ,-40,1,0.8,0.93,1.028690e-03,8.929601,4.41028E+11,4.785240,6.708510
nx1_fs_-40c_vce0.8v,fs,hbt_typ,-40,1,0.8,0.95,1.454350e-03,12.624566,4.64257E+11,5.821400,6.368490
nx1_fs_-40c_vce0.8v,fs,hbt_typ,-40,1,0.8,0.97,1.930950e-03,16.761719,4.73843E+11,6.548590,6.129960
nx1_fs_-40c_vce0.8v,fs,hbt_typ,-40,1,0.8,0.99,2.449010e-03,21.258767,4.73063E+11,7.088520,5.950130
nx1_fs_-40c_vce0.8v,fs,hbt_typ,-40,1,0.8,1.01,3.001790e-03,26.057205,4.62575E+11,7.508540,5.808890
nx1_fs_-40c_vce0.8v,fs,hbt_typ,-40,1,0.8,1.03,3.584590e-03,31.116233,4.42621E+11,7.847570,5.695580
nx1_fs_-40c_vce0.8v,fs,hbt_typ,-40,1,0.8,1.05,4.193950e-03,36.405816,4.12581E+11,8.123560,5.604910
nx1_fs_-40c_vce1.0v,fs,hbt_typ,-40,1,1.0,0.55,3.849690e-11,0.000000,,-51.537700,56.461200
nx1_fs_-40c_vce1.0v,fs,hbt_typ,-40,1,1.0,0.57,1.022000e-10,0.000001,,-51.525500,56.449000
nx1_fs_-40c_vce1.0v,fs,hbt_typ,-40,1,1.0,0.59,2.726310e-10,0.000002,,-51.513100,56.436600
nx1_fs_-40c_vce1.0v,fs,hbt_typ,-40,1,1.0,0.61,7.285340e-10,0.000006,,-51.500400,56.423900
nx1_fs_-40c_vce1.0v,fs,hbt_typ,-40,1,1.0,0.63,1.948010e-09,0.000017,3.75869E+06,-51.487400,56.410900
nx1_fs_-40c_vce1.0v,fs,hbt_typ,-40,1,1.0,0.65,5.209840e-09,0.000045,9.98631E+06,-51.473700,56.397300
nx1_fs_-40c_vce1.0v,fs,hbt_typ,-40,1,1.0,0.67,1.393420e-08,0.000121,2.65938E+07,-51.457300,56.380800
nx1_fs_-40c_vce1.0v,fs,hbt_typ,-40,1,1.0,0.69,3.726840e-08,0.000324,7.06416E+07,-51.424500,56.348200
nx1_fs_-40c_vce1.0v,fs,hbt_typ,-40,1,1.0,0.71,9.967250e-08,0.000865,1.87772E+08,-51.283700,56.207700
nx1_fs_-40c_vce1.0v,fs,hbt_typ,-40,1,1.0,0.73,2.665320e-07,0.002314,4.98403E+08,-50.476100,55.401100
nx1_fs_-40c_vce1.0v,fs,hbt_typ,-40,1,1.0,0.75,7.124690e-07,0.006185,1.31982E+09,-47.084300,52.011700
nx1_fs_-40c_vce1.0v,fs,hbt_typ,-40,1,1.0,0.77,1.902650e-06,0.016516,3.48843E+09,-40.250000,45.184200
nx1_fs_-40c_vce1.0v,fs,hbt_typ,-40,1,1.0,0.79,5.067650e-06,0.043990,9.12499E+09,-32.099100,37.052600
nx1_fs_-40c_vce1.0v,fs,hbt_typ,-40,1,1.0,0.81,1.340210e-05,0.116338,2.34074E+10,-23.840400,28.853800
nx1_fs_-40c_vce1.0v,fs,hbt_typ,-40,1,1.0,0.83,3.479570e-05,0.302046,5.72907E+10,-15.913500,21.128400
nx1_fs_-40c_vce1.0v,fs,hbt_typ,-40,1,1.0,0.85,8.646120e-05,0.750531,1.25629E+11,-8.800660,14.657100
nx1_fs_-40c_vce1.0v,fs,hbt_typ,-40,1,1.0,0.87,1.969790e-04,1.709887,2.27706E+11,-3.116480,10.387300
nx1_fs_-40c_vce1.0v,fs,hbt_typ,-40,1,1.0,0.89,3.945730e-04,3.425113,3.30041E+11,0.826029,8.230880
nx1_fs_-40c_vce1.0v,fs,hbt_typ,-40,1,1.0,0.91,6.879500e-04,5.971788,4.04729E+11,3.316430,7.217010
nx1_fs_-40c_vce1.0v,fs,hbt_typ,-40,1,1.0,0.93,1.066570e-03,9.258420,4.49466E+11,4.880110,6.676380
nx1_fs_-40c_vce1.0v,fs,hbt_typ,-40,1,1.0,0.95,1.514380e-03,13.145660,4.72328E+11,5.912300,6.337460
nx1_fs_-40c_vce1.0v,fs,hbt_typ,-40,1,1.0,0.97,2.017940e-03,17.516840,4.83237E+11,6.639230,6.098600
nx1_fs_-40c_vce1.0v,fs,hbt_typ,-40,1,1.0,0.99,2.567460e-03,22.286979,4.82612E+11,7.182040,5.918280
nx1_fs_-40c_vce1.0v,fs,hbt_typ,-40,1,1.0,1.01,3.156150e-03,27.397135,4.7159E+11,7.607450,5.777070
nx1_fs_-40c_vce1.0v,fs,hbt_typ,-40,1,1.0,1.03,3.779370e-03,32.807031,4.52633E+11,7.953740,5.664800
nx1_fs_-40c_vce1.0v,fs,hbt_typ,-40,1,1.0,1.05,4.433790e-03,38.487760,4.21224E+11,8.243960,5.575710
nx1_fs_-40c_vce1.2v,fs,hbt_typ,-40,1,1.2,0.55,3.873940e-11,0.000000,,-51.648400,56.571900
nx1_fs_-40c_vce1.2v,fs,hbt_typ,-40,1,1.2,0.57,1.025110e-10,0.000001,,-51.638100,56.561600
nx1_fs_-40c_vce1.2v,fs,hbt_typ,-40,1,1.2,0.59,2.731200e-10,0.000002,,-51.627700,56.551200
nx1_fs_-40c_vce1.2v,fs,hbt_typ,-40,1,1.2,0.61,7.294920e-10,0.000006,,-51.617000,56.540500
nx1_fs_-40c_vce1.2v,fs,hbt_typ,-40,1,1.2,0.63,1.950200e-09,0.000017,3.77712E+06,-51.606100,56.529600
nx1_fs_-40c_vce1.2v,fs,hbt_typ,-40,1,1.2,0.65,5.215250e-09,0.000045,1.00326E+07,-51.594600,56.518100
nx1_fs_-40c_vce1.2v,fs,hbt_typ,-40,1,1.2,0.67,1.394820e-08,0.000121,2.67282E+07,-51.580300,56.503800
nx1_fs_-40c_vce1.2v,fs,hbt_typ,-40,1,1.2,0.69,3.730490e-08,0.000324,7.09795E+07,-51.549200,56.472900
nx1_fs_-40c_vce1.2v,fs,hbt_typ,-40,1,1.2,0.71,9.976940e-08,0.000866,1.88759E+08,-51.407000,56.331000
nx1_fs_-40c_vce1.2v,fs,hbt_typ,-40,1,1.2,0.73,2.667950e-07,0.002316,5.00893E+08,-50.579300,55.504200
nx1_fs_-40c_vce1.2v,fs,hbt_typ,-40,1,1.2,0.75,7.132100e-07,0.006191,1.32718E+09,-47.127600,52.055000
nx1_fs_-40c_vce1.2v,fs,hbt_typ,-40,1,1.2,0.77,1.904930e-06,0.016536,3.50748E+09,-40.251200,45.185300
nx1_fs_-40c_vce1.2v,fs,hbt_typ,-40,1,1.2,0.79,5.075730e-06,0.044060,9.17643E+09,-32.087800,37.041300
nx1_fs_-40c_vce1.2v,fs,hbt_typ,-40,1,1.2,0.81,1.343650e-05,0.116636,2.35823E+10,-23.820300,28.833900
nx1_fs_-40c_vce1.2v,fs,hbt_typ,-40,1,1.2,0.83,3.496190e-05,0.303489,5.77791E+10,-15.877800,21.094400
nx1_fs_-40c_vce1.2v,fs,hbt_typ,-40,1,1.2,0.85,8.725960e-05,0.757462,1.27142E+11,-8.739070,14.605500
nx1_fs_-40c_vce1.2v,fs,hbt_typ,-40,1,1.2,0.87,2.002060e-04,1.737899,2.31128E+11,-3.026670,10.330900
nx1_fs_-40c_vce1.2v,fs,hbt_typ,-40,1,1.2,0.89,4.043830e-04,3.510269,3.35613E+11,0.930343,8.184390
nx1_fs_-40c_vce1.2v,fs,hbt_typ,-40,1,1.2,0.91,7.103200e-04,6.165972,4.11171E+11,3.419990,7.179720
nx1_fs_-40c_vce1.2v,fs,hbt_typ,-40,1,1.2,0.93,1.107870e-03,9.616927,4.5617E+11,4.978530,6.643140
nx1_fs_-40c_vce1.2v,fs,hbt_typ,-40,1,1.2,0.95,1.580550e-03,13.720052,4.79411E+11,6.007630,6.305120
nx1_fs_-40c_vce1.2v,fs,hbt_typ,-40,1,1.2,0.97,2.114630e-03,18.356163,4.89354E+11,6.734850,6.066120
nx1_fs_-40c_vce1.2v,fs,hbt_typ,-40,1,1.2,0.99,2.700070e-03,23.438108,4.87539E+11,7.281360,5.885740
nx1_fs_-40c_vce1.2v,fs,hbt_typ,-40,1,1.2,1.01,3.330530e-03,28.910851,4.74778E+11,7.712740,5.745470
nx1_fs_-40c_vce1.2v,fs,hbt_typ,-40,1,1.2,1.03,4.001040e-03,34.731250,4.53552E+11,8.066530,5.635740
nx1_fs_-40c_vce1.2v,fs,hbt_typ,-40,1,1.2,1.05,4.708550e-03,40.872830,4.21047E+11,8.365160,5.551360
nx1_fs_-40c_vce1.4v,fs,hbt_typ,-40,1,1.4,0.55,3.899820e-11,0.000000,,-51.743300,56.666800
nx1_fs_-40c_vce1.4v,fs,hbt_typ,-40,1,1.4,0.57,1.028620e-10,0.000001,,-51.734400,56.657900
nx1_fs_-40c_vce1.4v,fs,hbt_typ,-40,1,1.4,0.59,2.737080e-10,0.000002,,-51.725300,56.648800
nx1_fs_-40c_vce1.4v,fs,hbt_typ,-40,1,1.4,0.61,7.306890e-10,0.000006,,-51.716200,56.639700
nx1_fs_-40c_vce1.4v,fs,hbt_typ,-40,1,1.4,0.63,1.952970e-09,0.000017,3.79426E+06,-51.706700,56.630300
nx1_fs_-40c_vce1.4v,fs,hbt_typ,-40,1,1.4,0.65,5.222080e-09,0.000045,1.00752E+07,-51.696700,56.620300
nx1_fs_-40c_vce1.4v,fs,hbt_typ,-40,1,1.4,0.67,1.396550e-08,0.000121,2.68511E+07,-51.684000,56.607500
nx1_fs_-40c_vce1.4v,fs,hbt_typ,-40,1,1.4,0.69,3.734960e-08,0.000324,7.12856E+07,-51.654000,56.577700
nx1_fs_-40c_vce1.4v,fs,hbt_typ,-40,1,1.4,0.71,9.988610e-08,0.000867,1.89644E+08,-51.510100,56.434100
nx1_fs_-40c_vce1.4v,fs,hbt_typ,-40,1,1.4,0.73,2.671050e-07,0.002319,5.0311E+08,-50.664400,55.589300
nx1_fs_-40c_vce1.4v,fs,hbt_typ,-40,1,1.4,0.75,7.140640e-07,0.006198,1.3337E+09,-47.161200,52.088600
nx1_fs_-40c_vce1.4v,fs,hbt_typ,-40,1,1.4,0.77,1.907470e-06,0.016558,3.5243E+09,-40.249300,45.183400
nx1_fs_-40c_vce1.4v,fs,hbt_typ,-40,1,1.4,0.79,5.084460e-06,0.044136,9.22192E+09,-32.075100,37.028700
nx1_fs_-40c_vce1.4v,fs,hbt_typ,-40,1,1.4,0.81,1.347250e-05,0.116949,2.37382E+10,-23.799200,28.813100
nx1_fs_-40c_vce1.4v,fs,hbt_typ,-40,1,1.4,0.83,3.513380e-05,0.304981,5.82232E+10,-15.840900,21.059300
nx1_fs_-40c_vce1.4v,fs,hbt_typ,-40,1,1.4,0.85,8.808630e-05,0.764638,1.2854E+11,-8.675680,14.552400
nx1_fs_-40c_vce1.4v,fs,hbt_typ,-40,1,1.4,0.87,2.035970e-04,1.767335,2.34302E+11,-2.934020,10.273000
nx1_fs_-40c_vce1.4v,fs,hbt_typ,-40,1,1.4,0.89,4.148550e-04,3.601172,3.41378E+11,1.037970,8.136770
nx1_fs_-40c_vce1.4v,fs,hbt_typ,-40,1,1.4,0.91,7.345960e-04,6.376701,4.16881E+11,3.526940,7.141360
nx1_fs_-40c_vce1.4v,fs,hbt_typ,-40,1,1.4,0.93,1.153120e-03,10.009722,4.61839E+11,5.080170,6.608820
nx1_fs_-40c_vce1.4v,fs,hbt_typ,-40,1,1.4,0.95,1.653940e-03,14.357118,4.84995E+11,6.107120,6.271550
nx1_fs_-40c_vce1.4v,fs,hbt_typ,-40,1,1.4,0.97,2.223060e-03,19.297396,4.9358E+11,6.836000,6.032490
nx1_fs_-40c_vce1.4v,fs,hbt_typ,-40,1,1.4,0.99,2.850410e-03,24.743142,4.89834E+11,7.387260,5.852680
nx1_fs_-40c_vce1.4v,fs,hbt_typ,-40,1,1.4,1.01,3.529610e-03,30.638976,4.74082E+11,7.825480,5.714580
nx1_fs_-40c_vce1.4v,fs,hbt_typ,-40,1,1.4,1.03,4.256330e-03,36.947309,4.49187E+11,8.187260,5.609460
nx1_fs_-40c_vce1.4v,fs,hbt_typ,-40,1,1.4,1.05,5.027610e-03,43.642448,4.12937E+11,8.494280,5.532920
nx1_fs_27c_vce0.8v,fs,hbt_typ,27,1,0.8,0.55,1.280650e-08,0.000111,1.90064E+07,-51.290400,57.311000
nx1_fs_27c_vce0.8v,fs,hbt_typ,27,1,0.8,0.57,2.726490e-08,0.000237,4.01916E+07,-51.267200,57.287800
nx1_fs_27c_vce0.8v,fs,hbt_typ,27,1,0.8,0.59,5.804580e-08,0.000504,8.52621E+07,-51.225800,57.246600
nx1_fs_27c_vce0.8v,fs,hbt_typ,27,1,0.8,0.61,1.235710e-07,0.001073,1.80191E+08,-51.107600,57.128600
nx1_fs_27c_vce0.8v,fs,hbt_typ,27,1,0.8,0.63,2.630440e-07,0.002283,3.81758E+08,-50.673100,56.694700
nx1_fs_27c_vce0.8v,fs,hbt_typ,27,1,0.8,0.65,5.598370e-07,0.004860,8.0581E+08,-49.170000,55.192900
nx1_fs_27c_vce0.8v,fs,hbt_typ,27,1,0.8,0.67,1.191070e-06,0.010339,1.70197E+09,-45.542400,51.567900
nx1_fs_27c_vce0.8v,fs,hbt_typ,27,1,0.8,0.69,2.532060e-06,0.021980,3.57854E+09,-40.056700,46.088200
nx1_fs_27c_vce0.8v,fs,hbt_typ,27,1,0.8,0.71,5.373980e-06,0.046649,7.48058E+09,-33.832800,39.877500
nx1_fs_27c_vce0.8v,fs,hbt_typ,27,1,0.8,0.73,1.136570e-05,0.098661,1.54798E+10,-27.469900,33.545000
nx1_fs_27c_vce0.8v,fs,hbt_typ,27,1,0.8,0.75,2.386210e-05,0.207136,3.12889E+10,-21.201900,27.351300
nx1_fs_27c_vce0.8v,fs,hbt_typ,27,1,0.8,0.77,4.935850e-05,0.428459,6.05984E+10,-15.205700,21.542500
nx1_fs_27c_vce0.8v,fs,hbt_typ,27,1,0.8,0.79,9.925710e-05,0.861607,1.09073E+11,-9.715450,16.502600
nx1_fs_27c_vce0.8v,fs,hbt_typ,27,1,0.8,0.81,1.902890e-04,1.651814,1.75603E+11,-5.012980,12.686600
nx1_fs_27c_vce0.8v,fs,hbt_typ,27,1,0.8,0.83,3.406490e-04,2.957023,2.47538E+11,-1.302040,10.241900
nx1_fs_27c_vce0.8v,fs,hbt_typ,27,1,0.8,0.85,5.624460e-04,4.882344,3.09282E+11,1.424740,8.835550
nx1_fs_27c_vce0.8v,fs,hbt_typ,27,1,0.8,0.87,8.574340e-04,7.443003,3.54198E+11,3.357130,8.022930
nx1_fs_27c_vce0.8v,fs,hbt_typ,27,1,0.8,0.89,1.219590e-03,10.586719,3.82843E+11,4.728290,7.516050
nx1_fs_27c_vce0.8v,fs,hbt_typ,27,1,0.8,0.91,1.640080e-03,14.236806,3.9975E+11,5.724760,7.171260
nx1_fs_27c_vce0.8v,fs,hbt_typ,27,1,0.8,0.93,2.110220e-03,18.317882,4.05828E+11,6.472270,6.920590
nx1_fs_27c_vce0.8v,fs,hbt_typ,27,1,0.8,0.95,2.622690e-03,22.766406,4.01895E+11,7.050770,6.730500
nx1_fs_27c_vce0.8v,fs,hbt_typ,27,1,0.8,0.97,3.171750e-03,27.532552,3.88869E+11,7.510780,6.583200
nx1_fs_27c_vce0.8v,fs,hbt_typ,27,1,0.8,0.99,3.752700e-03,32.575521,3.67257E+11,7.881470,6.469010
nx1_fs_27c_vce0.8v,fs,hbt_typ,27,1,0.8,1.01,4.360310e-03,37.849913,3.25212E+11,8.110930,6.393410
nx1_fs_27c_vce0.8v,fs,hbt_typ,27,1,0.8,1.03,4.966730e-03,43.113976,1.72543E+11,7.312930,6.504100
nx1_fs_27c_vce0.8v,fs,hbt_typ,27,1,0.8,1.05,5.484390e-03,47.607552,6.15812E+10,5.141280,6.941610
nx1_fs_27c_vce1.0v,fs,hbt_typ,27,1,1.0,0.55,1.281890e-08,0.000111,1.91219E+07,-51.444900,57.465500
nx1_fs_27c_vce1.0v,fs,hbt_typ,27,1,1.0,0.57,2.729090e-08,0.000237,4.04232E+07,-51.425200,57.445800
nx1_fs_27c_vce1.0v,fs,hbt_typ,27,1,1.0,0.59,5.810060e-08,0.000504,8.57998E+07,-51.386700,57.407500
nx1_fs_27c_vce1.0v,fs,hbt_typ,27,1,1.0,0.61,1.236880e-07,0.001074,1.81272E+08,-51.268500,57.289600
nx1_fs_27c_vce1.0v,fs,hbt_typ,27,1,1.0,0.63,2.632950e-07,0.002286,3.84281E+08,-50.822200,56.843800
nx1_fs_27c_vce1.0v,fs,hbt_typ,27,1,1.0,0.65,5.603880e-07,0.004864,8.10906E+08,-49.275800,55.298700
nx1_fs_27c_vce1.0v,fs,hbt_typ,27,1,1.0,0.67,1.192320e-06,0.010350,1.71398E+09,-45.584400,51.610000
nx1_fs_27c_vce1.0v,fs,hbt_typ,27,1,1.0,0.69,2.535070e-06,0.022006,3.60317E+09,-40.061600,46.093100
nx1_fs_27c_vce1.0v,fs,hbt_typ,27,1,1.0,0.71,5.381890e-06,0.046718,7.54052E+09,-33.824400,39.869000
nx1_fs_27c_vce1.0v,fs,hbt_typ,27,1,1.0,0.73,1.138880e-05,0.098861,1.56091E+10,-27.454400,33.529600
nx1_fs_27c_vce1.0v,fs,hbt_typ,27,1,1.0,0.75,2.393600e-05,0.207778,3.15823E+10,-21.177900,27.327700
nx1_fs_27c_vce1.0v,fs,hbt_typ,27,1,1.0,0.77,4.960830e-05,0.430628,6.13101E+10,-15.168200,21.507100
nx1_fs_27c_vce1.0v,fs,hbt_typ,27,1,1.0,0.79,1.000880e-04,0.868819,1.10634E+11,-9.658490,16.453200
nx1_fs_27c_vce1.0v,fs,hbt_typ,27,1,1.0,0.81,1.928140e-04,1.673733,1.78590E+11,-4.933860,12.629300
nx1_fs_27c_vce1.0v,fs,hbt_typ,27,1,1.0,0.83,3.472310e-04,3.014158,2.52361E+11,-1.205690,10.187800
nx1_fs_27c_vce1.0v,fs,hbt_typ,27,1,1.0,0.85,5.768290e-04,5.007196,3.15778E+11,1.528360,8.790110
nx1_fs_27c_vce1.0v,fs,hbt_typ,27,1,1.0,0.87,8.842000e-04,7.675347,3.61574E+11,3.459870,7.984960
nx1_fs_27c_vce1.0v,fs,hbt_typ,27,1,1.0,0.89,1.263460e-03,10.967535,3.91489E+11,4.826630,7.483020
nx1_fs_27c_vce1.0v,fs,hbt_typ,27,1,1.0,0.91,1.705520e-03,14.804861,4.08538E+11,5.818520,7.141500
nx1_fs_27c_vce1.0v,fs,hbt_typ,27,1,1.0,0.93,2.201430e-03,19.109635,4.15373E+11,6.562780,6.893520
nx1_fs_27c_vce1.0v,fs,hbt_typ,27,1,1.0,0.95,2.743730e-03,23.817101,4.13774E+11,7.139650,6.706410
nx1_fs_27c_vce1.0v,fs,hbt_typ,27,1,1.0,0.97,3.326470e-03,28.875608,4.03389E+11,7.599530,6.562980
nx1_fs_27c_vce1.0v,fs,hbt_typ,27,1,1.0,0.99,3.944880e-03,34.243750,3.8147E+11,7.974640,6.453520
nx1_fs_27c_vce1.0v,fs,hbt_typ,27,1,1.0,1.01,4.595240e-03,39.889236,3.52621E+11,8.285920,6.372260
nx1_fs_27c_vce1.0v,fs,hbt_typ,27,1,1.0,1.03,5.274260e-03,45.783507,3.15846E+11,8.535550,6.317490
nx1_fs_27c_vce1.0v,fs,hbt_typ,27,1,1.0,1.05,5.972270e-03,51.842622,2.31447E+11,8.455210,6.328230
nx1_fs_27c_vce1.2v,fs,hbt_typ,27,1,1.2,0.55,1.283370e-08,0.000111,1.92212E+07,-51.570300,57.590900
nx1_fs_27c_vce1.2v,fs,hbt_typ,27,1,1.2,0.57,2.732140e-08,0.000237,4.06517E+07,-51.552800,57.573500
nx1_fs_27c_vce1.2v,fs,hbt_typ,27,1,1.2,0.59,5.816360e-08,0.000505,8.62547E+07,-51.516100,57.536900
nx1_fs_27c_vce1.2v,fs,hbt_typ,27,1,1.2,0.61,1.238200e-07,0.001075,1.8225E+08,-51.397200,57.418300
nx1_fs_27c_vce1.2v,fs,hbt_typ,27,1,1.2,0.63,2.635720e-07,0.002288,3.86378E+08,-50.940100,56.961800
nx1_fs_27c_vce1.2v,fs,hbt_typ,27,1,1.2,0.65,5.609860e-07,0.004870,8.15115E+08,-49.357600,55.380500
nx1_fs_27c_vce1.2v,fs,hbt_typ,27,1,1.2,0.67,1.193650e-06,0.010362,1.72382E+09,-45.614700,51.640300
nx1_fs_27c_vce1.2v,fs,hbt_typ,27,1,1.2,0.69,2.538230e-06,0.022033,3.62329E+09,-40.062800,46.094300
nx1_fs_27c_vce1.2v,fs,hbt_typ,27,1,1.2,0.71,5.390040e-06,0.046789,7.58942E+09,-33.814700,39.859500
nx1_fs_27c_vce1.2v,fs,hbt_typ,27,1,1.2,0.73,1.141230e-05,0.099065,1.57151E+10,-27.438400,33.513800
nx1_fs_27c_vce1.2v,fs,hbt_typ,27,1,1.2,0.75,2.401110e-05,0.208430,3.18259E+10,-21.153600,27.303900
nx1_fs_27c_vce1.2v,fs,hbt_typ,27,1,1.2,0.77,4.986230e-05,0.432832,6.19109E+10,-15.130400,21.471200
nx1_fs_27c_vce1.2v,fs,hbt_typ,27,1,1.2,0.79,1.009390e-04,0.876207,1.11972E+11,-9.600770,16.403200
nx1_fs_27c_vce1.2v,fs,hbt_typ,27,1,1.2,0.81,1.954280e-04,1.696424,1.81164E+11,-4.853290,12.571200
nx1_fs_27c_vce1.2v,fs,hbt_typ,27,1,1.2,0.83,3.541440e-04,3.074167,2.56468E+11,-1.107150,10.133000
nx1_fs_27c_vce1.2v,fs,hbt_typ,27,1,1.2,0.85,5.921470e-04,5.140165,3.21156E+11,1.634740,8.743850
nx1_fs_27c_vce1.2v,fs,hbt_typ,27,1,1.2,0.87,9.130630e-04,7.925894,3.67421E+11,3.565770,7.946110
nx1_fs_27c_vce1.2v,fs,hbt_typ,27,1,1.2,0.89,1.311240e-03,11.382292,3.97917E+11,4.928560,7.449030
nx1_fs_27c_vce1.2v,fs,hbt_typ,27,1,1.2,0.91,1.777450e-03,15.429253,4.14467E+11,5.916240,7.110900
nx1_fs_27c_vce1.2v,fs,hbt_typ,27,1,1.2,0.93,2.302400e-03,19.986111,4.20923E+11,6.657520,6.866010
nx1_fs_27c_vce1.2v,fs,hbt_typ,27,1,1.2,0.95,2.878570e-03,24.987587,4.18657E+11,7.232830,6.682670
nx1_fs_27c_vce1.2v,fs,hbt_typ,27,1,1.2,0.97,3.499810e-03,30.380295,4.07823E+11,7.692330,6.544420
nx1_fs_27c_vce1.2v,fs,hbt_typ,27,1,1.2,0.99,4.161370e-03,36.123003,3.87059E+11,8.067890,6.442190
nx1_fs_27c_vce1.2v,fs,hbt_typ,27,1,1.2,1.01,4.859380e-03,42.182118,3.56557E+11,8.380160,6.370800
nx1_fs_27c_vce1.2v,fs,hbt_typ,27,1,1.2,1.03,5.590700e-03,48.530382,3.17929E+11,8.642730,6.327350
nx1_fs_27c_vce1.2v,fs,hbt_typ,27,1,1.2,1.05,6.352580e-03,55.143924,2.76742E+11,8.859320,6.311130
nx1_fs_27c_vce1.4v,fs,hbt_typ,27,1,1.4,0.55,1.285570e-08,0.000112,1.9317E+07,-51.675800,57.696400
nx1_fs_27c_vce1.4v,fs,hbt_typ,27,1,1.4,0.57,2.736590e-08,0.000238,4.08702E+07,-51.659800,57.680500
nx1_fs_27c_vce1.4v,fs,hbt_typ,27,1,1.4,0.59,5.825390e-08,0.000506,8.66818E+07,-51.624200,57.645000
nx1_fs_27c_vce1.4v,fs,hbt_typ,27,1,1.4,0.61,1.240040e-07,0.001076,1.83229E+08,-51.504200,57.525200
nx1_fs_27c_vce1.4v,fs,hbt_typ,27,1,1.4,0.63,2.639520e-07,0.002291,3.88302E+08,-51.037100,57.058800
nx1_fs_27c_vce1.4v,fs,hbt_typ,27,1,1.4,0.65,5.617780e-07,0.004877,8.19262E+08,-49.422700,55.445600
nx1_fs_27c_vce1.4v,fs,hbt_typ,27,1,1.4,0.67,1.195360e-06,0.010376,1.73268E+09,-45.636000,51.661600
nx1_fs_27c_vce1.4v,fs,hbt_typ,27,1,1.4,0.69,2.542090e-06,0.022067,3.64126E+09,-40.059800,46.091300
nx1_fs_27c_vce1.4v,fs,hbt_typ,27,1,1.4,0.71,5.399560e-06,0.046871,7.63282E+09,-33.802700,39.847500
nx1_fs_27c_vce1.4v,fs,hbt_typ,27,1,1.4,0.73,1.143840e-05,0.099292,1.58093E+10,-27.420600,33.496100
nx1_fs_27c_vce1.4v,fs,hbt_typ,27,1,1.4,0.75,2.409160e-05,0.209128,3.20438E+10,-21.127600,27.278400
nx1_fs_27c_vce1.4v,fs,hbt_typ,27,1,1.4,0.77,5.012910e-05,0.435148,6.24535E+10,-15.090700,21.433500
nx1_fs_27c_vce1.4v,fs,hbt_typ,27,1,1.4,0.79,1.018280e-04,0.883924,1.13192E+11,-9.540780,16.351200
nx1_fs_27c_vce1.4v,fs,hbt_typ,27,1,1.4,0.81,1.981720e-04,1.720243,1.83517E+11,-4.769860,12.511100
nx1_fs_27c_vce1.4v,fs,hbt_typ,27,1,1.4,0.83,3.614760e-04,3.137813,2.60186E+11,-1.005290,10.076600
nx1_fs_27c_vce1.4v,fs,hbt_typ,27,1,1.4,0.85,6.085900e-04,5.282899,3.25922E+11,1.744050,8.696570
nx1_fs_27c_vce1.4v,fs,hbt_typ,27,1,1.4,0.87,9.443350e-04,8.197352,3.72429E+11,3.674260,7.906460
nx1_fs_27c_vce1.4v,fs,hbt_typ,27,1,1.4,0.89,1.363510e-03,11.836024,4.03153E+11,5.033230,7.414300
nx1_fs_27c_vce1.4v,fs,hbt_typ,27,1,1.4,0.91,1.856810e-03,16.118142,4.18946E+11,6.017430,7.079640
nx1_fs_27c_vce1.4v,fs,hbt_typ,27,1,1.4,0.93,2.414740e-03,20.961285,4.25146E+11,6.756680,6.838230
nx1_fs_27c_vce1.4v,fs,hbt_typ,27,1,1.4,0.95,3.029860e-03,26.300868,4.20881E+11,7.331010,6.659610
nx1_fs_27c_vce1.4v,fs,hbt_typ,27,1,1.4,0.97,3.695820e-03,32.081771,4.07818E+11,7.790190,6.528250
nx1_fs_27c_vce1.4v,fs,hbt_typ,27,1,1.4,0.99,4.407780e-03,38.261979,3.84179E+11,8.165650,6.435870
nx1_fs_27c_vce1.4v,fs,hbt_typ,27,1,1.4,1.01,5.161820e-03,44.807465,3.52227E+11,8.477570,6.378110
nx1_fs_27c_vce1.4v,fs,hbt_typ,27,1,1.4,1.03,5.954660e-03,51.689757,3.12483E+11,8.739060,6.352920
nx1_fs_27c_vce1.4v,fs,hbt_typ,27,1,1.4,1.05,6.783410e-03,58.883767,2.67286E+11,8.958380,6.359720
nx1_fs_125c_vce0.8v,fs,hbt_typ,125,1,0.8,0.55,2.182060e-06,0.018941,2.32758E+09,-43.453300,50.708000
nx1_fs_125c_vce0.8v,fs,hbt_typ,125,1,0.8,0.57,3.816500e-06,0.033129,4.03417E+09,-39.155600,46.415700
nx1_fs_125c_vce0.8v,fs,hbt_typ,125,1,0.8,0.59,6.668430e-06,0.057886,6.96284E+09,-34.532900,41.802800
nx1_fs_125c_vce0.8v,fs,hbt_typ,125,1,0.8,0.61,1.163090e-05,0.100963,1.19146E+10,-29.817700,37.105800
nx1_fs_125c_vce0.8v,fs,hbt_typ,125,1,0.8,0.63,2.022400e-05,0.175556,2.01872E+10,-25.119300,32.441800
nx1_fs_125c_vce0.8v,fs,hbt_typ,125,1,0.8,0.65,3.498160e-05,0.303660,3.35499E+10,-20.508400,27.897700
nx1_fs_125c_vce0.8v,fs,hbt_typ,125,1,0.8,0.67,5.997790e-05,0.520641,5.42747E+10,-16.059300,23.580300
nx1_fs_125c_vce0.8v,fs,hbt_typ,125,1,0.8,0.69,1.013900e-04,0.880122,8.39811E+10,-11.866300,19.641200
nx1_fs_125c_vce0.8v,fs,hbt_typ,125,1,0.8,0.71,1.677500e-04,1.456163,1.23117E+11,-8.041760,16.269000
nx1_fs_125c_vce0.8v,fs,hbt_typ,125,1,0.8,0.73,2.693220e-04,2.337865,1.678E+11,-4.692800,13.618400
nx1_fs_125c_vce0.8v,fs,hbt_typ,125,1,0.8,0.75,4.162590e-04,3.613359,2.13082E+11,-1.884390,11.709200
nx1_fs_125c_vce0.8v,fs,hbt_typ,125,1,0.8,0.77,6.162120e-04,5.349062,2.53365E+11,0.385886,10.411700
nx1_fs_125c_vce0.8v,fs,hbt_typ,125,1,0.8,0.79,8.728290e-04,7.576641,2.85076E+11,2.179550,9.540710
nx1_fs_125c_vce0.8v,fs,hbt_typ,125,1,0.8,0.81,1.185890e-03,10.294184,3.07852E+11,3.585750,8.941600
nx1_fs_125c_vce0.8v,fs,hbt_typ,125,1,0.8,0.83,1.552530e-03,13.476823,3.22055E+11,4.692350,8.513030
nx1_fs_125c_vce0.8v,fs,hbt_typ,125,1,0.8,0.85,1.968530e-03,17.087934,3.26277E+11,5.571890,8.194990
nx1_fs_125c_vce0.8v,fs,hbt_typ,125,1,0.8,0.87,2.429260e-03,21.087326,3.21735E+11,6.279530,7.952750
nx1_fs_125c_vce0.8v,fs,hbt_typ,125,1,0.8,0.89,2.930180e-03,25.435590,3.0835E+11,6.854730,7.766030
nx1_fs_125c_vce0.8v,fs,hbt_typ,125,1,0.8,0.91,3.466880e-03,30.094444,2.88264E+11,7.316870,7.624120
nx1_fs_125c_vce0.8v,fs,hbt_typ,125,1,0.8,0.93,4.033180e-03,35.010243,2.56067E+11,7.600910,7.533660
nx1_fs_125c_vce0.8v,fs,hbt_typ,125,1,0.8,0.95,4.608180e-03,40.001562,1.8401E+11,7.232520,7.574220
nx1_fs_125c_vce0.8v,fs,hbt_typ,125,1,0.8,0.97,5.141160e-03,44.628125,1.02434E+11,5.972840,7.810030
nx1_fs_125c_vce0.8v,fs,hbt_typ,125,1,0.8,0.99,5.621370e-03,48.796615,6.20068E+10,5.008600,8.021270
nx1_fs_125c_vce0.8v,fs,hbt_typ,125,1,0.8,1.01,6.079400e-03,52.772569,4.258E+10,4.556360,8.136930
nx1_fs_125c_vce0.8v,fs,hbt_typ,125,1,0.8,1.03,6.534350e-03,56.721788,3.10883E+10,4.252560,8.244940
nx1_fs_125c_vce0.8v,fs,hbt_typ,125,1,0.8,1.05,6.986560e-03,60.647222,2.24039E+10,3.653690,8.476930
nx1_fs_125c_vce1.0v,fs,hbt_typ,125,1,1.0,0.55,2.184480e-06,0.018963,2.34716E+09,-43.480600,50.735200
nx1_fs_125c_vce1.0v,fs,hbt_typ,125,1,1.0,0.57,3.821200e-06,0.033170,4.06558E+09,-39.159500,46.419600
nx1_fs_125c_vce1.0v,fs,hbt_typ,125,1,1.0,0.59,6.678030e-06,0.057969,7.02224E+09,-34.526100,41.796100
nx1_fs_125c_vce1.0v,fs,hbt_typ,125,1,1.0,0.61,1.165170e-05,0.101143,1.2029E+10,-29.804900,37.093100
nx1_fs_125c_vce1.0v,fs,hbt_typ,125,1,1.0,0.63,2.027200e-05,0.175972,2.03802E+10,-25.101000,32.423700
nx1_fs_125c_vce1.0v,fs,hbt_typ,125,1,1.0,0.65,3.509730e-05,0.304664,3.39419E+10,-20.483000,27.872900
nx1_fs_125c_vce1.0v,fs,hbt_typ,125,1,1.0,0.67,6.026390e-05,0.523124,5.49774E+10,-16.023800,23.546400
nx1_fs_125c_vce1.0v,fs,hbt_typ,125,1,1.0,0.69,1.020940e-04,0.886233,8.52894E+10,-11.817400,19.596700
nx1_fs_125c_vce1.0v,fs,hbt_typ,125,1,1.0,0.71,1.694280e-04,1.470729,1.2523E+11,-7.976690,16.214900
nx1_fs_125c_vce1.0v,fs,hbt_typ,125,1,1.0,0.73,2.730700e-04,2.370399,1.71294E+11,-4.611280,13.559700
nx1_fs_125c_vce1.0v,fs,hbt_typ,125,1,1.0,0.75,4.239450e-04,3.680078,2.17975E+11,-1.789340,11.652100
nx1_fs_125c_vce1.0v,fs,hbt_typ,125,1,1.0,0.77,6.305430e-04,5.473464,2.59159E+11,0.489308,10.360300
nx1_fs_125c_vce1.0v,fs,hbt_typ,125,1,1.0,0.79,8.971890e-04,7.788099,2.92118E+11,2.286060,9.495990
nx1_fs_125c_vce1.0v,fs,hbt_typ,125,1,1.0,0.81,1.224050e-03,10.625434,3.16781E+11,3.691410,8.902970
nx1_fs_125c_vce1.0v,fs,hbt_typ,125,1,1.0,0.83,1.608360e-03,13.961458,3.32279E+11,4.794870,8.479760
nx1_fs_125c_vce1.0v,fs,hbt_typ,125,1,1.0,0.85,2.045840e-03,17.759028,3.41583E+11,5.670350,8.166810
nx1_fs_125c_vce1.0v,fs,hbt_typ,125,1,1.0,0.87,2.531720e-03,21.976736,3.43086E+11,6.373770,7.930020
nx1_fs_125c_vce1.0v,fs,hbt_typ,125,1,1.0,0.89,3.061280e-03,26.573611,3.34094E+11,6.945670,7.749530
nx1_fs_125c_vce1.0v,fs,hbt_typ,125,1,1.0,0.91,3.630140e-03,31.511632,3.15705E+11,7.415250,7.613340
nx1_fs_125c_vce1.0v,fs,hbt_typ,125,1,1.0,0.93,4.234260e-03,36.755729,2.89284E+11,7.802610,7.514140
nx1_fs_125c_vce1.0v,fs,hbt_typ,125,1,1.0,0.95,4.869580e-03,42.270660,2.54404E+11,8.106050,7.449810
nx1_fs_125c_vce1.0v,fs,hbt_typ,125,1,1.0,0.97,5.527430e-03,47.981163,2.04906E+11,8.169240,7.443110
nx1_fs_125c_vce1.0v,fs,hbt_typ,125,1,1.0,0.99,6.171100e-03,53.568576,1.26824E+11,7.384960,7.593070
nx1_fs_125c_vce1.0v,fs,hbt_typ,125,1,1.0,1.01,6.753440e-03,58.623611,7.2955E+10,6.228970,7.839200
nx1_fs_125c_vce1.0v,fs,hbt_typ,125,1,1.0,1.03,7.291630e-03,63.295399,4.8317E+10,5.526330,8.027250
nx1_fs_125c_vce1.0v,fs,hbt_typ,125,1,1.0,1.05,7.815240e-03,67.840625,3.54414E+10,5.152390,8.173400
nx1_fs_125c_vce1.2v,fs,hbt_typ,125,1,1.2,0.55,2.187440e-06,0.018988,2.36305E+09,-43.497400,50.752100
nx1_fs_125c_vce1.2v,fs,hbt_typ,125,1,1.2,0.57,3.826690e-06,0.033218,4.09088E+09,-39.158600,46.418700
nx1_fs_125c_vce1.2v,fs,hbt_typ,125,1,1.2,0.59,6.688810e-06,0.058063,7.06969E+09,-34.517000,41.787000
nx1_fs_125c_vce1.2v,fs,hbt_typ,125,1,1.2,0.61,1.167430e-05,0.101339,1.21201E+10,-29.790800,37.079100
nx1_fs_125c_vce1.2v,fs,hbt_typ,125,1,1.2,0.63,2.032260e-05,0.176411,2.05341E+10,-25.081800,32.404700
nx1_fs_125c_vce1.2v,fs,hbt_typ,125,1,1.2,0.65,3.521730e-05,0.305706,3.42553E+10,-20.456900,27.847300
nx1_fs_125c_vce1.2v,fs,hbt_typ,125,1,1.2,0.67,6.055800e-05,0.525677,5.55435E+10,-15.987800,23.511900
nx1_fs_125c_vce1.2v,fs,hbt_typ,125,1,1.2,0.69,1.028180e-04,0.892517,8.63499E+10,-11.767800,19.551500
nx1_fs_125c_vce1.2v,fs,hbt_typ,125,1,1.2,0.71,1.711570e-04,1.485738,1.26948E+11,-7.910650,16.160100
nx1_fs_125c_vce1.2v,fs,hbt_typ,125,1,1.2,0.73,2.769620e-04,2.404184,1.74112E+11,-4.528380,13.500100
nx1_fs_125c_vce1.2v,fs,hbt_typ,125,1,1.2,0.75,4.320040e-04,3.750035,2.21843E+11,-1.692440,11.594200
nx1_fs_125c_vce1.2v,fs,hbt_typ,125,1,1.2,0.77,6.457270e-04,5.605269,2.63587E+11,0.595046,10.308200
nx1_fs_125c_vce1.2v,fs,hbt_typ,125,1,1.2,0.79,9.232530e-04,8.014349,2.97237E+11,2.395340,9.450540
nx1_fs_125c_vce1.2v,fs,hbt_typ,125,1,1.2,0.81,1.265240e-03,10.982986,3.2272E+11,3.800220,8.863610
nx1_fs_125c_vce1.2v,fs,hbt_typ,125,1,1.2,0.83,1.669100e-03,14.488715,3.39101E+11,4.900710,8.445920
nx1_fs_125c_vce1.2v,fs,hbt_typ,125,1,1.2,0.85,2.130530e-03,18.494184,3.48807E+11,5.771870,8.138520
nx1_fs_125c_vce1.2v,fs,hbt_typ,125,1,1.2,0.87,2.644620e-03,22.956771,3.51010E+11,6.470330,7.907990
nx1_fs_125c_vce1.2v,fs,hbt_typ,125,1,1.2,0.89,3.206460e-03,27.833854,3.4558E+11,7.037160,7.735100
nx1_fs_125c_vce1.2v,fs,hbt_typ,125,1,1.2,0.91,3.811450e-03,33.085503,3.31241E+11,7.501740,7.608430
nx1_fs_125c_vce1.2v,fs,hbt_typ,125,1,1.2,0.93,4.455330e-03,38.674740,3.04279E+11,7.884550,7.521150
nx1_fs_125c_vce1.2v,fs,hbt_typ,125,1,1.2,0.95,5.134210e-03,44.567795,2.69022E+11,8.200590,7.468970
nx1_fs_125c_vce1.2v,fs,hbt_typ,125,1,1.2,0.97,5.844280e-03,50.731597,2.30318E+11,8.454300,7.450260
nx1_fs_125c_vce1.2v,fs,hbt_typ,125,1,1.2,0.99,6.579260e-03,57.111632,1.82777E+11,8.568450,7.475670
nx1_fs_125c_vce1.2v,fs,hbt_typ,125,1,1.2,1.01,7.310620e-03,63.460243,1.20335E+11,8.044770,7.617760
nx1_fs_125c_vce1.2v,fs,hbt_typ,125,1,1.2,1.03,7.981600e-03,69.284722,7.13707E+10,6.943240,7.877420
nx1_fs_125c_vce1.2v,fs,hbt_typ,125,1,1.2,1.05,8.596440e-03,74.621875,4.75187E+10,6.147670,8.116070
nx1_fs_125c_vce1.4v,fs,hbt_typ,125,1,1.4,0.55,2.192330e-06,0.019031,2.37819E+09,-43.503300,50.757900
nx1_fs_125c_vce1.4v,fs,hbt_typ,125,1,1.4,0.57,3.835260e-06,0.033292,4.11462E+09,-39.150000,46.410100
nx1_fs_125c_vce1.4v,fs,hbt_typ,125,1,1.4,0.59,6.704470e-06,0.058199,7.11352E+09,-34.501900,41.772000
nx1_fs_125c_vce1.4v,fs,hbt_typ,125,1,1.4,0.61,1.170470e-05,0.101603,1.22031E+10,-29.771700,37.060000
nx1_fs_125c_vce1.4v,fs,hbt_typ,125,1,1.4,0.63,2.038570e-05,0.176959,2.06733E+10,-25.058200,32.381300
nx1_fs_125c_vce1.4v,fs,hbt_typ,125,1,1.4,0.65,3.535750e-05,0.306923,3.45371E+10,-20.426600,27.817500
nx1_fs_125c_vce1.4v,fs,hbt_typ,125,1,1.4,0.67,6.088640e-05,0.528528,5.6052E+10,-15.947600,23.473400
nx1_fs_125c_vce1.4v,fs,hbt_typ,125,1,1.4,0.69,1.036030e-04,0.899332,8.73014E+10,-11.714100,19.502500
nx1_fs_125c_vce1.4v,fs,hbt_typ,125,1,1.4,0.71,1.730080e-04,1.501806,1.28487E+11,-7.840620,16.101700
nx1_fs_125c_vce1.4v,fs,hbt_typ,125,1,1.4,0.73,2.811110e-04,2.440200,1.76611E+11,-4.441800,13.437600
nx1_fs_125c_vce1.4v,fs,hbt_typ,125,1,1.4,0.75,4.406120e-04,3.824757,2.2522E+11,-1.592620,11.534500
nx1_fs_125c_vce1.4v,fs,hbt_typ,125,1,1.4,0.77,6.620180e-04,5.746684,2.67906E+11,0.702716,10.255100
nx1_fs_125c_vce1.4v,fs,hbt_typ,125,1,1.4,0.79,9.513860e-04,8.258559,3.02279E+11,2.505900,9.404650
nx1_fs_125c_vce1.4v,fs,hbt_typ,125,1,1.4,0.81,1.310000e-03,11.371528,3.27389E+11,3.910500,8.823950
nx1_fs_125c_vce1.4v,fs,hbt_typ,125,1,1.4,0.83,1.735580e-03,15.065799,3.44269E+11,5.008950,8.411810
nx1_fs_125c_vce1.4v,fs,hbt_typ,125,1,1.4,0.85,2.223890e-03,19.304601,3.53477E+11,5.876760,8.110250
nx1_fs_125c_vce1.4v,fs,hbt_typ,125,1,1.4,0.87,2.769910e-03,24.044358,3.55007E+11,6.570560,7.886820
nx1_fs_125c_vce1.4v,fs,hbt_typ,125,1,1.4,0.89,3.368530e-03,29.240712,3.48693E+11,7.131660,7.723050
nx1_fs_125c_vce1.4v,fs,hbt_typ,125,1,1.4,0.91,4.014870e-03,34.851302,3.33478E+11,7.589690,7.608220
nx1_fs_125c_vce1.4v,fs,hbt_typ,125,1,1.4,0.93,4.704420e-03,40.836979,3.11455E+11,7.965610,7.536100
nx1_fs_125c_vce1.4v,fs,hbt_typ,125,1,1.4,0.95,5.432900e-03,47.160590,2.7619E+11,8.273510,7.503240
nx1_fs_125c_vce1.4v,fs,hbt_typ,125,1,1.4,0.97,6.196190e-03,53.786372,2.30588E+11,8.522760,7.507810
nx1_fs_125c_vce1.4v,fs,hbt_typ,125,1,1.4,0.99,6.990050e-03,60.677517,1.85644E+11,8.715050,7.549640
nx1_fs_125c_vce1.4v,fs,hbt_typ,125,1,1.4,1.01,7.807150e-03,67.770399,1.3987E+11,8.768800,7.639770
nx1_fs_125c_vce1.4v,fs,hbt_typ,125,1,1.4,1.03,8.613940e-03,74.773785,9.01414E+10,8.196790,7.843320
nx1_fs_125c_vce1.4v,fs,hbt_typ,125,1,1.4,1.05,9.352150e-03,81.181858,5.68289E+10,7.156610,8.142690
nx8_typ_27c_vce1.0v,typ,hbt_typ,27,8,1.0,0.55,1.025480e-07,0.000111,1.98218E+07,-33.392900,39.410500
nx8_typ_27c_vce1.0v,typ,hbt_typ,27,8,1.0,0.57,2.183250e-07,0.000237,4.20268E+07,-33.373200,39.391300
nx8_typ_27c_vce1.0v,typ,hbt_typ,27,8,1.0,0.59,4.648070e-07,0.000504,8.89536E+07,-33.334800,39.353900
nx8_typ_27c_vce1.0v,typ,hbt_typ,27,8,1.0,0.61,9.895220e-07,0.001074,1.88429E+08,-33.216600,39.237900
nx8_typ_27c_vce1.0v,typ,hbt_typ,27,8,1.0,0.63,2.106440e-06,0.002286,3.9851E+08,-32.770200,38.796200
nx8_typ_27c_vce1.0v,typ,hbt_typ,27,8,1.0,0.65,4.483460e-06,0.004865,8.4259E+08,-31.223700,37.260000
nx8_typ_27c_vce1.0v,typ,hbt_typ,27,8,1.0,0.67,9.540100e-06,0.010352,1.77836E+09,-27.531800,33.590600
nx8_typ_27c_vce1.0v,typ,hbt_typ,27,8,1.0,0.69,2.028730e-05,0.022013,3.73993E+09,-22.008100,28.118200
nx8_typ_27c_vce1.0v,typ,hbt_typ,27,8,1.0,0.71,4.308360e-05,0.046749,7.83331E+09,-15.769000,22.001800
nx8_typ_27c_vce1.0v,typ,hbt_typ,27,8,1.0,0.73,9.123010e-05,0.098991,1.61944E+10,-9.395560,15.940900
nx8_typ_27c_vce1.0v,typ,hbt_typ,27,8,1.0,0.75,1.919820e-04,0.208314,3.2781E+10,-3.112870,10.469800
nx8_typ_27c_vce1.0v,typ,hbt_typ,27,8,1.0,0.77,3.988130e-04,0.432740,6.38674E+10,2.906570,6.308670
nx8_typ_27c_vce1.0v,typ,hbt_typ,27,8,1.0,0.79,8.078100e-04,0.876530,1.15595E+11,8.428170,3.900610
nx8_typ_27c_vce1.0v,typ,hbt_typ,27,8,1.0,0.81,1.565360e-03,1.698524,1.87490E+11,13.159500,2.802510
nx8_typ_27c_vce1.0v,typ,hbt_typ,27,8,1.0,0.83,2.839790e-03,3.081369,2.66813E+11,16.877900,2.330460
nx8_typ_27c_vce1.0v,typ,hbt_typ,27,8,1.0,0.85,4.753750e-03,5.158149,3.35161E+11,19.579500,2.108640
nx8_typ_27c_vce1.0v,typ,hbt_typ,27,8,1.0,0.87,7.337350e-03,7.961534,3.84899E+11,21.460000,1.991690
nx8_typ_27c_vce1.0v,typ,hbt_typ,27,8,1.0,0.89,1.054580e-02,11.442925,4.15418E+11,22.764400,1.929180
nx8_typ_27c_vce1.0v,typ,hbt_typ,27,8,1.0,0.91,1.430510e-02,15.522027,4.32472E+11,23.686300,1.904510
nx8_typ_27c_vce1.0v,typ,hbt_typ,27,8,1.0,0.93,1.854130e-02,20.118598,4.37622E+11,24.352900,1.912970
nx8_typ_27c_vce1.0v,typ,hbt_typ,27,8,1.0,0.95,2.319360e-02,25.166667,4.31513E+11,24.842400,1.954260
nx8_typ_27c_vce1.0v,typ,hbt_typ,27,8,1.0,0.97,2.821150e-02,30.611437,4.13649E+11,25.200300,2.029860
nx8_typ_27c_vce1.0v,typ,hbt_typ,27,8,1.0,0.99,3.355660e-02,36.411241,3.83352E+11,25.450500,2.142020
nx8_typ_27c_vce1.0v,typ,hbt_typ,27,8,1.0,1.01,3.919850e-02,42.533095,3.45222E+11,25.601700,2.293170
nx8_typ_27c_vce1.0v,typ,hbt_typ,27,8,1.0,1.03,4.509080e-02,48.926649,2.85418E+11,25.340800,2.488550
nx8_typ_27c_vce1.0v,typ,hbt_typ,27,8,1.0,1.05,5.088160e-02,55.210069,1.34491E+11,21.400800,2.776080
